"Species","Species Name","Scientific Name Authorship","Taxon Rank","Kingdom","Phylum","Class","Order","Family","Genus","Vernacular Name","Number of records","South Australia : Conservation Status","Tasmania : Conservation Status","Queensland : Conservation Status","EPBC Act Threatened Species","Victoria : Conservation Status","Northern Territory : Conservation Status","New South Wales : Conservation Status","Western Australia : Conservation status: Priority 4","Western Australia : Conservation status: Priority 3","Western Australia : Conservation status: Priority 2","Western Australia : Conservation status: Priority 1","Weeds of National Significance (WoNS) as at Feb. 2013","WA State Notifiable Pests","Key Australian weed species list (ABS)","VIC State Notifiable Pests"
"https://id.biodiversity.org.au/taxon/apni/51285996","Acacia pubescens","(Vent.) R.Br.","species","Plantae","Charophyta","Equisetopsida","Fabales","Fabaceae","Acacia","Downy Wattle","5048","","","","Vulnerable","","","Vulnerable","","","","","","","",""
"https://id.biodiversity.org.au/taxon/apni/51737689","Asparagus aethiopicus","L.","species","Plantae","Charophyta","Equisetopsida","Asparagales","Asparagaceae","Asparagus","Asparagus Fern","1093","","","","","","","","","","","","Y","","Y","Y"
"https://id.biodiversity.org.au/taxon/apni/51448660","Lantana camara","L.","species","Plantae","Charophyta","Equisetopsida","Lamiales","Verbenaceae","Lantana","Lantana","648","","","","","","","","","","","","Y","Y","Y",""
"https://id.biodiversity.org.au/taxon/apni/51742826","Chrysanthemoides monilifera","(L.) Norl.","species","Plantae","Charophyta","Equisetopsida","Asterales","Asteraceae","Chrysanthemoides","Boneseed","610","","","","","","","","","","","","","","",""
"https://id.biodiversity.org.au/node/apni/2915438","Cestrum parqui","L'Hér.","species","Plantae","Charophyta","Equisetopsida","Solanales","Solanaceae","Cestrum","Green Poison-berry","587","","","","","","","","","","","","","","",""
"https://id.biodiversity.org.au/node/apni/2890667","Alternanthera philoxeroides","(Mart.) Griseb.","species","Plantae","Charophyta","Equisetopsida","Caryophyllales","Amaranthaceae","Alternanthera","Alligator Weed","540","","","","","","","","","","","","Y","","Y",""
"https://id.biodiversity.org.au/taxon/apni/51689056","Leichhardtia viridiflora","(R.Br.) P.I.Forst.","species","Plantae","Charophyta","Equisetopsida","Gentianales","Apocynaceae","Leichhardtia","","461","","","","","","","","","","","","","","",""
"https://id.biodiversity.org.au/node/apni/2900262","Hibbertia puberula","Toelken","species","Plantae","Charophyta","Equisetopsida","","Dilleniaceae","Hibbertia","","431","","","","","","","Endangered","","","","","","","",""
"https://id.biodiversity.org.au/node/apni/2900893","Pimelea spicata","R.Br.","species","Plantae","Charophyta","Equisetopsida","Malvales","Thymelaeaceae","Pimelea","Spiked Rice-flower","327","","","","Endangered","","","Endangered","","","","","","","",""
"https://id.biodiversity.org.au/taxon/apni/51749236","Anredera cordifolia","(Ten.) Steenis","species","Plantae","Charophyta","Equisetopsida","Caryophyllales","Basellaceae","Anredera","Madeira Vine","327","","","","","","","","","","","","Y","","Y",""
"https://id.biodiversity.org.au/node/apni/2895458","Asparagus asparagoides","(L.) W.Wight","species","Plantae","Charophyta","Equisetopsida","Asparagales","Asparagaceae","Asparagus","Bridal Creeper","307","","","","","","","","","","","","Y","Y","Y","Y"
"https://id.biodiversity.org.au/node/apni/2904297","Pittosporum undulatum","Vent.","species","Plantae","Charophyta","Equisetopsida","Apiales","Pittosporaceae","Pittosporum","Sweet Pittosporum","278","","","","","","","","","","","","","","",""
"https://id.biodiversity.org.au/node/apni/2902574","Olea europaea","L.","species","Plantae","Charophyta","Equisetopsida","Lamiales","Oleaceae","Olea","Common Olive","259","","","","","","","","","","","","","","",""
"https://id.biodiversity.org.au/taxon/apni/51741635","Bidens pilosa","L.","species","Plantae","Charophyta","Equisetopsida","Asterales","Asteraceae","Bidens","Cobbler's Pegs","239","","","","","","","","","","","","","","",""
"https://id.biodiversity.org.au/node/apni/2916956","Microlaena stipoides","(Labill.) R.Br.","species","Plantae","Charophyta","Equisetopsida","Poales","Poaceae","Microlaena","Weeping Grass","232","","","","","","","","","","","","","","",""
"https://id.biodiversity.org.au/node/apni/2894403","Hardenbergia violacea","(Schneev.) Stearn","species","Plantae","Charophyta","Equisetopsida","Fabales","Fabaceae","Hardenbergia","Native Lilac","227","","Endangered","","","","","","","","","","","","",""
"https://id.biodiversity.org.au/taxon/apni/51442338","Bursaria spinosa","Cav.","species","Plantae","Charophyta","Equisetopsida","Apiales","Pittosporaceae","Bursaria","Sweet Native Blackthorn","208","","","","","","","","","","","","","","",""
"https://id.biodiversity.org.au/node/apni/2911051","Ehrharta erecta","Lam.","species","Plantae","Charophyta","Equisetopsida","Poales","Poaceae","Ehrharta","Panic Veldt-grass","200","","","","","","","","","","","","","","",""
"https://id.biodiversity.org.au/taxon/apni/51770501","Acacia decurrens","Willd.","species","Plantae","Charophyta","Equisetopsida","Fabales","Fabaceae","Acacia","Early Black-wattle","194","","","","","","","","","","","","","","",""
"https://id.biodiversity.org.au/node/apni/2909922","Sida rhombifolia","L.","species","Plantae","Charophyta","Equisetopsida","Malvales","Malvaceae","Sida","Jelly Leaf","191","","","","","","","","","","","","","","",""
"https://id.biodiversity.org.au/node/apni/2897514","Araujia sericifera","Brot.","species","Plantae","Charophyta","Equisetopsida","Gentianales","Apocynaceae","Araujia","White Bladder-flower","189","","","","","","","","","","","","","","",""
"https://id.biodiversity.org.au/node/apni/2899343","Plantago lanceolata","L.","species","Plantae","Charophyta","Equisetopsida","Lamiales","Plantaginaceae","Plantago","Ribwort","183","","","","","","","","","","","","","","",""
"https://id.biodiversity.org.au/name/apni/85694","Rubus fruticosus","L.","species","Plantae","Charophyta","Equisetopsida","Rosales","Rosaceae","Rubus","Blackberry","180","","","","","","","","","","","","Y","","Y",""
"https://id.biodiversity.org.au/node/apni/2903107","Senecio madagascariensis","Poir.","species","Plantae","Charophyta","Equisetopsida","Asterales","Asteraceae","Senecio","Fireweed","177","","","","","","","","","","","","Y","","Y",""
"https://id.biodiversity.org.au/node/apni/2909389","Ludwigia peruviana","(L.) H.Hara","species","Plantae","Charophyta","Equisetopsida","Myrtales","Onagraceae","Ludwigia","","174","","","","","","","","","","","","","","",""
"https://id.biodiversity.org.au/node/apni/2893120","Casuarina glauca","Sieber ex Spreng.","species","Plantae","Charophyta","Equisetopsida","Fagales","Casuarinaceae","Casuarina","Swamp Oak","171","","","","","","","","","","","","","","",""
"https://id.biodiversity.org.au/node/apni/2895205","Lomandra longifolia","Labill.","species","Plantae","Charophyta","Equisetopsida","Asparagales","Asparagaceae","Lomandra","Spiny-headed Mat-rush","171","","","","","","","","","","","","","","",""
"https://id.biodiversity.org.au/node/apni/2890981","Ochna serrulata","(Hochst.) Walp.","species","Plantae","Charophyta","Equisetopsida","Malpighiales","Ochnaceae","Ochna","Ochna","159","","","","","","","","","","","","","","",""
"https://id.biodiversity.org.au/node/apni/2895772","Sonchus oleraceus","L.","species","Plantae","Charophyta","Equisetopsida","Asterales","Asteraceae","Sonchus","Common Sow-thistle","153","","","","","","","","","","","","","","",""
"https://id.biodiversity.org.au/node/apni/2901102","Melaleuca nodosa","(Sol. ex Gaertn.) Sm.","species","Plantae","Charophyta","Equisetopsida","Myrtales","Myrtaceae","Melaleuca","Pricklyleaf Paperbark","152","","","","","","","","","","","","","","",""
"https://id.biodiversity.org.au/node/apni/2915319","Cynodon dactylon","(L.) Pers.","species","Plantae","Charophyta","Equisetopsida","Poales","Poaceae","Cynodon","Couch","150","","","","","","","","","","","","","","",""
"https://id.biodiversity.org.au/node/apni/2891059","Ligustrum sinense","Lour.","species","Plantae","Charophyta","Equisetopsida","Lamiales","Oleaceae","Ligustrum","Small-leaved Privet","148","","","","","","","","","","","","","","",""
"https://id.biodiversity.org.au/taxon/apni/51433812","Tradescantia fluminensis","Vell.","species","Plantae","Charophyta","Equisetopsida","Commelinales","Commelinaceae","Tradescantia","Wandering Jew","146","","","","","","","","","","","","","","",""
"https://id.biodiversity.org.au/node/apni/2886624","Ozothamnus diosmifolius","(Vent.) DC.","species","Plantae","Charophyta","Equisetopsida","Asterales","Asteraceae","Ozothamnus","White Dogwood","143","","","","","","","","","","","","","","",""
"https://id.biodiversity.org.au/taxon/apni/51439559","Angophora costata","(Gaertn.) Britten","species","Plantae","Charophyta","Equisetopsida","Myrtales","Myrtaceae","Angophora","Sydney Red Gum","143","","","","","","","","","","","","","","",""
"https://id.biodiversity.org.au/taxon/apni/51433167","Einadia hastata","(R.Br.) A.J.Scott","species","Plantae","Charophyta","Equisetopsida","Caryophyllales","Chenopodiaceae","Einadia","Saloop","142","","","","","","","","","","","","","","",""
"https://id.biodiversity.org.au/node/apni/2886410","Dichondra repens","J.R.Forst. & G.Forst.","species","Plantae","Charophyta","Equisetopsida","Solanales","Convolvulaceae","Dichondra","Kidney-weed","137","","","","","","","","","","","","","","",""
"https://id.biodiversity.org.au/taxon/apni/51286955","Acacia longifolia","(Andrews) Willd.","species","Plantae","Charophyta","Equisetopsida","Fabales","Fabaceae","Acacia","Sallow Wattle","135","","","","","","","","","","","","","","",""
"https://id.biodiversity.org.au/node/apni/2888864","Paspalum dilatatum","Poir.","species","Plantae","Charophyta","Equisetopsida","Poales","Poaceae","Paspalum","Paspalum","132","","","","","","","","","","","","","","",""
"https://id.biodiversity.org.au/node/apni/2906135","Grevillea sericea","(Sm.) R.Br.","species","Plantae","Charophyta","Equisetopsida","Proteales","Proteaceae","Grevillea","Pink Spider Flower","132","","","","","","","","","","","","","","",""
"https://id.biodiversity.org.au/taxon/apni/51289954","Eucalyptus moluccana","Roxb.","species","Plantae","Charophyta","Equisetopsida","Myrtales","Myrtaceae","Eucalyptus","Gum-topped Box","131","","","","","Critically Endangered","","","Rare, Near Threatened","","Poorly-known species","Poorly-known species","","","",""
"https://id.biodiversity.org.au/taxon/apni/51782036","Eucalyptus fibrosa","F.Muell.","species","Plantae","Charophyta","Equisetopsida","Myrtales","Myrtaceae","Eucalyptus","Red Ironbark","129","","","","","Critically Endangered","","","Rare, Near Threatened","","Poorly-known species","Poorly-known species","","","",""
"https://id.biodiversity.org.au/node/apni/2887006","Ligustrum lucidum","W.T.Aiton","species","Plantae","Charophyta","Equisetopsida","Lamiales","Oleaceae","Ligustrum","Large-leaved Privet","128","","","","","","","","","","","","","","",""
"https://id.biodiversity.org.au/node/apni/2899921","Avicennia marina","(Forssk.) Vierh.","species","Plantae","Charophyta","Equisetopsida","Lamiales","Acanthaceae","Avicennia","White Mangrove","128","","","","","","","","","","","","","","",""
"https://id.biodiversity.org.au/taxon/apni/51286005","Acacia terminalis","(Salisb.) J.F.Macbr.","species","Plantae","Charophyta","Equisetopsida","Fabales","Fabaceae","Acacia","Sunshine Wattle","128","","","","","","","","","","","","","","",""
"https://id.biodiversity.org.au/node/apni/2902145","Cenchrus clandestinus","(Hochst. ex Chiov.) Morrone","species","Plantae","Charophyta","Equisetopsida","Poales","Poaceae","Cenchrus","Kikuyu","121","","","","","","","","","","","","","","",""
"https://id.biodiversity.org.au/taxon/apni/51291519","Themeda triandra","Forssk.","species","Plantae","Charophyta","Equisetopsida","Poales","Poaceae","Themeda","Kangaroo Grass","119","","","","","","","","","","","","","","",""
"https://id.biodiversity.org.au/node/apni/2907350","Acacia ulicifolia","(Salisb.) Court","species","Plantae","Charophyta","Equisetopsida","Fabales","Fabaceae","Acacia","Prickly Moses","117","","Near Threatened","","","","","","","","","","","","",""
"https://id.biodiversity.org.au/taxon/apni/51268348","Cirsium vulgare","(Savi) Ten.","species","Plantae","Charophyta","Equisetopsida","Asterales","Asteraceae","Cirsium","Spear Thistle","116","","","","","","","","","","","","","","",""
"https://id.biodiversity.org.au/taxon/apni/51437654","Dianella caerulea","Sims","species","Plantae","Charophyta","Equisetopsida","Asparagales","Hemerocallidaceae","Dianella","Paroo Lily","116","","","","","","","","","","","","","","",""
"https://id.biodiversity.org.au/node/apni/2907368","Hypochaeris radicata","L.","species","Plantae","Charophyta","Equisetopsida","Asterales","Asteraceae","Hypochaeris","Rough Cat's Ear","115","","","","","","","","","","","","","","",""
"https://id.biodiversity.org.au/node/apni/2914773","Melaleuca decora","(Salisb.) Britten","species","Plantae","Charophyta","Equisetopsida","Myrtales","Myrtaceae","Melaleuca","Paper Bark","115","","","","","","","","","","","","","","",""
"https://id.biodiversity.org.au/name/apni/103319","Asparagus densiflorus","(Kunth) Jessop","species","Plantae","Charophyta","Equisetopsida","Asparagales","Asparagaceae","Asparagus","","114","","","","","","","","","","","","","","","Y"
"https://id.biodiversity.org.au/node/apni/2914881","Modiola caroliniana","(L.) G.Don","species","Plantae","Charophyta","Equisetopsida","Malvales","Malvaceae","Modiola","Red-flowered Mallow","114","","","","","","","","","","","","","","",""
"https://id.biodiversity.org.au/taxon/apni/51770573","Acacia parramattensis","Tindale","species","Plantae","Charophyta","Equisetopsida","Fabales","Fabaceae","Acacia","Parramatta Wattle","114","","","","","","","","","","","","","","",""
"https://id.biodiversity.org.au/node/apni/2886431","Entolasia stricta","(R.Br.) Hughes","species","Plantae","Charophyta","Equisetopsida","Poales","Poaceae","Entolasia","Wiry Panic","113","","","","","","","","","","","","","","",""
"https://id.biodiversity.org.au/node/apni/2889922","Eragrostis curvula","(Schrad.) Nees","species","Plantae","Charophyta","Equisetopsida","Poales","Poaceae","Eragrostis","African Love-grass","112","","","","","","","","","","","","","","",""
"https://id.biodiversity.org.au/node/apni/2912741","Solanum nigrum","L.","species","Plantae","Charophyta","Equisetopsida","Solanales","Solanaceae","Solanum","Black Nightshade","111","","","","","","","","","","","","","","",""
"https://id.biodiversity.org.au/taxon/apni/51440747","Eucalyptus tereticornis","Sm.","species","Plantae","Charophyta","Equisetopsida","Myrtales","Myrtaceae","Eucalyptus","Forest Red Gum","111","","","","","Critically Endangered","","","Rare, Near Threatened","","Poorly-known species","Poorly-known species","","","",""
"https://id.biodiversity.org.au/node/apni/2908730","Asparagus africanus","Lam.","species","Plantae","Charophyta","Equisetopsida","Asparagales","Asparagaceae","Asparagus","Ornamental Asparagus","109","","","","","","","","","","","","Y","","","Y"
"https://id.biodiversity.org.au/node/apni/2914044","Pimelea linifolia","Sm.","species","Plantae","Charophyta","Equisetopsida","Malvales","Thymelaeaceae","Pimelea","Slender Rice Flower","109","","","","","","","","","","","","","","",""
"https://id.biodiversity.org.au/node/apni/2904374","Acacia suaveolens","(Sm.) Willd.","species","Plantae","Charophyta","Equisetopsida","Fabales","Fabaceae","Acacia","Sweet Wattle","108","Vulnerable","","","","","","","","","","","","","",""
"https://id.biodiversity.org.au/taxon/apni/51267054","Asparagus plumosus","Baker","species","Plantae","Charophyta","Equisetopsida","Asparagales","Asparagaceae","Asparagus","Ferny Climbing Asparagus Fern","108","","","","","","","","","","","","Y","","","Y"
"https://id.biodiversity.org.au/node/apni/7931274","Banksia spinulosa","Sm.","species","Plantae","Charophyta","Equisetopsida","Proteales","Proteaceae","Banksia","Hairpin Banksia","107","","","","","","","","","","","","","","",""
"https://id.biodiversity.org.au/node/apni/2898882","Acacia falcata","Willd.","species","Plantae","Charophyta","Equisetopsida","Fabales","Fabaceae","Acacia","Sickle Wattle","106","","","","","","","","","","","","","","",""
"https://id.biodiversity.org.au/node/apni/2911572","Jacaranda mimosifolia","D.Don","species","Plantae","Charophyta","Equisetopsida","Lamiales","Bignoniaceae","Jacaranda","Jacaranda","106","","","","","","","","","","","","","","",""
"https://id.biodiversity.org.au/node/apni/2907916","Commelina cyanea","R.Br.","species","Plantae","Charophyta","Equisetopsida","Commelinales","Commelinaceae","Commelina","Scurvy Weed","105","","","","","Critically Endangered","","","","","","","","","",""
"https://id.biodiversity.org.au/taxon/apni/51269199","Pandorea pandorana","(Andrews) Steenis","species","Plantae","Charophyta","Equisetopsida","Lamiales","Bignoniaceae","Pandorea","Wonga Vine","104","","Near Threatened","","","","","","","","","","","","",""
"https://id.biodiversity.org.au/node/apni/2901308","Setaria parviflora","(Poir.) Kerguelen","species","Plantae","Charophyta","Equisetopsida","Poales","Poaceae","Setaria","Slender Pigeon Grass","102","","","","","","","","","","","","","","",""
"https://id.biodiversity.org.au/node/apni/2892672","Dodonaea triquetra","J.C.Wendl.","species","Plantae","Charophyta","Equisetopsida","Sapindales","Sapindaceae","Dodonaea","Large-leaf Hop-bush","100","","","","","","","","","","","","","","",""
"https://id.biodiversity.org.au/taxon/apni/51770892","Glycine clandestina","J.C.Wendl.","species","Plantae","Charophyta","Equisetopsida","Fabales","Fabaceae","Glycine","Twining Glycine","99","","","","","","","","","","","","","","",""
"https://id.biodiversity.org.au/node/apni/2894705","Nassella neesiana","(Trin. & Rupr.) Barkworth","species","Plantae","Charophyta","Equisetopsida","Poales","Poaceae","Nassella","Chilean Needle Grass","97","","","","","","","","","","","","Y","","Y",""
"https://id.biodiversity.org.au/node/apni/2912378","Wahlenbergia gracilis","(G.Forst.) A.DC.","species","Plantae","Charophyta","Equisetopsida","Asterales","Campanulaceae","Wahlenbergia","Australian Bluebell","96","","","","","","","","","","","","","","",""
"https://id.biodiversity.org.au/node/apni/2897021","Polyscias sambucifolia","(Sieber ex DC.) Harms","species","Plantae","Charophyta","Equisetopsida","Apiales","Araliaceae","Polyscias","Elderberry Panax","95","","","","","","","","","","","","","","",""
"https://id.biodiversity.org.au/node/apni/2903018","Cinnamomum camphora","(L.) J.Presl","species","Plantae","Charophyta","Equisetopsida","Laurales","Lauraceae","Cinnamomum","Camphor Laurel","95","","","","","","","","","","","","","","",""
"https://id.biodiversity.org.au/node/apni/2887455","Lobelia purpurascens","R.Br.","species","Plantae","Charophyta","Equisetopsida","Asterales","Campanulaceae","Lobelia","White Root","94","","","","","Endangered","","","","","","","","","",""
"https://id.biodiversity.org.au/taxon/apni/51786491","Notelaea longifolia","Vent.","species","Plantae","Charophyta","Equisetopsida","Lamiales","Oleaceae","Notelaea","Large Mock-olive","94","","","","","","","","","","","","","","",""
"https://id.biodiversity.org.au/node/apni/2895891","Hakea sericea","Schrad. & J.C.Wendl.","species","Plantae","Charophyta","Equisetopsida","Proteales","Proteaceae","Hakea","White Hakea","93","","","","","","","","","","","","","","",""
"https://id.biodiversity.org.au/node/apni/2904154","Cardiospermum grandiflorum","Sw.","species","Plantae","Charophyta","Equisetopsida","Sapindales","Sapindaceae","Cardiospermum","Balloon Vine","93","","","","","","","","","","","","","","",""
"https://id.biodiversity.org.au/node/apni/2889275","Senna pendula","(Humb. & Bonpl. ex Willd.) H.S.Irwin & Barneby","species","Plantae","Charophyta","Equisetopsida","Fabales","Fabaceae","Senna","","92","","","","","","","","","","","","","","",""
"https://id.biodiversity.org.au/node/apni/2911261","Aristida vagans","Cav.","species","Plantae","Charophyta","Equisetopsida","Poales","Poaceae","Aristida","Threeawn Speargrass","92","","","","","","","","","","","","","","",""
"https://id.biodiversity.org.au/taxon/apni/51782302","Kunzea ambigua","(Sm.) Druce","species","Plantae","Charophyta","Equisetopsida","Myrtales","Myrtaceae","Kunzea","Tick Bush","91","","","","","","","","","","","","","","",""
"https://id.biodiversity.org.au/node/apni/2889383","Kennedia rubicunda","(Schneev.) Vent.","species","Plantae","Charophyta","Equisetopsida","Fabales","Fabaceae","Kennedia","Red Kennedy Pea","90","","","","","","","","","","","","","","",""
"https://id.biodiversity.org.au/taxon/apni/51763684","Pteridium esculentum","(G.Forst.) Cockayne","species","Plantae","Charophyta","Equisetopsida","Polypodiales","Dennstaedtiaceae","Pteridium","Common Bracken","90","","","","","","","","","","","","","","",""
"https://id.biodiversity.org.au/node/apni/2897829","Verbena bonariensis","L.","species","Plantae","Charophyta","Equisetopsida","Lamiales","Verbenaceae","Verbena","Purpletop","89","","","","","","","","","","","","","","",""
"https://id.biodiversity.org.au/taxon/apni/51773770","Dianella longifolia","R.Br.","species","Plantae","Charophyta","Equisetopsida","Asparagales","Hemerocallidaceae","Dianella","Blueberry Lily","88","","","","","","","","","","","","","","",""
"https://id.biodiversity.org.au/node/apni/2896580","Eucalyptus punctata","DC.","species","Plantae","Charophyta","Equisetopsida","Myrtales","Myrtaceae","Eucalyptus","Grey Gum","87","","","","","Critically Endangered","","","Rare, Near Threatened","","Poorly-known species","Poorly-known species","","","",""
"https://id.biodiversity.org.au/node/apni/2909052","Dichelachne micrantha","(Cav.) Domin","species","Plantae","Charophyta","Equisetopsida","Poales","Poaceae","Dichelachne","Small-seed Plume-grass","86","","","","","","","","","","","","","","",""
"https://id.biodiversity.org.au/node/apni/5288002","Eucalyptus longifolia","Link","species","Plantae","Charophyta","Equisetopsida","Myrtales","Myrtaceae","Eucalyptus","Woollybutt","86","","","","","Critically Endangered","","","Rare, Near Threatened","","Poorly-known species","Poorly-known species","","","",""
"https://id.biodiversity.org.au/node/apni/2898881","Breynia oblongifolia","(Müll.Arg.) Müll.Arg.","species","Plantae","Charophyta","Equisetopsida","Malpighiales","Phyllanthaceae","Breynia","Coffee Bush","85","","","","","","","","","","","","","","",""
"https://id.biodiversity.org.au/node/apni/2915642","Elaeocarpus reticulatus","Sm.","species","Plantae","Charophyta","Equisetopsida","Oxalidales","Elaeocarpaceae","Elaeocarpus","Blueberry Ash","85","","Near Threatened","","","","","","","","","","","","",""
"https://id.biodiversity.org.au/node/apni/2901931","Phragmites australis","(Cav.) Trin. ex Steud.","species","Plantae","Charophyta","Equisetopsida","Poales","Poaceae","Phragmites","Common Reed","84","","","","","","","","","","","","","","",""
"https://id.biodiversity.org.au/node/apni/7572386","Eucalyptus baueriana","Schauer","species","Plantae","Charophyta","Equisetopsida","Myrtales","Myrtaceae","Eucalyptus","Blue Box","84","","","","","Critically Endangered","","","Rare, Near Threatened","","Poorly-known species","Poorly-known species","","","",""
"https://id.biodiversity.org.au/node/apni/2888627","Lomandra filiformis","(Thunb.) Britten","species","Plantae","Charophyta","Equisetopsida","Asparagales","Asparagaceae","Lomandra","Lomandra","83","","","","","","","","","","","","","","",""
"https://id.biodiversity.org.au/node/apni/6881039","Tetragonia tetragonoides","(Pall.) Kuntze","species","Plantae","Charophyta","Equisetopsida","Caryophyllales","Aizoaceae","Tetragonia","New Zealand Spinach","83","","","","","","","","","","","","","","",""
"https://id.biodiversity.org.au/node/apni/8507720","Dillwynia retorta","(J.C.Wendl.) Druce","species","Plantae","Charophyta","Equisetopsida","Fabales","Fabaceae","Dillwynia","","82","","","","","","","","","","","","","","",""
"https://id.biodiversity.org.au/node/apni/2902322","Dillwynia sieberi","Steud.","species","Plantae","Charophyta","Equisetopsida","Fabales","Fabaceae","Dillwynia","Sieber's Parrot-pea","81","","","","","Vulnerable","","","","","","","","","",""
"https://id.biodiversity.org.au/taxon/apni/51285791","Glycine tabacina","(Labill.) Benth.","species","Plantae","Charophyta","Equisetopsida","Fabales","Fabaceae","Glycine","Variable Glycine","81","Vulnerable","","","","","","","","","","","","","",""
"https://id.biodiversity.org.au/taxon/apni/51782566","Syncarpia glomulifera","(Sm.) Nied.","species","Plantae","Charophyta","Equisetopsida","Myrtales","Myrtaceae","Syncarpia","Turpentine","80","","","","","","","","","","","","","","",""
"https://id.biodiversity.org.au/taxon/apni/51431568","Lomandra multiflora","(R.Br.) Britten","species","Plantae","Charophyta","Equisetopsida","Asparagales","Asparagaceae","Lomandra","Lomandra","79","","","","","","","","","","","","","","",""
"https://id.biodiversity.org.au/taxon/apni/51445936","Cheilanthes sieberi","Kunze","species","Plantae","Charophyta","Equisetopsida","","Pteridaceae","Cheilanthes","Rock Fern","79","","","","","","","","","","","","","","",""
"https://id.biodiversity.org.au/taxon/apni/51770334","Daviesia ulicifolia","Andrews","species","Plantae","Charophyta","Equisetopsida","Fabales","Fabaceae","Daviesia","Gorse Bitter-pea","79","","","","","","","","","","","","","","",""
"https://id.biodiversity.org.au/node/apni/2895645","Actinotus helianthi","Labill.","species","Plantae","Charophyta","Equisetopsida","Apiales","Apiaceae","Actinotus","Flannel Flower","77","","","","","","","","","","","","","","",""
"https://id.biodiversity.org.au/node/apni/2899160","Indigofera australis","Willd.","species","Plantae","Charophyta","Equisetopsida","Fabales","Fabaceae","Indigofera","Australian Indigo","77","","","","","","","","","","","","","","",""
"https://id.biodiversity.org.au/node/apni/2920609","Lambertia formosa","Sm.","species","Plantae","Charophyta","Equisetopsida","Proteales","Proteaceae","Lambertia","Mountain Devil","77","","","","","","","","","","","","","","",""
"https://id.biodiversity.org.au/taxon/apni/51767868","Styphelia sieberi","(DC.) Hislop, Crayn & Puente-Lel.","species","Plantae","Charophyta","Equisetopsida","Ericales","Ericaceae","Styphelia","Long-flower Beard-heath","76","","","","","","","","","","","","","","",""
"https://id.biodiversity.org.au/node/apni/2904979","Xanthosia pilosa","Rudge","species","Plantae","Charophyta","Equisetopsida","Apiales","Apiaceae","Xanthosia","Woolly Xanthosia","75","","","","","","","","","","","","","","",""
"https://id.biodiversity.org.au/node/apni/2906316","Acacia linifolia","(Vent.) Willd.","species","Plantae","Charophyta","Equisetopsida","Fabales","Fabaceae","Acacia","White Wattle","75","","","","","","","","","","","","","","",""
"https://id.biodiversity.org.au/node/apni/2913346","Aegiceras corniculatum","(L.) Blanco","species","Plantae","Charophyta","Equisetopsida","Ericales","Primulaceae","Aegiceras","River Mangrove","75","","","","","","","","","","","","","","",""
"https://id.biodiversity.org.au/taxon/apni/51291710","Rumex sagittatus","Thunb.","species","Plantae","Charophyta","Equisetopsida","Caryophyllales","Polygonaceae","Rumex","Rambling Dock","74","","","","","","","","","","","","","","",""
"https://id.biodiversity.org.au/node/apni/2914099","Exocarpos cupressiformis","Labill.","species","Plantae","Charophyta","Equisetopsida","Santalales","Santalaceae","Exocarpos","Native Cherry","73","","","","","","","","","","","","","","",""
"https://id.biodiversity.org.au/node/apni/6986247","Erigeron bonariensis","L.","species","Plantae","Charophyta","Equisetopsida","Asterales","Asteraceae","Erigeron","Flaxleaf Fleabane","73","","","","","","","","","","","","","","",""
"https://id.biodiversity.org.au/node/apni/2894326","Melia azedarach","L.","species","Plantae","Charophyta","Equisetopsida","Sapindales","Meliaceae","Melia","White Cedar","72","","","","","","","","","","","","","","",""
"https://id.biodiversity.org.au/node/apni/2899453","Lepidosperma laterale","R.Br.","species","Plantae","Charophyta","Equisetopsida","Poales","Cyperaceae","Lepidosperma","Tall Sword-sedge","72","","","","","","","","","","","","","","",""
"https://id.biodiversity.org.au/node/apni/2898628","Bromus catharticus","Vahl","species","Plantae","Charophyta","Equisetopsida","Poales","Poaceae","Bromus","Prairie Grass","70","","","","","","","","","","","","","","",""
"https://id.biodiversity.org.au/node/apni/2920199","Persoonia levis","(Cav.) Domin","species","Plantae","Charophyta","Equisetopsida","Proteales","Proteaceae","Persoonia","Broad-leaved Geebung","70","","","","","Endangered","","","","","","","","","",""
"https://id.biodiversity.org.au/taxon/apni/51293610","Banksia serrata","L.f.","species","Plantae","Charophyta","Equisetopsida","Proteales","Proteaceae","Banksia","Saw Old-man Banksia","69","","Near Threatened","","","","","","","","","","","","",""
"https://id.biodiversity.org.au/node/apni/2887355","Melaleuca styphelioides","Sm.","species","Plantae","Charophyta","Equisetopsida","Myrtales","Myrtaceae","Melaleuca","Prickly-leaved Tea Tree","68","","","","","","","","","","","","","","",""
"https://id.biodiversity.org.au/node/apni/2896896","Opuntia monacantha","Haw.","species","Plantae","Charophyta","Equisetopsida","Caryophyllales","Cactaceae","Opuntia","Drooping Prickly Pear","68","","","","","","","","","","","","Y","Y","",""
"https://id.biodiversity.org.au/taxon/apni/51741727","Ageratina adenophora","(Spreng.) R.M.King & H.Rob.","species","Plantae","Charophyta","Equisetopsida","Asterales","Asteraceae","Ageratina","Crofton Weed","68","","","","","","","","","","","","","","",""
"https://id.biodiversity.org.au/node/apni/2896366","Isopogon anemonifolius","(Salisb.) Knight","species","Plantae","Charophyta","Equisetopsida","Proteales","Proteaceae","Isopogon","Broad-leaf Drumsticks","67","","","","","","","","","","","","","","",""
"https://id.biodiversity.org.au/node/apni/2906147","Ceratopetalum gummiferum","Sm.","species","Plantae","Charophyta","Equisetopsida","Oxalidales","Cunoniaceae","Ceratopetalum","Christmas Bush","67","","","","","","","","","","","","","","",""
"https://id.biodiversity.org.au/taxon/apni/51614244","Senecio hispidulus","A.Rich.","species","Plantae","Charophyta","Equisetopsida","Asterales","Asteraceae","Senecio","Rough Fireweed","66","","","","","","","","","","","","","","",""
"https://id.biodiversity.org.au/node/apni/2906157","Brunoniella australis","(Cav.) Bremek.","species","Plantae","Charophyta","Equisetopsida","Lamiales","Acanthaceae","Brunoniella","Blue Trumpet","65","","","","","","","","","","","","","","",""
"https://id.biodiversity.org.au/taxon/apni/51772307","Goodenia hederacea","Sm.","species","Plantae","Charophyta","Equisetopsida","Asterales","Goodeniaceae","Goodenia","Ivy Goodenia","64","","","","","","","","","","","Poorly-known species","","","",""
"https://id.biodiversity.org.au/node/apni/2894269","Oxalis perennans","Haw.","species","Plantae","Charophyta","Equisetopsida","Oxalidales","Oxalidaceae","Oxalis","Native Sorrel","62","","","","","","","","","","","","","","",""
"https://id.biodiversity.org.au/node/apni/2896389","Juncus usitatus","L.A.S.Johnson","species","Plantae","Charophyta","Equisetopsida","Poales","Juncaceae","Juncus","Common Rush","62","","","","","","","","","","","","","","",""
"https://id.biodiversity.org.au/node/apni/2899865","Entolasia marginata","(R.Br.) Hughes","species","Plantae","Charophyta","Equisetopsida","Poales","Poaceae","Entolasia","Bordered Panic","62","","","","","","","","","","","","","","",""
"https://id.biodiversity.org.au/taxon/apni/51788521","Dianella revoluta","R.Br.","species","Plantae","Charophyta","Equisetopsida","Asparagales","Hemerocallidaceae","Dianella","Blueberry Lily","62","","","","","","","","","","","","","","",""
"https://id.biodiversity.org.au/node/apni/2912712","Persoonia linearis","Andrews","species","Plantae","Charophyta","Equisetopsida","Proteales","Proteaceae","Persoonia","Narrow-leaved Geebung","60","","","","","","","","","","","","","","",""
"https://id.biodiversity.org.au/node/apni/2890804","Passiflora morifolia","Mast.","species","Plantae","Charophyta","Equisetopsida","Malpighiales","Passifloraceae","Passiflora","","59","","","","","","","","","","","","","","",""
"https://id.biodiversity.org.au/node/apni/2893800","Epacris longiflora","Cav.","species","Plantae","Charophyta","Equisetopsida","Ericales","Ericaceae","Epacris","Fuchsia Heath","59","","","","","","","","","","","","","","",""
"https://id.biodiversity.org.au/node/apni/2898173","Banksia undata","A.R.Mast & K.R.Thiele","species","Plantae","Charophyta","Equisetopsida","Proteales","Proteaceae","Banksia","","59","","","","","","","","","","","","","","",""
"https://id.biodiversity.org.au/node/apni/2905853","Bryophyllum delagoense","(Eckl. & Zeyh.) Schinz","species","Plantae","Charophyta","Equisetopsida","Saxifragales","Crassulaceae","Bryophyllum","Mother Of Millions","58","","","","","","","","","","","","","","",""
"https://id.biodiversity.org.au/node/apni/2916127","Angophora floribunda","(Sm.) Sweet","species","Plantae","Charophyta","Equisetopsida","Myrtales","Myrtaceae","Angophora","Rough-barked Apple","58","","","","","Endangered","","","","","","","","","",""
"https://id.biodiversity.org.au/node/apni/2910137","Billardiera scandens","Sm.","species","Plantae","Charophyta","Equisetopsida","Apiales","Pittosporaceae","Billardiera","Common Apple-berry","56","Rare","","","","Endangered","","","","","","","","","",""
"https://id.biodiversity.org.au/taxon/apni/51439703","Corymbia gummifera","(Gaertn.) K.D.Hill & L.A.S.Johnson","species","Plantae","Charophyta","Equisetopsida","Myrtales","Myrtaceae","Corymbia","Red Bloodwood","56","","","","","Vulnerable","","","","","","","","","",""
"https://id.biodiversity.org.au/node/apni/2909697","Trifolium repens","L.","species","Plantae","Charophyta","Equisetopsida","Fabales","Fabaceae","Trifolium","White Clover","55","","","","","","","","","","","","","","",""
"https://id.biodiversity.org.au/node/apni/7698404","Melaleuca linariifolia","Sm.","species","Plantae","Charophyta","Equisetopsida","Myrtales","Myrtaceae","Melaleuca","Snow-in Summer","55","","","","","","","","","","","","","","",""
"https://id.biodiversity.org.au/node/apni/2912267","Opercularia diphylla","Gaertn.","species","Plantae","Charophyta","Equisetopsida","Gentianales","Rubiaceae","Opercularia","Stinkweed","54","","","","","","","","","","","","","","",""
"https://id.biodiversity.org.au/node/apni/6923911","Centella asiatica","(L.) Urb.","species","Plantae","Charophyta","Equisetopsida","Apiales","Apiaceae","Centella","Indian Pennywort","54","","","","","","","","","","","","","","",""
"https://id.biodiversity.org.au/node/apni/7770909","Oplismenus hirtellus","(L.) P.Beauv.","species","Plantae","Charophyta","Equisetopsida","Poales","Poaceae","Oplismenus","Oplismenus","54","","","","","","","","","","","Poorly-known species","","","",""
"https://id.biodiversity.org.au/taxon/apni/51447742","Solanum americanum","Mill.","species","Plantae","Charophyta","Equisetopsida","Solanales","Solanaceae","Solanum","Solanum","54","","","","","","","","","","","","","","",""
"https://id.biodiversity.org.au/node/apni/2901583","Smilax glyciphylla","J.White","species","Plantae","Charophyta","Equisetopsida","Liliales","Smilacaceae","Smilax","Sweet Sarsaparilla","53","","","","","","","","","","","","","","",""
"https://id.biodiversity.org.au/node/apni/2907274","Pittosporum revolutum","W.T.Aiton","species","Plantae","Charophyta","Equisetopsida","Apiales","Pittosporaceae","Pittosporum","Yellow Pittosporum","53","","","","","Endangered","","","","","","","","","",""
"https://id.biodiversity.org.au/taxon/apni/51781701","Callistemon linearis","(Schrad. & J.C.Wendl.) Colvill ex Sweet","species","Plantae","Charophyta","Equisetopsida","Myrtales","Myrtaceae","Callistemon","Stiff Bottlebrush","53","","","","","","","","","","","","","","",""
"https://id.biodiversity.org.au/node/apni/2899127","Eucalyptus pilularis","Sm.","species","Plantae","Charophyta","Equisetopsida","Myrtales","Myrtaceae","Eucalyptus","Blackbutt","52","","","","","Critically Endangered","","","Rare, Near Threatened","","Poorly-known species","Poorly-known species","","","",""
"https://id.biodiversity.org.au/node/apni/2907868","Pultenaea villosa","Willd.","species","Plantae","Charophyta","Equisetopsida","Fabales","Fabaceae","Pultenaea","Hairy Bush Pea","52","","","","","","","","","","","","","","",""
"https://id.biodiversity.org.au/node/apni/2914400","Cymbopogon refractus","(R.Br.) A.Camus","species","Plantae","Charophyta","Equisetopsida","Poales","Poaceae","Cymbopogon","Barbed-wire Grass","52","","","","","","","","","","","","","","",""
"https://id.biodiversity.org.au/taxon/apni/51773815","Limnobium laevigatum","(Humb. & Bonpl. ex Willd.) Heine","species","Plantae","Charophyta","Equisetopsida","Alismatales","Hydrocharitaceae","Limnobium","Amazon Frogbit","52","","","","","","","","","","","","","","",""
"https://id.biodiversity.org.au/taxon/apni/51433033","Allocasuarina littoralis","(Salisb.) L.A.S.Johnson","species","Plantae","Charophyta","Equisetopsida","Fagales","Casuarinaceae","Allocasuarina","Black Sheoak","51","","","","","","","","","","","","","","",""
"https://id.biodiversity.org.au/taxon/apni/51445405","Grevillea mucronulata","R.Br.","species","Plantae","Charophyta","Equisetopsida","Proteales","Proteaceae","Grevillea","Green Grevillea","51","","","","","","","","","","","","","","",""
"https://id.biodiversity.org.au/node/apni/2902553","Pseuderanthemum variabile","(R.Br.) Radlk.","species","Plantae","Charophyta","Equisetopsida","Lamiales","Acanthaceae","Pseuderanthemum","Pastel Flower","50","","","","","","","","","","","","","","",""
"https://id.biodiversity.org.au/node/apni/2906517","Myrsine variabilis","R.Br.","species","Plantae","Charophyta","Equisetopsida","Ericales","Primulaceae","Myrsine","Rapanea","50","","","","","","","","","","","","","","",""
"https://id.biodiversity.org.au/node/apni/2919250","Ricinus communis","L.","species","Plantae","Charophyta","Equisetopsida","Malpighiales","Euphorbiaceae","Ricinus","Castor Oil Plant","50","","","","","","","","","","","","","","",""
"https://id.biodiversity.org.au/node/apni/2895180","Chloris gayana","Kunth","species","Plantae","Charophyta","Equisetopsida","Poales","Poaceae","Chloris","Rhodes Grass","49","","","","","","","","","","","","","","",""
"https://id.biodiversity.org.au/node/apni/2899214","Genista monspessulana","(L.) L.A.S.Johnson","species","Plantae","Charophyta","Equisetopsida","Fabales","Fabaceae","Genista","Montpellier Broom","49","","","","","","","","","","","","Y","","Y",""
"https://id.biodiversity.org.au/node/apni/2906565","Callistemon salignus","(Sm.) Colvill ex Sweet","species","Plantae","Charophyta","Equisetopsida","Myrtales","Myrtaceae","Callistemon","Willow Bottlebrush","49","","","","","","","","","","","","","","",""
"https://id.biodiversity.org.au/node/apni/2916722","Brachychiton acerifolius","(A.Cunn. ex G.Don) F.Muell.","species","Plantae","Charophyta","Equisetopsida","Malvales","Malvaceae","Brachychiton","Illawarra Flame Tree","49","","","","","","","","","","","","","","",""
"https://id.biodiversity.org.au/taxon/apni/51412078","Pterostylis concinna","R.Br.","species","Plantae","Charophyta","Equisetopsida","Asparagales","Orchidaceae","Pterostylis","Trim Greenhood","49","Endangered","","Near threatened","","","","","","","","","","","",""
"https://id.biodiversity.org.au/node/apni/2900739","Ipomoea indica","(Burm.) Merr.","species","Plantae","Charophyta","Equisetopsida","Solanales","Convolvulaceae","Ipomoea","Purple Morning-glory","48","","","","","","","","","","","","","","",""
"https://id.biodiversity.org.au/node/apni/2903157","Paspalidium distans","(Trin.) Hughes","species","Plantae","Charophyta","Equisetopsida","Poales","Poaceae","Paspalidium","Shotgrass","48","","","","","","","","Rare, Near Threatened","","","","","","",""
"https://id.biodiversity.org.au/node/apni/2886122","Clematis glycinoides","DC.","species","Plantae","Charophyta","Equisetopsida","Ranunculales","Ranunculaceae","Clematis","Forest Headache Vine","47","","","","","","","","","","","","","","",""
"https://id.biodiversity.org.au/node/apni/2915719","Parietaria judaica","L.","species","Plantae","Charophyta","Equisetopsida","Rosales","Urticaceae","Parietaria","Wall Pellitory","47","","","","","","","","","","","","","","",""
"https://id.biodiversity.org.au/node/apni/2919170","Euphorbia peplus","L.","species","Plantae","Charophyta","Equisetopsida","Malpighiales","Euphorbiaceae","Euphorbia","Cancer Weed","47","","","","","","","","","","","","","","",""
"https://id.biodiversity.org.au/node/apni/2919773","Cyperus eragrostis","Lam.","species","Plantae","Charophyta","Equisetopsida","Poales","Cyperaceae","Cyperus","Drain Flat-sedge","47","","","","","","","","","","","","","","",""
"https://id.biodiversity.org.au/node/apni/6904459","Cyclospermum leptophyllum","(Pers.) Sprague ex Britton & P.Wilson","species","Plantae","Charophyta","Equisetopsida","Apiales","Apiaceae","Cyclospermum","Slender Celery","47","","","","","","","","","","","","","","",""
"https://id.biodiversity.org.au/taxon/apni/51428899","Denhamia silvestris","(Lander & L.A.S.Johnson) M.P.Simmons","species","Plantae","Charophyta","Equisetopsida","Celastrales","Celastraceae","Denhamia","Narrow-leaved Orangebark","47","","","","","","","","","","","","","","",""
"https://id.biodiversity.org.au/node/apni/2906048","Galium aparine","L.","species","Plantae","Charophyta","Equisetopsida","Gentianales","Rubiaceae","Galium","Cleavers","46","","","","","","","","","","","","","","",""
"https://id.biodiversity.org.au/node/apni/2912645","Calotis cuneifolia","R.Br.","species","Plantae","Charophyta","Equisetopsida","Asterales","Asteraceae","Calotis","Purple Burr-daisy","46","","","","","Endangered","","","","","","","","","",""
"https://id.biodiversity.org.au/node/apni/2913581","Lonicera japonica","Thunb.","species","Plantae","Charophyta","Equisetopsida","Dipsacales","Caprifoliaceae","Lonicera","Japanese Honeysuckle","46","","","","","","","","","","","","","","",""
"https://id.biodiversity.org.au/taxon/apni/51770858","Erythrina crista-galli","L.","species","Plantae","Charophyta","Equisetopsida","Fabales","Fabaceae","Erythrina","Cockspur Coral Tree","46","","","","","","","","","","","","","","",""
"https://id.biodiversity.org.au/node/apni/2914034","Corymbia maculata","(Hook.) K.D.Hill & L.A.S.Johnson","species","Plantae","Charophyta","Equisetopsida","Myrtales","Myrtaceae","Corymbia","Spotted Gum","45","","","","","Vulnerable","","","","","","","","","",""
"https://id.biodiversity.org.au/node/apni/2918082","Grevillea robusta","A.Cunn. ex R.Br.","species","Plantae","Charophyta","Equisetopsida","Proteales","Proteaceae","Grevillea","Silky Oak","45","","","","","","","","","","","","","","",""
"https://id.biodiversity.org.au/taxon/apni/51432117","Erigeron sumatrensis","Retz.","species","Plantae","Charophyta","Equisetopsida","Asterales","Asteraceae","Erigeron","Tall Fleabane","45","","","","","","","","","","","","","","",""
"https://id.biodiversity.org.au/node/apni/2913766","Foeniculum vulgare","Mill.","species","Plantae","Charophyta","Equisetopsida","Apiales","Apiaceae","Foeniculum","Fennel","44","","","","","","","","","","","","","","",""
"https://id.biodiversity.org.au/taxon/apni/51398881","Caladenia catenata","(Sm.) Druce","species","Plantae","Charophyta","Equisetopsida","Asparagales","Orchidaceae","Caladenia","White Caladenia","44","","","Near threatened","","","","","","","","","","","",""
"https://id.biodiversity.org.au/taxon/apni/51743538","Euchiton sphaericus","(Willd.) Holub","species","Plantae","Charophyta","Equisetopsida","Asterales","Asteraceae","Euchiton","Common Cudweed","44","","","","","","","","","","","","","","",""
"https://id.biodiversity.org.au/node/apni/2889094","Asparagus virgatus","Baker","species","Plantae","Charophyta","Equisetopsida","Asparagales","Asparagaceae","Asparagus","Asparagus Fern","43","","","","","","","","","","","","","","","Y"
"https://id.biodiversity.org.au/node/apni/2901152","Glycine microphylla","(Benth.) Tindale","species","Plantae","Charophyta","Equisetopsida","Fabales","Fabaceae","Glycine","Small-leaf Glycine","43","","Vulnerable","","","","","","","","","","","","",""
"https://id.biodiversity.org.au/node/apni/2916447","Philotheca scabra","(Paxton) Paul G.Wilson","species","Plantae","Charophyta","Equisetopsida","Sapindales","Rutaceae","Philotheca","","43","","","","","","","","","","","","","","",""
"https://id.biodiversity.org.au/node/apni/2921221","Aristida ramosa","R.Br.","species","Plantae","Charophyta","Equisetopsida","Poales","Poaceae","Aristida","Cane Wire-grass","43","","","","","","","","","","","","","","",""
"https://id.biodiversity.org.au/node/apni/4346879","Einadia nutans","(R.Br.) A.J.Scott","species","Plantae","Charophyta","Equisetopsida","Caryophyllales","Chenopodiaceae","Einadia","Nodding Saltbush","43","","","","","","","","","","","","","","",""
"https://id.biodiversity.org.au/node/apni/2893169","Rytidosperma tenuius","(Steud.) A.Hansen & Sunding","species","Plantae","Charophyta","Equisetopsida","Poales","Poaceae","Rytidosperma","Short-awn Wallaby-grass","42","Rare","","","","","","","","","","","","","",""
"https://id.biodiversity.org.au/node/apni/2901160","Acacia myrtifolia","(Sm.) Willd.","species","Plantae","Charophyta","Equisetopsida","Fabales","Fabaceae","Acacia","Myrtle Wattle","42","","","","","","","","","","","","","","",""
"https://id.biodiversity.org.au/node/apni/2905810","Grevillea lanigera","A.Cunn. ex R.Br.","species","Plantae","Charophyta","Equisetopsida","Proteales","Proteaceae","Grevillea","Woolly Grevillea","42","","","","","","","","","","","","","","",""
"https://id.biodiversity.org.au/node/apni/2918704","Acacia saligna","(Labill.) H.L.Wendl.","species","Plantae","Charophyta","Equisetopsida","Fabales","Fabaceae","Acacia","Golden Wreath Wattle","42","","","","","","","","","","","","","","",""
"https://id.biodiversity.org.au/taxon/apni/51781738","Callistemon viminalis","(Sol. ex Gaertn.) G.Don","species","Plantae","Charophyta","Equisetopsida","Myrtales","Myrtaceae","Callistemon","Weeping Bottlebrush","42","","","","","","","","","","","","","","",""
"https://id.biodiversity.org.au/node/apni/2887385","Pavonia hastata","Cav.","species","Plantae","Charophyta","Equisetopsida","Malvales","Malvaceae","Pavonia","Pink Pavonia","41","","","","","","","","","","","","","","",""
"https://id.biodiversity.org.au/node/apni/2902380","Tristaniopsis laurina","(Sm.) Peter G.Wilson & J.T.Waterh.","species","Plantae","Charophyta","Equisetopsida","Myrtales","Myrtaceae","Tristaniopsis","Kanooka","41","","","","","","","","","","","","","","",""
"https://id.biodiversity.org.au/node/apni/2908770","Eustrephus latifolius","R.Br.","species","Plantae","Charophyta","Equisetopsida","Asparagales","Asparagaceae","Eustrephus","Wombat Berry","41","","","","","","","","","","","","","","",""
"https://id.biodiversity.org.au/node/apni/2918964","Echinopogon caespitosus","C.E.Hubb.","species","Plantae","Charophyta","Equisetopsida","Poales","Poaceae","Echinopogon","Bushy Hedgehog-grass","41","","","","","","","","","","","","","","",""
"https://id.biodiversity.org.au/taxon/apni/51737699","Asparagus officinalis","L.","species","Plantae","Charophyta","Equisetopsida","Asparagales","Asparagaceae","Asparagus","Asparagus","41","","","","","","","","","","","","","","","Y"
"https://id.biodiversity.org.au/node/apni/2890482","Woollsia pungens","(Cav.) F.Muell.","species","Plantae","Charophyta","Equisetopsida","Ericales","Ericaceae","Woollsia","","40","","","","","","","","","","","","","","",""
"https://id.biodiversity.org.au/node/apni/2891241","Homalanthus populifolius","Graham","species","Plantae","Charophyta","Equisetopsida","Malpighiales","Euphorbiaceae","Homalanthus","Bleeding-heart Tree","40","","","","","","","","","","","","","","",""
"https://id.biodiversity.org.au/node/apni/2895974","Cayratia clematidea","(F.Muell.) Domin","species","Plantae","Charophyta","Equisetopsida","Vitales","Vitaceae","Cayratia","Native Grape","40","","","","","","","","","","","","","","",""
"https://id.biodiversity.org.au/node/apni/2896169","Adiantum aethiopicum","L.","species","Plantae","Charophyta","Equisetopsida","","Pteridaceae","Adiantum","Common Maidenhair","40","","","","","","","","","","","","","","",""
"https://id.biodiversity.org.au/node/apni/2914108","Grevillea venusta","R.Br.","species","Plantae","Charophyta","Equisetopsida","Proteales","Proteaceae","Grevillea","Grevillea","40","","","Endangered","","","","","","","","","","","",""
"https://id.biodiversity.org.au/node/apni/2920993","Imperata cylindrica","(L.) P.Beauv.","species","Plantae","Charophyta","Equisetopsida","Poales","Poaceae","Imperata","Blady Grass","40","","","","","","","","","","","","","","",""
"https://id.biodiversity.org.au/taxon/apni/51291672","Persicaria decipiens","(R.Br.) K.L.Wilson","species","Plantae","Charophyta","Equisetopsida","Caryophyllales","Polygonaceae","Persicaria","Slender Knotweed","40","","Vulnerable","","","","","","","","","","","","",""
"https://id.biodiversity.org.au/taxon/apni/51291824","Lysimachia arvensis","(L.) U.Manns & Anderb.","species","Plantae","Charophyta","Equisetopsida","Ericales","Primulaceae","Lysimachia","Pimpernel","40","","","","","","","","","","","","","","",""
"https://id.biodiversity.org.au/taxon/apni/51395399","Acianthus fornicatus","R.Br.","species","Plantae","Charophyta","Equisetopsida","Asparagales","Orchidaceae","Acianthus","Pixie Caps","40","","","Near threatened","","","","","","","","","","","",""
"https://id.biodiversity.org.au/taxon/apni/51438266","Clerodendrum tomentosum","(Vent.) R.Br.","species","Plantae","Charophyta","Equisetopsida","Lamiales","Lamiaceae","Clerodendrum","Hairy Clerodendrum","40","","","","","","","","","","","","","","",""
"https://id.biodiversity.org.au/node/apni/2890605","Solanum mauritianum","Scop.","species","Plantae","Charophyta","Equisetopsida","Solanales","Solanaceae","Solanum","Wild Tobacco Tree","39","","","","","","","","","","","","","","",""
"https://id.biodiversity.org.au/node/apni/2894353","Glochidion ferdinandi","(Müll.Arg.) F.M.Bailey","species","Plantae","Charophyta","Equisetopsida","Malpighiales","Phyllanthaceae","Glochidion","Cheese Tree","39","","","","","","","","","","","","","","",""
"https://id.biodiversity.org.au/node/apni/2909679","Commersonia dasyphylla","Andrews","species","Plantae","Charophyta","Equisetopsida","Malvales","Malvaceae","Commersonia","Kerrawang","39","","","","","Critically Endangered","","","","","","","","","",""
"https://id.biodiversity.org.au/node/apni/2909991","Trema tomentosa","(Roxb.) H.Hara","species","Plantae","Charophyta","Equisetopsida","Rosales","Cannabaceae","Trema","Native Peach","39","","","","","","","","","","","","","","",""
"https://id.biodiversity.org.au/taxon/apni/51440664","Eucalyptus piperita","J.White","species","Plantae","Charophyta","Equisetopsida","Myrtales","Myrtaceae","Eucalyptus","Sydney Peppermint","39","","","","","Critically Endangered","","","Rare, Near Threatened","","Poorly-known species","Poorly-known species","","","",""
"https://id.biodiversity.org.au/node/apni/2903626","Panicum simile","Domin","species","Plantae","Charophyta","Equisetopsida","Poales","Poaceae","Panicum","Panicum","38","","","","","Endangered","","","","","","","","","",""
"https://id.biodiversity.org.au/node/apni/2907668","Cassytha glabella","R.Br.","species","Plantae","Charophyta","Equisetopsida","Laurales","Lauraceae","Cassytha","Slender Dodder-laurel","38","","","","","","","","","","","","","","",""
"https://id.biodiversity.org.au/taxon/apni/51285764","Vicia sativa","L.","species","Plantae","Charophyta","Equisetopsida","Fabales","Fabaceae","Vicia","Common Vetch","38","","","","","","","","","","","","","","",""
"https://id.biodiversity.org.au/taxon/apni/51442567","Chascolytrum subaristatum","(Lam.) Desv.","species","Plantae","Charophyta","Equisetopsida","Poales","Poaceae","Chascolytrum","","38","","","","","","","","","","","","","","",""
"https://id.biodiversity.org.au/node/apni/2905909","Cyperus gracilis","R.Br.","species","Plantae","Charophyta","Equisetopsida","Poales","Cyperaceae","Cyperus","Slender Flat-sedge","37","","","","","Vulnerable","","","","","","","","","",""
"https://id.biodiversity.org.au/node/apni/2908252","Leptospermum trinervium","(J.White) Joy Thomps.","species","Plantae","Charophyta","Equisetopsida","Myrtales","Myrtaceae","Leptospermum","Woolly Tea-tree","37","","","","","Vulnerable","","","","","","","","","",""
"https://id.biodiversity.org.au/name/apni/103068","Sagittaria graminea","Michx.","species","Plantae","Charophyta","Equisetopsida","Alismatales","Alismataceae","Sagittaria","Sagittaria","36","","","","","","","","","","","","","","",""
"https://id.biodiversity.org.au/node/apni/2913540","Olearia microphylla","(Vent.) Maiden & Betche","species","Plantae","Charophyta","Equisetopsida","Asterales","Asteraceae","Olearia","","36","","","","","","","","","","","","","","",""
"https://id.biodiversity.org.au/node/apni/6933072","Lomandra obliqua","(Thunb.) J.F.Macbr.","species","Plantae","Charophyta","Equisetopsida","Asparagales","Asparagaceae","Lomandra","","36","","","","","","","","","","","","","","",""
"https://id.biodiversity.org.au/taxon/apni/51412238","Pterostylis nutans","R.Br.","species","Plantae","Charophyta","Equisetopsida","Asparagales","Orchidaceae","Pterostylis","Nodding Greenhood","36","Endangered","","Near threatened","","","","","","","","","","","",""
"https://id.biodiversity.org.au/node/apni/2888469","Eremophila debilis","(Andrews) Chinnock","species","Plantae","Charophyta","Equisetopsida","Lamiales","Scrophulariaceae","Eremophila","Winter Apple","35","","","","","Critically Endangered","","","","","","","","","",""
"https://id.biodiversity.org.au/node/apni/2889161","Hibbertia scandens","(Willd.) Gilg","species","Plantae","Charophyta","Equisetopsida","","Dilleniaceae","Hibbertia","Climbing Guinea Flower","35","","","","","","","","","","","","","","",""
"https://id.biodiversity.org.au/node/apni/2890656","Acacia implexa","Benth.","species","Plantae","Charophyta","Equisetopsida","Fabales","Fabaceae","Acacia","Hickory Wattle","35","","","","","","","","","","","","","","",""
"https://id.biodiversity.org.au/node/apni/2905078","Acacia binervia","(J.C.Wendl.) J.F.Macbr.","species","Plantae","Charophyta","Equisetopsida","Fabales","Fabaceae","Acacia","Coast Myall","35","","","","","Critically Endangered","","","","","","","","","",""
"https://id.biodiversity.org.au/node/apni/2907634","Medicago polymorpha","L.","species","Plantae","Charophyta","Equisetopsida","Fabales","Fabaceae","Medicago","Disc Medic","35","","","","","","","","","","","","","","",""
"https://id.biodiversity.org.au/node/apni/2910214","Echinopogon ovatus","(G.Forst.) P.Beauv.","species","Plantae","Charophyta","Equisetopsida","Poales","Poaceae","Echinopogon","Common Hedgehog-grass","35","Rare","","","","","","","","","","","","","",""
"https://id.biodiversity.org.au/node/apni/2910515","Stenotaphrum secundatum","(Walter) Kuntze","species","Plantae","Charophyta","Equisetopsida","Poales","Poaceae","Stenotaphrum","Buffalo Grass","35","","","","","","","","","","","","","","",""
"https://id.biodiversity.org.au/node/apni/2910909","Genista linifolia","L.","species","Plantae","Charophyta","Equisetopsida","Fabales","Fabaceae","Genista","Flax-leaf Broom","35","","","","","","","","","","","","Y","","Y",""
"https://id.biodiversity.org.au/node/apni/2911551","Veronica plebeia","R.Br.","species","Plantae","Charophyta","Equisetopsida","Lamiales","Plantaginaceae","Veronica","Trailing Speedwell","35","","Near Threatened","","","","","","","","","","","","",""
"https://id.biodiversity.org.au/node/apni/2914323","Dracophyllum secundum","R.Br.","species","Plantae","Charophyta","Equisetopsida","Ericales","Ericaceae","Dracophyllum","","35","","","","","","","","","","","","","","",""
"https://id.biodiversity.org.au/node/apni/2916134","Calotis lappulacea","Benth.","species","Plantae","Charophyta","Equisetopsida","Asterales","Asteraceae","Calotis","Yellow Burr-daisy","35","","","","","Vulnerable","","","","","","","","","",""
"https://id.biodiversity.org.au/node/apni/2920730","Desmodium varians","(Labill.) G.Don","species","Plantae","Charophyta","Equisetopsida","Fabales","Fabaceae","Desmodium","Slender Tick-trefoil","35","","Endangered","","","","","","","","","","","","",""
"https://id.biodiversity.org.au/node/apni/2898515","Lobelia andrewsii","Lammers","species","Plantae","Charophyta","Equisetopsida","Asterales","Campanulaceae","Lobelia","Trailing Lobelia","34","","","","","","","","","","","","","","",""
"https://id.biodiversity.org.au/node/apni/2899501","Eragrostis brownii","(Kunth) Nees","species","Plantae","Charophyta","Equisetopsida","Poales","Poaceae","Eragrostis","Lovegrass","34","","","","","","","","","","","","","","",""
"https://id.biodiversity.org.au/node/apni/2908064","Briza maxima","L.","species","Plantae","Charophyta","Equisetopsida","Poales","Poaceae","Briza","Large Quaking-grass","34","","","","","","","","","","","","","","",""
"https://id.biodiversity.org.au/node/apni/2909048","Leptospermum polygalifolium","Salisb.","species","Plantae","Charophyta","Equisetopsida","Myrtales","Myrtaceae","Leptospermum","Tantoon","34","","","","","","","","","","","","","","",""
"https://id.biodiversity.org.au/node/apni/2912726","Bossiaea heterophylla","Vent.","species","Plantae","Charophyta","Equisetopsida","Fabales","Fabaceae","Bossiaea","Variable Bossiaea","34","","Endangered","","","Endangered","","","","","","","","","",""
"https://id.biodiversity.org.au/taxon/apni/51267241","Arctotheca calendula","(L.) K.Lewin","species","Plantae","Charophyta","Equisetopsida","Asterales","Asteraceae","Arctotheca","Cape Weed","34","","","","","","","","","","","","","","",""
"https://id.biodiversity.org.au/taxon/apni/51443235","Podocarpus grayae","de Laub.","species","Plantae","Charophyta","Equisetopsida","Pinales","Podocarpaceae","Podocarpus","Brown Pine","34","","","","","","","","","","","","","","",""
"https://id.biodiversity.org.au/taxon/apni/51767646","Styphelia ericoides","Sm.","species","Plantae","Charophyta","Equisetopsida","Ericales","Ericaceae","Styphelia","Pink Beard-heath","34","","","","","","","","","","","","","","",""
"https://id.biodiversity.org.au/taxon/apni/51770598","Acacia prominens","A.Cunn. ex G.Don","species","Plantae","Charophyta","Equisetopsida","Fabales","Fabaceae","Acacia","Gosford Wattle","34","","","","","","","","","","","","","","",""
"https://id.biodiversity.org.au/node/apni/2889814","Rumex crispus","L.","species","Plantae","Charophyta","Equisetopsida","Caryophyllales","Polygonaceae","Rumex","Curled Dock","33","","","","","","","","","","","","","","",""
"https://id.biodiversity.org.au/node/apni/2904877","Bothriochloa macra","(Steud.) S.T.Blake","species","Plantae","Charophyta","Equisetopsida","Poales","Poaceae","Bothriochloa","Red-leg Grass","33","Rare","","","","","","","","","","","","","",""
"https://id.biodiversity.org.au/node/apni/2909053","Pultenaea daphnoides","J.C.Wendl.","species","Plantae","Charophyta","Equisetopsida","Fabales","Fabaceae","Pultenaea","Large-leaf Bush Pea","33","","","","","","","","","","","","","","",""
"https://id.biodiversity.org.au/taxon/apni/51300001","Correa reflexa","(Labill.) Vent.","species","Plantae","Charophyta","Equisetopsida","Sapindales","Rutaceae","Correa","Grey Correa","33","","","","","","","","","","","","","","",""
"https://id.biodiversity.org.au/taxon/apni/51411994","Pterostylis acuminata","R.Br.","species","Plantae","Charophyta","Equisetopsida","Asparagales","Orchidaceae","Pterostylis","Sharp Greenhood","33","Endangered","","Near threatened","","Endangered","","","","","","","","","",""
"https://id.biodiversity.org.au/taxon/apni/51732899","Banksia integrifolia","L.f.","species","Plantae","Charophyta","Equisetopsida","Proteales","Proteaceae","Banksia","Coast Banksia","33","","","","","","","","","","","","","","",""
"https://id.biodiversity.org.au/taxon/apni/51770526","Acacia fimbriata","A.Cunn. ex G.Don","species","Plantae","Charophyta","Equisetopsida","Fabales","Fabaceae","Acacia","Fringed Wattle","33","","","","","","","","","","","","","","",""
"https://id.biodiversity.org.au/node/apni/2903384","Rytidosperma racemosum","(R.Br.) Connor & Edgar","species","Plantae","Charophyta","Equisetopsida","Poales","Poaceae","Rytidosperma","Wallaby Grass","32","","","","","","","","","","","","","","",""
"https://id.biodiversity.org.au/node/apni/2909098","Dendrophthoe vitellina","(F.Muell.) Tiegh.","species","Plantae","Charophyta","Equisetopsida","Santalales","Loranthaceae","Dendrophthoe","Long-flower Mistletoe","32","","","","","Critically Endangered","","","","","","","","","",""
"https://id.biodiversity.org.au/node/apni/2910494","Melaleuca armillaris","(Sol. ex Gaertn.) Sm.","species","Plantae","Charophyta","Equisetopsida","Myrtales","Myrtaceae","Melaleuca","Giant Honey Myrtle","32","","","","","","","","","","","","","","",""
"https://id.biodiversity.org.au/node/apni/2912193","Arundo donax","L.","species","Plantae","Charophyta","Equisetopsida","Poales","Poaceae","Arundo","Giant Reed","32","","","","","","","","","","","","","","",""
"https://id.biodiversity.org.au/taxon/apni/51440727","Eucalyptus sideroxylon","A.Cunn. ex Woolls","species","Plantae","Charophyta","Equisetopsida","Myrtales","Myrtaceae","Eucalyptus","Mugga Ironbark","32","","","","","Critically Endangered","","","Rare, Near Threatened","","Poorly-known species","Poorly-known species","","","",""
"https://id.biodiversity.org.au/taxon/apni/51446343","Cotoneaster glaucophyllus","Franch.","species","Plantae","Charophyta","Equisetopsida","Rosales","Rosaceae","Cotoneaster","Large-leaf Cotoneaster","32","","","","","","","","","","","","","","",""
"https://id.biodiversity.org.au/node/apni/2895329","Eucalyptus microcorys","F.Muell.","species","Plantae","Charophyta","Equisetopsida","Myrtales","Myrtaceae","Eucalyptus","Tallowwood","31","","","","","Critically Endangered","","","Rare, Near Threatened","","Poorly-known species","Poorly-known species","","","",""
"https://id.biodiversity.org.au/node/apni/2898397","Polymeria calycina","R.Br.","species","Plantae","Charophyta","Equisetopsida","Solanales","Convolvulaceae","Polymeria","Pink Bindweed","31","","","","","","","","","","","","","","",""
"https://id.biodiversity.org.au/node/apni/2900607","Pomax umbellata","(Gaertn.) Sol. ex A.Rich.","species","Plantae","Charophyta","Equisetopsida","Gentianales","Rubiaceae","Pomax","Pomax","31","","","","","","","","","","","","","","",""
"https://id.biodiversity.org.au/node/apni/2910974","Stylidium graminifolium","Sw.","species","Plantae","Charophyta","Equisetopsida","Asterales","Stylidiaceae","Stylidium","Grass Triggerplant","31","","","","","","","","","","","","","","",""
"https://id.biodiversity.org.au/node/apni/2914179","Calochlaena dubia","(R.Br.) M.D.Turner & R.A.White","species","Plantae","Charophyta","Equisetopsida","Cyatheales","Dicksoniaceae","Calochlaena","Common Ground-fern","31","","","","","","","","","","","","","","",""
"https://id.biodiversity.org.au/node/apni/2915549","Urospermum picroides","(L.) Scop. ex F.W.Schmidt","species","Plantae","Charophyta","Equisetopsida","Asterales","Asteraceae","Urospermum","False Hawkbit","31","","","","","","","","","","","","","","",""
"https://id.biodiversity.org.au/node/apni/2915686","Phoenix canariensis","H.Wildpret","species","Plantae","Charophyta","Equisetopsida","Arecales","Arecaceae","Phoenix","Canary Island Palm","31","","","","","","","","","","","","","","",""
"https://id.biodiversity.org.au/node/apni/2918016","Grevillea petrophiloides","Meisn.","species","Plantae","Charophyta","Equisetopsida","Proteales","Proteaceae","Grevillea","Rock Grevillea","31","","","","","","","","","","","","","","",""
"https://id.biodiversity.org.au/taxon/apni/51438836","Nephrolepis cordifolia","(L.) C.Presl","species","Plantae","Charophyta","Equisetopsida","Polypodiales","Lomariopsidaceae","Nephrolepis","Fishbone Fern","31","","","","","","","","","","","","","","",""
"https://id.biodiversity.org.au/taxon/apni/51782024","Eucalyptus eugenioides","Sieber ex Spreng.","species","Plantae","Charophyta","Equisetopsida","Myrtales","Myrtaceae","Eucalyptus","Thin-leaved Stringybark","31","","","","","Critically Endangered","","","Rare, Near Threatened","","Poorly-known species","Poorly-known species","","","",""
"https://id.biodiversity.org.au/node/apni/2897191","Lomatia silaifolia","(Sm.) R.Br.","species","Plantae","Charophyta","Equisetopsida","Proteales","Proteaceae","Lomatia","Crinkle Bush","30","","","","","","","","","","","","","","",""
"https://id.biodiversity.org.au/node/apni/2897309","Callistemon linearifolius","(Link) DC.","species","Plantae","Charophyta","Equisetopsida","Myrtales","Myrtaceae","Callistemon","Netted Bottle Brush","30","","","","","","","Vulnerable","","","","","","","",""
"https://id.biodiversity.org.au/node/apni/2907591","Hibbertia aspera","DC.","species","Plantae","Charophyta","Equisetopsida","","Dilleniaceae","Hibbertia","Rough Guinea-flower","30","","","","","","","","","","","","","","",""
"https://id.biodiversity.org.au/node/apni/2917783","Einadia trigonos","(Schult.) Paul G.Wilson","species","Plantae","Charophyta","Equisetopsida","Caryophyllales","Chenopodiaceae","Einadia","Fishweed","30","","","","","","","","","","","","","","",""
"https://id.biodiversity.org.au/node/apni/6930412","Linospadix monostachyos","(Mart.) H.Wendl.","species","Plantae","Charophyta","Equisetopsida","Arecales","Arecaceae","Linospadix","Walking Stick Palm","30","","","","","","","","","","","","","","",""
"https://id.biodiversity.org.au/taxon/apni/51310682","Passiflora suberosa","L.","species","Plantae","Charophyta","Equisetopsida","Malpighiales","Passifloraceae","Passiflora","Corky Passion Flower","30","","","","","","","","","","","","","","",""
"https://id.biodiversity.org.au/taxon/apni/51311084","Stenanthera pinifolia","R.Br.","species","Plantae","Charophyta","Equisetopsida","Ericales","Ericaceae","Stenanthera","Pine Heath","30","","","","","","","","","","","","","","",""
"https://id.biodiversity.org.au/taxon/apni/51447828","Solanum pseudocapsicum","L.","species","Plantae","Charophyta","Equisetopsida","Solanales","Solanaceae","Solanum","Jerusalem Cherry","30","","","","","","","","","","","","","","",""
"https://id.biodiversity.org.au/taxon/apni/51447838","Solanum sisymbriifolium","Lam.","species","Plantae","Charophyta","Equisetopsida","Solanales","Solanaceae","Solanum","Sticky Nightshade","30","","","","","","","","","","","","","","",""
"https://id.biodiversity.org.au/taxon/apni/51747637","Soliva sessilis","Ruiz & Pav.","species","Plantae","Charophyta","Equisetopsida","Asterales","Asteraceae","Soliva","Jo-jo","30","","","","","","","","","","","","","","",""
"https://id.biodiversity.org.au/node/apni/2891096","Melaleuca ericifolia","Sm.","species","Plantae","Charophyta","Equisetopsida","Myrtales","Myrtaceae","Melaleuca","Swamp Paperbark","29","","","","","","","","","","","","","","",""
"https://id.biodiversity.org.au/node/apni/2908951","Lophostemon confertus","(R.Br.) Peter G.Wilson & J.T.Waterh.","species","Plantae","Charophyta","Equisetopsida","Myrtales","Myrtaceae","Lophostemon","Brush Box","29","","","","","","","","","","","","","","",""
"https://id.biodiversity.org.au/node/apni/2912156","Capsella bursa-pastoris","(L.) Medik.","species","Plantae","Charophyta","Equisetopsida","Brassicales","Brassicaceae","Capsella","Shepherd's Purse","29","","","","","","","","","","","","","","",""
"https://id.biodiversity.org.au/node/apni/9623813","Xanthorrhoea arborea","R.Br.","species","Plantae","Charophyta","Equisetopsida","Asparagales","Xanthorrhoeaceae","Xanthorrhoea","","29","","","","","","","","","","","","","","",""
"https://id.biodiversity.org.au/taxon/apni/51404584","Dockrillia linguiformis","(Sw.) Brieger","species","Plantae","Charophyta","Equisetopsida","Asparagales","Orchidaceae","Dockrillia","Tongue Orchid","29","","","Near threatened","","","","","","","","","","","",""
"https://id.biodiversity.org.au/taxon/apni/51438395","Cassytha pubescens","R.Br.","species","Plantae","Charophyta","Equisetopsida","Laurales","Lauraceae","Cassytha","Downy Dodder-laurel","29","","","","","","","","","","","","","","",""
"https://id.biodiversity.org.au/taxon/apni/51439911","Eucalyptus robusta","Sm.","species","Plantae","Charophyta","Equisetopsida","Myrtales","Myrtaceae","Eucalyptus","Swamp Mahogany","29","","","","","Critically Endangered","","","Rare, Near Threatened","","Poorly-known species","Poorly-known species","","","",""
"https://id.biodiversity.org.au/node/apni/2887097","Gahnia aspera","(R.Br.) Spreng.","species","Plantae","Charophyta","Equisetopsida","Poales","Cyperaceae","Gahnia","Rough Saw-sedge","28","","","","","","","","","","","","","","",""
"https://id.biodiversity.org.au/node/apni/2891550","Melinis repens","(Willd.) Zizka","species","Plantae","Charophyta","Equisetopsida","Poales","Poaceae","Melinis","Red Natal Grass","28","","","","","","","","","","","","","","",""
"https://id.biodiversity.org.au/node/apni/2902718","Dichondra sp. Inglewood (J.M.Dalby 86/93)","Qld Herbarium","species","Plantae","Charophyta","Equisetopsida","Solanales","Convolvulaceae","Dichondra","","28","","","","","Endangered","","","","","","","","","",""
"https://id.biodiversity.org.au/node/apni/2905928","Poranthera microphylla","Brongn.","species","Plantae","Charophyta","Equisetopsida","Malpighiales","Phyllanthaceae","Poranthera","Small Poranthera","28","","","","","","","","","","","","","","",""
"https://id.biodiversity.org.au/node/apni/2907105","Sporobolus africanus","(Poir.) Robyns & Tournay","species","Plantae","Charophyta","Equisetopsida","Poales","Poaceae","Sporobolus","Rat-tail Grass","28","","","","","","","","","","","","","","",""
"https://id.biodiversity.org.au/node/apni/2916159","Acacia floribunda","(Vent.) Willd.","species","Plantae","Charophyta","Equisetopsida","Fabales","Fabaceae","Acacia","White Sally","28","","","","","","","","","","","","","","",""
"https://id.biodiversity.org.au/taxon/apni/51442233","Phyllanthus hirtellus","F.Muell. ex Müll.Arg.","species","Plantae","Charophyta","Equisetopsida","Malpighiales","Phyllanthaceae","Phyllanthus","Thyme Spurge","28","","","Vulnerable","","","","","","","","","","","",""
"https://id.biodiversity.org.au/taxon/apni/51446974","Zieria smithii","Andrews","species","Plantae","Charophyta","Equisetopsida","Sapindales","Rutaceae","Zieria","Sandfly Zieria","28","","","","","Endangered","","","","","","","","","",""
"https://id.biodiversity.org.au/taxon/apni/51782419","Melaleuca quinquenervia","(Cav.) S.T.Blake","species","Plantae","Charophyta","Equisetopsida","Myrtales","Myrtaceae","Melaleuca","Swamp Paperbark","28","","","","","","","","","","","","","","",""
"https://id.biodiversity.org.au/node/apni/2887210","Eragrostis leptostachya","(R.Br.) Steud.","species","Plantae","Charophyta","Equisetopsida","Poales","Poaceae","Eragrostis","Paddock Lovegrass","27","","","","","","","","","","","","","","",""
"https://id.biodiversity.org.au/node/apni/2887780","Asplenium australasicum","(J.Sm.) Hook.","species","Plantae","Charophyta","Equisetopsida","Polypodiales","Aspleniaceae","Asplenium","Bird's Nest Fern","27","","","","","","","","","","","","","","",""
"https://id.biodiversity.org.au/node/apni/2888751","Poa affinis","R.Br.","species","Plantae","Charophyta","Equisetopsida","Poales","Poaceae","Poa","","27","","","","","","","","","","","","","","",""
"https://id.biodiversity.org.au/node/apni/2889927","Angophora bakeri","E.C.Hall","species","Plantae","Charophyta","Equisetopsida","Myrtales","Myrtaceae","Angophora","Narrow-leaved Apple","27","","","","","","","","","","","","","","",""
"https://id.biodiversity.org.au/node/apni/2918471","Carex appressa","R.Br.","species","Plantae","Charophyta","Equisetopsida","Poales","Cyperaceae","Carex","Tall Sedge","27","","","","","","","","","","","","","","",""
"https://id.biodiversity.org.au/taxon/apni/51400229","Calochilus paludosus","R.Br.","species","Plantae","Charophyta","Equisetopsida","Asparagales","Orchidaceae","Calochilus","Red Beard-orchid","27","Vulnerable","","Near threatened","","","","","","","","","","","",""
"https://id.biodiversity.org.au/taxon/apni/51442577","Cortaderia selloana","(Schult. & Schult.f.) Asch. & Graebn.","species","Plantae","Charophyta","Equisetopsida","Poales","Poaceae","Cortaderia","Pampas Grass","27","","","","","","","","","","","","","","",""
"https://id.biodiversity.org.au/taxon/apni/51447289","Elattostachys xylocarpa","(A.Cunn. ex F.Muell.) Radlk.","species","Plantae","Charophyta","Equisetopsida","Sapindales","Sapindaceae","Elattostachys","White Tamarind","27","","","","","","","","","","","","","","",""
"https://id.biodiversity.org.au/node/apni/2890326","Wahlenbergia multicaulis","Benth.","species","Plantae","Charophyta","Equisetopsida","Asterales","Campanulaceae","Wahlenbergia","Tadgell's Bluebell","26","","","","","","","","","","","","","","",""
"https://id.biodiversity.org.au/node/apni/2890800","Rumex brownii","Campd.","species","Plantae","Charophyta","Equisetopsida","Caryophyllales","Polygonaceae","Rumex","Swamp Dock","26","","","","","","","","","","","","","","",""
"https://id.biodiversity.org.au/node/apni/2894249","Petrophile sessilis","Sieber ex Schult.","species","Plantae","Charophyta","Equisetopsida","Proteales","Proteaceae","Petrophile","Prickly Conesticks","26","","","","","","","","","","","","","","",""
"https://id.biodiversity.org.au/node/apni/2896776","Stellaria media","(L.) Vill.","species","Plantae","Charophyta","Equisetopsida","Caryophyllales","Caryophyllaceae","Stellaria","Chickweed","26","","","","","","","","","","","","","","",""
"https://id.biodiversity.org.au/node/apni/2899357","Ehrharta longiflora","Sm.","species","Plantae","Charophyta","Equisetopsida","Poales","Poaceae","Ehrharta","Annual Veldt-grass","26","","","","","","","","","","","","","","",""
"https://id.biodiversity.org.au/node/apni/2904436","Casuarina cunninghamiana","Miq.","species","Plantae","Charophyta","Equisetopsida","Fagales","Casuarinaceae","Casuarina","River She-oak","26","","","","","","","","","","","","","","",""
"https://id.biodiversity.org.au/node/apni/2914994","Dillwynia parvifolia","R.Br. ex Sims","species","Plantae","Charophyta","Equisetopsida","Fabales","Fabaceae","Dillwynia","Small Dillwynia","26","","","","","","","","","","","","","","",""
"https://id.biodiversity.org.au/node/apni/2915166","Pomaderris ferruginea","Sieber ex Fenzl","species","Plantae","Charophyta","Equisetopsida","Rosales","Rhamnaceae","Pomaderris","Rusty Pomaderris","26","","","","","","","","","","","","","","",""
"https://id.biodiversity.org.au/node/apni/4059081","Rytidosperma fulvum","(Vickery) A.M.Humphreys & H.P.Linder","species","Plantae","Charophyta","Equisetopsida","Poales","Poaceae","Rytidosperma","Leafy Wallaby-grass","26","","","","","","","","","","","","","","",""
"https://id.biodiversity.org.au/node/apni/7080900","Symphyotrichum subulatum","(Michx.) G.L.Nesom","species","Plantae","Charophyta","Equisetopsida","Asterales","Asteraceae","Symphyotrichum","Aster-weed","26","","","","","","","","","","","","","","",""
"https://id.biodiversity.org.au/taxon/apni/51270276","Polycarpon tetraphyllum","(L.) L.","species","Plantae","Charophyta","Equisetopsida","Caryophyllales","Caryophyllaceae","Polycarpon","Four-leaf Allseed","26","","","","","","","","","","","","","","",""
"https://id.biodiversity.org.au/taxon/apni/51431115","Vincetoxicum barbatum","(R.Br.) Kuntze","species","Plantae","Charophyta","Equisetopsida","Gentianales","Apocynaceae","Vincetoxicum","","26","","","","","","","","","","","","","","",""
"https://id.biodiversity.org.au/taxon/apni/51440279","Melaleuca diosmatifolia","Dum.Cours.","species","Plantae","Charophyta","Equisetopsida","Myrtales","Myrtaceae","Melaleuca","Mauve Honey Myrtle","26","","","","","","","","","","","","","","",""
"https://id.biodiversity.org.au/taxon/apni/51749297","Dolichandra unguis-cati","(L.) L.G.Lohmann","species","Plantae","Charophyta","Equisetopsida","Lamiales","Bignoniaceae","Dolichandra","Cat's Claw Creeper","26","","","","","","","","","","","","Y","","Y",""
"https://id.biodiversity.org.au/taxon/apni/51770587","Acacia podalyriifolia","A.Cunn. ex G.Don","species","Plantae","Charophyta","Equisetopsida","Fabales","Fabaceae","Acacia","Mount Morgan Wattle","26","","","","","","","","","","","","","","",""
"https://id.biodiversity.org.au/node/apni/2890577","Eucalyptus amplifolia","Naudin","species","Plantae","Charophyta","Equisetopsida","Myrtales","Myrtaceae","Eucalyptus","Cabbage Gum","25","","","","","Critically Endangered","","","Rare, Near Threatened","","Poorly-known species","Poorly-known species","","","",""
"https://id.biodiversity.org.au/node/apni/2896294","Wahlenbergia stricta","(R.Br.) Sweet","species","Plantae","Charophyta","Equisetopsida","Asterales","Campanulaceae","Wahlenbergia","Tall Bluebell","25","","","","","","","","","","","","","","",""
"https://id.biodiversity.org.au/node/apni/2898411","Hypericum perforatum","L.","species","Plantae","Charophyta","Equisetopsida","Malpighiales","Hypericaceae","Hypericum","St. John's Wort","25","","","","","","","","","","","","","Y","",""
"https://id.biodiversity.org.au/node/apni/2899812","Nerium oleander","L.","species","Plantae","Charophyta","Equisetopsida","Gentianales","Apocynaceae","Nerium","Oleander","25","","","","","","","","","","","","","","",""
"https://id.biodiversity.org.au/node/apni/2901834","Zieria pilosa","Rudge","species","Plantae","Charophyta","Equisetopsida","Sapindales","Rutaceae","Zieria","Pilose-leafed Zieria","25","","","","","","","","","","","","","","",""
"https://id.biodiversity.org.au/node/apni/2908160","Amyema gaudichaudii","(DC.) Tiegh.","species","Plantae","Charophyta","Equisetopsida","Santalales","Loranthaceae","Amyema","","25","","","","","","","","","","","","","","",""
"https://id.biodiversity.org.au/node/apni/7512892","Melastoma affine","D.Don","species","Plantae","Charophyta","Equisetopsida","Myrtales","Melastomataceae","Melastoma","Blue Tongue","25","","","","","","","","","","","","","","",""
"https://id.biodiversity.org.au/taxon/apni/51441473","Dendrobium kingianum","Bidwill ex Lindl.","species","Plantae","Charophyta","Equisetopsida","Asparagales","Orchidaceae","Dendrobium","Pink Rock Orchid","25","","","Near threatened","","","","","","","","","","","",""
"https://id.biodiversity.org.au/taxon/apni/51744654","Lactuca serriola","L.","species","Plantae","Charophyta","Equisetopsida","Asterales","Asteraceae","Lactuca","Prickly Lettuce","25","","","","","","","","","","","","","","",""
"https://id.biodiversity.org.au/node/apni/2886640","Axonopus fissifolius","(Raddi) Kuhlm.","species","Plantae","Charophyta","Equisetopsida","Poales","Poaceae","Axonopus","Narrow-leafed Carpet Grass","24","","","","","","","","","","","","","","",""
"https://id.biodiversity.org.au/node/apni/2886971","Dodonaea multijuga","G.Don","species","Plantae","Charophyta","Equisetopsida","Sapindales","Sapindaceae","Dodonaea","","24","","","","","","","","","","","","","","",""
"https://id.biodiversity.org.au/node/apni/2889602","Angophora hispida","(Sm.) Blaxell","species","Plantae","Charophyta","Equisetopsida","Myrtales","Myrtaceae","Angophora","Dwarf Apple","24","","","","","","","","","","","","","","",""
"https://id.biodiversity.org.au/node/apni/2894563","Solanum seaforthianum","Andrews","species","Plantae","Charophyta","Equisetopsida","Solanales","Solanaceae","Solanum","Brazilian Nightshade","24","","","","","","","","","","","","","","",""
"https://id.biodiversity.org.au/node/apni/2898281","Goodenia ovata","Sm.","species","Plantae","Charophyta","Equisetopsida","Asterales","Goodeniaceae","Goodenia","Hop Goodenia","24","","","","","","","","","","","Poorly-known species","","","",""
"https://id.biodiversity.org.au/node/apni/2906785","Asperula conferta","Hook.f.","species","Plantae","Charophyta","Equisetopsida","Gentianales","Rubiaceae","Asperula","Common Woodruff","24","","","","","","","","","","","","","","",""
"https://id.biodiversity.org.au/node/apni/2913654","Tropaeolum majus","L.","species","Plantae","Charophyta","Equisetopsida","Brassicales","Tropaeolaceae","Tropaeolum","Nasturtium","24","","","","","","","","","","","","","","",""
"https://id.biodiversity.org.au/node/apni/2920262","Austrostipa rudis","(Spreng.) S.W.L.Jacobs & J.Everett","species","Plantae","Charophyta","Equisetopsida","Poales","Poaceae","Austrostipa","Veined Spear-grass","24","","","","","","","","","","","","","","",""
"https://id.biodiversity.org.au/node/apni/5270850","Eucalyptus globoidea","Blakely","species","Plantae","Charophyta","Equisetopsida","Myrtales","Myrtaceae","Eucalyptus","White Stringybark","24","","","","","Critically Endangered","","","Rare, Near Threatened","","Poorly-known species","Poorly-known species","","","",""
"https://id.biodiversity.org.au/taxon/apni/51439689","Corymbia ficifolia","(F.Muell.) K.D.Hill & L.A.S.Johnson","species","Plantae","Charophyta","Equisetopsida","Myrtales","Myrtaceae","Corymbia","Red-flowering Gum","24","","","","","","","","","","","","","","",""
"https://id.biodiversity.org.au/node/apni/2891393","Ipomoea purpurea","(L.) Roth","species","Plantae","Charophyta","Equisetopsida","Solanales","Convolvulaceae","Ipomoea","Common Morning Glory","23","","","","","","","","","","","","","","",""
"https://id.biodiversity.org.au/node/apni/2891773","Suaeda australis","(R.Br.) Moq.","species","Plantae","Charophyta","Equisetopsida","Caryophyllales","Chenopodiaceae","Suaeda","Austral Seablite","23","","","","","","","","","","","","","","",""
"https://id.biodiversity.org.au/node/apni/2892197","Eucalyptus crebra","F.Muell.","species","Plantae","Charophyta","Equisetopsida","Myrtales","Myrtaceae","Eucalyptus","Narrow-leaved Red Ironbark","23","","","","","Critically Endangered","","","Rare, Near Threatened","","Poorly-known species","Poorly-known species","","","",""
"https://id.biodiversity.org.au/node/apni/2899243","Solanum prinophyllum","Dunal","species","Plantae","Charophyta","Equisetopsida","Solanales","Solanaceae","Solanum","Forest Nightshade","23","","","","","","","","","","","","","","",""
"https://id.biodiversity.org.au/node/apni/2900900","Juncus kraussii","Hochst.","species","Plantae","Charophyta","Equisetopsida","Poales","Juncaceae","Juncus","Sea Rush","23","","","","","","","","","","","","","","",""
"https://id.biodiversity.org.au/node/apni/2906315","Lissanthe strigosa","(Sm.) R.Br.","species","Plantae","Charophyta","Equisetopsida","Ericales","Ericaceae","Lissanthe","Peach Heath","23","","","","","","","","","","","","","","",""
"https://id.biodiversity.org.au/node/apni/2912252","Eucalyptus saligna","Sm.","species","Plantae","Charophyta","Equisetopsida","Myrtales","Myrtaceae","Eucalyptus","Sydney Blue Gum","23","","","","","Critically Endangered","","","Rare, Near Threatened","","Poorly-known species","Poorly-known species","","","",""
"https://id.biodiversity.org.au/node/apni/2917794","Passiflora herbertiana","Ker Gawl.","species","Plantae","Charophyta","Equisetopsida","Malpighiales","Passifloraceae","Passiflora","Native Passionfruit","23","","","","","","","","","","","","","","",""
"https://id.biodiversity.org.au/taxon/apni/51440654","Eucalyptus paniculata","Sm.","species","Plantae","Charophyta","Equisetopsida","Myrtales","Myrtaceae","Eucalyptus","Grey Ironbark","23","","","","","Critically Endangered","","","Rare, Near Threatened","","Poorly-known species","Poorly-known species","","","",""
"https://id.biodiversity.org.au/taxon/apni/51736967","Heptapleurum actinophyllum","(Endl.) Lowry & G.M.Plunkett","species","Plantae","Charophyta","Equisetopsida","Apiales","Araliaceae","Heptapleurum","","23","","","","","","","","","","","","","","",""
"https://id.biodiversity.org.au/taxon/apni/51737649","Arthropodium milleflorum","(Redouté) J.F.Macbr.","species","Plantae","Charophyta","Equisetopsida","Asparagales","Asparagaceae","Arthropodium","Pale Vanilla-lily","23","Vulnerable","","","","","","","","","","","","","",""
"https://id.biodiversity.org.au/taxon/apni/51770461","Acacia baileyana","F.Muell.","species","Plantae","Charophyta","Equisetopsida","Fabales","Fabaceae","Acacia","Cootamundra Wattle","23","","","","","","","","","","","","","","",""
"https://id.biodiversity.org.au/taxon/apni/51774868","Coleus australis","(R.Br.) A.J.Paton","species","Plantae","Charophyta","Equisetopsida","Lamiales","Lamiaceae","Coleus","Cockspur Flower","23","","","","","","","","","","","","","","",""
"https://id.biodiversity.org.au/node/apni/2900416","Phyllanthus gunnii","Hook.f.","species","Plantae","Charophyta","Equisetopsida","Malpighiales","Phyllanthaceae","Phyllanthus","Shrubby Spurge","22","","","Vulnerable","","","","","","","","","","","",""
"https://id.biodiversity.org.au/node/apni/2903745","Morus alba","L.","species","Plantae","Charophyta","Equisetopsida","Rosales","Moraceae","Morus","White Mulberry","22","","","","","","","","","","","","","","",""
"https://id.biodiversity.org.au/node/apni/2904086","Freesia leichtlinii","Klatt","species","Plantae","Charophyta","Equisetopsida","Asparagales","Iridaceae","Freesia","Freesia","22","","","","","","","","","","","","","","",""
"https://id.biodiversity.org.au/node/apni/2904361","Platysace linearifolia","(Cav.) C.Norman","species","Plantae","Charophyta","Equisetopsida","Apiales","Apiaceae","Platysace","","22","","","","","","","","","","","","","","",""
"https://id.biodiversity.org.au/node/apni/2906947","Melaleuca decussata","R.Br.","species","Plantae","Charophyta","Equisetopsida","Myrtales","Myrtaceae","Melaleuca","Totem-poles","22","","","","","","","","","","","","","","",""
"https://id.biodiversity.org.au/node/apni/2912289","Hymenosporum flavum","(Hook.) F.Muell.","species","Plantae","Charophyta","Equisetopsida","Apiales","Pittosporaceae","Hymenosporum","Native Frangipani","22","","","","","","","","","","","","","","",""
"https://id.biodiversity.org.au/node/apni/2912450","Callistemon pinifolius","(J.C.Wendl.) Sweet","species","Plantae","Charophyta","Equisetopsida","Myrtales","Myrtaceae","Callistemon","Pine-leaved Bottlebrush","22","","","","","","","","","","","","","","",""
"https://id.biodiversity.org.au/node/apni/2915223","Acacia vestita","Ker Gawl.","species","Plantae","Charophyta","Equisetopsida","Fabales","Fabaceae","Acacia","Hairy Wattle","22","","","","","","","","","","","","","","",""
"https://id.biodiversity.org.au/node/apni/2920461","Oxalis exilis","A.Cunn.","species","Plantae","Charophyta","Equisetopsida","Oxalidales","Oxalidaceae","Oxalis","Short-fruit Oxalis","22","","","","","","","","","","","","","","",""
"https://id.biodiversity.org.au/node/apni/5234975","Eucalyptus botryoides","Sm.","species","Plantae","Charophyta","Equisetopsida","Myrtales","Myrtaceae","Eucalyptus","Southern Mahogany","22","","","","","Critically Endangered","","","Rare, Near Threatened","","Poorly-known species","Poorly-known species","","","",""
"https://id.biodiversity.org.au/taxon/apni/51294059","Philotheca myoporoides","(DC.) Bayly","species","Plantae","Charophyta","Equisetopsida","Sapindales","Rutaceae","Philotheca","Long-leaf Wax Flower","22","","","","","","","","","","","","","","",""
"https://id.biodiversity.org.au/taxon/apni/51403407","Dipodium variegatum","M.A.Clem. & D.L.Jones","species","Plantae","Charophyta","Equisetopsida","Asparagales","Orchidaceae","Dipodium","Blotched Hyacinth-orchid","22","","","Near threatened","","Endangered","","","","","","","","","",""
"https://id.biodiversity.org.au/taxon/apni/51773684","Anigozanthos flavidus","Redouté","species","Plantae","Charophyta","Equisetopsida","Commelinales","Haemodoraceae","Anigozanthos","Tall Kangaroo Paw","22","","","","","","","","","","","","","","",""
"https://id.biodiversity.org.au/node/apni/2887814","Convolvulus erubescens","Sims","species","Plantae","Charophyta","Equisetopsida","Solanales","Convolvulaceae","Convolvulus","Pink Bindweed","21","","","","","","","","","","","","","","",""
"https://id.biodiversity.org.au/node/apni/2887949","Malva parviflora","L.","species","Plantae","Charophyta","Equisetopsida","Malvales","Malvaceae","Malva","Small-flower Mallow","21","","","","","","","","","","","","","","",""
"https://id.biodiversity.org.au/node/apni/2888413","Cotula australis","(Sieber ex Spreng.) Hook.f.","species","Plantae","Charophyta","Equisetopsida","Asterales","Asteraceae","Cotula","Common Cotula","21","","","","","","","","","","","","","","",""
"https://id.biodiversity.org.au/node/apni/2888833","Caesia parviflora","R.Br.","species","Plantae","Charophyta","Equisetopsida","Asparagales","Hemerocallidaceae","Caesia","Pale Grass-lily","21","","","","","","","","","","","","","","",""
"https://id.biodiversity.org.au/node/apni/2894677","Typha orientalis","C.Presl","species","Plantae","Charophyta","Equisetopsida","Poales","Typhaceae","Typha","Bullrush","21","","","","","","","","","","","","","","",""
"https://id.biodiversity.org.au/node/apni/2899504","Hovea linearis","(Sm.) R.Br.","species","Plantae","Charophyta","Equisetopsida","Fabales","Fabaceae","Hovea","Erect Hovea","21","","","","","","","","","","","","","","",""
"https://id.biodiversity.org.au/node/apni/2901115","Poa annua","L.","species","Plantae","Charophyta","Equisetopsida","Poales","Poaceae","Poa","Winter Grass","21","","","","","","","","","","","","","","",""
"https://id.biodiversity.org.au/node/apni/2910096","Syagrus romanzoffiana","(Cham.) Glassman","species","Plantae","Charophyta","Equisetopsida","Arecales","Arecaceae","Syagrus","Queen Palm","21","","","","","","","","","","","","","","",""
"https://id.biodiversity.org.au/node/apni/2913857","Solanum stelligerum","Sm.","species","Plantae","Charophyta","Equisetopsida","Solanales","Solanaceae","Solanum","Devil's Needles","21","","","","","","","","","","","","","","",""
"https://id.biodiversity.org.au/node/apni/2917025","Ricinocarpos pinifolius","Desf.","species","Plantae","Charophyta","Equisetopsida","Malpighiales","Euphorbiaceae","Ricinocarpos","Wedding Bush","21","","","","","","","","","","","","","","",""
"https://id.biodiversity.org.au/node/apni/7808071","Portulaca oleracea","L.","species","Plantae","Charophyta","Equisetopsida","Caryophyllales","Portulacaceae","Portulaca","Munyeroo","21","","","","","","","","","","","","","","",""
"https://id.biodiversity.org.au/taxon/apni/51298364","Cyanthillium cinereum","(L.) H.Rob.","species","Plantae","Charophyta","Equisetopsida","Asterales","Asteraceae","Cyanthillium","Ironweed","21","","","","","","","","","","","","","","",""
"https://id.biodiversity.org.au/taxon/apni/51440615","Eucalyptus haemastoma","Sm.","species","Plantae","Charophyta","Equisetopsida","Myrtales","Myrtaceae","Eucalyptus","Broad-leaved Scribbly Gum","21","","","","","Critically Endangered","","","Rare, Near Threatened","","Poorly-known species","Poorly-known species","","","",""
"https://id.biodiversity.org.au/taxon/apni/51442541","Briza minor","L.","species","Plantae","Charophyta","Equisetopsida","Poales","Poaceae","Briza","Lesser Quaking-grass","21","","","","","","","","","","","","","","",""
"https://id.biodiversity.org.au/taxon/apni/51445257","Banksia marginata","Cav.","species","Plantae","Charophyta","Equisetopsida","Proteales","Proteaceae","Banksia","Silver Banksia","21","","","","","","","","","","","","","","",""
"https://id.biodiversity.org.au/taxon/apni/51446402","Eriobotrya japonica","(Thunb.) Lindl.","species","Plantae","Charophyta","Equisetopsida","Rosales","Rosaceae","Eriobotrya","Loquat","21","","","","","","","","","","","","","","",""
"https://id.biodiversity.org.au/taxon/apni/51447766","Solanum chenopodioides","Lam.","species","Plantae","Charophyta","Equisetopsida","Solanales","Solanaceae","Solanum","Whitetip Nightshade","21","","","","","","","","","","","","","","",""
"https://id.biodiversity.org.au/taxon/apni/51767526","Styphelia affinis","(R.Br.) Spreng.","species","Plantae","Charophyta","Equisetopsida","Ericales","Ericaceae","Styphelia","","21","","Near Threatened","","","","","","","","","","","","",""
"https://id.biodiversity.org.au/taxon/apni/51795449","Thelymitra ixioides","Sw.","species","Plantae","Charophyta","Equisetopsida","Asparagales","Orchidaceae","Thelymitra","Spotted Sun-orchid","21","","","Near threatened","","","","","","","","","","","",""
"https://id.biodiversity.org.au/node/apni/2891416","Epacris pulchella","Cav.","species","Plantae","Charophyta","Equisetopsida","Ericales","Ericaceae","Epacris","Wallum Heath","20","","","","","","","","","","","","","","",""
"https://id.biodiversity.org.au/node/apni/2900092","Polygala virgata","Thunb.","species","Plantae","Charophyta","Equisetopsida","Fabales","Polygalaceae","Polygala","Purple Broom","20","","","","","","","","","","","","","","",""
"https://id.biodiversity.org.au/node/apni/2901369","Lomandra confertifolia","(F.M.Bailey) Fahn","species","Plantae","Charophyta","Equisetopsida","Asparagales","Asparagaceae","Lomandra","Matrush","20","","","","","","","","","","","","","","",""
"https://id.biodiversity.org.au/node/apni/2902840","Grevillea rosmarinifolia","A.Cunn.","species","Plantae","Charophyta","Equisetopsida","Proteales","Proteaceae","Grevillea","Rosemary Grevillea","20","","","","","","","","","","","","","","",""
"https://id.biodiversity.org.au/node/apni/2905516","Eupomatia bennettii","F.Muell.","species","Plantae","Charophyta","Equisetopsida","Magnoliales","Eupomatiaceae","Eupomatia","Small Bolwarra","20","","","","","","","","","","","","","","",""
"https://id.biodiversity.org.au/node/apni/2907431","Digitaria parviflora","(R.Br.) Hughes","species","Plantae","Charophyta","Equisetopsida","Poales","Poaceae","Digitaria","Small-flowered Finger Grass","20","","","","","","","","","","","","","","",""
"https://id.biodiversity.org.au/node/apni/2908993","Juncus continuus","L.A.S.Johnson","species","Plantae","Charophyta","Equisetopsida","Poales","Juncaceae","Juncus","Juncus","20","","","","","","","","","","","","","","",""
"https://id.biodiversity.org.au/node/apni/2914899","Actinotus minor","(Sm.) Tratt.","species","Plantae","Charophyta","Equisetopsida","Apiales","Apiaceae","Actinotus","Lesser Flannel Flower","20","","","","","","","","","","","","","","",""
"https://id.biodiversity.org.au/node/apni/2886962","Atriplex prostrata","Boucher ex DC.","species","Plantae","Charophyta","Equisetopsida","Caryophyllales","Chenopodiaceae","Atriplex","Hastate Orache","19","","","","","","","","","","","","","","",""
"https://id.biodiversity.org.au/node/apni/2887736","Oxalis latifolia","Kunth","species","Plantae","Charophyta","Equisetopsida","Oxalidales","Oxalidaceae","Oxalis","Fishtail Oxalis","19","","","","","","","","","","","","","","",""
"https://id.biodiversity.org.au/node/apni/2889030","Darwinia taxifolia","A.Cunn.","species","Plantae","Charophyta","Equisetopsida","Myrtales","Myrtaceae","Darwinia","Yew Scent-myrtle","19","","","","","","","","","","","","","","",""
"https://id.biodiversity.org.au/node/apni/2900254","Platylobium formosum","Sm.","species","Plantae","Charophyta","Equisetopsida","Fabales","Fabaceae","Platylobium","Handsome Flat-pea","19","","","","","","","","","","","","","","",""
"https://id.biodiversity.org.au/node/apni/2901546","Grevillea tenuiloba","C.A.Gardner","species","Plantae","Charophyta","Equisetopsida","Proteales","Proteaceae","Grevillea","Amber Grevillea","19","","","","","","","","","Poorly-known species","","","","","",""
"https://id.biodiversity.org.au/node/apni/2903560","Cerastium glomeratum","Thuill.","species","Plantae","Charophyta","Equisetopsida","Caryophyllales","Caryophyllaceae","Cerastium","Mouse-ear Chickweed","19","","","","","","","","","","","","","","",""
"https://id.biodiversity.org.au/node/apni/2910238","Paspalum urvillei","Steud.","species","Plantae","Charophyta","Equisetopsida","Poales","Poaceae","Paspalum","Vasey Grass","19","","","","","","","","","","","","","","",""
"https://id.biodiversity.org.au/node/apni/2911030","Paronychia brasiliana","DC.","species","Plantae","Charophyta","Equisetopsida","Caryophyllales","Caryophyllaceae","Paronychia","Brazilian Whitlow","19","","","","","","","","","","","","","","",""
"https://id.biodiversity.org.au/node/apni/2911536","Poa labillardierei","Steud.","species","Plantae","Charophyta","Equisetopsida","Poales","Poaceae","Poa","Suggan Buggan Blue Tussock-grass","19","","","","","","","","","","","","","","",""
"https://id.biodiversity.org.au/node/apni/2912296","Rytidosperma bipartitum","(Link) A.M.Humphreys & H.P.Linder","species","Plantae","Charophyta","Equisetopsida","Poales","Poaceae","Rytidosperma","Leafy Wallaby-grass","19","","","","","","","","","","","","","","",""
"https://id.biodiversity.org.au/node/apni/2912509","Corymbia citriodora","(Hook.) K.D.Hill & L.A.S.Johnson","species","Plantae","Charophyta","Equisetopsida","Myrtales","Myrtaceae","Corymbia","Lemon-scented Gum","19","","","","","","","","","","","","","","",""
"https://id.biodiversity.org.au/node/apni/2919217","Lachnagrostis filiformis","(G.Forst.) Trin.","species","Plantae","Charophyta","Equisetopsida","Poales","Poaceae","Lachnagrostis","Common Blown-grass","19","","","","","","","","","","","","","","",""
"https://id.biodiversity.org.au/taxon/apni/51268539","Hypochaeris albiflora","(Kuntze) Azevedo-Gonc. & Matzenb.","species","Plantae","Charophyta","Equisetopsida","Asterales","Asteraceae","Hypochaeris","White Flatweed","19","","","","","","","","","","","","","","",""
"https://id.biodiversity.org.au/taxon/apni/51438089","Romulea rosea","(L.) Eckl.","species","Plantae","Charophyta","Equisetopsida","Asparagales","Iridaceae","Romulea","Onion Grass","19","","","","","","","","","","","","","","",""
"https://id.biodiversity.org.au/taxon/apni/51613009","Salicornia quinqueflora","Bunge ex Ung.-Sternb.","species","Plantae","Charophyta","Equisetopsida","Caryophyllales","Chenopodiaceae","Salicornia","Beaded Glasswort","19","","","","","","","","","","","","","","",""
"https://id.biodiversity.org.au/taxon/apni/51794818","Caladenia picta","(Nicholls) M.A.Clem. & D.L.Jones","species","Plantae","Charophyta","Equisetopsida","Asparagales","Orchidaceae","Caladenia","Painted Fingers","19","","","Near threatened","","","","","","","","","","","",""
"https://id.biodiversity.org.au/name/apni/96821","Nothoscordum gracile","(Aiton) Stearn","species","Plantae","Charophyta","Equisetopsida","Asparagales","Alliaceae","Nothoscordum","Onion Weed","18","","","","","","","","","","","","","","",""
"https://id.biodiversity.org.au/node/apni/2890288","Cupaniopsis anacardioides","(A.Rich.) Radlk.","species","Plantae","Charophyta","Equisetopsida","Sapindales","Sapindaceae","Cupaniopsis","Tuckeroo","18","","","","","","","","","Poorly-known species","","","","","",""
"https://id.biodiversity.org.au/node/apni/2894530","Ficus rubiginosa","Desf. ex Vent.","species","Plantae","Charophyta","Equisetopsida","Rosales","Moraceae","Ficus","Port Jackson Fig","18","","","","","","","","","","","","","","",""
"https://id.biodiversity.org.au/node/apni/2896716","Acacia stricta","(Andrews) Willd.","species","Plantae","Charophyta","Equisetopsida","Fabales","Fabaceae","Acacia","Hop Wattle","18","Rare","","","","","","","","","","","","","",""
"https://id.biodiversity.org.au/node/apni/2898124","Banksia coccinea","R.Br.","species","Plantae","Charophyta","Equisetopsida","Proteales","Proteaceae","Banksia","Albany Banksia","18","","","","","","","","","","","","","","",""
"https://id.biodiversity.org.au/node/apni/2902679","Pomaderris lanigera","(Andrews) Sims","species","Plantae","Charophyta","Equisetopsida","Rosales","Rhamnaceae","Pomaderris","Woolly Pomaderris","18","","","","","","","","","","","","","","",""
"https://id.biodiversity.org.au/node/apni/2905053","Acacia alata","R.Br.","species","Plantae","Charophyta","Equisetopsida","Fabales","Fabaceae","Acacia","Winged Wattle","18","","","","","","","","","","","","","","",""
"https://id.biodiversity.org.au/node/apni/2905858","Mirbelia rubiifolia","(Andrews) G.Don","species","Plantae","Charophyta","Equisetopsida","Fabales","Fabaceae","Mirbelia","Heathy Mirbelia","18","","","","","Critically Endangered","","","","","","","","","",""
"https://id.biodiversity.org.au/node/apni/2909038","Chloris truncata","R.Br.","species","Plantae","Charophyta","Equisetopsida","Poales","Poaceae","Chloris","Windmill Grass","18","","","","","","","","","","","","","","",""
"https://id.biodiversity.org.au/node/apni/2919266","Lasiopetalum ferrugineum","Sm. ex Andrews","species","Plantae","Charophyta","Equisetopsida","Malvales","Malvaceae","Lasiopetalum","Rusty Velvet-bush","18","","","","","","","","","","","","","","",""
"https://id.biodiversity.org.au/node/apni/2920623","Hakea archaeoides","W.R.Barker","species","Plantae","Charophyta","Equisetopsida","Proteales","Proteaceae","Hakea","Big Nellie Hakea","18","","","","Vulnerable","","","Vulnerable","","","","","","","",""
"https://id.biodiversity.org.au/node/apni/2920938","Gonocarpus teucrioides","DC.","species","Plantae","Charophyta","Equisetopsida","Saxifragales","Haloragaceae","Gonocarpus","Germander Raspwort","18","","","","","","","","","","","","","","",""
"https://id.biodiversity.org.au/node/apni/4092442","Gomphocarpus fruticosus","(L.) W.T.Aiton","species","Plantae","Charophyta","Equisetopsida","Gentianales","Apocynaceae","Gomphocarpus","Narrow-leaved Cotton Bush","18","","","","","","","","","","","","","Y","",""
"https://id.biodiversity.org.au/taxon/apni/51404259","Diuris maculata","Sm.","species","Plantae","Charophyta","Equisetopsida","Asparagales","Orchidaceae","Diuris","Spotted Doubletail","18","","","Near threatened","","","","","","","","","","","",""
"https://id.biodiversity.org.au/taxon/apni/51446458","Rhaphiolepis indica","(L.) Lindl.","species","Plantae","Charophyta","Equisetopsida","Rosales","Rosaceae","Rhaphiolepis","Indian Hawthorn","18","","","","","","","","","","","","","","",""
"https://id.biodiversity.org.au/taxon/apni/51447764","Solanum aviculare","G.Forst.","species","Plantae","Charophyta","Equisetopsida","Solanales","Solanaceae","Solanum","Kangaroo Apple","18","","","","","","","","","","","","","","",""
"https://id.biodiversity.org.au/taxon/apni/51749268","Nandina domestica","Thunb.","species","Plantae","Charophyta","Equisetopsida","Ranunculales","Berberidaceae","Nandina","Japanese Sacred Bamboo","18","","","","","","","","","","","","","","",""
"https://id.biodiversity.org.au/node/apni/2886103","Melilotus indicus","(L.) All.","species","Plantae","Charophyta","Equisetopsida","Fabales","Fabaceae","Melilotus","Sweet Melilot","17","","","","","","","","","","","","","","",""
"https://id.biodiversity.org.au/node/apni/2889436","Doryanthes excelsa","Correa","species","Plantae","Charophyta","Equisetopsida","Asparagales","Doryanthaceae","Doryanthes","Gymea Lily","17","","","","","","","","","","","","","","",""
"https://id.biodiversity.org.au/node/apni/2892141","Cryptandra amara","Sm.","species","Plantae","Charophyta","Equisetopsida","Rosales","Rhamnaceae","Cryptandra","Bitter Cryptandra","17","","Endangered","","","","","","","","","","","","",""
"https://id.biodiversity.org.au/node/apni/2897934","Daviesia corymbosa","Sm.","species","Plantae","Charophyta","Equisetopsida","Fabales","Fabaceae","Daviesia","Narrow Leaf Bitter Pea","17","","","","","","","","","","","","","","",""
"https://id.biodiversity.org.au/node/apni/2900655","Stachys arvensis","(L.) L.","species","Plantae","Charophyta","Equisetopsida","Lamiales","Lamiaceae","Stachys","Stagger Weed","17","","","","","","","","","","","","","","",""
"https://id.biodiversity.org.au/node/apni/2909013","Gompholobium grandiflorum","Sm.","species","Plantae","Charophyta","Equisetopsida","Fabales","Fabaceae","Gompholobium","Large Wedge Pea","17","","","","","","","","","","","","","","",""
"https://id.biodiversity.org.au/node/apni/2909734","Chorilaena quercifolia","Endl.","species","Plantae","Charophyta","Equisetopsida","Sapindales","Rutaceae","Chorilaena","Chorilaeba","17","","","","","","","","","","","","","","",""
"https://id.biodiversity.org.au/node/apni/2910977","Sporobolus creber","De Nardi","species","Plantae","Charophyta","Equisetopsida","Poales","Poaceae","Sporobolus","Western Rat-tail Grass","17","","","","","","","","","","","","","","",""
"https://id.biodiversity.org.au/node/apni/2914136","Eucalyptus racemosa","Cav.","species","Plantae","Charophyta","Equisetopsida","Myrtales","Myrtaceae","Eucalyptus","Narrow-leaved Scribbly Gum","17","","","","","Critically Endangered","","","Rare, Near Threatened","","Poorly-known species","Poorly-known species","","","",""
"https://id.biodiversity.org.au/node/apni/2918955","Gomphrena celosioides","Mart.","species","Plantae","Charophyta","Equisetopsida","Caryophyllales","Amaranthaceae","Gomphrena","Gomphrena Weed","17","","","","","","","","","","","","","","",""
"https://id.biodiversity.org.au/node/apni/2920068","Geranium homeanum","Turcz.","species","Plantae","Charophyta","Equisetopsida","Geraniales","Geraniaceae","Geranium","Rainforest Crane's-bill","17","","","","","","","","","","","","","","",""
"https://id.biodiversity.org.au/taxon/apni/51293559","Telopea speciosissima","(Sm.) R.Br.","species","Plantae","Charophyta","Equisetopsida","Proteales","Proteaceae","Telopea","Waratah","17","","","","","","","","","","","","","","",""
"https://id.biodiversity.org.au/taxon/apni/51402816","Dendrobium speciosum","Sm.","species","Plantae","Charophyta","Equisetopsida","Asparagales","Orchidaceae","Dendrobium","Rock Lily","17","","","Near threatened","","","","","","","","","","","",""
"https://id.biodiversity.org.au/taxon/apni/51437102","Lechenaultia biloba","Lindl.","species","Plantae","Charophyta","Equisetopsida","Asterales","Goodeniaceae","Lechenaultia","Blue Leschenaultia","17","","","","","","","","","","","","","","",""
"https://id.biodiversity.org.au/taxon/apni/51767701","Styphelia humifusa","(Cav.) Pers.","species","Plantae","Charophyta","Equisetopsida","Ericales","Ericaceae","Styphelia","Cranberry Heath","17","","","","","","","","","","","","","","",""
"https://id.biodiversity.org.au/node/apni/2886301","Delairea odorata","Lem.","species","Plantae","Charophyta","Equisetopsida","Asterales","Asteraceae","Delairea","Cape Ivy","16","","","","","","","","","","","","","","",""
"https://id.biodiversity.org.au/node/apni/2886981","Spyridium scortechinii","(F.Muell.) K.R.Thiele","species","Plantae","Charophyta","Equisetopsida","Rosales","Rhamnaceae","Spyridium","","16","","","","","","","","","","","","","","",""
"https://id.biodiversity.org.au/node/apni/2887511","Alternanthera pungens","Kunth","species","Plantae","Charophyta","Equisetopsida","Caryophyllales","Amaranthaceae","Alternanthera","Khaki Weed","16","","","","","","","","","","","","","","",""
"https://id.biodiversity.org.au/node/apni/2890202","Laxmannia gracilis","R.Br.","species","Plantae","Charophyta","Equisetopsida","Asparagales","Asparagaceae","Laxmannia","Slender Wire Lily","16","","","","","","","","","","","","","","",""
"https://id.biodiversity.org.au/node/apni/2890983","Macadamia tetraphylla","L.A.S.Johnson","species","Plantae","Charophyta","Equisetopsida","Proteales","Proteaceae","Macadamia","Rough-shelled Bush Nut","16","","","Vulnerable","Vulnerable","","","Vulnerable","","","","","","","",""
"https://id.biodiversity.org.au/node/apni/2894680","Carex inversa","R.Br.","species","Plantae","Charophyta","Equisetopsida","Poales","Cyperaceae","Carex","Knob Sedge","16","","","","","Endangered","","","","","","","","","",""
"https://id.biodiversity.org.au/node/apni/2897406","Eleusine tristachya","(Lam.) Lam.","species","Plantae","Charophyta","Equisetopsida","Poales","Poaceae","Eleusine","American Crows-foot Grass","16","","","","","","","","","","","","","","",""
"https://id.biodiversity.org.au/node/apni/2901867","Rubus parvifolius","L.","species","Plantae","Charophyta","Equisetopsida","Rosales","Rosaceae","Rubus","Native Raspberry","16","","","","","","","","","","","","","","",""
"https://id.biodiversity.org.au/node/apni/2902546","Passiflora edulis","Sims","species","Plantae","Charophyta","Equisetopsida","Malpighiales","Passifloraceae","Passiflora","Common Passionfruit","16","","","","","","","","","","","","","","",""
"https://id.biodiversity.org.au/node/apni/2902805","Hernandia bivalvis","Benth.","species","Plantae","Charophyta","Equisetopsida","Laurales","Hernandiaceae","Hernandia","Cudgerie","16","","","Near threatened","","","","","","","","","","","",""
"https://id.biodiversity.org.au/node/apni/2902898","Westringia longifolia","R.Br.","species","Plantae","Charophyta","Equisetopsida","Lamiales","Lamiaceae","Westringia","Long-leaved Westringia","16","","","","","","","","","","","","","","",""
"https://id.biodiversity.org.au/node/apni/2905083","Megathyrsus maximus","(Jacq.) B.K.Simon & S.W.L.Jacobs","species","Plantae","Charophyta","Equisetopsida","Poales","Poaceae","Megathyrsus","Guinea Grass","16","","","","","","","","","","","","","","",""
"https://id.biodiversity.org.au/node/apni/2906788","Salvinia x molesta","D.S.Mitch.","species","Plantae","Charophyta","Equisetopsida","Salviniales","Salviniaceae","Salvinia","Salvinia","16","","","","","","","","","","","","Y","","",""
"https://id.biodiversity.org.au/node/apni/2907262","Phyllanthus tenellus","Roxb.","species","Plantae","Charophyta","Equisetopsida","Malpighiales","Phyllanthaceae","Phyllanthus","Hen And Chicken","16","","","Vulnerable","","","","","","","","","","","",""
"https://id.biodiversity.org.au/node/apni/2907757","Coreopsis lanceolata","L.","species","Plantae","Charophyta","Equisetopsida","Asterales","Asteraceae","Coreopsis","Common Tickseed","16","","","","","","","","","","","","","","",""
"https://id.biodiversity.org.au/node/apni/2909327","Phebalium whitei","Paul G.Wilson","species","Plantae","Charophyta","Equisetopsida","Sapindales","Rutaceae","Phebalium","","16","","","Vulnerable","Vulnerable","","","","","","","","","","",""
"https://id.biodiversity.org.au/node/apni/2912434","Lasiopetalum parviflorum","Rudge","species","Plantae","Charophyta","Equisetopsida","Malvales","Malvaceae","Lasiopetalum","Small-flowered Lasiopetalum","16","","","","","","","","","","","","","","",""
"https://id.biodiversity.org.au/node/apni/2912800","Schinus molle","L.","species","Plantae","Charophyta","Equisetopsida","Sapindales","Anacardiaceae","Schinus","Pepper-tree","16","","","","","","","","","","","","","","",""
"https://id.biodiversity.org.au/node/apni/2913756","Opercularia aspera","Gaertn.","species","Plantae","Charophyta","Equisetopsida","Gentianales","Rubiaceae","Opercularia","Coarse Stinkweed","16","","","","","","","","","","","","","","",""
"https://id.biodiversity.org.au/node/apni/2914702","Chamelaucium uncinatum","Schauer","species","Plantae","Charophyta","Equisetopsida","Myrtales","Myrtaceae","Chamelaucium","Geraldton Wax","16","","","","","","","","","","","","","","",""
"https://id.biodiversity.org.au/node/apni/2919810","Patersonia sericea","R.Br.","species","Plantae","Charophyta","Equisetopsida","Asparagales","Iridaceae","Patersonia","Silky Purple-flag","16","","","","","","","","","","","","","","",""
"https://id.biodiversity.org.au/node/apni/2920067","Sporobolus virginicus","(L.) Kunth","species","Plantae","Charophyta","Equisetopsida","Poales","Poaceae","Sporobolus","Salt Couch","16","","","","","","","","","","","","","","",""
"https://id.biodiversity.org.au/node/apni/7385749","Centaurium tenuiflorum","(Hoffmanns. & Link) Fritsch","species","Plantae","Charophyta","Equisetopsida","Gentianales","Gentianaceae","Centaurium","Branched Centaury","16","","","","","","","","","","","","","","",""
"https://id.biodiversity.org.au/taxon/apni/51266874","Livistona australis","(R.Br.) Mart.","species","Plantae","Charophyta","Equisetopsida","Arecales","Arecaceae","Livistona","Cabbage Tree Palm","16","","","","","Critically Endangered","","","","","","","","","",""
"https://id.biodiversity.org.au/taxon/apni/51431815","Cassinia sifton","Orchard","species","Plantae","Charophyta","Equisetopsida","Asterales","Asteraceae","Cassinia","Drooping Sifton Bush","16","","","","","","","","","","","","","","",""
"https://id.biodiversity.org.au/taxon/apni/51436555","Acacia elata","A.Cunn. ex Benth.","species","Plantae","Charophyta","Equisetopsida","Fabales","Fabaceae","Acacia","Cedar Wattle","16","","","","","","","","","","","","","","",""
"https://id.biodiversity.org.au/taxon/apni/51438078","Orthrosanthus multiflorus","Sweet","species","Plantae","Charophyta","Equisetopsida","Asparagales","Iridaceae","Orthrosanthus","Morning Flag","16","","","","","Endangered","","","","","","","","","",""
"https://id.biodiversity.org.au/taxon/apni/51440400","Syzygium paniculatum","Gaertn.","species","Plantae","Charophyta","Equisetopsida","Myrtales","Myrtaceae","Syzygium","Magenta Lilly Pilly","16","","","","Vulnerable","","","Vulnerable","","","","","","","",""
"https://id.biodiversity.org.au/taxon/apni/51446204","Alphitonia excelsa","(A.Cunn. ex Fenzl) Benth.","species","Plantae","Charophyta","Equisetopsida","Rosales","Rhamnaceae","Alphitonia","Red Ash","16","","","","","","","","","","Poorly-known species","","","","",""
"https://id.biodiversity.org.au/taxon/apni/51767487","Monotoca elliptica","(Sm.) R.Br.","species","Plantae","Charophyta","Equisetopsida","Ericales","Ericaceae","Monotoca","Tree Broom-heath","16","","","","","","","","","","","","","","",""
"https://id.biodiversity.org.au/node/apni/2886064","Stenocarpus sinuatus","Endl.","species","Plantae","Charophyta","Equisetopsida","Proteales","Proteaceae","Stenocarpus","Wheel Of Fire","15","","","","","","","","","","","","","","",""
"https://id.biodiversity.org.au/node/apni/2890216","Einadia polygonoides","(Murr) Paul G.Wilson","species","Plantae","Charophyta","Equisetopsida","Caryophyllales","Chenopodiaceae","Einadia","Knotted Goosefoot","15","","","","","","","","","","","","","","",""
"https://id.biodiversity.org.au/node/apni/2891463","Brassica fruticulosa","Cirillo","species","Plantae","Charophyta","Equisetopsida","Brassicales","Brassicaceae","Brassica","Twiggy Turnip","15","","","","","","","","","","","","","","",""
"https://id.biodiversity.org.au/node/apni/2893716","Juncus acutus","L.","species","Plantae","Charophyta","Equisetopsida","Poales","Juncaceae","Juncus","Sharp Rush","15","","","","","","","","","","","","","","",""
"https://id.biodiversity.org.au/node/apni/2894206","Richardia stellaris","(Cham. & Schltdl.) Steud.","species","Plantae","Charophyta","Equisetopsida","Gentianales","Rubiaceae","Richardia","","15","","","","","","","","","","","","","","",""
"https://id.biodiversity.org.au/node/apni/2897244","Oxalis pes-caprae","L.","species","Plantae","Charophyta","Equisetopsida","Oxalidales","Oxalidaceae","Oxalis","Soursob","15","","","","","","","","","","","","","","",""
"https://id.biodiversity.org.au/node/apni/2898738","Clematis aristata","R.Br. ex Ker Gawl.","species","Plantae","Charophyta","Equisetopsida","Ranunculales","Ranunculaceae","Clematis","Mountain Old Man's Beard","15","Vulnerable","","","","","","","","","","","","","",""
"https://id.biodiversity.org.au/node/apni/2903190","Opuntia schickendantzii","F.A.C.Weber","species","Plantae","Charophyta","Equisetopsida","Caryophyllales","Cactaceae","Opuntia","Lion's Tongue","15","","","","","","","","","","","","Y","","",""
"https://id.biodiversity.org.au/node/apni/2904956","Eleusine indica","(L.) Gaertn.","species","Plantae","Charophyta","Equisetopsida","Poales","Poaceae","Eleusine","Crowsfoot Grass","15","","","","","","","","","","","","","","",""
"https://id.biodiversity.org.au/node/apni/2905013","Amyema congener","(Sieber ex Schult. & Schult.f.) Tiegh.","species","Plantae","Charophyta","Equisetopsida","Santalales","Loranthaceae","Amyema","","15","","","","","","","","","","","","","","",""
"https://id.biodiversity.org.au/node/apni/2906822","Acacia rubida","A.Cunn.","species","Plantae","Charophyta","Equisetopsida","Fabales","Fabaceae","Acacia","Red-stemmed Wattle","15","","","","","","","","","","","","","","",""
"https://id.biodiversity.org.au/node/apni/2912585","Passiflora caerulea","L.","species","Plantae","Charophyta","Equisetopsida","Malpighiales","Passifloraceae","Passiflora","Blue Passionflower","15","","","","","","","","","","","","","","",""
"https://id.biodiversity.org.au/node/apni/2916964","Lepidium bonariense","L.","species","Plantae","Charophyta","Equisetopsida","Brassicales","Brassicaceae","Lepidium","Peppercress","15","","","","","","","","","","","","","","",""
"https://id.biodiversity.org.au/node/apni/2918147","Talinum paniculatum","(Jacq.) Gaertn.","species","Plantae","Charophyta","Equisetopsida","Caryophyllales","Portulacaceae","Talinum","Talinum","15","","","","","","","","","","","","","","",""
"https://id.biodiversity.org.au/node/apni/2918410","Phytolacca octandra","L.","species","Plantae","Charophyta","Equisetopsida","Caryophyllales","Phytolaccaceae","Phytolacca","Red-ink Weed","15","","","","","","","","","","","","","","",""
"https://id.biodiversity.org.au/node/apni/2919306","Eucalyptus resinifera","J.White","species","Plantae","Charophyta","Equisetopsida","Myrtales","Myrtaceae","Eucalyptus","Red Mahogany","15","","","","","Critically Endangered","","","Rare, Near Threatened","","Poorly-known species","Poorly-known species","","","",""
"https://id.biodiversity.org.au/node/apni/2921082","Melaleuca thymifolia","Sm.","species","Plantae","Charophyta","Equisetopsida","Myrtales","Myrtaceae","Melaleuca","Thyme Honeymyrtle","15","","","","","","","","","","","","","","",""
"https://id.biodiversity.org.au/taxon/apni/51290236","Melaleuca squarrosa","Donn ex Sm.","species","Plantae","Charophyta","Equisetopsida","Myrtales","Myrtaceae","Melaleuca","Bottlebrush Tea-tree","15","Rare","","","","","","","","","","","","","",""
"https://id.biodiversity.org.au/taxon/apni/51294588","Verbena officinalis","L.","species","Plantae","Charophyta","Equisetopsida","Lamiales","Verbenaceae","Verbena","Common Verbena","15","","","","","","","","","","","","","","",""
"https://id.biodiversity.org.au/taxon/apni/51433732","Hypericum gramineum","G.Forst.","species","Plantae","Charophyta","Equisetopsida","Malpighiales","Hypericaceae","Hypericum","Small St Johns Wort","15","","","","","","","","","","","","","","",""
"https://id.biodiversity.org.au/taxon/apni/51435315","Epacris microphylla","R.Br.","species","Plantae","Charophyta","Equisetopsida","Ericales","Ericaceae","Epacris","Coral Heath","15","","","","","Vulnerable","","","","","","","","","",""
"https://id.biodiversity.org.au/taxon/apni/51446156","Ranunculus lappaceus","Sm.","species","Plantae","Charophyta","Equisetopsida","Ranunculales","Ranunculaceae","Ranunculus","Native Buttercup","15","","","","","","","","","","","","","","",""
"https://id.biodiversity.org.au/node/apni/2887061","Macrozamia communis","L.A.S.Johnson","species","Plantae","Charophyta","Equisetopsida","Cycadales","Zamiaceae","Macrozamia","Burrawang","14","","","","","","","","","","","","","","",""
"https://id.biodiversity.org.au/node/apni/2889520","Nothoscordum borbonicum","Kunth","species","Plantae","Charophyta","Equisetopsida","Asparagales","Alliaceae","Nothoscordum","Onion Weed","14","","","","","","","","","","","","","","",""
"https://id.biodiversity.org.au/node/apni/2889989","Grevillea stenomera","F.Muell.","species","Plantae","Charophyta","Equisetopsida","Proteales","Proteaceae","Grevillea","Lace Net Grevillea","14","","","","","","","","","","Poorly-known species","","","","",""
"https://id.biodiversity.org.au/node/apni/2890125","Murraya paniculata","(L.) Jack","species","Plantae","Charophyta","Equisetopsida","Sapindales","Rutaceae","Murraya","Murraya","14","","","","","","","","","","","","","","",""
"https://id.biodiversity.org.au/node/apni/2897416","Philotheca difformis","(A.Cunn. ex Endl.) Paul G.Wilson","species","Plantae","Charophyta","Equisetopsida","Sapindales","Rutaceae","Philotheca","","14","","","","","","","","","","","","","","",""
"https://id.biodiversity.org.au/node/apni/2900302","Banksia plagiocarpa","A.S.George","species","Plantae","Charophyta","Equisetopsida","Proteales","Proteaceae","Banksia","Dallachy's Banksia","14","","","Vulnerable","","","","","","","","","","","",""
"https://id.biodiversity.org.au/node/apni/2907347","Chenopodium album","L.","species","Plantae","Charophyta","Equisetopsida","Caryophyllales","Chenopodiaceae","Chenopodium","Fat Hen","14","","","","","","","","","","","","","","",""
"https://id.biodiversity.org.au/node/apni/2909143","Dimorphotheca ecklonis","DC.","species","Plantae","Charophyta","Equisetopsida","Asterales","Asteraceae","Dimorphotheca","Cape Daisy","14","","","","","","","","","","","","","","",""
"https://id.biodiversity.org.au/node/apni/2909660","Persoonia nutans","R.Br.","species","Plantae","Charophyta","Equisetopsida","Proteales","Proteaceae","Persoonia","Nodding Geebung","14","","","","Endangered","","","Endangered","","","","","","","",""
"https://id.biodiversity.org.au/node/apni/2909717","Hibbertia acicularis","(Labill.) F.Muell.","species","Plantae","Charophyta","Equisetopsida","","Dilleniaceae","Hibbertia","Prickly Guinea-flower","14","","","","","","","","","","","","","","",""
"https://id.biodiversity.org.au/node/apni/2911196","Acacia filicifolia","Cheel & M.B.Welch","species","Plantae","Charophyta","Equisetopsida","Fabales","Fabaceae","Acacia","Fern-leaved Wattle","14","","","","","","","","","","","","","","",""
"https://id.biodiversity.org.au/node/apni/2919223","Lindsaea linearis","Sw.","species","Plantae","Charophyta","Equisetopsida","Polypodiales","Lindsaeaceae","Lindsaea","Screw Fern","14","","","","","","","","","","","","","","",""
"https://id.biodiversity.org.au/node/apni/2919383","Nymphaea mexicana","Zucc.","species","Plantae","Charophyta","Equisetopsida","Nymphaeales","Nymphaeaceae","Nymphaea","Mexican Water-lily","14","","","","","","","","","","","","","","",""
"https://id.biodiversity.org.au/node/apni/7731617","Pennantia cunninghamii","Miers","species","Plantae","Charophyta","Equisetopsida","Apiales","Pennantiaceae","Pennantia","Brown Beech","14","","","","","","","","","","","","","","",""
"https://id.biodiversity.org.au/taxon/apni/51269908","Wahlenbergia capillaris","(G.Lodd.) G.Don","species","Plantae","Charophyta","Equisetopsida","Asterales","Campanulaceae","Wahlenbergia","Tufted Bluebell","14","","","","","","","","","","","","","","",""
"https://id.biodiversity.org.au/taxon/apni/51403397","Dipodium punctatum","(Sm.) R.Br.","species","Plantae","Charophyta","Equisetopsida","Asparagales","Orchidaceae","Dipodium","Purple Hyacinth-orchid","14","Endangered","","Near threatened","","","","","","","","","","","",""
"https://id.biodiversity.org.au/taxon/apni/51406103","Glossodia minor","R.Br.","species","Plantae","Charophyta","Equisetopsida","Asparagales","Orchidaceae","Glossodia","Small Wax Lip Orchid","14","","","Near threatened","","Endangered","","","","","","","","","",""
"https://id.biodiversity.org.au/taxon/apni/51429088","Phyllota phylicoides","(Sieber ex DC.) Benth.","species","Plantae","Charophyta","Equisetopsida","Fabales","Fabaceae","Phyllota","Yellow Peabush","14","","","","","","","","","","","","","","",""
"https://id.biodiversity.org.au/taxon/apni/51438490","Linum trigynum","L.","species","Plantae","Charophyta","Equisetopsida","Malpighiales","Linaceae","Linum","French Flax","14","","","","","","","","","","","","","","",""
"https://id.biodiversity.org.au/taxon/apni/51735708","Alternanthera denticulata","R.Br.","species","Plantae","Charophyta","Equisetopsida","Caryophyllales","Amaranthaceae","Alternanthera","Lesser Joyweed","14","","Endangered","","","","","","","","","","","","",""
"https://id.biodiversity.org.au/taxon/apni/51777365","Brachychiton populneus","(Schott & Endl.) R.Br.","species","Plantae","Charophyta","Equisetopsida","Malvales","Malvaceae","Brachychiton","Kurrajong","14","","","","","","","","","","","","","","",""
"https://id.biodiversity.org.au/node/apni/2889021","Psychotria loniceroides","Sieber ex DC.","species","Plantae","Charophyta","Equisetopsida","Gentianales","Rubiaceae","Psychotria","Hairy Psychotria","13","","","","","","","","","","","","","","",""
"https://id.biodiversity.org.au/node/apni/2890381","Lepyrodia scariosa","R.Br.","species","Plantae","Charophyta","Equisetopsida","Poales","Restionaceae","Lepyrodia","Chaffy Scale-rush","13","","","","","","","","","","","","","","",""
"https://id.biodiversity.org.au/node/apni/2890633","Caustis flexuosa","R.Br.","species","Plantae","Charophyta","Equisetopsida","Poales","Cyperaceae","Caustis","Curly Wig","13","","","","","","","","","","","","","","",""
"https://id.biodiversity.org.au/node/apni/2891810","Senecio pterophorus","DC.","species","Plantae","Charophyta","Equisetopsida","Asterales","Asteraceae","Senecio","African Daisy","13","","","","","","","","","","","","","","",""
"https://id.biodiversity.org.au/node/apni/2892858","Lolium perenne","L.","species","Plantae","Charophyta","Equisetopsida","Poales","Poaceae","Lolium","Perennial Ryegrass","13","","","","","","","","","","","","","","",""
"https://id.biodiversity.org.au/node/apni/2894934","Melaleuca sieberi","Schauer","species","Plantae","Charophyta","Equisetopsida","Myrtales","Myrtaceae","Melaleuca","","13","","","","","","","","","","","","","","",""
"https://id.biodiversity.org.au/node/apni/2895217","Acacia brownii","(Poir.) Steud.","species","Plantae","Charophyta","Equisetopsida","Fabales","Fabaceae","Acacia","Heath Wattle","13","","","","","","","","","","","","","","",""
"https://id.biodiversity.org.au/node/apni/2896895","Thunbergia alata","Bojer ex Sims","species","Plantae","Charophyta","Equisetopsida","Lamiales","Acanthaceae","Thunbergia","Black-eyed Susan","13","","","","","","","","","","","","","","",""
"https://id.biodiversity.org.au/node/apni/2897822","Tragopogon porrifolius","L.","species","Plantae","Charophyta","Equisetopsida","Asterales","Asteraceae","Tragopogon","Salsify","13","","","","","","","","","","","","","","",""
"https://id.biodiversity.org.au/node/apni/2899607","Eucalyptus parramattensis","E.C.Hall","species","Plantae","Charophyta","Equisetopsida","Myrtales","Myrtaceae","Eucalyptus","Parramatta Red Gum","13","","","","","Critically Endangered","","","Rare, Near Threatened","","Poorly-known species","Poorly-known species","","","",""
"https://id.biodiversity.org.au/node/apni/2901529","Acer negundo","L.","species","Plantae","Charophyta","Equisetopsida","Sapindales","Sapindaceae","Acer","Box-elder Maple","13","","","","","","","","","","","","","","",""
"https://id.biodiversity.org.au/node/apni/2906172","Drosera auriculata","Backh. ex Planch.","species","Plantae","Charophyta","Equisetopsida","Caryophyllales","Droseraceae","Drosera","Tall Sundew","13","","","","","","","","","","","","","","",""
"https://id.biodiversity.org.au/node/apni/2906938","Anisopogon avenaceus","R.Br.","species","Plantae","Charophyta","Equisetopsida","Poales","Poaceae","Anisopogon","Oat Spear-grass","13","","","","","","","","","","","","","","",""
"https://id.biodiversity.org.au/node/apni/2907969","Vittadinia cuneata","DC.","species","Plantae","Charophyta","Equisetopsida","Asterales","Asteraceae","Vittadinia","Fuzzy New Holland Daisy","13","","","","","","","","","","","","","","",""
"https://id.biodiversity.org.au/node/apni/2908422","Avena fatua","L.","species","Plantae","Charophyta","Equisetopsida","Poales","Poaceae","Avena","Wild Oats","13","","","","","","","","","","","","","","",""
"https://id.biodiversity.org.au/node/apni/2909241","Gonocarpus tetragynus","Labill.","species","Plantae","Charophyta","Equisetopsida","Saxifragales","Haloragaceae","Gonocarpus","Small-leaf Raspwort","13","","","","","","","","","","","","","","",""
"https://id.biodiversity.org.au/node/apni/2909588","Oxalis corniculata","L.","species","Plantae","Charophyta","Equisetopsida","Oxalidales","Oxalidaceae","Oxalis","Yellow Wood-sorrel","13","","","","","","","","","","","","","","",""
"https://id.biodiversity.org.au/node/apni/2912734","Agonis flexuosa","(Willd.) Sweet","species","Plantae","Charophyta","Equisetopsida","Myrtales","Myrtaceae","Agonis","Willow Myrtle","13","","","","","","","","","","","","","","",""
"https://id.biodiversity.org.au/node/apni/2913806","Eucalyptus scoparia","Maiden","species","Plantae","Charophyta","Equisetopsida","Myrtales","Myrtaceae","Eucalyptus","Wallangarra White Gum","13","","","Vulnerable","Vulnerable","Critically Endangered","","Endangered","Rare, Near Threatened","","Poorly-known species","Poorly-known species","","","",""
"https://id.biodiversity.org.au/node/apni/2917703","Westringia brevifolia","Benth.","species","Plantae","Charophyta","Equisetopsida","Lamiales","Lamiaceae","Westringia","","13","","","","","","","","","","","","","","",""
"https://id.biodiversity.org.au/node/apni/2918344","Plumbago auriculata","Lam.","species","Plantae","Charophyta","Equisetopsida","Caryophyllales","Plumbaginaceae","Plumbago","Cape Leadwot","13","","","","","","","","","","","","","","",""
"https://id.biodiversity.org.au/node/apni/2919299","Senna barronfieldii","(Colla) Hewson","species","Plantae","Charophyta","Equisetopsida","Fabales","Fabaceae","Senna","","13","","","","","","","","","","","","","","",""
"https://id.biodiversity.org.au/node/apni/2920302","Cyathochaeta diandra","(R.Br.) Nees","species","Plantae","Charophyta","Equisetopsida","Poales","Cyperaceae","Cyathochaeta","Sheath Sedge","13","","","","","Vulnerable","","","","","","","","","",""
"https://id.biodiversity.org.au/node/apni/7098367","Canna indica","L.","species","Plantae","Charophyta","Equisetopsida","Zingiberales","Cannaceae","Canna","Indian Shot","13","","","","","","","","","","","","","","",""
"https://id.biodiversity.org.au/taxon/apni/51268414","Cotula coronopifolia","L.","species","Plantae","Charophyta","Equisetopsida","Asterales","Asteraceae","Cotula","Water Buttons","13","","","","","","","","","","","","","","",""
"https://id.biodiversity.org.au/taxon/apni/51293434","Hakea dactyloides","(Gaertn.) Cav.","species","Plantae","Charophyta","Equisetopsida","Proteales","Proteaceae","Hakea","Finger Hakea","13","","","","","Endangered","","","","","","","","","",""
"https://id.biodiversity.org.au/taxon/apni/51406640","Microtis parviflora","R.Br.","species","Plantae","Charophyta","Equisetopsida","Asparagales","Orchidaceae","Microtis","Slender Onion-orchid","13","","","Near threatened","","","","","","","","","","","",""
"https://id.biodiversity.org.au/taxon/apni/51434141","Callicoma serratifolia","Andrews","species","Plantae","Charophyta","Equisetopsida","Oxalidales","Cunoniaceae","Callicoma","Black Wattle","13","","","","","","","","","","","","","","",""
"https://id.biodiversity.org.au/taxon/apni/51439656","Callistemon citrinus","(Curtis) Skeels","species","Plantae","Charophyta","Equisetopsida","Myrtales","Myrtaceae","Callistemon","Crimson Bottlebrush","13","","","","","","","","","","","","","","",""
"https://id.biodiversity.org.au/taxon/apni/51444959","Persicaria lapathifolia","(L.) Delarbre","species","Plantae","Charophyta","Equisetopsida","Caryophyllales","Polygonaceae","Persicaria","Pale Knotweed","13","","","","","","","","","","","","","","",""
"https://id.biodiversity.org.au/taxon/apni/51762250","Cyathea cooperi","(Hook. ex F.Muell.) Domin","species","Plantae","Charophyta","Equisetopsida","Cyatheales","Cyatheaceae","Cyathea","Straw Tree-fern","13","","","","","","","","","","","","","","",""
"https://id.biodiversity.org.au/node/apni/2886894","Austrostipa ramosissima","(Trin.) S.W.L.Jacobs & J.Everett","species","Plantae","Charophyta","Equisetopsida","Poales","Poaceae","Austrostipa","Stout Bamboo-grass","12","","","","","","","","","","","","","","",""
"https://id.biodiversity.org.au/node/apni/2889510","Lepidium didymum","L.","species","Plantae","Charophyta","Equisetopsida","Brassicales","Brassicaceae","Lepidium","Lesser Swine's-cress","12","","","","","","","","","","","","","","",""
"https://id.biodiversity.org.au/node/apni/2892165","Atriplex semibaccata","R.Br.","species","Plantae","Charophyta","Equisetopsida","Caryophyllales","Chenopodiaceae","Atriplex","Berry Saltbush","12","","","","","","","","","","","","","","",""
"https://id.biodiversity.org.au/node/apni/2895388","Samolus repens","(J.R.Forst. & G.Forst.) Pers.","species","Plantae","Charophyta","Equisetopsida","Ericales","Primulaceae","Samolus","Creeping Brookweed","12","","","","","","","","","","","","","","",""
"https://id.biodiversity.org.au/node/apni/2896725","Platysace lanceolata","(Labill.) Druce","species","Plantae","Charophyta","Equisetopsida","Apiales","Apiaceae","Platysace","Shrubby Platysace","12","","","","","","","","","","","","","","",""
"https://id.biodiversity.org.au/node/apni/2896871","Lagerstroemia indica","L.","species","Plantae","Charophyta","Equisetopsida","Myrtales","Lythraceae","Lagerstroemia","Crepe Myrtle","12","","","","","","","","","","","","","","",""
"https://id.biodiversity.org.au/node/apni/2898321","Dipogon lignosus","(L.) Verdc.","species","Plantae","Charophyta","Equisetopsida","Fabales","Fabaceae","Dipogon","Common Dolichos Pea","12","","","","","","","","","","","","","","",""
"https://id.biodiversity.org.au/node/apni/2899317","Medicago arabica","(L.) Huds.","species","Plantae","Charophyta","Equisetopsida","Fabales","Fabaceae","Medicago","Spotted Medic","12","","","","","","","","","","","","","","",""
"https://id.biodiversity.org.au/node/apni/2899363","Podolobium ilicifolium","(Andrews) Crisp & P.H.Weston","species","Plantae","Charophyta","Equisetopsida","Fabales","Fabaceae","Podolobium","Prickly Shaggy Pea","12","","","","","Vulnerable","","","","","","","","","",""
"https://id.biodiversity.org.au/node/apni/2900763","Lomandra hystrix","(R.Br.) L.R.Fraser & Vickery","species","Plantae","Charophyta","Equisetopsida","Asparagales","Asparagaceae","Lomandra","Mat-rush","12","","","","","","","","","","","","","","",""
"https://id.biodiversity.org.au/node/apni/2905813","Hibbertia dentata","R.Br. ex DC.","species","Plantae","Charophyta","Equisetopsida","","Dilleniaceae","Hibbertia","Trailing Guinea Flower","12","","","","","Endangered","","","","","","","","","",""
"https://id.biodiversity.org.au/node/apni/2906597","Hypolepis muelleri","N.A.Wakef.","species","Plantae","Charophyta","Equisetopsida","Polypodiales","Dennstaedtiaceae","Hypolepis","Swamp Bracken","12","","Near Threatened","","","","","","","","","","","","",""
"https://id.biodiversity.org.au/node/apni/2909339","Athrotaxis cupressoides","D.Don","species","Plantae","Charophyta","Equisetopsida","Pinales","Cupressaceae","Athrotaxis","Pencil Pine","12","","","","","","","","","","","","","","",""
"https://id.biodiversity.org.au/node/apni/2910932","Exocarpos strictus","R.Br.","species","Plantae","Charophyta","Equisetopsida","Santalales","Santalaceae","Exocarpos","Pale-fruit Cherry","12","Rare","","","","","","","","","","","","","",""
"https://id.biodiversity.org.au/node/apni/2915217","Hypoxis hygrometrica","Labill.","species","Plantae","Charophyta","Equisetopsida","Asparagales","Hypoxidaceae","Hypoxis","Golden Weather-grass","12","","","","","","","","","","","","","","",""
"https://id.biodiversity.org.au/node/apni/2915447","Chlorophytum comosum","(Thunb.) Jacques","species","Plantae","Charophyta","Equisetopsida","Asparagales","Asparagaceae","Chlorophytum","Spider Plant","12","","","","","","","","","","","","","","",""
"https://id.biodiversity.org.au/node/apni/2917185","Melaleuca hypericifolia","Sm.","species","Plantae","Charophyta","Equisetopsida","Myrtales","Myrtaceae","Melaleuca","Hillock Bush","12","","","","","","","","","","","","","","",""
"https://id.biodiversity.org.au/node/apni/7166184","Hibbertia pedunculata","R.Br. ex DC.","species","Plantae","Charophyta","Equisetopsida","","Dilleniaceae","Hibbertia","Stalked Guinea-flower","12","","","","","","","","","","","","","","",""
"https://id.biodiversity.org.au/taxon/apni/51268773","Olearia viscidula","(F.Muell.) Benth.","species","Plantae","Charophyta","Equisetopsida","Asterales","Asteraceae","Olearia","Wallaby Weed","12","","","","","","","","","","","","","","",""
"https://id.biodiversity.org.au/taxon/apni/51271072","Callitris rhomboidea","R.Br. ex Rich. & A.Rich.","species","Plantae","Charophyta","Equisetopsida","Pinales","Cupressaceae","Callitris","Port Jackson Pine","12","","","","","","","","","","","","","","",""
"https://id.biodiversity.org.au/taxon/apni/51288875","Stephania japonica","(Thunb.) Miers","species","Plantae","Charophyta","Equisetopsida","Ranunculales","Menispermaceae","Stephania","Stephania","12","","","","","","","","","","","","","","",""
"https://id.biodiversity.org.au/taxon/apni/51434990","Drosera peltata","Thunb.","species","Plantae","Charophyta","Equisetopsida","Caryophyllales","Droseraceae","Drosera","Pale Sundew","12","","","","","","","","","","","","","","",""
"https://id.biodiversity.org.au/taxon/apni/51436646","Acacia pycnantha","Benth.","species","Plantae","Charophyta","Equisetopsida","Fabales","Fabaceae","Acacia","Golden Wattle","12","","","","","","","","","","","","","","",""
"https://id.biodiversity.org.au/taxon/apni/51436992","Gleichenia dicarpa","R.Br.","species","Plantae","Charophyta","Equisetopsida","Gleicheniales","Gleicheniaceae","Gleichenia","Gleichenia","12","","","","","","","","","","","","","","",""
"https://id.biodiversity.org.au/taxon/apni/51445154","Pontederia crassipes","Mart.","species","Plantae","Charophyta","Equisetopsida","Commelinales","Pontederiaceae","Pontederia","","12","","","","","","","","","","","","Y","","Y",""
"https://id.biodiversity.org.au/taxon/apni/51753926","Hibbertia stricta","(DC.) R.Br. ex F.Muell.","species","Plantae","Charophyta","Equisetopsida","","Dilleniaceae","Hibbertia","Upright Guinea-flower","12","","","","","","","","","","","","","","",""
"https://id.biodiversity.org.au/taxon/apni/51770723","Bossiaea prostrata","R.Br.","species","Plantae","Charophyta","Equisetopsida","Fabales","Fabaceae","Bossiaea","Creeping Bossiaea","12","","","","","","","","","","","","","","",""
"https://id.biodiversity.org.au/taxon/apni/51776144","Utricularia oppositiflora","R.Br.","species","Plantae","Charophyta","Equisetopsida","Lamiales","Lentibulariaceae","Utricularia","","12","","","","","","","","","Poorly-known species","","","","","",""
"https://id.biodiversity.org.au/node/apni/2887818","Lepidium africanum","(Burm.f.) DC.","species","Plantae","Charophyta","Equisetopsida","Brassicales","Brassicaceae","Lepidium","Rubble Peppercress","11","","","","","","","","","","","","","","",""
"https://id.biodiversity.org.au/node/apni/2890796","Burchardia umbellata","R.Br.","species","Plantae","Charophyta","Equisetopsida","Liliales","Colchicaceae","Burchardia","Milkmaids","11","","","","","","","","","","","","","","",""
"https://id.biodiversity.org.au/node/apni/2894257","Eriostemon australasius","Pers.","species","Plantae","Charophyta","Equisetopsida","Sapindales","Rutaceae","Eriostemon","Waxflower","11","","","","","","","","","","","","","","",""
"https://id.biodiversity.org.au/node/apni/2894870","Platysace ericoides","(Sieber ex Spreng.) C.Norman","species","Plantae","Charophyta","Equisetopsida","Apiales","Apiaceae","Platysace","Heath Platysace","11","","","","","Endangered","","","","","","","","","",""
"https://id.biodiversity.org.au/node/apni/2894994","Lantana montevidensis","(Spreng.) Briq.","species","Plantae","Charophyta","Equisetopsida","Lamiales","Verbenaceae","Lantana","Creeping Lantana","11","","","","","","","","","","","","","","",""
"https://id.biodiversity.org.au/node/apni/2896194","Chloris virgata","Sw.","species","Plantae","Charophyta","Equisetopsida","Poales","Poaceae","Chloris","Feathertop Rhodes Grass","11","","","","","","","","","","","","","","",""
"https://id.biodiversity.org.au/node/apni/2896858","Boronia pinnata","Sm.","species","Plantae","Charophyta","Equisetopsida","Sapindales","Rutaceae","Boronia","Pinnate Boronia","11","","","","","","","","","","","","","","",""
"https://id.biodiversity.org.au/node/apni/2899486","Monstera deliciosa","Liebm.","species","Plantae","Charophyta","Equisetopsida","Alismatales","Araceae","Monstera","Fruit Salad Plant","11","","","","","","","","","","","","","","",""
"https://id.biodiversity.org.au/node/apni/2900859","Silene gallica","L.","species","Plantae","Charophyta","Equisetopsida","Caryophyllales","Caryophyllaceae","Silene","French Catchfly","11","","","","","","","","","","","","","","",""
"https://id.biodiversity.org.au/node/apni/2901294","Dichelachne crinita","(L.f.) Hook.f.","species","Plantae","Charophyta","Equisetopsida","Poales","Poaceae","Dichelachne","Long-hair Plume-grass","11","","","","","","","","","","","","","","",""
"https://id.biodiversity.org.au/node/apni/2903497","Crassula multicava","Lem.","species","Plantae","Charophyta","Equisetopsida","Saxifragales","Crassulaceae","Crassula","","11","","","","","","","","","","","","","","",""
"https://id.biodiversity.org.au/node/apni/2904472","Calotis dentex","R.Br.","species","Plantae","Charophyta","Equisetopsida","Asterales","Asteraceae","Calotis","White Burr Daisy","11","","","","","","","","","","","","","","",""
"https://id.biodiversity.org.au/node/apni/2905589","Austrostipa pubescens","(R.Br.) S.W.L.Jacobs & J.Everett","species","Plantae","Charophyta","Equisetopsida","Poales","Poaceae","Austrostipa","Tall Speargrass","11","","","","","","","","","","","","","","",""
"https://id.biodiversity.org.au/node/apni/2905634","Asparagus retrofractus","L.","species","Plantae","Charophyta","Equisetopsida","Asparagales","Asparagaceae","Asparagus","Ming Asparagus","11","","","","","","","","","","","","","","","Y"
"https://id.biodiversity.org.au/node/apni/2905812","Verbena rigida","Spreng.","species","Plantae","Charophyta","Equisetopsida","Lamiales","Verbenaceae","Verbena","Veined Verbena","11","","","","","","","","","","","","","","",""
"https://id.biodiversity.org.au/node/apni/2906474","Sagittaria platyphylla","(Engelm.) J.G.Sm.","species","Plantae","Charophyta","Equisetopsida","Alismatales","Alismataceae","Sagittaria","Arrowhead","11","","","","","","","","","","","","Y","Y","Y",""
"https://id.biodiversity.org.au/node/apni/2906497","Scaevola ramosissima","(Sm.) K.Krause","species","Plantae","Charophyta","Equisetopsida","Asterales","Goodeniaceae","Scaevola","Purple Fan Flower","11","","","","","","","","","","","","","","",""
"https://id.biodiversity.org.au/node/apni/2906523","Harpullia pendula","Planch. ex F.Muell.","species","Plantae","Charophyta","Equisetopsida","Sapindales","Sapindaceae","Harpullia","Tulipwood","11","","","","","","","","","","","","","","",""
"https://id.biodiversity.org.au/node/apni/2908382","Paederia foetida","L.","species","Plantae","Charophyta","Equisetopsida","Gentianales","Rubiaceae","Paederia","Daun Kentut","11","","","","","","","","","","","","","","",""
"https://id.biodiversity.org.au/node/apni/2909260","Lobelia anceps","L.f.","species","Plantae","Charophyta","Equisetopsida","Asterales","Campanulaceae","Lobelia","Angled Lobelia","11","","","","","","","","","","","","","","",""
"https://id.biodiversity.org.au/node/apni/2909491","Robinia pseudoacacia","L.","species","Plantae","Charophyta","Equisetopsida","Fabales","Fabaceae","Robinia","Black Locust","11","","","","","","","","","","","","","","",""
"https://id.biodiversity.org.au/node/apni/2909747","Ficinia nodosa","(Rottb.) Goetgh., Muasya & D.A.Simpson","species","Plantae","Charophyta","Equisetopsida","Poales","Cyperaceae","Ficinia","Knobby Club-rush","11","","","","","","","","","","","","","","",""
"https://id.biodiversity.org.au/node/apni/2910059","Fumaria muralis","Sond. ex W.D.J.Koch","species","Plantae","Charophyta","Equisetopsida","Ranunculales","Papaveraceae","Fumaria","Fumitory","11","","","","","","","","","","","","","","",""
"https://id.biodiversity.org.au/node/apni/2910156","Cassinia uncata","A.Cunn. ex DC.","species","Plantae","Charophyta","Equisetopsida","Asterales","Asteraceae","Cassinia","Sticky Cassinia","11","","","","","","","","","","","","","","",""
"https://id.biodiversity.org.au/node/apni/2911549","Brachyloma daphnoides","(Sm.) Benth.","species","Plantae","Charophyta","Equisetopsida","Ericales","Ericaceae","Brachyloma","Daphne Heath","11","","","","","","","","","","","","","","",""
"https://id.biodiversity.org.au/node/apni/2915095","Rumex obtusifolius","L.","species","Plantae","Charophyta","Equisetopsida","Caryophyllales","Polygonaceae","Rumex","Broad-leaf Dock","11","","","","","","","","","","","","","","",""
"https://id.biodiversity.org.au/node/apni/2915654","Asparagus scandens","Thunb.","species","Plantae","Charophyta","Equisetopsida","Asparagales","Asparagaceae","Asparagus","Asparagus Fern","11","","","","","","","","","","","","Y","","","Y"
"https://id.biodiversity.org.au/node/apni/8354183","Chorizema cordatum","Lindl.","species","Plantae","Charophyta","Equisetopsida","Fabales","Fabaceae","Chorizema","Flame Pea","11","","","","","","","","","","","","","","",""
"https://id.biodiversity.org.au/taxon/apni/51288600","Seringia hillii","(F.Muell. ex Benth.) F.Muell.","species","Plantae","Charophyta","Equisetopsida","Malvales","Malvaceae","Seringia","Mountain Fire-bush","11","","","","","","","","","","","","","","",""
"https://id.biodiversity.org.au/taxon/apni/51404165","Diuris aurea","Sm.","species","Plantae","Charophyta","Equisetopsida","Asparagales","Orchidaceae","Diuris","Golden Donkey Orchid","11","","","Near threatened","","","","","","","","","","","",""
"https://id.biodiversity.org.au/taxon/apni/51439812","Eucalyptus grandis","W.Hill","species","Plantae","Charophyta","Equisetopsida","Myrtales","Myrtaceae","Eucalyptus","Flooded Gum","11","","","","","Critically Endangered","","","Rare, Near Threatened","","Poorly-known species","Poorly-known species","","","",""
"https://id.biodiversity.org.au/taxon/apni/51447278","Dodonaea viscosa","Jacq.","species","Plantae","Charophyta","Equisetopsida","Sapindales","Sapindaceae","Dodonaea","Sticky Hop-bush","11","","","","","","","","","","","","","","",""
"https://id.biodiversity.org.au/taxon/apni/51448249","Ulmus parvifolia","Jacq.","species","Plantae","Charophyta","Equisetopsida","Rosales","Ulmaceae","Ulmus","Chinese Elm","11","","","","","","","","","","","","","","",""
"https://id.biodiversity.org.au/taxon/apni/51689042","Leichhardtia suaveolens","(R.Br.) P.I.Forst.","species","Plantae","Charophyta","Equisetopsida","Gentianales","Apocynaceae","Leichhardtia","","11","","","","","","","","","","","","","","",""
"https://id.biodiversity.org.au/taxon/apni/51775060","Plectranthus verticillatus","(L.f.) Druce","species","Plantae","Charophyta","Equisetopsida","Lamiales","Lamiaceae","Plectranthus","","11","","","","","","","","","","","","","","",""
"https://id.biodiversity.org.au/name/apni/103407","Asparagus setaceus","(Kunth) Jessop","species","Plantae","Charophyta","Equisetopsida","Asparagales","Asparagaceae","Asparagus","","10","","","","","","","","","","","","","","","Y"
"https://id.biodiversity.org.au/node/apni/2886672","Echinochloa crus-galli","(L.) P.Beauv.","species","Plantae","Charophyta","Equisetopsida","Poales","Poaceae","Echinochloa","Barnyard Grass","10","","","","","","","","","","","","","","",""
"https://id.biodiversity.org.au/node/apni/2888791","Anthosachne scabra","(R.Br.) Nevski","species","Plantae","Charophyta","Equisetopsida","Poales","Poaceae","Anthosachne","Common Wheat-grass","10","","","","","","","","","","","","","","",""
"https://id.biodiversity.org.au/node/apni/2889233","Oxalis debilis","Kunth","species","Plantae","Charophyta","Equisetopsida","Oxalidales","Oxalidaceae","Oxalis","Pink Shamrock","10","","","","","","","","","","","","","","",""
"https://id.biodiversity.org.au/node/apni/2889840","Melicope micrococca","(F.Muell.) T.G.Hartley","species","Plantae","Charophyta","Equisetopsida","Sapindales","Rutaceae","Melicope","White Evodia","10","","","","","","","","","","","","","","",""
"https://id.biodiversity.org.au/node/apni/2890214","Banksia oblongifolia","Cav.","species","Plantae","Charophyta","Equisetopsida","Proteales","Proteaceae","Banksia","Fern-leaved Dwarf Banksia","10","","","","","","","","","","","","","","",""
"https://id.biodiversity.org.au/node/apni/2892190","Tetratheca juncea","Sm.","species","Plantae","Charophyta","Equisetopsida","Oxalidales","Elaeocarpaceae","Tetratheca","Black-eyed Susan","10","","","","Vulnerable","","","Vulnerable","","","","","","","",""
"https://id.biodiversity.org.au/node/apni/2893374","Tricoryne elatior","R.Br.","species","Plantae","Charophyta","Equisetopsida","Asparagales","Hemerocallidaceae","Tricoryne","Yellow Rush Lily","10","","Vulnerable","","","","","","","","","","","","",""
"https://id.biodiversity.org.au/node/apni/2894924","Blandfordia grandiflora","R.Br.","species","Plantae","Charophyta","Equisetopsida","Asparagales","Blandfordiaceae","Blandfordia","Christmas Bells","10","","","Endangered","","","","","","","","","","","",""
"https://id.biodiversity.org.au/node/apni/2894943","Castanospermum australe","A.Cunn. ex Mudie","species","Plantae","Charophyta","Equisetopsida","Fabales","Fabaceae","Castanospermum","Black Bean","10","","","","","","","","","","","","","","",""
"https://id.biodiversity.org.au/node/apni/2895290","Hemigenia purpurea","R.Br.","species","Plantae","Charophyta","Equisetopsida","Lamiales","Lamiaceae","Hemigenia","","10","","","","","","","","","","","","","","",""
"https://id.biodiversity.org.au/node/apni/2895568","Stackhousia viminea","Sm.","species","Plantae","Charophyta","Equisetopsida","Celastrales","Celastraceae","Stackhousia","Slender Stackhousia","10","","","","","","","","","","","","","","",""
"https://id.biodiversity.org.au/node/apni/2895742","Pteris vittata","L.","species","Plantae","Charophyta","Equisetopsida","","Pteridaceae","Pteris","Pteris","10","","","","","Critically Endangered","","","","","","","","","",""
"https://id.biodiversity.org.au/node/apni/2897750","Spyridium parvifolium","(Hook.) F.Muell.","species","Plantae","Charophyta","Equisetopsida","Rosales","Rhamnaceae","Spyridium","Dusty Miller","10","","Near Threatened","","","","","","","","","","","","",""
"https://id.biodiversity.org.au/node/apni/2897935","Ipomoea cairica","(L.) Sweet","species","Plantae","Charophyta","Equisetopsida","Solanales","Convolvulaceae","Ipomoea","Mile-a-minute","10","","","","","","","","","","","","","","",""
"https://id.biodiversity.org.au/node/apni/2898157","Salpichroa origanifolia","(Lam.) Thell.","species","Plantae","Charophyta","Equisetopsida","Solanales","Solanaceae","Salpichroa","Pampas Lily-of-the-valley","10","","","","","","","","","","","","","","",""
"https://id.biodiversity.org.au/node/apni/2900814","Rytidosperma caespitosum","(Gaudich.) Connor & Edgar","species","Plantae","Charophyta","Equisetopsida","Poales","Poaceae","Rytidosperma","Common Wallaby-grass","10","","","","","","","","","","","","","","",""
"https://id.biodiversity.org.au/node/apni/2901652","Austromyrtus tenuifolia","(Sm.) Burret","species","Plantae","Charophyta","Equisetopsida","Myrtales","Myrtaceae","Austromyrtus","","10","","","","","","","","","","","","","","",""
"https://id.biodiversity.org.au/node/apni/2902475","Platycerium bifurcatum","(Cav.) C.Chr.","species","Plantae","Charophyta","Equisetopsida","Polypodiales","Polypodiaceae","Platycerium","Elkhorn Fern","10","","","","","","","","","","","","","","",""
"https://id.biodiversity.org.au/node/apni/2903789","Cissus hypoglauca","A.Gray","species","Plantae","Charophyta","Equisetopsida","Vitales","Vitaceae","Cissus","Jungle Grape","10","","","","","","","","","","","","","","",""
"https://id.biodiversity.org.au/node/apni/2904005","Paspalidium criniforme","S.T.Blake","species","Plantae","Charophyta","Equisetopsida","Poales","Poaceae","Paspalidium","Fine Panic","10","","","","","","","","","","","","","","",""
"https://id.biodiversity.org.au/node/apni/2905946","Gomphocarpus physocarpus","E.Mey.","species","Plantae","Charophyta","Equisetopsida","Gentianales","Apocynaceae","Gomphocarpus","Balloon Cotton-bush","10","","","","","","","","","","","","","","",""
"https://id.biodiversity.org.au/node/apni/2906385","Erythrina x sykesii","Barneby & Krukoff","species","Plantae","Charophyta","Equisetopsida","Fabales","Fabaceae","Erythrina","Thorny Coral Tree","10","","","","","","","","","","","","","","",""
"https://id.biodiversity.org.au/node/apni/2908199","Alyogyne huegelii","(Endl.) Fryxell","species","Plantae","Charophyta","Equisetopsida","Malvales","Malvaceae","Alyogyne","Lilac Hibiscus","10","","","","","","","","","","","","","","",""
"https://id.biodiversity.org.au/node/apni/2909081","Eucalyptus capitellata","Sm.","species","Plantae","Charophyta","Equisetopsida","Myrtales","Myrtaceae","Eucalyptus","Brown Stringybark","10","","","","","Critically Endangered","","","Rare, Near Threatened","","Poorly-known species","Poorly-known species","","","",""
"https://id.biodiversity.org.au/node/apni/2909453","Lomandra gracilis","(R.Br.) A.T.Lee","species","Plantae","Charophyta","Equisetopsida","Asparagales","Asparagaceae","Lomandra","","10","","","","","","","","","","","","","","",""
"https://id.biodiversity.org.au/node/apni/2910456","Jasminum polyanthum","Franch.","species","Plantae","Charophyta","Equisetopsida","Lamiales","Oleaceae","Jasminum","Pink Jasmine","10","","","","","","","","","","","","","","",""
"https://id.biodiversity.org.au/node/apni/2911382","Grevillea speciosa","(Knight) McGill.","species","Plantae","Charophyta","Equisetopsida","Proteales","Proteaceae","Grevillea","Red Spider Flower","10","","","","","","","","","","","","","","",""
"https://id.biodiversity.org.au/node/apni/2911872","Xylomelum pyriforme","(Gaertn.) Knight","species","Plantae","Charophyta","Equisetopsida","Proteales","Proteaceae","Xylomelum","Woody Pear","10","","","","","","","","","","","","","","",""
"https://id.biodiversity.org.au/node/apni/2912909","Celtis sinensis","Pers.","species","Plantae","Charophyta","Equisetopsida","Rosales","Cannabaceae","Celtis","Japanese Hackberry","10","","","","","","","","","","","","","","",""
"https://id.biodiversity.org.au/node/apni/2915685","Rytidosperma setaceum","(R.Br.) Connor & Edgar","species","Plantae","Charophyta","Equisetopsida","Poales","Poaceae","Rytidosperma","Small-flower Wallaby-grass","10","","","","","","","","","","","","","","",""
"https://id.biodiversity.org.au/node/apni/2916752","Pultenaea flexilis","Sm.","species","Plantae","Charophyta","Equisetopsida","Fabales","Fabaceae","Pultenaea","","10","","","","","","","","","","","","","","",""
"https://id.biodiversity.org.au/node/apni/2917263","Dietes grandiflora","N.E.Br.","species","Plantae","Charophyta","Equisetopsida","Asparagales","Iridaceae","Dietes","Wild Iris","10","","","","","","","","","","","","","","",""
"https://id.biodiversity.org.au/node/apni/2919130","Hydrocotyle bonariensis","Lam.","species","Plantae","Charophyta","Equisetopsida","Apiales","Araliaceae","Hydrocotyle","Pennywort","10","","","","","","","","","","","","","","",""
"https://id.biodiversity.org.au/node/apni/7173780","Drosera spatulata","Labill.","species","Plantae","Charophyta","Equisetopsida","Caryophyllales","Droseraceae","Drosera","Rosy Sundew","10","","","","","","","","","","","","","","",""
"https://id.biodiversity.org.au/node/apni/8487244","Grevillea victoriae","F.Muell.","species","Plantae","Charophyta","Equisetopsida","Proteales","Proteaceae","Grevillea","Royal Grevillea","10","","","","","","","","","","","","","","",""
"https://id.biodiversity.org.au/taxon/apni/51266659","Toxicodendron succedaneum","(L.) Kuntze","species","Plantae","Charophyta","Equisetopsida","Sapindales","Anacardiaceae","Toxicodendron","Rhus Tree","10","","","","","","","","","","","","","","",""
"https://id.biodiversity.org.au/taxon/apni/51395397","Acianthus exsertus","R.Br.","species","Plantae","Charophyta","Equisetopsida","Asparagales","Orchidaceae","Acianthus","Large Mosquito-orchid","10","","","Near threatened","","","","","","","","","","","",""
"https://id.biodiversity.org.au/taxon/apni/51441202","Corunastylis filiformis","(Fitzg.) D.L.Jones & M.A.Clem.","species","Plantae","Charophyta","Equisetopsida","Asparagales","Orchidaceae","Corunastylis","Glandular Midge Orchid","10","","","Near threatened","","","","","","","","","","","",""
"https://id.biodiversity.org.au/taxon/apni/51442279","Micrantheum ericoides","Desf.","species","Plantae","Charophyta","Equisetopsida","Malpighiales","Picrodendraceae","Micrantheum","","10","","","","","","","","","","","","","","",""
"https://id.biodiversity.org.au/taxon/apni/51446043","Pellaea viridis","(Forssk.) Prantl","species","Plantae","Charophyta","Equisetopsida","","Pteridaceae","Pellaea","Green Cliff Brake","10","","","","","","","","","","","","","","",""
"https://id.biodiversity.org.au/taxon/apni/51771673","Quercus robur","L.","species","Plantae","Charophyta","Equisetopsida","Fagales","Fagaceae","Quercus","English Oak","10","","","","","","","","","","","","","","",""
"https://id.biodiversity.org.au/taxon/apni/51782596","Syzygium smithii","(Poir.) Nied.","species","Plantae","Charophyta","Equisetopsida","Myrtales","Myrtaceae","Syzygium","Lilly Pilly","10","","","","","","","","","","","","","","",""
"https://id.biodiversity.org.au/node/apni/2887120","Carpobrotus glaucescens","(Haw.) Schwantes","species","Plantae","Charophyta","Equisetopsida","Caryophyllales","Aizoaceae","Carpobrotus","Bluish Pigface","9","","","","","Critically Endangered","","","","","","","","","",""
"https://id.biodiversity.org.au/node/apni/2887339","Brunoniella pumilio","(R.Br.) Bremek.","species","Plantae","Charophyta","Equisetopsida","Lamiales","Acanthaceae","Brunoniella","Dwarf Blue Trumpet","9","","","","","Critically Endangered","","","","","","","","","",""
"https://id.biodiversity.org.au/node/apni/2887551","Pistia stratiotes","L.","species","Plantae","Charophyta","Equisetopsida","Alismatales","Araceae","Pistia","Water Lettuce","9","","","","","","","","","","","","","Y","",""
"https://id.biodiversity.org.au/node/apni/2889067","Bolboschoenus caldwellii","(V.J.Cook) Soják","species","Plantae","Charophyta","Equisetopsida","Poales","Cyperaceae","Bolboschoenus","Salt Club-sedge","9","","Near Threatened","","","","","","","","","","","","",""
"https://id.biodiversity.org.au/node/apni/2890723","Galinsoga parviflora","Cav.","species","Plantae","Charophyta","Equisetopsida","Asterales","Asteraceae","Galinsoga","Yellow Weed","9","","","","","","","","","","","","","","",""
"https://id.biodiversity.org.au/node/apni/2891153","Digitaria sanguinalis","(L.) Scop.","species","Plantae","Charophyta","Equisetopsida","Poales","Poaceae","Digitaria","Summer Grass","9","","","","","","","","","","","","","","",""
"https://id.biodiversity.org.au/node/apni/2891182","Linum marginale","A.Cunn.","species","Plantae","Charophyta","Equisetopsida","Malpighiales","Linaceae","Linum","Native Flax","9","","","","","","","","","","","","","","",""
"https://id.biodiversity.org.au/node/apni/2891537","Monotoca scoparia","(Sm.) R.Br.","species","Plantae","Charophyta","Equisetopsida","Ericales","Ericaceae","Monotoca","Prickly Broom Heath","9","","","","","","","","","","","","","","",""
"https://id.biodiversity.org.au/node/apni/2891895","Eriochloa pseudoacrotricha","(Stapf ex Thell.) J.M.Black","species","Plantae","Charophyta","Equisetopsida","Poales","Poaceae","Eriochloa","Early Spring Grass","9","","","","","","","","","","","","","","",""
"https://id.biodiversity.org.au/node/apni/2892486","Cassinia aculeata","(Labill.) R.Br.","species","Plantae","Charophyta","Equisetopsida","Asterales","Asteraceae","Cassinia","Dolly Bush","9","","","","","","","","","","","","","","",""
"https://id.biodiversity.org.au/node/apni/2893138","Rhamnus alaternus","L.","species","Plantae","Charophyta","Equisetopsida","Rosales","Rhamnaceae","Rhamnus","Blowfly Bush","9","","","","","","","","","","","","","","",""
"https://id.biodiversity.org.au/node/apni/2893162","Cardamine hirsuta","L.","species","Plantae","Charophyta","Equisetopsida","Brassicales","Brassicaceae","Cardamine","Common Bitter-cress","9","","","","","","","","","","","","","","",""
"https://id.biodiversity.org.au/node/apni/2894215","Drosera glanduligera","Lehm.","species","Plantae","Charophyta","Equisetopsida","Caryophyllales","Droseraceae","Drosera","Scarlet Sundew","9","","Near Threatened","","","","","","","","","","","","",""
"https://id.biodiversity.org.au/node/apni/2894296","Tagetes minuta","L.","species","Plantae","Charophyta","Equisetopsida","Asterales","Asteraceae","Tagetes","Stinking Roger","9","","","","","","","","","","","","","","",""
"https://id.biodiversity.org.au/node/apni/2895392","Polygala myrtifolia","L.","species","Plantae","Charophyta","Equisetopsida","Fabales","Polygalaceae","Polygala","Myrtle-leaf Milkwort","9","","","","","","","","","","","","","","",""
"https://id.biodiversity.org.au/node/apni/2895537","Senna septemtrionalis","(Viv.) H.S.Irwin & Barneby","species","Plantae","Charophyta","Equisetopsida","Fabales","Fabaceae","Senna","Arsenic Bush","9","","","","","","","","","","","","","","",""
"https://id.biodiversity.org.au/node/apni/2898823","Epacris purpurascens","Banks ex Sims","species","Plantae","Charophyta","Equisetopsida","Ericales","Ericaceae","Epacris","Rigid Epacris","9","","","","","","","","","","","","","","",""
"https://id.biodiversity.org.au/node/apni/2899618","Parsonsia straminea","(R.Br.) F.Muell.","species","Plantae","Charophyta","Equisetopsida","Gentianales","Apocynaceae","Parsonsia","Monkey Rope","9","","","","","","","","","","","","","","",""
"https://id.biodiversity.org.au/node/apni/2900546","Agapanthus praecox","Willd.","species","Plantae","Charophyta","Equisetopsida","Asparagales","Agapanthaceae","Agapanthus","Agapanthus","9","","","","","","","","","","","","","","",""
"https://id.biodiversity.org.au/node/apni/2900605","Erigeron karvinskianus","DC.","species","Plantae","Charophyta","Equisetopsida","Asterales","Asteraceae","Erigeron","Bony-tip Fleabane","9","","","","","","","","","","","","","","",""
"https://id.biodiversity.org.au/node/apni/2900642","Petrorhagia dubia","(Raf.) G.Lopez & Romo","species","Plantae","Charophyta","Equisetopsida","Caryophyllales","Caryophyllaceae","Petrorhagia","Velvet Pink","9","","","","","","","","","","","","","","",""
"https://id.biodiversity.org.au/node/apni/2901943","Phyllanthus virgatus","G.Forst.","species","Plantae","Charophyta","Equisetopsida","Malpighiales","Phyllanthaceae","Phyllanthus","Phyllanthus","9","","","Vulnerable","","","","","","","","","","","",""
"https://id.biodiversity.org.au/node/apni/2902929","Westringia fruticosa","(Willd.) Druce","species","Plantae","Charophyta","Equisetopsida","Lamiales","Lamiaceae","Westringia","Coastal Rosemary","9","","","","","","","","","","","","","","",""
"https://id.biodiversity.org.au/node/apni/2904193","Passiflora subpeltata","Ortega","species","Plantae","Charophyta","Equisetopsida","Malpighiales","Passifloraceae","Passiflora","White Passion Flower","9","","","","","","","","","","","","","","",""
"https://id.biodiversity.org.au/node/apni/2904534","Calytrix tetragona","Labill.","species","Plantae","Charophyta","Equisetopsida","Myrtales","Myrtaceae","Calytrix","Common Fringe-myrtle","9","","","","","","","","","","","","","","",""
"https://id.biodiversity.org.au/node/apni/2906224","Opuntia ficus-indica","(L.) Mill.","species","Plantae","Charophyta","Equisetopsida","Caryophyllales","Cactaceae","Opuntia","Indian Fig","9","","","","","","","","","","","","Y","Y","",""
"https://id.biodiversity.org.au/node/apni/2906438","Gamochaeta purpurea","(L.) Cabrera","species","Plantae","Charophyta","Equisetopsida","Asterales","Asteraceae","Gamochaeta","Spiked Cudweed","9","","","","","","","","","","","","","","",""
"https://id.biodiversity.org.au/node/apni/2907731","Asplenium flabellifolium","Cav.","species","Plantae","Charophyta","Equisetopsida","Polypodiales","Aspleniaceae","Asplenium","Necklace Fern","9","","","","","","","","","","","","","","",""
"https://id.biodiversity.org.au/node/apni/2908818","Vinca major","L.","species","Plantae","Charophyta","Equisetopsida","Gentianales","Apocynaceae","Vinca","Blue Periwinkle","9","","","","","","","","","","","","","","",""
"https://id.biodiversity.org.au/node/apni/2912658","Euryomyrtus ramosissima","(A.Cunn.) Trudgen","species","Plantae","Charophyta","Equisetopsida","Myrtales","Myrtaceae","Euryomyrtus","Rosy Baeckea","9","","","","","","","","","","","","","","",""
"https://id.biodiversity.org.au/node/apni/2913735","Lomandra cylindrica","A.T.Lee","species","Plantae","Charophyta","Equisetopsida","Asparagales","Asparagaceae","Lomandra","Needle Mat-rush","9","","","","","","","","","","","","","","",""
"https://id.biodiversity.org.au/node/apni/2917893","Wilsonia backhousei","Hook.f.","species","Plantae","Charophyta","Equisetopsida","Solanales","Convolvulaceae","Wilsonia","Narrow-leaf Wilsonia","9","","","","","","","Vulnerable","","","","","","","",""
"https://id.biodiversity.org.au/node/apni/2918498","Rytidosperma longifolium","(R.Br.) Connor & Edgar","species","Plantae","Charophyta","Equisetopsida","Poales","Poaceae","Rytidosperma","Long-leaved Wallaby Grass","9","","","","","","","","","","","","","","",""
"https://id.biodiversity.org.au/node/apni/2920306","Cyperus polystachyos","Rottb.","species","Plantae","Charophyta","Equisetopsida","Poales","Cyperaceae","Cyperus","Bunchy Flat-sedge","9","","","","","","","","","","","","","","",""
"https://id.biodiversity.org.au/node/apni/2920702","Misopates orontium","(L.) Raf.","species","Plantae","Charophyta","Equisetopsida","Lamiales","Plantaginaceae","Misopates","Lesser Snapdragon","9","","","","","","","","","","","","","","",""
"https://id.biodiversity.org.au/node/apni/2920819","Sigesbeckia orientalis","L.","species","Plantae","Charophyta","Equisetopsida","Asterales","Asteraceae","Sigesbeckia","Indian Weed","9","","","","","","","","","","","","","","",""
"https://id.biodiversity.org.au/node/apni/7956805","Myoporum acuminatum","R.Br.","species","Plantae","Charophyta","Equisetopsida","Lamiales","Scrophulariaceae","Myoporum","Coastal Boobialla","9","","","","","","","","","","","","","","",""
"https://id.biodiversity.org.au/taxon/apni/51266535","Amaranthus viridis","L.","species","Plantae","Charophyta","Equisetopsida","Caryophyllales","Amaranthaceae","Amaranthus","Green Amaranth","9","","","","","","","","","","","","","","",""
"https://id.biodiversity.org.au/taxon/apni/51266791","Xanthosia tridentata","DC.","species","Plantae","Charophyta","Equisetopsida","Apiales","Apiaceae","Xanthosia","Rock Xanthosia","9","","","","","","","","","","","","","","",""
"https://id.biodiversity.org.au/taxon/apni/51270884","Bauera rubioides","Andrews","species","Plantae","Charophyta","Equisetopsida","Oxalidales","Cunoniaceae","Bauera","Wiry River Rose","9","Rare","","","","","","","","","","","","","",""
"https://id.biodiversity.org.au/taxon/apni/51289138","Calothamnus pinifolius","F.Muell.","species","Plantae","Charophyta","Equisetopsida","Myrtales","Myrtaceae","Calothamnus","Dense Clawflower","9","","","","","","","","","","","","","","",""
"https://id.biodiversity.org.au/taxon/apni/51431233","Hedera helix","L.","species","Plantae","Charophyta","Equisetopsida","Apiales","Araliaceae","Hedera","English Ivy","9","","","","","","","","","","","","","","",""
"https://id.biodiversity.org.au/taxon/apni/51461237","Cordyline petiolaris","(Domin) Pedley","species","Plantae","Charophyta","Equisetopsida","Asparagales","Asparagaceae","Cordyline","Broad-leaved Palm Lily","9","","","","","","","","","","","","","","",""
"https://id.biodiversity.org.au/name/apni/51731116","Lysimachia loeflingii","F.J.Jiménez & M.Talavera","species","Plantae","Charophyta","Equisetopsida","Ericales","Primulaceae","Lysimachia","","8","","","","","","","","","","","","","","",""
"https://id.biodiversity.org.au/node/apni/2887471","Aristida warburgii","Mez","species","Plantae","Charophyta","Equisetopsida","Poales","Poaceae","Aristida","","8","","","","","","","","","","","","","","",""
"https://id.biodiversity.org.au/node/apni/2887784","Micromyrtus ciliata","(Sm.) Druce","species","Plantae","Charophyta","Equisetopsida","Myrtales","Myrtaceae","Micromyrtus","Fringed Heath-myrtle","8","Rare","","","","","","","","","","","","","",""
"https://id.biodiversity.org.au/node/apni/2888733","Punica granatum","L.","species","Plantae","Charophyta","Equisetopsida","Myrtales","Lythraceae","Punica","Pomegranate","8","","","","","","","","","","","","","","",""
"https://id.biodiversity.org.au/node/apni/2889541","Populus nigra","L.","species","Plantae","Charophyta","Equisetopsida","Malpighiales","Salicaceae","Populus","Lombardy Poplar","8","","","","","","","","","","","","","","",""
"https://id.biodiversity.org.au/node/apni/2892003","Wurmbea dioica","(R.Br.) F.Muell.","species","Plantae","Charophyta","Equisetopsida","Liliales","Colchicaceae","Wurmbea","Common Early Nancy","8","","","","","","","","","","","","","","",""
"https://id.biodiversity.org.au/node/apni/2893559","Daucus carota","L.","species","Plantae","Charophyta","Equisetopsida","Apiales","Apiaceae","Daucus","Carrot","8","","","","","","","","","","","","","","",""
"https://id.biodiversity.org.au/node/apni/2896438","Andropogon virginicus","L.","species","Plantae","Charophyta","Equisetopsida","Poales","Poaceae","Andropogon","Whisky Grass","8","","","","","","","","","","","","","","",""
"https://id.biodiversity.org.au/node/apni/2897562","Gahnia clarkei","Benl","species","Plantae","Charophyta","Equisetopsida","Poales","Cyperaceae","Gahnia","Tall Saw-sedge","8","Rare","","","","","","","","","","","","","",""
"https://id.biodiversity.org.au/node/apni/2900328","Opercularia hispida","Spreng.","species","Plantae","Charophyta","Equisetopsida","Gentianales","Rubiaceae","Opercularia","Hairy Stinkweed","8","","","","","","","","","","","","","","",""
"https://id.biodiversity.org.au/node/apni/2902838","Alocasia brisbanensis","(F.M.Bailey) Domin","species","Plantae","Charophyta","Equisetopsida","Alismatales","Araceae","Alocasia","Cunjevoi","8","","","","","","","","","","","","","","",""
"https://id.biodiversity.org.au/node/apni/2903031","Austromyrtus dulcis","(C.T.White) L.S.Sm.","species","Plantae","Charophyta","Equisetopsida","Myrtales","Myrtaceae","Austromyrtus","Midgen Berry","8","","","","","","","","","","","","","","",""
"https://id.biodiversity.org.au/node/apni/2906704","Pomaderris intermedia","Sieber ex DC.","species","Plantae","Charophyta","Equisetopsida","Rosales","Rhamnaceae","Pomaderris","Citron Pomaderris","8","","Near Threatened","","","","","","","","","","","","",""
"https://id.biodiversity.org.au/node/apni/2907549","Panicum effusum","R.Br.","species","Plantae","Charophyta","Equisetopsida","Poales","Poaceae","Panicum","Hairy Panic","8","","","","","","","","","","","","","","",""
"https://id.biodiversity.org.au/node/apni/2913182","Desmodium rhytidophyllum","F.Muell. ex Benth.","species","Plantae","Charophyta","Equisetopsida","Fabales","Fabaceae","Desmodium","Desmodium","8","","","","","","","","","","","","","","",""
"https://id.biodiversity.org.au/node/apni/2914002","Hyparrhenia hirta","(L.) Stapf","species","Plantae","Charophyta","Equisetopsida","Poales","Poaceae","Hyparrhenia","Tambookie Grass","8","","","","","","","","","","","","","","",""
"https://id.biodiversity.org.au/node/apni/2915306","Cyperus brevifolius","(Rottb.) Endl. ex Hassk.","species","Plantae","Charophyta","Equisetopsida","Poales","Cyperaceae","Cyperus","Mullumbimby Couch","8","","","","","","","","","","","","","","",""
"https://id.biodiversity.org.au/node/apni/2918839","Acacia mearnsii","De Wild.","species","Plantae","Charophyta","Equisetopsida","Fabales","Fabaceae","Acacia","Black Wattle","8","","","","","","","","","","","","","","",""
"https://id.biodiversity.org.au/node/apni/2919974","Grevillea biternata","Meisn.","species","Plantae","Charophyta","Equisetopsida","Proteales","Proteaceae","Grevillea","","8","","","","","","","","","","","","","","",""
"https://id.biodiversity.org.au/node/apni/2920780","Brachyscome multifida","DC.","species","Plantae","Charophyta","Equisetopsida","Asterales","Asteraceae","Brachyscome","Cut-leaf Daisy","8","","","","","","","","","","","","","","",""
"https://id.biodiversity.org.au/node/apni/6917219","Zantedeschia aethiopica","(L.) Spreng.","species","Plantae","Charophyta","Equisetopsida","Alismatales","Araceae","Zantedeschia","White Arum Lily","8","","","","","","","","","","","","","Y","",""
"https://id.biodiversity.org.au/node/apni/6987629","Erigeron canadensis","L.","species","Plantae","Charophyta","Equisetopsida","Asterales","Asteraceae","Erigeron","Canadian Fleabane","8","","","","","","","","","","","","","","",""
"https://id.biodiversity.org.au/node/apni/8009374","Viola banksii","K.R.Thiele & Prober","species","Plantae","Charophyta","Equisetopsida","Malpighiales","Violaceae","Viola","Banks' Violet","8","","","","","","","","","","","","","","",""
"https://id.biodiversity.org.au/taxon/apni/51286820","Paraserianthes lophantha","(Willd.) I.C.Nielsen","species","Plantae","Charophyta","Equisetopsida","Fabales","Fabaceae","Paraserianthes","Cape Leeuwin Wattle","8","","","","","","","","","","","","","","",""
"https://id.biodiversity.org.au/taxon/apni/51291223","Capillipedium spicigerum","S.T.Blake","species","Plantae","Charophyta","Equisetopsida","Poales","Poaceae","Capillipedium","Scented-top Grass","8","","","","","","","","","","","","","","",""
"https://id.biodiversity.org.au/taxon/apni/51299883","Banksia ericifolia","L.f.","species","Plantae","Charophyta","Equisetopsida","Proteales","Proteaceae","Banksia","Heath-leaved Banksia","8","","","","","","","","","","","","","","",""
"https://id.biodiversity.org.au/taxon/apni/51301104","Anisomeles moschata","R.Br.","species","Plantae","Charophyta","Equisetopsida","Lamiales","Lamiaceae","Anisomeles","","8","","","","","","","","","","","","","","",""
"https://id.biodiversity.org.au/taxon/apni/51399670","Caleana major","R.Br.","species","Plantae","Charophyta","Equisetopsida","Asparagales","Orchidaceae","Caleana","Large Duck-orchid","8","Vulnerable","","Near threatened","","","","","","","","","","","",""
"https://id.biodiversity.org.au/taxon/apni/51400242","Calochilus robertsonii","Benth.","species","Plantae","Charophyta","Equisetopsida","Asparagales","Orchidaceae","Calochilus","Western Beard-orchid","8","","","Near threatened","","","","","","","","","","","",""
"https://id.biodiversity.org.au/taxon/apni/51401266","Cyanicula caerulea","(R.Br.) Hopper & A.P.Br.","species","Plantae","Charophyta","Equisetopsida","Asparagales","Orchidaceae","Cyanicula","Blue Fairy","8","","","Near threatened","","","","","","","","","","","",""
"https://id.biodiversity.org.au/taxon/apni/51430971","Asclepias curassavica","L.","species","Plantae","Charophyta","Equisetopsida","Gentianales","Apocynaceae","Asclepias","Red-head Cotton-bush","8","","","","","","","","","","","","","","",""
"https://id.biodiversity.org.au/taxon/apni/51432333","Solenogyne bellioides","Cass.","species","Plantae","Charophyta","Equisetopsida","Asterales","Asteraceae","Solenogyne","Solengyne","8","","","","","","","","","","","","","","",""
"https://id.biodiversity.org.au/taxon/apni/51445990","Pellaea falcata","(R.Br.) Fée","species","Plantae","Charophyta","Equisetopsida","","Pteridaceae","Pellaea","Sickle Fern","8","","","","","","","","","","","","","","",""
"https://id.biodiversity.org.au/taxon/apni/51446104","Pteris tremula","R.Br.","species","Plantae","Charophyta","Equisetopsida","","Pteridaceae","Pteris","Tender Brake","8","Rare","","","","","","","","","","","","","",""
"https://id.biodiversity.org.au/taxon/apni/51751894","Opuntia microdasys","(Lehm.) Pfeiff.","species","Plantae","Charophyta","Equisetopsida","Caryophyllales","Cactaceae","Opuntia","Bunny-ears","8","","","","","","","","","","","","Y","","",""
"https://id.biodiversity.org.au/taxon/apni/51767491","Rhododendron lochiae","F.Muell.","species","Plantae","Charophyta","Equisetopsida","Ericales","Ericaceae","Rhododendron","Native Rhododendron","8","","","","","","","","","","","","","","",""
"https://id.biodiversity.org.au/taxon/apni/51771715","Geranium solanderi","Carolin","species","Plantae","Charophyta","Equisetopsida","Geraniales","Geraniaceae","Geranium","Austral Geranium","8","","","","","","","","","","","","","","",""
"NZOR-6-68380","Persicaria chinensis","(L.) H.Gross","species","Plantae","Charophyta","Equisetopsida","Caryophyllales","Polygonaceae","Persicaria","Chinese Knotweed","7","","","","","","","","","","","","","","",""
"https://id.biodiversity.org.au/node/apni/2886204","Rytidosperma monticola","(Vickery) Connor & Edgar","species","Plantae","Charophyta","Equisetopsida","Poales","Poaceae","Rytidosperma","Mountain Wallaby Grass","7","","","","","Endangered","","","","","","","","","",""
"https://id.biodiversity.org.au/node/apni/2887242","Senecio bathurstianus","(DC.) Sch.Bip.","species","Plantae","Charophyta","Equisetopsida","Asterales","Asteraceae","Senecio","Dissected Fireweed","7","","","","","","","","","","","","","","",""
"https://id.biodiversity.org.au/node/apni/2887351","Leptomeria acida","R.Br.","species","Plantae","Charophyta","Equisetopsida","Santalales","Santalaceae","Leptomeria","Sour Currant Bush","7","","","","","Endangered","","","","","","","","","",""
"https://id.biodiversity.org.au/node/apni/2887787","Notelaea ovata","R.Br.","species","Plantae","Charophyta","Equisetopsida","Lamiales","Oleaceae","Notelaea","Forest Olive","7","","","","","","","","","","","","","","",""
"https://id.biodiversity.org.au/node/apni/2888801","Leucopogon microphyllus","(Cav.) R.Br.","species","Plantae","Charophyta","Equisetopsida","Ericales","Ericaceae","Leucopogon","Hairy Beard-heath","7","","","","","","","","","","","","","","",""
"https://id.biodiversity.org.au/node/apni/2891135","Pomaderris prunifolia","Fenzl","species","Plantae","Charophyta","Equisetopsida","Rosales","Rhamnaceae","Pomaderris","Plum-leaf Pomaderris","7","","","","","","","","","","","","","","",""
"https://id.biodiversity.org.au/node/apni/2891570","Verbena quadrangularis","Vell.","species","Plantae","Charophyta","Equisetopsida","Lamiales","Verbenaceae","Verbena","","7","","","","","","","","","","","","","","",""
"https://id.biodiversity.org.au/node/apni/2892224","Bothriochloa decipiens","(Hack.) C.E.Hubb.","species","Plantae","Charophyta","Equisetopsida","Poales","Poaceae","Bothriochloa","Bothriochloa","7","","","","","","","","","","","","","","",""
"https://id.biodiversity.org.au/node/apni/2893781","Triglochin striata","Ruiz & Pav.","species","Plantae","Charophyta","Equisetopsida","Alismatales","Juncaginaceae","Triglochin","Streaked Arrowgrass","7","","","","","","","","","","","","","","",""
"https://id.biodiversity.org.au/node/apni/2893989","Chloris ventricosa","R.Br.","species","Plantae","Charophyta","Equisetopsida","Poales","Poaceae","Chloris","Tall Windmill Grass","7","","","","","Endangered","","","","","","","","","",""
"https://id.biodiversity.org.au/node/apni/2894337","Setaria pumila","(Poir.) Roem. & Schult.","species","Plantae","Charophyta","Equisetopsida","Poales","Poaceae","Setaria","Setaria","7","","","","","","","","","","","","","","",""
"https://id.biodiversity.org.au/node/apni/2895818","Grevillea linearifolia","(Cav.) Druce","species","Plantae","Charophyta","Equisetopsida","Proteales","Proteaceae","Grevillea","Linear-leaf Grevillea","7","","","","","","","","","","","","","","",""
"https://id.biodiversity.org.au/node/apni/2896293","Gahnia melanocarpa","R.Br.","species","Plantae","Charophyta","Equisetopsida","Poales","Cyperaceae","Gahnia","Black Fruit Saw-sedge","7","","","","","","","","","","","","","","",""
"https://id.biodiversity.org.au/node/apni/2896484","Rorippa nasturtium-aquaticum","(L.) Hayek","species","Plantae","Charophyta","Equisetopsida","Brassicales","Brassicaceae","Rorippa","Watercress","7","","","","","","","","","","","","","","",""
"https://id.biodiversity.org.au/node/apni/2896885","Austrocylindropuntia subulata","(Muehlenpf.) Backeb.","species","Plantae","Charophyta","Equisetopsida","Caryophyllales","Cactaceae","Austrocylindropuntia","Eve's Needle Cactus","7","","","","","","","","","","","","Y","","",""
"https://id.biodiversity.org.au/node/apni/2898255","Facelis retusa","(Lam.) Sch.Bip.","species","Plantae","Charophyta","Equisetopsida","Asterales","Asteraceae","Facelis","","7","","","","","","","","","","","","","","",""
"https://id.biodiversity.org.au/node/apni/2898582","Lepidosperma gunnii","Boeckeler","species","Plantae","Charophyta","Equisetopsida","Poales","Cyperaceae","Lepidosperma","Slender Sword-sedge","7","","","","","","","","","","","","","","",""
"https://id.biodiversity.org.au/node/apni/2898658","Gompholobium glabratum","DC.","species","Plantae","Charophyta","Equisetopsida","Fabales","Fabaceae","Gompholobium","Dainty Wedge Pea","7","","","","","Vulnerable","","","","","","","","","",""
"https://id.biodiversity.org.au/node/apni/2899172","Amyema miquelii","(Lehm. ex Miq.) Tiegh.","species","Plantae","Charophyta","Equisetopsida","Santalales","Loranthaceae","Amyema","Box Mistletoe","7","","","","","","","","","","","","","","",""
"https://id.biodiversity.org.au/node/apni/2900393","Tetratheca thymifolia","Sm.","species","Plantae","Charophyta","Equisetopsida","Oxalidales","Elaeocarpaceae","Tetratheca","Black-eyed Susan","7","","","","","Vulnerable","","","","","","","","","",""
"https://id.biodiversity.org.au/node/apni/2901323","Poa sieberiana","Spreng.","species","Plantae","Charophyta","Equisetopsida","Poales","Poaceae","Poa","Snowgrass","7","","","","","","","","","","","","","","",""
"https://id.biodiversity.org.au/node/apni/2901595","Salix babylonica","L.","species","Plantae","Charophyta","Equisetopsida","Malpighiales","Salicaceae","Salix","Weeping Willow","7","","","","","","","","","","","","","","",""
"https://id.biodiversity.org.au/node/apni/2902202","Guichenotia macrantha","Turcz.","species","Plantae","Charophyta","Equisetopsida","Malvales","Malvaceae","Guichenotia","Large-flowered Guichenotia","7","","","","","","","","","","","","","","",""
"https://id.biodiversity.org.au/node/apni/2902584","Sporobolus elongatus","R.Br.","species","Plantae","Charophyta","Equisetopsida","Poales","Poaceae","Sporobolus","Slender Rat's Tail Grass","7","","","","","","","","","","","","","","",""
"https://id.biodiversity.org.au/node/apni/2903133","Cassinia aureonitens","N.A.Wakef.","species","Plantae","Charophyta","Equisetopsida","Asterales","Asteraceae","Cassinia","Yellow Cassinia","7","","","","","","","","","","","","","","",""
"https://id.biodiversity.org.au/node/apni/2903655","Solanum lycopersicum","L.","species","Plantae","Charophyta","Equisetopsida","Solanales","Solanaceae","Solanum","Tomato","7","","","","","","","","","","","","","","",""
"https://id.biodiversity.org.au/node/apni/2904505","Viminaria juncea","(Schrad. & J.C.Wendl.) Hoffmanns.","species","Plantae","Charophyta","Equisetopsida","Fabales","Fabaceae","Viminaria","Native Broom","7","Rare","Endangered","","","","","","","","","","","","",""
"https://id.biodiversity.org.au/node/apni/2904728","Rumex conglomeratus","Murray","species","Plantae","Charophyta","Equisetopsida","Caryophyllales","Polygonaceae","Rumex","Clustered Dock","7","","","","","","","","","","","","","","",""
"https://id.biodiversity.org.au/node/apni/2906266","Cenchrus setaceus","(Forssk.) Morrone","species","Plantae","Charophyta","Equisetopsida","Poales","Poaceae","Cenchrus","Fountain Grass","7","","","","","","","","","","","","","","",""
"https://id.biodiversity.org.au/node/apni/2907039","Austrostipa setacea","(R.Br.) S.W.L.Jacobs & J.Everett","species","Plantae","Charophyta","Equisetopsida","Poales","Poaceae","Austrostipa","Corkscrew Spear-grass","7","","","","","","","","","","","","","","",""
"https://id.biodiversity.org.au/node/apni/2907852","Pomaderris discolor","(Vent.) Poir.","species","Plantae","Charophyta","Equisetopsida","Rosales","Rhamnaceae","Pomaderris","Eastern Pomaderris","7","","","","","Endangered","","","","","","","","","",""
"https://id.biodiversity.org.au/node/apni/2907939","Paspalum quadrifarium","Lam.","species","Plantae","Charophyta","Equisetopsida","Poales","Poaceae","Paspalum","Tussock Paspalum","7","","","","","","","","","","","","","","",""
"https://id.biodiversity.org.au/node/apni/2908292","Hibbertia monogyna","R.Br. ex DC.","species","Plantae","Charophyta","Equisetopsida","","Dilleniaceae","Hibbertia","Leafy Guinea-flower","7","","","","","","","","","","","","","","",""
"https://id.biodiversity.org.au/node/apni/2909971","Crocosmia x crocosmiiflora","(Lemoine ex É.Morren) N.E.Br.","species","Plantae","Charophyta","Equisetopsida","Asparagales","Iridaceae","Crocosmia","Montbretia","7","","","","","","","","","","","","","","",""
"https://id.biodiversity.org.au/node/apni/2909981","Schoenus melanostachys","R.Br.","species","Plantae","Charophyta","Equisetopsida","Poales","Cyperaceae","Schoenus","Black Bog-sedge","7","","","","","Vulnerable","","","","","","","","","",""
"https://id.biodiversity.org.au/node/apni/2912379","Centaurium erythraea","Rafn","species","Plantae","Charophyta","Equisetopsida","Gentianales","Gentianaceae","Centaurium","Common Centaury","7","","","","","","","","","","","","","","",""
"https://id.biodiversity.org.au/node/apni/2912594","Pultenaea pedunculata","Hook.","species","Plantae","Charophyta","Equisetopsida","Fabales","Fabaceae","Pultenaea","Matted Bush-pea","7","","","","","","","Endangered","","","","","","","",""
"https://id.biodiversity.org.au/node/apni/2912810","Leptospermum petersonii","F.M.Bailey","species","Plantae","Charophyta","Equisetopsida","Myrtales","Myrtaceae","Leptospermum","Lemon-scented Teatree","7","","","","","","","","","","","","","","",""
"https://id.biodiversity.org.au/node/apni/2915871","Eucalyptus beyeriana","L.A.S.Johnson & K.D.Hill","species","Plantae","Charophyta","Equisetopsida","Myrtales","Myrtaceae","Eucalyptus","","7","","","","","Critically Endangered","","","Rare, Near Threatened","","Poorly-known species","Poorly-known species","","","",""
"https://id.biodiversity.org.au/node/apni/2916517","Melaleuca deanei","F.Muell.","species","Plantae","Charophyta","Equisetopsida","Myrtales","Myrtaceae","Melaleuca","Deane's Paperbark","7","","","","Vulnerable","","","Vulnerable","","","","","","","",""
"https://id.biodiversity.org.au/node/apni/2917401","Grevillea sphacelata","R.Br.","species","Plantae","Charophyta","Equisetopsida","Proteales","Proteaceae","Grevillea","Grey Spider Flower","7","","","","","","","","","","","","","","",""
"https://id.biodiversity.org.au/node/apni/2918091","Styphelia laeta","R.Br.","species","Plantae","Charophyta","Equisetopsida","Ericales","Ericaceae","Styphelia","","7","","","","","","","","","","","","","","",""
"https://id.biodiversity.org.au/node/apni/2920526","Verbascum virgatum","Stokes","species","Plantae","Charophyta","Equisetopsida","Lamiales","Scrophulariaceae","Verbascum","Twiggy Mullein","7","","","","","","","","","","","","","","",""
"https://id.biodiversity.org.au/node/apni/2920789","Opuntia stricta","(Haw.) Haw.","species","Plantae","Charophyta","Equisetopsida","Caryophyllales","Cactaceae","Opuntia","Spiny Pest Pear","7","","","","","","","","","","","","Y","Y","",""
"https://id.biodiversity.org.au/node/apni/2921307","Abutilon grandifolium","(Willd.) Sweet","species","Plantae","Charophyta","Equisetopsida","Malvales","Malvaceae","Abutilon","Hairy Abutilon","7","","","","","","","","","","","","","","",""
"https://id.biodiversity.org.au/node/apni/7016661","Onopordum acanthium","L.","species","Plantae","Charophyta","Equisetopsida","Asterales","Asteraceae","Onopordum","Scotch Thistle","7","","","","","","","","","","","","","","",""
"https://id.biodiversity.org.au/taxon/apni/51266442","Alstroemeria psittacina","Lehm.","species","Plantae","Charophyta","Equisetopsida","Liliales","Alstroemeriaceae","Alstroemeria","Parrot Lily","7","","","","","","","","","","","","","","",""
"https://id.biodiversity.org.au/taxon/apni/51286968","Acacia longissima","H.L.Wendl.","species","Plantae","Charophyta","Equisetopsida","Fabales","Fabaceae","Acacia","Flax Wattle","7","","","","","","","","","","","","","","",""
"https://id.biodiversity.org.au/taxon/apni/51291098","Fumaria capreolata","L.","species","Plantae","Charophyta","Equisetopsida","Ranunculales","Papaveraceae","Fumaria","White-flowered Fumitory","7","","","","","","","","","","","","","","",""
"https://id.biodiversity.org.au/taxon/apni/51405106","Erythrorchis cassythoides","(R.Cunn.) Garay","species","Plantae","Charophyta","Equisetopsida","Asparagales","Orchidaceae","Erythrorchis","Climbing Orchid","7","","","Near threatened","","","","","","","","","","","",""
"https://id.biodiversity.org.au/taxon/apni/51406101","Glossodia major","R.Br.","species","Plantae","Charophyta","Equisetopsida","Asparagales","Orchidaceae","Glossodia","Purple Cockatoo","7","","","Near threatened","","","","","","","","","","","",""
"https://id.biodiversity.org.au/taxon/apni/51429712","Tricoryne simplex","R.Br.","species","Plantae","Charophyta","Equisetopsida","Asparagales","Hemerocallidaceae","Tricoryne","","7","","","","","","","","","","","","","","",""
"https://id.biodiversity.org.au/taxon/apni/51429794","Xanthorrhoea minor","R.Br.","species","Plantae","Charophyta","Equisetopsida","Asparagales","Xanthorrhoeaceae","Xanthorrhoea","","7","","","","","","","","","","","","","","",""
"https://id.biodiversity.org.au/taxon/apni/51433001","Petrorhagia nanteuilii","(Burnat) P.W.Ball & Heywood","species","Plantae","Charophyta","Equisetopsida","Caryophyllales","Caryophyllaceae","Petrorhagia","Proliferous Pink","7","","","","","","","","","","","","","","",""
"https://id.biodiversity.org.au/taxon/apni/51434579","Machaerina juncea","(R.Br.) T.Koyama","species","Plantae","Charophyta","Equisetopsida","Poales","Cyperaceae","Machaerina","Bare Twig-rush","7","","","","","","","","","","","","","","",""
"https://id.biodiversity.org.au/taxon/apni/51438111","Watsonia meriana","(L.) Mill.","species","Plantae","Charophyta","Equisetopsida","Asparagales","Iridaceae","Watsonia","Bugle Lily","7","","","","","","","","","","","","","","",""
"https://id.biodiversity.org.au/taxon/apni/51441344","Corunastylis rufa","(R.Br.) D.L.Jones & M.A.Clem.","species","Plantae","Charophyta","Equisetopsida","Asparagales","Orchidaceae","Corunastylis","Rufous Midge Orchid","7","","","Near threatened","","","","","","","","","","","",""
"https://id.biodiversity.org.au/taxon/apni/51444874","Polygonum aviculare","L.","species","Plantae","Charophyta","Equisetopsida","Caryophyllales","Polygonaceae","Polygonum","Wireweed","7","","","","","","","","","","","","","","",""
"https://id.biodiversity.org.au/taxon/apni/51446885","Crowea saligna","Andrews","species","Plantae","Charophyta","Equisetopsida","Sapindales","Rutaceae","Crowea","Willow-leaved Crowea","7","","","","","","","","","","","","","","",""
"https://id.biodiversity.org.au/taxon/apni/51447682","Lycium ferocissimum","Miers","species","Plantae","Charophyta","Equisetopsida","Solanales","Solanaceae","Lycium","African Boxthorn","7","","","","","","","","","","","","Y","","Y",""
"https://id.biodiversity.org.au/taxon/apni/51736246","Apium prostratum","Labill. ex Vent.","species","Plantae","Charophyta","Equisetopsida","Apiales","Apiaceae","Apium","Sea Celery","7","","","","","","","","","","","","","","",""
"https://id.biodiversity.org.au/taxon/apni/51741595","Bidens subalternans","DC.","species","Plantae","Charophyta","Equisetopsida","Asterales","Asteraceae","Bidens","Greater Beggar's Ticks","7","","","","","","","","","","","","","","",""
"https://id.biodiversity.org.au/taxon/apni/51770593","Acacia pravissima","F.Muell. ex Benth.","species","Plantae","Charophyta","Equisetopsida","Fabales","Fabaceae","Acacia","Ovens Wattle","7","","","","","","","","","","","","","","",""
"https://id.biodiversity.org.au/taxon/apni/51781860","Eucalyptus acmenoides","Schauer","species","Plantae","Charophyta","Equisetopsida","Myrtales","Myrtaceae","Eucalyptus","White Mahogany","7","","","","","Critically Endangered","","","Rare, Near Threatened","","Poorly-known species","Poorly-known species","","","",""
"https://id.biodiversity.org.au/taxon/apni/51794845","Chiloglottis diphylla","R.Br.","species","Plantae","Charophyta","Equisetopsida","Asparagales","Orchidaceae","Chiloglottis","Ant Orchid","7","","","Near threatened","","","","","","","","","","","",""
"NZOR-6-51333","Liquidambar styraciflua","L.","species","Plantae","Charophyta","Equisetopsida","Saxifragales","Hamamelidaceae","Liquidambar","Sweetgum","6","","","","","","","","","","","","","","",""
"https://id.biodiversity.org.au/node/apni/2886723","Hakea teretifolia","(Salisb.) Britten","species","Plantae","Charophyta","Equisetopsida","Proteales","Proteaceae","Hakea","Needlebush","6","","","","","","","","","","","","","","",""
"https://id.biodiversity.org.au/node/apni/2887083","Opercularia varia","Hook.f.","species","Plantae","Charophyta","Equisetopsida","Gentianales","Rubiaceae","Opercularia","Variable Stinkweed","6","","","","","","","","","","","","","","",""
"https://id.biodiversity.org.au/node/apni/2889080","Patersonia glabrata","R.Br.","species","Plantae","Charophyta","Equisetopsida","Asparagales","Iridaceae","Patersonia","Leafy Purple-flag","6","","","","","","","","","","","","","","",""
"https://id.biodiversity.org.au/node/apni/2889142","Hydrocleys nymphoides","(Humb. & Bonpl. ex Willd.) Buchenau","species","Plantae","Charophyta","Equisetopsida","Alismatales","Alismataceae","Hydrocleys","Water Poppy","6","","","","","","","","","","","","","","",""
"https://id.biodiversity.org.au/node/apni/2889203","Vulpia myuros","(L.) C.C.Gmel.","species","Plantae","Charophyta","Equisetopsida","Poales","Poaceae","Vulpia","Fescue","6","","","","","","","","","","","","","","",""
"https://id.biodiversity.org.au/node/apni/2889788","Calystegia marginata","R.Br.","species","Plantae","Charophyta","Equisetopsida","Solanales","Convolvulaceae","Calystegia","Forest Bindweed","6","","Endangered","","","","","","","","","","","","",""
"https://id.biodiversity.org.au/node/apni/2890025","Cyperus involucratus","Rottb.","species","Plantae","Charophyta","Equisetopsida","Poales","Cyperaceae","Cyperus","Umbrella Plant","6","","","","","","","","","","","","","","",""
"https://id.biodiversity.org.au/node/apni/2890433","Coronidium oxylepis","(F.Muell.) Paul G.Wilson","species","Plantae","Charophyta","Equisetopsida","Asterales","Asteraceae","Coronidium","","6","","","","","","","","","","","","","","",""
"https://id.biodiversity.org.au/node/apni/2891530","Veronica persica","Poir.","species","Plantae","Charophyta","Equisetopsida","Lamiales","Plantaginaceae","Veronica","Persian Speedwell","6","","","","","","","","","","","","","","",""
"https://id.biodiversity.org.au/node/apni/2891987","Conospermum longifolium","Sm.","species","Plantae","Charophyta","Equisetopsida","Proteales","Proteaceae","Conospermum","Long Leaf Smoke-bush","6","","","","","","","","","","","","","","",""
"https://id.biodiversity.org.au/node/apni/2892956","Ficus macrophylla","Desf. ex Pers.","species","Plantae","Charophyta","Equisetopsida","Rosales","Moraceae","Ficus","Figwood","6","","","","","","","","","","","","","","",""
"https://id.biodiversity.org.au/node/apni/2893457","Senecio quadridentatus","Labill.","species","Plantae","Charophyta","Equisetopsida","Asterales","Asteraceae","Senecio","Cotton Groundsel","6","","","","","","","","","","","","","","",""
"https://id.biodiversity.org.au/node/apni/2894970","Schoenoplectus tabernaemontani","(C.C.Gmel.) Palla","species","Plantae","Charophyta","Equisetopsida","Poales","Cyperaceae","Schoenoplectus","River Club-rush","6","","Near Threatened","","","","","","","","","","","","",""
"https://id.biodiversity.org.au/node/apni/2895672","Convolvulus farinosus","L.","species","Plantae","Charophyta","Equisetopsida","Solanales","Convolvulaceae","Convolvulus","Wild Bindweed","6","","","","","","","","","","","","","","",""
"https://id.biodiversity.org.au/node/apni/2896800","Scutellaria racemosa","Pers.","species","Plantae","Charophyta","Equisetopsida","Lamiales","Lamiaceae","Scutellaria","","6","","","","","","","","","","","","","","",""
"https://id.biodiversity.org.au/node/apni/2897125","Digitaria ramularis","(Trin.) Henrard","species","Plantae","Charophyta","Equisetopsida","Poales","Poaceae","Digitaria","Finger Panic Grass","6","","","","","","","","","","","","","","",""
"https://id.biodiversity.org.au/node/apni/2897651","Cytisus scoparius","(L.) Link","species","Plantae","Charophyta","Equisetopsida","Fabales","Fabaceae","Cytisus","English Broom","6","","","","","","","","","","","","Y","","Y",""
"https://id.biodiversity.org.au/node/apni/2898238","Carex breviculmis","R.Br.","species","Plantae","Charophyta","Equisetopsida","Poales","Cyperaceae","Carex","Common Grass-sedge","6","","","","","","","","","","","","","","",""
"https://id.biodiversity.org.au/node/apni/2899492","Thysanotus tuberosus","R.Br.","species","Plantae","Charophyta","Equisetopsida","Asparagales","Asparagaceae","Thysanotus","Common Fringe-lily","6","Vulnerable","","","","","","","","Poorly-known species","","","","","",""
"https://id.biodiversity.org.au/node/apni/2899530","Lomandra glauca","(R.Br.) Ewart","species","Plantae","Charophyta","Equisetopsida","Asparagales","Asparagaceae","Lomandra","Pale Matrush","6","","","","","","","","","","","","","","",""
"https://id.biodiversity.org.au/node/apni/2900816","Hedychium gardnerianum","Sheppard ex Ker Gawl.","species","Plantae","Charophyta","Equisetopsida","Zingiberales","Zingiberaceae","Hedychium","Kahili Ginger","6","","","","","","","","","","","","","","",""
"https://id.biodiversity.org.au/node/apni/2901815","Pelargonium inodorum","Willd.","species","Plantae","Charophyta","Equisetopsida","Geraniales","Geraniaceae","Pelargonium","Kapota","6","","","","","","","","","","","","","","",""
"https://id.biodiversity.org.au/node/apni/2904680","Hovea longifolia","R.Br.","species","Plantae","Charophyta","Equisetopsida","Fabales","Fabaceae","Hovea","Rusty Pods","6","","","","","","","","","","","","","","",""
"https://id.biodiversity.org.au/node/apni/2905006","Persicaria hydropiper","(L.) Delarbre","species","Plantae","Charophyta","Equisetopsida","Caryophyllales","Polygonaceae","Persicaria","Water Pepper","6","","","","","","","","","","","","","","",""
"https://id.biodiversity.org.au/node/apni/2906677","Persoonia laurina","Pers.","species","Plantae","Charophyta","Equisetopsida","Proteales","Proteaceae","Persoonia","Laurel Geebung","6","","","","","","","","","","","","","","",""
"https://id.biodiversity.org.au/node/apni/2906780","Rubus moluccanus","L.","species","Plantae","Charophyta","Equisetopsida","Rosales","Rosaceae","Rubus","Molucca Bramble","6","","","","","","","","","","","","","","",""
"https://id.biodiversity.org.au/node/apni/2908318","Leptinella longipes","Hook.f.","species","Plantae","Charophyta","Equisetopsida","Asterales","Asteraceae","Leptinella","Coast Cotula","6","","","","","","","","","","","","","","",""
"https://id.biodiversity.org.au/node/apni/2908460","Juncus subsecundus","N.A.Wakef.","species","Plantae","Charophyta","Equisetopsida","Poales","Juncaceae","Juncus","Finger Rush","6","","","","","","","","","","","","","","",""
"https://id.biodiversity.org.au/node/apni/2909874","Aloe arborescens","Mill.","species","Plantae","Charophyta","Equisetopsida","Asparagales","Asphodelaceae","Aloe","Tree Aloe","6","","","","","","","","","","","","","","",""
"https://id.biodiversity.org.au/node/apni/2910511","Tillandsia usneoides","(L.) L.","species","Plantae","Charophyta","Equisetopsida","Poales","Bromeliaceae","Tillandsia","Spanish Moss","6","","","","","","","","","","","","","","",""
"https://id.biodiversity.org.au/node/apni/2911592","Carex fascicularis","Sol. ex Boott","species","Plantae","Charophyta","Equisetopsida","Poales","Cyperaceae","Carex","Tassel Sedge","6","","","","","","Vulnerable","","","","","","","","",""
"https://id.biodiversity.org.au/node/apni/2911886","Bryophyllum pinnatum","(Lam.) Oken","species","Plantae","Charophyta","Equisetopsida","Saxifragales","Crassulaceae","Bryophyllum","Resurrection Plant","6","","","","","","","","","","","","","","",""
"https://id.biodiversity.org.au/node/apni/2913132","Omphacomeria acerba","(R.Br.) A.DC.","species","Plantae","Charophyta","Equisetopsida","Santalales","Santalaceae","Omphacomeria","Leafless Sour-bush","6","","","","","","","","","","Poorly-known species","","","","",""
"https://id.biodiversity.org.au/node/apni/2913328","Bidens alba","(L.) DC.","species","Plantae","Charophyta","Equisetopsida","Asterales","Asteraceae","Bidens","","6","","","","","","","","","","","","","","",""
"https://id.biodiversity.org.au/node/apni/2913945","Parthenocissus quinquefolia","(L.) Planch.","species","Plantae","Charophyta","Equisetopsida","Vitales","Vitaceae","Parthenocissus","Virginia Creeper","6","","","","","","","","","","","","","","",""
"https://id.biodiversity.org.au/node/apni/2914933","Dicksonia antarctica","Labill.","species","Plantae","Charophyta","Equisetopsida","Cyatheales","Dicksoniaceae","Dicksonia","Soft Treefern","6","Endangered","","","","","","","","","","","","","",""
"https://id.biodiversity.org.au/node/apni/2916113","Drosera pygmaea","DC.","species","Plantae","Charophyta","Equisetopsida","Caryophyllales","Droseraceae","Drosera","Tiny Sundew","6","","","","","","","","","","","","","","",""
"https://id.biodiversity.org.au/node/apni/2917050","Goodenia heterophylla","Sm.","species","Plantae","Charophyta","Equisetopsida","Asterales","Goodeniaceae","Goodenia","","6","","","","","","","","","","","Poorly-known species","","","",""
"https://id.biodiversity.org.au/node/apni/2917201","Tecoma stans","(L.) Juss. ex Kunth","species","Plantae","Charophyta","Equisetopsida","Lamiales","Bignoniaceae","Tecoma","Tecoma","6","","","","","","","","","","","","","","",""
"https://id.biodiversity.org.au/node/apni/2917329","Salix nigra","Marshall","species","Plantae","Charophyta","Equisetopsida","Malpighiales","Salicaceae","Salix","Black Willow","6","","","","","","","","","","","","","","",""
"https://id.biodiversity.org.au/node/apni/2918159","Asphodelus fistulosus","L.","species","Plantae","Charophyta","Equisetopsida","Asparagales","Asphodelaceae","Asphodelus","Onion Weed","6","","","","","","","","","","","","","","",""
"https://id.biodiversity.org.au/node/apni/2919192","Rubus anglocandicans","A.Newton","species","Plantae","Charophyta","Equisetopsida","Rosales","Rosaceae","Rubus","Blackberry","6","","","","","","","","","","","","","Y","",""
"https://id.biodiversity.org.au/node/apni/2919872","Trifolium arvense","L.","species","Plantae","Charophyta","Equisetopsida","Fabales","Fabaceae","Trifolium","Haresfoot Clover","6","","","","","","","","","","","","","","",""
"https://id.biodiversity.org.au/node/apni/2919874","Callisia fragrans","(Lindl.) Woodson","species","Plantae","Charophyta","Equisetopsida","Commelinales","Commelinaceae","Callisia","Inch Plant","6","","","","","","","","","","","","","","",""
"https://id.biodiversity.org.au/node/apni/2920642","Prostanthera teretifolia","Maiden & Betche","species","Plantae","Charophyta","Equisetopsida","Lamiales","Lamiaceae","Prostanthera","Torrington Mint-bush","6","","","","","","","","","","","","","","",""
"https://id.biodiversity.org.au/node/apni/2921027","Hakea laevipes","Gand.","species","Plantae","Charophyta","Equisetopsida","Proteales","Proteaceae","Hakea","","6","","","","","","","","","","","","","","",""
"https://id.biodiversity.org.au/taxon/apni/51285782","Vicia tetrasperma","(L.) Schreb.","species","Plantae","Charophyta","Equisetopsida","Fabales","Fabaceae","Vicia","Slender Vetch","6","","","","","","","","","","","","","","",""
"https://id.biodiversity.org.au/taxon/apni/51291191","Anthosachne kingiana","(Endl.) Govaerts","species","Plantae","Charophyta","Equisetopsida","Poales","Poaceae","Anthosachne","","6","","","","","","","","","","","","","","",""
"https://id.biodiversity.org.au/taxon/apni/51291262","Digitaria ciliaris","(Retz.) Koeler","species","Plantae","Charophyta","Equisetopsida","Poales","Poaceae","Digitaria","Summer Grass","6","","","","","","","","","","","","","","",""
"https://id.biodiversity.org.au/taxon/apni/51401153","Cryptostylis erecta","R.Br.","species","Plantae","Charophyta","Equisetopsida","Asparagales","Orchidaceae","Cryptostylis","Bonnet Orchid","6","","","Near threatened","","Endangered","","","","","","","","","",""
"https://id.biodiversity.org.au/taxon/apni/51432622","Blechnum neohollandicum","Christenh.","species","Plantae","Charophyta","Equisetopsida","Polypodiales","Blechnaceae","Blechnum","Prickly Rasp-fern","6","","Endangered","","","","","","","","","","","","",""
"https://id.biodiversity.org.au/taxon/apni/51436497","Acacia boormanii","Maiden","species","Plantae","Charophyta","Equisetopsida","Fabales","Fabaceae","Acacia","Snowy River Wattle","6","","","","","Endangered","","","","","","","","","",""
"https://id.biodiversity.org.au/taxon/apni/51439412","Sarcopetalum harveyanum","F.Muell.","species","Plantae","Charophyta","Equisetopsida","Ranunculales","Menispermaceae","Sarcopetalum","Pearl Vine","6","","","","","","","","","","","","","","",""
"https://id.biodiversity.org.au/taxon/apni/51440382","Syzygium australe","(J.C.Wendl. ex Link) B.Hyland","species","Plantae","Charophyta","Equisetopsida","Myrtales","Myrtaceae","Syzygium","Scrub Cherry","6","","","","","","","","","","","","","","",""
"https://id.biodiversity.org.au/taxon/apni/51441210","Corunastylis fimbriata","(R.Br.) D.L.Jones & M.A.Clem.","species","Plantae","Charophyta","Equisetopsida","Asparagales","Orchidaceae","Corunastylis","Fringed Midge Orchid","6","","","Near threatened","","","","","","","","","","","",""
"https://id.biodiversity.org.au/taxon/apni/51448025","Christella dentata","(Forssk.) Brownsey & Jermy","species","Plantae","Charophyta","Equisetopsida","Polypodiales","Thelypteridaceae","Christella","Soft Shield-fern","6","Rare","","","","Critically Endangered","","","","","Poorly-known species","","","","",""
"https://id.biodiversity.org.au/taxon/apni/51448753","Viola hederacea","Labill.","species","Plantae","Charophyta","Equisetopsida","Malpighiales","Violaceae","Viola","Ivy-leaf Violet","6","","","","","","","","","","","","","","",""
"https://id.biodiversity.org.au/taxon/apni/51448936","Macrozamia spiralis","(Salisb.) Miq.","species","Plantae","Charophyta","Equisetopsida","Cycadales","Zamiaceae","Macrozamia","Burrawang","6","","","","","","","","","","","","","","",""
"https://id.biodiversity.org.au/taxon/apni/51763405","Fimbristylis dichotoma","(L.) Vahl","species","Plantae","Charophyta","Equisetopsida","Poales","Cyperaceae","Fimbristylis","Fringe-rush","6","","","","","Endangered","","","","","","","","","",""
"https://id.biodiversity.org.au/taxon/apni/51782455","Rhodamnia rubescens","(Benth.) Miq.","species","Plantae","Charophyta","Equisetopsida","Myrtales","Myrtaceae","Rhodamnia","Scrub Turpentine","6","","","Critically endangered","Critically Endangered","","","Critically Endangered","","","","","","","",""
"https://id.biodiversity.org.au/taxon/apni/51794811","Caladenia carnea","R.Br.","species","Plantae","Charophyta","Equisetopsida","Asparagales","Orchidaceae","Caladenia","Pink Fingers","6","","","Near threatened","","","","","","","","","","","",""
"https://id.biodiversity.org.au/name/apni/87915","Epidendrum radicans","Pav. ex Lindl.","species","Plantae","Charophyta","Equisetopsida","Asparagales","Orchidaceae","Epidendrum","","5","","","Near threatened","","","","","","","","","","","",""
"https://id.biodiversity.org.au/name/ausmoss/10002015","Funaria hygrometrica","Hedw.","species","Plantae","Bryophyta","Bryopsida","Funariales","Funariaceae","Funaria","Common Cord-moss","5","","","","","","","","","","","","","","",""
"https://id.biodiversity.org.au/name/ausmoss/10002037","Grimmia laevigata","(Brid.) Brid.","species","Plantae","Bryophyta","Bryopsida","Grimmiales","Grimmiaceae","Grimmia","Salt And Pepper","5","","","","","","","","","","","","","","",""
"https://id.biodiversity.org.au/node/apni/2886209","Pomaderris brunnea","N.A.Wakef.","species","Plantae","Charophyta","Equisetopsida","Rosales","Rhamnaceae","Pomaderris","Brown Pomaderris","5","","","","Vulnerable","","","Endangered","","","","","","","",""
"https://id.biodiversity.org.au/node/apni/2886364","Cenchrus longisetus","M.C.Johnst.","species","Plantae","Charophyta","Equisetopsida","Poales","Poaceae","Cenchrus","Feathertop","5","","","","","","","","","","","","","","",""
"https://id.biodiversity.org.au/node/apni/2886929","Eucalyptus camfieldii","Maiden","species","Plantae","Charophyta","Equisetopsida","Myrtales","Myrtaceae","Eucalyptus","Camfield's Stringybark","5","","","","Vulnerable","Critically Endangered","","Vulnerable","Rare, Near Threatened","","Poorly-known species","Poorly-known species","","","",""
"https://id.biodiversity.org.au/node/apni/2887264","Apium graveolens","L.","species","Plantae","Charophyta","Equisetopsida","Apiales","Apiaceae","Apium","Celery","5","","","","","","","","","","","","","","",""
"https://id.biodiversity.org.au/node/apni/2887881","Trifolium glomeratum","L.","species","Plantae","Charophyta","Equisetopsida","Fabales","Fabaceae","Trifolium","Cluster Clover","5","","","","","","","","","","","","","","",""
"https://id.biodiversity.org.au/node/apni/2888665","Pomaderris ligustrina","Sieber ex DC.","species","Plantae","Charophyta","Equisetopsida","Rosales","Rhamnaceae","Pomaderris","Privet Pomaderris","5","","","","","","","","","","","","","","",""
"https://id.biodiversity.org.au/node/apni/2890419","Macadamia integrifolia","Maiden & Betche","species","Plantae","Charophyta","Equisetopsida","Proteales","Proteaceae","Macadamia","Macadamia Nut","5","","","Vulnerable","Vulnerable","","","","","","","","","","",""
"https://id.biodiversity.org.au/node/apni/2891029","Xerochrysum bracteatum","(Vent.) Tzvelev","species","Plantae","Charophyta","Equisetopsida","Asterales","Asteraceae","Xerochrysum","Golden Everlasting","5","","","","","","","","","","","","","","",""
"https://id.biodiversity.org.au/node/apni/2891097","Mitrasacme polymorpha","R.Br.","species","Plantae","Charophyta","Equisetopsida","Gentianales","Loganiaceae","Mitrasacme","Varied Mitrewort","5","","","","","Endangered","","","","","","","","","",""
"https://id.biodiversity.org.au/node/apni/2892696","Persicaria strigosa","(R.Br.) H.Gross","species","Plantae","Charophyta","Equisetopsida","Caryophyllales","Polygonaceae","Persicaria","Persicaria","5","","","","","","","","","","","","","","",""
"https://id.biodiversity.org.au/node/apni/2893373","Lotus subbiflorus","Lag.","species","Plantae","Charophyta","Equisetopsida","Fabales","Fabaceae","Lotus","Hairy Bird's-foot Trefoil","5","","","","","","","","","","","","","","",""
"https://id.biodiversity.org.au/node/apni/2894537","Harmogia densifolia","(Sm.) Schauer","species","Plantae","Charophyta","Equisetopsida","Myrtales","Myrtaceae","Harmogia","","5","","","","","","","","","","","","","","",""
"https://id.biodiversity.org.au/node/apni/2894942","Opuntia dillenii","(Ker Gawl.) Haw.","species","Plantae","Charophyta","Equisetopsida","Caryophyllales","Cactaceae","Opuntia","","5","","","","","","","","","","","","Y","","",""
"https://id.biodiversity.org.au/node/apni/2895918","Scutellaria humilis","R.Br.","species","Plantae","Charophyta","Equisetopsida","Lamiales","Lamiaceae","Scutellaria","Dwarf Skullcap","5","Rare","Near Threatened","","","","","","","","","","","","",""
"https://id.biodiversity.org.au/node/apni/2896143","Lasiopetalum rufum","R.Br. ex Benth.","species","Plantae","Charophyta","Equisetopsida","Malvales","Malvaceae","Lasiopetalum","","5","","","","","","","","","","","","","","",""
"https://id.biodiversity.org.au/node/apni/2896226","Oxalis purpurea","L.","species","Plantae","Charophyta","Equisetopsida","Oxalidales","Oxalidaceae","Oxalis","One-o'clock","5","","","","","","","","","","","","","","",""
"https://id.biodiversity.org.au/node/apni/2896938","Hakea salicifolia","(Vent.) B.L.Burtt","species","Plantae","Charophyta","Equisetopsida","Proteales","Proteaceae","Hakea","Willow-leaved Hakea","5","","","","","","","","","","","","","","",""
"https://id.biodiversity.org.au/node/apni/2897057","Veronica arvensis","L.","species","Plantae","Charophyta","Equisetopsida","Lamiales","Plantaginaceae","Veronica","Wall Speedwell","5","","","","","","","","","","","","","","",""
"https://id.biodiversity.org.au/node/apni/2897085","Hibbertia diffusa","R.Br. ex DC.","species","Plantae","Charophyta","Equisetopsida","","Dilleniaceae","Hibbertia","Wedge Guinea Flower","5","","","","","Endangered","","","","","","","","","",""
"https://id.biodiversity.org.au/node/apni/2897969","Eucalyptus nicholii","Maiden & Blakely","species","Plantae","Charophyta","Equisetopsida","Myrtales","Myrtaceae","Eucalyptus","Narrow-leaved Black Peppermint","5","","","","Vulnerable","Critically Endangered","","Vulnerable","Rare, Near Threatened","","Poorly-known species","Poorly-known species","","","",""
"https://id.biodiversity.org.au/node/apni/2898303","Cladium procerum","S.T.Blake","species","Plantae","Charophyta","Equisetopsida","Poales","Cyperaceae","Cladium","Leafy Twig-rush","5","Rare","","","","Endangered","","","","","Poorly-known species","","","","",""
"https://id.biodiversity.org.au/node/apni/2898576","Allocasuarina torulosa","(Aiton) L.A.S.Johnson","species","Plantae","Charophyta","Equisetopsida","Fagales","Casuarinaceae","Allocasuarina","Forest Oak","5","","","","","","","","","","","","","","",""
"https://id.biodiversity.org.au/node/apni/2898957","Broussonetia papyrifera","(L.) L'Hér. ex Vent.","species","Plantae","Charophyta","Equisetopsida","Rosales","Moraceae","Broussonetia","Aute","5","","","","","","","","","","","","","","",""
"https://id.biodiversity.org.au/node/apni/2898986","Sherardia arvensis","L.","species","Plantae","Charophyta","Equisetopsida","Gentianales","Rubiaceae","Sherardia","Field Madder","5","","","","","","","","","","","","","","",""
"https://id.biodiversity.org.au/node/apni/2899031","Plantago major","L.","species","Plantae","Charophyta","Equisetopsida","Lamiales","Plantaginaceae","Plantago","Greater Plantain","5","","","","","","","","","","","","","","",""
"https://id.biodiversity.org.au/node/apni/2899660","Leptospermum parvifolium","Sm.","species","Plantae","Charophyta","Equisetopsida","Myrtales","Myrtaceae","Leptospermum","","5","","","","","","","","","","","","","","",""
"https://id.biodiversity.org.au/node/apni/2900289","Adenanthos sericeus","Labill.","species","Plantae","Charophyta","Equisetopsida","Proteales","Proteaceae","Adenanthos","Coastal Woollybush","5","","","","","","","","","","","","","","",""
"https://id.biodiversity.org.au/node/apni/2901759","Digitaria didactyla","Willd.","species","Plantae","Charophyta","Equisetopsida","Poales","Poaceae","Digitaria","Queensland Blue Couch","5","","","","","","","","","","","","","","",""
"https://id.biodiversity.org.au/node/apni/2901926","Viola odorata","L.","species","Plantae","Charophyta","Equisetopsida","Malpighiales","Violaceae","Viola","Common Violet","5","","","","","","","","","","","","","","",""
"https://id.biodiversity.org.au/node/apni/2903973","Bryophyllum x houghtonii","(D.B.Ward) P.I.Forst.","species","Plantae","Charophyta","Equisetopsida","Saxifragales","Crassulaceae","Bryophyllum","Hybrid Mother Of Millions","5","","","","","","","","","","","","","","",""
"https://id.biodiversity.org.au/node/apni/2905370","Dampiera stricta","(Sm.) R.Br.","species","Plantae","Charophyta","Equisetopsida","Asterales","Goodeniaceae","Dampiera","Blue Dampiera","5","","","","","","","","","","","","","","",""
"https://id.biodiversity.org.au/node/apni/2905734","Verbena x brasiliensis","Vell.","species","Plantae","Charophyta","Equisetopsida","Lamiales","Verbenaceae","Verbena","Gin Case","5","","","","","","","","","","","","","","",""
"https://id.biodiversity.org.au/node/apni/2906432","Agave attenuata","Salm-Dyck","species","Plantae","Charophyta","Equisetopsida","Asparagales","Asparagaceae","Agave","Foxtail Agave","5","","","","","","","","","","","","","","",""
"https://id.biodiversity.org.au/node/apni/2906610","Schoenus ericetorum","R.Br.","species","Plantae","Charophyta","Equisetopsida","Poales","Cyperaceae","Schoenus","Heathy Bog-sedge","5","","","","","Critically Endangered","","","","","","","","","",""
"https://id.biodiversity.org.au/node/apni/2906721","Correa alba","Andrews","species","Plantae","Charophyta","Equisetopsida","Sapindales","Rutaceae","Correa","White Correa","5","","","","","","","","","","","","","","",""
"https://id.biodiversity.org.au/node/apni/2907714","Lagunaria patersonia","(Andrews) G.Don","species","Plantae","Charophyta","Equisetopsida","Malvales","Malvaceae","Lagunaria","Norfolk Island Hibiscus","5","","","","","","","","","","","","","","",""
"https://id.biodiversity.org.au/node/apni/2908278","Zornia dyctiocarpa","DC.","species","Plantae","Charophyta","Equisetopsida","Fabales","Fabaceae","Zornia","Zornia","5","","","","","","","","","","","","","","",""
"https://id.biodiversity.org.au/node/apni/2908439","Schoenus apogon","Roem. & Schult.","species","Plantae","Charophyta","Equisetopsida","Poales","Cyperaceae","Schoenus","Common Bog-rush","5","","","","","","","","","","","","","","",""
"https://id.biodiversity.org.au/node/apni/2908816","Oxalis thompsoniae","B.J.Conn & P.G.Richards","species","Plantae","Charophyta","Equisetopsida","Oxalidales","Oxalidaceae","Oxalis","Fluffy-fruit Wood-sorrel","5","","","","","","","","","","","","","","",""
"https://id.biodiversity.org.au/node/apni/2909548","Petrophile pulchella","(Schrad. & J.C.Wendl.) R.Br.","species","Plantae","Charophyta","Equisetopsida","Proteales","Proteaceae","Petrophile","Conesticks","5","","","","","","","","","","","","","","",""
"https://id.biodiversity.org.au/node/apni/2909781","Spartium junceum","L.","species","Plantae","Charophyta","Equisetopsida","Fabales","Fabaceae","Spartium","Spanish Broom","5","","","","","","","","","","","","","","",""
"https://id.biodiversity.org.au/node/apni/2911082","Scaevola albida","(Sm.) Druce","species","Plantae","Charophyta","Equisetopsida","Asterales","Goodeniaceae","Scaevola","Pale Fanflower","5","","Vulnerable","","","","","","","","","","","","",""
"https://id.biodiversity.org.au/node/apni/2911974","Prostanthera scutellarioides","(R.Br.) Briq.","species","Plantae","Charophyta","Equisetopsida","Lamiales","Lamiaceae","Prostanthera","","5","","","","","","","","","","","","","","",""
"https://id.biodiversity.org.au/node/apni/2912743","Pyracantha crenulata","(D.Don) M.Roem.","species","Plantae","Charophyta","Equisetopsida","Rosales","Rosaceae","Pyracantha","Nepal Firethorn","5","","","","","","","","","","","","","","",""
"https://id.biodiversity.org.au/node/apni/2913661","Pultenaea hispidula","R.Br. ex Benth.","species","Plantae","Charophyta","Equisetopsida","Fabales","Fabaceae","Pultenaea","Rusty Bush-pea","5","","","","","","","","","","","","","","",""
"https://id.biodiversity.org.au/node/apni/2914484","Hibiscus heterophyllus","Vent.","species","Plantae","Charophyta","Equisetopsida","Malvales","Malvaceae","Hibiscus","Native Cottonwood","5","","","","","","","","","","","","","","",""
"https://id.biodiversity.org.au/node/apni/2914771","Lysiosepalum involucratum","(Turcz.) Druce","species","Plantae","Charophyta","Equisetopsida","Malvales","Malvaceae","Lysiosepalum","","5","","","","","","","","","","","","","","",""
"https://id.biodiversity.org.au/node/apni/2916758","Lobelia dentata","Cav.","species","Plantae","Charophyta","Equisetopsida","Asterales","Campanulaceae","Lobelia","Toothed Lobelia","5","","","","","Endangered","","","","","","","","","",""
"https://id.biodiversity.org.au/node/apni/2916870","Wisteria sinensis","(Sims) DC.","species","Plantae","Charophyta","Equisetopsida","Fabales","Fabaceae","Wisteria","Chinese Wisteria","5","","","","","","","","","","","","","","",""
"https://id.biodiversity.org.au/node/apni/2916889","Auranticarpa rhombifolia","(A.Cunn. ex Hook.) L.W.Cayzer, Crisp & I.Telford","species","Plantae","Charophyta","Equisetopsida","Apiales","Pittosporaceae","Auranticarpa","Diamond-leaf Pittosporum","5","","","","","","","","","","","","","","",""
"https://id.biodiversity.org.au/node/apni/2916914","Ailanthus altissima","(Mill.) Swingle","species","Plantae","Charophyta","Equisetopsida","Sapindales","Simaroubaceae","Ailanthus","Tree Of Heaven","5","","","","","","","","","","","","","","",""
"https://id.biodiversity.org.au/node/apni/2917095","Myrsine howittiana","(Mez) Jackes","species","Plantae","Charophyta","Equisetopsida","Ericales","Primulaceae","Myrsine","Brush Muttonwood","5","","","","","","","","","","","","","","",""
"https://id.biodiversity.org.au/node/apni/2917704","Leontodon saxatilis","Lam.","species","Plantae","Charophyta","Equisetopsida","Asterales","Asteraceae","Leontodon","Hairy Hawkbit","5","","","","","","","","","","","","","","",""
"https://id.biodiversity.org.au/node/apni/2918179","Xanthorrhoea media","R.Br.","species","Plantae","Charophyta","Equisetopsida","Asparagales","Xanthorrhoeaceae","Xanthorrhoea","","5","","","","","","","","","","","","","","",""
"https://id.biodiversity.org.au/node/apni/2918253","Ruellia squarrosa","(Fenzl) Cufod.","species","Plantae","Charophyta","Equisetopsida","Lamiales","Acanthaceae","Ruellia","","5","","","","","","","","","","","","","","",""
"https://id.biodiversity.org.au/node/apni/2919767","Grevillea insignis","Kippist ex Meisn.","species","Plantae","Charophyta","Equisetopsida","Proteales","Proteaceae","Grevillea","Wax Grevillea","5","","","","","","","","","","","","","","",""
"https://id.biodiversity.org.au/node/apni/2920747","Triadica sebifera","(L.) Small","species","Plantae","Charophyta","Equisetopsida","Malpighiales","Euphorbiaceae","Triadica","Chinese Tallowood","5","","","","","","","","","","","","","","",""
"https://id.biodiversity.org.au/node/apni/2920942","Isolepis levynsiana","Muasya & D.A.Simpson","species","Plantae","Charophyta","Equisetopsida","Poales","Cyperaceae","Isolepis","Tiny Flat-sedge","5","","","","","","","","","","","","","","",""
"https://id.biodiversity.org.au/node/apni/2921040","Eucalyptus camaldulensis","Dehnh.","species","Plantae","Charophyta","Equisetopsida","Myrtales","Myrtaceae","Eucalyptus","Red Gum","5","","","","","Critically Endangered","","","Rare, Near Threatened","","Poorly-known species","Poorly-known species","","","",""
"https://id.biodiversity.org.au/node/apni/5294597","Eucalyptus melliodora","A.Cunn. ex Schauer","species","Plantae","Charophyta","Equisetopsida","Myrtales","Myrtaceae","Eucalyptus","Yellow Box","5","","","","","Critically Endangered","","","Rare, Near Threatened","","Poorly-known species","Poorly-known species","","","",""
"https://id.biodiversity.org.au/taxon/apni/51284153","Euphorbia prostrata","Aiton","species","Plantae","Charophyta","Equisetopsida","Malpighiales","Euphorbiaceae","Euphorbia","Prostrate Spurge","5","","","","","","","","","","","","","","",""
"https://id.biodiversity.org.au/taxon/apni/51288537","Lasiopetalum macrophyllum","Graham","species","Plantae","Charophyta","Equisetopsida","Malvales","Malvaceae","Lasiopetalum","Shrubby Velvet-bush","5","","","","","","","","","","","","","","",""
"https://id.biodiversity.org.au/taxon/apni/51291704","Rumex hypogaeus","T.M.Schust. & Reveal","species","Plantae","Charophyta","Equisetopsida","Caryophyllales","Polygonaceae","Rumex","Three-corner Jack","5","","","","","","","","","","","","","Y","",""
"https://id.biodiversity.org.au/taxon/apni/51295055","Coronidium scorpioides","(Labill.) Paul G.Wilson","species","Plantae","Charophyta","Equisetopsida","Asterales","Asteraceae","Coronidium","Pale Everlasting","5","","","","","","","","","","","","","","",""
"https://id.biodiversity.org.au/taxon/apni/51401023","Corybas aconitiflorus","Salisb.","species","Plantae","Charophyta","Equisetopsida","Asparagales","Orchidaceae","Corybas","Spurred Helmet-orchid","5","","","Near threatened","","Endangered","","","","","","","","","",""
"https://id.biodiversity.org.au/taxon/apni/51406503","Lyperanthus suaveolens","R.Br.","species","Plantae","Charophyta","Equisetopsida","Asparagales","Orchidaceae","Lyperanthus","Brown Beaks","5","","","Near threatened","","","","","","","","","","","",""
"https://id.biodiversity.org.au/taxon/apni/51412092","Pterostylis curta","R.Br.","species","Plantae","Charophyta","Equisetopsida","Asparagales","Orchidaceae","Pterostylis","Blunt Greenhood","5","Rare","","Near threatened","","","","","","","","","","","",""
"https://id.biodiversity.org.au/taxon/apni/51412118","Pterostylis erecta","T.E.Hunt","species","Plantae","Charophyta","Equisetopsida","Asparagales","Orchidaceae","Pterostylis","Erect Maroonhood","5","Endangered","","Near threatened","","","","","","","","","","","",""
"https://id.biodiversity.org.au/taxon/apni/51412196","Pterostylis longifolia","R.Br.","species","Plantae","Charophyta","Equisetopsida","Asparagales","Orchidaceae","Pterostylis","Tall Greenhood","5","Endangered","","Near threatened","","","","","","","","","","","",""
"https://id.biodiversity.org.au/taxon/apni/51412230","Pterostylis mutica","R.Br.","species","Plantae","Charophyta","Equisetopsida","Asparagales","Orchidaceae","Pterostylis","Midget Greenhood","5","Endangered","","Near threatened","","","","","","","","","","","",""
"https://id.biodiversity.org.au/taxon/apni/51414380","Thelymitra peniculata","Jeanes","species","Plantae","Charophyta","Equisetopsida","Asparagales","Orchidaceae","Thelymitra","Blue Star Sun-orchid","5","Vulnerable","","Near threatened","","","","","","","","","","","",""
"https://id.biodiversity.org.au/taxon/apni/51428982","Melaleuca bracteata","F.Muell.","species","Plantae","Charophyta","Equisetopsida","Myrtales","Myrtaceae","Melaleuca","River Tea-tree","5","","","","","","","","","","","","","","",""
"https://id.biodiversity.org.au/taxon/apni/51433819","Tradescantia zebrina","Bosse","species","Plantae","Charophyta","Equisetopsida","Commelinales","Commelinaceae","Tradescantia","Silvery Inch Plant","5","","","","","","","","","","","","","","",""
"https://id.biodiversity.org.au/taxon/apni/51436351","Trifolium dubium","Sibth.","species","Plantae","Charophyta","Equisetopsida","Fabales","Fabaceae","Trifolium","Suckling Clover","5","","","","","","","","","","","","","","",""
"https://id.biodiversity.org.au/taxon/apni/51442863","Setaria palmifolia","(J.Koenig) Stapf","species","Plantae","Charophyta","Equisetopsida","Poales","Poaceae","Setaria","Palm Grass","5","","","","","","","","","","","","","","",""
"https://id.biodiversity.org.au/taxon/apni/51443194","Podocarpus elatus","R.Br. ex Endl.","species","Plantae","Charophyta","Equisetopsida","Pinales","Podocarpaceae","Podocarpus","She Pine","5","","","","","","","","","","","","","","",""
"https://id.biodiversity.org.au/taxon/apni/51443242","Podocarpus spinulosus","(Sm.) R.Br. ex Mirb.","species","Plantae","Charophyta","Equisetopsida","Pinales","Podocarpaceae","Podocarpus","Dwarf Plum-pine","5","","","","","","","","","","","","","","",""
"https://id.biodiversity.org.au/taxon/apni/51737019","Hydrocotyle sibthorpioides","Lam.","species","Plantae","Charophyta","Equisetopsida","Apiales","Araliaceae","Hydrocotyle","Shining Pennywort","5","","","","","","","","","","","","","","",""
"https://id.biodiversity.org.au/taxon/apni/51744672","Lagenophora gracilis","Steetz","species","Plantae","Charophyta","Equisetopsida","Asterales","Asteraceae","Lagenophora","Slender Lagenophora","5","","","","","","","","","","","","","","",""
"https://id.biodiversity.org.au/taxon/apni/51751379","Brassica rapa","L.","species","Plantae","Charophyta","Equisetopsida","Brassicales","Brassicaceae","Brassica","White Turnip","5","","","","","","","","","","","","","","",""
"https://id.biodiversity.org.au/taxon/apni/51763132","Bolboschoenus fluviatilis","(Torr.) Soják","species","Plantae","Charophyta","Equisetopsida","Poales","Cyperaceae","Bolboschoenus","Tall Club-sedge","5","","","","","","","","","","","Poorly-known species","","","",""
"https://id.biodiversity.org.au/taxon/apni/51771045","Medicago sativa","L.","species","Plantae","Charophyta","Equisetopsida","Fabales","Fabaceae","Medicago","Lucerne","5","","","","","","","","","","","","","","",""
"https://id.biodiversity.org.au/taxon/apni/51778288","Pleroma urvilleanum","(DC.) P.J.F.Guim. & Michelang.","species","Plantae","Charophyta","Equisetopsida","Myrtales","Melastomataceae","Pleroma","","5","","","","","","","","","","","","","","",""
"NZOR-6-9799","Adiantum raddianum","C.Presl","species","Plantae","Charophyta","Equisetopsida","","Pteridaceae","Adiantum","Delta Maidenhair Fern","4","","","","","","","","","","","","","","",""
"https://id.biodiversity.org.au/node/apni/2886227","Prunus armeniaca","L.","species","Plantae","Charophyta","Equisetopsida","Rosales","Rosaceae","Prunus","Apricot","4","","","","","","","","","","","","","","",""
"https://id.biodiversity.org.au/node/apni/2886707","Acacia hispidula","(Sm.) Willd.","species","Plantae","Charophyta","Equisetopsida","Fabales","Fabaceae","Acacia","Little Harsh Acacia","4","","","","","","","","","","","","","","",""
"https://id.biodiversity.org.au/node/apni/2886851","Allium triquetrum","L.","species","Plantae","Charophyta","Equisetopsida","Asparagales","Alliaceae","Allium","Angled Onion","4","","","","","","","","","","","","","","",""
"https://id.biodiversity.org.au/node/apni/2887694","Ludwigia peploides","(Kunth) P.H.Raven","species","Plantae","Charophyta","Equisetopsida","Myrtales","Onagraceae","Ludwigia","","4","","","","","","","","","","","","","","",""
"https://id.biodiversity.org.au/node/apni/2888317","Youngia japonica","(L.) DC.","species","Plantae","Charophyta","Equisetopsida","Asterales","Asteraceae","Youngia","","4","","","","","","","","","","","","","","",""
"https://id.biodiversity.org.au/node/apni/2888705","Crassula sieberiana","(Schult. & Schult.f.) Druce","species","Plantae","Charophyta","Equisetopsida","Saxifragales","Crassulaceae","Crassula","Sieber Crassula","4","Endangered","","","","","","","","","","","","","",""
"https://id.biodiversity.org.au/node/apni/2888794","Persicaria capitata","(Buch.-Ham. ex D.Don) H.Gross","species","Plantae","Charophyta","Equisetopsida","Caryophyllales","Polygonaceae","Persicaria","Japanese Knotweed","4","","","","","","","","","","","","","","",""
"https://id.biodiversity.org.au/node/apni/2890151","Metrosideros excelsa","Sol. ex Gaertn.","species","Plantae","Charophyta","Equisetopsida","Myrtales","Myrtaceae","Metrosideros","New Zealand Christmas Bush","4","","","","","","","","","","","","","","",""
"https://id.biodiversity.org.au/node/apni/2890745","Verbena incompta","P.W.Michael","species","Plantae","Charophyta","Equisetopsida","Lamiales","Verbenaceae","Verbena","Purple-top Verbena","4","","","","","","","","","","","","","","",""
"https://id.biodiversity.org.au/node/apni/2891639","Agave americana","L.","species","Plantae","Charophyta","Equisetopsida","Asparagales","Asparagaceae","Agave","Century Plant","4","","","","","","","","","","","","","","",""
"https://id.biodiversity.org.au/node/apni/2892213","Persoonia lanceolata","Andrews","species","Plantae","Charophyta","Equisetopsida","Proteales","Proteaceae","Persoonia","Lance Leaf Geebung","4","","","","","","","","","","","","","","",""
"https://id.biodiversity.org.au/node/apni/2892506","Austrostipa verticillata","(Nees ex Spreng.) S.W.L.Jacobs & J.Everett","species","Plantae","Charophyta","Equisetopsida","Poales","Poaceae","Austrostipa","Bamboo Spear-grass","4","","","","","","","","","","","","","","",""
"https://id.biodiversity.org.au/node/apni/2893614","Lomandra brevis","A.T.Lee","species","Plantae","Charophyta","Equisetopsida","Asparagales","Asparagaceae","Lomandra","","4","","","","","","","","","","","","","","",""
"https://id.biodiversity.org.au/node/apni/2893850","Cyperus imbecillis","R.Br.","species","Plantae","Charophyta","Equisetopsida","Poales","Cyperaceae","Cyperus","","4","","","","","","","","","","","","","","",""
"https://id.biodiversity.org.au/node/apni/2894132","Muehlenbeckia gracillima","Meisn.","species","Plantae","Charophyta","Equisetopsida","Caryophyllales","Polygonaceae","Muehlenbeckia","Slender Lignum","4","","","","","Critically Endangered","","","","","","","","","",""
"https://id.biodiversity.org.au/node/apni/2894333","Euryops chrysanthemoides","(DC.) B.Nord.","species","Plantae","Charophyta","Equisetopsida","Asterales","Asteraceae","Euryops","Boneseeds","4","","","","","","","","","","","","","","",""
"https://id.biodiversity.org.au/node/apni/2894664","Euchiton involucratus","(G.Forst.) Holub","species","Plantae","Charophyta","Equisetopsida","Asterales","Asteraceae","Euchiton","Common Cudweed","4","","","","","","","","","","","","","","",""
"https://id.biodiversity.org.au/node/apni/2895277","Ranunculus repens","L.","species","Plantae","Charophyta","Equisetopsida","Ranunculales","Ranunculaceae","Ranunculus","Creeping Buttercup","4","","","","","","","","","","","","","","",""
"https://id.biodiversity.org.au/node/apni/2895430","Cryptandra spinescens","Sieber ex DC.","species","Plantae","Charophyta","Equisetopsida","Rosales","Rhamnaceae","Cryptandra","","4","","","","","","","","","","","","","","",""
"https://id.biodiversity.org.au/node/apni/2896256","Isolepis inundata","R.Br.","species","Plantae","Charophyta","Equisetopsida","Poales","Cyperaceae","Isolepis","Swamp Club-rush","4","","","","","","","","","","","","","","",""
"https://id.biodiversity.org.au/node/apni/2897372","Acacia parvipinnula","Tindale","species","Plantae","Charophyta","Equisetopsida","Fabales","Fabaceae","Acacia","Silver-stemmed Wattle","4","","","","","","","","","","","","","","",""
"https://id.biodiversity.org.au/node/apni/2898015","Hydrocotyle laxiflora","DC.","species","Plantae","Charophyta","Equisetopsida","Apiales","Araliaceae","Hydrocotyle","Stinking Pennywort","4","","Endangered","","","","","","","","","","","","",""
"https://id.biodiversity.org.au/node/apni/2898452","Celtis occidentalis","L.","species","Plantae","Charophyta","Equisetopsida","Rosales","Cannabaceae","Celtis","North American Hackberry","4","","","","","","","","","","","","","","",""
"https://id.biodiversity.org.au/node/apni/2898672","Trachymene incisa","Rudge","species","Plantae","Charophyta","Equisetopsida","Apiales","Araliaceae","Trachymene","Trachymene","4","","","","","","","","","","","","","","",""
"https://id.biodiversity.org.au/node/apni/2898926","Gamochaeta coarctata","(Willd.) Kerguelen","species","Plantae","Charophyta","Equisetopsida","Asterales","Asteraceae","Gamochaeta","Spiked Cudweed","4","","","","","","","","","","","","","","",""
"https://id.biodiversity.org.au/node/apni/2899671","Eucalyptus bosistoana","F.Muell.","species","Plantae","Charophyta","Equisetopsida","Myrtales","Myrtaceae","Eucalyptus","Coast Grey Box","4","","","","","Critically Endangered","","","Rare, Near Threatened","","Poorly-known species","Poorly-known species","","","",""
"https://id.biodiversity.org.au/node/apni/2901605","Pultenaea microphylla","Sieber ex DC.","species","Plantae","Charophyta","Equisetopsida","Fabales","Fabaceae","Pultenaea","Spreading Bush-pea","4","","","","","Critically Endangered","","","","","","","","","",""
"https://id.biodiversity.org.au/node/apni/2902873","Psilotum nudum","(L.) P.Beauv.","species","Plantae","Charophyta","Equisetopsida","Psilotales","Psilotaceae","Psilotum","Skeleton Fork Fern","4","Endangered","","","","Endangered","","","","","","","","","",""
"https://id.biodiversity.org.au/node/apni/2902896","Petroselinum crispum","(Mill.) Fuss","species","Plantae","Charophyta","Equisetopsida","Apiales","Apiaceae","Petroselinum","Parsley","4","","","","","","","","","","","","","","",""
"https://id.biodiversity.org.au/node/apni/2903245","Dichelachne parva","B.K.Simon","species","Plantae","Charophyta","Equisetopsida","Poales","Poaceae","Dichelachne","Zig-zag Plume-grass","4","","","","","","","","","","","","","","",""
"https://id.biodiversity.org.au/node/apni/2903289","Histiopteris incisa","(Thunb.) J.Sm.","species","Plantae","Charophyta","Equisetopsida","Polypodiales","Dennstaedtiaceae","Histiopteris","Oak Fern","4","Endangered","","","","","","","","","","","","","",""
"https://id.biodiversity.org.au/node/apni/2903579","Lepidosperma filiforme","Labill.","species","Plantae","Charophyta","Equisetopsida","Poales","Cyperaceae","Lepidosperma","Common Rapier-sedge","4","","","","","","","","","","","","","","",""
"https://id.biodiversity.org.au/node/apni/2904540","Muellerina eucalyptoides","(DC.) Barlow","species","Plantae","Charophyta","Equisetopsida","Santalales","Loranthaceae","Muellerina","Creeping Mistletoe","4","","","","","","","","","","","","","","",""
"https://id.biodiversity.org.au/node/apni/2904753","Angophora subvelutina","F.Muell.","species","Plantae","Charophyta","Equisetopsida","Myrtales","Myrtaceae","Angophora","Broad-leaved Apple","4","","","","","","","","","","","","","","",""
"https://id.biodiversity.org.au/node/apni/2904868","Hesperocyparis lusitanica","(Mill.) Bartel","species","Plantae","Charophyta","Equisetopsida","Pinales","Cupressaceae","Hesperocyparis","Mexican Cypress","4","","","","","","","","","","","","","","",""
"https://id.biodiversity.org.au/node/apni/2904981","Myoporum insulare","R.Br.","species","Plantae","Charophyta","Equisetopsida","Lamiales","Scrophulariaceae","Myoporum","Common Boobialla","4","","","","","","","","","","","","","","",""
"https://id.biodiversity.org.au/node/apni/2905966","Synoum glandulosum","(Sm.) A.Juss.","species","Plantae","Charophyta","Equisetopsida","Sapindales","Meliaceae","Synoum","Dogwood","4","","","","","","","","","","","","","","",""
"https://id.biodiversity.org.au/node/apni/2906268","Tradescantia pallida","(Rose) D.R.Hunt","species","Plantae","Charophyta","Equisetopsida","Commelinales","Commelinaceae","Tradescantia","Purple Queen","4","","","","","","","","","","","","","","",""
"https://id.biodiversity.org.au/node/apni/2906546","Avena barbata","Pott ex Link","species","Plantae","Charophyta","Equisetopsida","Poales","Poaceae","Avena","Bearded Oats","4","","","","","","","","","","","","","","",""
"https://id.biodiversity.org.au/node/apni/2907367","Hypochaeris glabra","L.","species","Plantae","Charophyta","Equisetopsida","Asterales","Asteraceae","Hypochaeris","Smooth Cat's Ear","4","","","","","","","","","","","","","","",""
"https://id.biodiversity.org.au/node/apni/2909172","Syngonium podophyllum","Schott","species","Plantae","Charophyta","Equisetopsida","Alismatales","Araceae","Syngonium","Arrowhead Vine","4","","","","","","","","","","","","","","",""
"https://id.biodiversity.org.au/node/apni/2909316","Hibbertia nitida","(DC.) Benth.","species","Plantae","Charophyta","Equisetopsida","","Dilleniaceae","Hibbertia","","4","","","","","","","","","","","","","","",""
"https://id.biodiversity.org.au/node/apni/2910167","Papaver somniferum","L.","species","Plantae","Charophyta","Equisetopsida","Ranunculales","Papaveraceae","Papaver","Opium Poppy","4","","","","","","","","","","","","","","",""
"https://id.biodiversity.org.au/node/apni/2910564","Xanthorrhoea resinosa","Pers.","species","Plantae","Charophyta","Equisetopsida","Asparagales","Xanthorrhoeaceae","Xanthorrhoea","Spear Grass-tree","4","","","","","","","","","","","","","","",""
"https://id.biodiversity.org.au/node/apni/2911884","Crassocephalum crepidioides","(Benth.) S.Moore","species","Plantae","Charophyta","Equisetopsida","Asterales","Asteraceae","Crassocephalum","Thickhead","4","","","","","","","","","","","","","","",""
"https://id.biodiversity.org.au/node/apni/2912138","Dichanthium sericeum","(R.Br.) A.Camus","species","Plantae","Charophyta","Equisetopsida","Poales","Poaceae","Dichanthium","Silky Blue-grass","4","","","","","","","","","","","","","","",""
"https://id.biodiversity.org.au/node/apni/2912422","Backhousia myrtifolia","Hook. & Harv.","species","Plantae","Charophyta","Equisetopsida","Myrtales","Myrtaceae","Backhousia","Grey Myrtle","4","","","","","","","","","","","","","","",""
"https://id.biodiversity.org.au/node/apni/2912510","Populus alba","L.","species","Plantae","Charophyta","Equisetopsida","Malpighiales","Salicaceae","Populus","White Fastigiate Poplar","4","","","","","","","","","","","","","","",""
"https://id.biodiversity.org.au/node/apni/2912891","Gamochaeta calviceps","(Fernald) Cabrera","species","Plantae","Charophyta","Equisetopsida","Asterales","Asteraceae","Gamochaeta","Cudweed","4","","","","","","","","","","","","","","",""
"https://id.biodiversity.org.au/node/apni/2913904","Melaleuca leucadendra","(L.) L.","species","Plantae","Charophyta","Equisetopsida","Myrtales","Myrtaceae","Melaleuca","Broad-leaved Tea-tree","4","","","","","","","","","","","","","","",""
"https://id.biodiversity.org.au/node/apni/2914381","Eucalyptus siderophloia","Benth.","species","Plantae","Charophyta","Equisetopsida","Myrtales","Myrtaceae","Eucalyptus","Grey Ironbark","4","","","","","Critically Endangered","","","Rare, Near Threatened","","Poorly-known species","Poorly-known species","","","",""
"https://id.biodiversity.org.au/node/apni/2914842","Adiantum hispidulum","Sw.","species","Plantae","Charophyta","Equisetopsida","","Pteridaceae","Adiantum","Rough Maidenhair","4","","","","","","","","","","","","","","",""
"https://id.biodiversity.org.au/node/apni/2915129","Aira cupaniana","Guss.","species","Plantae","Charophyta","Equisetopsida","Poales","Poaceae","Aira","Quicksilver Grass","4","","","","","","","","","","","","","","",""
"https://id.biodiversity.org.au/node/apni/2915272","Dactylis glomerata","L.","species","Plantae","Charophyta","Equisetopsida","Poales","Poaceae","Dactylis","Cocksfoot","4","","","","","","","","","","","","","","",""
"https://id.biodiversity.org.au/node/apni/2915405","Pultenaea tuberculata","Pers.","species","Plantae","Charophyta","Equisetopsida","Fabales","Fabaceae","Pultenaea","","4","","","","","","","","","","","","","","",""
"https://id.biodiversity.org.au/node/apni/2916811","Lepidosperma latens","K.L.Wilson","species","Plantae","Charophyta","Equisetopsida","Poales","Cyperaceae","Lepidosperma","","4","","","","","","","","","","","","","","",""
"https://id.biodiversity.org.au/node/apni/2918178","Euphorbia ophthalmica","Pers.","species","Plantae","Charophyta","Equisetopsida","Malpighiales","Euphorbiaceae","Euphorbia","Florida Hammock Sandmat (usa)","4","","","","","","","","","","","","","","",""
"https://id.biodiversity.org.au/node/apni/2918603","Callitriche stagnalis","Scop.","species","Plantae","Charophyta","Equisetopsida","Lamiales","Plantaginaceae","Callitriche","Common Water-starwort","4","","","","","","","","","","","","","","",""
"https://id.biodiversity.org.au/node/apni/2919007","Cichorium intybus","L.","species","Plantae","Charophyta","Equisetopsida","Asterales","Asteraceae","Cichorium","Chicory","4","","","","","","","","","","","","","","",""
"https://id.biodiversity.org.au/node/apni/2919688","Lilium formosanum","A.Wallace","species","Plantae","Charophyta","Equisetopsida","Liliales","Liliaceae","Lilium","Formosan Lily","4","","","","","","","","","","","","","","",""
"https://id.biodiversity.org.au/node/apni/2919993","Pandorea jasminoides","(G.Don) K.Schum.","species","Plantae","Charophyta","Equisetopsida","Lamiales","Bignoniaceae","Pandorea","Bower Vine","4","","","","","","","","","","","","","","",""
"https://id.biodiversity.org.au/node/apni/2920144","Stylidium lineare","Sw.","species","Plantae","Charophyta","Equisetopsida","Asterales","Stylidiaceae","Stylidium","Narrow-leaved Triggerplant","4","","","","","","","","","","","","","","",""
"https://id.biodiversity.org.au/node/apni/2920517","Pultenaea linophylla","Schrad. & J.C.Wendl.","species","Plantae","Charophyta","Equisetopsida","Fabales","Fabaceae","Pultenaea","Halo Bush-pea","4","","","","","","","","","","","","","","",""
"https://id.biodiversity.org.au/node/apni/7066434","Sphaeromorphaea australis","(Less.) Kitam.","species","Plantae","Charophyta","Equisetopsida","Asterales","Asteraceae","Sphaeromorphaea","","4","","","","","","","","","","","","","","",""
"https://id.biodiversity.org.au/taxon/apni/51267222","Ambrosia artemisiifolia","L.","species","Plantae","Charophyta","Equisetopsida","Asterales","Asteraceae","Ambrosia","Common Ragweed","4","","","","","","","","","","","","","","",""
"https://id.biodiversity.org.au/taxon/apni/51268439","Eclipta prostrata","(L.) L.","species","Plantae","Charophyta","Equisetopsida","Asterales","Asteraceae","Eclipta","White Eclipta","4","","","","","","","","","","","","","","",""
"https://id.biodiversity.org.au/taxon/apni/51412318","Pterostylis saxicola","D.L.Jones & M.A.Clem.","species","Plantae","Charophyta","Equisetopsida","Asparagales","Orchidaceae","Pterostylis","Sydney Plains Greenhood","4","Endangered","","Near threatened","Endangered","","","Endangered","","","","","","","",""
"https://id.biodiversity.org.au/taxon/apni/51434243","Cyathea australis","(R.Br.) Domin","species","Plantae","Charophyta","Equisetopsida","Cyatheales","Cyatheaceae","Cyathea","Rough Tree-fern","4","","","","","","","","","","","","","","",""
"https://id.biodiversity.org.au/taxon/apni/51436346","Trifolium campestre","Schreb.","species","Plantae","Charophyta","Equisetopsida","Fabales","Fabaceae","Trifolium","Hop Clover","4","","","","","","","","","","","","","","",""
"https://id.biodiversity.org.au/taxon/apni/51439007","Commersonia hermanniifolia","J.Gay ex Kunth","species","Plantae","Charophyta","Equisetopsida","Malvales","Malvaceae","Commersonia","","4","","","","","","","","","","","","","","",""
"https://id.biodiversity.org.au/taxon/apni/51445859","Cheilanthes distans","(R.Br.) Mett.","species","Plantae","Charophyta","Equisetopsida","","Pteridaceae","Cheilanthes","Bristly Cloak-fern","4","","Endangered","","","","","","","","","","","","",""
"https://id.biodiversity.org.au/taxon/apni/51731604","Thunbergia grandiflora","Roxb.","species","Plantae","Charophyta","Equisetopsida","Lamiales","Acanthaceae","Thunbergia","Sky Flower","4","","","","","","","","","","","","","","",""
"https://id.biodiversity.org.au/taxon/apni/51744698","Lagenophora stipitata","(Labill.) Druce","species","Plantae","Charophyta","Equisetopsida","Asterales","Asteraceae","Lagenophora","Blue Bottle-daisy","4","","","","","","","","","","","","","","",""
"https://id.biodiversity.org.au/taxon/apni/51767937","Styphelia triflora","Andrews","species","Plantae","Charophyta","Equisetopsida","Ericales","Ericaceae","Styphelia","Pink Five-corners","4","","","","","","","","","","","","","","",""
"https://id.biodiversity.org.au/taxon/apni/51771000","Lotus angustissimus","L.","species","Plantae","Charophyta","Equisetopsida","Fabales","Fabaceae","Lotus","Slender Bird's-foot Trefoil","4","","","","","","","","","","","","","","",""
"https://id.biodiversity.org.au/taxon/apni/51782305","Kunzea capitata","(Sm.) Heynh.","species","Plantae","Charophyta","Equisetopsida","Myrtales","Myrtaceae","Kunzea","","4","","","","","","","","","","","","","","",""
"NZOR-6-21445","Galium propinquum","A.Cunn.","species","Plantae","Charophyta","Equisetopsida","Gentianales","Rubiaceae","Galium","Maori Bedstraw","3","","","","","","","","","","","","","","",""
"https://id.biodiversity.org.au/name/apni/116548","Morus nigra","L.","species","Plantae","Charophyta","Equisetopsida","Rosales","Moraceae","Morus","Black Mulberry","3","","","","","","","","","","","","","","",""
"https://id.biodiversity.org.au/name/apni/51754354","Gamochaeta impatiens","G.L.Nesom","species","Plantae","Charophyta","Equisetopsida","Asterales","Asteraceae","Gamochaeta","","3","","","","","","","","","","","","","","",""
"https://id.biodiversity.org.au/name/apni/55335","Opuntia rufida","Engelm.","species","Plantae","Charophyta","Equisetopsida","Caryophyllales","Cactaceae","Opuntia","","3","","","","","","","","","","","","Y","","",""
"https://id.biodiversity.org.au/name/apni/57527","Machaerina articulata","(R.Br.) T.Koyama","species","Plantae","Charophyta","Equisetopsida","Poales","Cyperaceae","Machaerina","Jointed Twig-rush","3","","Near Threatened","","","","","","","","","","","","",""
"https://id.biodiversity.org.au/name/ausmoss/10006430","Sclerodontium pallidum","(Hook.) Schwägr.","species","Plantae","Bryophyta","Bryopsida","Dicranales","Dicranaceae","Sclerodontium","Knitting Nancy","3","","","","","","","","","","","","","","",""
"https://id.biodiversity.org.au/name/ausmoss/10006462","Fissidens linearis","Brid.","species","Plantae","Bryophyta","Bryopsida","Dicranales","Fissidentaceae","Fissidens","Pimpled Pocket-moss","3","","","","","","","","","","","","","","",""
"https://id.biodiversity.org.au/node/apni/2888207","Aloe maculata","All.","species","Plantae","Charophyta","Equisetopsida","Asparagales","Asphodelaceae","Aloe","Common Soap Aloe","3","","","","","","","","","","","","","","",""
"https://id.biodiversity.org.au/node/apni/2889065","Malva neglecta","Wallr.","species","Plantae","Charophyta","Equisetopsida","Malvales","Malvaceae","Malva","Round-leaf Mallow","3","","","","","","","","","","","","","","",""
"https://id.biodiversity.org.au/node/apni/2889337","Alisma plantago-aquatica","L.","species","Plantae","Charophyta","Equisetopsida","Alismatales","Alismataceae","Alisma","Water Plantain","3","","","","","","","","","","","","","","",""
"https://id.biodiversity.org.au/node/apni/2889451","Echium plantagineum","L.","species","Plantae","Charophyta","Equisetopsida","","Boraginaceae","Echium","Paterson's Curse","3","","","","","","","","","","","","","Y","",""
"https://id.biodiversity.org.au/node/apni/2890998","Acacia irrorata","Sieber ex Spreng.","species","Plantae","Charophyta","Equisetopsida","Fabales","Fabaceae","Acacia","Green Wattle","3","","","","","","","","","","","","","","",""
"https://id.biodiversity.org.au/node/apni/2891035","Catharanthus roseus","(L.) G.Don","species","Plantae","Charophyta","Equisetopsida","Gentianales","Apocynaceae","Catharanthus","Madagascar Periwinkle","3","","","","","","","","","","","","","","",""
"https://id.biodiversity.org.au/node/apni/2891123","Pyracantha angustifolia","(Franch.) C.K.Schneid.","species","Plantae","Charophyta","Equisetopsida","Rosales","Rosaceae","Pyracantha","Orange Firethorn","3","","","","","","","","","","","","","","",""
"https://id.biodiversity.org.au/node/apni/2891488","Cyperus alterniflorus","R.Br.","species","Plantae","Charophyta","Equisetopsida","Poales","Cyperaceae","Cyperus","Nutgrass","3","","","","","","","","","","","","","","",""
"https://id.biodiversity.org.au/node/apni/2891858","Philydrum lanuginosum","Banks ex Gaertn.","species","Plantae","Charophyta","Equisetopsida","Commelinales","Philydraceae","Philydrum","Woolly Waterlily","3","","","","","Endangered","","","","","","","","","",""
"https://id.biodiversity.org.au/node/apni/2892660","Stylidium productum","Hindm. & Blaxell","species","Plantae","Charophyta","Equisetopsida","Asterales","Stylidiaceae","Stylidium","","3","","","","","","","","","","","","","","",""
"https://id.biodiversity.org.au/node/apni/2892775","Vittadinia sulcata","N.T.Burb.","species","Plantae","Charophyta","Equisetopsida","Asterales","Asteraceae","Vittadinia","Furrowed New Holland Daisy","3","","","","","","","","","","","","","","",""
"https://id.biodiversity.org.au/node/apni/2892820","Dillwynia floribunda","Sm.","species","Plantae","Charophyta","Equisetopsida","Fabales","Fabaceae","Dillwynia","Showy Parrot-pea","3","","","","","","","","","","","","","","",""
"https://id.biodiversity.org.au/node/apni/2892924","Logania albiflora","(Andrews) Druce","species","Plantae","Charophyta","Equisetopsida","Gentianales","Loganiaceae","Logania","Narrow-leaf Logania","3","","","","","","","","","","","","","","",""
"https://id.biodiversity.org.au/node/apni/2893690","Wahlenbergia littoricola","P.J.Sm.","species","Plantae","Charophyta","Equisetopsida","Asterales","Campanulaceae","Wahlenbergia","Coast Bluebell","3","","","","","","","","","","","","","","",""
"https://id.biodiversity.org.au/node/apni/2894159","Rostraria cristata","(L.) Tzvelev","species","Plantae","Charophyta","Equisetopsida","Poales","Poaceae","Rostraria","Annual Cats-tail","3","","","","","","","","","","","","","","",""
"https://id.biodiversity.org.au/node/apni/2895256","Gleditsia triacanthos","L.","species","Plantae","Charophyta","Equisetopsida","Fabales","Fabaceae","Gleditsia","Honey Locust","3","","","","","","","","","","","","","","",""
"https://id.biodiversity.org.au/node/apni/2895551","Hovea heterophylla","A.Cunn. ex Hook.f.","species","Plantae","Charophyta","Equisetopsida","Fabales","Fabaceae","Hovea","Common Hovea","3","Vulnerable","","","","","","","","","","","","","",""
"https://id.biodiversity.org.au/node/apni/2896081","Leucopogon amplexicaulis","(Rudge) R.Br.","species","Plantae","Charophyta","Equisetopsida","Ericales","Ericaceae","Leucopogon","Beard-heath","3","","","","","","","","","","","","","","",""
"https://id.biodiversity.org.au/node/apni/2897069","Mirbelia speciosa","Sieber ex DC.","species","Plantae","Charophyta","Equisetopsida","Fabales","Fabaceae","Mirbelia","","3","","","","","","","","","","","","","","",""
"https://id.biodiversity.org.au/node/apni/2897111","Sporobolus fertilis","(Steud.) Clayton","species","Plantae","Charophyta","Equisetopsida","Poales","Poaceae","Sporobolus","Giant Parramatta Grass","3","","","","","","","","","","","","","","",""
"https://id.biodiversity.org.au/node/apni/2897938","Lemna disperma","Hegelm.","species","Plantae","Charophyta","Equisetopsida","Alismatales","Araceae","Lemna","Common Duckweed","3","","","","","","","","","","","","","","",""
"https://id.biodiversity.org.au/node/apni/2897943","Vicia hirsuta","(L.) Gray","species","Plantae","Charophyta","Equisetopsida","Fabales","Fabaceae","Vicia","Hairy Vetch","3","","","","","","","","","","","","","","",""
"https://id.biodiversity.org.au/node/apni/2898544","Typha latifolia","L.","species","Plantae","Charophyta","Equisetopsida","Poales","Typhaceae","Typha","Lesser Reed-mace","3","","","","","","","","","","","","","","",""
"https://id.biodiversity.org.au/node/apni/2898590","Callistemon subulatus","Cheel","species","Plantae","Charophyta","Equisetopsida","Myrtales","Myrtaceae","Callistemon","Dwarf Bottlebrush","3","","","","","Endangered","","","","","","","","","",""
"https://id.biodiversity.org.au/node/apni/2898607","Baeckea linifolia","Rudge","species","Plantae","Charophyta","Equisetopsida","Myrtales","Myrtaceae","Baeckea","Swamp Weeping Baeckea","3","","","","","Endangered","","","","","","","","","",""
"https://id.biodiversity.org.au/node/apni/2898812","Stylidium laricifolium","Rich.","species","Plantae","Charophyta","Equisetopsida","Asterales","Stylidiaceae","Stylidium","Tree Trigger Plant","3","","","","","Endangered","","","","","","","","","",""
"https://id.biodiversity.org.au/node/apni/2899636","Solenogyne dominii","L.G.Adams","species","Plantae","Charophyta","Equisetopsida","Asterales","Asteraceae","Solenogyne","Smooth Solenogyne","3","","","","","","","","","","","","","","",""
"https://id.biodiversity.org.au/node/apni/2899913","Myriophyllum aquaticum","(Vell.) Verdc.","species","Plantae","Charophyta","Equisetopsida","Saxifragales","Haloragaceae","Myriophyllum","Brazilian Water Milfoil","3","","","","","","","","","","","","","Y","",""
"https://id.biodiversity.org.au/node/apni/2899980","Rorippa laciniata","(F.Muell.) L.A.S.Johnson","species","Plantae","Charophyta","Equisetopsida","Brassicales","Brassicaceae","Rorippa","Jagged Bitter-cress","3","Rare","","","","","","","","","","","","","",""
"https://id.biodiversity.org.au/node/apni/2900200","Hemarthria uncinata","R.Br.","species","Plantae","Charophyta","Equisetopsida","Poales","Poaceae","Hemarthria","Matgrass","3","","","","","","","","","","","","","","",""
"https://id.biodiversity.org.au/node/apni/2901501","Sphagneticola trilobata","(L.) Pruski","species","Plantae","Charophyta","Equisetopsida","Asterales","Asteraceae","Sphagneticola","Sphagneticola","3","","","","","","","","","","","","","","",""
"https://id.biodiversity.org.au/node/apni/2901795","Commersonia salviifolia","(Hook. ex Steetz) F.Muell.","species","Plantae","Charophyta","Equisetopsida","Malvales","Malvaceae","Commersonia","","3","","","","","","","","","","","","","","",""
"https://id.biodiversity.org.au/node/apni/2902984","Cymbalaria muralis","G.Gaertn., B.Mey. & Scherb.","species","Plantae","Charophyta","Equisetopsida","Lamiales","Plantaginaceae","Cymbalaria","Ivy-leaf Toadflax","3","","","","","","","","","","","","","","",""
"https://id.biodiversity.org.au/node/apni/2903363","Atriplex australasica","Moq.","species","Plantae","Charophyta","Equisetopsida","Caryophyllales","Chenopodiaceae","Atriplex","Native Orache","3","Rare","","","","","","","","","","","","","",""
"https://id.biodiversity.org.au/node/apni/2903527","Nicandra physalodes","(L.) Gaertn.","species","Plantae","Charophyta","Equisetopsida","Solanales","Solanaceae","Nicandra","Apple Of Peru","3","","","","","","","","","","","","","","",""
"https://id.biodiversity.org.au/node/apni/2903561","Solanum linnaeanum","Hepper & P.-M.L.Jaeger","species","Plantae","Charophyta","Equisetopsida","Solanales","Solanaceae","Solanum","Apple Of Sodom","3","","","","","","","","","","","","","Y","",""
"https://id.biodiversity.org.au/node/apni/2904941","Afrocarpus falcata","(Thunb.) C.N.Page","species","Plantae","Charophyta","Equisetopsida","Pinales","Podocarpaceae","Afrocarpus","Yellow-wood","3","","","","","","","","","","","","","","",""
"https://id.biodiversity.org.au/node/apni/2905235","Deyeuxia quadriseta","(Labill.) Benth.","species","Plantae","Charophyta","Equisetopsida","Poales","Poaceae","Deyeuxia","Reed Bent-grass","3","","","","","","","","","","","","","","",""
"https://id.biodiversity.org.au/node/apni/2905836","Melichrus procumbens","(Cav.) Druce","species","Plantae","Charophyta","Equisetopsida","Ericales","Ericaceae","Melichrus","Jam Tarts","3","","","","","","","","","","","","","","",""
"https://id.biodiversity.org.au/node/apni/2905839","Leptospermum laevigatum","(Gaertn.) F.Muell.","species","Plantae","Charophyta","Equisetopsida","Myrtales","Myrtaceae","Leptospermum","Coast Tea-tree","3","","","","","","","","","","","","","","",""
"https://id.biodiversity.org.au/node/apni/2906045","Campsis radicans","(L.) Seem. ex Bureau","species","Plantae","Charophyta","Equisetopsida","Lamiales","Bignoniaceae","Campsis","","3","","","","","","","","","","","","","","",""
"https://id.biodiversity.org.au/node/apni/2906120","Plantago debilis","R.Br.","species","Plantae","Charophyta","Equisetopsida","Lamiales","Plantaginaceae","Plantago","Shade Plantain","3","","Near Threatened","","","","","","","","","","","","",""
"https://id.biodiversity.org.au/node/apni/2906363","Brassica x juncea","(L.) Czern.","species","Plantae","Charophyta","Equisetopsida","Brassicales","Brassicaceae","Brassica","Indian Mustard","3","","","","","","","","","","","","","","",""
"https://id.biodiversity.org.au/node/apni/2907371","Citharexylum spinosum","L.","species","Plantae","Charophyta","Equisetopsida","Lamiales","Verbenaceae","Citharexylum","Fiddlewood","3","","","","","","","","","","","","","","",""
"https://id.biodiversity.org.au/node/apni/2907450","Dillwynia sericea","A.Cunn.","species","Plantae","Charophyta","Equisetopsida","Fabales","Fabaceae","Dillwynia","Showy Parrot-pea","3","","","","","","","","","","","","","","",""
"https://id.biodiversity.org.au/node/apni/2907479","Holcus lanatus","L.","species","Plantae","Charophyta","Equisetopsida","Poales","Poaceae","Holcus","Yorkshire Fog","3","","","","","","","","","","","","","","",""
"https://id.biodiversity.org.au/node/apni/2907523","Goodenia paniculata","Sm.","species","Plantae","Charophyta","Equisetopsida","Asterales","Goodeniaceae","Goodenia","Branched Goodenia","3","","","","","","","","","","","Poorly-known species","","","",""
"https://id.biodiversity.org.au/node/apni/2907637","Daviesia acicularis","Sm.","species","Plantae","Charophyta","Equisetopsida","Fabales","Fabaceae","Daviesia","Sandplain Bitter-pea","3","","","","","","","","","","","","","","",""
"https://id.biodiversity.org.au/node/apni/2907980","Ficus microcarpa","L.f.","species","Plantae","Charophyta","Equisetopsida","Rosales","Moraceae","Ficus","Fig","3","","","","","","","","","","","","","","",""
"https://id.biodiversity.org.au/node/apni/2908124","Leptospermum arachnoides","Gaertn.","species","Plantae","Charophyta","Equisetopsida","Myrtales","Myrtaceae","Leptospermum","","3","","","","","","","","","","","","","","",""
"https://id.biodiversity.org.au/node/apni/2908332","Cyperus laevis","R.Br.","species","Plantae","Charophyta","Equisetopsida","Poales","Cyperaceae","Cyperus","","3","","","","","","","","","","","","","","",""
"https://id.biodiversity.org.au/node/apni/2909613","Euphorbia dendroides","L.","species","Plantae","Charophyta","Equisetopsida","Malpighiales","Euphorbiaceae","Euphorbia","Tree Spurge","3","","","","","","","","","","","","","","",""
"https://id.biodiversity.org.au/node/apni/2909615","Gladiolus carneus","D.Delaroche","species","Plantae","Charophyta","Equisetopsida","Asparagales","Iridaceae","Gladiolus","Broad-leaf Painted Lady","3","","","","","","","","","","","","","","",""
"https://id.biodiversity.org.au/node/apni/2909693","Convolvulus arvensis","L.","species","Plantae","Charophyta","Equisetopsida","Solanales","Convolvulaceae","Convolvulus","Common Bindweed","3","","","","","","","","","","","","","Y","",""
"https://id.biodiversity.org.au/node/apni/2909833","Corymbia eximia","(Schauer) K.D.Hill & L.A.S.Johnson","species","Plantae","Charophyta","Equisetopsida","Myrtales","Myrtaceae","Corymbia","Yellow Bloodwood","3","","","","","","","","","","","","","","",""
"https://id.biodiversity.org.au/node/apni/2910185","Pomaderris elliptica","Labill.","species","Plantae","Charophyta","Equisetopsida","Rosales","Rhamnaceae","Pomaderris","Yellow Dogwood","3","","","","","","","","","","","","","","",""
"https://id.biodiversity.org.au/node/apni/2910276","Juncus planifolius","R.Br.","species","Plantae","Charophyta","Equisetopsida","Poales","Juncaceae","Juncus","Broad-leaf Rush","3","","","","","","","","","","","","","","",""
"https://id.biodiversity.org.au/node/apni/2910767","Trifolium pratense","L.","species","Plantae","Charophyta","Equisetopsida","Fabales","Fabaceae","Trifolium","Red Clover","3","","","","","","","","","","","","","","",""
"https://id.biodiversity.org.au/node/apni/2910815","Haemodorum planifolium","R.Br.","species","Plantae","Charophyta","Equisetopsida","Commelinales","Haemodoraceae","Haemodorum","Bloodroot","3","","","","","","","","","","","","","","",""
"https://id.biodiversity.org.au/node/apni/2911237","Cestrum nocturnum","L.","species","Plantae","Charophyta","Equisetopsida","Solanales","Solanaceae","Cestrum","Lady-of-the-night","3","","","","","","","","","","","","","","",""
"https://id.biodiversity.org.au/node/apni/2911607","Rytidosperma pilosum","(R.Br.) Connor & Edgar","species","Plantae","Charophyta","Equisetopsida","Poales","Poaceae","Rytidosperma","Velvet Wallaby-grass","3","","","","","","","","","","","","","","",""
"https://id.biodiversity.org.au/node/apni/2912311","Persoonia pinifolia","R.Br.","species","Plantae","Charophyta","Equisetopsida","Proteales","Proteaceae","Persoonia","Pine-leaved Geebung","3","","","","","","","","","","","","","","",""
"https://id.biodiversity.org.au/node/apni/2912707","Ulex europaeus","L.","species","Plantae","Charophyta","Equisetopsida","Fabales","Fabaceae","Ulex","Gorse","3","","","","","","","","","","","","Y","Y","Y",""
"https://id.biodiversity.org.au/node/apni/2912716","Bromus cebadilla","Steud.","species","Plantae","Charophyta","Equisetopsida","Poales","Poaceae","Bromus","","3","","","","","","","","","","","","","","",""
"https://id.biodiversity.org.au/node/apni/2913706","Anthoxanthum odoratum","L.","species","Plantae","Charophyta","Equisetopsida","Poales","Poaceae","Anthoxanthum","Sweet Vernal-grass","3","","","","","","","","","","","","","","",""
"https://id.biodiversity.org.au/node/apni/2913901","Ficus obliqua","G.Forst.","species","Plantae","Charophyta","Equisetopsida","Rosales","Moraceae","Ficus","Small-leaved Fig","3","","","","","","","","","","","","","","",""
"https://id.biodiversity.org.au/node/apni/2914668","Cycnogeton procerum","(R.Br.) Buchenau","species","Plantae","Charophyta","Equisetopsida","Alismatales","Juncaginaceae","Cycnogeton","Common Water-ribbons","3","","","","","","","","","","","","","","",""
"https://id.biodiversity.org.au/node/apni/2916592","Hibbertia vestita","A.Cunn. ex Benth.","species","Plantae","Charophyta","Equisetopsida","","Dilleniaceae","Hibbertia","Hairy Guinea-flower","3","","","","","","","","","","","","","","",""
"https://id.biodiversity.org.au/node/apni/2916735","Dillwynia elegans","Endl.","species","Plantae","Charophyta","Equisetopsida","Fabales","Fabaceae","Dillwynia","","3","","","","","","","","","","","","","","",""
"https://id.biodiversity.org.au/node/apni/2917062","Polypogon lutosus","(Poir.) Hitchc.","species","Plantae","Charophyta","Equisetopsida","Poales","Poaceae","Polypogon","Perennial Beardgrass","3","","","","","","","","","","","","","","",""
"https://id.biodiversity.org.au/node/apni/2917161","Datura stramonium","L.","species","Plantae","Charophyta","Equisetopsida","Solanales","Solanaceae","Datura","Common Thorn-apple","3","","","","","","","","","","","","","Y","",""
"https://id.biodiversity.org.au/node/apni/2917485","Ceratopetalum apetalum","D.Don","species","Plantae","Charophyta","Equisetopsida","Oxalidales","Cunoniaceae","Ceratopetalum","Coachwood","3","","","","","","","","","","","","","","",""
"https://id.biodiversity.org.au/node/apni/2917504","Hesperocyparis macrocarpa","(Hartw. ex Gordon) Bartel","species","Plantae","Charophyta","Equisetopsida","Pinales","Cupressaceae","Hesperocyparis","Monterey Cypress","3","","","","","","","","","","","","","","",""
"https://id.biodiversity.org.au/node/apni/2918032","Vulpia bromoides","(L.) Gray","species","Plantae","Charophyta","Equisetopsida","Poales","Poaceae","Vulpia","Squirrel-tail Fescue","3","","","","","","","","","","","","","","",""
"https://id.biodiversity.org.au/node/apni/2918800","Eucalyptus consideniana","Maiden","species","Plantae","Charophyta","Equisetopsida","Myrtales","Myrtaceae","Eucalyptus","Yertchuk","3","","","","","Critically Endangered","","","Rare, Near Threatened","","Poorly-known species","Poorly-known species","","","",""
"https://id.biodiversity.org.au/node/apni/2918995","Ranunculus inundatus","R.Br. ex DC.","species","Plantae","Charophyta","Equisetopsida","Ranunculales","Ranunculaceae","Ranunculus","River Buttercup","3","Rare","","","","","","","","","","","","","",""
"https://id.biodiversity.org.au/node/apni/2919097","Xanthorrhoea concava","(A.T.Lee) D.J.Bedford","species","Plantae","Charophyta","Equisetopsida","Asparagales","Xanthorrhoeaceae","Xanthorrhoea","","3","","","","","","","","","","","","","","",""
"https://id.biodiversity.org.au/node/apni/2919175","Lolium rigidum","Gaudin","species","Plantae","Charophyta","Equisetopsida","Poales","Poaceae","Lolium","Wimmera Ryegrass","3","","","","","","","","","","","","","","",""
"https://id.biodiversity.org.au/node/apni/2919200","Acacia iteaphylla","F.Muell. ex Benth.","species","Plantae","Charophyta","Equisetopsida","Fabales","Fabaceae","Acacia","Flinders Range Wattle","3","Rare","","","","","","","","","","","","","",""
"https://id.biodiversity.org.au/node/apni/2919990","Parapholis incurva","(L.) C.E.Hubb.","species","Plantae","Charophyta","Equisetopsida","Poales","Poaceae","Parapholis","Curly Ryegrass","3","","","","","","","","","","","","","","",""
"https://id.biodiversity.org.au/node/apni/2920104","Emmenosperma alphitonioides","F.Muell.","species","Plantae","Charophyta","Equisetopsida","Rosales","Rhamnaceae","Emmenosperma","Yellow Ash","3","","","","","","","","","","","","","","",""
"https://id.biodiversity.org.au/node/apni/2920283","Juncus pallidus","R.Br.","species","Plantae","Charophyta","Equisetopsida","Poales","Juncaceae","Juncus","Pale Rush","3","","","","","","","","","","","","","","",""
"https://id.biodiversity.org.au/node/apni/2920672","Muellerina celastroides","(Sieber ex Schult. & Schult.f.) Tiegh.","species","Plantae","Charophyta","Equisetopsida","Santalales","Loranthaceae","Muellerina","Coast Mistletoe","3","","","","","Endangered","","","","","","","","","",""
"https://id.biodiversity.org.au/node/apni/2920854","Isolepis cernua","(Vahl) Roem. & Schult.","species","Plantae","Charophyta","Equisetopsida","Poales","Cyperaceae","Isolepis","Nodding Club-sedge","3","","","","","","","","","","","","","","",""
"https://id.biodiversity.org.au/node/apni/2920954","Pilea microphylla","(L.) Liebm.","species","Plantae","Charophyta","Equisetopsida","Rosales","Urticaceae","Pilea","Military Fern","3","","","","","","","","","","","","","","",""
"https://id.biodiversity.org.au/node/apni/2921267","Solidago altissima","L.","species","Plantae","Charophyta","Equisetopsida","Asterales","Asteraceae","Solidago","Goldenrod","3","","","","","","","","","","","","","","",""
"https://id.biodiversity.org.au/node/apni/2921302","Lotus corniculatus","L.","species","Plantae","Charophyta","Equisetopsida","Fabales","Fabaceae","Lotus","Birds-foot Trefoil","3","","","","","","","","","","","","","","",""
"https://id.biodiversity.org.au/node/apni/6892801","Crinum pedunculatum","R.Br.","species","Plantae","Charophyta","Equisetopsida","Asparagales","Amaryllidaceae","Crinum","Swamp Lily","3","","","","","","","","","","","","","","",""
"https://id.biodiversity.org.au/node/apni/7170172","Hibbertia serpyllifolia","R.Br. ex DC.","species","Plantae","Charophyta","Equisetopsida","","Dilleniaceae","Hibbertia","Hairy Guinea Flower","3","","","","","","","","","","","","","","",""
"https://id.biodiversity.org.au/node/apni/7415894","Mentha satureioides","R.Br.","species","Plantae","Charophyta","Equisetopsida","Lamiales","Lamiaceae","Mentha","Native Pennyroyal","3","Rare","","","","","","","","","","","","","",""
"https://id.biodiversity.org.au/node/apni/7776299","Sorghum halepense","(L.) Pers.","species","Plantae","Charophyta","Equisetopsida","Poales","Poaceae","Sorghum","Johnson Grass","3","","","","","","","","","","","","","","",""
"https://id.biodiversity.org.au/node/apni/8454714","Sannantha pluriflora","(F.Muell.) Peter G.Wilson","species","Plantae","Charophyta","Equisetopsida","Myrtales","Myrtaceae","Sannantha","Tall Baeckea","3","","","","","","","","","","","","","","",""
"https://id.biodiversity.org.au/taxon/apni/51267946","Brachyscome triloba","Gaudich.","species","Plantae","Charophyta","Equisetopsida","Asterales","Asteraceae","Brachyscome","","3","","","","","","","","","","","","","","",""
"https://id.biodiversity.org.au/taxon/apni/51268021","Centaurea melitensis","L.","species","Plantae","Charophyta","Equisetopsida","Asterales","Asteraceae","Centaurea","Maltese Cockspur","3","","","","","","","","","","","","","","",""
"https://id.biodiversity.org.au/taxon/apni/51268996","Sonchus asper","(L.) Hill","species","Plantae","Charophyta","Equisetopsida","Asterales","Asteraceae","Sonchus","Rough Sow-thistle","3","","","","","","","","","","","","","","",""
"https://id.biodiversity.org.au/taxon/apni/51283144","Cyperus rotundus","L.","species","Plantae","Charophyta","Equisetopsida","Poales","Cyperaceae","Cyperus","Nutgrass","3","","","","","","","","","","","","","","",""
"https://id.biodiversity.org.au/taxon/apni/51287746","Sisyrinchium micranthum","Cav.","species","Plantae","Charophyta","Equisetopsida","Asparagales","Iridaceae","Sisyrinchium","Striped Rush-leaf","3","","","","","","","","","","","","","","",""
"https://id.biodiversity.org.au/taxon/apni/51287801","Ajuga australis","R.Br.","species","Plantae","Charophyta","Equisetopsida","Lamiales","Lamiaceae","Ajuga","Austral Bugle","3","","","","","","","","","","","","","","",""
"https://id.biodiversity.org.au/taxon/apni/51290421","Eucalyptus viminalis","Labill.","species","Plantae","Charophyta","Equisetopsida","Myrtales","Myrtaceae","Eucalyptus","Ribbon Gum","3","","","","","Critically Endangered","","","Rare, Near Threatened","","Poorly-known species","Poorly-known species","","","",""
"https://id.biodiversity.org.au/taxon/apni/51294028","Coleonema pulchellum","I.Williams","species","Plantae","Charophyta","Equisetopsida","Sapindales","Rutaceae","Coleonema","Pink Diosma","3","","","","","","","","","","","","","","",""
"https://id.biodiversity.org.au/taxon/apni/51294642","Viola betonicifolia","Sm.","species","Plantae","Charophyta","Equisetopsida","Malpighiales","Violaceae","Viola","Native Violet","3","","","","","","","","","","","","","","",""
"https://id.biodiversity.org.au/taxon/apni/51311030","Chrysocephalum semipapposum","(Labill.) Steetz","species","Plantae","Charophyta","Equisetopsida","Asterales","Asteraceae","Chrysocephalum","Clustered Everlasting","3","","","","","","","","","","","","","","",""
"https://id.biodiversity.org.au/taxon/apni/51311048","Xanthium occidentale","Bertol.","species","Plantae","Charophyta","Equisetopsida","Asterales","Asteraceae","Xanthium","Noogoora Burr","3","","","","","","","","","","","","","","",""
"https://id.biodiversity.org.au/taxon/apni/51395403","Acianthus pusillus","D.L.Jones","species","Plantae","Charophyta","Equisetopsida","Asparagales","Orchidaceae","Acianthus","Small Mosquito-orchid","3","","","Near threatened","","","","","","","","","","","",""
"https://id.biodiversity.org.au/taxon/apni/51400598","Chiloglottis formicifera","Fitzg.","species","Plantae","Charophyta","Equisetopsida","Asparagales","Orchidaceae","Chiloglottis","Ant Orchid","3","","","Near threatened","","","","","","","","","","","",""
"https://id.biodiversity.org.au/taxon/apni/51403399","Dipodium roseum","D.L.Jones & M.A.Clem.","species","Plantae","Charophyta","Equisetopsida","Asparagales","Orchidaceae","Dipodium","Rosy Hyacinth-orchid","3","","","Near threatened","","","","","","","","","","","",""
"https://id.biodiversity.org.au/taxon/apni/51404353","Diuris sulphurea","R.Br.","species","Plantae","Charophyta","Equisetopsida","Asparagales","Orchidaceae","Diuris","Tiger Orchid","3","Rare","","Near threatened","","","","","","","","","","","",""
"https://id.biodiversity.org.au/taxon/apni/51412240","Pterostylis oblonga","D.L.Jones","species","Plantae","Charophyta","Equisetopsida","Asparagales","Orchidaceae","Pterostylis","Oblong Greenhood","3","Endangered","","Near threatened","","","","","","","","","","","",""
"https://id.biodiversity.org.au/taxon/apni/51412262","Pterostylis pedunculata","R.Br.","species","Plantae","Charophyta","Equisetopsida","Asparagales","Orchidaceae","Pterostylis","Maroon-hood","3","Endangered","","Near threatened","","","","","","","","","","","",""
"https://id.biodiversity.org.au/taxon/apni/51412296","Pterostylis revoluta","R.Br.","species","Plantae","Charophyta","Equisetopsida","Asparagales","Orchidaceae","Pterostylis","Autumn Greenhood","3","Endangered","","Near threatened","","","","","","","","","","","",""
"https://id.biodiversity.org.au/taxon/apni/51412310","Pterostylis rufa","R.Br.","species","Plantae","Charophyta","Equisetopsida","Asparagales","Orchidaceae","Pterostylis","Rusty Hood","3","Endangered","","Near threatened","","","","","","","","","","","",""
"https://id.biodiversity.org.au/taxon/apni/51414378","Thelymitra pauciflora","R.Br.","species","Plantae","Charophyta","Equisetopsida","Asparagales","Orchidaceae","Thelymitra","Slender Sun-orchid","3","","","Near threatened","","","","","","","","","","","",""
"https://id.biodiversity.org.au/taxon/apni/51432651","Blechnum rupestre","(Kaulf. ex Link) Christenh.","species","Plantae","Charophyta","Equisetopsida","Polypodiales","Blechnaceae","Blechnum","Small Rasp-fern","3","Endangered","Endangered","","","","","","","","Poorly-known species","","","","",""
"https://id.biodiversity.org.au/taxon/apni/51435604","Pseudanthus pimeleoides","Sieber ex Spreng.","species","Plantae","Charophyta","Equisetopsida","Malpighiales","Euphorbiaceae","Pseudanthus","","3","","","","","","","","","","","","","","",""
"https://id.biodiversity.org.au/taxon/apni/51436242","Oxytes brachypoda","(A.Gray) H.Ohashi & K.Ohashi","species","Plantae","Charophyta","Equisetopsida","Fabales","Fabaceae","Oxytes","Large Tick-trefoil","3","","","","","Vulnerable","","","","","","","","","",""
"https://id.biodiversity.org.au/taxon/apni/51442118","Passiflora foetida","L.","species","Plantae","Charophyta","Equisetopsida","Malpighiales","Passifloraceae","Passiflora","Stinking Passionfruit","3","","","","","","","","","","","","","","",""
"https://id.biodiversity.org.au/taxon/apni/51442674","Eragrostis cilianensis","(All.) Vignolo ex Janch.","species","Plantae","Charophyta","Equisetopsida","Poales","Poaceae","Eragrostis","Lovegrass","3","","","","","","","","","","","","","","",""
"https://id.biodiversity.org.au/taxon/apni/51442763","Lolium arundinaceum","(Schreb.) Darbysh.","species","Plantae","Charophyta","Equisetopsida","Poales","Poaceae","Lolium","Tall Meadow Ryegrass","3","","","","","","","","","","","","","","",""
"https://id.biodiversity.org.au/taxon/apni/51446415","Malus domestica","(Suckow) Borkh.","species","Plantae","Charophyta","Equisetopsida","Rosales","Rosaceae","Malus","Apple","3","","","","","","","","","","","","","","",""
"https://id.biodiversity.org.au/taxon/apni/51446444","Prunus persica","(L.) Batsch","species","Plantae","Charophyta","Equisetopsida","Rosales","Rosaceae","Prunus","Peach","3","","","","","","","","","","","","","","",""
"https://id.biodiversity.org.au/taxon/apni/51447325","Guioa semiglauca","(F.Muell.) Radlk.","species","Plantae","Charophyta","Equisetopsida","Sapindales","Sapindaceae","Guioa","Guioa","3","","","","","","","","","","","","","","",""
"https://id.biodiversity.org.au/taxon/apni/51448730","Afrohybanthus stellarioides","(Domin) Flicker","species","Plantae","Charophyta","Equisetopsida","Malpighiales","Violaceae","Afrohybanthus","","3","","","","","","","","","","","","","","",""
"https://id.biodiversity.org.au/taxon/apni/51449191","Viburnum odoratissimum","Ker Gawl.","species","Plantae","Charophyta","Equisetopsida","Dipsacales","Viburnaceae","Viburnum","","3","","","","","","","","","","","","","","",""
"https://id.biodiversity.org.au/taxon/apni/51737665","Arthropodium minus","R.Br.","species","Plantae","Charophyta","Equisetopsida","Asparagales","Asparagaceae","Arthropodium","Small Vanilla-lily","3","","","","","","","","","","","","","","",""
"https://id.biodiversity.org.au/taxon/apni/51742837","Chrysocephalum apiculatum","(Labill.) Steetz","species","Plantae","Charophyta","Equisetopsida","Asterales","Asteraceae","Chrysocephalum","Common Everlasting","3","","","","","","","","","","","","","","",""
"https://id.biodiversity.org.au/taxon/apni/51742852","Cosmos sulphureus","Cav.","species","Plantae","Charophyta","Equisetopsida","Asterales","Asteraceae","Cosmos","Orange Cosmos","3","","","","","","","","","","","","","","",""
"https://id.biodiversity.org.au/taxon/apni/51761448","Gloriosa superba","L.","species","Plantae","Charophyta","Equisetopsida","Liliales","Colchicaceae","Gloriosa","Glory Lily","3","","","","","","","","","","","","","","",""
"https://id.biodiversity.org.au/taxon/apni/51763285","Isolepis sepulcralis","Steud.","species","Plantae","Charophyta","Equisetopsida","Poales","Cyperaceae","Isolepis","African Club-sedge","3","","","","","","","","","","","","","","",""
"https://id.biodiversity.org.au/taxon/apni/51772371","Goodenia radicans","(Cav.) Pers.","species","Plantae","Charophyta","Equisetopsida","Asterales","Goodeniaceae","Goodenia","Shiny Swamp-mat","3","","","","","","","","","","","Poorly-known species","","","",""
"https://id.biodiversity.org.au/taxon/apni/51775101","Salvia hispanica","L.","species","Plantae","Charophyta","Equisetopsida","Lamiales","Lamiaceae","Salvia","Chia","3","","","","","","","","","","","","","","",""
"https://id.biodiversity.org.au/taxon/apni/51795386","Pterostylis obtusa","R.Br.","species","Plantae","Charophyta","Equisetopsida","Asparagales","Orchidaceae","Pterostylis","Blue-tongue Greenhood","3","Endangered","","Near threatened","","","","","","","","","","","",""
"ALA_DR30474_2330","Dyschoriste nagchana (Nees) Bennet","","species","Plantae","Charophyta","Equisetopsida","Lamiales","Acanthaceae","Dyschoriste","","2","","","","","","","","","","","","","","",""
"ALA_DR30477_320","Philodendron bipinnatifidum","","species","Plantae","Charophyta","Equisetopsida","Alismatales","Araceae","Philodendron","Philodendron","2","","","","","","","","","","","","","","",""
"ALA_DR30477_358","Rothmannia globosa","","species","Plantae","Charophyta","Equisetopsida","Gentianales","Rubiaceae","Rothmannia","September Bells","2","","","","","","","","","","","","","","",""
"NZOR-6-20318","Harpephyllum caffrum","Bernh. ex C.Krauss","species","Plantae","Charophyta","Equisetopsida","Sapindales","Anacardiaceae","Harpephyllum","","2","","","","","","","","","","","","","","",""
"NZOR-6-45937","Spirogyra crassa","(Kütz.) Czurda","species","Plantae","Chlorophyta","Zygophyceae","Zygnematales","Zygnemataceae","Spirogyra","","2","","","","","","","","","","","","","","",""
"NZOR-6-5809","Dietes bicolor","(Lindl.) Sweet ex G.Don","species","Plantae","Charophyta","Equisetopsida","Asparagales","Iridaceae","Dietes","","2","","","","","","","","","","","","","","",""
"NZOR-6-91484","Clivia miniata","(Lindl.) J.F.W.Bosse","species","Plantae","Charophyta","Equisetopsida","Asparagales","Amaryllidaceae","Clivia","Bush Lily","2","","","","","","","","","","","","","","",""
"https://id.biodiversity.org.au/name/apni/136690","Begonia cucullata","Willd.","species","Plantae","Charophyta","Equisetopsida","Cucurbitales","Begoniaceae","Begonia","","2","","","","","","","","","","","","","","",""
"https://id.biodiversity.org.au/name/apni/186944","Acca sellowiana","(O.Berg) Burret","species","Plantae","Charophyta","Equisetopsida","Myrtales","Myrtaceae","Acca","Pineapple Guava","2","","","","","","","","","","","","","","",""
"https://id.biodiversity.org.au/name/apni/208958","Camellia japonica","L.","species","Plantae","Charophyta","Equisetopsida","Ericales","Theaceae","Camellia","Camellia","2","","","","","","","","","","","","","","",""
"https://id.biodiversity.org.au/name/apni/96177","Xanthium strumarium","L.","species","Plantae","Charophyta","Equisetopsida","Asterales","Asteraceae","Xanthium","Californian Burr","2","","","","","","","","","","","","","Y","",""
"https://id.biodiversity.org.au/name/ausmoss/10001824","Breutelia affinis","(Hook.) Mitt.","species","Plantae","Bryophyta","Bryopsida","Bartramiales","Bartramiaceae","Breutelia","Common Breutelia","2","","","","","","","","","","","","","","",""
"https://id.biodiversity.org.au/name/ausmoss/10001984","Fabronia australis","Hook.","species","Plantae","Bryophyta","Bryopsida","Hypnales","Fabroniaceae","Fabronia","Fringe Moss","2","","","","","","","","","","","","","","",""
"https://id.biodiversity.org.au/name/ausmoss/10002518","Fabronia hampeana","Sond.","species","Plantae","Bryophyta","Bryopsida","Hypnales","Fabroniaceae","Fabronia","","2","","","","","","","","","","Poorly-known species","","","","",""
"https://id.biodiversity.org.au/name/ausmoss/10002519","Fabronia scottiae","Müll.Hal.","species","Plantae","Bryophyta","Bryopsida","Hypnales","Fabroniaceae","Fabronia","","2","","","","","","","","","","","","","","",""
"https://id.biodiversity.org.au/name/ausmoss/10002700","Orthodontium pallens","(Hook.f. & Wilson) Broth.","species","Plantae","Bryophyta","Bryopsida","Orthodontiales","Orthodontiaceae","Orthodontium","Thread Moss","2","","","","","","","","","","","","","","",""
"https://id.biodiversity.org.au/name/ausmoss/10002941","Rosulabryum billarderii","(Schwägr.) J.R.Spence","species","Plantae","Bryophyta","Bryopsida","Bryales","Bryaceae","Rosulabryum","Common Thread-moss","2","","","","","","","","","","","","","","",""
"https://id.biodiversity.org.au/name/ausmoss/10006044","Gemmabryum coronatum","(Schwägr.) J.R.Spence & H.P.Ramsay","species","Plantae","Bryophyta","Bryopsida","Bryales","Bryaceae","Gemmabryum","","2","","","","","","","","","","","","","","",""
"https://id.biodiversity.org.au/node/apni/2887026","Toona ciliata","M.Roem.","species","Plantae","Charophyta","Equisetopsida","Sapindales","Meliaceae","Toona","Red Cedar","2","","","","","","","","","","","","","","",""
"https://id.biodiversity.org.au/node/apni/2887417","Juncus mollis","L.A.S.Johnson","species","Plantae","Charophyta","Equisetopsida","Poales","Juncaceae","Juncus","","2","","","","","","","","","","","","","","",""
"https://id.biodiversity.org.au/node/apni/2887573","Ptilothrix deusta","(R.Br.) K.L.Wilson","species","Plantae","Charophyta","Equisetopsida","Poales","Cyperaceae","Ptilothrix","","2","","","","","","","","","","","","","","",""
"https://id.biodiversity.org.au/node/apni/2887781","Geitonoplesium cymosum","(R.Br.) A.Cunn. ex R.Br.","species","Plantae","Charophyta","Equisetopsida","Asparagales","Hemerocallidaceae","Geitonoplesium","Scrambling Lily","2","","","","","","","","","","","","","","",""
"https://id.biodiversity.org.au/node/apni/2887795","Urtica urens","L.","species","Plantae","Charophyta","Equisetopsida","Rosales","Urticaceae","Urtica","Dwarf Nettle","2","","","","","","","","","","","","","","",""
"https://id.biodiversity.org.au/node/apni/2887924","Papaver dubium","L.","species","Plantae","Charophyta","Equisetopsida","Ranunculales","Papaveraceae","Papaver","Long-headed Poppy","2","","","","","","","","","","","","","","",""
"https://id.biodiversity.org.au/node/apni/2887972","Rorippa palustris","(L.) Besser","species","Plantae","Charophyta","Equisetopsida","Brassicales","Brassicaceae","Rorippa","Yellow Marsh-cress","2","","","","","","","","","","","","","","",""
"https://id.biodiversity.org.au/node/apni/2888438","Hibbertia fumana","Sieber ex Toelken","species","Plantae","Charophyta","Equisetopsida","","Dilleniaceae","Hibbertia","","2","","","","","","","Critically Endangered","","","","","","","",""
"https://id.biodiversity.org.au/node/apni/2888488","Juncus tenuis","Willd.","species","Plantae","Charophyta","Equisetopsida","Poales","Juncaceae","Juncus","Slender Rush","2","","","","","","","","","","","","","","",""
"https://id.biodiversity.org.au/node/apni/2888507","Plantago coronopus","L.","species","Plantae","Charophyta","Equisetopsida","Lamiales","Plantaginaceae","Plantago","Bucks-horn Plantain","2","","","","","","","","","","","","","","",""
"https://id.biodiversity.org.au/node/apni/2888516","Lepidosperma concavum","R.Br.","species","Plantae","Charophyta","Equisetopsida","Poales","Cyperaceae","Lepidosperma","Sandhill Sword-sedge","2","","","","","","","","","","","","","","",""
"https://id.biodiversity.org.au/node/apni/2888625","Solanum chrysotrichum","Schltdl.","species","Plantae","Charophyta","Equisetopsida","Solanales","Solanaceae","Solanum","Devil`s Fig","2","","","","","","","","","","","","","","",""
"https://id.biodiversity.org.au/node/apni/2888986","Polypogon viridis","(Gouan) Breistr.","species","Plantae","Charophyta","Equisetopsida","Poales","Poaceae","Polypogon","Water Bent","2","","","","","","","","","","","","","","",""
"https://id.biodiversity.org.au/node/apni/2889575","Euphorbia milii","Des Moul.","species","Plantae","Charophyta","Equisetopsida","Malpighiales","Euphorbiaceae","Euphorbia","","2","","","","","","","","","","","","","","",""
"https://id.biodiversity.org.au/node/apni/2889800","Murraya koenigii","(L.) Spreng.","species","Plantae","Charophyta","Equisetopsida","Sapindales","Rutaceae","Murraya","Murraya","2","","","","","","","","","","","","","","",""
"https://id.biodiversity.org.au/node/apni/2889938","Hovea purpurea","Sweet","species","Plantae","Charophyta","Equisetopsida","Fabales","Fabaceae","Hovea","Tall Hovea","2","Rare","","","","Critically Endangered","","","","","","","","","",""
"https://id.biodiversity.org.au/node/apni/2890446","Prunus cerasifera","Ehrh.","species","Plantae","Charophyta","Equisetopsida","Rosales","Rosaceae","Prunus","Cherry-plum","2","","","","","","","","","","","","","","",""
"https://id.biodiversity.org.au/node/apni/2890826","Rytidosperma semiannulare","(Labill.) Connor & Edgar","species","Plantae","Charophyta","Equisetopsida","Poales","Poaceae","Rytidosperma","Wetland Wallaby-grass","2","","","","","","","","","","","","","","",""
"https://id.biodiversity.org.au/node/apni/2891273","Euphorbia maculata","L.","species","Plantae","Charophyta","Equisetopsida","Malpighiales","Euphorbiaceae","Euphorbia","Eyebane","2","","","","","","","","","","","","","","",""
"https://id.biodiversity.org.au/node/apni/2891680","Celtis australis","L.","species","Plantae","Charophyta","Equisetopsida","Rosales","Cannabaceae","Celtis","European Nettle Tree","2","","","","","","","","","","","","","","",""
"https://id.biodiversity.org.au/node/apni/2892036","Hirschfeldia incana","(L.) Lagr.-Foss.","species","Plantae","Charophyta","Equisetopsida","Brassicales","Brassicaceae","Hirschfeldia","Hoary Mustard","2","","","","","","","","","","","","","","",""
"https://id.biodiversity.org.au/node/apni/2892118","Ipomoea muelleri","Benth.","species","Plantae","Charophyta","Equisetopsida","Solanales","Convolvulaceae","Ipomoea","Poison Morning-glory","2","","","","","","","","","","","","","","",""
"https://id.biodiversity.org.au/node/apni/2892596","Acacia echinula","DC.","species","Plantae","Charophyta","Equisetopsida","Fabales","Fabaceae","Acacia","Hedgehog Wattle","2","","","","","","","","","","","","","","",""
"https://id.biodiversity.org.au/node/apni/2892673","Corymbia calophylla","(Lindl.) K.D.Hill & L.A.S.Johnson","species","Plantae","Charophyta","Equisetopsida","Myrtales","Myrtaceae","Corymbia","Marri","2","","","","","","","","","","","","","","",""
"https://id.biodiversity.org.au/node/apni/2893181","Lindsaea microphylla","Sw.","species","Plantae","Charophyta","Equisetopsida","Polypodiales","Lindsaeaceae","Lindsaea","Lacy Wedge Fern","2","","","","","Endangered","","","","","","","","","",""
"https://id.biodiversity.org.au/node/apni/2893241","Bossiaea ensata","Sieber ex DC.","species","Plantae","Charophyta","Equisetopsida","Fabales","Fabaceae","Bossiaea","Sword Bossiaea","2","","","","","Vulnerable","","","","","","","","","",""
"https://id.biodiversity.org.au/node/apni/2893353","Gnaphalium polycaulon","Pers.","species","Plantae","Charophyta","Equisetopsida","Asterales","Asteraceae","Gnaphalium","Indian Cudweed","2","","","","","","","","","","","","","","",""
"https://id.biodiversity.org.au/node/apni/2893710","Diploglottis australis","(G.Don) Radlk.","species","Plantae","Charophyta","Equisetopsida","Sapindales","Sapindaceae","Diploglottis","Native Tamarind","2","","","","","","","","","","","","","","",""
"https://id.biodiversity.org.au/node/apni/2893824","Cryptandra propinqua","A.Cunn. ex Fenzl","species","Plantae","Charophyta","Equisetopsida","Rosales","Rhamnaceae","Cryptandra","Silky Cryptandra","2","","","","","","","","","","","","","","",""
"https://id.biodiversity.org.au/node/apni/2894048","Ipheion uniflorum","(Graham) Raf.","species","Plantae","Charophyta","Equisetopsida","Asparagales","Alliaceae","Ipheion","Spring Star-flower","2","","","","","","","","","","","","","","",""
"https://id.biodiversity.org.au/node/apni/2894361","Podranea ricasoliana","(Tanfani) Sprague","species","Plantae","Charophyta","Equisetopsida","Lamiales","Bignoniaceae","Podranea","Pink Trumpet Vine","2","","","","","","","","","","","","","","",""
"https://id.biodiversity.org.au/node/apni/2894384","Juncus polyanthemus","Buchenau","species","Plantae","Charophyta","Equisetopsida","Poales","Juncaceae","Juncus","","2","","","","","","","","","","","","","","",""
"https://id.biodiversity.org.au/node/apni/2894434","Hordeum glaucum","Steud.","species","Plantae","Charophyta","Equisetopsida","Poales","Poaceae","Hordeum","Northern Barley Grass","2","","","","","","","","","","","","","","",""
"https://id.biodiversity.org.au/node/apni/2894908","Pultenaea retusa","Sm.","species","Plantae","Charophyta","Equisetopsida","Fabales","Fabaceae","Pultenaea","Blunt Bush-pea","2","","","","","","","","","","","","","","",""
"https://id.biodiversity.org.au/node/apni/2895673","Acacia linearifolia","A.Cunn. ex Maiden & Blakely","species","Plantae","Charophyta","Equisetopsida","Fabales","Fabaceae","Acacia","Stringybark Wattle","2","","","","","","","","","","","","","","",""
"https://id.biodiversity.org.au/node/apni/2895803","Pyrrosia rupestris","(R.Br.) Ching","species","Plantae","Charophyta","Equisetopsida","Polypodiales","Polypodiaceae","Pyrrosia","Rock Felt Fern","2","","","","","","","","","","","","","","",""
"https://id.biodiversity.org.au/node/apni/2895808","Senna clavigera","(Domin) Randell","species","Plantae","Charophyta","Equisetopsida","Fabales","Fabaceae","Senna","Smooth Senna","2","","","","","","","","","","","","","","",""
"https://id.biodiversity.org.au/node/apni/2895812","Lablab purpureus","(L.) Sweet","species","Plantae","Charophyta","Equisetopsida","Fabales","Fabaceae","Lablab","Lablab","2","","","","","","","","","","","","","","",""
"https://id.biodiversity.org.au/node/apni/2896118","Polygonum arenastrum","Jord. ex Boreau","species","Plantae","Charophyta","Equisetopsida","Caryophyllales","Polygonaceae","Polygonum","Wireweed","2","","","","","","","","","","","","","","",""
"https://id.biodiversity.org.au/node/apni/2896590","Stellaria flaccida","Hook.","species","Plantae","Charophyta","Equisetopsida","Caryophyllales","Caryophyllaceae","Stellaria","Starwort","2","","","","","","","","","","","","","","",""
"https://id.biodiversity.org.au/node/apni/2897229","Acacia bynoeana","Benth.","species","Plantae","Charophyta","Equisetopsida","Fabales","Fabaceae","Acacia","Bynoe's Wattle","2","","","","Vulnerable","","","Endangered","","","","","","","",""
"https://id.biodiversity.org.au/node/apni/2897316","Eragrostis tenuifolia","(A.Rich.) Hochst. ex Steud.","species","Plantae","Charophyta","Equisetopsida","Poales","Poaceae","Eragrostis","Elastic Grass","2","","","","","","","","","","","","","","",""
"https://id.biodiversity.org.au/node/apni/2897472","Melilotus albus","Medik.","species","Plantae","Charophyta","Equisetopsida","Fabales","Fabaceae","Melilotus","Bokhara Clover","2","","","","","","","","","","","","","","",""
"https://id.biodiversity.org.au/node/apni/2897753","Harpephyllum afrum","Bernh. ex C.Krauss","species","Plantae","Charophyta","Equisetopsida","Sapindales","Anacardiaceae","Harpephyllum","","2","","","","","","","","","","","","","","",""
"https://id.biodiversity.org.au/node/apni/2897810","Calystegia silvatica","(Kit.) Griseb.","species","Plantae","Charophyta","Equisetopsida","Solanales","Convolvulaceae","Calystegia","Greater Bindweed","2","","","","","","","","","","","","","","",""
"https://id.biodiversity.org.au/node/apni/2897828","Aphanopetalum resinosum","Endl.","species","Plantae","Charophyta","Equisetopsida","Saxifragales","Aphanopetalaceae","Aphanopetalum","Gum Vine","2","","","","","Critically Endangered","","","","","","","","","",""
"https://id.biodiversity.org.au/node/apni/2897849","Persea americana","Mill.","species","Plantae","Charophyta","Equisetopsida","Laurales","Lauraceae","Persea","Avocado","2","","","","","","","","","","","","","","",""
"https://id.biodiversity.org.au/node/apni/2898601","Yucca aloifolia","L.","species","Plantae","Charophyta","Equisetopsida","Asparagales","Asparagaceae","Yucca","Spanish Bayonet","2","","","","","","","","","","","","","","",""
"https://id.biodiversity.org.au/node/apni/2898646","Cyperus difformis","L.","species","Plantae","Charophyta","Equisetopsida","Poales","Cyperaceae","Cyperus","Variable Flat-sedge","2","","","","","","","","","","","","","","",""
"https://id.biodiversity.org.au/node/apni/2898876","Verbena litoralis","Kunth","species","Plantae","Charophyta","Equisetopsida","Lamiales","Verbenaceae","Verbena","Verbena","2","","","","","","","","","","","","","","",""
"https://id.biodiversity.org.au/node/apni/2899012","Ageratina riparia","(Regel) R.M.King & H.Rob.","species","Plantae","Charophyta","Equisetopsida","Asterales","Asteraceae","Ageratina","Mistflower","2","","","","","","","","","","","","","","",""
"https://id.biodiversity.org.au/node/apni/2899125","Cochlospermum fraseri","Planch.","species","Plantae","Charophyta","Equisetopsida","Malvales","Bixaceae","Cochlospermum","Kapok Bush","2","","","","","","","","","","","","","","",""
"https://id.biodiversity.org.au/node/apni/2899144","Allocasuarina paludosa","(Sieber ex Spreng.) L.A.S.Johnson","species","Plantae","Charophyta","Equisetopsida","Fagales","Casuarinaceae","Allocasuarina","Scrub Sheoak","2","","","","","","","","","","","","","","",""
"https://id.biodiversity.org.au/node/apni/2899323","Bryophyllum daigremontianum","(Raym.-Hamet & H.Perrier) A.Berger","species","Plantae","Charophyta","Equisetopsida","Saxifragales","Crassulaceae","Bryophyllum","","2","","","","","","","","","","","","","","",""
"https://id.biodiversity.org.au/node/apni/2899716","Vulpia muralis","(Kunth) Nees","species","Plantae","Charophyta","Equisetopsida","Poales","Poaceae","Vulpia","Wall Fescue","2","","","","","","","","","","","","","","",""
"https://id.biodiversity.org.au/node/apni/2900288","Hypoestes aristata","(Vahl) Sol. ex Roem. & Schult.","species","Plantae","Charophyta","Equisetopsida","Lamiales","Acanthaceae","Hypoestes","","2","","","","","","","","","","","","","","",""
"https://id.biodiversity.org.au/node/apni/2901006","Pultenaea parviflora","Sieber ex DC.","species","Plantae","Charophyta","Equisetopsida","Fabales","Fabaceae","Pultenaea","","2","","","","Vulnerable","","","Endangered","","","","","","","",""
"https://id.biodiversity.org.au/node/apni/2901274","Bossiaea scolopendria","(Andrews) Sm.","species","Plantae","Charophyta","Equisetopsida","Fabales","Fabaceae","Bossiaea","","2","","","","","","","","","","","","","","",""
"https://id.biodiversity.org.au/node/apni/2901430","Acacia genistifolia","Link","species","Plantae","Charophyta","Equisetopsida","Fabales","Fabaceae","Acacia","Early Wattle","2","","","","","","","","","","","","","","",""
"https://id.biodiversity.org.au/node/apni/2901550","Lolium multiflorum","Lam.","species","Plantae","Charophyta","Equisetopsida","Poales","Poaceae","Lolium","Italian Ryegrass","2","","","","","","","","","","","","","","",""
"https://id.biodiversity.org.au/node/apni/2901986","Drosera binata","Labill.","species","Plantae","Charophyta","Equisetopsida","Caryophyllales","Droseraceae","Drosera","Forked Sundew","2","Rare","","","","","","","","","Poorly-known species","","","","",""
"https://id.biodiversity.org.au/node/apni/2902203","Billardiera mutabilis","Salisb.","species","Plantae","Charophyta","Equisetopsida","Apiales","Pittosporaceae","Billardiera","Common Apple-berry","2","","","","","","","","","","","","","","",""
"https://id.biodiversity.org.au/node/apni/2902288","Acacia maidenii","F.Muell.","species","Plantae","Charophyta","Equisetopsida","Fabales","Fabaceae","Acacia","Maiden's Wattle","2","","","","","Critically Endangered","","","","","","","","","",""
"https://id.biodiversity.org.au/node/apni/2902295","Lepidosperma urophorum","N.A.Wakef.","species","Plantae","Charophyta","Equisetopsida","Poales","Cyperaceae","Lepidosperma","Tailed Rapier-sedge","2","","","","","","","","","","","","","","",""
"https://id.biodiversity.org.au/node/apni/2902394","Axonopus compressus","(Sw.) P.Beauv.","species","Plantae","Charophyta","Equisetopsida","Poales","Poaceae","Axonopus","Broad-leaved Carpet Grass","2","","","","","","","","","","","","","","",""
"https://id.biodiversity.org.au/node/apni/2902578","Sisymbrium officinale","(L.) Scop.","species","Plantae","Charophyta","Equisetopsida","Brassicales","Brassicaceae","Sisymbrium","Hedge Mustard","2","","","","","","","","","","","","","","",""
"https://id.biodiversity.org.au/node/apni/2902748","Banksia aemula","R.Br.","species","Plantae","Charophyta","Equisetopsida","Proteales","Proteaceae","Banksia","Wallum Banksia","2","","","","","","","","","","","","","","",""
"https://id.biodiversity.org.au/node/apni/2902841","Galium gaudichaudii","DC.","species","Plantae","Charophyta","Equisetopsida","Gentianales","Rubiaceae","Galium","Rough Bedstraw","2","","","","","","","","","","","","","","",""
"https://id.biodiversity.org.au/node/apni/2902844","Gonocarpus micranthus","Thunb.","species","Plantae","Charophyta","Equisetopsida","Saxifragales","Haloragaceae","Gonocarpus","Creeping Raspwort","2","","","","","","","","","","","","","","",""
"https://id.biodiversity.org.au/node/apni/2902872","Schoenoplectus subulatus","(Vahl) Lye","species","Plantae","Charophyta","Equisetopsida","Poales","Cyperaceae","Schoenoplectus","Shore Club-rush","2","","","","","","","","","","","","","","",""
"https://id.biodiversity.org.au/node/apni/2902974","Smilax australis","R.Br.","species","Plantae","Charophyta","Equisetopsida","Liliales","Smilacaceae","Smilax","Smilax","2","","","","","","","","","","","","","","",""
"https://id.biodiversity.org.au/node/apni/2903235","Erechtites valerianifolius","(Link ex Spreng.) DC.","species","Plantae","Charophyta","Equisetopsida","Asterales","Asteraceae","Erechtites","Brazilian Fireweed","2","","","","","","","","","","","","","","",""
"https://id.biodiversity.org.au/node/apni/2903282","Acacia elongata","Sieber ex DC.","species","Plantae","Charophyta","Equisetopsida","Fabales","Fabaceae","Acacia","Swamp Wattle","2","","","","","","","","","","","","","","",""
"https://id.biodiversity.org.au/node/apni/2903600","Spinifex sericeus","R.Br.","species","Plantae","Charophyta","Equisetopsida","Poales","Poaceae","Spinifex","Beach Spinifex","2","","","","","","","","","","","","","","",""
"https://id.biodiversity.org.au/node/apni/2903803","Erodium cicutarium","(L.) L'Hér.","species","Plantae","Charophyta","Equisetopsida","Geraniales","Geraniaceae","Erodium","Common Herons-bill","2","","","","","","","","","","","","","","",""
"https://id.biodiversity.org.au/node/apni/2903824","Zoysia macrantha","Desv.","species","Plantae","Charophyta","Equisetopsida","Poales","Poaceae","Zoysia","Prickly Couch","2","","","","","","","","","","","","","","",""
"https://id.biodiversity.org.au/node/apni/2904187","Gahnia filum","(Labill.) F.Muell.","species","Plantae","Charophyta","Equisetopsida","Poales","Cyperaceae","Gahnia","Thatching Grass","2","","","","","","","","","","","","","","",""
"https://id.biodiversity.org.au/node/apni/2904400","Papaver hybridum","L.","species","Plantae","Charophyta","Equisetopsida","Ranunculales","Papaveraceae","Papaver","Rough Poppy","2","","","","","","","","","","","","","","",""
"https://id.biodiversity.org.au/node/apni/2904590","Conospermum ericifolium","Sm.","species","Plantae","Charophyta","Equisetopsida","Proteales","Proteaceae","Conospermum","","2","","","","","","","","","","","","","","",""
"https://id.biodiversity.org.au/node/apni/2905120","Eriocaulon scariosum","Sm.","species","Plantae","Charophyta","Equisetopsida","Poales","Eriocaulaceae","Eriocaulon","Common Pipewort","2","","","","","Endangered","","","","","","","","","",""
"https://id.biodiversity.org.au/node/apni/2905468","Artemisia verlotiorum","Lamotte","species","Plantae","Charophyta","Equisetopsida","Asterales","Asteraceae","Artemisia","Chinese Wormwood","2","","","","","","","","","","","","","","",""
"https://id.biodiversity.org.au/node/apni/2905469","Cardiospermum halicacabum","L.","species","Plantae","Charophyta","Equisetopsida","Sapindales","Sapindaceae","Cardiospermum","Cardiospermum","2","","","","","","","","","","","","","","",""
"https://id.biodiversity.org.au/node/apni/2905509","Fumaria bastardii","Boreau","species","Plantae","Charophyta","Equisetopsida","Ranunculales","Papaveraceae","Fumaria","Bastard Fumitory","2","","","","","","","","","","","","","","",""
"https://id.biodiversity.org.au/node/apni/2905916","Leionema dentatum","(Sm.) Paul G.Wilson","species","Plantae","Charophyta","Equisetopsida","Sapindales","Rutaceae","Leionema","Toothed Phebalium","2","","","","","","","","","","","","","","",""
"https://id.biodiversity.org.au/node/apni/2905978","Adiantum formosum","R.Br.","species","Plantae","Charophyta","Equisetopsida","","Pteridaceae","Adiantum","Black Stem","2","","","","","Critically Endangered","","","","","","","","","",""
"https://id.biodiversity.org.au/node/apni/2906034","Acacia buxifolia","A.Cunn.","species","Plantae","Charophyta","Equisetopsida","Fabales","Fabaceae","Acacia","Box-leaved Wattle","2","","","","","","","","","","","","","","",""
"https://id.biodiversity.org.au/node/apni/2906039","Hydrocotyle acutiloba","(F.Muell.) N.A.Wakef.","species","Plantae","Charophyta","Equisetopsida","Apiales","Araliaceae","Hydrocotyle","Broad-leaf Pennywort","2","","","","","","","","","","","","","","",""
"https://id.biodiversity.org.au/node/apni/2906122","Senecio minimus","Poir.","species","Plantae","Charophyta","Equisetopsida","Asterales","Asteraceae","Senecio","Fine-tooth Groundsel","2","","","","","","","","","","","","","","",""
"https://id.biodiversity.org.au/node/apni/2906232","Teucrium argutum","R.Br.","species","Plantae","Charophyta","Equisetopsida","Lamiales","Lamiaceae","Teucrium","Native Germander","2","","","","","","","","","","","","","","",""
"https://id.biodiversity.org.au/node/apni/2906643","Gahnia sieberiana","Kunth","species","Plantae","Charophyta","Equisetopsida","Poales","Cyperaceae","Gahnia","Red-fruit Cutting-grass","2","","","","","","","","","","","","","","",""
"https://id.biodiversity.org.au/node/apni/2906724","Utricularia australis","R.Br.","species","Plantae","Charophyta","Equisetopsida","Lamiales","Lentibulariaceae","Utricularia","Bladderwort","2","Rare","Near Threatened","","","","","","","","","","","","",""
"https://id.biodiversity.org.au/node/apni/2907037","Grevillea diffusa","Sieber ex Spreng.","species","Plantae","Charophyta","Equisetopsida","Proteales","Proteaceae","Grevillea","Red Flower Grevillea","2","","","","","","","","","","","","","","",""
"https://id.biodiversity.org.au/node/apni/2907935","Epilobium ciliatum","Raf.","species","Plantae","Charophyta","Equisetopsida","Myrtales","Onagraceae","Epilobium","Glandular Willow-herb","2","","","","","","","","","","","","","","",""
"https://id.biodiversity.org.au/node/apni/2907957","Thysanotus juncifolius","(Salisb.) J.H.Willis & Court","species","Plantae","Charophyta","Equisetopsida","Asparagales","Asparagaceae","Thysanotus","Rush Fringe-lily","2","","","","","","","","","","","","","","",""
"https://id.biodiversity.org.au/node/apni/2908099","Pyrostegia venusta","(Ker Gawl.) Miers","species","Plantae","Charophyta","Equisetopsida","Lamiales","Bignoniaceae","Pyrostegia","Golden Shower","2","","","","","","","","","","","","","","",""
"https://id.biodiversity.org.au/node/apni/2908567","Mentha diemenica","Spreng.","species","Plantae","Charophyta","Equisetopsida","Lamiales","Lamiaceae","Mentha","Slender Mint","2","Rare","","","","","","","","","","","","","",""
"https://id.biodiversity.org.au/node/apni/2908573","Hibbertia empetrifolia","(DC.) Hoogland","species","Plantae","Charophyta","Equisetopsida","","Dilleniaceae","Hibbertia","Tangled Guinea-flower","2","","","","","","","","","","","","","","",""
"https://id.biodiversity.org.au/node/apni/2908709","Rubus laudatus","A.Berger","species","Plantae","Charophyta","Equisetopsida","Rosales","Rosaceae","Rubus","Blackberry","2","","","","","","","","","","","","","Y","",""
"https://id.biodiversity.org.au/node/apni/2908781","Samolus valerandi","L.","species","Plantae","Charophyta","Equisetopsida","Ericales","Primulaceae","Samolus","Brookweed","2","","","","","Vulnerable","","","","","","","","","",""
"https://id.biodiversity.org.au/node/apni/2908889","Medicago lupulina","L.","species","Plantae","Charophyta","Equisetopsida","Fabales","Fabaceae","Medicago","Black Medic","2","","","","","","","","","","","","","","",""
"https://id.biodiversity.org.au/node/apni/2909099","Sorghum leiocladum","(Hack.) C.E.Hubb.","species","Plantae","Charophyta","Equisetopsida","Poales","Poaceae","Sorghum","Wild Sorghum","2","","","","","Endangered","","","","","","","","","",""
"https://id.biodiversity.org.au/node/apni/2909544","Cassinia trinerva","N.A.Wakef.","species","Plantae","Charophyta","Equisetopsida","Asterales","Asteraceae","Cassinia","Three-nerved Cassinia","2","","","","","","","","","","","","","","",""
"https://id.biodiversity.org.au/node/apni/2909741","Acronychia oblongifolia","(A.Cunn. ex Hook.) Endl. ex Heynh.","species","Plantae","Charophyta","Equisetopsida","Sapindales","Rutaceae","Acronychia","White Aspen","2","","","","","Critically Endangered","","","","","","","","","",""
"https://id.biodiversity.org.au/node/apni/2909795","Goodenia bellidifolia","Sm.","species","Plantae","Charophyta","Equisetopsida","Asterales","Goodeniaceae","Goodenia","","2","","","","","","","","","","","Poorly-known species","","","",""
"https://id.biodiversity.org.au/node/apni/2909955","Spergularia rubra","(L.) J.Presl & C.Presl","species","Plantae","Charophyta","Equisetopsida","Caryophyllales","Caryophyllaceae","Spergularia","Red Sand-spurrey","2","","","","","","","","","","","","","","",""
"https://id.biodiversity.org.au/node/apni/2910254","Epilobium hirtigerum","A.Cunn.","species","Plantae","Charophyta","Equisetopsida","Myrtales","Onagraceae","Epilobium","Hairy Willow-herb","2","","","","","","","","","","","","","","",""
"https://id.biodiversity.org.au/node/apni/2910303","Ipomoea quamoclit","L.","species","Plantae","Charophyta","Equisetopsida","Solanales","Convolvulaceae","Ipomoea","Star Of Bethlehem","2","","","","","","","","","","","","","","",""
"https://id.biodiversity.org.au/node/apni/2910418","Alectryon tomentosus","(F.Muell.) Radlk.","species","Plantae","Charophyta","Equisetopsida","Sapindales","Sapindaceae","Alectryon","Hairy Bird's Eye","2","","","","","","","","","","","","","","",""
"https://id.biodiversity.org.au/node/apni/2910591","Malva sylvestris","L.","species","Plantae","Charophyta","Equisetopsida","Malvales","Malvaceae","Malva","Tall Mallow","2","","","","","","","","","","","","","","",""
"https://id.biodiversity.org.au/node/apni/2910654","Leptospermum lanigerum","(Sol. ex Aiton) Sm.","species","Plantae","Charophyta","Equisetopsida","Myrtales","Myrtaceae","Leptospermum","Silky Tea-tree","2","","","","","","","","","","","","","","",""
"https://id.biodiversity.org.au/node/apni/2910789","Pyrus communis","L.","species","Plantae","Charophyta","Equisetopsida","Rosales","Rosaceae","Pyrus","Pear","2","","","","","","","","","","","","","","",""
"https://id.biodiversity.org.au/node/apni/2911009","Philotheca hispidula","(Sieber ex Spreng.) Paul G.Wilson","species","Plantae","Charophyta","Equisetopsida","Sapindales","Rutaceae","Philotheca","","2","","","","","","","","","","","","","","",""
"https://id.biodiversity.org.au/node/apni/2911439","Rumex pulcher","L.","species","Plantae","Charophyta","Equisetopsida","Caryophyllales","Polygonaceae","Rumex","Fiddle Dock","2","","","","","","","","","","","","","","",""
"https://id.biodiversity.org.au/node/apni/2912069","Aristida calycina","R.Br.","species","Plantae","Charophyta","Equisetopsida","Poales","Poaceae","Aristida","Dark Wire-grass","2","","","","","","","","","","","","","","",""
"https://id.biodiversity.org.au/node/apni/2912747","Styphelia viridis","Andrews","species","Plantae","Charophyta","Equisetopsida","Ericales","Ericaceae","Styphelia","Green-flowered Styphelia","2","","","","","","","","","","","","","","",""
"https://id.biodiversity.org.au/node/apni/2913577","Gonocarpus longifolius","(Schindl.) Orchard","species","Plantae","Charophyta","Equisetopsida","Saxifragales","Haloragaceae","Gonocarpus","","2","","","","","","","","","","","","","","",""
"https://id.biodiversity.org.au/node/apni/2913835","Schizaea bifida","Willd.","species","Plantae","Charophyta","Equisetopsida","Schizaeales","Schizaeaceae","Schizaea","Rough/forked Comb-fern","2","Vulnerable","","","","","","","","","","","","","",""
"https://id.biodiversity.org.au/node/apni/2913931","Deyeuxia appressa","Vickery","species","Plantae","Charophyta","Equisetopsida","Poales","Poaceae","Deyeuxia","","2","","","","Endangered","","","Endangered","","","","","","","",""
"https://id.biodiversity.org.au/node/apni/2914163","Lomandra fluviatilis","(R.Br.) A.T.Lee","species","Plantae","Charophyta","Equisetopsida","Asparagales","Asparagaceae","Lomandra","","2","","","","","","","","","","","","","","",""
"https://id.biodiversity.org.au/node/apni/2914196","Tetraria capillaris","(F.Muell.) J.M.Black","species","Plantae","Charophyta","Equisetopsida","Poales","Cyperaceae","Tetraria","Hair Sedge","2","","","","","","","","","","","","","","",""
"https://id.biodiversity.org.au/node/apni/2914748","Scleria mackaviensis","Boeckeler","species","Plantae","Charophyta","Equisetopsida","Poales","Cyperaceae","Scleria","","2","","","","","","","","","","","","","","",""
"https://id.biodiversity.org.au/node/apni/2914873","Triticum aestivum","L.","species","Plantae","Charophyta","Equisetopsida","Poales","Poaceae","Triticum","Wheat","2","","","","","","","","","","","","","","",""
"https://id.biodiversity.org.au/node/apni/2915815","Ficus coronata","Spin","species","Plantae","Charophyta","Equisetopsida","Rosales","Moraceae","Ficus","Creek Sandpaper Fig","2","","","","","Critically Endangered","","","","","","","","","",""
"https://id.biodiversity.org.au/node/apni/2916191","Lactuca sativa","L.","species","Plantae","Charophyta","Equisetopsida","Asterales","Asteraceae","Lactuca","Lettuce","2","","","","","","","","","","","","","","",""
"https://id.biodiversity.org.au/node/apni/2916565","Tecoma capensis","(Thunb.) Lindl.","species","Plantae","Charophyta","Equisetopsida","Lamiales","Bignoniaceae","Tecoma","Cape Honeysuckle","2","","","","","","","","","","","","","","",""
"https://id.biodiversity.org.au/node/apni/2916678","Corymbia torelliana","(F.Muell.) K.D.Hill & L.A.S.Johnson","species","Plantae","Charophyta","Equisetopsida","Myrtales","Myrtaceae","Corymbia","Cadaghi","2","","","","","","","","","","","","","","",""
"https://id.biodiversity.org.au/node/apni/2916688","Sagina apetala","Ard.","species","Plantae","Charophyta","Equisetopsida","Caryophyllales","Caryophyllaceae","Sagina","Common Pearlwort","2","","","","","","","","","","","","","","",""
"https://id.biodiversity.org.au/node/apni/2916967","Leucopogon virgatus","(Labill.) R.Br.","species","Plantae","Charophyta","Equisetopsida","Ericales","Ericaceae","Leucopogon","Common Beard Heath","2","","","","","","","","","","","","","","",""
"https://id.biodiversity.org.au/node/apni/2916977","Grevillea buxifolia","(Sm.) R.Br.","species","Plantae","Charophyta","Equisetopsida","Proteales","Proteaceae","Grevillea","Grey Spider Flower","2","","","","","","","","","","","","","","",""
"https://id.biodiversity.org.au/node/apni/2917560","Jacksonia scoparia","R.Br.","species","Plantae","Charophyta","Equisetopsida","Fabales","Fabaceae","Jacksonia","Dogwood","2","","","","","","","","","","","","","","",""
"https://id.biodiversity.org.au/node/apni/2917817","Aeonium arboreum","(L.) Webb & Berthel.","species","Plantae","Charophyta","Equisetopsida","Saxifragales","Crassulaceae","Aeonium","Golden Tree Aeonium","2","","","","","","","","","","","","","","",""
"https://id.biodiversity.org.au/node/apni/2917995","Lagurus ovatus","L.","species","Plantae","Charophyta","Equisetopsida","Poales","Poaceae","Lagurus","Hare's Tail Grass","2","","","","","","","","","","","","","","",""
"https://id.biodiversity.org.au/node/apni/2918148","Crassula ovata","(Mill.) Druce","species","Plantae","Charophyta","Equisetopsida","Saxifragales","Crassulaceae","Crassula","Jade Plant","2","","","","","","","","","","","","","","",""
"https://id.biodiversity.org.au/node/apni/2918710","Dichelachne rara","(R.Br.) Vickery","species","Plantae","Charophyta","Equisetopsida","Poales","Poaceae","Dichelachne","Common Plume-grass","2","","","","","","","","","","","","","","",""
"https://id.biodiversity.org.au/node/apni/2918860","Thelionema caespitosum","(R.Br.) R.J.F.Hend.","species","Plantae","Charophyta","Equisetopsida","Asparagales","Hemerocallidaceae","Thelionema","Tufted Lily","2","Vulnerable","","","","","","","","","","","","","",""
"https://id.biodiversity.org.au/node/apni/2919024","Manihot grahamii","Hook.","species","Plantae","Charophyta","Equisetopsida","Malpighiales","Euphorbiaceae","Manihot","","2","","","","","","","","","","","","","","",""
"https://id.biodiversity.org.au/node/apni/2919452","Dianella prunina","R.J.F.Hend.","species","Plantae","Charophyta","Equisetopsida","Asparagales","Hemerocallidaceae","Dianella","","2","","","","","","","","","","","","","","",""
"https://id.biodiversity.org.au/node/apni/2919625","Potamogeton ochreatus","Raoul","species","Plantae","Charophyta","Equisetopsida","Alismatales","Potamogetonaceae","Potamogeton","Blunt Pondweed","2","Rare","","","","","","","","","","","","","",""
"https://id.biodiversity.org.au/node/apni/2919693","Banksia robur","Cav.","species","Plantae","Charophyta","Equisetopsida","Proteales","Proteaceae","Banksia","Swamp Broad-leaved Banksia","2","","","","","","","","","","","","","","",""
"https://id.biodiversity.org.au/node/apni/2919823","Fraxinus angustifolia","Vahl","species","Plantae","Charophyta","Equisetopsida","Lamiales","Oleaceae","Fraxinus","Desert Ash","2","","","","","","","","","","","","","","",""
"https://id.biodiversity.org.au/node/apni/2919870","Cissus antarctica","Vent.","species","Plantae","Charophyta","Equisetopsida","Vitales","Vitaceae","Cissus","Water Vine","2","","","","","","","","","","","","","","",""
"https://id.biodiversity.org.au/node/apni/2920422","Lepidium pseudohyssopifolium","Hewson","species","Plantae","Charophyta","Equisetopsida","Brassicales","Brassicaceae","Lepidium","Peppercress","2","","","","","","","","","","","Poorly-known species","","","",""
"https://id.biodiversity.org.au/node/apni/2920668","Rubus ulmifolius","Schott","species","Plantae","Charophyta","Equisetopsida","Rosales","Rosaceae","Rubus","Blackberry","2","","","","","","","","","","","","","Y","",""
"https://id.biodiversity.org.au/node/apni/2920719","Baeckea diosmifolia","Rudge","species","Plantae","Charophyta","Equisetopsida","Myrtales","Myrtaceae","Baeckea","Fringed Baeckea","2","","","","","","","","","","","","","","",""
"https://id.biodiversity.org.au/node/apni/2920857","Rytidosperma pallidum","(R.Br.) A.M.Humphreys & H.P.Linder","species","Plantae","Charophyta","Equisetopsida","Poales","Poaceae","Rytidosperma","Redanther Wallaby Grass; Silvertop Wallaby Grass","2","","","","","","","","","","","","","","",""
"https://id.biodiversity.org.au/node/apni/2921102","Nymphaea alba","L.","species","Plantae","Charophyta","Equisetopsida","Nymphaeales","Nymphaeaceae","Nymphaea","White Water-lily","2","","","","","","","","","","","","","","",""
"https://id.biodiversity.org.au/node/apni/2921259","Psidium guajava","L.","species","Plantae","Charophyta","Equisetopsida","Myrtales","Myrtaceae","Psidium","Guava","2","","","","","","","","","","","","","","",""
"https://id.biodiversity.org.au/node/apni/4466113","Dimorphotheca fruticosa","(L.) DC.","species","Plantae","Charophyta","Equisetopsida","Asterales","Asteraceae","Dimorphotheca","Trailing African Daisy","2","","","","","","","","","","","","","","",""
"https://id.biodiversity.org.au/node/apni/7061040","Pseudognaphalium luteoalbum","(L.) Hilliard & B.L.Burtt","species","Plantae","Charophyta","Equisetopsida","Asterales","Asteraceae","Pseudognaphalium","Jersey Cudweed","2","","","","","","","","","","","","","","",""
"https://id.biodiversity.org.au/node/apni/7616220","Eucalyptus elata","Dehnh.","species","Plantae","Charophyta","Equisetopsida","Myrtales","Myrtaceae","Eucalyptus","River Peppermint","2","","","","","Critically Endangered","","","Rare, Near Threatened","","Poorly-known species","Poorly-known species","","","",""
"https://id.biodiversity.org.au/node/apni/7700860","Psidium cattleyanum","Sabine","species","Plantae","Charophyta","Equisetopsida","Myrtales","Myrtaceae","Psidium","Cherry Guava (l.h.is.)","2","","","","","","","","","","","","","","",""
"https://id.biodiversity.org.au/node/apni/7746707","Bromus hordeaceus","L.","species","Plantae","Charophyta","Equisetopsida","Poales","Poaceae","Bromus","Soft Brome","2","","","","","","","","","","","","","","",""
"https://id.biodiversity.org.au/node/apni/7766887","Eragrostis elongata","(Willd.) J.Jacq.","species","Plantae","Charophyta","Equisetopsida","Poales","Poaceae","Eragrostis","Lovegrass","2","","","","","","","","","","","","","","",""
"https://id.biodiversity.org.au/node/apni/7822689","Hakea gibbosa","(J.White) Cav.","species","Plantae","Charophyta","Equisetopsida","Proteales","Proteaceae","Hakea","Downy Hakea","2","","","","","","","","","","","","","","",""
"https://id.biodiversity.org.au/taxon/apni/51267043","Asparagus macowanii","Baker","species","Plantae","Charophyta","Equisetopsida","Asparagales","Asparagaceae","Asparagus","","2","","","","","","","","","","","","","","","Y"
"https://id.biodiversity.org.au/taxon/apni/51268572","Leontodon rhagadioloides","(L.) Enke & Zidorn","species","Plantae","Charophyta","Equisetopsida","Asterales","Asteraceae","Leontodon","Cretan Weed","2","","","","","","","","","","","","","","",""
"https://id.biodiversity.org.au/taxon/apni/51269147","Impatiens walleriana","Hook.f.","species","Plantae","Charophyta","Equisetopsida","Ericales","Balsaminaceae","Impatiens","Balsam","2","","","","","","","","","","","","","","",""
"https://id.biodiversity.org.au/taxon/apni/51283293","Hibbertia circumdans","B.J.Conn","species","Plantae","Charophyta","Equisetopsida","","Dilleniaceae","Hibbertia","","2","","","","","","","","","","","","","","",""
"https://id.biodiversity.org.au/taxon/apni/51284090","Euphorbia dallachyana","Baill.","species","Plantae","Charophyta","Equisetopsida","Malpighiales","Euphorbiaceae","Euphorbia","Caustic Weed","2","","","","","","","","","","","","","","",""
"https://id.biodiversity.org.au/taxon/apni/51286863","Acacia dealbata","Link","species","Plantae","Charophyta","Equisetopsida","Fabales","Fabaceae","Acacia","Silver Wattle","2","","","","","","","","","","","","","","",""
"https://id.biodiversity.org.au/taxon/apni/51291240","Cenchrus purpurascens","Thunb.","species","Plantae","Charophyta","Equisetopsida","Poales","Poaceae","Cenchrus","Swamp Foxtail-grass","2","","","","","","","","","","","","","","",""
"https://id.biodiversity.org.au/taxon/apni/51291699","Rumex acetosella","L.","species","Plantae","Charophyta","Equisetopsida","Caryophyllales","Polygonaceae","Rumex","Sorrel","2","","","","","","","","","","","","","","",""
"https://id.biodiversity.org.au/taxon/apni/51298267","Convolvulus angustissimus","R.Br.","species","Plantae","Charophyta","Equisetopsida","Solanales","Convolvulaceae","Convolvulus","Blushing Bindweed","2","","","","","","","","","","","","","","",""
"https://id.biodiversity.org.au/taxon/apni/51300332","Philotheca buxifolia","(Sm.) Paul G.Wilson","species","Plantae","Charophyta","Equisetopsida","Sapindales","Rutaceae","Philotheca","","2","","","","","","","","","","","","","","",""
"https://id.biodiversity.org.au/taxon/apni/51310363","Hydrocotyle tripartita","R.Br. ex A.Rich.","species","Plantae","Charophyta","Equisetopsida","Apiales","Araliaceae","Hydrocotyle","Three-part Pennywort","2","","","","","","","","","","","","","","",""
"https://id.biodiversity.org.au/taxon/apni/51310382","Archontophoenix cunninghamiana","(H.Wendl.) H.Wendl. & Drude","species","Plantae","Charophyta","Equisetopsida","Arecales","Arecaceae","Archontophoenix","Bangalow Palm","2","","","","","","","","","","","","","","",""
"https://id.biodiversity.org.au/taxon/apni/51396335","Bulbophyllum globuliforme","Nicholls","species","Plantae","Charophyta","Equisetopsida","Asparagales","Orchidaceae","Bulbophyllum","Miniature Mossorchid","2","","","Near threatened","Vulnerable","","","Vulnerable","","","","","","","",""
"https://id.biodiversity.org.au/taxon/apni/51396341","Bulbophyllum johnsonii","T.E.Hunt","species","Plantae","Charophyta","Equisetopsida","Asparagales","Orchidaceae","Bulbophyllum","","2","","","Near threatened","","","","","","","","","","","",""
"https://id.biodiversity.org.au/taxon/apni/51398875","Caladenia capillata","D.L.Jones","species","Plantae","Charophyta","Equisetopsida","Asparagales","Orchidaceae","Caladenia","White Daddy-long-legs","2","","","Near threatened","","","","","","","","","","","",""
"https://id.biodiversity.org.au/taxon/apni/51399038","Caladenia fuscata","(Rchb.f.) M.A.Clem. & D.L.Jones","species","Plantae","Charophyta","Equisetopsida","Asparagales","Orchidaceae","Caladenia","Dusky Fingers","2","","","Near threatened","","","","","","","","","","","",""
"https://id.biodiversity.org.au/taxon/apni/51399404","Caladenia tessellata","Fitzg.","species","Plantae","Charophyta","Equisetopsida","Asparagales","Orchidaceae","Caladenia","Thick-lip Spider-orchid","2","","","Near threatened","Vulnerable","Vulnerable","","Vulnerable","","","","","","","",""
"https://id.biodiversity.org.au/taxon/apni/51400206","Calochilus campestris","R.Br.","species","Plantae","Charophyta","Equisetopsida","Asparagales","Orchidaceae","Calochilus","Copper Beard-orchid","2","","Endangered","Near threatened","","","","","","","","","","","",""
"https://id.biodiversity.org.au/taxon/apni/51400213","Calochilus gracillimus","Rupp","species","Plantae","Charophyta","Equisetopsida","Asparagales","Orchidaceae","Calochilus","Slender Beard Orchid","2","","","Near threatened","","","","","","","","","","","",""
"https://id.biodiversity.org.au/taxon/apni/51401161","Cryptostylis subulata","(Labill.) Rchb.f.","species","Plantae","Charophyta","Equisetopsida","Asparagales","Orchidaceae","Cryptostylis","Large Tongue-orchid","2","Vulnerable","","Near threatened","","","","","","","","","","","",""
"https://id.biodiversity.org.au/taxon/apni/51401321","Cymbidium suave","R.Br.","species","Plantae","Charophyta","Equisetopsida","Asparagales","Orchidaceae","Cymbidium","Snake Orchid","2","","","Near threatened","","","","","","","","","","","",""
"https://id.biodiversity.org.au/taxon/apni/51406650","Microtis unifolia","(G.Forst.) Rchb.f.","species","Plantae","Charophyta","Equisetopsida","Asparagales","Orchidaceae","Microtis","Common Onion Orchid","2","","","Near threatened","","","","","","","","","","","",""
"https://id.biodiversity.org.au/taxon/apni/51407850","Phaius australis","F.Muell.","species","Plantae","Charophyta","Equisetopsida","Asparagales","Orchidaceae","Phaius","Southern Swamp Orchid","2","","","Near threatened","Endangered","","","Endangered","","","","","","","",""
"https://id.biodiversity.org.au/taxon/apni/51412042","Pterostylis biseta","Blackmore & Clemesha","species","Plantae","Charophyta","Equisetopsida","Asparagales","Orchidaceae","Pterostylis","Rustyhood","2","Endangered","","Near threatened","","","","","","","","","","","",""
"https://id.biodiversity.org.au/taxon/apni/51412056","Pterostylis chaetophora","M.A.Clem. & D.L.Jones","species","Plantae","Charophyta","Equisetopsida","Asparagales","Orchidaceae","Pterostylis","","2","Endangered","","Near threatened","","","","Vulnerable","","","","","","","",""
"https://id.biodiversity.org.au/taxon/apni/51412448","Pterostylis woollsii","Fitzg.","species","Plantae","Charophyta","Equisetopsida","Asparagales","Orchidaceae","Pterostylis","Long-tailed Greenhood","2","Endangered","","Near threatened","","Critically Endangered","","","","","","","","","",""
"https://id.biodiversity.org.au/taxon/apni/51413235","Sarcochilus hartmannii","F.Muell.","species","Plantae","Charophyta","Equisetopsida","Asparagales","Orchidaceae","Sarcochilus","Hartman's Sarcochilus","2","","","Near threatened","Vulnerable","","","Vulnerable","","","","","","","",""
"https://id.biodiversity.org.au/taxon/apni/51431094","Parsonsia lanceolata","R.Br.","species","Plantae","Charophyta","Equisetopsida","Gentianales","Apocynaceae","Parsonsia","Northern Silkpod","2","","","","","","","","","","","","","","",""
"https://id.biodiversity.org.au/taxon/apni/51431200","Vincetoxicum woollsii","(Benth.) Kuntze","species","Plantae","Charophyta","Equisetopsida","Gentianales","Apocynaceae","Vincetoxicum","","2","","","Endangered","Endangered","","","Endangered","","","","","","","",""
"https://id.biodiversity.org.au/taxon/apni/51434422","Cyperus sesquiflorus","(Torr.) Mattf. & Kük.","species","Plantae","Charophyta","Equisetopsida","Poales","Cyperaceae","Cyperus","Nutgrass","2","","","","","","","","","","","","","","",""
"https://id.biodiversity.org.au/taxon/apni/51434434","Eleocharis gracilis","R.Br.","species","Plantae","Charophyta","Equisetopsida","Poales","Cyperaceae","Eleocharis","Slender Spike-rush","2","","","","","","","","","","","","","","",""
"https://id.biodiversity.org.au/taxon/apni/51434446","Eleocharis sphacelata","R.Br.","species","Plantae","Charophyta","Equisetopsida","Poales","Cyperaceae","Eleocharis","Tall Spike-rush","2","","","","","","","","","","","","","","",""
"https://id.biodiversity.org.au/taxon/apni/51434529","Machaerina acuta","(Labill.) J.Kern","species","Plantae","Charophyta","Equisetopsida","Poales","Cyperaceae","Machaerina","Pale Twig-rush","2","Rare","","","","","","","","","","","","","",""
"https://id.biodiversity.org.au/taxon/apni/51445385","Grevillea juniperina","R.Br.","species","Plantae","Charophyta","Equisetopsida","Proteales","Proteaceae","Grevillea","Juniper-leaf Grevillea","2","","","","","","","","","","","","","","",""
"https://id.biodiversity.org.au/taxon/apni/51445645","Hakea lorea","(R.Br.) R.Br.","species","Plantae","Charophyta","Equisetopsida","Proteales","Proteaceae","Hakea","Corkbark Tree","2","","","","","","","","","","","","","","",""
"https://id.biodiversity.org.au/taxon/apni/51446356","Cotoneaster pannosus","Franch.","species","Plantae","Charophyta","Equisetopsida","Rosales","Rosaceae","Cotoneaster","Velvet Cotoneaster","2","","","","","","","","","","","","","","",""
"https://id.biodiversity.org.au/taxon/apni/51447475","Selaginella kraussiana","(Kunze) A.Braun","species","Plantae","Charophyta","Equisetopsida","Selaginellales","Selaginellaceae","Selaginella","Garden Selaginella","2","","","","","","","","","","","","","","",""
"https://id.biodiversity.org.au/taxon/apni/51447783","Solanum linearifolium","Geras. ex Symon","species","Plantae","Charophyta","Equisetopsida","Solanales","Solanaceae","Solanum","Mountain Kangaroo Apple","2","","","","","Endangered","","","","","","","","","",""
"https://id.biodiversity.org.au/taxon/apni/51461243","Cordyline stricta","(Sims) Endl.","species","Plantae","Charophyta","Equisetopsida","Asparagales","Asparagaceae","Cordyline","Narrow-leaved Palm Lily","2","","","","","","","","","","","","","","",""
"https://id.biodiversity.org.au/taxon/apni/51689029","Leichhardtia rostrata","(R.Br.) P.I.Forst.","species","Plantae","Charophyta","Equisetopsida","Gentianales","Apocynaceae","Leichhardtia","","2","","","","","","","","","","","","","","",""
"https://id.biodiversity.org.au/taxon/apni/51696571","Vitex trifolia","L.","species","Plantae","Charophyta","Equisetopsida","Lamiales","Lamiaceae","Vitex","Beach Vitex","2","","","","","","","","","","","","","","",""
"https://id.biodiversity.org.au/taxon/apni/51740952","Araucaria heterophylla","(Salisb.) Franco","species","Plantae","Charophyta","Equisetopsida","Pinales","Araucariaceae","Araucaria","Norfolk Island Pine","2","","","","","","","","","","","","","","",""
"https://id.biodiversity.org.au/taxon/apni/51741620","Bidens bipinnata","L.","species","Plantae","Charophyta","Equisetopsida","Asterales","Asteraceae","Bidens","Bipinnate Beggar's Ticks","2","","","","","","","","","","","","","","",""
"https://id.biodiversity.org.au/taxon/apni/51743562","Glossocardia bidens","(Retz.) Veldkamp","species","Plantae","Charophyta","Equisetopsida","Asterales","Asteraceae","Glossocardia","Native Cobblers Pegs","2","","","","","Critically Endangered","","","","","","","","","",""
"https://id.biodiversity.org.au/taxon/apni/51747586","Senecio angulatus","L.f.","species","Plantae","Charophyta","Equisetopsida","Asterales","Asteraceae","Senecio","Cape Ivy","2","","","","","","","","","","","","","","",""
"https://id.biodiversity.org.au/taxon/apni/51749597","Telmatoblechnum indicum","(Burm.f.) Perrie, D.J.Ohlsen & Brownsey","species","Plantae","Charophyta","Equisetopsida","Polypodiales","Blechnaceae","Telmatoblechnum","Swamp Water Fern","2","","","","","","","","","","","Poorly-known species","","","",""
"https://id.biodiversity.org.au/taxon/apni/51760937","Dysphania ambrosioides","(L.) Mosyakin & Clemants","species","Plantae","Charophyta","Equisetopsida","Caryophyllales","Chenopodiaceae","Dysphania","Mexican Tea","2","","","","","","","","","","","","","","",""
"https://id.biodiversity.org.au/taxon/apni/51763174","Carex pumila","Thunb. ex Murray","species","Plantae","Charophyta","Equisetopsida","Poales","Cyperaceae","Carex","Strand Sedge","2","","","","","","","","","","","","","","",""
"https://id.biodiversity.org.au/taxon/apni/51763200","Cyperus platystylis","R.Br.","species","Plantae","Charophyta","Equisetopsida","Poales","Cyperaceae","Cyperus","Nutgrass","2","","","","","","","","","","","","","","",""
"https://id.biodiversity.org.au/taxon/apni/51768425","Euphorbia serpens","Kunth","species","Plantae","Charophyta","Equisetopsida","Malpighiales","Euphorbiaceae","Euphorbia","Matted Sandmat","2","","","","","","","","","","","","","","",""
"https://id.biodiversity.org.au/taxon/apni/51781711","Callistemon pallidus","(Bonpl.) DC.","species","Plantae","Charophyta","Equisetopsida","Myrtales","Myrtaceae","Callistemon","Lemon Bottlebrush","2","","","","","","","","","","","","","","",""
"https://id.biodiversity.org.au/taxon/apni/51781932","Eucalyptus cladocalyx","F.Muell.","species","Plantae","Charophyta","Equisetopsida","Myrtales","Myrtaceae","Eucalyptus","Sugar Gum","2","","","","","Critically Endangered","","","Rare, Near Threatened","","Poorly-known species","Poorly-known species","","","",""
"ALA_DR30474_1999","Cycas revoluta","","species","Plantae","Charophyta","Equisetopsida","Cycadales","Cycadaceae","Cycas","","1","","","","","","","","","","","","","","",""
"ALA_DR30474_574","Campylopus sinensis","","species","Plantae","Bryophyta","Bryopsida","Dicranales","Leucobryaceae","Campylopus","","1","","","","","","","","","","","","","","",""
"ALA_DR30477_1","Abelia chinensis","","species","Plantae","Charophyta","Equisetopsida","Dipsacales","Caprifoliaceae","Abelia","Chinese Abelia","1","","","","","","","","","","","","","","",""
"ALA_DR30477_290","Neoregelia carolinae","","species","Plantae","Charophyta","Equisetopsida","Poales","Bromeliaceae","Neoregelia","Blushing Bromeliad","1","","","","","","","","","","","","","","",""
"ALA_DR30477_329","Piper sarmentosum","","species","Plantae","Charophyta","Equisetopsida","Piperales","Piperaceae","Piper","","1","","","","","","","","","","","","","","",""
"ALA_DR30477_336","Plumeria obtusa","","species","Plantae","Charophyta","Equisetopsida","Gentianales","Apocynaceae","Plumeria","Singapore Graveyard Flower","1","","","","","","","","","","","","","","",""
"ALA_DR30477_354","Rogiera amoena","","species","Plantae","Charophyta","Equisetopsida","Gentianales","Rubiaceae","Rogiera","","1","","","","","","","","","","","","","","",""
"ALA_DR30477_422","Thaumatophyllum bipinnatifidum","","species","Plantae","Charophyta","Equisetopsida","Alismatales","Araceae","Thaumatophyllum","","1","","","","","","","","","","","","","","",""
"ALA_DR30477_86","Cereus hildmannianus","","species","Plantae","Charophyta","Equisetopsida","Caryophyllales","Cactaceae","Cereus","Hedge Cactus","1","","","","","","","","","","","","","","",""
"ALA_DR30477_96","Cissus alata","","species","Plantae","Charophyta","Equisetopsida","Vitales","Vitaceae","Cissus","Venezuela Treebind","1","","","","","","","","","","","","","","",""
"NZOR-6-10144","Brunfelsia pauciflora","(Cham. & Schltdl.) Benth.","species","Plantae","Charophyta","Equisetopsida","Solanales","Solanaceae","Brunfelsia","","1","","","","","","","","","","","","","","",""
"NZOR-6-119345","Crassula arborescens","(Mill.) Willd.","species","Plantae","Charophyta","Equisetopsida","Saxifragales","Crassulaceae","Crassula","","1","","","","","","","","","","","","","","",""
"NZOR-6-119620","Washingtonia robusta","H.Wendl.","species","Plantae","Charophyta","Equisetopsida","Arecales","Arecaceae","Washingtonia","Washington Fan Palm","1","","","","","","","","","","","","","","",""
"NZOR-6-26838","Dizygotheca elegantissima","","species","Plantae","Charophyta","Equisetopsida","Apiales","Araliaceae","Dizygotheca","","1","","","","","","","","","","","","","","",""
"NZOR-6-74117","Rosulabryum billardierei","(Schwägr.) J.R.Spence","species","Plantae","Bryophyta","Bryopsida","Bryales","Bryaceae","Rosulabryum","","1","","","","","","","","","","","","","","",""
"NZOR-6-86638","Buxus microphylla","Siebold & Zucc.","species","Plantae","Tracheophyta","Magnoliopsida","Buxales","Buxaceae","Buxus","","1","","","","","","","","","","","","","","",""
"NZOR-6-87108","Salvinia molesta","D.S.Mitch.","species","Plantae","Charophyta","Equisetopsida","Salviniales","Salviniaceae","Salvinia","","1","","","","","","","","","","","","","","",""
"https://id.biodiversity.org.au/name/algae/20010068","Gracilaria verrucosa","(Huds.) Papenf.","species","Plantae","Rhodophyta","Florideophyceae","Gracilariales","Gracilariaceae","Gracilaria","","1","","","","","","","","","","","","","","",""
"https://id.biodiversity.org.au/name/algae/20011037","Chondrophycus cruciatus","(Harv.) K.W.Nam","species","Plantae","Rhodophyta","Florideophyceae","Ceramiales","Rhodomelaceae","Chondrophycus","","1","","","","","","","","","","","","","","",""
"https://id.biodiversity.org.au/name/algae/20011716","Acrosorium ciliolatum","(Harv.) Kylin","species","Plantae","Rhodophyta","Florideophyceae","Ceramiales","Delesseriaceae","Acrosorium","Red Algae","1","","","","","","","","","","","","","","",""
"https://id.biodiversity.org.au/name/algae/20011912","Polysiphonia abscissa","Hook.f. & Harv.","species","Plantae","Rhodophyta","Florideophyceae","Ceramiales","Rhodomelaceae","Polysiphonia","","1","","","","","","","","","","","","","","",""
"https://id.biodiversity.org.au/name/algae/20088420","Pithophora oedogonia","(Mont.) Wittr.","species","Plantae","Chlorophyta","Ulvophyceae","Cladophorales","Pithophoraceae","Pithophora","","1","","","","","","","","","","","","","","",""
"https://id.biodiversity.org.au/name/apni/115338","Azolla filiculoides","Lam.","species","Plantae","Charophyta","Equisetopsida","Salviniales","Salviniaceae","Azolla","Pacific Azolla","1","","","","","","","","","","","","","","",""
"https://id.biodiversity.org.au/name/apni/117033","Taraxacum erythrospermum","Andrz. ex Besser","species","Plantae","Charophyta","Equisetopsida","Asterales","Asteraceae","Taraxacum","","1","","","","","","","","","","","","","","",""
"https://id.biodiversity.org.au/name/apni/125947","Agathis australis","(D.Don) Lindl.","species","Plantae","Charophyta","Equisetopsida","Pinales","Araucariaceae","Agathis","","1","","","","","","","","","","","","","","",""
"https://id.biodiversity.org.au/name/apni/216080","Magnolia grandiflora","L.","species","Plantae","Charophyta","Equisetopsida","Magnoliales","Magnoliaceae","Magnolia","Southern Magnolia","1","","","","","","","","","","","","","","",""
"https://id.biodiversity.org.au/name/apni/51703220","Hedera hibernica","Poit.","species","Plantae","Charophyta","Equisetopsida","Apiales","Araliaceae","Hedera","Irish Ivy","1","","","","","","","","","","","","","","",""
"https://id.biodiversity.org.au/name/apni/60166","Salsola kali","L.","species","Plantae","Charophyta","Equisetopsida","Caryophyllales","Chenopodiaceae","Salsola","Prickly Saltwort","1","","","","","","","","","","","","","","",""
"https://id.biodiversity.org.au/name/apni/66284","Potamogeton natans","L.","species","Plantae","Charophyta","Equisetopsida","Alismatales","Potamogetonaceae","Potamogeton","","1","","","","","","","","","","","","","","",""
"https://id.biodiversity.org.au/name/apni/75387","Festuca elatior","L.","species","Plantae","Charophyta","Equisetopsida","Poales","Poaceae","Festuca","Tall Fescue","1","","","","","","","","","","","","","","",""
"https://id.biodiversity.org.au/name/ausmoss/10001858","Bryum argenteum","Hedw.","species","Plantae","Bryophyta","Bryopsida","Bryales","Bryaceae","Bryum","Silver Moss","1","","","","","","","","","","","","","","",""
"https://id.biodiversity.org.au/name/ausmoss/10001911","Dawsonia longiseta","Hampe","species","Plantae","Bryophyta","Polytrichopsida","Polytrichales","Polytrichaceae","Dawsonia","Small Dawsonia","1","","","","","","","","","","","","","","",""
"https://id.biodiversity.org.au/name/ausmoss/10001920","Campylopus clavatus","Wilson","species","Plantae","Bryophyta","Bryopsida","Dicranales","Leucobryaceae","Campylopus","Broody Swan-neck Moss","1","","","","","","","","","","","","","","",""
"https://id.biodiversity.org.au/name/ausmoss/10001924","Campylopus introflexus","(Hedw.) Brid.","species","Plantae","Bryophyta","Bryopsida","Dicranales","Leucobryaceae","Campylopus","Heath Star Moss","1","","","","","","","","","","","","","","",""
"https://id.biodiversity.org.au/name/ausmoss/10001961","Ditrichum difficile","(Duby) M.Fleisch.","species","Plantae","Bryophyta","Bryopsida","Dicranales","Ditrichaceae","Ditrichum","Common Ditrichum","1","","","","","","","","","","","","","","",""
"https://id.biodiversity.org.au/name/ausmoss/10002049","Hedwigia ciliata","(Hedw.) P.Beauv.","species","Plantae","Bryophyta","Bryopsida","Hedwigiales","Hedwigiaceae","Hedwigia","Grey Hoar-moss","1","","","","","","","","","","","","","","",""
"https://id.biodiversity.org.au/name/ausmoss/10002101","Macromitrium hemitrichodes","Schwägr.","species","Plantae","Bryophyta","Bryopsida","Orthotrichales","Orthotrichaceae","Macromitrium","Macromitrium","1","","","","","","","","","","","","","","",""
"https://id.biodiversity.org.au/name/ausmoss/10002106","Macromitrium microstomum","(Hook. & Grev.) Schwägr.","species","Plantae","Bryophyta","Bryopsida","Orthotrichales","Orthotrichaceae","Macromitrium","Macromitrium","1","","","","","","","","","","","","","","",""
"https://id.biodiversity.org.au/name/ausmoss/10002121","Isopterygium albescens","(Hook.) A.Jaeger","species","Plantae","Bryophyta","Bryopsida","Hypnales","Pylaisiadelphaceae","Isopterygium","Silk Moss","1","","","","","","","","","","","","","","",""
"https://id.biodiversity.org.au/name/ausmoss/10002208","Tortula muralis","Hedw.","species","Plantae","Bryophyta","Bryopsida","Pottiales","Pottiaceae","Tortula","Common Wall-moss","1","","","","","","","","","","","","","","",""
"https://id.biodiversity.org.au/name/ausmoss/10002495","Entodon mackaviensis","Müll.Hal.","species","Plantae","Bryophyta","Bryopsida","Hypnales","Entodontaceae","Entodon","","1","","","","","","","","","","","","","","",""
"https://id.biodiversity.org.au/name/ausmoss/10002540","Fissidens homomallulus","Müll.Hal. ex Dixon","species","Plantae","Bryophyta","Bryopsida","Dicranales","Fissidentaceae","Fissidens","","1","","","","","","","","","","","","","","",""
"https://id.biodiversity.org.au/name/ausmoss/10005907","Grimmia pulvinata","(Hedw.) Sm.","species","Plantae","Bryophyta","Bryopsida","Grimmiales","Grimmiaceae","Grimmia","","1","","","","","","","","","","","","","","",""
"https://id.biodiversity.org.au/name/ausmoss/10006427","Macrocoma tenuis","(Hook. & Grev.) Vitt","species","Plantae","Bryophyta","Bryopsida","Orthotrichales","Orthotrichaceae","Macrocoma","","1","","","","","","","","","","","","","","",""
"https://id.biodiversity.org.au/name/ausmoss/10006455","Racopilum cuspidigerum","(Schwägr.) Ångstr.","species","Plantae","Bryophyta","Bryopsida","Hypnodendrales","Racopilaceae","Racopilum","Carpet Moss","1","","","","","","","","","","","","","","",""
"https://id.biodiversity.org.au/name/ausmoss/10006469","Fissidens tenellus","Hook.f. & Wilson","species","Plantae","Bryophyta","Bryopsida","Dicranales","Fissidentaceae","Fissidens","Tiny Pocket-moss","1","","","","","","","","","","","","","","",""
"https://id.biodiversity.org.au/name/ausmoss/120504","Lunularia cruciata","(L.) Dumort.","species","Plantae","Marchantiophyta","Marchantiopsida","Lunulariales","Lunulariaceae","Lunularia","Crescent Moonwort","1","","","","","","","","","","","","","","",""
"https://id.biodiversity.org.au/name/ausmoss/123544","Asterella whiteleggeana","(Steph.) R.M.Schust.","species","Plantae","Marchantiophyta","Marchantiopsida","Marchantiales","Aytoniaceae","Asterella","","1","","","","","","","","","","","","","","",""
"https://id.biodiversity.org.au/node/apni/2886208","Coffea arabica","L.","species","Plantae","Charophyta","Equisetopsida","Gentianales","Rubiaceae","Coffea","Coffee","1","","","","","","","","","","","","","","",""
"https://id.biodiversity.org.au/node/apni/2886511","Austrostipa elegantissima","(Labill.) S.W.L.Jacobs & J.Everett","species","Plantae","Charophyta","Equisetopsida","Poales","Poaceae","Austrostipa","Feather Spear-grass","1","","","","","","","","","","","","","","",""
"https://id.biodiversity.org.au/node/apni/2886534","Rosa rubiginosa","L.","species","Plantae","Charophyta","Equisetopsida","Rosales","Rosaceae","Rosa","Sweet Briar","1","","","","","","","","","","","","","","",""
"https://id.biodiversity.org.au/node/apni/2886539","Erica lusitanica","Rudolphi","species","Plantae","Charophyta","Equisetopsida","Ericales","Ericaceae","Erica","Spanish Heath","1","","","","","","","","","","","","","","",""
"https://id.biodiversity.org.au/node/apni/2886544","Bossiaea rhombifolia","Sieber ex DC.","species","Plantae","Charophyta","Equisetopsida","Fabales","Fabaceae","Bossiaea","","1","","","","","","","","","","","","","","",""
"https://id.biodiversity.org.au/node/apni/2886636","Luzula densiflora","(H.Nordensk.) Edgar","species","Plantae","Charophyta","Equisetopsida","Poales","Juncaceae","Luzula","Dense Wood-rush","1","","","","","","","","","","","","","","",""
"https://id.biodiversity.org.au/node/apni/2886696","Spergularia diandra","(Guss.) Heldr.","species","Plantae","Charophyta","Equisetopsida","Caryophyllales","Caryophyllaceae","Spergularia","Lesser Sand-spurrey","1","","","","","","","","","","","","","","",""
"https://id.biodiversity.org.au/node/apni/2886725","Ipomoea carnea","Jacq.","species","Plantae","Charophyta","Equisetopsida","Solanales","Convolvulaceae","Ipomoea","","1","","","","","","","","","","","","","","",""
"https://id.biodiversity.org.au/node/apni/2886869","Phalaris canariensis","L.","species","Plantae","Charophyta","Equisetopsida","Poales","Poaceae","Phalaris","Canary-grass","1","","","","","","","","","","","","","","",""
"https://id.biodiversity.org.au/node/apni/2886907","Aotus ericoides","(Vent.) G.Don","species","Plantae","Charophyta","Equisetopsida","Fabales","Fabaceae","Aotus","Common Aotus","1","","","","","","","","","","","","","","",""
"https://id.biodiversity.org.au/node/apni/2886909","Gamochaeta americana","(Mill.) Wedd.","species","Plantae","Charophyta","Equisetopsida","Asterales","Asteraceae","Gamochaeta","Spiked Cudweed","1","","","","","","","","","","","","","","",""
"https://id.biodiversity.org.au/node/apni/2886948","Gladiolus undulatus","L.","species","Plantae","Charophyta","Equisetopsida","Asparagales","Iridaceae","Gladiolus","Wild Gladiolus","1","","","","","","","","","","","","","","",""
"https://id.biodiversity.org.au/node/apni/2886987","Freesia laxa","(Thunb.) Goldblatt & J.C.Manning","species","Plantae","Charophyta","Equisetopsida","Asparagales","Iridaceae","Freesia","False Freesia","1","","","","","","","","","","","","","","",""
"https://id.biodiversity.org.au/node/apni/2887142","Populus deltoides","L.","species","Plantae","Charophyta","Equisetopsida","Malpighiales","Salicaceae","Populus","","1","","","","","","","","","","","","","","",""
"https://id.biodiversity.org.au/node/apni/2887203","Claoxylon australe","Baill.","species","Plantae","Charophyta","Equisetopsida","Malpighiales","Euphorbiaceae","Claoxylon","Brittlewood","1","","","","","","","","","","","","","","",""
"https://id.biodiversity.org.au/node/apni/2887359","Bossiaea buxifolia","A.Cunn.","species","Plantae","Charophyta","Equisetopsida","Fabales","Fabaceae","Bossiaea","Matted Bossiaea","1","","","","","","","","","","","","","","",""
"https://id.biodiversity.org.au/node/apni/2887457","Digitaria aequiglumis","(Hack. & Arechav.) Parodi","species","Plantae","Charophyta","Equisetopsida","Poales","Poaceae","Digitaria","Argentinian Crabgrass","1","","","","","","","","","","","","","","",""
"https://id.biodiversity.org.au/node/apni/2887504","Roldana petasitis","(Sims) H.Rob. & Brettell","species","Plantae","Charophyta","Equisetopsida","Asterales","Asteraceae","Roldana","Velvet Groundsel","1","","","","","","","","","","","","","","",""
"https://id.biodiversity.org.au/node/apni/2887751","Centaurea cyanus","L.","species","Plantae","Charophyta","Equisetopsida","Asterales","Asteraceae","Centaurea","Cornflower","1","","","","","","","","","","","","","","",""
"https://id.biodiversity.org.au/node/apni/2887902","Plantago gaudichaudii","Barneoud","species","Plantae","Charophyta","Equisetopsida","Lamiales","Plantaginaceae","Plantago","Narrow-leaf Plantain","1","","","","","","","","","","","","","","",""
"https://id.biodiversity.org.au/node/apni/2888212","Oenothera mollissima","L.","species","Plantae","Charophyta","Equisetopsida","Myrtales","Onagraceae","Oenothera","","1","","","","","","","","","","","","","","",""
"https://id.biodiversity.org.au/node/apni/2888307","Crepis capillaris","(L.) Wallr.","species","Plantae","Charophyta","Equisetopsida","Asterales","Asteraceae","Crepis","Smooth Hawksbeard","1","","","","","","","","","","","","","","",""
"https://id.biodiversity.org.au/node/apni/2888494","Aristolochia elegans","Mast.","species","Plantae","Charophyta","Equisetopsida","Piperales","Aristolochiaceae","Aristolochia","Calico-flower","1","","","","","","","","","","","","","","",""
"https://id.biodiversity.org.au/node/apni/2888495","Raphanus raphanistrum","L.","species","Plantae","Charophyta","Equisetopsida","Brassicales","Brassicaceae","Raphanus","Wild Radish","1","","","","","","","","","","","","","","",""
"https://id.biodiversity.org.au/node/apni/2888611","Aira caryophyllea","L.","species","Plantae","Charophyta","Equisetopsida","Poales","Poaceae","Aira","Silvery Hairgrass","1","","","","","","","","","","","","","","",""
"https://id.biodiversity.org.au/node/apni/2888617","Dimorphotheca pluvialis","(L.) Moench","species","Plantae","Charophyta","Equisetopsida","Asterales","Asteraceae","Dimorphotheca","Cape Marigold","1","","","","","","","","","","","","","","",""
"https://id.biodiversity.org.au/node/apni/2888714","Acacia cultriformis","A.Cunn. ex G.Don","species","Plantae","Charophyta","Equisetopsida","Fabales","Fabaceae","Acacia","Knife-leaved Wattle","1","","","","","","","","","","","","","","",""
"https://id.biodiversity.org.au/node/apni/2888716","Ligustrum vulgare","L.","species","Plantae","Charophyta","Equisetopsida","Lamiales","Oleaceae","Ligustrum","European Privet","1","","","","","","","","","","","","","","",""
"https://id.biodiversity.org.au/node/apni/2888849","Verbena hispida","Ruiz & Pav.","species","Plantae","Charophyta","Equisetopsida","Lamiales","Verbenaceae","Verbena","Rough Verbena","1","","","","","","","","","","","","","","",""
"https://id.biodiversity.org.au/node/apni/2888953","Polyosma rigidiuscula","F.Muell. & F.M.Bailey","species","Plantae","Charophyta","Equisetopsida","Escalloniales","Escalloniaceae","Polyosma","","1","","","","","","","","","","","","","","",""
"https://id.biodiversity.org.au/node/apni/2889074","Justicia carnea","Lindl.","species","Plantae","Charophyta","Equisetopsida","Lamiales","Acanthaceae","Justicia","","1","","","","","","","","","","","","","","",""
"https://id.biodiversity.org.au/node/apni/2889077","Almaleea paludosa","(Joy Thomps.) Crisp & P.H.Weston","species","Plantae","Charophyta","Equisetopsida","Fabales","Fabaceae","Almaleea","Marsh Bush-pea","1","","","","","Endangered","","","","","","","","","",""
"https://id.biodiversity.org.au/node/apni/2889180","Eriocephalus africanus","L.","species","Plantae","Charophyta","Equisetopsida","Asterales","Asteraceae","Eriocephalus","Wild Rosemary","1","","","","","","","","","","","","","","",""
"https://id.biodiversity.org.au/node/apni/2889354","Sparganium subglobosum","Morong","species","Plantae","Charophyta","Equisetopsida","Poales","Sparganiaceae","Sparganium","Floating Bur-reed","1","","","","","","","","","","","","","","",""
"https://id.biodiversity.org.au/node/apni/2889525","Pinus halepensis","Mill.","species","Plantae","Charophyta","Equisetopsida","Pinales","Pinaceae","Pinus","Aleppo Pine","1","","","","","","","","","","","","","","",""
"https://id.biodiversity.org.au/node/apni/2889560","Coreopsis tinctoria","Nutt.","species","Plantae","Charophyta","Equisetopsida","Asterales","Asteraceae","Coreopsis","Dyer's Tickseed","1","","","","","","","","","","","","","","",""
"https://id.biodiversity.org.au/node/apni/2889736","Lachnagrostis aemula","(R.Br.) Trin.","species","Plantae","Charophyta","Equisetopsida","Poales","Poaceae","Lachnagrostis","Leafy Blown-grass","1","","","","","","","","","","","","","","",""
"https://id.biodiversity.org.au/node/apni/2890111","Comesperma ericinum","DC.","species","Plantae","Charophyta","Equisetopsida","Fabales","Polygalaceae","Comesperma","Heath Milkwort","1","","","","","","","","","","","","","","",""
"https://id.biodiversity.org.au/node/apni/2890160","Tamarix aphylla","(L.) H.Karst.","species","Plantae","Charophyta","Equisetopsida","Caryophyllales","Tamaricaceae","Tamarix","Athel Pine","1","","","","","","","","","","","","Y","Y","Y",""
"https://id.biodiversity.org.au/node/apni/2890218","Juncus capillaceus","Lam.","species","Plantae","Charophyta","Equisetopsida","Poales","Juncaceae","Juncus","String Rush","1","","","","","","","","","","","","","","",""
"https://id.biodiversity.org.au/node/apni/2890881","Cycnogeton multifructum","(Aston) Mering & Kadereit","species","Plantae","Charophyta","Equisetopsida","Alismatales","Juncaginaceae","Cycnogeton","Water Ribbons","1","","","","","","","","","","","","","","",""
"https://id.biodiversity.org.au/node/apni/2890980","Coronidium elatum","(A.Cunn. ex DC.) Paul G.Wilson","species","Plantae","Charophyta","Equisetopsida","Asterales","Asteraceae","Coronidium","","1","","","","","","","","","","","","","","",""
"https://id.biodiversity.org.au/node/apni/2891033","Howea forsteriana","(C.Moore & F.Muell.) Becc.","species","Plantae","Charophyta","Equisetopsida","Arecales","Arecaceae","Howea","Kentia Palm","1","","","","","","","","","","","","","","",""
"https://id.biodiversity.org.au/node/apni/2891090","Cenchrus ciliaris","L.","species","Plantae","Charophyta","Equisetopsida","Poales","Poaceae","Cenchrus","Buffel Grass","1","","","","","","","","","","","","","","",""
"https://id.biodiversity.org.au/node/apni/2891167","Epacris obtusifolia","Sm.","species","Plantae","Charophyta","Equisetopsida","Ericales","Ericaceae","Epacris","Common Heath","1","","","","","","","","","","","","","","",""
"https://id.biodiversity.org.au/node/apni/2891248","Isolepis prolifera","(Rottb.) R.Br.","species","Plantae","Charophyta","Equisetopsida","Poales","Cyperaceae","Isolepis","Proliferous Club-sedge","1","","","","","","","","","","","","","","",""
"https://id.biodiversity.org.au/node/apni/2891329","Hibiscus brachysiphonius","F.Muell.","species","Plantae","Charophyta","Equisetopsida","Malvales","Malvaceae","Hibiscus","Low Hibiscus","1","","","","","Critically Endangered","","","","","","","","","",""
"https://id.biodiversity.org.au/node/apni/2891580","Eucalyptus major","(Maiden) Blakely","species","Plantae","Charophyta","Equisetopsida","Myrtales","Myrtaceae","Eucalyptus","Mountain Grey Gum","1","","","","","Critically Endangered","","","Rare, Near Threatened","","Poorly-known species","Poorly-known species","","","",""
"https://id.biodiversity.org.au/node/apni/2891641","Capillipedium parviflorum","(R.Br.) Stapf","species","Plantae","Charophyta","Equisetopsida","Poales","Poaceae","Capillipedium","Scented-top Grass","1","","","","","","","","","","","","","","",""
"https://id.biodiversity.org.au/node/apni/2891691","Mirabilis jalapa","L.","species","Plantae","Charophyta","Equisetopsida","Caryophyllales","Nyctaginaceae","Mirabilis","Marvel-of-peru","1","","","","","","","","","","","","","","",""
"https://id.biodiversity.org.au/node/apni/2891722","Amyema pendula","(Sieber ex Spreng.) Tiegh.","species","Plantae","Charophyta","Equisetopsida","Santalales","Loranthaceae","Amyema","Drooping Mistletoe","1","","","","","","","","","","","","","","",""
"https://id.biodiversity.org.au/node/apni/2891771","Saccharum officinarum","L.","species","Plantae","Charophyta","Equisetopsida","Poales","Poaceae","Saccharum","Sugarcane","1","","","","","","","","","","","","","","",""
"https://id.biodiversity.org.au/node/apni/2891835","Bromus diandrus","Roth","species","Plantae","Charophyta","Equisetopsida","Poales","Poaceae","Bromus","Great Brome","1","","","","","","","","","","","","","","",""
"https://id.biodiversity.org.au/node/apni/2891871","Capparis mitchellii","Lindl.","species","Plantae","Charophyta","Equisetopsida","Brassicales","Capparaceae","Capparis","Native Orange","1","","","","","","","","","","","","","","",""
"https://id.biodiversity.org.au/node/apni/2891947","Syzygium luehmannii","(F.Muell.) L.A.S.Johnson","species","Plantae","Charophyta","Equisetopsida","Myrtales","Myrtaceae","Syzygium","Small-leaved Lilly Pilly","1","","","","","","","","","","","","","","",""
"https://id.biodiversity.org.au/node/apni/2891965","Aristida jerichoensis","(Domin) Henrard","species","Plantae","Charophyta","Equisetopsida","Poales","Poaceae","Aristida","Jericho Wiregrass","1","","","","","","","","","","","","","","",""
"https://id.biodiversity.org.au/node/apni/2892177","Stypandra glauca","R.Br.","species","Plantae","Charophyta","Equisetopsida","Asparagales","Hemerocallidaceae","Stypandra","Nodding Grass-lily","1","Vulnerable","","","","","","","","","","","","","",""
"https://id.biodiversity.org.au/node/apni/2892279","Persicaria orientalis","(L.) Spach","species","Plantae","Charophyta","Equisetopsida","Caryophyllales","Polygonaceae","Persicaria","Persicaria","1","","","","","","","","","","","","","","",""
"https://id.biodiversity.org.au/node/apni/2892681","Cyperus tetraphyllus","R.Br.","species","Plantae","Charophyta","Equisetopsida","Poales","Cyperaceae","Cyperus","","1","","","","","","","","","","","","","","",""
"https://id.biodiversity.org.au/node/apni/2892840","Hovea speciosa","I.Thomps.","species","Plantae","Charophyta","Equisetopsida","Fabales","Fabaceae","Hovea","","1","","","","","","","","","","","","","","",""
"https://id.biodiversity.org.au/node/apni/2893018","Chloris barbata","Sw.","species","Plantae","Charophyta","Equisetopsida","Poales","Poaceae","Chloris","Purple-top Chloris","1","","","","","","","","","","","","","","",""
"https://id.biodiversity.org.au/node/apni/2893022","Kennedia prostrata","R.Br.","species","Plantae","Charophyta","Equisetopsida","Fabales","Fabaceae","Kennedia","Scarlet Runner","1","","","","","","","","","","","","","","",""
"https://id.biodiversity.org.au/node/apni/2893030","Schoenus lepidosperma","(F.Muell.) K.L.Wilson","species","Plantae","Charophyta","Equisetopsida","Poales","Cyperaceae","Schoenus","Slender Bog-sedge","1","","","","","","","","","","","","","","",""
"https://id.biodiversity.org.au/node/apni/2893132","Eucalyptus polyanthemos","Schauer","species","Plantae","Charophyta","Equisetopsida","Myrtales","Myrtaceae","Eucalyptus","Red Box","1","","","","","Critically Endangered","","","Rare, Near Threatened","","Poorly-known species","Poorly-known species","","","",""
"https://id.biodiversity.org.au/node/apni/2893481","Phyllostachys nigra","(Lodd. ex Lindl.) Munro","species","Plantae","Charophyta","Equisetopsida","Poales","Poaceae","Phyllostachys","Black Bamboo","1","","","","","","","","","","","","","","",""
"https://id.biodiversity.org.au/node/apni/2893592","Prunus domestica","L.","species","Plantae","Charophyta","Equisetopsida","Rosales","Rosaceae","Prunus","Plum","1","","","","","","","","","","","","","","",""
"https://id.biodiversity.org.au/node/apni/2893623","Cyperus albostriatus","Schrad.","species","Plantae","Charophyta","Equisetopsida","Poales","Cyperaceae","Cyperus","","1","","","","","","","","","","","","","","",""
"https://id.biodiversity.org.au/node/apni/2893642","Nymphoides montana","Aston","species","Plantae","Charophyta","Equisetopsida","Asterales","Menyanthaceae","Nymphoides","Marshwort","1","","","","","Endangered","","","","","","","","","",""
"https://id.biodiversity.org.au/node/apni/2893779","Comesperma sphaerocarpum","Steetz","species","Plantae","Charophyta","Equisetopsida","Fabales","Polygalaceae","Comesperma","","1","","","","","","","","","","","","","","",""
"https://id.biodiversity.org.au/node/apni/2893786","Sida spinosa","L.","species","Plantae","Charophyta","Equisetopsida","Malvales","Malvaceae","Sida","Spiny Sida","1","","","","","","","","","","","","","","",""
"https://id.biodiversity.org.au/node/apni/2894047","Persicaria maculosa","Gray","species","Plantae","Charophyta","Equisetopsida","Caryophyllales","Polygonaceae","Persicaria","Slender Knotweed","1","","","","","","","","","","","","","","",""
"https://id.biodiversity.org.au/node/apni/2894095","Pultenaea paleacea","Willd.","species","Plantae","Charophyta","Equisetopsida","Fabales","Fabaceae","Pultenaea","Chaffy Bush-pea","1","","","","","","","","","","","","","","",""
"https://id.biodiversity.org.au/node/apni/2894281","Alchornea ilicifolia","(J.Sm.) Müll.Arg.","species","Plantae","Charophyta","Equisetopsida","Malpighiales","Euphorbiaceae","Alchornea","Native Holly","1","","","","","","","","","","","","","","",""
"https://id.biodiversity.org.au/node/apni/2894303","Syzygium moorei","(F.Muell.) L.A.S.Johnson","species","Plantae","Charophyta","Equisetopsida","Myrtales","Myrtaceae","Syzygium","Durobby","1","","","Vulnerable","Vulnerable","","","Vulnerable","","","","","","","",""
"https://id.biodiversity.org.au/node/apni/2894319","Phyllostachys aurea","Riviere & C.Riviere","species","Plantae","Charophyta","Equisetopsida","Poales","Poaceae","Phyllostachys","Fishpole Bamboo","1","","","","","","","","","","","","","","",""
"https://id.biodiversity.org.au/node/apni/2894464","Iris germanica","L.","species","Plantae","Charophyta","Equisetopsida","Asparagales","Iridaceae","Iris","Flag Iris","1","","","","","","","","","","","","","","",""
"https://id.biodiversity.org.au/node/apni/2894477","Xyris complanata","R.Br.","species","Plantae","Charophyta","Equisetopsida","Poales","Xyridaceae","Xyris","Yellow-eye","1","","","","","","","","","","","","","","",""
"https://id.biodiversity.org.au/node/apni/2894542","Mitrasacme paludosa","R.Br.","species","Plantae","Charophyta","Equisetopsida","Gentianales","Loganiaceae","Mitrasacme","","1","","","","","","","","","","","","","","",""
"https://id.biodiversity.org.au/node/apni/2894607","Philotheca salsolifolia","(Sm.) Druce","species","Plantae","Charophyta","Equisetopsida","Sapindales","Rutaceae","Philotheca","Philotheca","1","","","","","","","","","","","","","","",""
"https://id.biodiversity.org.au/node/apni/2894669","Moraea flaccida","(Sweet) Steud.","species","Plantae","Charophyta","Equisetopsida","Asparagales","Iridaceae","Moraea","One-leaf Cape Tulip","1","","","","","","","","","","","","","Y","",""
"https://id.biodiversity.org.au/node/apni/2894713","Linum usitatissimum","L.","species","Plantae","Charophyta","Equisetopsida","Malpighiales","Linaceae","Linum","Field Flax","1","","","","","","","","","","","","","","",""
"https://id.biodiversity.org.au/node/apni/2894714","Centella cordifolia","(Hook.f.) Nannf.","species","Plantae","Charophyta","Equisetopsida","Apiales","Apiaceae","Centella","Native Centella","1","","","","","","","","","","","","","","",""
"https://id.biodiversity.org.au/node/apni/2895093","Hakea eriantha","R.Br.","species","Plantae","Charophyta","Equisetopsida","Proteales","Proteaceae","Hakea","Tree Hakea","1","","","","","","","","","","","","","","",""
"https://id.biodiversity.org.au/node/apni/2895146","Isopogon anethifolius","(Salisb.) Knight","species","Plantae","Charophyta","Equisetopsida","Proteales","Proteaceae","Isopogon","Narrow-leaf Drumsticks","1","","","","","","","","","","","","","","",""
"https://id.biodiversity.org.au/node/apni/2895476","Ficus pumila","L.","species","Plantae","Charophyta","Equisetopsida","Rosales","Moraceae","Ficus","Creeping Fig","1","","","","","","","","","","","","","","",""
"https://id.biodiversity.org.au/node/apni/2895670","Polygala japonica","Houtt.","species","Plantae","Charophyta","Equisetopsida","Fabales","Polygalaceae","Polygala","Dwarf Milkwort","1","","","","","Endangered","","","","","","","","","",""
"https://id.biodiversity.org.au/node/apni/2895699","Allocasuarina diminuta","L.A.S.Johnson","species","Plantae","Charophyta","Equisetopsida","Fagales","Casuarinaceae","Allocasuarina","","1","","","","","","","","","","","","","","",""
"https://id.biodiversity.org.au/node/apni/2895799","Cyperus odoratus","L.","species","Plantae","Charophyta","Equisetopsida","Poales","Cyperaceae","Cyperus","","1","","","","","","","","","","","","","","",""
"https://id.biodiversity.org.au/node/apni/2896024","Cyperus mirus","C.B.Clarke","species","Plantae","Charophyta","Equisetopsida","Poales","Cyperaceae","Cyperus","","1","","","","","","","","","","","","","","",""
"https://id.biodiversity.org.au/node/apni/2896073","Eucalyptus canaliculata","Maiden","species","Plantae","Charophyta","Equisetopsida","Myrtales","Myrtaceae","Eucalyptus","Large-fruited Grey Gum","1","","","","","Critically Endangered","","","Rare, Near Threatened","","Poorly-known species","Poorly-known species","","","",""
"https://id.biodiversity.org.au/node/apni/2896076","Entolasia whiteana","C.E.Hubb.","species","Plantae","Charophyta","Equisetopsida","Poales","Poaceae","Entolasia","","1","","","","","","","","","","","","","","",""
"https://id.biodiversity.org.au/node/apni/2896079","Dysphania carinata","(R.Br.) Mosyakin & Clemants","species","Plantae","Charophyta","Equisetopsida","Caryophyllales","Chenopodiaceae","Dysphania","Crested Goosefoot","1","","","","","Vulnerable","","","","","","","","","",""
"https://id.biodiversity.org.au/node/apni/2896202","Hakea propinqua","A.Cunn.","species","Plantae","Charophyta","Equisetopsida","Proteales","Proteaceae","Hakea","Needle Bush","1","","","","","","","","","","","","","","",""
"https://id.biodiversity.org.au/node/apni/2896237","Potentilla indica","(Andrews) Th.Wolf","species","Plantae","Charophyta","Equisetopsida","Rosales","Rosaceae","Potentilla","Indian Strawberry","1","","","","","","","","","","","","","","",""
"https://id.biodiversity.org.au/node/apni/2896258","Agrostis capillaris","L.","species","Plantae","Charophyta","Equisetopsida","Poales","Poaceae","Agrostis","Brown-top Bent","1","","","","","","","","","","","","","","",""
"https://id.biodiversity.org.au/node/apni/2896456","Russelia equisetiformis","Schltdl. & Cham.","species","Plantae","Charophyta","Equisetopsida","Lamiales","Plantaginaceae","Russelia","Coral Bush","1","","","","","","","","","","","","","","",""
"https://id.biodiversity.org.au/node/apni/2896489","Daviesia squarrosa","Sm.","species","Plantae","Charophyta","Equisetopsida","Fabales","Fabaceae","Daviesia","","1","","","","","","","","","","","","","","",""
"https://id.biodiversity.org.au/node/apni/2896623","Oenothera glazioviana","Micheli","species","Plantae","Charophyta","Equisetopsida","Myrtales","Onagraceae","Oenothera","Reddish Evening-primrose","1","","","","","","","","","","","","","","",""
"https://id.biodiversity.org.au/node/apni/2896784","Dichelachne sieberiana","Trin. & Rupr.","species","Plantae","Charophyta","Equisetopsida","Poales","Poaceae","Dichelachne","Rough Plume-grass","1","","","","","","","","","","","","","","",""
"https://id.biodiversity.org.au/node/apni/2896906","Leptospermum scoparium","J.R.Forst. & G.Forst.","species","Plantae","Charophyta","Equisetopsida","Myrtales","Myrtaceae","Leptospermum","Manuka","1","","","","","","","","","","","","","","",""
"https://id.biodiversity.org.au/node/apni/2897023","Diplotaxis tenuifolia","(L.) DC.","species","Plantae","Charophyta","Equisetopsida","Brassicales","Brassicaceae","Diplotaxis","Sand Rocket","1","","","","","","","","","","","","","","",""
"https://id.biodiversity.org.au/node/apni/2897041","Spergularia levis","Cambess.","species","Plantae","Charophyta","Equisetopsida","Caryophyllales","Caryophyllaceae","Spergularia","","1","","","","","","","","","","","","","","",""
"https://id.biodiversity.org.au/node/apni/2897249","Calotis cuneata","(Benth.) G.L.Davis","species","Plantae","Charophyta","Equisetopsida","Asterales","Asteraceae","Calotis","Mountain Burr-daisy","1","","","","","","","","","","","","","","",""
"https://id.biodiversity.org.au/node/apni/2897276","Physalis peruviana","L.","species","Plantae","Charophyta","Equisetopsida","Solanales","Solanaceae","Physalis","Cape Gooseberry","1","","","","","","","","","","","","","","",""
"https://id.biodiversity.org.au/node/apni/2897333","Spergula arvensis","L.","species","Plantae","Charophyta","Equisetopsida","Caryophyllales","Caryophyllaceae","Spergula","Corn Spurrey","1","","","","","","","","","","","","","","",""
"https://id.biodiversity.org.au/node/apni/2897424","Rosa bracteata","J.C.Wendl.","species","Plantae","Charophyta","Equisetopsida","Rosales","Rosaceae","Rosa","Macartney Rose","1","","","","","","","","","","","","","","",""
"https://id.biodiversity.org.au/node/apni/2897584","Adansonia gregorii","F.Muell.","species","Plantae","Charophyta","Equisetopsida","Malvales","Malvaceae","Adansonia","Boab","1","","","","","","","","","","","","","","",""
"https://id.biodiversity.org.au/node/apni/2897646","Correa baeuerlenii","F.Muell.","species","Plantae","Charophyta","Equisetopsida","Sapindales","Rutaceae","Correa","Chef's Cap","1","","","","Vulnerable","","","Vulnerable","","","","","","","",""
"https://id.biodiversity.org.au/node/apni/2897740","Tephrosia grandiflora","(L'Hér.) Pers.","species","Plantae","Charophyta","Equisetopsida","Fabales","Fabaceae","Tephrosia","","1","","","","","","","","","","","","","","",""
"https://id.biodiversity.org.au/node/apni/2898094","Dactyloctenium aegyptium","(L.) Willd.","species","Plantae","Charophyta","Equisetopsida","Poales","Poaceae","Dactyloctenium","Coast Button Grass","1","","","","","","","","","","","","","","",""
"https://id.biodiversity.org.au/node/apni/2898175","Cryptandra ericoides","Sm.","species","Plantae","Charophyta","Equisetopsida","Rosales","Rhamnaceae","Cryptandra","Heathy Cryptandra","1","","","","","Critically Endangered","","","","","","","","","",""
"https://id.biodiversity.org.au/node/apni/2898250","Senecio tenuiflorus","(DC.) Sieber ex Sch.Bip.","species","Plantae","Charophyta","Equisetopsida","Asterales","Asteraceae","Senecio","Slender Fireweed","1","","","","","","","","","","","","","","",""
"https://id.biodiversity.org.au/node/apni/2898586","Cassytha phaeolasia","(F.Muell.) Benth.","species","Plantae","Charophyta","Equisetopsida","Laurales","Lauraceae","Cassytha","Rusty Dodder-laurel","1","","","","","","","","","","","","","","",""
"https://id.biodiversity.org.au/node/apni/2898995","Isolepis marginata","(Thunb.) A.Dietr.","species","Plantae","Charophyta","Equisetopsida","Poales","Cyperaceae","Isolepis","Little Club-rush","1","","","","","","","","","","","","","","",""
"https://id.biodiversity.org.au/node/apni/2899034","Abutilon theophrasti","Medik.","species","Plantae","Charophyta","Equisetopsida","Malvales","Malvaceae","Abutilon","Chingma Lantern","1","","","","","","","","","","","","","","",""
"https://id.biodiversity.org.au/node/apni/2899120","Digitaria eriantha","Steud.","species","Plantae","Charophyta","Equisetopsida","Poales","Poaceae","Digitaria","Finger Panic Grass","1","","","","","","","","","","","","","","",""
"https://id.biodiversity.org.au/node/apni/2899180","Mirbelia baueri","(Benth.) Joy Thomps.","species","Plantae","Charophyta","Equisetopsida","Fabales","Fabaceae","Mirbelia","","1","","","","","","","","","","","","","","",""
"https://id.biodiversity.org.au/node/apni/2899613","Galium liratum","N.A.Wakef.","species","Plantae","Charophyta","Equisetopsida","Gentianales","Rubiaceae","Galium","Furrowed Bedstraw","1","","","","","","","","","","","","","","",""
"https://id.biodiversity.org.au/node/apni/2899619","Leonotis leonurus","(L.) R.Br.","species","Plantae","Charophyta","Equisetopsida","Lamiales","Lamiaceae","Leonotis","Lion's Ear","1","","","","","","","","","","","","","","",""
"https://id.biodiversity.org.au/node/apni/2899764","Amphibromus neesii","Steud.","species","Plantae","Charophyta","Equisetopsida","Poales","Poaceae","Amphibromus","Southern Swamp Wallaby-grass","1","","Near Threatened","","","","","","","","","","","","",""
"https://id.biodiversity.org.au/node/apni/2899774","Najas tenuifolia","R.Br.","species","Plantae","Charophyta","Equisetopsida","Alismatales","Hydrocharitaceae","Najas","Thin-leaved Naiad","1","Endangered","","","","Endangered","","","","","","","","","",""
"https://id.biodiversity.org.au/node/apni/2899897","Conium maculatum","L.","species","Plantae","Charophyta","Equisetopsida","Apiales","Apiaceae","Conium","Hemlock","1","","","","","","","","","","","","","","",""
"https://id.biodiversity.org.au/node/apni/2899957","Cassinia ochracea","Orchard","species","Plantae","Charophyta","Equisetopsida","Asterales","Asteraceae","Cassinia","","1","","","","","","","","","","","","","","",""
"https://id.biodiversity.org.au/node/apni/2900144","Paspalidium breviflorum","Vickery","species","Plantae","Charophyta","Equisetopsida","Poales","Poaceae","Paspalidium","","1","","","","","","","","","","","","","","",""
"https://id.biodiversity.org.au/node/apni/2900402","Darwinia fascicularis","Rudge","species","Plantae","Charophyta","Equisetopsida","Myrtales","Myrtaceae","Darwinia","","1","","","","","","","","","","","","","","",""
"https://id.biodiversity.org.au/node/apni/2900606","Juncus remotiflorus","L.A.S.Johnson","species","Plantae","Charophyta","Equisetopsida","Poales","Juncaceae","Juncus","Diffuse Rush","1","","","","","","","","","","","","","","",""
"https://id.biodiversity.org.au/node/apni/2900638","Gompholobium inconspicuum","Crisp","species","Plantae","Charophyta","Equisetopsida","Fabales","Fabaceae","Gompholobium","Creeping Wedge-pea","1","","","","","Endangered","","","","","","","","","",""
"https://id.biodiversity.org.au/node/apni/2900640","Eucalyptus squamosa","H.Deane & Maiden","species","Plantae","Charophyta","Equisetopsida","Myrtales","Myrtaceae","Eucalyptus","Scaly Bark","1","","","","","Critically Endangered","","","Rare, Near Threatened","","Poorly-known species","Poorly-known species","","","",""
"https://id.biodiversity.org.au/node/apni/2900660","Nicotiana tabacum","L.","species","Plantae","Charophyta","Equisetopsida","Solanales","Solanaceae","Nicotiana","Tobacco","1","","","","","","","","","","","","","","",""
"https://id.biodiversity.org.au/node/apni/2900700","Digitaria diffusa","Vickery","species","Plantae","Charophyta","Equisetopsida","Poales","Poaceae","Digitaria","Open Summer-grass","1","","","","","Endangered","","","","","","","","","",""
"https://id.biodiversity.org.au/node/apni/2900728","Asterolasia correifolia","(A.Juss.) Benth.","species","Plantae","Charophyta","Equisetopsida","Sapindales","Rutaceae","Asterolasia","","1","","","","","","","","","","","","","","",""
"https://id.biodiversity.org.au/node/apni/2900742","Notelaea johnsonii","P.S.Green","species","Plantae","Charophyta","Equisetopsida","Lamiales","Oleaceae","Notelaea","Veinless Mock-olive","1","","","","","","","","","","","","","","",""
"https://id.biodiversity.org.au/node/apni/2900995","Egeria densa","Planch.","species","Plantae","Charophyta","Equisetopsida","Alismatales","Hydrocharitaceae","Egeria","Dense Waterweed","1","","","","","","","","","","","","","","",""
"https://id.biodiversity.org.au/node/apni/2901200","Acacia schinoides","Benth.","species","Plantae","Charophyta","Equisetopsida","Fabales","Fabaceae","Acacia","Green Cedar Wattle","1","","","","","","","","","","","","","","",""
"https://id.biodiversity.org.au/node/apni/2901664","Nymphoides crenata","(F.Muell.) Kuntze","species","Plantae","Charophyta","Equisetopsida","Asterales","Menyanthaceae","Nymphoides","Wavy Marshwort","1","Rare","","","","Endangered","","","","","","","","","",""
"https://id.biodiversity.org.au/node/apni/2901963","Eleocharis minuta","Boeckeler","species","Plantae","Charophyta","Equisetopsida","Poales","Cyperaceae","Eleocharis","Variable Spike-sedge","1","","","","","","","","","","","","","","",""
"https://id.biodiversity.org.au/node/apni/2902057","Crassula helmsii","(Kirk) Cockayne","species","Plantae","Charophyta","Equisetopsida","Saxifragales","Crassulaceae","Crassula","Swamp Stonecrop","1","","","","","","","","","","","","","","",""
"https://id.biodiversity.org.au/node/apni/2902086","Avena sativa","L.","species","Plantae","Charophyta","Equisetopsida","Poales","Poaceae","Avena","Oats","1","","","","","","","","","","","","","","",""
"https://id.biodiversity.org.au/node/apni/2902131","Paspalum notatum","Flüggé","species","Plantae","Charophyta","Equisetopsida","Poales","Poaceae","Paspalum","Bahia Grass","1","","","","","","","","","","","","","","",""
"https://id.biodiversity.org.au/node/apni/2902239","Schoenus moorei","Benth.","species","Plantae","Charophyta","Equisetopsida","Poales","Cyperaceae","Schoenus","","1","","","","","","","","","","","","","","",""
"https://id.biodiversity.org.au/node/apni/2902330","Geranium molle","L.","species","Plantae","Charophyta","Equisetopsida","Geraniales","Geraniaceae","Geranium","Dove's Foot","1","","","","","","","","","","","","","","",""
"https://id.biodiversity.org.au/node/apni/2902404","Antigonon leptopus","Hook. & Arn.","species","Plantae","Charophyta","Equisetopsida","Caryophyllales","Polygonaceae","Antigonon","Antigonon","1","","","","","","","","","","","","","","",""
"https://id.biodiversity.org.au/node/apni/2902524","Eucalyptus mannifera","Mudie","species","Plantae","Charophyta","Equisetopsida","Myrtales","Myrtaceae","Eucalyptus","Brittle Gum","1","","","","","Critically Endangered","","","Rare, Near Threatened","","Poorly-known species","Poorly-known species","","","",""
"https://id.biodiversity.org.au/node/apni/2902598","Aristea ecklonii","Baker","species","Plantae","Charophyta","Equisetopsida","Asparagales","Iridaceae","Aristea","Blue Stars","1","","","","","","","","","","","","","","",""
"https://id.biodiversity.org.au/node/apni/2902868","Hibiscus mutabilis","L.","species","Plantae","Charophyta","Equisetopsida","Malvales","Malvaceae","Hibiscus","","1","","","","","","","","","","","","","","",""
"https://id.biodiversity.org.au/node/apni/2902959","Paspalidium caespitosum","C.E.Hubb.","species","Plantae","Charophyta","Equisetopsida","Poales","Poaceae","Paspalidium","Brigalow Grass","1","","","","","","","","","","","","","","",""
"https://id.biodiversity.org.au/node/apni/2902980","Oxalis chnoodes","Lourteig","species","Plantae","Charophyta","Equisetopsida","Oxalidales","Oxalidaceae","Oxalis","Downy Wood-sorrel","1","","","","","","","","","","","","","","",""
"https://id.biodiversity.org.au/node/apni/2903021","Acacia saliciformis","Tindale","species","Plantae","Charophyta","Equisetopsida","Fabales","Fabaceae","Acacia","","1","","","","","","","","","","","","","","",""
"https://id.biodiversity.org.au/node/apni/2903062","Euphorbia lathyris","L.","species","Plantae","Charophyta","Equisetopsida","Malpighiales","Euphorbiaceae","Euphorbia","Caper Spurge","1","","","","","","","","","","","","","","",""
"https://id.biodiversity.org.au/node/apni/2903181","Enteropogon acicularis","(Lindl.) Lazarides","species","Plantae","Charophyta","Equisetopsida","Poales","Poaceae","Enteropogon","Spider Grass","1","","","","","","","","","","","","","","",""
"https://id.biodiversity.org.au/node/apni/2903267","Vittadinia gracilis","(Hook.f.) N.T.Burb.","species","Plantae","Charophyta","Equisetopsida","Asterales","Asteraceae","Vittadinia","Woolly New Holland Daisy","1","","Near Threatened","","","","","","","","","","","","",""
"https://id.biodiversity.org.au/node/apni/2903361","Utricularia lateriflora","R.Br.","species","Plantae","Charophyta","Equisetopsida","Lamiales","Lentibulariaceae","Utricularia","Small Bladderwort","1","Vulnerable","","","","","","","","","","","","","",""
"https://id.biodiversity.org.au/node/apni/2903399","Lupinus cosentinii","Guss.","species","Plantae","Charophyta","Equisetopsida","Fabales","Fabaceae","Lupinus","Sandplain Lupin","1","","","","","","","","","","","","","","",""
"https://id.biodiversity.org.au/node/apni/2903424","Paspalum vaginatum","Sw.","species","Plantae","Charophyta","Equisetopsida","Poales","Poaceae","Paspalum","Water Couch","1","","","","","","","","","","","","","","",""
"https://id.biodiversity.org.au/node/apni/2903516","Bromus brevis","Nees ex Steud.","species","Plantae","Charophyta","Equisetopsida","Poales","Poaceae","Bromus","","1","","","","","","","","","","","","","","",""
"https://id.biodiversity.org.au/node/apni/2903774","Schoenus nitens","(R.Br.) Poir.","species","Plantae","Charophyta","Equisetopsida","Poales","Cyperaceae","Schoenus","Shiny Bogrush","1","","","","","","","","","","","","","","",""
"https://id.biodiversity.org.au/node/apni/2904052","Gladiolus dalenii","Van Geel","species","Plantae","Charophyta","Equisetopsida","Asparagales","Iridaceae","Gladiolus","Natal Lily","1","","","","","","","","","","","","","","",""
"https://id.biodiversity.org.au/node/apni/2904236","Swainsona galegifolia","(Andrews) R.Br.","species","Plantae","Charophyta","Equisetopsida","Fabales","Fabaceae","Swainsona","Smooth Darling Pea","1","","","","","Critically Endangered","","","","","","","","","",""
"https://id.biodiversity.org.au/node/apni/2904320","Chorizema parviflorum","Benth.","species","Plantae","Charophyta","Equisetopsida","Fabales","Fabaceae","Chorizema","Eastern Flame Pea","1","","","","","","","","","","","","","","",""
"https://id.biodiversity.org.au/node/apni/2904381","Calandrinia pickeringii","A.Gray","species","Plantae","Charophyta","Equisetopsida","Caryophyllales","Portulacaceae","Calandrinia","","1","","","","","","","","","","","","","","",""
"https://id.biodiversity.org.au/node/apni/2904543","Galium leiocarpum","I.Thomps.","species","Plantae","Charophyta","Equisetopsida","Gentianales","Rubiaceae","Galium","Maori Bedstraw","1","","","","","","","","","","","","","","",""
"https://id.biodiversity.org.au/node/apni/2904621","Vicia faba","L.","species","Plantae","Charophyta","Equisetopsida","Fabales","Fabaceae","Vicia","Broad Bean","1","","","","","","","","","","","","","","",""
"https://id.biodiversity.org.au/node/apni/2904624","Sida corrugata","Lindl.","species","Plantae","Charophyta","Equisetopsida","Malvales","Malvaceae","Sida","Corrugated Sida","1","","","","","","","","","","","","","","",""
"https://id.biodiversity.org.au/node/apni/2904955","Bromus rubens","L.","species","Plantae","Charophyta","Equisetopsida","Poales","Poaceae","Bromus","Red Brome","1","","","","","","","","","","","","","","",""
"https://id.biodiversity.org.au/node/apni/2904959","Ficus carica","L.","species","Plantae","Charophyta","Equisetopsida","Rosales","Moraceae","Ficus","Edible Fig","1","","","","","","","","","","","","","","",""
"https://id.biodiversity.org.au/node/apni/2904997","Juncus bufonius","L.","species","Plantae","Charophyta","Equisetopsida","Poales","Juncaceae","Juncus","Toad Rush","1","","","","","","","","","","","","","","",""
"https://id.biodiversity.org.au/node/apni/2905033","Trifolium subterraneum","L.","species","Plantae","Charophyta","Equisetopsida","Fabales","Fabaceae","Trifolium","Subterranean Clover","1","","","","","","","","","","","","","","",""
"https://id.biodiversity.org.au/node/apni/2905156","Poranthera ericifolia","Rudge","species","Plantae","Charophyta","Equisetopsida","Malpighiales","Phyllanthaceae","Poranthera","","1","","","","","","","","","","","","","","",""
"https://id.biodiversity.org.au/node/apni/2905420","Phaseolus vulgaris","L.","species","Plantae","Charophyta","Equisetopsida","Fabales","Fabaceae","Phaseolus","French Bean","1","","","","","","","","","","","","","","",""
"https://id.biodiversity.org.au/node/apni/2905574","Utricularia uliginosa","Vahl","species","Plantae","Charophyta","Equisetopsida","Lamiales","Lentibulariaceae","Utricularia","Asian Bladderwort","1","","","","","","","","","","","","","","",""
"https://id.biodiversity.org.au/node/apni/2905663","Palmeria scandens","F.Muell.","species","Plantae","Charophyta","Equisetopsida","Laurales","Monimiaceae","Palmeria","Anchor Vine","1","","","","","","","","","","","","","","",""
"https://id.biodiversity.org.au/node/apni/2905777","Acacia burkittii","F.Muell. ex Benth.","species","Plantae","Charophyta","Equisetopsida","Fabales","Fabaceae","Acacia","Sandhill Wattle","1","","","","","","","","","","","","","","",""
"https://id.biodiversity.org.au/node/apni/2905852","Araucaria bidwillii","Hook.","species","Plantae","Charophyta","Equisetopsida","Pinales","Araucariaceae","Araucaria","Bunya Pine","1","","","","","","","","","","","","","","",""
"https://id.biodiversity.org.au/node/apni/2906286","Malva nicaeensis","All.","species","Plantae","Charophyta","Equisetopsida","Malvales","Malvaceae","Malva","Mallow Of Nice","1","","","","","","","","","","","","","","",""
"https://id.biodiversity.org.au/node/apni/2906332","Diospyros kaki","Thunb.","species","Plantae","Charophyta","Equisetopsida","Ericales","Ebenaceae","Diospyros","Persimmon","1","","","","","","","","","","","","","","",""
"https://id.biodiversity.org.au/node/apni/2906360","Juniperus chinensis","L.","species","Plantae","Charophyta","Equisetopsida","Pinales","Cupressaceae","Juniperus","","1","","","","","","","","","","","","","","",""
"https://id.biodiversity.org.au/node/apni/2906381","Ipomoea batatas","(L.) Lam.","species","Plantae","Charophyta","Equisetopsida","Solanales","Convolvulaceae","Ipomoea","Sweet Potato","1","","","","","","","","","","","","","","",""
"https://id.biodiversity.org.au/node/apni/2906502","Ptilotus seminudus","(J.M.Black) J.M.Black","species","Plantae","Charophyta","Equisetopsida","Caryophyllales","Amaranthaceae","Ptilotus","Rabbit-tails","1","","","","","","","","","Poorly-known species","","","","","",""
"https://id.biodiversity.org.au/node/apni/2906573","Cyperus aggregatus","(Willd.) Endl.","species","Plantae","Charophyta","Equisetopsida","Poales","Cyperaceae","Cyperus","","1","","","","","","","","","","","","","","",""
"https://id.biodiversity.org.au/node/apni/2906641","Pinus radiata","D.Don","species","Plantae","Charophyta","Equisetopsida","Pinales","Pinaceae","Pinus","Radiata Pine","1","","","","","","","","","","","","","","",""
"https://id.biodiversity.org.au/node/apni/2906655","Solanum betaceum","Cav.","species","Plantae","Charophyta","Equisetopsida","Solanales","Solanaceae","Solanum","Tamarillo","1","","","","","","","","","","","","","","",""
"https://id.biodiversity.org.au/node/apni/2906890","Setaria italica","(L.) P.Beauv.","species","Plantae","Charophyta","Equisetopsida","Poales","Poaceae","Setaria","Setaria","1","","","","","","","","","","","","","","",""
"https://id.biodiversity.org.au/node/apni/2906911","Euphorbia paralias","L.","species","Plantae","Charophyta","Equisetopsida","Malpighiales","Euphorbiaceae","Euphorbia","Sea Spurge","1","","","","","","","","","","","","","","",""
"https://id.biodiversity.org.au/node/apni/2907055","Medicago truncatula","Gaertn.","species","Plantae","Charophyta","Equisetopsida","Fabales","Fabaceae","Medicago","Barrel Medic","1","","","","","","","","","","","","","","",""
"https://id.biodiversity.org.au/node/apni/2907093","Ranunculus muricatus","L.","species","Plantae","Charophyta","Equisetopsida","Ranunculales","Ranunculaceae","Ranunculus","Pricklefruit Buttercup","1","","","","","","","","","","","","","","",""
"https://id.biodiversity.org.au/node/apni/2907256","Paspalidium gracile","(R.Br.) Hughes","species","Plantae","Charophyta","Equisetopsida","Poales","Poaceae","Paspalidium","Paspalidium","1","","","","","Vulnerable","","","","","","","","","",""
"https://id.biodiversity.org.au/node/apni/2907340","Galium tricornutum","Dandy","species","Plantae","Charophyta","Equisetopsida","Gentianales","Rubiaceae","Galium","Three-horned Bedstraw","1","","","","","","","","","","","","","","",""
"https://id.biodiversity.org.au/node/apni/2907484","Westringia eremicola","A.Cunn. ex Benth.","species","Plantae","Charophyta","Equisetopsida","Lamiales","Lamiaceae","Westringia","Slender Westringia","1","","","","","","","","","","","","","","",""
"https://id.biodiversity.org.au/node/apni/2907494","Silene nocturna","L.","species","Plantae","Charophyta","Equisetopsida","Caryophyllales","Caryophyllaceae","Silene","Mediterranean Catchfly","1","","","","","","","","","","","","","","",""
"https://id.biodiversity.org.au/node/apni/2907629","Crassula sarmentosa","Harv.","species","Plantae","Charophyta","Equisetopsida","Saxifragales","Crassulaceae","Crassula","","1","","","","","","","","","","","","","","",""
"https://id.biodiversity.org.au/node/apni/2907787","Potamogeton crispus","L.","species","Plantae","Charophyta","Equisetopsida","Alismatales","Potamogetonaceae","Potamogeton","Curly Pondweed","1","","","","","","","","","","","","","","",""
"https://id.biodiversity.org.au/node/apni/2907880","Stackhousia nuda","Lindl.","species","Plantae","Charophyta","Equisetopsida","Celastrales","Celastraceae","Stackhousia","Wiry Stackhousia","1","","","","","Vulnerable","","","","","","","","","",""
"https://id.biodiversity.org.au/node/apni/2908039","Gelsemium sempervirens","(L.) J.St.-Hil.","species","Plantae","Charophyta","Equisetopsida","Gentianales","Gelsemiaceae","Gelsemium","Yellow Jessamine","1","","","","","","","","","","","","","","",""
"https://id.biodiversity.org.au/node/apni/2908116","Leptospermum juniperinum","Sm.","species","Plantae","Charophyta","Equisetopsida","Myrtales","Myrtaceae","Leptospermum","Prickly Tea-tree","1","","","","","","","","","","","","","","",""
"https://id.biodiversity.org.au/node/apni/2908506","Hedychium coronarium","J.Koenig","species","Plantae","Charophyta","Equisetopsida","Zingiberales","Zingiberaceae","Hedychium","White Ginger","1","","","","","","","","","","","","","","",""
"https://id.biodiversity.org.au/node/apni/2908519","Urena lobata","L.","species","Plantae","Charophyta","Equisetopsida","Malvales","Malvaceae","Urena","Urena Weed","1","","","","","","","","","","","","","","",""
"https://id.biodiversity.org.au/node/apni/2908552","Schizomeria ovata","D.Don","species","Plantae","Charophyta","Equisetopsida","Oxalidales","Cunoniaceae","Schizomeria","White Cherry","1","","","","","","","","","","","","","","",""
"https://id.biodiversity.org.au/node/apni/2908757","Euphorbia tirucalli","L.","species","Plantae","Charophyta","Equisetopsida","Malpighiales","Euphorbiaceae","Euphorbia","Naked Lady","1","","","","","","","","","","","","","","",""
"https://id.biodiversity.org.au/node/apni/2909216","Phoenix reclinata","Jacq.","species","Plantae","Charophyta","Equisetopsida","Arecales","Arecaceae","Phoenix","Reclining Date Palm","1","","","","","","","","","","","","","","",""
"https://id.biodiversity.org.au/node/apni/2909437","Medicago minima","(L.) L. ex Bartal.","species","Plantae","Charophyta","Equisetopsida","Fabales","Fabaceae","Medicago","Medicago","1","","","","","","","","","","","","","","",""
"https://id.biodiversity.org.au/node/apni/2909605","Gratiola pedunculata","R.Br.","species","Plantae","Charophyta","Equisetopsida","Lamiales","Plantaginaceae","Gratiola","Stalked Brooklime","1","Rare","","","","","","","","","Poorly-known species","","","","",""
"https://id.biodiversity.org.au/node/apni/2909648","Sporadanthus gracilis","(R.Br.) B.G.Briggs & L.A.S.Johnson","species","Plantae","Charophyta","Equisetopsida","Poales","Restionaceae","Sporadanthus","","1","","","","","","","","","","","","","","",""
"https://id.biodiversity.org.au/node/apni/2909691","Cyperus enervis","R.Br.","species","Plantae","Charophyta","Equisetopsida","Poales","Cyperaceae","Cyperus","","1","","","","","","","","","","","","","","",""
"https://id.biodiversity.org.au/node/apni/2909696","Azolla pinnata","R.Br.","species","Plantae","Charophyta","Equisetopsida","Salviniales","Salviniaceae","Azolla","Ferny Azolla","1","","","","","","","","","","","","","","",""
"https://id.biodiversity.org.au/node/apni/2909748","Boronia anemonifolia","A.Cunn.","species","Plantae","Charophyta","Equisetopsida","Sapindales","Rutaceae","Boronia","Sticky Boronia","1","","","","","","","","","","","","","","",""
"https://id.biodiversity.org.au/node/apni/2909780","Hibbertia linearis","R.Br. ex DC.","species","Plantae","Charophyta","Equisetopsida","","Dilleniaceae","Hibbertia","","1","","","","","","","","","","","","","","",""
"https://id.biodiversity.org.au/node/apni/2909815","Cassinia denticulata","R.Br.","species","Plantae","Charophyta","Equisetopsida","Asterales","Asteraceae","Cassinia","","1","","","","","","","","","","","","","","",""
"https://id.biodiversity.org.au/node/apni/2909875","Rhytidosporum procumbens","(Hook.) F.Muell.","species","Plantae","Charophyta","Equisetopsida","Apiales","Pittosporaceae","Rhytidosporum","White Rhytidosporum","1","Rare","","","","","","","","","","","","","",""
"https://id.biodiversity.org.au/node/apni/2910010","Bacopa monnieri","(L.) Wettst.","species","Plantae","Charophyta","Equisetopsida","Lamiales","Plantaginaceae","Bacopa","Water Hyssop","1","","","","","","","","","","","","","","",""
"https://id.biodiversity.org.au/node/apni/2910288","Pultenaea mollis","Lindl.","species","Plantae","Charophyta","Equisetopsida","Fabales","Fabaceae","Pultenaea","Soft Bush-pea","1","","Vulnerable","","","","","","","","","","","","",""
"https://id.biodiversity.org.au/node/apni/2910312","Brachyscome graminea","(Labill.) F.Muell.","species","Plantae","Charophyta","Equisetopsida","Asterales","Asteraceae","Brachyscome","Grass Daisy","1","Rare","","","","","","","","","","","","","",""
"https://id.biodiversity.org.au/node/apni/2910343","Cyperus reflexus","Vahl","species","Plantae","Charophyta","Equisetopsida","Poales","Cyperaceae","Cyperus","Flat-sedge","1","","","","","","","","","","","","","","",""
"https://id.biodiversity.org.au/node/apni/2910497","Phalaris aquatica","L.","species","Plantae","Charophyta","Equisetopsida","Poales","Poaceae","Phalaris","Phalaris","1","","","","","","","","","","","","","","",""
"https://id.biodiversity.org.au/node/apni/2910518","Juncus vaginatus","R.Br.","species","Plantae","Charophyta","Equisetopsida","Poales","Juncaceae","Juncus","Clustered Rush","1","","Near Threatened","","","","","","","","","","","","",""
"https://id.biodiversity.org.au/node/apni/2910565","Physalis angulata","L.","species","Plantae","Charophyta","Equisetopsida","Solanales","Solanaceae","Physalis","Wild Gooseberry","1","","","","","","","","","","","","","","",""
"https://id.biodiversity.org.au/node/apni/2910597","Nelumbo nucifera","Gaertn.","species","Plantae","Charophyta","Equisetopsida","Proteales","Nelumbonaceae","Nelumbo","Lotus","1","","","","","","","","","","","","","","",""
"https://id.biodiversity.org.au/node/apni/2910980","Lomandra micrantha","(Endl.) Ewart","species","Plantae","Charophyta","Equisetopsida","Asparagales","Asparagaceae","Lomandra","Small-flower Mat-rush","1","","","","","","","","","","","","","","",""
"https://id.biodiversity.org.au/node/apni/2911104","Boronia barkeriana","F.Muell.","species","Plantae","Charophyta","Equisetopsida","Sapindales","Rutaceae","Boronia","Barker's Boronia","1","","","","","","","","","","","","","","",""
"https://id.biodiversity.org.au/node/apni/2911110","Pelargonium australe","Willd.","species","Plantae","Charophyta","Equisetopsida","Geraniales","Geraniaceae","Pelargonium","Austral Stork's-bill","1","","","","","","","","","","","","","","",""
"https://id.biodiversity.org.au/node/apni/2911214","Senna didymobotrya","(Fresen.) H.S.Irwin & Barneby","species","Plantae","Charophyta","Equisetopsida","Fabales","Fabaceae","Senna","Popcorn Bush","1","","","","","","","","","","","","","","",""
"https://id.biodiversity.org.au/node/apni/2911670","Eucalyptus alligatrix","L.A.S.Johnson & K.D.Hill","species","Plantae","Charophyta","Equisetopsida","Myrtales","Myrtaceae","Eucalyptus","Silver Stringybark","1","","","","","Critically Endangered","","","Rare, Near Threatened","","Poorly-known species","Poorly-known species","","","",""
"https://id.biodiversity.org.au/node/apni/2911683","Lobularia maritima","(L.) Desv.","species","Plantae","Charophyta","Equisetopsida","Brassicales","Brassicaceae","Lobularia","Sweet Alyssum","1","","","","","","","","","","","","","","",""
"https://id.biodiversity.org.au/node/apni/2911700","Coronidium telfordii","Paul G.Wilson","species","Plantae","Charophyta","Equisetopsida","Asterales","Asteraceae","Coronidium","","1","","","","","","","","","","","","","","",""
"https://id.biodiversity.org.au/node/apni/2911813","Cymbonotus lawsonianus","Gaudich.","species","Plantae","Charophyta","Equisetopsida","Asterales","Asteraceae","Cymbonotus","Bear's Ear","1","","","","","Endangered","","","","","","","","","",""
"https://id.biodiversity.org.au/node/apni/2911897","Pinus patula","Schiede ex Schltdl. & Cham.","species","Plantae","Charophyta","Equisetopsida","Pinales","Pinaceae","Pinus","Patula Pine","1","","","","","","","","","","","","","","",""
"https://id.biodiversity.org.au/node/apni/2912087","Anethum graveolens","L.","species","Plantae","Charophyta","Equisetopsida","Apiales","Apiaceae","Anethum","Dill","1","","","","","","","","","","","","","","",""
"https://id.biodiversity.org.au/node/apni/2912097","Pistacia chinensis","Bunge","species","Plantae","Charophyta","Equisetopsida","Sapindales","Anacardiaceae","Pistacia","Chinese Pistachio","1","","","","","","","","","","","","","","",""
"https://id.biodiversity.org.au/node/apni/2912206","Dietes iridioides","(L.) Sweet ex Klatt","species","Plantae","Charophyta","Equisetopsida","Asparagales","Iridaceae","Dietes","Fortnight Lily","1","","","","","","","","","","","","","","",""
"https://id.biodiversity.org.au/node/apni/2912277","Pyrus calleryana","Decne.","species","Plantae","Charophyta","Equisetopsida","Rosales","Rosaceae","Pyrus","Callery Pear","1","","","","","","","","","","","","","","",""
"https://id.biodiversity.org.au/node/apni/2912370","Dichelachne inaequiglumis","(Hack. ex Cheeseman) Edgar & Connor","species","Plantae","Charophyta","Equisetopsida","Poales","Poaceae","Dichelachne","Loose Plume-grass","1","","","","","","","","","","","","","","",""
"https://id.biodiversity.org.au/node/apni/2912595","Hypolaena fastigiata","R.Br.","species","Plantae","Charophyta","Equisetopsida","Poales","Restionaceae","Hypolaena","Tassel Rope Rush","1","","","","","","","","","","","","","","",""
"https://id.biodiversity.org.au/node/apni/2912670","Amaranthus powellii","S.Watson","species","Plantae","Charophyta","Equisetopsida","Caryophyllales","Amaranthaceae","Amaranthus","Powell's Amaranth","1","","","","","","","","","","","","","","",""
"https://id.biodiversity.org.au/node/apni/2912735","Plantago myosuros","Lam.","species","Plantae","Charophyta","Equisetopsida","Lamiales","Plantaginaceae","Plantago","","1","","","","","","","","","","","","","","",""
"https://id.biodiversity.org.au/node/apni/2912780","Phalaris arundinacea","L.","species","Plantae","Charophyta","Equisetopsida","Poales","Poaceae","Phalaris","Reed Canary-grass","1","","","","","","","","","","","","","","",""
"https://id.biodiversity.org.au/node/apni/2912815","Grevillea concinna","R.Br.","species","Plantae","Charophyta","Equisetopsida","Proteales","Proteaceae","Grevillea","Elegant Grevillea","1","","","","","","","","","","","","","","",""
"https://id.biodiversity.org.au/node/apni/2912908","Ageratum houstonianum","Mill.","species","Plantae","Charophyta","Equisetopsida","Asterales","Asteraceae","Ageratum","Blue Billygoat Weed","1","","","","","","","","","","","","","","",""
"https://id.biodiversity.org.au/node/apni/2913199","Pelargonium x asperum","Ehrh. ex Willd.","species","Plantae","Charophyta","Equisetopsida","Geraniales","Geraniaceae","Pelargonium","Rose-oil Geranium","1","","","","","","","","","","","","","","",""
"https://id.biodiversity.org.au/node/apni/2913228","Leptospermum polyanthum","Joy Thomps.","species","Plantae","Charophyta","Equisetopsida","Myrtales","Myrtaceae","Leptospermum","","1","","","","","","","","","","","","","","",""
"https://id.biodiversity.org.au/node/apni/2913298","Eucalyptus umbra","R.T.Baker","species","Plantae","Charophyta","Equisetopsida","Myrtales","Myrtaceae","Eucalyptus","Broad-leaved White Mahogany","1","","","","","Critically Endangered","","","Rare, Near Threatened","","Poorly-known species","Poorly-known species","","","",""
"https://id.biodiversity.org.au/node/apni/2913348","Grevillea parviflora","R.Br.","species","Plantae","Charophyta","Equisetopsida","Proteales","Proteaceae","Grevillea","Small Flower Grevillea","1","","","","","","","","","","","","","","",""
"https://id.biodiversity.org.au/node/apni/2913579","Erigeron conyzoides","F.Muell.","species","Plantae","Charophyta","Equisetopsida","Asterales","Asteraceae","Erigeron","Daisy Fleabane","1","","","","","Endangered","","","","","","","","","",""
"https://id.biodiversity.org.au/node/apni/2913622","Utricularia subulata","L.","species","Plantae","Charophyta","Equisetopsida","Lamiales","Lentibulariaceae","Utricularia","Bladderwort","1","","","","","","","","","","","","","","",""
"https://id.biodiversity.org.au/node/apni/2913817","Zieria laevigata","Bonpl.","species","Plantae","Charophyta","Equisetopsida","Sapindales","Rutaceae","Zieria","Smooth Zieria","1","","","","","","","","","","","","","","",""
"https://id.biodiversity.org.au/node/apni/2913979","Pultenaea scabra","R.Br.","species","Plantae","Charophyta","Equisetopsida","Fabales","Fabaceae","Pultenaea","Rough Bush-pea","1","Rare","","","","","","","","","","","","","",""
"https://id.biodiversity.org.au/node/apni/2914124","Aristida benthamii","Henrard","species","Plantae","Charophyta","Equisetopsida","Poales","Poaceae","Aristida","Three-awned Spear Grass","1","","","","","","","","","","","","","","",""
"https://id.biodiversity.org.au/node/apni/2914644","Juncus flavidus","L.A.S.Johnson","species","Plantae","Charophyta","Equisetopsida","Poales","Juncaceae","Juncus","Yellow Rush","1","","","","","","","","","","","","","","",""
"https://id.biodiversity.org.au/node/apni/2914655","Portulaca grandiflora","Hook.","species","Plantae","Charophyta","Equisetopsida","Caryophyllales","Portulacaceae","Portulaca","","1","","","","","","","","","","","","","","",""
"https://id.biodiversity.org.au/node/apni/2914949","Philotheca obovalis","(A.Cunn.) Paul G.Wilson","species","Plantae","Charophyta","Equisetopsida","Sapindales","Rutaceae","Philotheca","","1","","","","","","","","","","","","","","",""
"https://id.biodiversity.org.au/node/apni/2915202","Dillwynia phylicoides","A.Cunn.","species","Plantae","Charophyta","Equisetopsida","Fabales","Fabaceae","Dillwynia","Small-leaf Parrot-pea","1","","","","","","","","","","","","","","",""
"https://id.biodiversity.org.au/node/apni/2915228","Geranium brevicaule","Hook.","species","Plantae","Charophyta","Equisetopsida","Geraniales","Geraniaceae","Geranium","Alpine Crane's-bill","1","","","","","Endangered","","","","","","","","","",""
"https://id.biodiversity.org.au/node/apni/2915248","Tetratheca neglecta","Joy Thomps.","species","Plantae","Charophyta","Equisetopsida","Oxalidales","Elaeocarpaceae","Tetratheca","","1","","","","","","","","","","","","","","",""
"https://id.biodiversity.org.au/node/apni/2915347","Urochloa panicoides","P.Beauv.","species","Plantae","Charophyta","Equisetopsida","Poales","Poaceae","Urochloa","Urochloa Grass","1","","","","","","","","","","","","","","",""
"https://id.biodiversity.org.au/node/apni/2915551","Dysphania glomulifera","(Nees) Paul G.Wilson","species","Plantae","Charophyta","Equisetopsida","Caryophyllales","Chenopodiaceae","Dysphania","Dysphania","1","","","","","","","","","","","","","","",""
"https://id.biodiversity.org.au/node/apni/2915590","Scaevola aemula","R.Br.","species","Plantae","Charophyta","Equisetopsida","Asterales","Goodeniaceae","Scaevola","Fairy Fanflower","1","","Endangered","","","","","","","","","","","","",""
"https://id.biodiversity.org.au/node/apni/2915599","Vittadinia pustulata","N.T.Burb.","species","Plantae","Charophyta","Equisetopsida","Asterales","Asteraceae","Vittadinia","Vittadinia","1","","","","","Critically Endangered","","","","Poorly-known species","","","","","",""
"https://id.biodiversity.org.au/node/apni/2915695","Senecio diaschides","D.G.Drury","species","Plantae","Charophyta","Equisetopsida","Asterales","Asteraceae","Senecio","Shingle Fireweed","1","","","","","Endangered","","","","","","","","","",""
"https://id.biodiversity.org.au/node/apni/2915809","Campsis x tagliabuana","(Vis.) Rehder","species","Plantae","Charophyta","Equisetopsida","Lamiales","Bignoniaceae","Campsis","Trumpet Creeper","1","","","","","","","","","","","","","","",""
"https://id.biodiversity.org.au/node/apni/2915890","Lamium amplexicaule","L.","species","Plantae","Charophyta","Equisetopsida","Lamiales","Lamiaceae","Lamium","Henbit Dead-nettle","1","","","","","","","","","","","","","","",""
"https://id.biodiversity.org.au/node/apni/2916169","Washingtonia filifera","(Linden ex André) H.Wendl.","species","Plantae","Charophyta","Equisetopsida","Arecales","Arecaceae","Washingtonia","Cotton Palm","1","","","","","","","","","","","","","","",""
"https://id.biodiversity.org.au/node/apni/2916206","Carica papaya","L.","species","Plantae","Charophyta","Equisetopsida","Brassicales","Caricaceae","Carica","Papaya","1","","","","","","","","","","","","","","",""
"https://id.biodiversity.org.au/node/apni/2916274","Opuntia tomentosa","Salm-Dyck","species","Plantae","Charophyta","Equisetopsida","Caryophyllales","Cactaceae","Opuntia","Velvet Pear","1","","","","","","","","","","","","Y","","",""
"https://id.biodiversity.org.au/node/apni/2916357","Bauhinia variegata","L.","species","Plantae","Charophyta","Equisetopsida","Fabales","Fabaceae","Bauhinia","Pink Orchid Tree","1","","","","","","","","","","","","","","",""
"https://id.biodiversity.org.au/node/apni/2916516","Eragrostis laniflora","Benth.","species","Plantae","Charophyta","Equisetopsida","Poales","Poaceae","Eragrostis","Hairy-flower Woollybutt","1","","","","","","","","","","","","","","",""
"https://id.biodiversity.org.au/node/apni/2916538","Tulbaghia violacea","Harv.","species","Plantae","Charophyta","Equisetopsida","Asparagales","Alliaceae","Tulbaghia","Society Garlic","1","","","","","","","","","","","","","","",""
"https://id.biodiversity.org.au/node/apni/2916546","Dillwynia rudis","Sieber ex DC.","species","Plantae","Charophyta","Equisetopsida","Fabales","Fabaceae","Dillwynia","","1","","","","","","","","","","","","","","",""
"https://id.biodiversity.org.au/node/apni/2916589","Ficus benjamina","L.","species","Plantae","Charophyta","Equisetopsida","Rosales","Moraceae","Ficus","Weeping Fig","1","","","","","","","","","","","","","","",""
"https://id.biodiversity.org.au/node/apni/2916614","Christella hispidula","(Decne.) Holttum","species","Plantae","Charophyta","Equisetopsida","Polypodiales","Thelypteridaceae","Christella","","1","","","","","","","","","","","","","","",""
"https://id.biodiversity.org.au/node/apni/2916668","Pultenaea stipularis","Sm.","species","Plantae","Charophyta","Equisetopsida","Fabales","Fabaceae","Pultenaea","","1","","","","","","","","","","","","","","",""
"https://id.biodiversity.org.au/node/apni/2916680","Eragrostis mexicana","(Hornem.) Link","species","Plantae","Charophyta","Equisetopsida","Poales","Poaceae","Eragrostis","Lovegrass","1","","","","","","","","","","","","","","",""
"https://id.biodiversity.org.au/node/apni/2916796","Phyllota grandiflora","Benth.","species","Plantae","Charophyta","Equisetopsida","Fabales","Fabaceae","Phyllota","Heath Phyllota","1","","","","","","","","","","","","","","",""
"https://id.biodiversity.org.au/node/apni/2916843","Todea barbara","(L.) T.Moore","species","Plantae","Charophyta","Equisetopsida","Osmundales","Osmundaceae","Todea","King Fern","1","Endangered","","","","","","","","","","","","","",""
"https://id.biodiversity.org.au/node/apni/2917194","Acalypha australis","L.","species","Plantae","Charophyta","Equisetopsida","Malpighiales","Euphorbiaceae","Acalypha","","1","","","","","","","","","","","","","","",""
"https://id.biodiversity.org.au/node/apni/2917224","Myriophyllum variifolium","Hook.f.","species","Plantae","Charophyta","Equisetopsida","Saxifragales","Haloragaceae","Myriophyllum","Varied Milfoil","1","Rare","","","","","","","","","","","","","",""
"https://id.biodiversity.org.au/node/apni/2917307","Juncus aridicola","L.A.S.Johnson","species","Plantae","Charophyta","Equisetopsida","Poales","Juncaceae","Juncus","Tussock Rush","1","","","","","","","","","","","","","","",""
"https://id.biodiversity.org.au/node/apni/2917450","Eucalyptus sieberi","L.A.S.Johnson","species","Plantae","Charophyta","Equisetopsida","Myrtales","Myrtaceae","Eucalyptus","Silvertop Ash","1","","","","","Critically Endangered","","","Rare, Near Threatened","","Poorly-known species","Poorly-known species","","","",""
"https://id.biodiversity.org.au/node/apni/2917623","Heliotropium amplexicaule","Vahl","species","Plantae","Charophyta","Equisetopsida","","Boraginaceae","Heliotropium","Blue Heliotrope","1","","","","","","","","","","","","","","",""
"https://id.biodiversity.org.au/node/apni/2917642","Hibiscus rosa-sinensis","L.","species","Plantae","Charophyta","Equisetopsida","Malvales","Malvaceae","Hibiscus","Chinese Hibiscus","1","","","","","","","","","","","","","","",""
"https://id.biodiversity.org.au/node/apni/2917747","Opuntia elatior","Mill.","species","Plantae","Charophyta","Equisetopsida","Caryophyllales","Cactaceae","Opuntia","Prickly Pear","1","","","","","","","","","","","","Y","","",""
"https://id.biodiversity.org.au/node/apni/2917792","Senecio pinnatifolius","A.Rich.","species","Plantae","Charophyta","Equisetopsida","Asterales","Asteraceae","Senecio","Variable Groundsel","1","","","","","","","","","","","","","","",""
"https://id.biodiversity.org.au/node/apni/2917810","Parthenocissus tricuspidata","(Siebold & Zucc.) Planch.","species","Plantae","Charophyta","Equisetopsida","Vitales","Vitaceae","Parthenocissus","","1","","","","","","","","","","","","","","",""
"https://id.biodiversity.org.au/node/apni/2917894","Grevillea banksii","R.Br.","species","Plantae","Charophyta","Equisetopsida","Proteales","Proteaceae","Grevillea","Red Silky Oak","1","","","","","","","","","","","","","","",""
"https://id.biodiversity.org.au/node/apni/2917981","Ambrosia psilostachya","DC.","species","Plantae","Charophyta","Equisetopsida","Asterales","Asteraceae","Ambrosia","Perennial Ragweed","1","","","","","","","","","","","","","","",""
"https://id.biodiversity.org.au/node/apni/2918354","Lindsaea trichomanoides","Dryand.","species","Plantae","Charophyta","Equisetopsida","Polypodiales","Lindsaeaceae","Lindsaea","Oval Wedge-fern","1","","","","","Critically Endangered","","","","","","","","","",""
"https://id.biodiversity.org.au/node/apni/2918387","Astrotricha latifolia","Benth.","species","Plantae","Charophyta","Equisetopsida","Apiales","Araliaceae","Astrotricha","","1","","","","","","","","","","","","","","",""
"https://id.biodiversity.org.au/node/apni/2918496","Poa pratensis","L.","species","Plantae","Charophyta","Equisetopsida","Poales","Poaceae","Poa","Kentucky Bluegrass","1","","","","","","","","","","","","","","",""
"https://id.biodiversity.org.au/node/apni/2918543","Potamogeton sulcatus","A.Benn.","species","Plantae","Charophyta","Equisetopsida","Alismatales","Potamogetonaceae","Potamogeton","Furrowed Pondweed","1","","","","","","","","","","","","","","",""
"https://id.biodiversity.org.au/node/apni/2918878","Coprosma repens","A.Rich.","species","Plantae","Charophyta","Equisetopsida","Gentianales","Rubiaceae","Coprosma","Mirror Bush","1","","","","","","","","","","","","","","",""
"https://id.biodiversity.org.au/node/apni/2918948","Juncus homalocaulis","F.Muell. ex Benth.","species","Plantae","Charophyta","Equisetopsida","Poales","Juncaceae","Juncus","Wiry Rush","1","Vulnerable","","","","","","","","","","","","","",""
"https://id.biodiversity.org.au/node/apni/2919023","Prunus laurocerasus","L.","species","Plantae","Charophyta","Equisetopsida","Rosales","Rosaceae","Prunus","Cherry-laurel","1","","","","","","","","","","","","","","",""
"https://id.biodiversity.org.au/node/apni/2919129","Araucaria cunninghamii","Mudie","species","Plantae","Charophyta","Equisetopsida","Pinales","Araucariaceae","Araucaria","Hoop Pine","1","","","","","","","","","","","","","","",""
"https://id.biodiversity.org.au/node/apni/2919152","Salix cinerea","L.","species","Plantae","Charophyta","Equisetopsida","Malpighiales","Salicaceae","Salix","Grey Sallow","1","","","","","","","","","","","","","Y","Y",""
"https://id.biodiversity.org.au/node/apni/2919518","Leptospermum grandifolium","Sm.","species","Plantae","Charophyta","Equisetopsida","Myrtales","Myrtaceae","Leptospermum","Mountain Tea-tree","1","","","","","","","","","","","","","","",""
"https://id.biodiversity.org.au/node/apni/2919683","Acacia falciformis","DC.","species","Plantae","Charophyta","Equisetopsida","Fabales","Fabaceae","Acacia","Broad-leaved Hickory","1","","","","","","","","","","","","","","",""
"https://id.biodiversity.org.au/node/apni/2919970","Eragrostis parviflora","(R.Br.) Trin.","species","Plantae","Charophyta","Equisetopsida","Poales","Poaceae","Eragrostis","Lovegrass","1","","","","","","","","","","","","","","",""
"https://id.biodiversity.org.au/node/apni/2920143","Veronica lithophila","(B.G.Briggs & Ehrend.) B.G.Briggs","species","Plantae","Charophyta","Equisetopsida","Lamiales","Plantaginaceae","Veronica","","1","","","","Endangered","","","Endangered","","","","","","","",""
"https://id.biodiversity.org.au/node/apni/2920322","Urtica incisa","Poir.","species","Plantae","Charophyta","Equisetopsida","Rosales","Urticaceae","Urtica","Scrub Nettle","1","","","","","","","","","","","","","","",""
"https://id.biodiversity.org.au/node/apni/2920383","Gahnia erythrocarpa","R.Br.","species","Plantae","Charophyta","Equisetopsida","Poales","Cyperaceae","Gahnia","","1","","","","","","","","","","","","","","",""
"https://id.biodiversity.org.au/node/apni/2920431","Lobelia gibbosa","Labill.","species","Plantae","Charophyta","Equisetopsida","Asterales","Campanulaceae","Lobelia","Tall Lobelia","1","","","","","","","","","","","","","","",""
"https://id.biodiversity.org.au/node/apni/2920466","Chenopodium murale","L.","species","Plantae","Charophyta","Equisetopsida","Caryophyllales","Chenopodiaceae","Chenopodium","Sowbane","1","","","","","","","","","","","","","","",""
"https://id.biodiversity.org.au/node/apni/2920488","Ceratonia siliqua","L.","species","Plantae","Charophyta","Equisetopsida","Fabales","Fabaceae","Ceratonia","Carob","1","","","","","","","","","","","","","","",""
"https://id.biodiversity.org.au/node/apni/2921063","Litsea leefeana","(F.Muell.) Merr.","species","Plantae","Charophyta","Equisetopsida","Laurales","Lauraceae","Litsea","Sycamore","1","","","","","","","","","","","","","","",""
"https://id.biodiversity.org.au/node/apni/2921235","Poranthera corymbosa","Brongn.","species","Plantae","Charophyta","Equisetopsida","Malpighiales","Phyllanthaceae","Poranthera","Clustered Poranthera","1","","","","","Vulnerable","","","","","","","","","",""
"https://id.biodiversity.org.au/node/apni/3863084","Abutilon oxycarpum","(F.Muell.) F.Muell. ex Benth.","species","Plantae","Charophyta","Equisetopsida","Malvales","Malvaceae","Abutilon","Straggly Lantern-bush","1","","","","","","","","","","","","","","",""
"https://id.biodiversity.org.au/node/apni/6882510","Allium tuberosum","Rottler ex Spreng.","species","Plantae","Charophyta","Equisetopsida","Asparagales","Alliaceae","Allium","Garlic Chives","1","","","","","","","","","","","","","","",""
"https://id.biodiversity.org.au/node/apni/7125992","Schoenoplectiella erecta","(Poir.) Lye","species","Plantae","Charophyta","Equisetopsida","Poales","Cyperaceae","Schoenoplectiella","Soft Club-sedge","1","","","","","","","","","","","","","","",""
"https://id.biodiversity.org.au/node/apni/7772838","Polypogon monspeliensis","(L.) Desf.","species","Plantae","Charophyta","Equisetopsida","Poales","Poaceae","Polypogon","Annual Beardgrass","1","","","","","","","","","","","","","","",""
"https://id.biodiversity.org.au/node/apni/7775640","Sorghum bicolor","(L.) Moench","species","Plantae","Charophyta","Equisetopsida","Poales","Poaceae","Sorghum","Grain Sorghum","1","","","","","","","","","","","","","","",""
"https://id.biodiversity.org.au/node/apni/7957252","Myoporum boninense","Koidz.","species","Plantae","Charophyta","Equisetopsida","Lamiales","Scrophulariaceae","Myoporum","","1","","","","","","","","","","","","","","",""
"https://id.biodiversity.org.au/node/apni/8485791","Notelaea venosa","F.Muell.","species","Plantae","Charophyta","Equisetopsida","Lamiales","Oleaceae","Notelaea","Smooth Mock-olive","1","","","","","","","","","","","","","","",""
"https://id.biodiversity.org.au/taxon/apni/51266598","Narcissus tazetta","L.","species","Plantae","Charophyta","Equisetopsida","Asparagales","Amaryllidaceae","Narcissus","Polyanthus Narcissus","1","","","","","","","","","","","","","","",""
"https://id.biodiversity.org.au/taxon/apni/51268011","Carduus nutans","L.","species","Plantae","Charophyta","Equisetopsida","Asterales","Asteraceae","Carduus","Nodding Thistle","1","","","","","","","","","","","","","","",""
"https://id.biodiversity.org.au/taxon/apni/51268469","Gazania rigens","(L.) Gaertn.","species","Plantae","Charophyta","Equisetopsida","Asterales","Asteraceae","Gazania","Gazania","1","","","","","","","","","","","","","","",""
"https://id.biodiversity.org.au/taxon/apni/51269204","Spathodea campanulata","P.Beauv.","species","Plantae","Charophyta","Equisetopsida","Lamiales","Bignoniaceae","Spathodea","West African Tulip Tree","1","","","","","","","","","","","","","","",""
"https://id.biodiversity.org.au/taxon/apni/51269943","Canna x generalis","L.H.Bailey","species","Plantae","Charophyta","Equisetopsida","Zingiberales","Cannaceae","Canna","Canna","1","","","","","","","","","","","","","","",""
"https://id.biodiversity.org.au/taxon/apni/51270292","Spergularia marina","(L.) Besser","species","Plantae","Charophyta","Equisetopsida","Caryophyllales","Caryophyllaceae","Spergularia","Lesser Sea-spurrey","1","","","","","","","","","","","","","","",""
"https://id.biodiversity.org.au/taxon/apni/51271090","Athrotaxis selaginoides","D.Don","species","Plantae","Charophyta","Equisetopsida","Pinales","Cupressaceae","Athrotaxis","King Billy Pine","1","","","","","","","","","","","","","","",""
"https://id.biodiversity.org.au/taxon/apni/51283097","Cyperus congestus","Vahl","species","Plantae","Charophyta","Equisetopsida","Poales","Cyperaceae","Cyperus","Dense Flat-sedge","1","","","","","","","","","","","","","","",""
"https://id.biodiversity.org.au/taxon/apni/51283185","Lepironia articulata","(Retz.) Domin","species","Plantae","Charophyta","Equisetopsida","Poales","Cyperaceae","Lepironia","Lepironia","1","","","","","","","","","","","","","","",""
"https://id.biodiversity.org.au/taxon/apni/51285530","Daviesia genistifolia","A.Cunn. ex Benth.","species","Plantae","Charophyta","Equisetopsida","Fabales","Fabaceae","Daviesia","Broom Bitter-pea","1","","","","","Endangered","","","","","","","","","",""
"https://id.biodiversity.org.au/taxon/apni/51287756","Sisyrinchium rosulatum","E.P.Bicknell","species","Plantae","Charophyta","Equisetopsida","Asparagales","Iridaceae","Sisyrinchium","Scourweed","1","","","","","","","","","","","","","","",""
"https://id.biodiversity.org.au/taxon/apni/51288220","Orianthera pusilla","(R.Br.) C.S.P.Foster & B.J.Conn","species","Plantae","Charophyta","Equisetopsida","Gentianales","Loganiaceae","Orianthera","","1","","","","","Vulnerable","","","","","","","","","",""
"https://id.biodiversity.org.au/taxon/apni/51288592","Seringia denticulata","(C.T.White) C.F.Wilkins","species","Plantae","Charophyta","Equisetopsida","Malvales","Malvaceae","Seringia","","1","","","","","","","","","","","","","","",""
"https://id.biodiversity.org.au/taxon/apni/51289840","Eucalyptus caleyi","Maiden","species","Plantae","Charophyta","Equisetopsida","Myrtales","Myrtaceae","Eucalyptus","Caleys Ironbark","1","","","","","Critically Endangered","","","Rare, Near Threatened","","Poorly-known species","Poorly-known species","","","",""
"https://id.biodiversity.org.au/taxon/apni/51290410","Eucalyptus macrorhyncha","F.Muell. ex Benth.","species","Plantae","Charophyta","Equisetopsida","Myrtales","Myrtaceae","Eucalyptus","Red Stringybark","1","","","","","Critically Endangered","","","Rare, Near Threatened","","Poorly-known species","Poorly-known species","","","",""
"https://id.biodiversity.org.au/taxon/apni/51291270","Digitaria velutina","(Forssk.) P.Beauv.","species","Plantae","Charophyta","Equisetopsida","Poales","Poaceae","Digitaria","Velvet Fingergrass","1","","","","","","","","","","","","","","",""
"https://id.biodiversity.org.au/taxon/apni/51291363","Hordeum hystrix","Roth","species","Plantae","Charophyta","Equisetopsida","Poales","Poaceae","Hordeum","Mediterranean Barley-grass","1","","","","","","","","","","","","","","",""
"https://id.biodiversity.org.au/taxon/apni/51291722","Rumex vesicarius","L.","species","Plantae","Charophyta","Equisetopsida","Caryophyllales","Polygonaceae","Rumex","Rosy Dock","1","","","","","","","","","","","","","","",""
"https://id.biodiversity.org.au/taxon/apni/51294786","Petrophile canescens","A.Cunn. ex R.Br.","species","Plantae","Charophyta","Equisetopsida","Proteales","Proteaceae","Petrophile","Conesticks","1","","","","","","","","","","","","","","",""
"https://id.biodiversity.org.au/taxon/apni/51294892","Blechnum cartilagineum","Sw.","species","Plantae","Charophyta","Equisetopsida","Polypodiales","Blechnaceae","Blechnum","Gristle Fern","1","","Vulnerable","","","","","","","","","","","","",""
"https://id.biodiversity.org.au/taxon/apni/51295066","Coronidium rutidolepis","(DC.) N.G.Walsh","species","Plantae","Charophyta","Equisetopsida","Asterales","Asteraceae","Coronidium","","1","","","","","","","","","","","","","","",""
"https://id.biodiversity.org.au/taxon/apni/51298304","Hibbertia hypericoides","(DC.) Benth.","species","Plantae","Charophyta","Equisetopsida","","Dilleniaceae","Hibbertia","Yellow Buttercups","1","","","","","","","","","","","","","","",""
"https://id.biodiversity.org.au/taxon/apni/51298307","Hibbertia riparia","(R.Br. ex DC.) Hoogland","species","Plantae","Charophyta","Equisetopsida","","Dilleniaceae","Hibbertia","Bristly Guinea-flower","1","","","","","","","","","","","","","","",""
"https://id.biodiversity.org.au/taxon/apni/51300296","Lythrum hyssopifolia","L.","species","Plantae","Charophyta","Equisetopsida","Myrtales","Lythraceae","Lythrum","Lesser Loosestrife","1","","","","","","","","","","","","","","",""
"https://id.biodiversity.org.au/taxon/apni/51300819","Amperea xiphoclada","(Sieber ex Spreng.) Druce","species","Plantae","Charophyta","Equisetopsida","Malpighiales","Euphorbiaceae","Amperea","","1","","","","","","","","","","","","","","",""
"https://id.biodiversity.org.au/taxon/apni/51303892","Digitaria violascens","Link","species","Plantae","Charophyta","Equisetopsida","Poales","Poaceae","Digitaria","Bastard Summergrass","1","","","","","","","","","","","","","","",""
"https://id.biodiversity.org.au/taxon/apni/51311181","Passiflora pallida","L.","species","Plantae","Charophyta","Equisetopsida","Malpighiales","Passifloraceae","Passiflora","","1","","","","","","","","","","","","","","",""
"https://id.biodiversity.org.au/taxon/apni/51395391","Acianthus caudatus","R.Br.","species","Plantae","Charophyta","Equisetopsida","Asparagales","Orchidaceae","Acianthus","Mayfly Orchid","1","","","Near threatened","","","","","","","","","","","",""
"https://id.biodiversity.org.au/taxon/apni/51398761","Caladenia alata","R.Br.","species","Plantae","Charophyta","Equisetopsida","Asparagales","Orchidaceae","Caladenia","Fairy Orchid","1","","","Near threatened","","","","","","","","","","","",""
"https://id.biodiversity.org.au/taxon/apni/51399207","Caladenia moschata","(D.L.Jones) G.N.Backh.","species","Plantae","Charophyta","Equisetopsida","Asparagales","Orchidaceae","Caladenia","Musk Hood-orchid","1","","","Near threatened","","","","","","","","","","","",""
"https://id.biodiversity.org.au/taxon/apni/51399300","Caladenia quadrifaria","D.L.Jones","species","Plantae","Charophyta","Equisetopsida","Asparagales","Orchidaceae","Caladenia","Large Pink Fingers","1","","","Near threatened","","","","","","","","","","","",""
"https://id.biodiversity.org.au/taxon/apni/51401045","Corybas fimbriatus","(R.Br.) Rchb.f.","species","Plantae","Charophyta","Equisetopsida","Asparagales","Orchidaceae","Corybas","Fringed Helmet-orchid","1","","","Near threatened","","Endangered","","","","","","","","","",""
"https://id.biodiversity.org.au/taxon/apni/51401317","Cymbidium canaliculatum","R.Br.","species","Plantae","Charophyta","Equisetopsida","Asparagales","Orchidaceae","Cymbidium","Tiger Orchid","1","","","Near threatened","","","","","","","","","","","",""
"https://id.biodiversity.org.au/taxon/apni/51405040","Epidendrum x obrienianum","Rolfe","species","Plantae","Charophyta","Equisetopsida","Asparagales","Orchidaceae","Epidendrum","Crucifix Orchid","1","","","Near threatened","","","","","","","","","","","",""
"https://id.biodiversity.org.au/taxon/apni/51405090","Eriochilus petricola","D.L.Jones & M.A.Clem.","species","Plantae","Charophyta","Equisetopsida","Asparagales","Orchidaceae","Eriochilus","Parson's Bands","1","","","Near threatened","","","","","","","","","","","",""
"https://id.biodiversity.org.au/taxon/apni/51409749","Prasophyllum elatum","R.Br.","species","Plantae","Charophyta","Equisetopsida","Asparagales","Orchidaceae","Prasophyllum","Tall Leek-orchid","1","","","Near threatened","","","","","","","","","","","",""
"https://id.biodiversity.org.au/taxon/apni/51412040","Pterostylis bicolor","M.A.Clem. & D.L.Jones","species","Plantae","Charophyta","Equisetopsida","Asparagales","Orchidaceae","Pterostylis","Black-tip Greenhood","1","Endangered","","Near threatened","","","","","","","","","","","",""
"https://id.biodiversity.org.au/taxon/apni/51412148","Pterostylis gibbosa","R.Br.","species","Plantae","Charophyta","Equisetopsida","Asparagales","Orchidaceae","Pterostylis","Illawarra Greenhood","1","Endangered","","Near threatened","Endangered","","","Endangered","","","","","","","",""
"https://id.biodiversity.org.au/taxon/apni/51412154","Pterostylis grandiflora","R.Br.","species","Plantae","Charophyta","Equisetopsida","Asparagales","Orchidaceae","Pterostylis","Cobra Greenhood","1","Endangered","Near Threatened","Near threatened","","Endangered","","","","","","","","","",""
"https://id.biodiversity.org.au/taxon/apni/51412294","Pterostylis reflexa","R.Br.","species","Plantae","Charophyta","Equisetopsida","Asparagales","Orchidaceae","Pterostylis","Small Autumn Greenhood","1","Endangered","","Near threatened","","Vulnerable","","","","","","","","","",""
"https://id.biodiversity.org.au/taxon/apni/51412478","Pyrorchis nigricans","(R.Br.) D.L.Jones & M.A.Clem.","species","Plantae","Charophyta","Equisetopsida","Asparagales","Orchidaceae","Pyrorchis","Black Fire-orchid","1","","","Near threatened","","","","","","","","","","","",""
"https://id.biodiversity.org.au/taxon/apni/51412976","Rhinerrhiza divitiflora","(F.Muell. ex Benth.) Rupp","species","Plantae","Charophyta","Equisetopsida","Asparagales","Orchidaceae","Rhinerrhiza","Raspy Root Orchid","1","","","Near threatened","","","","","","","","","","","",""
"https://id.biodiversity.org.au/taxon/apni/51413231","Sarcochilus falcatus","R.Br.","species","Plantae","Charophyta","Equisetopsida","Asparagales","Orchidaceae","Sarcochilus","Orange Blossom Orchid","1","","","Near threatened","","Critically Endangered","","","","","","","","","",""
"https://id.biodiversity.org.au/taxon/apni/51413279","Spiranthes australis","(R.Br.) Lindl.","species","Plantae","Charophyta","Equisetopsida","Asparagales","Orchidaceae","Spiranthes","Austral Ladies' Tresses","1","Rare","","Near threatened","","","","","","","","","","","",""
"https://id.biodiversity.org.au/taxon/apni/51413726","Taeniophyllum muelleri","Lindl. ex Benth.","species","Plantae","Charophyta","Equisetopsida","Asparagales","Orchidaceae","Taeniophyllum","Minute Orchid","1","","","Near threatened","","","","","","","","","","","",""
"https://id.biodiversity.org.au/taxon/apni/51414252","Thelymitra carnea","R.Br.","species","Plantae","Charophyta","Equisetopsida","Asparagales","Orchidaceae","Thelymitra","Small Pink Sun-orchid","1","Rare","","Near threatened","","","","","","","","","","","",""
"https://id.biodiversity.org.au/taxon/apni/51429130","Plumbago zeylanica","L.","species","Plantae","Charophyta","Equisetopsida","Caryophyllales","Plumbaginaceae","Plumbago","Native Plumbago","1","","","","","","","","","","","","","","",""
"https://id.biodiversity.org.au/taxon/apni/51430477","Mesembryanthemum cordifolium","L.f.","species","Plantae","Charophyta","Equisetopsida","Caryophyllales","Aizoaceae","Mesembryanthemum","Heart-leaf Ice-plant","1","","","","","","","","","","","","","","",""
"https://id.biodiversity.org.au/taxon/apni/51430747","Hippeastrum carinatum","(Herb.) Christenh. & Byng","species","Plantae","Charophyta","Equisetopsida","Asparagales","Amaryllidaceae","Hippeastrum","","1","","","","","","","","","","","","","","",""
"https://id.biodiversity.org.au/taxon/apni/51430762","Hippeastrum zephyranthum","Byng & Christenh.","species","Plantae","Charophyta","Equisetopsida","Asparagales","Amaryllidaceae","Hippeastrum","","1","","","","","","","","","","","","","","",""
"https://id.biodiversity.org.au/taxon/apni/51431473","Albuca bracteata","(Thunb.) J.C.Manning & Goldblatt","species","Plantae","Charophyta","Equisetopsida","Asparagales","Asparagaceae","Albuca","Pregnant Onion","1","","","","","","","","","","","","","","",""
"https://id.biodiversity.org.au/taxon/apni/51431787","Cassinia laevis","R.Br.","species","Plantae","Charophyta","Equisetopsida","Asterales","Asteraceae","Cassinia","Cough Bush","1","","","","","","","","","","","","","","",""
"https://id.biodiversity.org.au/taxon/apni/51432629","Blechnum parrisiae","Christenh.","species","Plantae","Charophyta","Equisetopsida","Polypodiales","Blechnaceae","Blechnum","Common Rasp-fern","1","","","","","","","","","","","","","","",""
"https://id.biodiversity.org.au/taxon/apni/51432724","Cardamine occulta","Hornem.","species","Plantae","Charophyta","Equisetopsida","Brassicales","Brassicaceae","Cardamine","Flick Weed","1","","","","","","","","","","","","","","",""
"https://id.biodiversity.org.au/taxon/apni/51432826","Austrocylindropuntia cylindrica","(Lam.) Backeb.","species","Plantae","Charophyta","Equisetopsida","Caryophyllales","Cactaceae","Austrocylindropuntia","Cane Cactus","1","","","","","","","","","","","","Y","","Y",""
"https://id.biodiversity.org.au/taxon/apni/51433159","Dysphania pumilio","(R.Br.) Mosyakin & Clemants","species","Plantae","Charophyta","Equisetopsida","Caryophyllales","Chenopodiaceae","Dysphania","Small Crumbweed","1","","","","","","","","","","","","","","",""
"https://id.biodiversity.org.au/taxon/apni/51433743","Hypericum japonicum","Thunb.","species","Plantae","Charophyta","Equisetopsida","Malpighiales","Hypericaceae","Hypericum","Matted St John's Wort","1","Rare","","","","","","","","","","","","","",""
"https://id.biodiversity.org.au/taxon/apni/51435653","Avena sterilis","L.","species","Plantae","Charophyta","Equisetopsida","Poales","Poaceae","Avena","Sterile Oat","1","","","","","","","","","","","","","","",""
"https://id.biodiversity.org.au/taxon/apni/51436312","Swainsona formosa","(G.Don) Joy Thomps.","species","Plantae","Charophyta","Equisetopsida","Fabales","Fabaceae","Swainsona","Sturt Pea","1","","","","","","","","","","","","","","",""
"https://id.biodiversity.org.au/taxon/apni/51438004","Dietes robinsoniana","(C.Moore & F.Muell.) Klatt","species","Plantae","Charophyta","Equisetopsida","Asparagales","Iridaceae","Dietes","Lord Howe Wedding Lily","1","","","","","","","","","","","","","","",""
"https://id.biodiversity.org.au/taxon/apni/51439852","Eucalyptus obstans","L.A.S.Johnson & K.D.Hill","species","Plantae","Charophyta","Equisetopsida","Myrtales","Myrtaceae","Eucalyptus","Port Jackson Mallee","1","","","","","Critically Endangered","","","Rare, Near Threatened","","Poorly-known species","Poorly-known species","","","",""
"https://id.biodiversity.org.au/taxon/apni/51440555","Eucalyptus globulus","Labill.","species","Plantae","Charophyta","Equisetopsida","Myrtales","Myrtaceae","Eucalyptus","Tasmanian Blue Gum","1","","","","","Critically Endangered","","","Rare, Near Threatened","","Poorly-known species","Poorly-known species","","","",""
"https://id.biodiversity.org.au/taxon/apni/51440862","Epilobium billardiereanum","Ser.","species","Plantae","Charophyta","Equisetopsida","Myrtales","Onagraceae","Epilobium","Variable Willow-herb","1","","","","","","","","","","","","","","",""
"https://id.biodiversity.org.au/taxon/apni/51441679","Diuris punctata","Sm.","species","Plantae","Charophyta","Equisetopsida","Asparagales","Orchidaceae","Diuris","Purple Donkey Orchid","1","","","Near threatened","","Endangered","","","","","","","","","",""
"https://id.biodiversity.org.au/taxon/apni/51442984","Diplachne fusca","(L.) P.Beauv. ex Roem. & Schult.","species","Plantae","Charophyta","Equisetopsida","Poales","Poaceae","Diplachne","Brown Beetle Grass","1","","","","","","","","","","","","","","",""
"https://id.biodiversity.org.au/taxon/apni/51445045","Zealandia pustulata","(G.Forst.) Testo & A.R.Field","species","Plantae","Charophyta","Equisetopsida","Polypodiales","Polypodiaceae","Zealandia","","1","","","","","","","","","","","","","","",""
"https://id.biodiversity.org.au/taxon/apni/51445678","Anogramma leptophylla","(L.) Link","species","Plantae","Charophyta","Equisetopsida","","Pteridaceae","Anogramma","Annual Fern","1","Rare","Vulnerable","","","","","","","","","","","","",""
"https://id.biodiversity.org.au/taxon/apni/51446312","Cotoneaster coriaceus","Franch.","species","Plantae","Charophyta","Equisetopsida","Rosales","Rosaceae","Cotoneaster","Milk-flower Cotoneaster","1","","","","","","","","","","","","","","",""
"https://id.biodiversity.org.au/taxon/apni/51446991","Boronia ledifolia","(Vent.) DC.","species","Plantae","Charophyta","Equisetopsida","Sapindales","Rutaceae","Boronia","Showy Sydney Boronia","1","","","","","Endangered","","","","","","","","","",""
"https://id.biodiversity.org.au/taxon/apni/51447172","Notothixos subaureus","Oliv.","species","Plantae","Charophyta","Equisetopsida","Santalales","Santalaceae","Notothixos","Golden Mistletoe","1","","","","","Critically Endangered","","","","","","","","","",""
"https://id.biodiversity.org.au/taxon/apni/51447832","Solanum pungetium","R.Br.","species","Plantae","Charophyta","Equisetopsida","Solanales","Solanaceae","Solanum","Eastern Nightshade","1","","","","","","","","","","","","","","",""
"https://id.biodiversity.org.au/taxon/apni/51449439","Viburnum tinus","L.","species","Plantae","Charophyta","Equisetopsida","Dipsacales","Viburnaceae","Viburnum","Laurestinus","1","","","","","","","","","","","","","","",""
"https://id.biodiversity.org.au/taxon/apni/51449443","Sambucus australasica","(Lindl.) Fritsch","species","Plantae","Charophyta","Equisetopsida","Dipsacales","Viburnaceae","Sambucus","Native Elderberry","1","","","","","Critically Endangered","","","","","","","","","",""
"https://id.biodiversity.org.au/taxon/apni/51688956","Leichhardtia flavescens","(A.Cunn.) P.I.Forst.","species","Plantae","Charophyta","Equisetopsida","Gentianales","Apocynaceae","Leichhardtia","","1","","","","","Critically Endangered","","","","","","","","","",""
"https://id.biodiversity.org.au/taxon/apni/51731549","Hypoestes phyllostachya","Baker","species","Plantae","Charophyta","Equisetopsida","Lamiales","Acanthaceae","Hypoestes","Polka-dot Plant","1","","","","","","","","","","","","","","",""
"https://id.biodiversity.org.au/taxon/apni/51735719","Amaranthus hybridus","L.","species","Plantae","Charophyta","Equisetopsida","Caryophyllales","Amaranthaceae","Amaranthus","Spleen Amaranth","1","","","","","","","","","","","","","","",""
"https://id.biodiversity.org.au/taxon/apni/51735726","Amaranthus macrocarpus","Benth.","species","Plantae","Charophyta","Equisetopsida","Caryophyllales","Amaranthaceae","Amaranthus","Dwarf Amaranth","1","","","","","Endangered","","","","","","","","","",""
"https://id.biodiversity.org.au/taxon/apni/51736970","Heptapleurum arboricola","Hayata","species","Plantae","Charophyta","Equisetopsida","Apiales","Araliaceae","Heptapleurum","","1","","","","","","","","","","","","","","",""
"https://id.biodiversity.org.au/taxon/apni/51737707","Dracaena fragrans","(L.) Ker Gawl.","species","Plantae","Charophyta","Equisetopsida","Asparagales","Asparagaceae","Dracaena","","1","","","","","","","","","","","","","","",""
"https://id.biodiversity.org.au/taxon/apni/51737713","Dracaena marginata","Lam.","species","Plantae","Charophyta","Equisetopsida","Asparagales","Asparagaceae","Dracaena","","1","","","","","","","","","","","","","","",""
"https://id.biodiversity.org.au/taxon/apni/51737983","Photinia serratifolia","(Desf.) Kalkman","species","Plantae","Charophyta","Equisetopsida","Rosales","Rosaceae","Photinia","Chinese Photinia","1","","","","","","","","","","","","","","",""
"https://id.biodiversity.org.au/taxon/apni/51741639","Bidens tripartita","L.","species","Plantae","Charophyta","Equisetopsida","Asterales","Asteraceae","Bidens","Trifid Burr-marigold","1","","","","","","","","","","","","","","",""
"https://id.biodiversity.org.au/taxon/apni/51742815","Cassinia longifolia","R.Br.","species","Plantae","Charophyta","Equisetopsida","Asterales","Asteraceae","Cassinia","Shiny Cassinia","1","","","","","","","","","","","","","","",""
"https://id.biodiversity.org.au/taxon/apni/51743526","Euchiton japonicus","(Thunb.) Holub","species","Plantae","Charophyta","Equisetopsida","Asterales","Asteraceae","Euchiton","Clustered/creeping Cudweed","1","","","","","","","","","","","","","","",""
"https://id.biodiversity.org.au/taxon/apni/51744706","Lagenophora sublyrata","(Cass.) A.R.Bean & Jian Wang ter","species","Plantae","Charophyta","Equisetopsida","Asterales","Asteraceae","Lagenophora","Slender Bottle-daisy","1","","","","","","","","","","","","","","",""
"https://id.biodiversity.org.au/taxon/apni/51745944","Olearia elliptica","DC.","species","Plantae","Charophyta","Equisetopsida","Asterales","Asteraceae","Olearia","Sticky Daisy-bush","1","","","","","","","","","","","","","","",""
"https://id.biodiversity.org.au/taxon/apni/51747607","Senecio prenanthoides","A.Rich.","species","Plantae","Charophyta","Equisetopsida","Asterales","Asteraceae","Senecio","Beaked Fireweed","1","","","","","","","","","","","","","","",""
"https://id.biodiversity.org.au/taxon/apni/51749240","Basella alba","L.","species","Plantae","Charophyta","Equisetopsida","Caryophyllales","Basellaceae","Basella","Indian Spinach","1","","","","","","","","","","","","","","",""
"https://id.biodiversity.org.au/taxon/apni/51751388","Cardamine flexuosa","With.","species","Plantae","Charophyta","Equisetopsida","Brassicales","Brassicaceae","Cardamine","Wood Bitter-cress","1","","","","","","","","","","","","","","",""
"https://id.biodiversity.org.au/taxon/apni/51752099","Wahlenbergia ceracea","Lothian","species","Plantae","Charophyta","Equisetopsida","Asterales","Campanulaceae","Wahlenbergia","Waxy Bluebell","1","","","","","","","","","","","","","","",""
"https://id.biodiversity.org.au/taxon/apni/51764784","Parapolystichum microsorum","(Endl.) Labiak, Sundue & R.C.Moran","species","Plantae","Charophyta","Equisetopsida","Polypodiales","Dryopteridaceae","Parapolystichum","","1","","","","","","","","","","","","","","",""
"https://id.biodiversity.org.au/taxon/apni/51767541","Styphelia attenuata","(A.Cunn.) F.Muell.","species","Plantae","Charophyta","Equisetopsida","Ericales","Ericaceae","Styphelia","Grey Beard-heath","1","","","","","Vulnerable","","","","","","","","","",""
"https://id.biodiversity.org.au/taxon/apni/51768401","Euphorbia hyssopifolia","L.","species","Plantae","Charophyta","Equisetopsida","Malpighiales","Euphorbiaceae","Euphorbia","Euphorbia","1","","","","","","","","","","","","","","",""
"https://id.biodiversity.org.au/taxon/apni/51771748","Gleichenia microphylla","R.Br.","species","Plantae","Charophyta","Equisetopsida","Gleicheniales","Gleicheniaceae","Gleichenia","Coral Fern","1","Rare","","","","","","","","","","","","","",""
"https://id.biodiversity.org.au/taxon/apni/51773882","Tritonia gladiolaris","(Lam.) Goldblatt & J.C.Manning","species","Plantae","Charophyta","Equisetopsida","Asparagales","Iridaceae","Tritonia","Lined Tritonia","1","","","","","","","","","","","","","","",""
"https://id.biodiversity.org.au/taxon/apni/51773898","Juncus effusus","L.","species","Plantae","Charophyta","Equisetopsida","Poales","Juncaceae","Juncus","Soft Rush","1","","","","","","","","","","","","","","",""
"https://id.biodiversity.org.au/taxon/apni/51775097","Rosmarinus officinalis","L.","species","Plantae","Charophyta","Equisetopsida","Lamiales","Lamiaceae","Rosmarinus","Rosemary","1","","","","","","","","","","","","","","",""
"https://id.biodiversity.org.au/taxon/apni/51776083","Utricularia dichotoma","Labill.","species","Plantae","Charophyta","Equisetopsida","Lamiales","Lentibulariaceae","Utricularia","Fairies' Aprons","1","","","","","","","","","","","","","","",""
"https://id.biodiversity.org.au/taxon/apni/51781729","Callistemon sieberi","DC.","species","Plantae","Charophyta","Equisetopsida","Myrtales","Myrtaceae","Callistemon","River Bottlebrush","1","","","","","","","","","","","","","","",""
"https://id.biodiversity.org.au/taxon/apni/51786465","Fraxinus griffithii","C.B.Clarke","species","Plantae","Charophyta","Equisetopsida","Lamiales","Oleaceae","Fraxinus","","1","","","","","","","","","","","","","","",""
