"dataResourceUid","dataResourceName","images","dcterms:modified","dcterms:language","dcterms:license","rightsHolder","dcterms:accessRights","dcterms:bibliographicCitation","references","institutionID","collectionID","datasetID","institutionCode","collectionCode","datasetName","ownerInstitutionCode","basisOfRecord","informationWithheld","dataGeneralizations","dynamicProperties","occurrenceID","catalogNumber","recordNumber","recordedBy","individualCount","organismQuantity","organismQuantityType","sex","lifeStage","reproductiveCondition","behavior","establishmentMeans","occurrenceStatus","preparations","disposition","associatedMedia","associatedReferences","associatedTaxa","otherCatalogNumbers","occurrenceRemarks","organismID","organismName","associatedOccurrences","previousIdentifications","organismRemarks","materialSampleID","eventID","parentEventID","fieldNumber","eventDate","eventTime","startDayOfYear","endDayOfYear","year","month","day","verbatimEventDate","habitat","samplingProtocol","samplingEffort","sampleSizeValue","sampleSizeUnit","fieldNotes","eventRemarks","locationID","higherGeographyID","continent","waterBody","islandGroup","island","country","countryCode","stateProvince","county","municipality","locality","verbatimLocality","minimumElevationInMeters","maximumElevationInMeters","verbatimElevation","minimumDepthInMeters","maximumDepthInMeters","verbatimDepth","minimumDistanceAboveSurfaceInMeters","maximumDistanceAboveSurfaceInMeters","locationAccordingTo","locationRemarks","decimalLatitude","decimalLongitude","geodeticDatum","coordinateUncertaintyInMeters","coordinatePrecision","verbatimCoordinates","verbatimLatitude","verbatimLongitude","verbatimCoordinateSystem","verbatimSRS","footprintWKT","footprintSRS","georeferencedDate","georeferenceProtocol","georeferenceSources","georeferenceVerificationStatus","georeferenceRemarks","geologicalContextID","earliestEonOrLowestEonothem","latestEonOrHighestEonothem","earliestEraOrLowestErathem","latestEraOrHighestErathem","earliestPeriodOrLowestSystem","latestPeriodOrHighestSystem","earliestEpochOrLowestSeries","latestEpochOrHighestSeries","earliestAgeOrLowestStage","latestAgeOrHighestStage","lowestBiostratigraphicZone","highestBiostratigraphicZone","lithostratigraphicTerms","group","formation","member","bed","identificationID","identificationQualifier","typeStatus","identifiedBy","dateIdentified","identificationReferences","identificationVerificationStatus","identificationRemarks","taxonID","scientificNameID","acceptedNameUsageID","parentNameUsageID","nameAccordingToID","namePublishedInID","taxonConceptID","raw_scientificName","scientificName","acceptedNameUsage","parentNameUsage","originalNameUsage","nameAccordingTo","namePublishedIn","namePublishedInYear","higherClassification","kingdom","phylum","class","order","family","genus","subgenus","specificEpithet","infraspecificEpithet","taxonRank","verbatimTaxonRank","scientificNameAuthorship","vernacularName","nomenclaturalCode","taxonomicStatus","nomenclaturalStatus","taxonRemarks","measurementDeterminedDate","recordedByID","identifiedByID","videos","species","subfamily","eventType","measurementRemarks","measurementValue","relationshipRemarks","superfamily","relationshipOfResource","measurementMethod","identifier","provenance","sounds","recordID","rights","source","measurementID","measurementType","measurementUnit","measurementDeterminedBy","measurementAccuracy","degreeOfEstablishment","relatedResourceID","images","dcterms:type"
"dr1010","ClimateWatch","","","","CC-BY 3.0 (Int)","","","","","","","","","","","","OBSERVATION","","","{""Phenophase/Behaviour"":""Leaves open""}","","59c6e32e94cf705415000399","","","4","","","","","","","","PRESENT","","","","","","","","","","","","","","","","","2017-09-24T08:43:23Z","","267","267","2017","9","24","","Urban,Near an artificial water source","","","","","","","","","","","","","Australia","AU","New South Wales","","","","","","","","","","","","","","","-33.909043","150.975567","EPSG:4326","1000.0","","","","","","","","","","","","","","","","","","","","","","","","","","","","","","","","","English Oak","","","","","","","","","","","","","https://id.biodiversity.org.au/taxon/apni/51771673","Quercus robur","Quercus robur","","","","","","","","Plantae","Charophyta","Equisetopsida","Fagales","Fagaceae","Quercus","","","","species","","L.","English Oak","","","","","","","","","Quercus robur","","","","","","","","","","Published dataset","","4a5491b0-7af8-4be7-8bf2-b2cfc77ea089","","","","","","","","","","",""
"dr1411","iNaturalist Australia","702ce113-409f-4728-9b01-d4e29a0d5195","2026-02-08T11:09:18Z","","CC-BY 4.0 (Int)","Thomas Mesaglio","","","https://www.inaturalist.org/observations/43543949","","","","iNaturalist","Observations","iNaturalist research-grade observations","","HUMAN_OBSERVATION","","","","https://www.inaturalist.org/observations/43543949","43543949","","Thomas Mesaglio","","","","","","","","","PRESENT","","","","","","","","","","","","","","","","","2020-04-26T10:31:18Z","10:31:18+10:00","117","117","2020","4","26","Sun Apr 26 2020 10:31:18 GMT+1000 (GMT+10)","","","","","","","","","","","","","","Australia","AU","New South Wales","","","","Garrison Point Reserve and surrounds, Mirambeena Regional Park, Georges Hall, Sydney, New South Wales","","","","","","","","","","","-33.907253","150.973542","EPSG:4326","10.0","","","","","","","","","","","","","","","","","","","","","","","","","","","","","","","","267422820","","","Thomas Mesaglio","2022-06-06T12:01:33Z","","research","","52930","","","","","","https://id.biodiversity.org.au/node/apni/2907916","Commelina cyanea","Commelina cyanea","","","","","","","","Plantae","Charophyta","Equisetopsida","Commelinales","Commelinaceae","Commelina","","","","species","","R.Br.","Scurvy Weed","","","","","","https://orcid.org/0000-0002-1096-6066","https://orcid.org/0000-0002-1096-6066","","Commelina cyanea","","","","","","","","","","","","c0b4a8c7-ce28-4c85-ac1b-b12f02cea43e","","","","","","","","","","702ce113-409f-4728-9b01-d4e29a0d5195",""
"dr1411","iNaturalist Australia","18f0c665-7ab1-443c-a0cb-6616e59df589 | 4d941f8a-f73d-42ba-b7c4-293d8284b2d4 | 8bfdf6c3-e05f-4b98-88bc-9b32b878b4c7 | f867fe37-3dfc-4ae7-ae77-587a599e8c47","2025-08-19T12:29Z","","CC-BY 4.0 (Int)","Thomas Mesaglio","","","https://www.inaturalist.org/observations/289446008","","","","iNaturalist","Observations","iNaturalist research-grade observations","","HUMAN_OBSERVATION","","","","https://www.inaturalist.org/observations/289446008","289446008","","Thomas Mesaglio","","","","","","","","","PRESENT","","","","","","","","","","","","","","","","","2025-06-14T12:27:00Z","12:27:00+10:00","165","165","2025","6","14","2025/06/14 12:27 PM","","","","","","","","","","","","","","Australia","AU","New South Wales","","","","Garrison Point Reserve and surrounds, Mirambeena Regional Park, Georges Hall, Sydney, New South Wales","","","","","","","","","","","-33.908623","150.980591","EPSG:4326","15.0","","","","","","","","","","","","","","","","","","","","","","","","","","","","","","","","648530413","","","Thomas Mesaglio","2025-06-14T05:26:50Z","","research","","1138436","","","","","","https://id.biodiversity.org.au/taxon/apni/51432333","Solenogyne bellioides","Solenogyne bellioides","","","","","","","","Plantae","Charophyta","Equisetopsida","Asterales","Asteraceae","Solenogyne","","","","species","","Cass.","Solengyne","","","","","","https://orcid.org/0000-0002-1096-6066","https://orcid.org/0000-0002-1096-6066","","Solenogyne bellioides","","","","","","","","","","","","fd09bbf7-f9dd-4b67-9790-5008ea9d9ec5","","","","","","","","","","18f0c665-7ab1-443c-a0cb-6616e59df589 | 4d941f8a-f73d-42ba-b7c4-293d8284b2d4 | 8bfdf6c3-e05f-4b98-88bc-9b32b878b4c7 | f867fe37-3dfc-4ae7-ae77-587a599e8c47",""
"dr1411","iNaturalist Australia","417274dd-4491-49fa-8e33-6a6745fcdc8c","2025-08-19T12:28:52Z","","CC-BY 4.0 (Int)","Thomas Mesaglio","","","https://www.inaturalist.org/observations/289445034","","","","iNaturalist","Observations","iNaturalist research-grade observations","","HUMAN_OBSERVATION","","","","https://www.inaturalist.org/observations/289445034","289445034","","Thomas Mesaglio","","","","","","","","","PRESENT","","","","","","","","","","","","","","","","","2025-06-14T10:48:00Z","10:48:00+10:00","165","165","2025","6","14","2025/06/14 10:48 AM","","","","","","","","","","","","","","Australia","AU","New South Wales","","","","Garrison Point Reserve and surrounds, Mirambeena Regional Park, Georges Hall, Sydney, New South Wales","","","","","","","","","","","-33.909813","150.979538","EPSG:4326","15.0","","","","","","","","","","","","","","","","","","","","","","","","","","","","","","","","648528050","","","Thomas Mesaglio","2025-06-14T05:17:59Z","","research","","51594","","","","","","https://id.biodiversity.org.au/node/apni/2904297","Pittosporum undulatum","Pittosporum undulatum","","","","","","","","Plantae","Charophyta","Equisetopsida","Apiales","Pittosporaceae","Pittosporum","","","","species","","Vent.","Sweet Pittosporum","","","","","","https://orcid.org/0000-0002-1096-6066","https://orcid.org/0000-0002-1096-6066","","Pittosporum undulatum","","","","","","","","","","","","30955c15-0028-479b-8e37-ae9cff05d127","","","","","","","","","","417274dd-4491-49fa-8e33-6a6745fcdc8c",""
"dr1411","iNaturalist Australia","4451f10d-89e1-4b8a-a0ac-70798fb835f7","2025-10-09T22:29:19Z","","CC-BY-NC 4.0 (Int)","Claire","","","https://www.inaturalist.org/observations/319840429","","","","iNaturalist","Observations","iNaturalist observations","","HUMAN_OBSERVATION","","","","https://www.inaturalist.org/observations/319840429","319840429","","Claire","","","","","","","","","PRESENT","","","","","","","","","","","","","","","","","2025-10-10T08:23:22Z","08:23:22+11:00","283","283","2025","10","10","2025-10-10 08:23:22","","","","","","","","","","","","","","Australia","AU","New South Wales","","","","Georges Hall NSW 2198, Australia","","","","","","","","","","","-33.909608","150.98018","EPSG:4326","12.0","","","","","","","","","","","","","","","","","","","","","","","","","","","","","","","","","","","","","","needs_id","","52356","","","","","","https://id.biodiversity.org.au/node/apni/2917071","Pavonia","Pavonia","","","","","","","","Plantae","Charophyta","Equisetopsida","Malvales","Malvaceae","Pavonia","","","","genus","","Cav.","","","","","","","","","","","","","","","","","","","","","","0d2b33dd-3785-4140-89ae-29b7be631fd0","","","","","","","","","","4451f10d-89e1-4b8a-a0ac-70798fb835f7",""
"dr1411","iNaturalist Australia","5b51ef1c-2a53-4cee-8922-f98d79122099","2025-08-19T12:29Z","","CC-BY 4.0 (Int)","Thomas Mesaglio","","","https://www.inaturalist.org/observations/289445986","","","","iNaturalist","Observations","iNaturalist research-grade observations","","HUMAN_OBSERVATION","","","","https://www.inaturalist.org/observations/289445986","289445986","","Thomas Mesaglio","","","","","","","","","PRESENT","","","","","","","","","","","","","","","","","2025-06-14T11:11:00Z","11:11:00+10:00","165","165","2025","6","14","2025/06/14 11:11 AM","","","","","","","","","","","","","","Australia","AU","New South Wales","","","","Garrison Point Reserve and surrounds, Mirambeena Regional Park, Georges Hall, Sydney, New South Wales","","","","","","","","","","","-33.909599","150.980194","EPSG:4326","15.0","","","","","","","","","","","","","","","","","","","","","","","","","","","","","","","","648530376","","","Thomas Mesaglio","2025-06-14T05:26:43Z","","research","","210193","","","","","","https://id.biodiversity.org.au/taxon/apni/51772307","Goodenia hederacea","Goodenia hederacea","","","","","","","","Plantae","Charophyta","Equisetopsida","Asterales","Goodeniaceae","Goodenia","","","","species","","Sm.","Ivy Goodenia","","","","","","https://orcid.org/0000-0002-1096-6066","https://orcid.org/0000-0002-1096-6066","","Goodenia hederacea","","","","","","","","","","","","ed1381b0-ab60-45eb-9083-eb72590550c2","","","","","","","","","","5b51ef1c-2a53-4cee-8922-f98d79122099",""
"dr1411","iNaturalist Australia","55169c47-7b39-405a-8b81-27a33e3d10a5","2025-06-15T11:12:38Z","","CC-BY-NC 4.0 (Int)","Pete","","","https://www.inaturalist.org/observations/289731136","","","","iNaturalist","Observations","iNaturalist research-grade observations","","HUMAN_OBSERVATION","","","","https://www.inaturalist.org/observations/289731136","289731136","","Pete","","","","","","","","","PRESENT","","","","","","","","","","","","","","","","","2025-06-14T11:15:51Z","11:15:51+10:00","165","165","2025","6","14","2025-06-14 11:15:51","","","","","","","","","","","","","","Australia","AU","New South Wales","","","","Henry Lawson Drive, Georges Hall, NSW, AU","","","","","","","","","","","-33.90969","150.980681","EPSG:4326","11.0","","","","","","","","","","","","","","","","","","","","","","","","","","","","","","","","649034767","","","Pete","2025-06-15T04:40:10Z","","research","","401745","","","","","","https://id.biodiversity.org.au/node/apni/2888469","Eremophila debilis","Eremophila debilis","","","","","","","","Plantae","Charophyta","Equisetopsida","Lamiales","Scrophulariaceae","Eremophila","","","","species","","(Andrews) Chinnock","Winter Apple","","","","","","","","","Eremophila debilis","","","","","","","","","","","","26215798-f04c-4eff-959f-f601e08bb5a8","","","","","","","","","","55169c47-7b39-405a-8b81-27a33e3d10a5",""
"dr1411","iNaturalist Australia","351bfacd-85db-4b90-abb8-bab7e49eb97c","2026-03-13T01:59:30Z","","CC-BY-NC 4.0 (Int)","paulangel","","","https://www.inaturalist.org/observations/342360252","","","","iNaturalist","Observations","iNaturalist research-grade observations","","HUMAN_OBSERVATION","","","","https://www.inaturalist.org/observations/342360252","342360252","","paulangel","","","","","","","","","PRESENT","","","","","","","","","","","","","","","","","2025-07-29T11:45:53Z","11:45:53+10:00","210","210","2025","7","29","2025-07-29 11:45:53","","","","","","","","","","","","","","Australia","AU","New South Wales","","","","Georges Cr, Georges Hall, NSW, AU","","","","","","","","","","","-33.909801","150.980725","EPSG:4326","27.0","","","","","","","","","","","","","","","","","","","","","","","","","","","","","","","","772411858","","","paulangel","2026-03-11T02:25:46Z","","research","","323818","","","","","","https://id.biodiversity.org.au/taxon/apni/51770334","Daviesia ulicifolia","Daviesia ulicifolia","","","","","","","","Plantae","Charophyta","Equisetopsida","Fabales","Fabaceae","Daviesia","","","","species","","Andrews","Gorse Bitter-pea","","","","","","","","","Daviesia ulicifolia","","","","","","","","","","","","392301fb-7a31-4ca2-9b5b-a68b2f60624b","","","","","","","","","","351bfacd-85db-4b90-abb8-bab7e49eb97c",""
"dr1411","iNaturalist Australia","29c822d5-257d-4a5a-a38d-50bd5c1c4bca | 9bdec63a-52f9-464b-a975-aed0d17c8bc2","2025-06-14T01:22:12Z","","CC-BY-NC 4.0 (Int)","julianeribeiro","","","https://www.inaturalist.org/observations/289410246","","","","iNaturalist","Observations","iNaturalist observations","","HUMAN_OBSERVATION","","","","https://www.inaturalist.org/observations/289410246","289410246","","julianeribeiro","","","","","","","","","PRESENT","","","","","","","","","","","","","","","","","2025-06-14T11:16:11Z","11:16:11+10:00","165","165","2025","6","14","2025-06-14 11:16:11","","","","","","","","","","","","","","Australia","AU","New South Wales","","","","Georges Hall NSW 2198, Australia","","","","","","","","","","","-33.909474","150.980417","EPSG:4326","7.0","","","","","","","","","","","","","","","","","","","","","","","","","","","","","","","","","","","","","","needs_id","","353868","","","","","","https://id.biodiversity.org.au/node/apni/2894269","Oxalis perennans","Oxalis perennans","","","","","","","","Plantae","Charophyta","Equisetopsida","Oxalidales","Oxalidaceae","Oxalis","","","","species","","Haw.","Native Sorrel","","","","","","","","","Oxalis perennans","","","","","","","","","","","","c3603e74-ed1b-4e79-85cd-beb678bf4b5e","","","","","","","","","","29c822d5-257d-4a5a-a38d-50bd5c1c4bca | 9bdec63a-52f9-464b-a975-aed0d17c8bc2",""
"dr1411","iNaturalist Australia","0e84f945-1a34-43d8-b68b-448347f6075d | c1005f12-340e-4497-9951-8352d02752c7 | d54fac7d-389f-423b-aeea-6cb7a0fd2915","2025-08-19T12:28:58Z","","CC-BY 4.0 (Int)","Thomas Mesaglio","","","https://www.inaturalist.org/observations/289445071","","","","iNaturalist","Observations","iNaturalist research-grade observations","","HUMAN_OBSERVATION","","","","https://www.inaturalist.org/observations/289445071","289445071","","Thomas Mesaglio","","","","","","","","","PRESENT","","","","","","","","","","","","","","","","","2025-06-14T10:59:00Z","10:59:00+10:00","165","165","2025","6","14","2025/06/14 10:59 AM","","","","","","","","","","","","","","Australia","AU","New South Wales","","","","Garrison Point Reserve and surrounds, Mirambeena Regional Park, Georges Hall, Sydney, New South Wales","","","","","","","","","","","-33.909702","150.980392","EPSG:4326","15.0","","","","","","","","","","","","","","","","","","","","","","","","","","","","","","","","648528107","","","Thomas Mesaglio","2025-06-14T05:18:06Z","","research","","323818","","","","","","https://id.biodiversity.org.au/taxon/apni/51770334","Daviesia ulicifolia","Daviesia ulicifolia","","","","","","","","Plantae","Charophyta","Equisetopsida","Fabales","Fabaceae","Daviesia","","","","species","","Andrews","Gorse Bitter-pea","","","","","","https://orcid.org/0000-0002-1096-6066","https://orcid.org/0000-0002-1096-6066","","Daviesia ulicifolia","","","","","","","","","","","","11445f82-5165-4455-86c6-001f358551df","","","","","","","","","","0e84f945-1a34-43d8-b68b-448347f6075d | c1005f12-340e-4497-9951-8352d02752c7 | d54fac7d-389f-423b-aeea-6cb7a0fd2915",""
"dr1411","iNaturalist Australia","f5c0894e-c7db-46e7-afe2-cd1a0b536f93","2025-08-19T12:28:54Z","","CC-BY 4.0 (Int)","Thomas Mesaglio","","","https://www.inaturalist.org/observations/43542870","","","","iNaturalist","Observations","iNaturalist research-grade observations","","HUMAN_OBSERVATION","","","","https://www.inaturalist.org/observations/43542870","43542870","","Thomas Mesaglio","","","","","","","","","PRESENT","","","","","","","","","","","","","","","","","2020-04-26T10:18:50Z","10:18:50+10:00","117","117","2020","4","26","Sun Apr 26 2020 10:18:50 GMT+1000 (GMT+10)","","","","","","","","","","","","","","Australia","AU","New South Wales","","","","Garrison Point Reserve and surrounds, Mirambeena Regional Park, Georges Hall, Sydney, New South Wales","","","","","","","","","","","-33.909447","150.976853","EPSG:4326","10.0","","","","","","","","","","","","","","","","","","","","","","","","","","","","","","","","98076479","","","laurelrf","2020-04-26T04:44:01Z","","research","","79077","","","","","","https://id.biodiversity.org.au/node/apni/2909922","Sida rhombifolia","Sida rhombifolia","","","","","","","","Plantae","Charophyta","Equisetopsida","Malvales","Malvaceae","Sida","","","","species","","L.","Jelly Leaf","","","","","","https://orcid.org/0000-0002-1096-6066","","","Sida rhombifolia","","","","","","","","","","","","1e4b50af-a47a-4338-992e-a0f92991e5c1","","","","","","","","","","f5c0894e-c7db-46e7-afe2-cd1a0b536f93",""
"dr1411","iNaturalist Australia","9a92e83c-440e-497e-ba93-b816d12114ad","2025-08-19T12:28:55Z","","CC-BY 4.0 (Int)","Thomas Mesaglio","","","https://www.inaturalist.org/observations/289445046","","","","iNaturalist","Observations","iNaturalist research-grade observations","","HUMAN_OBSERVATION","","","","https://www.inaturalist.org/observations/289445046","289445046","","Thomas Mesaglio","","","","","","","","","PRESENT","","","","","","","","","","","","","","","","","2025-06-14T10:50:00Z","10:50:00+10:00","165","165","2025","6","14","2025/06/14 10:50 AM","","","","","","","","","","","","","","Australia","AU","New South Wales","","","","Garrison Point Reserve and surrounds, Mirambeena Regional Park, Georges Hall, Sydney, New South Wales","","","","","","","","","","","-33.909805","150.97995","EPSG:4326","15.0","","","","","","","","","","","","","","","","","","","","","","","","","","","","","","","","648528067","","","Thomas Mesaglio","2025-06-14T05:18:01Z","","research","","64107","","","","","","https://id.biodiversity.org.au/node/apni/2895458","Asparagus asparagoides","Asparagus asparagoides","","","","","","","","Plantae","Charophyta","Equisetopsida","Asparagales","Asparagaceae","Asparagus","","","","species","","(L.) W.Wight","Bridal Creeper","","","","","","https://orcid.org/0000-0002-1096-6066","https://orcid.org/0000-0002-1096-6066","","Asparagus asparagoides","","","","","","","","","","","","66961983-9bde-442e-bc6b-6be2b0888d2d","","","","","","","","","","9a92e83c-440e-497e-ba93-b816d12114ad",""
"dr1411","iNaturalist Australia","297f1274-3535-406a-a4db-552e7aec830c","2025-08-19T12:29:59Z","","CC-BY 4.0 (Int)","Thomas Mesaglio","","","https://www.inaturalist.org/observations/43530574","","","","iNaturalist","Observations","iNaturalist research-grade observations","","HUMAN_OBSERVATION","","","","https://www.inaturalist.org/observations/43530574","43530574","","Thomas Mesaglio","","","","","","","","","PRESENT","","","","","","","","","","","","","","","","","2020-04-26T10:09:33Z","10:09:33+10:00","117","117","2020","4","26","Sun Apr 26 2020 10:09:33 GMT+1000 (GMT+10)","","","","","","","","","","","","","","Australia","AU","New South Wales","","","","Lake Gillawarna and surrounds, Mirambeena Regional Park, Georges Hall, Sydney, New South Wales","","","","","","","","","","","-33.907075","150.979478","EPSG:4326","10.0","","","","","","","","","","","","","","","","","","","","","","","","","","","","","","","","399600878","","","Thomas Mesaglio","2023-08-20T21:43:29Z","","research","","64237","","","","","","https://id.biodiversity.org.au/node/apni/2901931","Phragmites australis","Phragmites australis","","","","","","","","Plantae","Charophyta","Equisetopsida","Poales","Poaceae","Phragmites","","","","species","","(Cav.) Trin. ex Steud.","Common Reed","","","","","","https://orcid.org/0000-0002-1096-6066","https://orcid.org/0000-0002-1096-6066","","Phragmites australis","","","","","","","","","","","","b5f16514-2cfa-4745-a0f1-3faddc1052f1","","","","","","","","","","297f1274-3535-406a-a4db-552e7aec830c",""
"dr1411","iNaturalist Australia","d5260541-5ae2-41bc-bd92-dab1cbc3d56b","2025-08-19T12:28:51Z","","CC-BY 4.0 (Int)","Thomas Mesaglio","","","https://www.inaturalist.org/observations/43537505","","","","iNaturalist","Observations","iNaturalist research-grade observations","","HUMAN_OBSERVATION","","","","https://www.inaturalist.org/observations/43537505","43537505","","Thomas Mesaglio","","","","","","","","","PRESENT","","","","","","","","","","","","","","","","","2020-04-26T10:15:00Z","10:15:00+10:00","117","117","2020","4","26","Sun Apr 26 2020 10:15:00 GMT+1000 (GMT+10)","","","","","","","","","","","","","","Australia","AU","New South Wales","","","","Garrison Point Reserve and surrounds, Mirambeena Regional Park, Georges Hall, Sydney, New South Wales","","","","","","","","","","","-33.910137","150.9776","EPSG:4326","10.0","","","","","","","","","","","","","","","","","","","","","","","","","","","","","","","","117111753","","","J.R. Kuethe","2020-07-14T20:14:56Z","","research","","166212","","","","","","https://id.biodiversity.org.au/node/apni/2890804","Passiflora morifolia","Passiflora morifolia","","","","","","","","Plantae","Charophyta","Equisetopsida","Malpighiales","Passifloraceae","Passiflora","","","","species","","Mast.","","","","","","","https://orcid.org/0000-0002-1096-6066","","","Passiflora morifolia","","","","","","","","","","","","4bf896d0-cfaf-4a24-b028-6eea5105f514","","","","","","","","","","d5260541-5ae2-41bc-bd92-dab1cbc3d56b",""
"dr1411","iNaturalist Australia","4240db7f-5908-46f4-b6f7-d04604074849","2026-03-20T05:16:41Z","","CC-BY-NC 4.0 (Int)","paulangel","","","https://www.inaturalist.org/observations/342359973","","","","iNaturalist","Observations","iNaturalist research-grade observations","","HUMAN_OBSERVATION","","","","https://www.inaturalist.org/observations/342359973","342359973","","paulangel","","","","","","","","","PRESENT","","","","","","","","","","","","","","","","","2025-07-29T11:38:10Z","11:38:10+10:00","210","210","2025","7","29","2025-07-29 11:38:10","","","","","","","","","","","","","","Australia","AU","New South Wales","","","","Henry Lawson Dr, Georges Hall, NSW, AU","","","","","","","","","","","-33.909416","150.980929","EPSG:4326","15.0","","","","","","","","","","","","","","","","","","","","","","","","","","","","","","","","772411164","","","paulangel","2026-03-11T02:22:51Z","","research","","417793","","","","","","https://id.biodiversity.org.au/node/apni/2902322","Dillwynia sieberi","Dillwynia sieberi","","","","","","","","Plantae","Charophyta","Equisetopsida","Fabales","Fabaceae","Dillwynia","","","","species","","Steud.","Sieber's Parrot-pea","","","","","","","","","Dillwynia sieberi","","","","","","","","","","","","05325fba-e1f1-45c4-813f-f4ecbc2258f8","","","","","","","","","","4240db7f-5908-46f4-b6f7-d04604074849",""
"dr1411","iNaturalist Australia","06a4a805-dc34-4a76-ae54-86412e09366a | 501e65f9-6aca-407e-92f6-cf0469e8067c","2024-07-04T08:38:27Z","","CC-BY-NC 4.0 (Int)","boohoo69","","","https://www.inaturalist.org/observations/227036171","","","","iNaturalist","Observations","iNaturalist observations","","HUMAN_OBSERVATION","","","","https://www.inaturalist.org/observations/227036171","227036171","","boohoo69","","","","","","","","","PRESENT","","","","","","","","","","","","","","","","","2024-07-04T14:39:36Z","14:39:36+10:00","186","186","2024","7","4","2024-07-04 14:39:36","","","","","","","","","","","","","","Australia","AU","New South Wales","","","","Bankstown Aerodrome NSW 2198, Australia","","","","","","","","","","","-33.909588","150.97724","EPSG:4326","184.0","","","","","","","","","","","","","","","","","","","","","","","","","","","","","","","","","","","","","","needs_id","","369513","","","","","","https://id.biodiversity.org.au/taxon/apni/51285791","Glycine tabacina","Glycine tabacina","","","","","","","","Plantae","Charophyta","Equisetopsida","Fabales","Fabaceae","Glycine","","","","species","","(Labill.) Benth.","Variable Glycine","","","","","","","","","Glycine tabacina","","","","","","","","","","","","b740e764-12fe-4f72-be02-70ffa2ffcf17","","","","","","","","","","06a4a805-dc34-4a76-ae54-86412e09366a | 501e65f9-6aca-407e-92f6-cf0469e8067c",""
"dr1411","iNaturalist Australia","1ad9a718-dd27-4578-aef2-b055298ccd84 | 2eae1ed7-4e80-4da7-b0a9-20d20559f270 | 5abe8df6-cff1-474b-9dc6-cf67cf586e2e | 6d0bc5d4-82ba-45f4-ad13-25c779880739 | 8c953a6a-05bf-46e9-8c62-31fdf941f446","2024-03-03T04:33:04Z","","CC-BY-NC 4.0 (Int)","Nina","","","https://www.inaturalist.org/observations/200799229","","","","iNaturalist","Observations","iNaturalist research-grade observations","","HUMAN_OBSERVATION","","","","https://www.inaturalist.org/observations/200799229","200799229","","Nina","","","","","","flowers|fruits or seeds|flower buds","","","PRESENT","","","","","","","","","","","","","","","","","2024-02-29T14:47:45Z","14:47:45+11:00","60","60","2024","2","29","2024-02-29 14:47:45","","","","","","","","","","","","","","Australia","AU","New South Wales","","","","Bankstown Aerodrome NSW 2198, Australia","","","","","","","","","","","-33.909113","150.979741","EPSG:4326","271.0","","","","","","","","","","","","","","","","","","","","","","","","","","","","","","","","455536706","","","Nina","2024-02-29T08:49:02Z","","research","","1127797","","","","","","https://id.biodiversity.org.au/node/apni/2912497","Caesia parviflora vittata","Caesia parviflora var. vittata","","","","","","","","Plantae","Charophyta","Equisetopsida","Asparagales","Hemerocallidaceae","Caesia","","","","variety","","(R.Br.) R.J.F.Hend.","Pale Grass-lily","","","","","","","","","Caesia parviflora","","","","","","","","","","","","b857d627-e55c-4f04-8f21-445329313ed1","","","","","","","","","","1ad9a718-dd27-4578-aef2-b055298ccd84 | 2eae1ed7-4e80-4da7-b0a9-20d20559f270 | 5abe8df6-cff1-474b-9dc6-cf67cf586e2e | 6d0bc5d4-82ba-45f4-ad13-25c779880739 | 8c953a6a-05bf-46e9-8c62-31fdf941f446",""
"dr1411","iNaturalist Australia","30097ef1-7f76-4166-918d-b0e640655740 | 9b68bd7f-c2db-42ed-9793-978fe160cb3c","2025-06-14T05:36:54Z","","CC-BY-NC 4.0 (Int)","julianeribeiro","","","https://www.inaturalist.org/observations/289405755","","","","iNaturalist","Observations","iNaturalist research-grade observations","","HUMAN_OBSERVATION","","","","https://www.inaturalist.org/observations/289405755","289405755","","julianeribeiro","","","","","","","","","PRESENT","","","","","","","","","","1b7b3804-020d-4d42-8d59-27374ad6a8b9","","","","","","","2025-06-14T10:53:30Z","10:53:30+10:00","165","165","2025","6","14","2025-06-14 10:53:30","","","","","","","","","","","","","","Australia","AU","New South Wales","","","","Georges Hall NSW 2198, Australia","","","","","","","","","","","-33.909528","150.980208","EPSG:4326","4.0","","","","","","","","","","","","","","","","","","","","","","","","","","","","","","","","648449078","","","julianeribeiro","2025-06-14T00:54:25Z","","research","","208571","","","","","","https://id.biodiversity.org.au/taxon/apni/51291519","Themeda triandra","Themeda triandra","","","","","","","","Plantae","Charophyta","Equisetopsida","Poales","Poaceae","Themeda","","","","species","","Forssk.","Kangaroo Grass","","","","","","","","","Themeda triandra","","","","","","","","","","","","c52ab71f-3080-4b1e-b448-6f9de12b647d","","","","","","","","","","30097ef1-7f76-4166-918d-b0e640655740 | 9b68bd7f-c2db-42ed-9793-978fe160cb3c",""
"dr1411","iNaturalist Australia","11c417d5-cbc4-40a9-a2a7-9fc94aef44f7 | 44e5cb91-937e-410e-bbd1-e822baa471ad","2025-06-14T05:36:32Z","","CC-BY-NC 4.0 (Int)","julianeribeiro","","","https://www.inaturalist.org/observations/289418028","","","","iNaturalist","Observations","iNaturalist research-grade observations","","HUMAN_OBSERVATION","","","","https://www.inaturalist.org/observations/289418028","289418028","","julianeribeiro","","","","","","","","","PRESENT","","","","","","","","","","cff26d61-82a9-4e98-b63c-804c2d9ef5c5","","","","","","","2025-06-14T12:06:19Z","12:06:19+10:00","165","165","2025","6","14","2025-06-14 12:06:19","","","","","","","","","","","","","","Australia","AU","New South Wales","","","","Georges Hall NSW 2198, Australia","","","","","","","","","","","-33.908645","150.980595","EPSG:4326","4.0","","","","","","","","","","","","","","","","","","","","","","","","","","","","","","","","648472289","","","julianeribeiro","2025-06-14T02:06:56Z","","research","","75252","","","","","","https://id.biodiversity.org.au/taxon/apni/51770587","Acacia podalyriifolia","Acacia podalyriifolia","","","","","","","","Plantae","Charophyta","Equisetopsida","Fabales","Fabaceae","Acacia","","","","species","","A.Cunn. ex G.Don","Mount Morgan Wattle","","","","","","","","","Acacia podalyriifolia","","","","","","","","","","","","113b8a70-0ab5-49ad-974f-382b7460f434","","","","","","","","","","11c417d5-cbc4-40a9-a2a7-9fc94aef44f7 | 44e5cb91-937e-410e-bbd1-e822baa471ad",""
"dr1411","iNaturalist Australia","0445a954-88c8-46d8-a9d1-064595ff26b3 | 1a31f3e2-8034-43c1-b193-7e2a022147bd","2024-03-06T02:49:08Z","","CC-BY-NC 4.0 (Int)","maxark","","","https://www.inaturalist.org/observations/201410436","","","","iNaturalist","Observations","iNaturalist research-grade observations","","HUMAN_OBSERVATION","","","","https://www.inaturalist.org/observations/201410436","201410436","","maxark","","","","","","","","","PRESENT","","","","","","","","","","","","","","","","","2024-03-06T08:15:09Z","08:15:09+11:00","66","66","2024","3","6","2024-03-06 08:15:09","","","","","","","","","","","","","","Australia","AU","New South Wales","","","","Bankstown Aerodrome NSW 2198, Australia","","","","","","","","","","","-33.909386","150.980856","EPSG:4326","8.0","","","","","","","","","","","","","","","","","","","","","","","","","","","","","","","","457198107","","","maxark","2024-03-05T21:55:26Z","","research","","161365","","","","","","https://id.biodiversity.org.au/node/apni/2914400","Cymbopogon refractus","Cymbopogon refractus","","","","","","","","Plantae","Charophyta","Equisetopsida","Poales","Poaceae","Cymbopogon","","","","species","","(R.Br.) A.Camus","Barbed-wire Grass","","","","","","","","","Cymbopogon refractus","","","","","","","","","","","","3021e1e3-62cb-46b4-b3a9-b0ea4c774e91","","","","","","","","","","0445a954-88c8-46d8-a9d1-064595ff26b3 | 1a31f3e2-8034-43c1-b193-7e2a022147bd",""
"dr1411","iNaturalist Australia","0d0c47d0-5a51-4ff3-9ca6-96fe4172b3b7 | 0ffe4e52-672d-46bc-af73-55dae3ba7dd5 | 3bac1905-3d44-4ff9-9102-0e277771c1eb | 839a749f-12fc-4e54-bb75-42be636d2d87 | b42a73c5-585d-403d-84cb-e96083dfcc1e | b6b29715-1879-4f7e-8a7b-5453b56e4273 | deab772d-09ad-47a8-b7c5-a6c1165c2963 | f09ea452-3958-4a4d-90dd-a4bed173013a","2024-10-07T04:16:05Z","","CC-BY-NC 4.0 (Int)","Nina","","","https://www.inaturalist.org/observations/201460201","","","","iNaturalist","Observations","iNaturalist research-grade observations","","HUMAN_OBSERVATION","","","","https://www.inaturalist.org/observations/201460201","201460201","","Nina","","","","","","fruits or seeds","","","PRESENT","","","","","","","","","","","","","","","","","2024-03-06T07:50:32Z","07:50:32+11:00","66","66","2024","3","6","2024-03-06 07:50:32","","","","","","","","","","","","","","Australia","AU","New South Wales","","","","Bankstown Aerodrome NSW 2198, Australia","","","","","","","","","","","-33.909307","150.979956","EPSG:4326","214.0","","","","","","","","","","","","","","","","","","","","","","","","","","","","","","","","457327510","","","Nina","2024-03-06T10:02:32Z","","research","","370566","","","","","","https://id.biodiversity.org.au/node/apni/2906157","Brunoniella australis","Brunoniella australis","","","","","","","","Plantae","Charophyta","Equisetopsida","Lamiales","Acanthaceae","Brunoniella","","","","species","","(Cav.) Bremek.","Blue Trumpet","","","","","","","","","Brunoniella australis","","","","","","","","","","","","bd76f5cc-87b6-46a1-8454-1be32ca8e9e7","","","","","","","","","","0d0c47d0-5a51-4ff3-9ca6-96fe4172b3b7 | 0ffe4e52-672d-46bc-af73-55dae3ba7dd5 | 3bac1905-3d44-4ff9-9102-0e277771c1eb | 839a749f-12fc-4e54-bb75-42be636d2d87 | b42a73c5-585d-403d-84cb-e96083dfcc1e | b6b29715-1879-4f7e-8a7b-5453b56e4273 | deab772d-09ad-47a8-b7c5-a6c1165c2963 | f09ea452-3958-4a4d-90dd-a4bed173013a",""
"dr1411","iNaturalist Australia","c95e8c44-928a-4722-a80f-09b7b95d81a0 | e445501a-1bf2-4ffe-9338-e072e8f9a7bd","2025-06-14T05:32:49Z","","CC-BY-NC 4.0 (Int)","julianeribeiro","","","https://www.inaturalist.org/observations/289414413","","","","iNaturalist","Observations","iNaturalist research-grade observations","","HUMAN_OBSERVATION","","","","https://www.inaturalist.org/observations/289414413","289414413","","julianeribeiro","","","","","","","","","PRESENT","","","","","","","","","","6daa2335-b664-4335-b4cb-e83e707767e4","","","","","","","2025-06-14T11:43:10Z","11:43:10+10:00","165","165","2025","6","14","2025-06-14 11:43:10","","","","","","","","","","","","","","Australia","AU","New South Wales","","","","Georges Hall NSW 2198, Australia","","","","","","","","","","","-33.90915","150.980589","EPSG:4326","9.0","","","","","","","","","","","","","","","","","","","","","","","","","","","","","","","","648465721","","","julianeribeiro","2025-06-14T01:46:09Z","","research","","321055","","","","","","https://id.biodiversity.org.au/node/apni/2912378","Wahlenbergia gracilis","Wahlenbergia gracilis","","","","","","","","Plantae","Charophyta","Equisetopsida","Asterales","Campanulaceae","Wahlenbergia","","","","species","","(G.Forst.) A.DC.","Australian Bluebell","","","","","","","","","Wahlenbergia gracilis","","","","","","","","","","","","461ba978-13d5-4514-94b8-e91fe7992ac9","","","","","","","","","","c95e8c44-928a-4722-a80f-09b7b95d81a0 | e445501a-1bf2-4ffe-9338-e072e8f9a7bd",""
"dr1411","iNaturalist Australia","7998c5ba-e6ae-4eb4-ad06-0f2752bf175c | a89801c3-c357-4294-8794-4465ba092831","2025-08-19T12:28:18Z","","CC-BY 4.0 (Int)","Thomas Mesaglio","","","https://www.inaturalist.org/observations/43543812","","","","iNaturalist","Observations","iNaturalist research-grade observations","","HUMAN_OBSERVATION","","","","https://www.inaturalist.org/observations/43543812","43543812","","Thomas Mesaglio","","","","","","","","","PRESENT","","","","","","","","","","","","","","","","","2020-04-26T10:31:09Z","10:31:09+10:00","117","117","2020","4","26","Sun Apr 26 2020 10:31:09 GMT+1000 (GMT+10)","","","","","","","","","","","","","","Australia","AU","New South Wales","","","","Garrison Point Reserve and surrounds, Mirambeena Regional Park, Georges Hall, Sydney, New South Wales","","","","","","","","","","","-33.908742","150.975372","EPSG:4326","10.0","","","","","","","","","","","","","","","","","","","","","","","","","","","","","","","","98075344","","","laurelrf","2020-04-26T04:39:34Z","","research","","369665","","","","","","https://id.biodiversity.org.au/taxon/apni/51735708","Alternanthera denticulata","Alternanthera denticulata","","","","","","","","Plantae","Charophyta","Equisetopsida","Caryophyllales","Amaranthaceae","Alternanthera","","","","species","","R.Br.","Lesser Joyweed","","","","","","https://orcid.org/0000-0002-1096-6066","","","Alternanthera denticulata","","","","","","","","","","","","0f263526-af74-43b1-a3f1-5d6655186925","","","","","","","","","","7998c5ba-e6ae-4eb4-ad06-0f2752bf175c | a89801c3-c357-4294-8794-4465ba092831",""
"dr1411","iNaturalist Australia","39485bb8-7942-4327-8ca0-22ce82dc43f7","2025-08-19T12:28:21Z","","CC-BY 4.0 (Int)","Thomas Mesaglio","","","https://www.inaturalist.org/observations/289443984","","","","iNaturalist","Observations","iNaturalist research-grade observations","","HUMAN_OBSERVATION","","","","https://www.inaturalist.org/observations/289443984","289443984","","Thomas Mesaglio","","","","","","","","","PRESENT","","","","","","","","","","","","","","","","","2025-06-14T09:44:00Z","09:44:00+10:00","165","165","2025","6","14","2025/06/14 9:44 AM","","","","","","","","","","","","","","Australia","AU","New South Wales","","","","Garrison Point Reserve and surrounds, Mirambeena Regional Park, Georges Hall, Sydney, New South Wales","","","","","","","","","","","-33.910076","150.974762","EPSG:4326","15.0","","","","","","","","","","","","","","","","","","","","","","","","","","","","","","","","648525470","","","Thomas Mesaglio","2025-06-14T05:07:55Z","","research","","79077","","","","","","https://id.biodiversity.org.au/node/apni/2909922","Sida rhombifolia","Sida rhombifolia","","","","","","","","Plantae","Charophyta","Equisetopsida","Malvales","Malvaceae","Sida","","","","species","","L.","Jelly Leaf","","","","","","https://orcid.org/0000-0002-1096-6066","https://orcid.org/0000-0002-1096-6066","","Sida rhombifolia","","","","","","","","","","","","6b9dad0e-0396-47b5-8162-0411bf9da060","","","","","","","","","","39485bb8-7942-4327-8ca0-22ce82dc43f7",""
"dr1411","iNaturalist Australia","5d0ea4e5-bffb-47cc-84b4-f72a0e1df653 | 62c2f69e-4c6e-43bd-9d03-e90b6a541afd","2025-06-14T05:36:50Z","","CC-BY-NC 4.0 (Int)","julianeribeiro","","","https://www.inaturalist.org/observations/289407342","","","","iNaturalist","Observations","iNaturalist research-grade observations","","HUMAN_OBSERVATION","","","","https://www.inaturalist.org/observations/289407342","289407342","","julianeribeiro","","","","","","","","","PRESENT","","","","","","","","","","","","","","","","","2025-06-14T11:02:47Z","11:02:47+10:00","165","165","2025","6","14","2025-06-14 11:02:47","","","","","","","","","","","","","","Australia","AU","New South Wales","","","","Georges Hall NSW 2198, Australia","","","","","","","","","","","-33.909668","150.980295","EPSG:4326","9.0","","","","","","","","","","","","","","","","","","","","","","","","","","","","","","","","648451757","","","julianeribeiro","2025-06-14T01:03:24Z","","research","","400329","","","","","","https://id.biodiversity.org.au/node/apni/2916134","Calotis lappulacea","Calotis lappulacea","","","","","","","","Plantae","Charophyta","Equisetopsida","Asterales","Asteraceae","Calotis","","","","species","","Benth.","Yellow Burr-daisy","","","","","","","","","Calotis lappulacea","","","","","","","","","","","","80906946-fc2e-4915-8dc1-387b821cb473","","","","","","","","","","5d0ea4e5-bffb-47cc-84b4-f72a0e1df653 | 62c2f69e-4c6e-43bd-9d03-e90b6a541afd",""
"dr1411","iNaturalist Australia","3d652316-b2b3-42c5-9842-21243062eabb | 500edefc-8a93-4f93-a9b7-afe48b835a5e | d08e4f3c-351d-4563-be07-fab1a21cdbf5","2025-09-15T12:14:23Z","","CC-BY 4.0 (Int)","Thomas Mesaglio","","","https://www.inaturalist.org/observations/289445076","","","","iNaturalist","Observations","iNaturalist research-grade observations","","HUMAN_OBSERVATION","","","","https://www.inaturalist.org/observations/289445076","289445076","","Thomas Mesaglio","","","","","","","","","PRESENT","","","","","","","","","","4a1c89cb-0854-4d06-baf4-e83134e4073c","","","","","","","2025-06-14T10:59:00Z","10:59:00+10:00","165","165","2025","6","14","2025/06/14 10:59 AM","","","","","","","","","","","","","","Australia","AU","New South Wales","","","","Garrison Point Reserve and surrounds, Mirambeena Regional Park, Georges Hall, Sydney, New South Wales","","","","","","","","","","","-33.909702","150.980392","EPSG:4326","15.0","","","","","","","","","","","","","","","","","","","","","","","","","","","","","","","","648528119","","","Thomas Mesaglio","2025-06-14T05:18:07Z","","research","","353960","","","","","","https://id.biodiversity.org.au/taxon/apni/51431568","Lomandra multiflora","Lomandra multiflora","","","","","","","","Plantae","Charophyta","Equisetopsida","Asparagales","Asparagaceae","Lomandra","","","","species","","(R.Br.) Britten","Lomandra","","","","","","https://orcid.org/0000-0002-1096-6066","https://orcid.org/0000-0002-1096-6066","","Lomandra multiflora","","","","","","","","","","","","ddf2be6b-6bd8-4f25-8e8e-777e31535674","","","","","","","","","","3d652316-b2b3-42c5-9842-21243062eabb | 500edefc-8a93-4f93-a9b7-afe48b835a5e | d08e4f3c-351d-4563-be07-fab1a21cdbf5",""
"dr1411","iNaturalist Australia","e3864db9-3f9b-4eca-b60e-3f58bca3b7cc","2025-06-14T01:05:27Z","","CC-BY-NC 4.0 (Int)","Greg Potter","","","https://www.inaturalist.org/observations/289407605","","","","iNaturalist","Observations","iNaturalist observations","","HUMAN_OBSERVATION","","","","https://www.inaturalist.org/observations/289407605","289407605","","Greg Potter","","","","","","","","","PRESENT","","","","","","","","","","e76592ad-c466-4146-8672-cf0de2f0a477","","","","","","","2025-06-14T11:04:36Z","11:04:36+10:00","165","165","2025","6","14","2025-06-14 11:04:36","","","","","","","","","","","","","","Australia","AU","New South Wales","","","","Georges Hall NSW 2198, Australia","","","","","","","","","","","-33.909485","150.980121","EPSG:4326","3.0","","","","","","","","","","","","","","","","","","","","","","","","","","","","","","","","","","","","","","needs_id","","370566","","","","","","https://id.biodiversity.org.au/node/apni/2906157","Brunoniella australis","Brunoniella australis","","","","","","","","Plantae","Charophyta","Equisetopsida","Lamiales","Acanthaceae","Brunoniella","","","","species","","(Cav.) Bremek.","Blue Trumpet","","","","","","","","","Brunoniella australis","","","","","","","","","","","","638fcf01-f556-4faa-8c40-11069a81dc50","","","","","","","","","","e3864db9-3f9b-4eca-b60e-3f58bca3b7cc",""
"dr1411","iNaturalist Australia","011d1470-85f5-4bb5-aff4-162427f343e2 | 1b4387ae-1969-46ee-ba5e-fc9ef5e7436f | 905b8367-de39-4d16-9a90-e14a4ff75c12 | b48cbf7a-2bdc-431f-b32b-9d687f33ddb5 | cbd6c4f2-01ea-4024-856c-a3bc883f7082","2025-08-19T12:28:59Z","","CC-BY 4.0 (Int)","Thomas Mesaglio","","","https://www.inaturalist.org/observations/289445054","","","","iNaturalist","Observations","iNaturalist observations","","HUMAN_OBSERVATION","","","","https://www.inaturalist.org/observations/289445054","289445054","","Thomas Mesaglio","","","","","","","","","PRESENT","","","","","","","","","","","","","","","","","2025-06-14T10:55:00Z","10:55:00+10:00","165","165","2025","6","14","2025/06/14 10:55 AM","","","","","","","","","","","","","","Australia","AU","New South Wales","","","","Garrison Point Reserve and surrounds, Mirambeena Regional Park, Georges Hall, Sydney, New South Wales","","","","","","","","","","","-33.909775","150.980316","EPSG:4326","15.0","","","","","","","","","","","","","","","","","","","","","","","","","","","","","","","","","","","","","","needs_id","","1559245","","","","","","https://id.biodiversity.org.au/taxon/apni/51737650","Arthropodium glareosorum","Arthropodium","","","","","","","","Plantae","Charophyta","Equisetopsida","Asparagales","Asparagaceae","Arthropodium","","","","genus","","R.Br.","Vanilla Lilies","","","","","","https://orcid.org/0000-0002-1096-6066","","","","","","","","","","","","","","","d8bcccc6-2a9e-4b5f-985e-363c6146fb9f","","","","","","","","","","011d1470-85f5-4bb5-aff4-162427f343e2 | 1b4387ae-1969-46ee-ba5e-fc9ef5e7436f | 905b8367-de39-4d16-9a90-e14a4ff75c12 | b48cbf7a-2bdc-431f-b32b-9d687f33ddb5 | cbd6c4f2-01ea-4024-856c-a3bc883f7082",""
"dr1411","iNaturalist Australia","7931c737-28b4-4833-96a6-eb4154b9d75e | 8152d3ba-7842-4901-8866-36924a0fb1ed","2025-08-19T12:28:57Z","","CC-BY 4.0 (Int)","Thomas Mesaglio","","","https://www.inaturalist.org/observations/289445990","","","","iNaturalist","Observations","iNaturalist observations","","HUMAN_OBSERVATION","","","","https://www.inaturalist.org/observations/289445990","289445990","","Thomas Mesaglio","","","","","","","","","PRESENT","","","","","","","","","","","","","","","","","2025-06-14T11:32:00Z","11:32:00+10:00","165","165","2025","6","14","2025/06/14 11:32 AM","","","","","","","","","","","","","","Australia","AU","New South Wales","","","","Garrison Point Reserve and surrounds, Mirambeena Regional Park, Georges Hall, Sydney, New South Wales","","","","","","","","","","","-33.909485","150.980362","EPSG:4326","15.0","","","","","","","","","","","","","","","","","","","","","","","","","","","","","","","","","","","","","","needs_id","","244260","","","","","","https://id.biodiversity.org.au/taxon/apni/51748006","Vittadinia","Vittadinia","","","","","","","","Plantae","Charophyta","Equisetopsida","Asterales","Asteraceae","Vittadinia","","","","genus","","A.Rich.","Fuzzweeds","","","","","","https://orcid.org/0000-0002-1096-6066","","","","","","","","","","","","","","","811f453a-91b2-4dc2-bc88-fb28dcb337a1","","","","","","","","","","7931c737-28b4-4833-96a6-eb4154b9d75e | 8152d3ba-7842-4901-8866-36924a0fb1ed",""
"dr1411","iNaturalist Australia","bb80c8a3-de7f-4e0a-b389-b13576e6d441 | d05b5315-fb68-42a6-aaf6-c617d45bddec","2025-08-19T12:28:21Z","","CC-BY 4.0 (Int)","Thomas Mesaglio","","","https://www.inaturalist.org/observations/289443985","","","","iNaturalist","Observations","iNaturalist research-grade observations","","HUMAN_OBSERVATION","","","","https://www.inaturalist.org/observations/289443985","289443985","","Thomas Mesaglio","","","","","","","","","PRESENT","","","","","","","","","","","","","","","","","2025-06-14T09:45:00Z","09:45:00+10:00","165","165","2025","6","14","2025/06/14 9:45 AM","","","","","","","","","","","","","","Australia","AU","New South Wales","","","","Garrison Point Reserve and surrounds, Mirambeena Regional Park, Georges Hall, Sydney, New South Wales","","","","","","","","","","","-33.910168","150.974808","EPSG:4326","15.0","","","","","","","","","","","","","","","","","","","","","","","","","","","","","","","","648525471","","","Thomas Mesaglio","2025-06-14T05:07:55Z","","research","","53197","","","","","","https://id.biodiversity.org.au/node/apni/2889814","Rumex crispus","Rumex crispus","","","","","","","","Plantae","Charophyta","Equisetopsida","Caryophyllales","Polygonaceae","Rumex","","","","species","","L.","Curled Dock","","","","","","https://orcid.org/0000-0002-1096-6066","https://orcid.org/0000-0002-1096-6066","","Rumex crispus","","","","","","","","","","","","b35a9000-f030-4f18-b22b-586b0f433745","","","","","","","","","","bb80c8a3-de7f-4e0a-b389-b13576e6d441 | d05b5315-fb68-42a6-aaf6-c617d45bddec",""
"dr1411","iNaturalist Australia","0fb09e86-608c-46e4-b77a-e177d37bbe32 | 3fa1d6d3-66ee-41c3-9285-1e40e77638bf | 6939e31f-0900-4e74-81e2-b0416a97f7a5 | 7b67aafb-dc31-436c-bc19-4a82ab998714 | fda3bd27-8c7b-462e-8660-63334edbf61c","2025-08-19T12:29Z","","CC-BY 4.0 (Int)","Thomas Mesaglio","","","https://www.inaturalist.org/observations/289445991","","","","iNaturalist","Observations","iNaturalist research-grade observations","","HUMAN_OBSERVATION","","","","https://www.inaturalist.org/observations/289445991","289445991","","Thomas Mesaglio","","","","","","","","","PRESENT","","","","","","","","","","","","","","","","","2025-06-14T11:21:00Z","11:21:00+10:00","165","165","2025","6","14","2025/06/14 11:21 AM","","","","","","","","","","","","","","Australia","AU","New South Wales","","","","Garrison Point Reserve and surrounds, Mirambeena Regional Park, Georges Hall, Sydney, New South Wales","","","","","","","","","","","-33.909443","150.980301","EPSG:4326","15.0","","","","","","","","","","","","","","","","","","","","","","","","","","","","","","","","648530385","","","Thomas Mesaglio","2025-06-14T05:26:45Z","","research","","516379","","","","","","https://id.biodiversity.org.au/node/apni/2906785","Asperula conferta","Asperula conferta","","","","","","","","Plantae","Charophyta","Equisetopsida","Gentianales","Rubiaceae","Asperula","","","","species","","Hook.f.","Common Woodruff","","","","","","https://orcid.org/0000-0002-1096-6066","https://orcid.org/0000-0002-1096-6066","","Asperula conferta","","","","","","","","","","","","fbec3c1c-4617-4801-b39e-d986aa384876","","","","","","","","","","0fb09e86-608c-46e4-b77a-e177d37bbe32 | 3fa1d6d3-66ee-41c3-9285-1e40e77638bf | 6939e31f-0900-4e74-81e2-b0416a97f7a5 | 7b67aafb-dc31-436c-bc19-4a82ab998714 | fda3bd27-8c7b-462e-8660-63334edbf61c",""
"dr1411","iNaturalist Australia","b50dc84d-865e-4795-b096-1bcffe60e9a5 | d0cc6b21-7c02-4d61-a418-c4b6e5010875","2025-08-19T12:28:21Z","","CC-BY 4.0 (Int)","Thomas Mesaglio","","","https://www.inaturalist.org/observations/289443982","","","","iNaturalist","Observations","iNaturalist research-grade observations","","HUMAN_OBSERVATION","","","","https://www.inaturalist.org/observations/289443982","289443982","","Thomas Mesaglio","","","","","","","","","PRESENT","","","","","","","","","","","","","","","","","2025-06-14T09:44:00Z","09:44:00+10:00","165","165","2025","6","14","2025/06/14 9:44 AM","","","","","","","","","","","","","","Australia","AU","New South Wales","","","","Garrison Point Reserve and surrounds, Mirambeena Regional Park, Georges Hall, Sydney, New South Wales","","","","","","","","","","","-33.910076","150.974762","EPSG:4326","15.0","","","","","","","","","","","","","","","","","","","","","","","","","","","","","","","","648525465","","","Thomas Mesaglio","2025-06-14T05:07:54Z","","research","","162718","","","","","","https://id.biodiversity.org.au/taxon/apni/51770858","Erythrina crista-galli","Erythrina crista-galli","","","","","","","","Plantae","Charophyta","Equisetopsida","Fabales","Fabaceae","Erythrina","","","","species","","L.","Cockspur Coral Tree","","","","","","https://orcid.org/0000-0002-1096-6066","https://orcid.org/0000-0002-1096-6066","","Erythrina crista-galli","","","","","","","","","","","","a27ab7d5-0886-4391-8aee-3196cbad5fa2","","","","","","","","","","b50dc84d-865e-4795-b096-1bcffe60e9a5 | d0cc6b21-7c02-4d61-a418-c4b6e5010875",""
"dr1411","iNaturalist Australia","1dbcf4c2-4bfc-463a-9502-b646369fabe9 | 7ba3ba0a-f4e5-40aa-84af-14c38f3611d2","2025-08-19T12:28:24Z","","CC-BY 4.0 (Int)","Thomas Mesaglio","","","https://www.inaturalist.org/observations/289444018","","","","iNaturalist","Observations","iNaturalist observations","","HUMAN_OBSERVATION","","","","https://www.inaturalist.org/observations/289444018","289444018","","Thomas Mesaglio","","","","","","","","","PRESENT","","","","","","","","","","","","","","","","","2025-06-14T10:01:00Z","10:01:00+10:00","165","165","2025","6","14","2025/06/14 10:01 AM","","","","","","","","","","","","","","Australia","AU","New South Wales","","","","Garrison Point Reserve and surrounds, Mirambeena Regional Park, Georges Hall, Sydney, New South Wales","","","","","","","","","","","-33.909523","150.97525","EPSG:4326","15.0","","","","","","","","","","","","","","","","","","","","","","","","","","","","","","","","","","","","","","needs_id","","60150","","","","","","https://id.biodiversity.org.au/taxon/apni/51747637","Soliva sessilis","Soliva sessilis","","","","","","","","Plantae","Charophyta","Equisetopsida","Asterales","Asteraceae","Soliva","","","","species","","Ruiz & Pav.","Jo-jo","","","","","","https://orcid.org/0000-0002-1096-6066","","","Soliva sessilis","","","","","","","","","","","","eddecded-3705-4e8a-976f-c21ecb7e4977","","","","","","","","","","1dbcf4c2-4bfc-463a-9502-b646369fabe9 | 7ba3ba0a-f4e5-40aa-84af-14c38f3611d2",""
"dr1411","iNaturalist Australia","334a9826-b055-43e0-8f28-3331d2a41b9c | 9d6c34af-f738-4710-b1a6-203052a87386 | a43f3fa8-47b1-42eb-84fd-bba80e176c59 | bc3c7117-4b3a-4b05-bf01-edab70083b71","2024-05-13T09:58:17Z","","CC-BY-NC 4.0 (Int)","maxark","","","https://www.inaturalist.org/observations/201415991","","","","iNaturalist","Observations","iNaturalist research-grade observations","","HUMAN_OBSERVATION","","","","https://www.inaturalist.org/observations/201415991","201415991","","maxark","","","","","","flowers|fruits or seeds","","","PRESENT","","","","","","","","","","","","","","","","","2024-03-06T08:25:53Z","08:25:53+11:00","66","66","2024","3","6","2024-03-06 08:25:53","","","","","","","","","","","","","","Australia","AU","New South Wales","","","","Bankstown Aerodrome NSW 2198, Australia","","","","","","","","","","","-33.909438","150.979319","EPSG:4326","87.0","","","","","","","","","","","","","","","","","","","","","","","","","","","","","","","","457212216","","","maxark","2024-03-05T22:57:52Z","","research","","400329","","","","","","https://id.biodiversity.org.au/node/apni/2916134","Calotis lappulacea","Calotis lappulacea","","","","","","","","Plantae","Charophyta","Equisetopsida","Asterales","Asteraceae","Calotis","","","","species","","Benth.","Yellow Burr-daisy","","","","","","","","","Calotis lappulacea","","","","","","","","","","","","d19d608d-8b8b-4350-80a0-a4925cd213f6","","","","","","","","","","334a9826-b055-43e0-8f28-3331d2a41b9c | 9d6c34af-f738-4710-b1a6-203052a87386 | a43f3fa8-47b1-42eb-84fd-bba80e176c59 | bc3c7117-4b3a-4b05-bf01-edab70083b71",""
"dr1411","iNaturalist Australia","20a2b9be-a69c-4292-bf8c-bfd2d5820d10","2025-08-19T12:28:52Z","","CC-BY 4.0 (Int)","Thomas Mesaglio","","","https://www.inaturalist.org/observations/43542920","","","","iNaturalist","Observations","iNaturalist research-grade observations","","HUMAN_OBSERVATION","","","","https://www.inaturalist.org/observations/43542920","43542920","","Thomas Mesaglio","","","","","","","","","PRESENT","","","","","","","","","","277deeb2-ecf3-4bf8-89d1-bdec3781b4b9","","","","","","","2020-04-26T10:19:29Z","10:19:29+10:00","117","117","2020","4","26","Sun Apr 26 2020 10:19:29 GMT+1000 (GMT+10)","","","","","","","","","","","","","","Australia","AU","New South Wales","","","","Garrison Point Reserve and surrounds, Mirambeena Regional Park, Georges Hall, Sydney, New South Wales","","","","","","","","","","","-33.909528","150.976913","EPSG:4326","10.0","","","","","","","","","","","","","","","","","","","","","","","","","","","","","","","","98073223","","","Thomas Mesaglio","2020-04-26T04:30:57Z","","research","","159852","","","","","","https://id.biodiversity.org.au/node/apni/2904154","Cardiospermum grandiflorum","Cardiospermum grandiflorum","","","","","","","","Plantae","Charophyta","Equisetopsida","Sapindales","Sapindaceae","Cardiospermum","","","","species","","Sw.","Balloon Vine","","","","","","https://orcid.org/0000-0002-1096-6066","https://orcid.org/0000-0002-1096-6066","","Cardiospermum grandiflorum","","","","","","","","","","","","926332ed-d5c0-41fa-a536-a91cdda63603","","","","","","","","","","20a2b9be-a69c-4292-bf8c-bfd2d5820d10",""
"dr1411","iNaturalist Australia","2ad30cd1-98d2-418f-8a74-d3a5b849ce80 | 5b1fa9e5-1819-4201-b244-ab18c83647b6 | 6b041a6c-5d3a-4c9b-9c20-30ca573bbbaa | cfa2e7ed-376e-444d-90df-5fbafe8a43cc","2025-08-19T12:28:21Z","","CC-BY 4.0 (Int)","Thomas Mesaglio","","","https://www.inaturalist.org/observations/289443988","","","","iNaturalist","Observations","iNaturalist research-grade observations","","HUMAN_OBSERVATION","","","","https://www.inaturalist.org/observations/289443988","289443988","","Thomas Mesaglio","","","","","","","","","PRESENT","","","","","","","","","","","","","","","","","2025-06-14T09:46:00Z","09:46:00+10:00","165","165","2025","6","14","2025/06/14 9:46 AM","","","","","","","","","","","","","","Australia","AU","New South Wales","","","","Garrison Point Reserve and surrounds, Mirambeena Regional Park, Georges Hall, Sydney, New South Wales","","","","","","","","","","","-33.910267","150.974854","EPSG:4326","15.0","","","","","","","","","","","","","","","","","","","","","","","","","","","","","","","","648525475","","","Thomas Mesaglio","2025-06-14T05:07:56Z","","research","","353937","","","","","","https://id.biodiversity.org.au/node/apni/2908318","Leptinella longipes","Leptinella longipes","","","","","","","","Plantae","Charophyta","Equisetopsida","Asterales","Asteraceae","Leptinella","","","","species","","Hook.f.","Coast Cotula","","","","","","https://orcid.org/0000-0002-1096-6066","https://orcid.org/0000-0002-1096-6066","","Leptinella longipes","","","","","","","","","","","","33f0d6ee-348d-435d-8e08-395865217689","","","","","","","","","","2ad30cd1-98d2-418f-8a74-d3a5b849ce80 | 5b1fa9e5-1819-4201-b244-ab18c83647b6 | 6b041a6c-5d3a-4c9b-9c20-30ca573bbbaa | cfa2e7ed-376e-444d-90df-5fbafe8a43cc",""
"dr1411","iNaturalist Australia","057d15de-c17e-4451-ae6b-7e9ac5c9c9d5 | 1d86207a-3a79-41ed-8365-061d1f9b243c | b466a972-f59a-4628-910f-06096a420ebf | c37d580f-17ff-477d-8b80-5039f8ce9610 | dd81e12e-da64-47c7-a3b0-8fc06d2a923c | e4c16ce5-6407-419f-b78b-70fc7db6f16a | f053bb65-70a7-45fb-b4c7-512ba60082d7","2025-08-19T12:28:58Z","","CC-BY 4.0 (Int)","Thomas Mesaglio","","","https://www.inaturalist.org/observations/289445055","","","","iNaturalist","Observations","iNaturalist observations","","HUMAN_OBSERVATION","","","","https://www.inaturalist.org/observations/289445055","289445055","","Thomas Mesaglio","","","","","","","","","PRESENT","","","","","","","","","","","","","","","","","2025-06-14T10:54:00Z","10:54:00+10:00","165","165","2025","6","14","2025/06/14 10:54 AM","","","","","","","","","","","","","","Australia","AU","New South Wales","","","","Garrison Point Reserve and surrounds, Mirambeena Regional Park, Georges Hall, Sydney, New South Wales","","","","","","","","","","","-33.909775","150.980316","EPSG:4326","15.0","","","","","","","","","","","","","","","","","","","","","","","","","","","","","","","","","","","","","","needs_id","","210574","","","","","","https://id.biodiversity.org.au/taxon/apni/51748159","Cassinia","Cassinia","","","","","","","","Plantae","Charophyta","Equisetopsida","Asterales","Asteraceae","Cassinia","","","","genus","","R.Br.","","","","","","","https://orcid.org/0000-0002-1096-6066","","","","","","","","","","","","","","","aa4393d7-790f-41cf-8b4d-5800be07dd78","","","","","","","","","","057d15de-c17e-4451-ae6b-7e9ac5c9c9d5 | 1d86207a-3a79-41ed-8365-061d1f9b243c | b466a972-f59a-4628-910f-06096a420ebf | c37d580f-17ff-477d-8b80-5039f8ce9610 | dd81e12e-da64-47c7-a3b0-8fc06d2a923c | e4c16ce5-6407-419f-b78b-70fc7db6f16a | f053bb65-70a7-45fb-b4c7-512ba60082d7",""
"dr1411","iNaturalist Australia","","2024-12-03T20:41:34Z","","CC-BY-NC 4.0 (Int)","Robyn","","","https://www.inaturalist.org/observations/253862771","","","","iNaturalist","Observations","iNaturalist observations","","HUMAN_OBSERVATION","","","","https://www.inaturalist.org/observations/253862771","253862771","","Robyn","","","","","","","","","PRESENT","","","","","","","?","","","","","","","","","","2024-12-02T13:55:07Z","13:55:07+11:00","337","337","2024","12","2","2024-12-02 13:55:07","","","","","","","","","","","","","","Australia","AU","New South Wales","","","","Georges Hall NSW 2198, Australia","","","","","","","","","","","-33.910082","150.9788","EPSG:4326","","","","","","","","","","","","","","","","","","","","","","","","","","","","","","","","","","","","","","","needs_id","","514989","","","","","","https://id.biodiversity.org.au/taxon/apni/51644646","Pooideae","Poaceae","","","","","","","","Plantae","Charophyta","Equisetopsida","Poales","Poaceae","","","","","family","","Barnhart","Grasses","","","","","","","","","","","","","","","","","","","","","9dbd7891-9b65-4208-a7f0-b5b0906c8159","","","","","","","","","","",""
"dr1411","iNaturalist Australia","622724f9-a1ae-4a25-9757-f87786db3b8c | a60cee46-184f-4b80-a23f-85368a8fa92c | b1648883-b507-488c-8884-07f330b65d5b","2026-02-15T13:26:10Z","","CC-BY 4.0 (Int)","Thomas Mesaglio","","","https://www.inaturalist.org/observations/289445995","","","","iNaturalist","Observations","iNaturalist research-grade observations","","HUMAN_OBSERVATION","","","","https://www.inaturalist.org/observations/289445995","289445995","","Thomas Mesaglio","","","","","","","","","PRESENT","","","","","","","","","","7a32aa1d-6f79-4a5f-9cc2-48e5c6aab8da","","","","","","","2025-06-14T11:36:00Z","11:36:00+10:00","165","165","2025","6","14","2025/06/14 11:36 AM","","","","","","","","","","","","","","Australia","AU","New South Wales","","","","Garrison Point Reserve and surrounds, Mirambeena Regional Park, Georges Hall, Sydney, New South Wales","","","","","","","","","","","-33.909603","150.980804","EPSG:4326","15.0","","","","","","","","","","","","","","","","","","","","","","","","","","","","","","","","648530392","","","Thomas Mesaglio","2025-06-14T05:26:46Z","","research","","323803","","","","","","https://id.biodiversity.org.au/taxon/apni/51770723","Bossiaea prostrata","Bossiaea prostrata","","","","","","","","Plantae","Charophyta","Equisetopsida","Fabales","Fabaceae","Bossiaea","","","","species","","R.Br.","Creeping Bossiaea","","","","","","https://orcid.org/0000-0002-1096-6066","https://orcid.org/0000-0002-1096-6066","","Bossiaea prostrata","","","","","","","","","","","","7eb4bbd2-fde3-44b0-bf44-3804556cc29e","","","","","","","","","","622724f9-a1ae-4a25-9757-f87786db3b8c | a60cee46-184f-4b80-a23f-85368a8fa92c | b1648883-b507-488c-8884-07f330b65d5b",""
"dr1411","iNaturalist Australia","3fc6d707-e702-47d9-8ad9-5c860e7f7ec3","2026-03-16T07:23:03Z","","CC-BY-NC 4.0 (Int)","paulangel","","","https://www.inaturalist.org/observations/342359861","","","","iNaturalist","Observations","iNaturalist observations","","HUMAN_OBSERVATION","","","","https://www.inaturalist.org/observations/342359861","342359861","","paulangel","","","","","","","","","PRESENT","","","","","","","","","","","","","","","","","2025-07-29T11:37:33Z","11:37:33+10:00","210","210","2025","7","29","2025-07-29 11:37:33","","","","","","","","","","","","","","Australia","AU","New South Wales","","","","Henry Lawson Dr, Georges Hall, NSW, AU","","","","","","","","","","","-33.909414","150.98058","EPSG:4326","8.0","","","","","","","","","","","","","","","","","","","","","","","","","","","","","","","","","","","","","","needs_id","","321145","","","","","","https://id.biodiversity.org.au/node/apni/2917185","Melaleuca hypericifolia","Melaleuca hypericifolia","","","","","","","","Plantae","Charophyta","Equisetopsida","Myrtales","Myrtaceae","Melaleuca","","","","species","","Sm.","Hillock Bush","","","","","","","","","Melaleuca hypericifolia","","","","","","","","","","","","1e647eca-6bbb-4e6f-aaa1-f43cb31bb4b5","","","","","","","","","","3fc6d707-e702-47d9-8ad9-5c860e7f7ec3",""
"dr1411","iNaturalist Australia","6d954c41-b163-4ca9-87b8-c4b30e8cceaf | 8726b9b6-3d7d-4616-9a22-1e3925f6fdfb | c2f4c2f2-4ec8-47de-b556-b0abf71ac9bc","2025-06-13T07:28:32Z","","CC-BY-NC 4.0 (Int)","Greg Potter","","","https://www.inaturalist.org/observations/261285361","","","","iNaturalist","Observations","iNaturalist research-grade observations","","HUMAN_OBSERVATION","","","","https://www.inaturalist.org/observations/261285361","261285361","","Greg Potter","","","","","","","","","PRESENT","","","","","","","","","","","","","","","","","2025-02-11T08:49:43Z","08:49:43+11:00","42","42","2025","2","11","2025-02-11 08:49:43","","","","","","","","","","","","","","Australia","AU","New South Wales","","","","Georges Hall NSW 2198, Australia","","","","","","","","","","","-33.909668","150.980257","EPSG:4326","3.0","","","","","","","","","","","","","","","","","","","","","","","","","","","","","","","","591330238","","","Greg Potter","2025-02-10T21:51:35Z","","research","","210193","","","","","","https://id.biodiversity.org.au/taxon/apni/51772307","Goodenia hederacea","Goodenia hederacea","","","","","","","","Plantae","Charophyta","Equisetopsida","Asterales","Goodeniaceae","Goodenia","","","","species","","Sm.","Ivy Goodenia","","","","","","","","","Goodenia hederacea","","","","","","","","","","","","2bf6ee18-ab93-4872-80da-26ddefc4a454","","","","","","","","","","6d954c41-b163-4ca9-87b8-c4b30e8cceaf | 8726b9b6-3d7d-4616-9a22-1e3925f6fdfb | c2f4c2f2-4ec8-47de-b556-b0abf71ac9bc",""
"dr1411","iNaturalist Australia","9aceee84-1be5-4631-88c7-41c65b62b7d7 | e496379b-14ef-4f81-97f1-8cd2d044a7b9","2025-06-14T05:36:40Z","","CC-BY-NC 4.0 (Int)","julianeribeiro","","","https://www.inaturalist.org/observations/289407727","","","","iNaturalist","Observations","iNaturalist research-grade observations","","HUMAN_OBSERVATION","","","","https://www.inaturalist.org/observations/289407727","289407727","","julianeribeiro","","","","","","","","","PRESENT","","","","","","","","","","39b255c8-bf3f-4639-ae48-76ecdacf8ca3","","","","","","","2025-06-14T11:05:39Z","11:05:39+10:00","165","165","2025","6","14","2025-06-14 11:05:39","","","","","","","","","","","","","","Australia","AU","New South Wales","","","","Georges Hall NSW 2198, Australia","","","","","","","","","","","-33.909568","150.980352","EPSG:4326","8.0","","","","","","","","","","","","","","","","","","","","","","","","","","","","","","","","648452660","","","julianeribeiro","2025-06-14T01:06:12Z","","research","","323943","","","","","","https://id.biodiversity.org.au/taxon/apni/51445936","Cheilanthes sieberi","Cheilanthes sieberi","","","","","","","","Plantae","Charophyta","Equisetopsida","","Pteridaceae","Cheilanthes","","","","species","","Kunze","Rock Fern","","","","","","","","","Cheilanthes sieberi","","","","","","","","","","","","efbe6b59-2975-4ba1-bab5-5c387a2294c2","","","","","","","","","","9aceee84-1be5-4631-88c7-41c65b62b7d7 | e496379b-14ef-4f81-97f1-8cd2d044a7b9",""
"dr1411","iNaturalist Australia","194f08be-12f8-48b4-945c-8d8d5f9463d8 | 3d671b0b-f9ab-4171-a526-518227359046 | 8a978bc6-1a4a-4bb8-8c5d-c8f85536d8e3 | 99a18fb2-50ad-4e7b-bcd4-c63376d70269","2025-06-14T05:37:52Z","","CC-BY-NC 4.0 (Int)","Greg Potter","","","https://www.inaturalist.org/observations/261307422","","","","iNaturalist","Observations","iNaturalist research-grade observations","","HUMAN_OBSERVATION","","","","https://www.inaturalist.org/observations/261307422","261307422","","Greg Potter","","","","","","","","","PRESENT","","","","","","","","","","","","","","","","","2025-02-11T09:08:28Z","09:08:28+11:00","42","42","2025","2","11","2025-02-11 09:08:28","","","","","","","","","","","","","","Australia","AU","New South Wales","","","","Georges Hall NSW 2198, Australia","","","","","","","","","","","-33.909647","150.980163","EPSG:4326","","","","","","","","","","","","","","","","","","","","","","","","","","","","","","","","","591387176","","","Greg Potter","2025-02-11T02:10:19Z","","research","","370497","","","","","","https://id.biodiversity.org.au/node/apni/2898397","Polymeria calycina","Polymeria calycina","","","","","","","","Plantae","Charophyta","Equisetopsida","Solanales","Convolvulaceae","Polymeria","","","","species","","R.Br.","Pink Bindweed","","","","","","","","","Polymeria calycina","","","","","","","","","","","","cc58391f-cf64-46e9-8b65-dafe28ae46cb","","","","","","","","","","194f08be-12f8-48b4-945c-8d8d5f9463d8 | 3d671b0b-f9ab-4171-a526-518227359046 | 8a978bc6-1a4a-4bb8-8c5d-c8f85536d8e3 | 99a18fb2-50ad-4e7b-bcd4-c63376d70269",""
"dr1411","iNaturalist Australia","0978d005-7fd8-45b2-b809-1c25bedda0a6 | 700b7ef2-aecb-46a8-a6dc-22402957fbef","2025-06-24T00:10:29Z","","CC-BY-NC 4.0 (Int)","Amanda Lockhart","","","https://www.inaturalist.org/observations/292214616","","","","iNaturalist","Observations","iNaturalist research-grade observations","","HUMAN_OBSERVATION","","","","https://www.inaturalist.org/observations/292214616","292214616","","Amanda Lockhart","","","","","","","","","PRESENT","","","","","","","","","","","","","","","","","2025-06-24T09:05:58Z","09:05:58+10:00","175","175","2025","6","24","2025-06-24 09:05:58","","","","","","","","","","","","","","Australia","AU","New South Wales","","","","Georges Hall NSW 2198, Australia","","","","","","","","","","","-33.909574","150.980222","EPSG:4326","5.0","","","","","","","","","","","","","","","","","","","","","","","","","","","","","","","","653790095","","","Amanda Lockhart","2025-06-23T23:06:48Z","","research","","400329","","","","","","https://id.biodiversity.org.au/node/apni/2916134","Calotis lappulacea","Calotis lappulacea","","","","","","","","Plantae","Charophyta","Equisetopsida","Asterales","Asteraceae","Calotis","","","","species","","Benth.","Yellow Burr-daisy","","","","","","","","","Calotis lappulacea","","","","","","","","","","","","41706930-9e42-4613-becd-218bf259ead2","","","","","","","","","","0978d005-7fd8-45b2-b809-1c25bedda0a6 | 700b7ef2-aecb-46a8-a6dc-22402957fbef",""
"dr1411","iNaturalist Australia","3ad7a3cf-67e9-4b13-a435-80dc00cb8412","2024-07-04T12:22:54Z","","CC-BY-NC 4.0 (Int)","boohoo69","","","https://www.inaturalist.org/observations/227036017","","","","iNaturalist","Observations","iNaturalist research-grade observations","","HUMAN_OBSERVATION","","","","https://www.inaturalist.org/observations/227036017","227036017","","boohoo69","","","","","","","","","PRESENT","","","","","","","","","","","","","","","","","2024-07-04T14:36:18Z","14:36:18+10:00","186","186","2024","7","4","2024-07-04 14:36:18","","","","","","","","","","","","","","Australia","AU","New South Wales","","","","Bankstown Aerodrome NSW 2198, Australia","","","","","","","","","","","-33.909491","150.977137","EPSG:4326","184.0","","","","","","","","","","","","","","","","","","","","","","","","","","","","","","","","509760170","","","superbum2","2024-07-04T08:39:27Z","","research","I think","401745","","","","","","https://id.biodiversity.org.au/node/apni/2888469","Eremophila debilis","Eremophila debilis","","","","","","","","Plantae","Charophyta","Equisetopsida","Lamiales","Scrophulariaceae","Eremophila","","","","species","","(Andrews) Chinnock","Winter Apple","","","","","","","","","Eremophila debilis","","","","","","","","","","","","63b6e12f-2da3-4ef2-9385-5e894d6890c2","","","","","","","","","","3ad7a3cf-67e9-4b13-a435-80dc00cb8412",""
"dr1411","iNaturalist Australia","277e9293-e545-4da4-b1bf-aad304996f4a | 6f8cab26-9c55-4554-897c-914a6ddb8674 | c65803f1-fa91-4d43-81a0-f9b43469d8f8","2022-10-11T03:45:52Z","","CC-BY-NC 4.0 (Int)","Evangelos Laios","","","https://www.inaturalist.org/observations/112900765","","","","iNaturalist","Observations","iNaturalist observations","","HUMAN_OBSERVATION","","","","https://www.inaturalist.org/observations/112900765","112900765","","Evangelos Laios","","","","","","","","","PRESENT","","","","","","","","","","","","","","","","","2022-04-26T08:57:41Z","08:57:41+10:00","116","116","2022","4","26","2022-04-26 08:57:41","","","","","","","","","","","","","","Australia","AU","New South Wales","","","","Georges Hall NSW 2198, Australia","","","","","","","","","","","-33.907757","150.98168","EPSG:4326","8.0","","","","","","","","","","","","","","","","","","","","","","","","","","","","","","","","","","","","","","needs_id","","53914","","","","","","https://id.biodiversity.org.au/node/apni/2897905","Scutellaria","Scutellaria","","","","","","","","Plantae","Charophyta","Equisetopsida","Lamiales","Lamiaceae","Scutellaria","","","","genus","","L.","Skull Cap","","","","","","","","","","","","","","","","","","","","","1a41a34e-ae6a-45d2-8d30-2d132d2c3eb0","","","","","","","","","","277e9293-e545-4da4-b1bf-aad304996f4a | 6f8cab26-9c55-4554-897c-914a6ddb8674 | c65803f1-fa91-4d43-81a0-f9b43469d8f8",""
"dr1411","iNaturalist Australia","07ab7e3d-2ef2-49d2-8d27-2cd89873f4d5 | 0f7e4a98-c7f0-40ab-9084-6f9ef21db5ef | 24d808e6-1916-4df9-a46f-8ab46c2a61df | 3d6922cf-9de2-432c-b96b-cf1a70f041ba | 4aad90e6-2123-42e2-b068-958256c59ebf | 4e197651-9312-4f72-ba91-fa070f8f7b16 | 7dc0f320-2704-4ebf-9fb7-afd5bdeb7455 | a2bc4932-13cb-4795-bfa4-52632f03e689 | a9994742-ae9f-4af6-a480-979629972ec5 | aad5e9e2-5d48-4d68-8e4e-c2d5a1501a67 | aaea09cf-1c35-43f9-a4b5-41a6a870a134 | d55d8c84-0bfa-43c0-bf6c-2f34444f4290 | db365210-637d-485b-a840-02de753e7c5b | f9310e92-0be2-4e5e-b684-14a026e409fe | fc9591b9-2d77-4c36-84fd-56835a21fa92","2025-05-27T04:22:39Z","","CC-BY-NC 4.0 (Int)","petervanerk","","","https://www.inaturalist.org/observations/282302555","","","","iNaturalist","Observations","iNaturalist observations","","HUMAN_OBSERVATION","","","","https://www.inaturalist.org/observations/282302555","282302555","","petervanerk","","","","","","","","","PRESENT","","","","","","","","","","","","","","","","","2025-05-19T15:54:52Z","15:54:52+10:00","139","139","2025","5","19","2025-05-19 15:54:52","","","","","","","","","","","","","","Australia","AU","New South Wales","","","","Georges Hall NSW 2198, Australia","","","","","","","","","","","-33.909027","150.979721","EPSG:4326","","","","","","","","","","","","","","","","","","","","","","","","","","","","","","","","","636047658","","","petervanerk","2025-05-22T08:45:10Z","","needs_id","","63993","","","","","","https://id.biodiversity.org.au/taxon/apni/51442520","Aristida","Aristida","","","","","","","","Plantae","Charophyta","Equisetopsida","Poales","Poaceae","Aristida","","","","genus","","L.","Wind-grass","","","","","","","","","","","","","","","","","","","","","27664a99-494a-4b00-a72d-3c8dbd65d013","","","","","","","","","","07ab7e3d-2ef2-49d2-8d27-2cd89873f4d5 | 0f7e4a98-c7f0-40ab-9084-6f9ef21db5ef | 24d808e6-1916-4df9-a46f-8ab46c2a61df | 3d6922cf-9de2-432c-b96b-cf1a70f041ba | 4aad90e6-2123-42e2-b068-958256c59ebf | 4e197651-9312-4f72-ba91-fa070f8f7b16 | 7dc0f320-2704-4ebf-9fb7-afd5bdeb7455 | a2bc4932-13cb-4795-bfa4-52632f03e689 | a9994742-ae9f-4af6-a480-979629972ec5 | aad5e9e2-5d48-4d68-8e4e-c2d5a1501a67 | aaea09cf-1c35-43f9-a4b5-41a6a870a134 | d55d8c84-0bfa-43c0-bf6c-2f34444f4290 | db365210-637d-485b-a840-02de753e7c5b | f9310e92-0be2-4e5e-b684-14a026e409fe | fc9591b9-2d77-4c36-84fd-56835a21fa92",""
"dr1411","iNaturalist Australia","e9d494dc-21aa-45bb-a5c7-0010992454db","2025-06-14T05:36:22Z","","CC-BY-NC 4.0 (Int)","julianeribeiro","","","https://www.inaturalist.org/observations/289408834","","","","iNaturalist","Observations","iNaturalist research-grade observations","","HUMAN_OBSERVATION","","","","https://www.inaturalist.org/observations/289408834","289408834","","julianeribeiro","","","","","","","","","PRESENT","","","","","","","","","","","","","","","","","2025-06-14T11:12:14Z","11:12:14+10:00","165","165","2025","6","14","2025-06-14 11:12:14","","","","","","","","","","","","","","Australia","AU","New South Wales","","","","Georges Hall NSW 2198, Australia","","","","","","","","","","","-33.909493","150.980391","EPSG:4326","3.0","","","","","","","","","","","","","","","","","","","","","","","","","","","","","","","","648454877","","","julianeribeiro","2025-06-14T01:12:45Z","","research","","559367","","","","","","https://id.biodiversity.org.au/node/apni/2916956","Microlaena stipoides","Microlaena stipoides","","","","","","","","Plantae","Charophyta","Equisetopsida","Poales","Poaceae","Microlaena","","","","species","","(Labill.) R.Br.","Weeping Grass","","","","","","","","","Microlaena stipoides","","","","","","","","","","","","dac54424-d201-4550-9c54-03bd84e7ad98","","","","","","","","","","e9d494dc-21aa-45bb-a5c7-0010992454db",""
"dr1411","iNaturalist Australia","","2024-12-04T18:42:22Z","","CC-BY-NC 4.0 (Int)","Robyn","","","https://www.inaturalist.org/observations/253862762","","","","iNaturalist","Observations","iNaturalist research-grade observations","","HUMAN_OBSERVATION","","","","https://www.inaturalist.org/observations/253862762","253862762","","Robyn","","","","","","","","","PRESENT","","","","","","","Dichelachne sp?","","","","","","","","","","2024-12-02T07:58:43Z","07:58:43+11:00","337","337","2024","12","2","2024-12-02 07:58:43","","","","","","","","","","","","","","Australia","AU","New South Wales","","","","Georges Hall NSW 2198, Australia","","","","","","","","","","","-33.909168","150.981015","EPSG:4326","","","","","","","","","","","","","","","","","","","","","","","","","","","","","","","","","570609584","","","Harry Rose","2024-12-03T20:42:52Z","","research","awns are a finger width or less in length. They are much longer in crinita","353853","","","","","","https://id.biodiversity.org.au/node/apni/2909052","Dichelachne micrantha","Dichelachne micrantha","","","","","","","","Plantae","Charophyta","Equisetopsida","Poales","Poaceae","Dichelachne","","","","species","","(Cav.) Domin","Small-seed Plume-grass","","","","","","","","","Dichelachne micrantha","","","","","","","","","","","","b689e5a8-cc3b-48fb-8efe-27a1baf8f1e9","","","","","","","","","","",""
"dr1411","iNaturalist Australia","304e0a60-43f3-49c2-a66d-a3253d161136 | cfa8bccc-5689-4383-ab6e-623608abb893 | e9be1a24-36bb-44e1-b2e4-0663a48124d1","2025-08-19T12:28:59Z","","CC-BY 4.0 (Int)","Thomas Mesaglio","","","https://www.inaturalist.org/observations/289446002","","","","iNaturalist","Observations","iNaturalist observations","","HUMAN_OBSERVATION","","","","https://www.inaturalist.org/observations/289446002","289446002","","Thomas Mesaglio","","","","","","","","","PRESENT","","","","","","","","","","9f746e6b-d7fe-4ed3-a3cb-57739d4f513a","","","","","","","2025-06-14T12:10:00Z","12:10:00+10:00","165","165","2025","6","14","2025/06/14 12:10 PM","","","","","","","","","","","","","","Australia","AU","New South Wales","","","","Garrison Point Reserve and surrounds, Mirambeena Regional Park, Georges Hall, Sydney, New South Wales","","","","","","","","","","","-33.90892","150.980743","EPSG:4326","15.0","","","","","","","","","","","","","","","","","","","","","","","","","","","","","","","","","","","","","","needs_id","","77102","","","","","","https://id.biodiversity.org.au/taxon/apni/51743538","Euchiton sphaericus","Euchiton sphaericus","","","","","","","","Plantae","Charophyta","Equisetopsida","Asterales","Asteraceae","Euchiton","","","","species","","(Willd.) Holub","Common Cudweed","","","","","","https://orcid.org/0000-0002-1096-6066","","","Euchiton sphaericus","","","","","","","","","","","","b900cc09-98ca-4103-96ef-2702813502dd","","","","","","","","","","304e0a60-43f3-49c2-a66d-a3253d161136 | cfa8bccc-5689-4383-ab6e-623608abb893 | e9be1a24-36bb-44e1-b2e4-0663a48124d1",""
"dr1411","iNaturalist Australia","461fc814-ddbd-47b9-9e11-7d5144356cac | 61bcd519-f87a-40e4-93d2-1e3488fdca58","2025-10-23T08:40:06Z","","CC-BY-NC 4.0 (Int)","banksiafairy","","","https://www.inaturalist.org/observations/251271657","","","","iNaturalist","Observations","iNaturalist research-grade observations","","HUMAN_OBSERVATION","","","","https://www.inaturalist.org/observations/251271657","251271657","","banksiafairy","","","","","","","","","PRESENT","","","","","","","Caesia parviflora var vittata - Blue Grass Lily - in Abundant flower on a grassy hill in Garrison Point Reserve, Georges Hall, Sydney NSW. Please feel free to correct me if wrong - not the best photos (mostly showing the back of the blooms d'oh)","","","","","","","","","","2024-11-10T16:09:00Z","16:09:00+11:00","315","315","2024","11","10","2024/11/10 4:09 PM","","","","","","","","","","","","","","Australia","AU","New South Wales","","","","Garrison Point Reserve, LOT 77 Beatty Parade, Georges Hall NSW 2198, Australia","","","","","","","","","","","-33.909588","150.97724","EPSG:4326","186.0","","","","","","","","","","","","","","","","","","","","","","","","","","","","","","","","562979776","","","banksiafairy","2024-11-11T05:01:25Z","","research","","1127797","","","","","","https://id.biodiversity.org.au/node/apni/2912497","Caesia parviflora vittata","Caesia parviflora var. vittata","","","","","","","","Plantae","Charophyta","Equisetopsida","Asparagales","Hemerocallidaceae","Caesia","","","","variety","","(R.Br.) R.J.F.Hend.","Pale Grass-lily","","","","","","","","","Caesia parviflora","","","","","","","","","","","","ae0cb72b-d7d5-4a92-baab-dea5fde15ff6","","","","","","","","","","461fc814-ddbd-47b9-9e11-7d5144356cac | 61bcd519-f87a-40e4-93d2-1e3488fdca58",""
"dr1411","iNaturalist Australia","49a17f67-116c-461e-8316-34e6b1865f40 | 5dab831b-ce8f-48f3-983c-460d926f7b5f | 625046be-d3e5-40aa-9fdb-81ded6cb9ed1 | 87df229f-3d50-4a86-ad0e-087f3ee5ad46","2025-06-14T00:58:09Z","","CC-BY-NC 4.0 (Int)","julianeribeiro","","","https://www.inaturalist.org/observations/289406495","","","","iNaturalist","Observations","iNaturalist observations","","HUMAN_OBSERVATION","","","","https://www.inaturalist.org/observations/289406495","289406495","","julianeribeiro","","","","","","","","","PRESENT","","","","","","","","","","","","","","","","","2025-06-14T10:56:58Z","10:56:58+10:00","165","165","2025","6","14","2025-06-14 10:56:58","","","","","","","","","","","","","","Australia","AU","New South Wales","","","","Georges Hall NSW 2198, Australia","","","","","","","","","","","-33.90959","150.980226","EPSG:4326","4.0","","","","","","","","","","","","","","","","","","","","","","","","","","","","","","","","","","","","","","needs_id","","51815","","","","","","https://id.biodiversity.org.au/taxon/apni/51788529","Eucalyptus","Eucalyptus","","","","","","","","Plantae","Charophyta","Equisetopsida","Myrtales","Myrtaceae","Eucalyptus","","","","genus","","L'Hér.","Gum Trees","","","","","","","","","","","","","","","","","","","","","13e5c75f-d3f2-42de-8f67-ffe12dd21ba6","","","","","","","","","","49a17f67-116c-461e-8316-34e6b1865f40 | 5dab831b-ce8f-48f3-983c-460d926f7b5f | 625046be-d3e5-40aa-9fdb-81ded6cb9ed1 | 87df229f-3d50-4a86-ad0e-087f3ee5ad46",""
"dr1411","iNaturalist Australia","24d28b8e-9fa5-4a94-9d12-b670d44b371a | 62128b7f-199c-4b26-85ef-96ca0f6f3dc3 | 988a0ca9-05af-49a6-aa27-31f564dd98c5","2025-08-19T12:28:57Z","","CC-BY 4.0 (Int)","Thomas Mesaglio","","","https://www.inaturalist.org/observations/289445998","","","","iNaturalist","Observations","iNaturalist observations","","HUMAN_OBSERVATION","","","","https://www.inaturalist.org/observations/289445998","289445998","","Thomas Mesaglio","","","","","","","","","PRESENT","","","","","","","","","","461ba978-13d5-4514-94b8-e91fe7992ac9","","","","","","","2025-06-14T12:07:00Z","12:07:00+10:00","165","165","2025","6","14","2025/06/14 12:07 PM","","","","","","","","","","","","","","Australia","AU","New South Wales","","","","Garrison Point Reserve and surrounds, Mirambeena Regional Park, Georges Hall, Sydney, New South Wales","","","","","","","","","","","-33.909229","150.980698","EPSG:4326","15.0","","","","","","","","","","","","","","","","","","","","","","","","","","","","","","","","","","","","","","needs_id","","321055","","","","","","https://id.biodiversity.org.au/node/apni/2912378","Wahlenbergia gracilis","Wahlenbergia gracilis","","","","","","","","Plantae","Charophyta","Equisetopsida","Asterales","Campanulaceae","Wahlenbergia","","","","species","","(G.Forst.) A.DC.","Australian Bluebell","","","","","","https://orcid.org/0000-0002-1096-6066","","","Wahlenbergia gracilis","","","","","","","","","","","","6daa2335-b664-4335-b4cb-e83e707767e4","","","","","","","","","","24d28b8e-9fa5-4a94-9d12-b670d44b371a | 62128b7f-199c-4b26-85ef-96ca0f6f3dc3 | 988a0ca9-05af-49a6-aa27-31f564dd98c5",""
"dr1411","iNaturalist Australia","929c680e-9820-4c43-a812-cec08dbc183f","2025-12-14T11:07Z","","CC-BY-NC 4.0 (Int)","weedsboy","","","https://www.inaturalist.org/observations/194309975","","","","iNaturalist","Observations","iNaturalist observations","","HUMAN_OBSERVATION","","","","https://www.inaturalist.org/observations/194309975","194309975","","weedsboy","","","","","","","","","PRESENT","","","","","","","","","","","","","","","","","2023-12-19T08:48:07Z","08:48:07+11:00","353","353","2023","12","19","2023-12-19 08:48:07","","","","","","","","","","","","","","Australia","AU","New South Wales","","","","Bankstown Aerodrome NSW 2198, Australia","","","","","","","","","","","-33.908856","150.980839","EPSG:4326","6.0","","","","","","","","","","","","","","","","","","","","","","","","","","","","","","","","","","","","","","needs_id","","47124","","","","","","NZOR-6-116611","Magnoliopsida","Magnoliopsida","","","","","","","","Plantae","Tracheophyta","Magnoliopsida","","","","","","","class","","Brongn.","","","","","","","","","","","","","","","","","","","","","","2bb752e1-5ee6-4a9b-8366-de014d6721d0","","","","","","","","","","929c680e-9820-4c43-a812-cec08dbc183f",""
"dr1411","iNaturalist Australia","47aa4648-62ad-4ce1-9cbc-af9f1ad0824c | 7185e253-a5fc-4e29-bd41-8fd847dd25d3 | a0358bd3-4908-4a60-9451-764537707ea6 | aea93cff-5a95-4f41-8615-d50e26bf7829 | c189888a-547f-440e-a9fc-2e14d55c3453","2024-03-06T04:24:50Z","","CC-BY-NC 4.0 (Int)","maxark","","","https://www.inaturalist.org/observations/201406553","","","","iNaturalist","Observations","iNaturalist research-grade observations","","HUMAN_OBSERVATION","","","","https://www.inaturalist.org/observations/201406553","201406553","","maxark","","","","","","","","","PRESENT","","","","","","","","","","","","","","","","","2024-03-06T07:54:28Z","07:54:28+11:00","66","66","2024","3","6","2024-03-06 07:54:28","","","","","","","","","","","","","","Australia","AU","New South Wales","","","","Bankstown Aerodrome NSW 2198, Australia","","","","","","","","","","","-33.908822","150.981091","EPSG:4326","12.0","","","","","","","","","","","","","","","","","","","","","","","","","","","","","","","","457210699","","","maxark","2024-03-05T22:50:16Z","","research","","401745","","","","","","https://id.biodiversity.org.au/node/apni/2888469","Eremophila debilis","Eremophila debilis","","","","","","","","Plantae","Charophyta","Equisetopsida","Lamiales","Scrophulariaceae","Eremophila","","","","species","","(Andrews) Chinnock","Winter Apple","","","","","","","","","Eremophila debilis","","","","","","","","","","","","d6e1d1d2-b540-4c7d-aeb3-a43f38f1a978","","","","","","","","","","47aa4648-62ad-4ce1-9cbc-af9f1ad0824c | 7185e253-a5fc-4e29-bd41-8fd847dd25d3 | a0358bd3-4908-4a60-9451-764537707ea6 | aea93cff-5a95-4f41-8615-d50e26bf7829 | c189888a-547f-440e-a9fc-2e14d55c3453",""
"dr1411","iNaturalist Australia","7a84b33b-d640-4c85-bf09-d6c80b87991c | 85c87642-3bff-4c20-92ab-3564135dfffa","2025-08-19T12:30:05Z","","CC-BY 4.0 (Int)","Thomas Mesaglio","","","https://www.inaturalist.org/observations/43545971","","","","iNaturalist","Observations","iNaturalist observations","","HUMAN_OBSERVATION","","","","https://www.inaturalist.org/observations/43545971","43545971","","Thomas Mesaglio","","","","","","","","","PRESENT","","","","","","","","","","","","","","","","","2020-04-26T10:52:20Z","10:52:20+10:00","117","117","2020","4","26","Sun Apr 26 2020 10:52:20 GMT+1000 (GMT+10)","","","","","","","","","","","","","","Australia","AU","New South Wales","","","","Lake Gillawarna and surrounds, Mirambeena Regional Park, Georges Hall, Sydney, New South Wales","","","","","","","","","","","-33.907355","150.980195","EPSG:4326","10.0","","","","","","","","","","","","","","","","","","","","","","","","","","","","","","","","","","","","","","needs_id","","51815","","","","","","https://id.biodiversity.org.au/taxon/apni/51788529","Eucalyptus","Eucalyptus","","","","","","","","Plantae","Charophyta","Equisetopsida","Myrtales","Myrtaceae","Eucalyptus","","","","genus","","L'Hér.","Gum Trees","","","","","","https://orcid.org/0000-0002-1096-6066","","","","","","","","","","","","","","","490578b3-f3a7-4b9c-afc5-6571f318a195","","","","","","","","","","7a84b33b-d640-4c85-bf09-d6c80b87991c | 85c87642-3bff-4c20-92ab-3564135dfffa",""
"dr1411","iNaturalist Australia","539050d1-3d6e-4e45-9bad-d88235b54a50","2026-03-17T12:16:04Z","","CC-BY 4.0 (Int)","Thomas Mesaglio","","","https://www.inaturalist.org/observations/43542344","","","","iNaturalist","Observations","iNaturalist observations","","HUMAN_OBSERVATION","","","","https://www.inaturalist.org/observations/43542344","43542344","","Thomas Mesaglio","","","","","","","","","PRESENT","","","","","","","","","","","","","","","","","2020-04-26T10:16:46Z","10:16:46+10:00","117","117","2020","4","26","Sun Apr 26 2020 10:16:46 GMT+1000 (GMT+10)","","","","","","","","","","","","","","Australia","AU","New South Wales","","","","Garrison Point Reserve and surrounds, Mirambeena Regional Park, Georges Hall, Sydney, New South Wales","","","","","","","","","","","-33.909358","150.977355","EPSG:4326","10.0","","","","","","","","","","","","","","","","","","","","","","","","","","","","","","","","","","","","","","needs_id","","167116","","","","","","https://id.biodiversity.org.au/node/apni/2894361","Podranea ricasoliana","Podranea ricasoliana","","","","","","","","Plantae","Charophyta","Equisetopsida","Lamiales","Bignoniaceae","Podranea","","","","species","","(Tanfani) Sprague","Pink Trumpet Vine","","","","","","https://orcid.org/0000-0002-1096-6066","","","Podranea ricasoliana","","","","","","","","","","","","86ce3e89-689f-4d48-9b4b-dbd77c44af40","","","","","","","","","","539050d1-3d6e-4e45-9bad-d88235b54a50",""
"dr1411","iNaturalist Australia","12d60d20-458e-4bb5-bd46-8d9b4e0a60d2 | 2b1584d5-1de4-4523-997b-61ad48e4ebf6 | 64b13e51-e4e4-489d-bd1b-506934271cf9 | 6b14382e-916f-4214-aae4-3963049239e4 | ae1756c4-a8db-4bc3-8bcf-c9d0aab5739c | cd318b7d-07c2-4a95-87c5-f6250e55ee28 | e9de79a5-5915-4ef5-bec9-9cf090cc4f88","2024-03-02T22:47:42Z","","CC-BY-NC 4.0 (Int)","Nina","","","https://www.inaturalist.org/observations/200967915","","","","iNaturalist","Observations","iNaturalist research-grade observations","","HUMAN_OBSERVATION","","","","https://www.inaturalist.org/observations/200967915","200967915","","Nina","","","","","","","","","PRESENT","","","","","","","","","","","","","","","","","2024-02-29T14:36:52Z","14:36:52+11:00","60","60","2024","2","29","2024-02-29 14:36:52","","","","","","","","","","","","","","Australia","AU","New South Wales","","","","Bankstown Aerodrome NSW 2198, Australia","","","","","","","","","","","-33.909072","150.979781","EPSG:4326","263.0","","","","","","","","","","","","","","","","","","","","","","","","","","","","","","","","456066480","","","Nina","2024-03-02T03:24:59Z","","research","","353864","","","","","","https://id.biodiversity.org.au/node/apni/2911261","Aristida vagans","Aristida vagans","","","","","","","","Plantae","Charophyta","Equisetopsida","Poales","Poaceae","Aristida","","","","species","","Cav.","Threeawn Speargrass","","","","","","","","","Aristida vagans","","","","","","","","","","","","3d943b5b-3cf5-4830-b6cb-174fd914bcb9","","","","","","","","","","12d60d20-458e-4bb5-bd46-8d9b4e0a60d2 | 2b1584d5-1de4-4523-997b-61ad48e4ebf6 | 64b13e51-e4e4-489d-bd1b-506934271cf9 | 6b14382e-916f-4214-aae4-3963049239e4 | ae1756c4-a8db-4bc3-8bcf-c9d0aab5739c | cd318b7d-07c2-4a95-87c5-f6250e55ee28 | e9de79a5-5915-4ef5-bec9-9cf090cc4f88",""
"dr1411","iNaturalist Australia","8cdacf8e-5956-4285-ae6d-e248bc30cb21 | 9f9c3023-a818-4869-89a2-7db2eb67d25a | ac7bc300-b5b0-4275-8c7d-070efcfbf776","2025-12-04T08:28:19Z","","CC-BY-NC 4.0 (Int)","Greg Potter","","","https://www.inaturalist.org/observations/261281606","","","","iNaturalist","Observations","iNaturalist research-grade observations","","HUMAN_OBSERVATION","","","","https://www.inaturalist.org/observations/261281606","261281606","","Greg Potter","","","","","","","","","PRESENT","","","","","","","Spotted by Dan","","","","","","","","","","2025-02-11T08:04:31Z","08:04:31+11:00","42","42","2025","2","11","2025-02-11 08:04:31","","","","","","","","","","","","","","Australia","AU","New South Wales","","","","Georges Hall NSW 2198, Australia","","","","","","","","","","","-33.909328","150.980706","EPSG:4326","5.0","","","","","","","","","","","","","","","","","","","","","","","","","","","","","","","","591319919","","","Greg Potter","2025-02-10T21:08:35Z","","research","","1436637","","","","","","https://id.biodiversity.org.au/taxon/apni/51448730","Pigea stellarioides","Afrohybanthus stellarioides","","","","","","","","Plantae","Charophyta","Equisetopsida","Malpighiales","Violaceae","Afrohybanthus","","","","species","","(Domin) Flicker","","","","","","","","","","Afrohybanthus stellarioides","","","","","","","","","","","","558c928c-5378-4134-827a-9f2ba362636b","","","","","","","","","","8cdacf8e-5956-4285-ae6d-e248bc30cb21 | 9f9c3023-a818-4869-89a2-7db2eb67d25a | ac7bc300-b5b0-4275-8c7d-070efcfbf776",""
"dr1411","iNaturalist Australia","74d885f2-a18a-426d-a095-1761e976706d","2025-08-19T12:28:53Z","","CC-BY 4.0 (Int)","Thomas Mesaglio","","","https://www.inaturalist.org/observations/43542412","","","","iNaturalist","Observations","iNaturalist research-grade observations","","HUMAN_OBSERVATION","","","","https://www.inaturalist.org/observations/43542412","43542412","","Thomas Mesaglio","","","","","","","","","PRESENT","","","","","","","","","","926332ed-d5c0-41fa-a536-a91cdda63603","","","","","","","2020-04-26T10:16:51Z","10:16:51+10:00","117","117","2020","4","26","Sun Apr 26 2020 10:16:51 GMT+1000 (GMT+10)","","","","","","","","","","","","","","Australia","AU","New South Wales","","","","Garrison Point Reserve and surrounds, Mirambeena Regional Park, Georges Hall, Sydney, New South Wales","","","","","","","","","","","-33.909338","150.977387","EPSG:4326","10.0","","","","","","","","","","","","","","","","","","","","","","","","","","","","","","","","98077131","","","laurelrf","2020-04-26T04:46:19Z","","research","","159852","","","","","","https://id.biodiversity.org.au/node/apni/2904154","Cardiospermum grandiflorum","Cardiospermum grandiflorum","","","","","","","","Plantae","Charophyta","Equisetopsida","Sapindales","Sapindaceae","Cardiospermum","","","","species","","Sw.","Balloon Vine","","","","","","https://orcid.org/0000-0002-1096-6066","","","Cardiospermum grandiflorum","","","","","","","","","","","","277deeb2-ecf3-4bf8-89d1-bdec3781b4b9","","","","","","","","","","74d885f2-a18a-426d-a095-1761e976706d",""
"dr1411","iNaturalist Australia","a72264b4-9179-4a27-b9f6-7fc396fb14cd | d6e05cba-e16e-4ac6-ab5f-9542ef067710","2025-06-14T05:32:47Z","","CC-BY-NC 4.0 (Int)","julianeribeiro","","","https://www.inaturalist.org/observations/289413776","","","","iNaturalist","Observations","iNaturalist research-grade observations","","HUMAN_OBSERVATION","","","","https://www.inaturalist.org/observations/289413776","289413776","","julianeribeiro","","","","","","","","","PRESENT","","","","","","","","","","","","","","","","","2025-06-14T11:41:27Z","11:41:27+10:00","165","165","2025","6","14","2025-06-14 11:41:27","","","","","","","","","","","","","","Australia","AU","New South Wales","","","","Georges Hall NSW 2198, Australia","","","","","","","","","","","-33.909139","150.980604","EPSG:4326","6.0","","","","","","","","","","","","","","","","","","","","","","","","","","","","","","","","648464475","","","julianeribeiro","2025-06-14T01:41:54Z","","research","","911585","","","","","","https://id.biodiversity.org.au/taxon/apni/51433167","Chenopodium robertianum","Einadia hastata","","","","","","","","Plantae","Charophyta","Equisetopsida","Caryophyllales","Chenopodiaceae","Einadia","","","","species","","(R.Br.) A.J.Scott","Saloop","","","","","","","","","Einadia hastata","","","","","","","","","","","","8a72e040-f4aa-4af6-a23d-e3fd4a1700f8","","","","","","","","","","a72264b4-9179-4a27-b9f6-7fc396fb14cd | d6e05cba-e16e-4ac6-ab5f-9542ef067710",""
"dr1411","iNaturalist Australia","4b05013d-9d5f-4a6e-b3c4-2721cfbb20c0","2025-08-19T12:30:10Z","","CC-BY 4.0 (Int)","Thomas Mesaglio","","","https://www.inaturalist.org/observations/43546267","","","","iNaturalist","Observations","iNaturalist research-grade observations","","HUMAN_OBSERVATION","","","","https://www.inaturalist.org/observations/43546267","43546267","","Thomas Mesaglio","","","","","","flowers","","","PRESENT","","","","","","","","","","","","","","","","","2020-04-26T10:57:39Z","10:57:39+10:00","117","117","2020","4","26","Sun Apr 26 2020 10:57:39 GMT+1000 (GMT+10)","","","","","","","","","","","","","","Australia","AU","New South Wales","","","","Lake Gillawarna and surrounds, Mirambeena Regional Park, Georges Hall, Sydney, New South Wales","","","","","","","","","","","-33.907967","150.98143","EPSG:4326","10.0","","","","","","","","","","","","","","","","","","","","","","","","","","","","","","","","98080289","","","Thomas Mesaglio","2020-04-26T04:58:34Z","","research","","64017","","","","","","https://id.biodiversity.org.au/node/apni/2912193","Arundo donax","Arundo donax","","","","","","","","Plantae","Charophyta","Equisetopsida","Poales","Poaceae","Arundo","","","","species","","L.","Giant Reed","","","","","","https://orcid.org/0000-0002-1096-6066","https://orcid.org/0000-0002-1096-6066","","Arundo donax","","","","","","","","","","","","1793c8cb-e775-4806-86a8-ebfeae04d957","","","","","","","","","","4b05013d-9d5f-4a6e-b3c4-2721cfbb20c0",""
"dr1411","iNaturalist Australia","138eff4a-73cf-4fb7-897e-ee8ddc50122c | 342dd10e-6711-48c7-8623-0a0171603171 | 78684610-99cb-4700-bbe3-b1cca93409c8 | a8b171ae-dec7-4ba6-a95d-d433005ebfb6 | bcda50b0-6681-4026-9eed-233b651d1bff","2026-03-22T05:03:06Z","","CC-BY-NC 4.0 (Int)","angiegreenthumb","","","https://www.inaturalist.org/observations/55352018","","","","iNaturalist","Observations","iNaturalist observations","","HUMAN_OBSERVATION","","","","https://www.inaturalist.org/observations/55352018","55352018","","angiegreenthumb","","","","","","","","","PRESENT","","","","","","","Several of these growing close to eachother, ground was flooded earlier, 10-15metres from river, nightshades growing near it","","","","","","","","","","2020-08-04T12:41:37Z","12:41:37+10:00","217","217","2020","8","4","2020-08-04 12:41:37 PM GMT+10:00","","","","","","","","","","","","","","Australia","AU","New South Wales","","","","Georges Hall NSW 2198, Australia","","","","","","","","","","","-33.90723","150.973884","EPSG:4326","24.0","","","","","","","","","","","","","","","","","","","","","","","","","","","","","","","","","","","","","","needs_id","","1674804","","","","","","https://id.biodiversity.org.au/taxon/apni/51788529","Adnataria","Eucalyptus","","","","","","","","Plantae","Charophyta","Equisetopsida","Myrtales","Myrtaceae","Eucalyptus","","","","genus","","L'Hér.","Gum Trees","","","","","","","","","","","","","","","","","","","","","9464d126-3b7a-49dc-81a3-0b6f85dd7051","","","","","","","","","","138eff4a-73cf-4fb7-897e-ee8ddc50122c | 342dd10e-6711-48c7-8623-0a0171603171 | 78684610-99cb-4700-bbe3-b1cca93409c8 | a8b171ae-dec7-4ba6-a95d-d433005ebfb6 | bcda50b0-6681-4026-9eed-233b651d1bff",""
"dr1411","iNaturalist Australia","3ed3dc9f-638f-45e5-99ee-9bc73c9b1b32 | 66b7aa61-87f8-426f-a6c2-80f5c4c0ece7","2026-02-11T21:04:24Z","","CC-BY 4.0 (Int)","Thomas Mesaglio","","","https://www.inaturalist.org/observations/43530451","","","","iNaturalist","Observations","iNaturalist research-grade observations","","HUMAN_OBSERVATION","","","","https://www.inaturalist.org/observations/43530451","43530451","","Thomas Mesaglio","","","","","","flower buds","","","PRESENT","","","","","","","","","","","","","","","","","2020-04-26T10:09:19Z","10:09:19+10:00","117","117","2020","4","26","Sun Apr 26 2020 10:09:19 GMT+1000 (GMT+10)","","","","","","","","","","","","","","Australia","AU","New South Wales","","","","Lake Gillawarna and surrounds, Mirambeena Regional Park, Georges Hall, Sydney, New South Wales","","","","","","","","","","","-33.906983","150.979387","EPSG:4326","10.0","","","","","","","","","","","","","","","","","","","","","","","","","","","","","","","","98048986","","","Thomas Mesaglio","2020-04-26T03:11:03Z","","research","","183233","","","","","","https://id.biodiversity.org.au/node/apni/2913346","Aegiceras corniculatum","Aegiceras corniculatum","","","","","","","","Plantae","Charophyta","Equisetopsida","Ericales","Primulaceae","Aegiceras","","","","species","","(L.) Blanco","River Mangrove","","","","","","https://orcid.org/0000-0002-1096-6066","https://orcid.org/0000-0002-1096-6066","","Aegiceras corniculatum","","","","","","","","","","","","05285a9d-b798-4351-816d-a17d5e72377f","","","","","","","","","","3ed3dc9f-638f-45e5-99ee-9bc73c9b1b32 | 66b7aa61-87f8-426f-a6c2-80f5c4c0ece7",""
"dr1411","iNaturalist Australia","19afd5cd-ff05-4e6b-a9a6-9364b861c2a1","2025-08-19T12:28:18Z","","CC-BY 4.0 (Int)","Thomas Mesaglio","","","https://www.inaturalist.org/observations/43543770","","","","iNaturalist","Observations","iNaturalist research-grade observations","","HUMAN_OBSERVATION","","","","https://www.inaturalist.org/observations/43543770","43543770","","Thomas Mesaglio","","","","","","","","","PRESENT","","","","","","","","","","","","","","","","","2020-04-26T10:24:27Z","10:24:27+10:00","117","117","2020","4","26","Sun Apr 26 2020 10:24:27 GMT+1000 (GMT+10)","","","","","","","","","","","","","","Australia","AU","New South Wales","","","","Garrison Point Reserve and surrounds, Mirambeena Regional Park, Georges Hall, Sydney, New South Wales","","","","","","","","","","","-33.908203","150.975478","EPSG:4326","10.0","","","","","","","","","","","","","","","","","","","","","","","","","","","","","","","","98074898","","","Thomas Mesaglio","2020-04-26T04:37:35Z","","research","","160234","","","","","","https://id.biodiversity.org.au/node/apni/2893120","Casuarina glauca","Casuarina glauca","","","","","","","","Plantae","Charophyta","Equisetopsida","Fagales","Casuarinaceae","Casuarina","","","","species","","Sieber ex Spreng.","Swamp Oak","","","","","","https://orcid.org/0000-0002-1096-6066","https://orcid.org/0000-0002-1096-6066","","Casuarina glauca","","","","","","","","","","","","d9ff8c65-3714-43be-92bc-cacf21d9a54f","","","","","","","","","","19afd5cd-ff05-4e6b-a9a6-9364b861c2a1",""
"dr1411","iNaturalist Australia","a811194a-2ecf-4e0d-aee9-b4cef36b3398","2026-03-22T23:07:14Z","","CC-BY-NC 4.0 (Int)","paulangel","","","https://www.inaturalist.org/observations/342360055","","","","iNaturalist","Observations","iNaturalist observations","","HUMAN_OBSERVATION","","","{""leaves"":""green leaves""}","https://www.inaturalist.org/observations/342360055","342360055","","paulangel","","","","","","","","","PRESENT","","","","","","","","","","","","","","","","","2025-07-29T11:43:44Z","11:43:44+10:00","210","210","2025","7","29","2025-07-29 11:43:44","","","","","","","","","","","","","","Australia","AU","New South Wales","","","","Henry Lawson Dr, Georges Hall, NSW, AU","","","","","","","","","","","-33.909537","150.980509","EPSG:4326","13.0","","","","","","","","","","","","","","","","","","","","","","","","","","","","","","","","","","","","","","needs_id","","47163","","","","","","NZOR-6-33408","Liliopsida","Tracheophyta","","","","","","","","Plantae","Tracheophyta","","","","","","","","phylum","","","","","","","","","","","","","","","","","","","","","","","","2295bec9-42fd-4c39-be25-f999e817f4e3","","","","","","","","","","a811194a-2ecf-4e0d-aee9-b4cef36b3398",""
"dr1411","iNaturalist Australia","b810541d-036c-48e2-a516-c27bec5e4a63","2025-05-29T21:08:33Z","","CC-BY-NC 4.0 (Int)","Greg Potter","","","https://www.inaturalist.org/observations/261308316","","","","iNaturalist","Observations","iNaturalist research-grade observations","","HUMAN_OBSERVATION","","","","https://www.inaturalist.org/observations/261308316","261308316","","Greg Potter","","","","","","","","","PRESENT","","","","","","","","","","638fcf01-f556-4faa-8c40-11069a81dc50","","","","","","","2025-02-11T13:24:45Z","13:24:45+11:00","42","42","2025","2","11","2025-02-11 13:24:45","","","","","","","","","","","","","","Australia","AU","New South Wales","","","","Georges Hall NSW 2198, Australia","","","","","","","","","","","-33.909557","150.979723","EPSG:4326","4.0","","","","","","","","","","","","","","","","","","","","","","","","","","","","","","","","591389876","","","Greg Potter","2025-02-11T02:25:15Z","","research","","370566","","","","","","https://id.biodiversity.org.au/node/apni/2906157","Brunoniella australis","Brunoniella australis","","","","","","","","Plantae","Charophyta","Equisetopsida","Lamiales","Acanthaceae","Brunoniella","","","","species","","(Cav.) Bremek.","Blue Trumpet","","","","","","","","","Brunoniella australis","","","","","","","","","","","","e76592ad-c466-4146-8672-cf0de2f0a477","","","","","","","","","","b810541d-036c-48e2-a516-c27bec5e4a63",""
"dr1411","iNaturalist Australia","05ac3ba2-f649-4757-9a93-e9ea31ca22c6 | e029738f-15d0-4400-9833-2dbd23ddd048 | ef5bc8c3-a9c9-475b-9f1c-837e88b26fd9","2025-10-13T02:06:39Z","","CC-BY-NC 4.0 (Int)","Claire","","","https://www.inaturalist.org/observations/320559031","","","","iNaturalist","Observations","iNaturalist observations","","HUMAN_OBSERVATION","","","","https://www.inaturalist.org/observations/320559031","320559031","","Claire","","","","","","","","","PRESENT","","","","","","","","","","","","","","","","","2025-10-10T14:32:28Z","14:32:28+11:00","283","283","2025","10","10","2025-10-10 14:32:28","","","","","","","","","","","","","","Australia","AU","New South Wales","","","","Georges Hall NSW 2198, Australia","","","","","","","","","","","-33.90976","150.980163","EPSG:4326","17.0","","","","","","","","","","","","","","","","","","","","","","","","","","","","","","","","","","","","","","needs_id","","209396","","","","","","https://id.biodiversity.org.au/taxon/apni/51773781","Tricoryne","Tricoryne","","","","","","","","Plantae","Charophyta","Equisetopsida","Asparagales","Hemerocallidaceae","Tricoryne","","","","genus","","R.Br.","","","","","","","","","","","","","","","","","","","","","","e8c901cf-32c8-4712-9311-c247d417d717","","","","","","","","","","05ac3ba2-f649-4757-9a93-e9ea31ca22c6 | e029738f-15d0-4400-9833-2dbd23ddd048 | ef5bc8c3-a9c9-475b-9f1c-837e88b26fd9",""
"dr1411","iNaturalist Australia","68a435d5-8a3f-43a2-a541-94c0887f22c8 | c33f64ab-eeda-4c55-9908-8fe18c3d8c9d","2025-08-19T12:28:55Z","","CC-BY 4.0 (Int)","Thomas Mesaglio","","","https://www.inaturalist.org/observations/289445030","","","","iNaturalist","Observations","iNaturalist observations","","HUMAN_OBSERVATION","","","","https://www.inaturalist.org/observations/289445030","289445030","","Thomas Mesaglio","","","","","","","","","PRESENT","","","","","","","","","","","","","","","","","2025-06-14T10:45:00Z","10:45:00+10:00","165","165","2025","6","14","2025/06/14 10:45 AM","","","","","","","","","","","","","","Australia","AU","New South Wales","","","","Garrison Point Reserve and surrounds, Mirambeena Regional Park, Georges Hall, Sydney, New South Wales","","","","","","","","","","","-33.909599","150.979324","EPSG:4326","15.0","","","","","","","","","","","","","","","","","","","","","","","","","","","","","","","","","","","","","","needs_id","","165216","","","","","","https://id.biodiversity.org.au/node/apni/7698404","Melaleuca linariifolia","Melaleuca linariifolia","","","","","","","","Plantae","Charophyta","Equisetopsida","Myrtales","Myrtaceae","Melaleuca","","","","species","","Sm.","Snow-in Summer","","","","","","https://orcid.org/0000-0002-1096-6066","","","Melaleuca linariifolia","","","","","","","","","","","","1009df84-3cdc-477a-8b7e-eaaa3fe4e40c","","","","","","","","","","68a435d5-8a3f-43a2-a541-94c0887f22c8 | c33f64ab-eeda-4c55-9908-8fe18c3d8c9d",""
"dr1411","iNaturalist Australia","622b8d78-8b8c-4995-adf7-29a6d022c120 | 9122379c-b2aa-40b2-ae40-a05ee2b74e88 | b9477d8b-da00-4ef0-89da-02be859144fb | c2f3710d-3999-4d57-a675-07642e8cb64d | dfcc432f-f2a9-4ada-9aa3-796a28fdf61c","2024-03-06T10:54:02Z","","CC-BY-NC 4.0 (Int)","maxark","","","https://www.inaturalist.org/observations/201450696","","","","iNaturalist","Observations","iNaturalist observations","","HUMAN_OBSERVATION","","","","https://www.inaturalist.org/observations/201450696","201450696","","maxark","","","","","","","","","PRESENT","","","","","","","Was told this was a species of chocolate lily not yet keyed, would appreciate any pointers","","","","","","","","","","2024-03-06T07:35:27Z","07:35:27+11:00","66","66","2024","3","6","2024-03-06 07:35:27","","","","","","","","","","","","","","Australia","AU","New South Wales","","","","Georges Hall","","","","","","","","","","","-33.909167","150.980343","EPSG:4326","187.0","","","","","","","","","","","","","","","","","","","","","","","","","","","","","","","","","","","","","","needs_id","","378610","","","","","","https://id.biodiversity.org.au/taxon/apni/51737650","Arthropodium","Arthropodium","","","","","","","","Plantae","Charophyta","Equisetopsida","Asparagales","Asparagaceae","Arthropodium","","","","genus","","R.Br.","Vanilla Lilies","","","","","","","","","","","","","","","","","","","","","08390977-f43f-469b-8830-b9576a832d1f","","","","","","","","","","622b8d78-8b8c-4995-adf7-29a6d022c120 | 9122379c-b2aa-40b2-ae40-a05ee2b74e88 | b9477d8b-da00-4ef0-89da-02be859144fb | c2f3710d-3999-4d57-a675-07642e8cb64d | dfcc432f-f2a9-4ada-9aa3-796a28fdf61c",""
"dr1411","iNaturalist Australia","f1e83147-01ce-46cf-abf0-640f4739d66d | fd7c4bbe-863c-4470-ad66-8c32c3526e22","2025-06-14T05:19:05Z","","CC-BY-NC 4.0 (Int)","julianeribeiro","","","https://www.inaturalist.org/observations/289405346","","","","iNaturalist","Observations","iNaturalist research-grade observations","","HUMAN_OBSERVATION","","","","https://www.inaturalist.org/observations/289405346","289405346","","julianeribeiro","","","","","","","","","PRESENT","","","","","","","","","","316906a1-3bf8-4c36-903f-efcda6e7e4df","","","","","","","2025-06-14T10:51:41Z","10:51:41+10:00","165","165","2025","6","14","2025-06-14 10:51:41","","","","","","","","","","","","","","Australia","AU","New South Wales","","","","Georges Hall NSW 2198, Australia","","","","","","","","","","","-33.909608","150.980302","EPSG:4326","6.0","","","","","","","","","","","","","","","","","","","","","","","","","","","","","","","","648448331","","","julianeribeiro","2025-06-14T00:52:20Z","","research","","417776","","","","","","https://id.biodiversity.org.au/node/apni/2912267","Opercularia diphylla","Opercularia diphylla","","","","","","","","Plantae","Charophyta","Equisetopsida","Gentianales","Rubiaceae","Opercularia","","","","species","","Gaertn.","Stinkweed","","","","","","","","","Opercularia diphylla","","","","","","","","","","","","5a329837-edb4-49ce-b748-366c3a91c583","","","","","","","","","","f1e83147-01ce-46cf-abf0-640f4739d66d | fd7c4bbe-863c-4470-ad66-8c32c3526e22",""
"dr1411","iNaturalist Australia","3ea9d465-f777-4090-b845-ba37b340d580 | fab0ddca-13fe-4ba3-916a-35a48955416e","2025-06-15T15:29:56Z","","CC-BY-NC 4.0 (Int)","julianeribeiro","","","https://www.inaturalist.org/observations/289418362","","","","iNaturalist","Observations","iNaturalist observations","","HUMAN_OBSERVATION","","","","https://www.inaturalist.org/observations/289418362","289418362","","julianeribeiro","","","","","","","","","PRESENT","","","","","","","","","","","","","","","","","2025-06-14T12:08:30Z","12:08:30+10:00","165","165","2025","6","14","2025-06-14 12:08:30","","","","","","","","","","","","","","Australia","AU","New South Wales","","","","Georges Hall NSW 2198, Australia","","","","","","","","","","","-33.908608","150.980576","EPSG:4326","4.0","","","","","","","","","","","","","","","","","","","","","","","","","","","","","","","","","","","","","","needs_id","","474119","","","","","","https://id.biodiversity.org.au/taxon/apni/51788530","Leptospermeae","Myrtaceae","","","","","","","","Plantae","Charophyta","Equisetopsida","Myrtales","Myrtaceae","","","","","family","","Juss.","Myrtle Family","","","","","","","","","","","","","","","","","","","","","c02ae3c4-bdb9-40fb-8235-d8c806dfa71d","","","","","","","","","","3ea9d465-f777-4090-b845-ba37b340d580 | fab0ddca-13fe-4ba3-916a-35a48955416e",""
"dr1411","iNaturalist Australia","74067a13-b181-4117-b06a-b958cde3e3cb | c288b4ff-64f2-451d-bbf3-9760e1a934ff","2023-11-24T04:35:52Z","","CC-BY-NC 4.0 (Int)","robyn_young","","","https://www.inaturalist.org/observations/191892655","","","","iNaturalist","Observations","iNaturalist observations","","HUMAN_OBSERVATION","","","","https://www.inaturalist.org/observations/191892655","191892655","","robyn_young","","","","","","","","","PRESENT","","","","","","","","","","","","","","","","","2023-11-24T11:44:19Z","11:44:19+11:00","328","328","2023","11","24","2023-11-24 11:44:19+11:00","","","","","","","","","","","","","","Australia","AU","New South Wales","","","","Lake Gillawarna, Georges Hall, NSW, AU","","","","","","","","","","","-33.90684","150.981518","EPSG:4326","4.0","","","","","","","","","","","","","","","","","","","","","","","","","","","","","","","","","","","","","","needs_id","","157871","","","","","","https://id.biodiversity.org.au/taxon/apni/51770573","Acacia parramattensis","Acacia parramattensis","","","","","","","","Plantae","Charophyta","Equisetopsida","Fabales","Fabaceae","Acacia","","","","species","","Tindale","Parramatta Wattle","","","","","","","","","Acacia parramattensis","","","","","","","","","","","","022c8cf8-2fcf-4814-b5b1-9875386b479b","","","","","","","","","","74067a13-b181-4117-b06a-b958cde3e3cb | c288b4ff-64f2-451d-bbf3-9760e1a934ff",""
"dr1411","iNaturalist Australia","10b8dfb5-4f24-49e8-9fb3-b109bbd7afe5 | 21c0e8c6-4c95-4d5a-8581-c730689592be | 2682b351-2bdd-4b78-9fa1-3a2bc15c9143","2025-08-19T12:28:54Z","","CC-BY 4.0 (Int)","Thomas Mesaglio","","","https://www.inaturalist.org/observations/43542102","","","","iNaturalist","Observations","iNaturalist research-grade observations","","HUMAN_OBSERVATION","","","","https://www.inaturalist.org/observations/43542102","43542102","","Thomas Mesaglio","","","","","","","","","PRESENT","","","","","","","","","","","","","","","","","2020-04-26T10:15:34Z","10:15:34+10:00","117","117","2020","4","26","Sun Apr 26 2020 10:15:34 GMT+1000 (GMT+10)","","","","","","","","","","","","","","Australia","AU","New South Wales","","","","Garrison Point Reserve and surrounds, Mirambeena Regional Park, Georges Hall, Sydney, New South Wales","","","","","","","","","","","-33.909058","150.977858","EPSG:4326","10.0","","","","","","","","","","","","","","","","","","","","","","","","","","","","","","","","98073928","","","Nicholas John Fisher","2020-04-26T04:33:42Z","","research","","199385","","","","","","https://id.biodiversity.org.au/node/apni/2894530","Ficus rubiginosa","Ficus rubiginosa","","","","","","","","Plantae","Charophyta","Equisetopsida","Rosales","Moraceae","Ficus","","","","species","","Desf. ex Vent.","Port Jackson Fig","","","","","","https://orcid.org/0000-0002-1096-6066","","","Ficus rubiginosa","","","","","","","","","","","","3002340d-7abc-4f30-8e30-e745cd851954","","","","","","","","","","10b8dfb5-4f24-49e8-9fb3-b109bbd7afe5 | 21c0e8c6-4c95-4d5a-8581-c730689592be | 2682b351-2bdd-4b78-9fa1-3a2bc15c9143",""
"dr1411","iNaturalist Australia","d579f692-c229-48c5-a073-d0242701fcda","2025-08-19T12:28:20Z","","CC-BY 4.0 (Int)","Thomas Mesaglio","","","https://www.inaturalist.org/observations/289443974","","","","iNaturalist","Observations","iNaturalist research-grade observations","","HUMAN_OBSERVATION","","","","https://www.inaturalist.org/observations/289443974","289443974","","Thomas Mesaglio","","","","","","","","","PRESENT","","","","","","","","","","","","","","","","","2025-06-14T09:40:00Z","09:40:00+10:00","165","165","2025","6","14","2025/06/14 9:40 AM","","","","","","","","","","","","","","Australia","AU","New South Wales","","","","Garrison Point Reserve and surrounds, Mirambeena Regional Park, Georges Hall, Sydney, New South Wales","","","","","","","","","","","-33.909439","150.975266","EPSG:4326","15.0","","","","","","","","","","","","","","","","","","","","","","","","","","","","","","","","648525451","","","Thomas Mesaglio","2025-06-14T05:07:51Z","","research","","56121","","","","","","https://id.biodiversity.org.au/node/apni/2912156","Capsella bursa-pastoris","Capsella bursa-pastoris","","","","","","","","Plantae","Charophyta","Equisetopsida","Brassicales","Brassicaceae","Capsella","","","","species","","(L.) Medik.","Shepherd's Purse","","","","","","https://orcid.org/0000-0002-1096-6066","https://orcid.org/0000-0002-1096-6066","","Capsella bursa-pastoris","","","","","","","","","","","","996a6766-6137-45d4-bd3e-90840dde81e2","","","","","","","","","","d579f692-c229-48c5-a073-d0242701fcda",""
"dr1411","iNaturalist Australia","ca003c90-2690-43c3-b1b0-52f29f139041 | cf19efa0-5233-4036-b412-d824984dcb89","2026-03-22T02:21:27Z","","CC-BY-NC 4.0 (Int)","Robyn","","","https://www.inaturalist.org/observations/247597106","","","","iNaturalist","Observations","iNaturalist observations","","HUMAN_OBSERVATION","","","","https://www.inaturalist.org/observations/247597106","247597106","","Robyn","","","","","","","","","PRESENT","","","","","","","","","","","","","","","","","2024-10-16T10:44:46Z","10:44:46+11:00","290","290","2024","10","16","2024-10-16 10:44:46","","","","","","","","","","","","","","Australia","AU","New South Wales","","","","Bankstown Aerodrome NSW 2198, Australia","","","","","","","","","","","-33.909775","150.978186","EPSG:4326","27.0","","","","","","","","","","","","","","","","","","","","","","","","","","","","","","","","","","","","","","needs_id","","339975","","","","","","https://id.biodiversity.org.au/taxon/apni/51782024","Eucalyptus eugenioides","Eucalyptus eugenioides","","","","","","","","Plantae","Charophyta","Equisetopsida","Myrtales","Myrtaceae","Eucalyptus","","","","species","","Sieber ex Spreng.","Thin-leaved Stringybark","","","","","","","","","Eucalyptus eugenioides","","","","","","","","","","","","952f546d-0ad8-408c-a930-007c4194024b","","","","","","","","","","ca003c90-2690-43c3-b1b0-52f29f139041 | cf19efa0-5233-4036-b412-d824984dcb89",""
"dr1411","iNaturalist Australia","791e7a1b-9f9f-4f06-880a-ca35c0e1f271 | a1bf764c-628e-4f51-acdb-221161b8365f | b0c26dff-5fbd-4c0c-9363-5a5f126a3c01 | f8103be1-bd0d-457d-abdb-ae22707297ef","2024-03-06T12:05:45Z","","CC-BY-NC 4.0 (Int)","Nina","","","https://www.inaturalist.org/observations/201460614","","","","iNaturalist","Observations","iNaturalist research-grade observations","","HUMAN_OBSERVATION","","","","https://www.inaturalist.org/observations/201460614","201460614","","Nina","","","","","","flowers|fruits or seeds","","","PRESENT","","","","","","","","","","","","","","","","","2024-03-06T08:32:44Z","08:32:44+11:00","66","66","2024","3","6","2024-03-06 08:32:44","","","","","","","","","","","","","","Australia","AU","New South Wales","","","","Bankstown Aerodrome NSW 2198, Australia","","","","","","","","","","","-33.909144","150.980956","EPSG:4326","","","","","","","","","","","","","","","","","","","","","","","","","","","","","","","","","457328459","","","Nina","2024-03-06T10:11:52Z","","research","","210193","","","","","","https://id.biodiversity.org.au/taxon/apni/51772307","Goodenia hederacea","Goodenia hederacea","","","","","","","","Plantae","Charophyta","Equisetopsida","Asterales","Goodeniaceae","Goodenia","","","","species","","Sm.","Ivy Goodenia","","","","","","","","","Goodenia hederacea","","","","","","","","","","","","f22b1178-f539-4fd4-8266-7cd995acb77a","","","","","","","","","","791e7a1b-9f9f-4f06-880a-ca35c0e1f271 | a1bf764c-628e-4f51-acdb-221161b8365f | b0c26dff-5fbd-4c0c-9363-5a5f126a3c01 | f8103be1-bd0d-457d-abdb-ae22707297ef",""
"dr1411","iNaturalist Australia","32635203-bd18-4025-8fa0-48d2470f1022","2025-06-14T04:43:40Z","","CC-BY-NC 4.0 (Int)","julianeribeiro","","","https://www.inaturalist.org/observations/289418298","","","","iNaturalist","Observations","iNaturalist research-grade observations","","HUMAN_OBSERVATION","","","","https://www.inaturalist.org/observations/289418298","289418298","","julianeribeiro","","","","","","","","","PRESENT","","","","","","","","","","","","","","","","","2025-06-14T12:08:00Z","12:08:00+10:00","165","165","2025","6","14","2025-06-14 12:08:00","","","","","","","","","","","","","","Australia","AU","New South Wales","","","","Georges Hall NSW 2198, Australia","","","","","","","","","","","-33.908623","150.980579","EPSG:4326","5.0","","","","","","","","","","","","","","","","","","","","","","","","","","","","","","","","648472738","","","julianeribeiro","2025-06-14T02:08:32Z","","research","","53720","","","","","","https://id.biodiversity.org.au/node/apni/2894326","Melia azedarach","Melia azedarach","","","","","","","","Plantae","Charophyta","Equisetopsida","Sapindales","Meliaceae","Melia","","","","species","","L.","White Cedar","","","","","","","","","Melia azedarach","","","","","","","","","","","","c63313e8-3102-4092-a972-5f66c910cfea","","","","","","","","","","32635203-bd18-4025-8fa0-48d2470f1022",""
"dr1411","iNaturalist Australia","3e69dfc1-1cf9-4d51-9bda-ada5020e9b1b | 9d1ec082-66d6-4332-a654-a666411a8e45","2025-06-14T05:36:58Z","","CC-BY-NC 4.0 (Int)","julianeribeiro","","","https://www.inaturalist.org/observations/289404921","","","","iNaturalist","Observations","iNaturalist research-grade observations","","HUMAN_OBSERVATION","","","","https://www.inaturalist.org/observations/289404921","289404921","","julianeribeiro","","","","","","","","","PRESENT","","","","","","","","","","","","","","","","","2025-06-14T10:49:14Z","10:49:14+10:00","165","165","2025","6","14","2025-06-14 10:49:14","","","","","","","","","","","","","","Australia","AU","New South Wales","","","","Georges Hall NSW 2198, Australia","","","","","","","","","","","-33.909607","150.980222","EPSG:4326","8.0","","","","","","","","","","","","","","","","","","","","","","","","","","","","","","","","648447572","","","julianeribeiro","2025-06-14T00:49:46Z","","research","","139914","","","","","","https://id.biodiversity.org.au/node/apni/2898882","Acacia falcata","Acacia falcata","","","","","","","","Plantae","Charophyta","Equisetopsida","Fabales","Fabaceae","Acacia","","","","species","","Willd.","Sickle Wattle","","","","","","","","","Acacia falcata","","","","","","","","","","","","3c17d4de-870c-4ed0-8417-d26851abbb16","","","","","","","","","","3e69dfc1-1cf9-4d51-9bda-ada5020e9b1b | 9d1ec082-66d6-4332-a654-a666411a8e45",""
"dr1411","iNaturalist Australia","0919ae55-3c3f-4efc-a38d-a0e01651d406","2025-01-15T12:26:15Z","","CC-BY-NC 4.0 (Int)","leomac","","","https://www.inaturalist.org/observations/200031973","","","","iNaturalist","Observations","iNaturalist research-grade observations","","HUMAN_OBSERVATION","","","{""leaves"":""green leaves""}","https://www.inaturalist.org/observations/200031973","200031973","","leomac","","","","","","no flowers or fruits","","","PRESENT","","","","","","","","","","","","","","","","","2024-02-22T08:02:11Z","08:02:11+11:00","53","53","2024","2","22","2024-02-22 08:02:11","","","","","","","","","","","","","","Australia","AU","New South Wales","","","","Bankstown Aerodrome NSW 2198, Australia","","","","","","","","","","","-33.909669","150.980356","EPSG:4326","","","","","","","","","","","","","","","","","","","","","","","","","","","","","","","","","455022398","","","R.M","2024-02-27T12:48:21Z","","research","","52355","","","","","","https://id.biodiversity.org.au/node/apni/2887385","Pavonia hastata","Pavonia hastata","","","","","","","","Plantae","Charophyta","Equisetopsida","Malvales","Malvaceae","Pavonia","","","","species","","Cav.","Pink Pavonia","","","","","","","","","Pavonia hastata","","","","","","","","","","","","7f5ff86d-20c8-44c6-938f-f97547e42235","","","","","","","","","","0919ae55-3c3f-4efc-a38d-a0e01651d406",""
"dr1411","iNaturalist Australia","6dda75ab-c4be-495d-9415-b0830f14e1dc | a501f7bb-d219-42c9-9004-f9f019e9ed98","2025-04-15T05:58:58Z","","CC-BY-NC 4.0 (Int)","Greg Potter","","","https://www.inaturalist.org/observations/261282476","","","","iNaturalist","Observations","iNaturalist research-grade observations","","HUMAN_OBSERVATION","","","","https://www.inaturalist.org/observations/261282476","261282476","","Greg Potter","","","","","","","","","PRESENT","","","","","","","","","","","","","","","","","2025-02-11T08:16:12Z","08:16:12+11:00","42","42","2025","2","11","2025-02-11 08:16:12","","","","","","","","","","","","","","Australia","AU","New South Wales","","","","Georges Hall NSW 2198, Australia","","","","","","","","","","","-33.90958","150.980266","EPSG:4326","3.0","","","","","","","","","","","","","","","","","","","","","","","","","","","","","","","","591322171","","","Greg Potter","2025-02-10T21:17:40Z","","research","","401745","","","","","","https://id.biodiversity.org.au/node/apni/2888469","Eremophila debilis","Eremophila debilis","","","","","","","","Plantae","Charophyta","Equisetopsida","Lamiales","Scrophulariaceae","Eremophila","","","","species","","(Andrews) Chinnock","Winter Apple","","","","","","","","","Eremophila debilis","","","","","","","","","","","","98e387ff-3ac0-4cca-b148-6a3726639c11","","","","","","","","","","6dda75ab-c4be-495d-9415-b0830f14e1dc | a501f7bb-d219-42c9-9004-f9f019e9ed98",""
"dr1411","iNaturalist Australia","e9c77681-cfa7-4ba5-8aba-7ce3c9c89b82","2026-03-11T02:20:40Z","","CC-BY-NC 4.0 (Int)","paulangel","","","https://www.inaturalist.org/observations/342359717","","","","iNaturalist","Observations","iNaturalist observations","","HUMAN_OBSERVATION","","","","https://www.inaturalist.org/observations/342359717","342359717","","paulangel","","","","","","","","","PRESENT","","","","","","","","","","","","","","","","","2025-07-29T11:32:05Z","11:32:05+10:00","210","210","2025","7","29","2025-07-29 11:32:05","","","","","","","","","","","","","","Australia","AU","New South Wales","","","","Henry Lawson Dr, Georges Hall, NSW, AU","","","","","","","","","","","-33.909682","150.980042","EPSG:4326","9.0","","","","","","","","","","","","","","","","","","","","","","","","","","","","","","","","","","","","","","needs_id","","403395","","","","","","https://id.biodiversity.org.au/node/apni/2912810","Leptospermum petersonii","Leptospermum petersonii","","","","","","","","Plantae","Charophyta","Equisetopsida","Myrtales","Myrtaceae","Leptospermum","","","","species","","F.M.Bailey","Lemon-scented Teatree","","","","","","","","","Leptospermum petersonii","","","","","","","","","","","","7e855ff9-6df1-4403-a881-ba9c2ca9c964","","","","","","","","","","e9c77681-cfa7-4ba5-8aba-7ce3c9c89b82",""
"dr1411","iNaturalist Australia","10a179a6-077d-4140-bb0b-0b00a71ea459 | 6392db37-af9b-44c2-9576-a09b1e1ce40f","2025-06-14T01:15:01Z","","CC-BY-NC 4.0 (Int)","julianeribeiro","","","https://www.inaturalist.org/observations/289409161","","","","iNaturalist","Observations","iNaturalist observations","","HUMAN_OBSERVATION","","","","https://www.inaturalist.org/observations/289409161","289409161","","julianeribeiro","","","","","","","","","PRESENT","","","","","","","","","","","","","","","","","2025-06-14T11:14:21Z","11:14:21+10:00","165","165","2025","6","14","2025-06-14 11:14:21","","","","","","","","","","","","","","Australia","AU","New South Wales","","","","Georges Hall NSW 2198, Australia","","","","","","","","","","","-33.909505","150.980403","EPSG:4326","5.0","","","","","","","","","","","","","","","","","","","","","","","","","","","","","","","","","","","","","","needs_id","","122903","","","","","","https://id.biodiversity.org.au/taxon/apni/51770885","Glycine","Glycine","","","","","","","","Plantae","Charophyta","Equisetopsida","Fabales","Fabaceae","Glycine","","","","genus","","Willd.","Twining Glycine","","","","","","","","","","","","","","","","","","","","","a08179c5-210f-46cc-b113-101f05bf42b9","","","","","","","","","","10a179a6-077d-4140-bb0b-0b00a71ea459 | 6392db37-af9b-44c2-9576-a09b1e1ce40f",""
"dr1411","iNaturalist Australia","423f2de0-b424-41b2-b3f8-3b3c741b5ff4","2025-06-15T11:13:52Z","","CC-BY-NC 4.0 (Int)","Pete","","","https://www.inaturalist.org/observations/289412349","","","","iNaturalist","Observations","iNaturalist observations","","HUMAN_OBSERVATION","","","","https://www.inaturalist.org/observations/289412349","289412349","","Pete","","","","","","","","","PRESENT","","","","","","","","","","","","","","","","","2025-06-14T11:32:56Z","11:32:56+10:00","165","165","2025","6","14","2025-06-14 11:32:56+10:00","","","","","","","","","","","","","","Australia","AU","New South Wales","","","","Mirambeena Regional Park, Georges Hall, NSW, AU","","","","","","","","","","","-33.90968","150.980562","EPSG:4326","5.0","","","","","","","","","","","","","","","","","","","","","","","","","","","","","","","","","","","","","","needs_id","","353864","","","","","","https://id.biodiversity.org.au/node/apni/2911261","Aristida vagans","Aristida vagans","","","","","","","","Plantae","Charophyta","Equisetopsida","Poales","Poaceae","Aristida","","","","species","","Cav.","Threeawn Speargrass","","","","","","","","","Aristida vagans","","","","","","","","","","","","2c6a8f79-991a-4016-90ce-56bb823acfcb","","","","","","","","","","423f2de0-b424-41b2-b3f8-3b3c741b5ff4",""
"dr1411","iNaturalist Australia","b22c1ce4-7f2e-4ef7-a662-a08210a6774c","2024-03-23T05:37:59Z","","CC-BY-NC 4.0 (Int)","leomac","","","https://www.inaturalist.org/observations/200047281","","","","iNaturalist","Observations","iNaturalist observations","","HUMAN_OBSERVATION","","","","https://www.inaturalist.org/observations/200047281","200047281","","leomac","","","","","","","","","PRESENT","","","","","","","","","","","","","","","","","2024-02-22T09:33:47Z","09:33:47+11:00","53","53","2024","2","22","2024-02-22 09:33:47","","","","","","","","","","","","","","Australia","AU","New South Wales","","","","Bankstown Aerodrome NSW 2198, Australia","","","","","","","","","","","-33.909742","150.979803","EPSG:4326","","","","","","","","","","","","","","","","","","","","","","","","","","","","","","","","","","","","","","","needs_id","","47126","","","","","","https://id.biodiversity.org.au/taxon/apni/51795632","Plantae","Plantae","","","","","","","","Plantae","","","","","","","","","kingdom","","Haeckel","","","","","","","","","","","","","","","","","","","","","","1d9ff061-6521-4fc4-a836-150815b4d568","","","","","","","","","","b22c1ce4-7f2e-4ef7-a662-a08210a6774c",""
"dr1411","iNaturalist Australia","09e286bf-5df4-4d3c-9ccf-993df6b068d4 | 4a368fb4-289b-4e64-8c8a-ef4c316d156f | ee83a543-6100-4297-a15a-87ee89a6a13b","2025-10-13T02:06:08Z","","CC-BY-NC 4.0 (Int)","Claire","","","https://www.inaturalist.org/observations/320276121","","","","iNaturalist","Observations","iNaturalist observations","","HUMAN_OBSERVATION","","","","https://www.inaturalist.org/observations/320276121","320276121","","Claire","","","","","","","","","PRESENT","","","","","","","","","","","","","","","","","2025-10-10T14:43:42Z","14:43:42+11:00","283","283","2025","10","10","2025-10-10 14:43:42","","","","","","","","","","","","","","Australia","AU","New South Wales","","","","Georges Hall NSW 2198, Australia","","","","","","","","","","","-33.90976","150.980163","EPSG:4326","17.0","","","","","","","","","","","","","","","","","","","","","","","","","","","","","","","","","","","","","","needs_id","","157014","","","","","","https://id.biodiversity.org.au/node/apni/4874931","Dichelachne","Dichelachne","","","","","","","","Plantae","Charophyta","Equisetopsida","Poales","Poaceae","Dichelachne","","","","genus","","Endl.","Plumegrasses","","","","","","","","","","","","","","","","","","","","","042b194d-84f9-477d-887d-8992f9934dfe","","","","","","","","","","09e286bf-5df4-4d3c-9ccf-993df6b068d4 | 4a368fb4-289b-4e64-8c8a-ef4c316d156f | ee83a543-6100-4297-a15a-87ee89a6a13b",""
"dr1411","iNaturalist Australia","b76c1f04-dcb2-456f-ab15-8cc50666e9b2 | bb5dee17-38df-46ce-ae0e-38fc1977d7ff","2025-04-14T22:49:38Z","","CC-BY-NC 4.0 (Int)","Michael Mahoney","","","https://www.inaturalist.org/observations/254782575","","","","iNaturalist","Observations","iNaturalist research-grade observations","","HUMAN_OBSERVATION","","","{""leaves"":""green leaves""}","https://www.inaturalist.org/observations/254782575","254782575","","Michael Mahoney","","","","","","flowers","","","PRESENT","","","","","","","","","","","","","","","","","2024-12-11T13:53:36Z","13:53:36+11:00","346","346","2024","12","11","2024-12-11 13:53:36+11:00","","","","","","","","","","","","","","Australia","AU","New South Wales","","","","Garrison Point, Georges Hall, NSW, AU","","","","","","","","","","","-33.909999","150.974628","EPSG:4326","33.0","","","","","","","","","","","","","","","","","","","","","","","","","","","","","","","","572923214","","","Michael Mahoney","2024-12-11T04:48:01Z","","research","","162718","","","","","","https://id.biodiversity.org.au/taxon/apni/51770858","Erythrina crista-galli","Erythrina crista-galli","","","","","","","","Plantae","Charophyta","Equisetopsida","Fabales","Fabaceae","Erythrina","","","","species","","L.","Cockspur Coral Tree","","","","","","","","","Erythrina crista-galli","","","","","","","","","","","","4cc4b25c-d472-4e61-acf9-5fb35b163e61","","","","","","","","","","b76c1f04-dcb2-456f-ab15-8cc50666e9b2 | bb5dee17-38df-46ce-ae0e-38fc1977d7ff",""
"dr1411","iNaturalist Australia","12be83fe-20fd-424d-9930-ea272001a392 | 3f0fe3e2-197d-41a8-961a-78b156536069 | 9e093618-2e37-45dc-a694-929db58bf8b1 | aed3b330-49c1-48cd-86c6-55763db26418 | d71054c8-5e9a-4287-b208-352ca90758bf","2025-06-14T05:37:58Z","","CC-BY-NC 4.0 (Int)","Robyn","","","https://www.inaturalist.org/observations/261289687","","","","iNaturalist","Observations","iNaturalist research-grade observations","","HUMAN_OBSERVATION","","","","https://www.inaturalist.org/observations/261289687","261289687","","Robyn","","","","","","","","","PRESENT","","","","","","","","","","17b62315-664b-4b88-bafb-130cf9d6e254","","","","","","","2025-02-11T07:56:31Z","07:56:31+11:00","42","42","2025","2","11","2025-02-11 07:56:31","","","","","","","","","","","","","","Australia","AU","New South Wales","","","","Georges Hall NSW 2198, Australia","","","","","","","","","","","-33.909449","150.980152","EPSG:4326","","","","","","","","","","","","","","","","","","","","","","","","","","","","","","","","","591341407","","","Robyn","2025-02-10T22:41:56Z","","research","","207932","","","","","","https://id.biodiversity.org.au/taxon/apni/51446204","Alphitonia excelsa","Alphitonia excelsa","","","","","","","","Plantae","Charophyta","Equisetopsida","Rosales","Rhamnaceae","Alphitonia","","","","species","","(A.Cunn. ex Fenzl) Benth.","Red Ash","","","","","","","","","Alphitonia excelsa","","","","","","","","","","","","c0cbee71-33b9-4ca0-9312-8efb7c076be8","","","","","","","","","","12be83fe-20fd-424d-9930-ea272001a392 | 3f0fe3e2-197d-41a8-961a-78b156536069 | 9e093618-2e37-45dc-a694-929db58bf8b1 | aed3b330-49c1-48cd-86c6-55763db26418 | d71054c8-5e9a-4287-b208-352ca90758bf",""
"dr1411","iNaturalist Australia","20e204ff-a14c-46f1-892b-3bf6ea2a18b2 | 7e7aa819-47b8-45de-9b7d-4f604b93e5fe | b424e928-75ec-4664-a723-ab706c1fa4b5","2025-08-19T12:30:04Z","","CC-BY 4.0 (Int)","Thomas Mesaglio","","","https://www.inaturalist.org/observations/43530282","","","","iNaturalist","Observations","iNaturalist research-grade observations","","HUMAN_OBSERVATION","","","","https://www.inaturalist.org/observations/43530282","43530282","","Thomas Mesaglio","","","","","","","","","PRESENT","","","","","","","","","","","","","","","","","2020-04-26T10:08:48Z","10:08:48+10:00","117","117","2020","4","26","Sun Apr 26 2020 10:08:48 GMT+1000 (GMT+10)","","","","","","","","","","","","","","Australia","AU","New South Wales","","","","Lake Gillawarna and surrounds, Mirambeena Regional Park, Georges Hall, Sydney, New South Wales","","","","","","","","","","","-33.906887","150.979417","EPSG:4326","10.0","","","","","","","","","","","","","","","","","","","","","","","","","","","","","","","","271328650","","","Thomas Mesaglio","2022-06-19T05:20:45Z","","research","","75723","","","","","","https://id.biodiversity.org.au/node/apni/2899921","Avicennia marina","Avicennia marina","","","","","","","","Plantae","Charophyta","Equisetopsida","Lamiales","Acanthaceae","Avicennia","","","","species","","(Forssk.) Vierh.","White Mangrove","","","","","","https://orcid.org/0000-0002-1096-6066","https://orcid.org/0000-0002-1096-6066","","Avicennia marina","","","","","","","","","","","","d689139b-7f5e-4e9f-b130-065f0ddcefb7","","","","","","","","","","20e204ff-a14c-46f1-892b-3bf6ea2a18b2 | 7e7aa819-47b8-45de-9b7d-4f604b93e5fe | b424e928-75ec-4664-a723-ab706c1fa4b5",""
"dr1411","iNaturalist Australia","a17f8ae8-0b4d-4c79-b939-bc6e1676625b","2025-08-19T12:28:20Z","","CC-BY 4.0 (Int)","Thomas Mesaglio","","","https://www.inaturalist.org/observations/289443976","","","","iNaturalist","Observations","iNaturalist research-grade observations","","HUMAN_OBSERVATION","","","","https://www.inaturalist.org/observations/289443976","289443976","","Thomas Mesaglio","","","","","","","","","PRESENT","","","","","","","","","","","","","","","","","2025-06-14T09:40:00Z","09:40:00+10:00","165","165","2025","6","14","2025/06/14 9:40 AM","","","","","","","","","","","","","","Australia","AU","New South Wales","","","","Garrison Point Reserve and surrounds, Mirambeena Regional Park, Georges Hall, Sydney, New South Wales","","","","","","","","","","","-33.909351","150.975189","EPSG:4326","15.0","","","","","","","","","","","","","","","","","","","","","","","","","","","","","","","","648525453","","","Thomas Mesaglio","2025-06-14T05:07:52Z","","research","","78087","","","","","","https://id.biodiversity.org.au/node/apni/2914881","Modiola caroliniana","Modiola caroliniana","","","","","","","","Plantae","Charophyta","Equisetopsida","Malvales","Malvaceae","Modiola","","","","species","","(L.) G.Don","Red-flowered Mallow","","","","","","https://orcid.org/0000-0002-1096-6066","https://orcid.org/0000-0002-1096-6066","","Modiola caroliniana","","","","","","","","","","","","4657e7ec-187c-4e8f-986e-850021a125cd","","","","","","","","","","a17f8ae8-0b4d-4c79-b939-bc6e1676625b",""
"dr1411","iNaturalist Australia","21eecf25-0a22-4f5c-bcaa-8bea05112712 | 66f69700-de39-4d36-bfcb-cc73c953c4a3 | e9bb1e09-f6d6-492a-9a19-d9056daed236 | eff18ad7-1d95-44ff-8d2a-ace48877a9fd","2025-08-19T12:28:54Z","","CC-BY 4.0 (Int)","Thomas Mesaglio","","","https://www.inaturalist.org/observations/81260806","","","","iNaturalist","Observations","iNaturalist research-grade observations","","HUMAN_OBSERVATION","","","","https://www.inaturalist.org/observations/81260806","81260806","","Thomas Mesaglio","","","","","","","","","PRESENT","","","","","","","","","","","","","","","","","2021-06-02T11:31:06Z","11:31:06+10:00","153","153","2021","6","2","Wed Jun 02 2021 11:31:06 GMT+1000 (GMT+10)","","","","","","","","","","","","","","Australia","AU","New South Wales","","","","Garrison Point Reserve and surrounds, Mirambeena Regional Park, Georges Hall, Sydney, New South Wales","","","","","","","","","","","-33.908488","150.978225","EPSG:4326","10.0","","","","","","","","","","","","","","","","","","","","","","","","","","","","","","","","179735435","","","Thomas Mesaglio","2021-06-02T02:53:07Z","","research","","169078","","","","","","https://id.biodiversity.org.au/taxon/apni/51447828","Solanum pseudocapsicum","Solanum pseudocapsicum","","","","","","","","Plantae","Charophyta","Equisetopsida","Solanales","Solanaceae","Solanum","","","","species","","L.","Jerusalem Cherry","","","","","","https://orcid.org/0000-0002-1096-6066","https://orcid.org/0000-0002-1096-6066","","Solanum pseudocapsicum","","","","","","","","","","","","af036e06-41fb-4071-9ff3-4a3c6840d24b","","","","","","","","","","21eecf25-0a22-4f5c-bcaa-8bea05112712 | 66f69700-de39-4d36-bfcb-cc73c953c4a3 | e9bb1e09-f6d6-492a-9a19-d9056daed236 | eff18ad7-1d95-44ff-8d2a-ace48877a9fd",""
"dr1411","iNaturalist Australia","354cb99e-37b0-4cff-a5d7-8da8e0aac353","2026-03-19T11:48:25Z","","CC-BY-NC 4.0 (Int)","laumels","","","https://www.inaturalist.org/observations/343769861","","","","iNaturalist","Observations","iNaturalist research-grade observations","","HUMAN_OBSERVATION","","","","https://www.inaturalist.org/observations/343769861","343769861","","laumels","","","","","","","","","PRESENT","","","","","","","","","","","","","","","","","2026-03-17T09:16:46Z","09:16:46+11:00","76","76","2026","3","17","2026-03-17 09:16:46","","","","","","","","","","","","","","Australia","AU","New South Wales","","","","Henry Lawson Dr, Georges Hall, NSW, AU","","","","","","","","","","","-33.910177","150.979105","EPSG:4326","33.0","","","","","","","","","","","","","","","","","","","","","","","","","","","","","","","","775934676","","","laumels","2026-03-19T07:46:59Z","","research","","401745","","","","","","https://id.biodiversity.org.au/node/apni/2888469","Eremophila debilis","Eremophila debilis","","","","","","","","Plantae","Charophyta","Equisetopsida","Lamiales","Scrophulariaceae","Eremophila","","","","species","","(Andrews) Chinnock","Winter Apple","","","","","","","","","Eremophila debilis","","","","","","","","","","","","f5f0cc29-5867-4303-a78a-e2b78b43bd87","","","","","","","","","","354cb99e-37b0-4cff-a5d7-8da8e0aac353",""
"dr1411","iNaturalist Australia","aad76c2f-d12e-4e48-90ae-38561b8ebf92 | e3921a68-6ef6-4329-a3a6-3edc053a1d62","2025-06-16T22:10:58Z","","CC-BY-NC 4.0 (Int)","julianeribeiro","","","https://www.inaturalist.org/observations/289406223","","","","iNaturalist","Observations","iNaturalist research-grade observations","","HUMAN_OBSERVATION","","","","https://www.inaturalist.org/observations/289406223","289406223","","julianeribeiro","","","","","","","","","PRESENT","","","","","","","","","","","","","","","","","2025-06-14T10:56:17Z","10:56:17+10:00","165","165","2025","6","14","2025-06-14 10:56:17","","","","","","","","","","","","","","Australia","AU","New South Wales","","","","Georges Hall NSW 2198, Australia","","","","","","","","","","","-33.909647","150.980262","EPSG:4326","4.0","","","","","","","","","","","","","","","","","","","","","","","","","","","","","","","","648449856","","","julianeribeiro","2025-06-14T00:56:42Z","","research","","83571","","","","","","https://id.biodiversity.org.au/taxon/apni/51442338","Bursaria spinosa","Bursaria spinosa","","","","","","","","Plantae","Charophyta","Equisetopsida","Apiales","Pittosporaceae","Bursaria","","","","species","","Cav.","Sweet Native Blackthorn","","","","","","","","","Bursaria spinosa","","","","","","","","","","","","d6ec15c9-2b2e-4e78-a6d5-280e1cda112e","","","","","","","","","","aad76c2f-d12e-4e48-90ae-38561b8ebf92 | e3921a68-6ef6-4329-a3a6-3edc053a1d62",""
"dr1411","iNaturalist Australia","0f3f7fb7-0ec7-46a7-805d-521522d576a9 | 2ebbe516-fe39-4692-9a6c-6f1e45bf4347 | 4dcba5e8-c2ed-4784-9bc7-6c6d7c5f805d | 7baccbde-68db-4a92-b2c2-fab669e63900 | 92093207-4a81-48e3-a3ef-29c436f72913 | c3147233-73bc-4de2-b9bf-8d84e4bd601b","2024-03-01T00:15:33Z","","CC-BY-NC 4.0 (Int)","Nina","","","https://www.inaturalist.org/observations/200799183","","","","iNaturalist","Observations","iNaturalist research-grade observations","","HUMAN_OBSERVATION","","","","https://www.inaturalist.org/observations/200799183","200799183","","Nina","","","","","","","","","PRESENT","","","","","","","","","","","","","","","","","2024-02-29T14:53:01Z","14:53:01+11:00","60","60","2024","2","29","2024-02-29 14:53:01","","","","","","","","","","","","","","Australia","AU","New South Wales","","","","Bankstown Aerodrome NSW 2198, Australia","","","","","","","","","","","-33.909056","150.97981","EPSG:4326","282.0","","","","","","","","","","","","","","","","","","","","","","","","","","","","","","","","455536580","","","Nina","2024-02-29T08:48:10Z","","research","","401745","","","","","","https://id.biodiversity.org.au/node/apni/2888469","Eremophila debilis","Eremophila debilis","","","","","","","","Plantae","Charophyta","Equisetopsida","Lamiales","Scrophulariaceae","Eremophila","","","","species","","(Andrews) Chinnock","Winter Apple","","","","","","","","","Eremophila debilis","","","","","","","","","","","","3cc91b27-860e-4e0c-a212-49e053a8a512","","","","","","","","","","0f3f7fb7-0ec7-46a7-805d-521522d576a9 | 2ebbe516-fe39-4692-9a6c-6f1e45bf4347 | 4dcba5e8-c2ed-4784-9bc7-6c6d7c5f805d | 7baccbde-68db-4a92-b2c2-fab669e63900 | 92093207-4a81-48e3-a3ef-29c436f72913 | c3147233-73bc-4de2-b9bf-8d84e4bd601b",""
"dr1411","iNaturalist Australia","113cd3e5-9105-4f5f-97bd-7d6e8e9c295d | 11b66791-9dc9-41d4-b955-99fbb0eff3bf | 402fd9d8-2ba4-444c-8763-834c3e0d969c | 4943ac1d-58e3-4a3b-87bf-f01be7753c93 | 49cb6005-0ee4-468a-a7ac-172c69344aa2 | 8e826cb2-5768-4fe1-9563-bd209897f213 | a104cec1-0254-43d3-b8a8-24de6ca24c89","2024-02-29T09:58:14Z","","CC-BY-NC 4.0 (Int)","Nina","","","https://www.inaturalist.org/observations/200802079","","","","iNaturalist","Observations","iNaturalist observations","","HUMAN_OBSERVATION","","","","https://www.inaturalist.org/observations/200802079","200802079","","Nina","","","","","","","","","PRESENT","","","","","","","","","","","","","","","","","2024-02-29T14:51:24Z","14:51:24+11:00","60","60","2024","2","29","2024-02-29 14:51:24","","","","","","","","","","","","","","Australia","AU","New South Wales","","","","Bankstown Aerodrome NSW 2198, Australia","","","","","","","","","","","-33.90903","150.980022","EPSG:4326","256.0","","","","","","","","","","","","","","","","","","","","","","","","","","","","","","","","","","","","","","needs_id","","209397","","","","","","https://id.biodiversity.org.au/node/apni/2893374","Tricoryne elatior","Tricoryne elatior","","","","","","","","Plantae","Charophyta","Equisetopsida","Asparagales","Hemerocallidaceae","Tricoryne","","","","species","","R.Br.","Yellow Rush Lily","","","","","","","","","Tricoryne elatior","","","","","","","","","","","","fdfb3339-b32c-4799-85c4-9ffe27db6e4d","","","","","","","","","","113cd3e5-9105-4f5f-97bd-7d6e8e9c295d | 11b66791-9dc9-41d4-b955-99fbb0eff3bf | 402fd9d8-2ba4-444c-8763-834c3e0d969c | 4943ac1d-58e3-4a3b-87bf-f01be7753c93 | 49cb6005-0ee4-468a-a7ac-172c69344aa2 | 8e826cb2-5768-4fe1-9563-bd209897f213 | a104cec1-0254-43d3-b8a8-24de6ca24c89",""
"dr1411","iNaturalist Australia","23807291-a585-4414-a63a-6e5e05d287ce","2023-04-19T06:59:40Z","","CC-BY-NC 4.0 (Int)","angiegreenthumb","","","https://www.inaturalist.org/observations/55352572","","","","iNaturalist","Observations","iNaturalist research-grade observations","","HUMAN_OBSERVATION","","","","https://www.inaturalist.org/observations/55352572","55352572","","angiegreenthumb","","","","","","flowers|flower buds","","","PRESENT","","","","","","","","","","","","","","","","","2020-08-04T12:51:01Z","12:51:01+10:00","217","217","2020","8","4","2020-08-04 12:51:01 PM GMT+10:00","","","","","","","","","","","","","","Australia","AU","New South Wales","","","","Georges Hall NSW 2198, Australia","","","","","","","","","","","-33.907573","150.973541","EPSG:4326","3.0","","","","","","","","","","","","","","","","","","","","","","","","","","","","","","","","327120893","","","Bronwyn","2023-01-14T14:01:54Z","","research","","50203","","","","","","https://id.biodiversity.org.au/taxon/apni/51741635","Bidens pilosa","Bidens pilosa","","","","","","","","Plantae","Charophyta","Equisetopsida","Asterales","Asteraceae","Bidens","","","","species","","L.","Cobbler's Pegs","","","","","","","","","Bidens pilosa","","","","","","","","","","","","2e583211-5758-4fee-a03f-23884e30aa90","","","","","","","","","","23807291-a585-4414-a63a-6e5e05d287ce",""
"dr1411","iNaturalist Australia","5909204b-b707-45ed-9be3-bd97fb3df345 | 5c4eb68b-6491-40a2-8fe9-7eebb5a7bd7b | b1161a57-d733-4e2b-8990-3d903864821d","2025-08-19T12:28:24Z","","CC-BY 4.0 (Int)","Thomas Mesaglio","","","https://www.inaturalist.org/observations/289444019","","","","iNaturalist","Observations","iNaturalist observations","","HUMAN_OBSERVATION","","","","https://www.inaturalist.org/observations/289444019","289444019","","Thomas Mesaglio","","","","","","","","","PRESENT","","","","","","","","","","","","","","","","","2025-06-14T10:03:00Z","10:03:00+10:00","165","165","2025","6","14","2025/06/14 10:03 AM","","","","","","","","","","","","","","Australia","AU","New South Wales","","","","Garrison Point Reserve and surrounds, Mirambeena Regional Park, Georges Hall, Sydney, New South Wales","","","","","","","","","","","-33.909534","150.975616","EPSG:4326","15.0","","","","","","","","","","","","","","","","","","","","","","","","","","","","","","","","","","","","","","needs_id","","404646","","","","","","https://id.biodiversity.org.au/node/apni/2911030","Paronychia brasiliana","Paronychia brasiliana","","","","","","","","Plantae","Charophyta","Equisetopsida","Caryophyllales","Caryophyllaceae","Paronychia","","","","species","","DC.","Brazilian Whitlow","","","","","","https://orcid.org/0000-0002-1096-6066","","","Paronychia brasiliana","","","","","","","","","","","","fa2e947b-84e3-4e9b-9998-be8e9389c898","","","","","","","","","","5909204b-b707-45ed-9be3-bd97fb3df345 | 5c4eb68b-6491-40a2-8fe9-7eebb5a7bd7b | b1161a57-d733-4e2b-8990-3d903864821d",""
"dr1411","iNaturalist Australia","bb452b2e-0565-4c6f-80e4-53b4c0e8ac38","2024-10-16T09:16:15Z","","CC-BY-NC 4.0 (Int)","Robyn","","","https://www.inaturalist.org/observations/247596715","","","","iNaturalist","Observations","iNaturalist observations","","HUMAN_OBSERVATION","","","","https://www.inaturalist.org/observations/247596715","247596715","","Robyn","","","","","","","","","PRESENT","","","","","","","","","","","","","","","","","2024-10-16T07:26:31Z","07:26:31+11:00","290","290","2024","10","16","2024-10-16 07:26:31","","","","","","","","","","","","","","Australia","AU","New South Wales","","","","Bankstown Aerodrome NSW 2198, Australia","","","","","","","","","","","-33.90979","150.980354","EPSG:4326","","","","","","","","","","","","","","","","","","","","","","","","","","","","","","","","","","","","","","","needs_id","","417762","","","","","","https://id.biodiversity.org.au/taxon/apni/51289954","Eucalyptus moluccana","Eucalyptus moluccana","","","","","","","","Plantae","Charophyta","Equisetopsida","Myrtales","Myrtaceae","Eucalyptus","","","","species","","Roxb.","Gum-topped Box","","","","","","","","","Eucalyptus moluccana","","","","","","","","","","","","c01e33d9-74dd-45fd-8a72-ebdf3478359f","","","","","","","","","","bb452b2e-0565-4c6f-80e4-53b4c0e8ac38",""
"dr1411","iNaturalist Australia","3720a8b7-5268-4398-9679-e4543dcd456f | bf959f87-17c0-4044-a0bb-552c2646ab1c","2025-06-14T05:36:08Z","","CC-BY-NC 4.0 (Int)","Greg Potter","","","https://www.inaturalist.org/observations/289412906","","","","iNaturalist","Observations","iNaturalist research-grade observations","","HUMAN_OBSERVATION","","","","https://www.inaturalist.org/observations/289412906","289412906","","Greg Potter","","","","","","","","","PRESENT","","","","","","","","","","","","","","","","","2025-06-14T11:35:45Z","11:35:45+10:00","165","165","2025","6","14","2025-06-14 11:35:45","","","","","","","","","","","","","","Australia","AU","New South Wales","","","","Georges Hall NSW 2198, Australia","","","","","","","","","","","-33.9095","150.980248","EPSG:4326","3.0","","","","","","","","","","","","","","","","","","","","","","","","","","","","","","","","648462700","","","Greg Potter","2025-06-14T01:36:30Z","","research","","400329","","","","","","https://id.biodiversity.org.au/node/apni/2916134","Calotis lappulacea","Calotis lappulacea","","","","","","","","Plantae","Charophyta","Equisetopsida","Asterales","Asteraceae","Calotis","","","","species","","Benth.","Yellow Burr-daisy","","","","","","","","","Calotis lappulacea","","","","","","","","","","","","0b6d6eb6-09b5-44cc-a33c-b53e4bce372d","","","","","","","","","","3720a8b7-5268-4398-9679-e4543dcd456f | bf959f87-17c0-4044-a0bb-552c2646ab1c",""
"dr1411","iNaturalist Australia","84ffa74c-6d64-4f2d-bc3a-78e1b75aba97 | ed582da9-0860-4c47-8d3d-ca094967263e","2025-08-19T12:28:18Z","","CC-BY 4.0 (Int)","Thomas Mesaglio","","","https://www.inaturalist.org/observations/43543152","","","","iNaturalist","Observations","iNaturalist research-grade observations","","HUMAN_OBSERVATION","","","","https://www.inaturalist.org/observations/43543152","43543152","","Thomas Mesaglio","","","","","","","","","PRESENT","","","","","","","","","","","","","","","","","2020-04-26T10:22:12Z","10:22:12+10:00","117","117","2020","4","26","Sun Apr 26 2020 10:22:12 GMT+1000 (GMT+10)","","","","","","","","","","","","","","Australia","AU","New South Wales","","","","Garrison Point Reserve and surrounds, Mirambeena Regional Park, Georges Hall, Sydney, New South Wales","","","","","","","","","","","-33.908958","150.975783","EPSG:4326","10.0","","","","","","","","","","","","","","","","","","","","","","","","","","","","","","","","98076161","","","laurelrf","2020-04-26T04:42:44Z","","research","","52930","","","","","","https://id.biodiversity.org.au/node/apni/2907916","Commelina cyanea","Commelina cyanea","","","","","","","","Plantae","Charophyta","Equisetopsida","Commelinales","Commelinaceae","Commelina","","","","species","","R.Br.","Scurvy Weed","","","","","","https://orcid.org/0000-0002-1096-6066","","","Commelina cyanea","","","","","","","","","","","","9e3a0d64-d12d-4b7c-89e3-2fa6ba8c58b1","","","","","","","","","","84ffa74c-6d64-4f2d-bc3a-78e1b75aba97 | ed582da9-0860-4c47-8d3d-ca094967263e",""
"dr1411","iNaturalist Australia","bdcfcc95-cb0b-4deb-8eb0-f38064ab011b","2025-04-15T06:42:52Z","","CC-BY-NC 4.0 (Int)","Greg Potter","","","https://www.inaturalist.org/observations/261311160","","","","iNaturalist","Observations","iNaturalist research-grade observations","","HUMAN_OBSERVATION","","","","https://www.inaturalist.org/observations/261311160","261311160","","Greg Potter","","","","","","","","","PRESENT","","","","","","","","","","","","","","","","","2025-02-11T14:02:01Z","14:02:01+11:00","42","42","2025","2","11","2025-02-11 14:02:01","","","","","","","","","","","","","","Australia","AU","New South Wales","","","","Georges Hall NSW 2198, Australia","","","","","","","","","","","-33.9093","150.979733","EPSG:4326","3.0","","","","","","","","","","","","","","","","","","","","","","","","","","","","","","","","591397368","","","Greg Potter","2025-02-11T03:02:43Z","","research","","353798","","","","","","https://id.biodiversity.org.au/node/apni/2899243","Solanum prinophyllum","Solanum prinophyllum","","","","","","","","Plantae","Charophyta","Equisetopsida","Solanales","Solanaceae","Solanum","","","","species","","Dunal","Forest Nightshade","","","","","","","","","Solanum prinophyllum","","","","","","","","","","","","37f16202-8b27-4703-8644-8924a1e36704","","","","","","","","","","bdcfcc95-cb0b-4deb-8eb0-f38064ab011b",""
"dr1411","iNaturalist Australia","010815f1-b671-49b9-a3e5-3925fde74c66 | 05918df9-472c-4a04-be7c-3e944ae0acc8 | 05a736f7-e3cb-4534-9d85-ad2a4c067e2e | 1289744f-6b00-44d7-994b-c54770201dc6 | 19f1abd1-091e-4730-abe5-b55e61e5908d | 2a00ecad-1e08-489b-87db-286ba00dcce2 | 3d2dcffe-0676-4b57-bc51-a25189daea04 | 4fdacf81-1210-438e-854b-56df965fbc34 | 62babe13-ccc3-4072-b409-dfa3a4a52850 | 67aff714-a0bd-4747-8e4e-8d016f72439b | 7cccbbf7-c5dd-4a05-b8af-476fb1f3c95b | 82fa5f5b-f519-4a56-a17f-af92e1c3b741 | a991c708-c66f-4729-8c2e-f83c5d09fc25 | d64a485d-0385-487b-b770-b9685fb659c3 | f73d3734-19ec-428a-8597-2705ef84bb5d","2025-05-19T13:14:32Z","","CC-BY-NC 4.0 (Int)","petervanerk","","","https://www.inaturalist.org/observations/282242928","","","","iNaturalist","Observations","iNaturalist research-grade observations","","HUMAN_OBSERVATION","","","","https://www.inaturalist.org/observations/282242928","282242928","","petervanerk","","","","","","","","","PRESENT","","","","","","","","","","","","","","","","","2025-05-19T09:37:11Z","09:37:11+10:00","139","139","2025","5","19","2025-05-19 09:37:11","","","","","","","","","","","","","","Australia","AU","New South Wales","","","","Georges Hall NSW 2198, Australia","","","","","","","","","","","-33.909634","150.979996","EPSG:4326","","","","","","","","","","","","","","","","","","","","","","","","","","","","","","","","","634319610","","","petervanerk","2025-05-19T00:07:38Z","","research","","160532","","","","","","https://id.biodiversity.org.au/node/apni/2893989","Chloris ventricosa","Chloris ventricosa","","","","","","","","Plantae","Charophyta","Equisetopsida","Poales","Poaceae","Chloris","","","","species","","R.Br.","Tall Windmill Grass","","","","","","","","","Chloris ventricosa","","","","","","","","","","","","c203c4c0-9284-44c6-8b92-6e6033600928","","","","","","","","","","010815f1-b671-49b9-a3e5-3925fde74c66 | 05918df9-472c-4a04-be7c-3e944ae0acc8 | 05a736f7-e3cb-4534-9d85-ad2a4c067e2e | 1289744f-6b00-44d7-994b-c54770201dc6 | 19f1abd1-091e-4730-abe5-b55e61e5908d | 2a00ecad-1e08-489b-87db-286ba00dcce2 | 3d2dcffe-0676-4b57-bc51-a25189daea04 | 4fdacf81-1210-438e-854b-56df965fbc34 | 62babe13-ccc3-4072-b409-dfa3a4a52850 | 67aff714-a0bd-4747-8e4e-8d016f72439b | 7cccbbf7-c5dd-4a05-b8af-476fb1f3c95b | 82fa5f5b-f519-4a56-a17f-af92e1c3b741 | a991c708-c66f-4729-8c2e-f83c5d09fc25 | d64a485d-0385-487b-b770-b9685fb659c3 | f73d3734-19ec-428a-8597-2705ef84bb5d",""
"dr1411","iNaturalist Australia","4c46d780-9260-4ebb-a1f9-eeb6b86c333c | 5d1a4fcb-5188-412c-b514-ca1f8e955f2a","2025-08-19T12:28:52Z","","CC-BY 4.0 (Int)","Thomas Mesaglio","","","https://www.inaturalist.org/observations/289445041","","","","iNaturalist","Observations","iNaturalist research-grade observations","","HUMAN_OBSERVATION","","","","https://www.inaturalist.org/observations/289445041","289445041","","Thomas Mesaglio","","","","","","","","","PRESENT","","","","","","","","","","","","","","","","","2025-06-14T10:49:00Z","10:49:00+10:00","165","165","2025","6","14","2025/06/14 10:49 AM","","","","","","","","","","","","","","Australia","AU","New South Wales","","","","Garrison Point Reserve and surrounds, Mirambeena Regional Park, Georges Hall, Sydney, New South Wales","","","","","","","","","","","-33.909786","150.979767","EPSG:4326","15.0","","","","","","","","","","","","","","","","","","","","","","","","","","","","","","","","648528059","","","Thomas Mesaglio","2025-06-14T05:18Z","","research","","53720","","","","","","https://id.biodiversity.org.au/node/apni/2894326","Melia azedarach","Melia azedarach","","","","","","","","Plantae","Charophyta","Equisetopsida","Sapindales","Meliaceae","Melia","","","","species","","L.","White Cedar","","","","","","https://orcid.org/0000-0002-1096-6066","https://orcid.org/0000-0002-1096-6066","","Melia azedarach","","","","","","","","","","","","c7e4e060-50f0-483e-a451-e8dfcd3e17fd","","","","","","","","","","4c46d780-9260-4ebb-a1f9-eeb6b86c333c | 5d1a4fcb-5188-412c-b514-ca1f8e955f2a",""
"dr1411","iNaturalist Australia","4e397794-18f9-4d92-8d69-7f5ca19e6b3a","2024-03-12T00:54:57Z","","CC-BY-NC 4.0 (Int)","robyn_young","","","https://www.inaturalist.org/observations/201993374","","","","iNaturalist","Observations","iNaturalist observations","","HUMAN_OBSERVATION","","","","https://www.inaturalist.org/observations/201993374","201993374","","robyn_young","","","","","","","","","PRESENT","","","","","","","","","","","","","","","","","2024-03-11T11:33:39Z","11:33:39+11:00","71","71","2024","3","11","2024-03-11 11:33:39+11:00","","","","","","","","","","","","","","Australia","AU","New South Wales","","","","Lake Gillawarna, Georges Hall, NSW, AU","","","","","","","","","","","-33.907078","150.981475","EPSG:4326","4.0","","","","","","","","","","","","","","","","","","","","","","","","","","","","","","","","","","","","","","needs_id","","369917","","","","","","https://id.biodiversity.org.au/taxon/apni/51291672","Persicaria decipiens","Persicaria decipiens","","","","","","","","Plantae","Charophyta","Equisetopsida","Caryophyllales","Polygonaceae","Persicaria","","","","species","","(R.Br.) K.L.Wilson","Slender Knotweed","","","","","","","","","Persicaria decipiens","","","","","","","","","","","","d192ea01-e7ba-4368-9b8f-57fa8067a842","","","","","","","","","","4e397794-18f9-4d92-8d69-7f5ca19e6b3a",""
"dr1411","iNaturalist Australia","d966dc3a-3671-4101-b4db-a1cf082e914b","2025-08-19T12:28:51Z","","CC-BY 4.0 (Int)","Thomas Mesaglio","","","https://www.inaturalist.org/observations/289446010","","","","iNaturalist","Observations","iNaturalist observations","","HUMAN_OBSERVATION","","","","https://www.inaturalist.org/observations/289446010","289446010","","Thomas Mesaglio","","","","","","","","","PRESENT","","","","","","","","","","","","","","","","","2025-06-14T12:31:00Z","12:31:00+10:00","165","165","2025","6","14","2025/06/14 12:31 PM","","","","","","","","","","","","","","Australia","AU","New South Wales","","","","Garrison Point Reserve and surrounds, Mirambeena Regional Park, Georges Hall, Sydney, New South Wales","","","","","","","","","","","-33.908623","150.980591","EPSG:4326","15.0","","","","","","","","","","","","","","","","","","","","","","","","","","","","","","","","","","","","","","needs_id","","417769","","","","","","https://id.biodiversity.org.au/node/apni/2894206","Richardia stellaris","Richardia stellaris","","","","","","","","Plantae","Charophyta","Equisetopsida","Gentianales","Rubiaceae","Richardia","","","","species","","(Cham. & Schltdl.) Steud.","","","","","","","https://orcid.org/0000-0002-1096-6066","","","Richardia stellaris","","","","","","","","","","","","3a0be925-9cab-4fd9-b2d6-f277512528f0","","","","","","","","","","d966dc3a-3671-4101-b4db-a1cf082e914b",""
"dr1411","iNaturalist Australia","2cc09749-40cd-4070-b4cd-6ac645a33712 | 36dbeb41-af22-4fe2-9ca5-f219a044a742 | 5be4d48a-0397-485f-9043-9457a0831613 | e3c3b781-7a95-4340-941a-f15f55bcedd7","2025-06-14T05:37:10Z","","CC-BY-NC 4.0 (Int)","Greg Potter","","","https://www.inaturalist.org/observations/289403303","","","","iNaturalist","Observations","iNaturalist research-grade observations","","HUMAN_OBSERVATION","","","","https://www.inaturalist.org/observations/289403303","289403303","","Greg Potter","","","","","","","","","PRESENT","","","","","","","","","","","","","","","","","2025-06-14T10:36:38Z","10:36:38+10:00","165","165","2025","6","14","2025-06-14 10:36:38","","","","","","","","","","","","","","Australia","AU","New South Wales","","","","Georges Hall NSW 2198, Australia","","","","","","","","","","","-33.909723","150.978936","EPSG:4326","","","","","","","","","","","","","","","","","","","","","","","","","","","","","","","","","648444154","","","Greg Potter","2025-06-14T00:39:30Z","","research","","349248","","","","","","https://id.biodiversity.org.au/taxon/apni/51777365","Brachychiton populneus","Brachychiton populneus","","","","","","","","Plantae","Charophyta","Equisetopsida","Malvales","Malvaceae","Brachychiton","","","","species","","(Schott & Endl.) R.Br.","Kurrajong","","","","","","","","","Brachychiton populneus","","","","","","","","","","","","bfc028e5-2412-4e24-9417-39a043dd7fff","","","","","","","","","","2cc09749-40cd-4070-b4cd-6ac645a33712 | 36dbeb41-af22-4fe2-9ca5-f219a044a742 | 5be4d48a-0397-485f-9043-9457a0831613 | e3c3b781-7a95-4340-941a-f15f55bcedd7",""
"dr1411","iNaturalist Australia","a4754044-1d62-41cc-b8f7-7e3803dfabc4 | c8f30201-9e5c-48f1-a2db-225bb46e0cf7 | dc0c7efc-5874-4a16-b964-f546f07e524d","2025-08-19T12:28:59Z","","CC-BY 4.0 (Int)","Thomas Mesaglio","","","https://www.inaturalist.org/observations/289445051","","","","iNaturalist","Observations","iNaturalist research-grade observations","","HUMAN_OBSERVATION","","","","https://www.inaturalist.org/observations/289445051","289445051","","Thomas Mesaglio","","","","","","","","","PRESENT","","","","","","","","","","45c44e59-a929-489a-80cf-cf629e83373e","","","","","","","2025-06-14T10:52:00Z","10:52:00+10:00","165","165","2025","6","14","2025/06/14 10:52 AM","","","","","","","","","","","","","","Australia","AU","New South Wales","","","","Garrison Point Reserve and surrounds, Mirambeena Regional Park, Georges Hall, Sydney, New South Wales","","","","","","","","","","","-33.909828","150.980164","EPSG:4326","15.0","","","","","","","","","","","","","","","","","","","","","","","","","","","","","","","","648528075","","","Thomas Mesaglio","2025-06-14T05:18:02Z","","research","","321191","","","","","","https://id.biodiversity.org.au/node/apni/2886624","Ozothamnus diosmifolius","Ozothamnus diosmifolius","","","","","","","","Plantae","Charophyta","Equisetopsida","Asterales","Asteraceae","Ozothamnus","","","","species","","(Vent.) DC.","White Dogwood","","","","","","https://orcid.org/0000-0002-1096-6066","https://orcid.org/0000-0002-1096-6066","","Ozothamnus diosmifolius","","","","","","","","","","","","bfd2a42f-9cd9-4690-a022-48366ea25991","","","","","","","","","","a4754044-1d62-41cc-b8f7-7e3803dfabc4 | c8f30201-9e5c-48f1-a2db-225bb46e0cf7 | dc0c7efc-5874-4a16-b964-f546f07e524d",""
"dr1411","iNaturalist Australia","5528f9e4-242e-42e0-8dd2-07a9f8b6d6a4 | ad571f33-676f-47c2-bc76-0cdf21d9ea10 | cdc52876-cd4a-4579-ade7-fb3560f4ba88","2025-08-19T12:28:20Z","","CC-BY 4.0 (Int)","Thomas Mesaglio","","","https://www.inaturalist.org/observations/289443973","","","","iNaturalist","Observations","iNaturalist research-grade observations","","HUMAN_OBSERVATION","","","","https://www.inaturalist.org/observations/289443973","289443973","","Thomas Mesaglio","","","","","","","","","PRESENT","","","","","","","","","","","","","","","","","2025-06-14T09:39:00Z","09:39:00+10:00","165","165","2025","6","14","2025/06/14 9:39 AM","","","","","","","","","","","","","","Australia","AU","New South Wales","","","","Garrison Point Reserve and surrounds, Mirambeena Regional Park, Georges Hall, Sydney, New South Wales","","","","","","","","","","","-33.909466","150.97493","EPSG:4326","15.0","","","","","","","","","","","","","","","","","","","","","","","","","","","","","","","","648525449","","","Thomas Mesaglio","2025-06-14T05:07:51Z","","research","","146643","","","","","","https://id.biodiversity.org.au/node/apni/7098367","Canna indica","Canna indica","","","","","","","","Plantae","Charophyta","Equisetopsida","Zingiberales","Cannaceae","Canna","","","","species","","L.","Indian Shot","","","","","","https://orcid.org/0000-0002-1096-6066","https://orcid.org/0000-0002-1096-6066","","Canna indica","","","","","","","","","","","","8c6c811c-8682-4a09-8269-6c053a93bf06","","","","","","","","","","5528f9e4-242e-42e0-8dd2-07a9f8b6d6a4 | ad571f33-676f-47c2-bc76-0cdf21d9ea10 | cdc52876-cd4a-4579-ade7-fb3560f4ba88",""
"dr1411","iNaturalist Australia","b207f452-5f83-4082-aa42-a17d5ea62675","2024-12-05T11:32:51Z","","CC-BY-NC 4.0 (Int)","antoinetteyammine","","","https://www.inaturalist.org/observations/109523478","","","","iNaturalist","Observations","iNaturalist research-grade observations","","HUMAN_OBSERVATION","","","","https://www.inaturalist.org/observations/109523478","109523478","","antoinetteyammine","","","","","","","","","PRESENT","","","","","","","","","","","","","","","","","2022-03-25T13:00:48Z","13:00:48+11:00","84","84","2022","3","25","Fri Mar 25 2022 13:00:48 GMT+1100 (GMT+11)","","","","","","","","","","","","","","Australia","AU","New South Wales","","","","Mirambeena Regional Park, Georges Hall, NSW, AU","","","","","","","","","","","-33.908263","150.981475","EPSG:4326","3.0","","","","","","","","","","","","","","","","","","","","","","","","","","","","","","","","244558439","","","Julianne","2022-03-26T07:26:39Z","","research","","52930","","","","","","https://id.biodiversity.org.au/node/apni/2907916","Commelina cyanea","Commelina cyanea","","","","","","","","Plantae","Charophyta","Equisetopsida","Commelinales","Commelinaceae","Commelina","","","","species","","R.Br.","Scurvy Weed","","","","","","","","","Commelina cyanea","","","","","","","","","","","","bfd01cbb-fb23-4740-adb5-bdf7eeea5c1c","","","","","","","","","","b207f452-5f83-4082-aa42-a17d5ea62675",""
"dr1411","iNaturalist Australia","59d65268-cd05-4753-8b78-6482d498375c | 6e93a335-ed9a-4a6e-8fcd-e2bdeb57a373 | 71aa1155-c388-474d-be9b-362f477f7151 | 7584a0c5-add6-45ee-a554-cbf7f5a335ae | 813a5eac-324f-497a-b279-ec577f6e4705 | 91fdefeb-6ccb-4fda-b24c-9fe38a43743f | a9cff17b-2450-4950-8038-ac5363c99fd4 | bd42b936-56be-4d04-a634-3a7315b8b792 | c992cf57-9430-4951-9867-60d0431cc304 | f56ed847-dfc5-42f7-8a05-638e37f45eff","2024-06-23T09:28:25Z","","CC-BY-NC 4.0 (Int)","petervanerk","","","https://www.inaturalist.org/observations/224331586","","","","iNaturalist","Observations","iNaturalist research-grade observations","","HUMAN_OBSERVATION","","","","https://www.inaturalist.org/observations/224331586","224331586","","petervanerk","","","","","","","","","PRESENT","","","","","","","","","","","","","","","","","2024-06-17T10:35:42Z","10:35:42+10:00","169","169","2024","6","17","2024-06-17 10:35:42","","","","","","","","","","","","","","Australia","AU","New South Wales","","","","Bankstown Aerodrome NSW 2198, Australia","","","","","","","","","","","-33.908876","150.980361","EPSG:4326","","","","","","","","","","","","","","","","","","","","","","","","","","","","","","","","","504314367","","","petervanerk","2024-06-22T09:09:49Z","","research","","1377598","","","","","","https://id.biodiversity.org.au/node/apni/2903157","Setaria distans","Paspalidium distans","","","","","","","","Plantae","Charophyta","Equisetopsida","Poales","Poaceae","Paspalidium","","","","species","","(Trin.) Hughes","Shotgrass","","","","","","","","","Paspalidium distans","","","","","","","","","","","","ef42b46e-1512-4c69-a75b-3996adafe8eb","","","","","","","","","","59d65268-cd05-4753-8b78-6482d498375c | 6e93a335-ed9a-4a6e-8fcd-e2bdeb57a373 | 71aa1155-c388-474d-be9b-362f477f7151 | 7584a0c5-add6-45ee-a554-cbf7f5a335ae | 813a5eac-324f-497a-b279-ec577f6e4705 | 91fdefeb-6ccb-4fda-b24c-9fe38a43743f | a9cff17b-2450-4950-8038-ac5363c99fd4 | bd42b936-56be-4d04-a634-3a7315b8b792 | c992cf57-9430-4951-9867-60d0431cc304 | f56ed847-dfc5-42f7-8a05-638e37f45eff",""
"dr1411","iNaturalist Australia","a0dca430-d56b-4423-b31f-da404a7dad6c","2025-06-15T08:25:48Z","","CC-BY-NC 4.0 (Int)","julianeribeiro","","","https://www.inaturalist.org/observations/289407179","","","","iNaturalist","Observations","iNaturalist observations","","HUMAN_OBSERVATION","","","","https://www.inaturalist.org/observations/289407179","289407179","","julianeribeiro","","","","","","","","","PRESENT","","","","","","","","","","","","","","","","","2025-06-14T11:01:32Z","11:01:32+10:00","165","165","2025","6","14","2025-06-14 11:01:32","","","","","","","","","","","","","","Australia","AU","New South Wales","","","","Georges Hall NSW 2198, Australia","","","","","","","","","","","-33.909551","150.980285","EPSG:4326","3.0","","","","","","","","","","","","","","","","","","","","","","","","","","","","","","","","649094854","","","Harry Rose","2025-06-15T08:25:48Z","","needs_id","More likely C ventricosa with only 4 branches.","62920","","","","","","https://id.biodiversity.org.au/node/apni/2910877","Chloris","Chloris","","","","","","","","Plantae","Charophyta","Equisetopsida","Poales","Poaceae","Chloris","","","","genus","","Sw.","Windmill Grasses","","","","","","","","","","","","","","","","","","","","","f3767f62-411c-40fa-8c3b-78e460038c45","","","","","","","","","","a0dca430-d56b-4423-b31f-da404a7dad6c",""
"dr1411","iNaturalist Australia","fb1480d6-6359-4bfe-b184-8140cd6b0b31","2025-08-19T12:28:21Z","","CC-BY 4.0 (Int)","Thomas Mesaglio","","","https://www.inaturalist.org/observations/289443986","","","","iNaturalist","Observations","iNaturalist research-grade observations","","HUMAN_OBSERVATION","","","","https://www.inaturalist.org/observations/289443986","289443986","","Thomas Mesaglio","","","","","","","","","PRESENT","","","","","","","","","","","","","","","","","2025-06-14T09:44:00Z","09:44:00+10:00","165","165","2025","6","14","2025/06/14 9:44 AM","","","","","","","","","","","","","","Australia","AU","New South Wales","","","","Garrison Point Reserve and surrounds, Mirambeena Regional Park, Georges Hall, Sydney, New South Wales","","","","","","","","","","","-33.910076","150.974762","EPSG:4326","15.0","","","","","","","","","","","","","","","","","","","","","","","","","","","","","","","","648525472","","","Thomas Mesaglio","2025-06-14T05:07:55Z","","research","","53178","","","","","","https://id.biodiversity.org.au/node/apni/2899343","Plantago lanceolata","Plantago lanceolata","","","","","","","","Plantae","Charophyta","Equisetopsida","Lamiales","Plantaginaceae","Plantago","","","","species","","L.","Ribwort","","","","","","https://orcid.org/0000-0002-1096-6066","https://orcid.org/0000-0002-1096-6066","","Plantago lanceolata","","","","","","","","","","","","b17a1bfa-bc5d-4c6f-acd8-2fd013746994","","","","","","","","","","fb1480d6-6359-4bfe-b184-8140cd6b0b31",""
"dr1411","iNaturalist Australia","15c6fc64-a524-4769-8aad-6ce2db22339e | 8f0fb1a0-d341-4e63-bde9-3ef832e5abf6 | 8f186102-1614-4052-bf0c-bd75ced4bfd6 | 920b4832-e42d-4db6-a675-4799fc2deb48 | a9e4e530-2308-42ed-8c6c-e815756d7def | e8319da3-e3d4-4145-a323-a8a712179a1c | eb263d99-2115-409f-85fe-7a0281251de1 | ef6560b6-5123-41c4-aaeb-df7da95423d3","2025-08-19T12:28:58Z","","CC-BY 4.0 (Int)","Thomas Mesaglio","","","https://www.inaturalist.org/observations/289446009","","","","iNaturalist","Observations","iNaturalist observations","","HUMAN_OBSERVATION","","","","https://www.inaturalist.org/observations/289446009","289446009","","Thomas Mesaglio","","","","","","","","","PRESENT","","","","","","","","","","","","","","","","","2025-06-14T12:28:00Z","12:28:00+10:00","165","165","2025","6","14","2025/06/14 12:28 PM","","","","","","","","","","","","","","Australia","AU","New South Wales","","","","Garrison Point Reserve and surrounds, Mirambeena Regional Park, Georges Hall, Sydney, New South Wales","","","","","","","","","","","-33.908623","150.980591","EPSG:4326","15.0","","","","","","","","","","","","","","","","","","","","","","","","","","","","","","","","","","","","","","needs_id","","210170","","","","","","https://id.biodiversity.org.au/node/apni/2899636","Solenogyne dominii","Solenogyne dominii","","","","","","","","Plantae","Charophyta","Equisetopsida","Asterales","Asteraceae","Solenogyne","","","","species","","L.G.Adams","Smooth Solenogyne","","","","","","https://orcid.org/0000-0002-1096-6066","","","Solenogyne dominii","","","","","","","","","","","","9b139cc6-67b1-4894-8240-49f8b2296b43","","","","","","","","","","15c6fc64-a524-4769-8aad-6ce2db22339e | 8f0fb1a0-d341-4e63-bde9-3ef832e5abf6 | 8f186102-1614-4052-bf0c-bd75ced4bfd6 | 920b4832-e42d-4db6-a675-4799fc2deb48 | a9e4e530-2308-42ed-8c6c-e815756d7def | e8319da3-e3d4-4145-a323-a8a712179a1c | eb263d99-2115-409f-85fe-7a0281251de1 | ef6560b6-5123-41c4-aaeb-df7da95423d3",""
"dr1411","iNaturalist Australia","dd788256-c816-45e0-bb3b-9b3fa02b5d06 | fa4a812d-eccd-4854-8f46-c054d59ff985","2025-08-19T12:28:56Z","","CC-BY 4.0 (Int)","Thomas Mesaglio","","","https://www.inaturalist.org/observations/289445031","","","","iNaturalist","Observations","iNaturalist research-grade observations","","HUMAN_OBSERVATION","","","","https://www.inaturalist.org/observations/289445031","289445031","","Thomas Mesaglio","","","","","","","","","PRESENT","","","","","","","","","","","","","","","","","2025-06-14T10:46:00Z","10:46:00+10:00","165","165","2025","6","14","2025/06/14 10:46 AM","","","","","","","","","","","","","","Australia","AU","New South Wales","","","","Garrison Point Reserve and surrounds, Mirambeena Regional Park, Georges Hall, Sydney, New South Wales","","","","","","","","","","","-33.909599","150.979324","EPSG:4326","15.0","","","","","","","","","","","","","","","","","","","","","","","","","","","","","","","","648528045","","","Thomas Mesaglio","2025-06-14T05:17:58Z","","research","","369779","","","","","","https://id.biodiversity.org.au/node/apni/2898881","Breynia oblongifolia","Breynia oblongifolia","","","","","","","","Plantae","Charophyta","Equisetopsida","Malpighiales","Phyllanthaceae","Breynia","","","","species","","(Müll.Arg.) Müll.Arg.","Coffee Bush","","","","","","https://orcid.org/0000-0002-1096-6066","https://orcid.org/0000-0002-1096-6066","","Breynia oblongifolia","","","","","","","","","","","","5ce51ea7-9c45-4b56-a014-0d9cd108d0e4","","","","","","","","","","dd788256-c816-45e0-bb3b-9b3fa02b5d06 | fa4a812d-eccd-4854-8f46-c054d59ff985",""
"dr1411","iNaturalist Australia","03b766f4-b110-431f-b74a-4e699bcbbafb","2026-03-20T05:16:19Z","","CC-BY-NC 4.0 (Int)","paulangel","","","https://www.inaturalist.org/observations/342360148","","","","iNaturalist","Observations","iNaturalist research-grade observations","","HUMAN_OBSERVATION","","","","https://www.inaturalist.org/observations/342360148","342360148","","paulangel","","","","","","","","","PRESENT","","","","","","","","","","","","","","","","","2025-07-29T11:44:30Z","11:44:30+10:00","210","210","2025","7","29","2025-07-29 11:44:30","","","","","","","","","","","","","","Australia","AU","New South Wales","","","","Henry Lawson Dr, Georges Hall, NSW, AU","","","","","","","","","","","-33.909577","150.980358","EPSG:4326","8.0","","","","","","","","","","","","","","","","","","","","","","","","","","","","","","","","772429414","","","Ray Robinson","2026-03-11T03:26:45Z","","research","","83375","","","","","","https://id.biodiversity.org.au/node/apni/2895205","Lomandra longifolia","Lomandra longifolia","","","","","","","","Plantae","Charophyta","Equisetopsida","Asparagales","Asparagaceae","Lomandra","","","","species","","Labill.","Spiny-headed Mat-rush","","","","","","","","","Lomandra longifolia","","","","","","","","","","","","1dc65368-9363-443e-8182-3847645ec6bc","","","","","","","","","","03b766f4-b110-431f-b74a-4e699bcbbafb",""
"dr1411","iNaturalist Australia","2c805aaa-e881-4f36-ac84-ec5cc4335986 | 46e50c9a-6fdc-4296-97ba-75bae965ba21 | 6b32b138-6ad0-41f7-ab3e-b3e446fc8050 | 7ce9bc1c-353e-49f4-b255-be7f18a29594 | 82eb4772-17c2-42e5-ae86-7ff3db4269a6 | 8865f1bc-cfaf-48ac-be1a-c4e3c825ed0c | affd8be5-0540-44d5-8434-3b6fa9ac1d4d | ba498af7-b7fd-4671-b10b-a4c3d37f5939 | bd74c1b2-96e2-40a3-b6bf-8ef4402e83b1 | c0ea91d1-2b49-477f-9652-317b5f6eb8f3 | dd6795a9-0cc7-434a-b734-e3c97d21d11d | f89032ef-120a-43f2-905a-759bc006ba88","2025-08-19T12:28:57Z","","CC-BY 4.0 (Int)","Thomas Mesaglio","","","https://www.inaturalist.org/observations/289445982","","","","iNaturalist","Observations","iNaturalist observations","","HUMAN_OBSERVATION","","","","https://www.inaturalist.org/observations/289445982","289445982","","Thomas Mesaglio","","","","","","","","","PRESENT","","","","","","","","","","7eb4bbd2-fde3-44b0-bf44-3804556cc29e","","","","","","","2025-06-14T11:01:00Z","11:01:00+10:00","165","165","2025","6","14","2025/06/14 11:01 AM","","","","","","","","","","","","","","Australia","AU","New South Wales","","","","Garrison Point Reserve and surrounds, Mirambeena Regional Park, Georges Hall, Sydney, New South Wales","","","","","","","","","","","-33.909714","150.980515","EPSG:4326","15.0","","","","","","","","","","","","","","","","","","","","","","","","","","","","","","","","","","","","","","needs_id","","323803","","","","","","https://id.biodiversity.org.au/taxon/apni/51770723","Bossiaea prostrata","Bossiaea prostrata","","","","","","","","Plantae","Charophyta","Equisetopsida","Fabales","Fabaceae","Bossiaea","","","","species","","R.Br.","Creeping Bossiaea","","","","","","https://orcid.org/0000-0002-1096-6066","","","Bossiaea prostrata","","","","","","","","","","","","7a32aa1d-6f79-4a5f-9cc2-48e5c6aab8da","","","","","","","","","","2c805aaa-e881-4f36-ac84-ec5cc4335986 | 46e50c9a-6fdc-4296-97ba-75bae965ba21 | 6b32b138-6ad0-41f7-ab3e-b3e446fc8050 | 7ce9bc1c-353e-49f4-b255-be7f18a29594 | 82eb4772-17c2-42e5-ae86-7ff3db4269a6 | 8865f1bc-cfaf-48ac-be1a-c4e3c825ed0c | affd8be5-0540-44d5-8434-3b6fa9ac1d4d | ba498af7-b7fd-4671-b10b-a4c3d37f5939 | bd74c1b2-96e2-40a3-b6bf-8ef4402e83b1 | c0ea91d1-2b49-477f-9652-317b5f6eb8f3 | dd6795a9-0cc7-434a-b734-e3c97d21d11d | f89032ef-120a-43f2-905a-759bc006ba88",""
"dr1411","iNaturalist Australia","dce34a46-185f-42d8-98c1-b58104b659c6","2025-06-14T05:36:53Z","","CC-BY-NC 4.0 (Int)","julianeribeiro","","","https://www.inaturalist.org/observations/289405857","","","","iNaturalist","Observations","iNaturalist research-grade observations","","HUMAN_OBSERVATION","","","","https://www.inaturalist.org/observations/289405857","289405857","","julianeribeiro","","","","","","","","","PRESENT","","","","","","","","","","","","","","","","","2025-06-14T10:54:25Z","10:54:25+10:00","165","165","2025","6","14","2025-06-14 10:54:25","","","","","","","","","","","","","","Australia","AU","New South Wales","","","","Georges Hall NSW 2198, Australia","","","","","","","","","","","-33.909583","150.980226","EPSG:4326","9.0","","","","","","","","","","","","","","","","","","","","","","","","","","","","","","","","648449262","","","julianeribeiro","2025-06-14T00:54:55Z","","research","","401745","","","","","","https://id.biodiversity.org.au/node/apni/2888469","Eremophila debilis","Eremophila debilis","","","","","","","","Plantae","Charophyta","Equisetopsida","Lamiales","Scrophulariaceae","Eremophila","","","","species","","(Andrews) Chinnock","Winter Apple","","","","","","","","","Eremophila debilis","","","","","","","","","","","","d7022c56-aca3-4fd2-ad03-527c834d9167","","","","","","","","","","dce34a46-185f-42d8-98c1-b58104b659c6",""
"dr1411","iNaturalist Australia","4f0ea2a9-bfa1-46a6-9998-830622970760 | 6d10e9d4-17f1-435e-9bf1-137ee77cad93 | 7d20dddb-53d8-43cf-99ce-215f423088e7 | a07c14fa-1c58-4dd7-9046-a504968824a9 | dad4f1ae-9c37-480f-896c-868e23e3626f | ecb58a54-c90a-4384-8808-e67b921e0c66 | efdadae4-b65e-4b2f-b323-9bacf3e67c2f | f7e78060-4e32-409e-a78f-6b26d5d7a6ba | fd70e291-71d0-4db1-bc73-ca930c0d4bcf","2026-03-22T04:34:06Z","","CC0","ronavery","","","https://www.inaturalist.org/observations/230415703","","","","iNaturalist","Observations","iNaturalist research-grade observations","","HUMAN_OBSERVATION","","","","https://www.inaturalist.org/observations/230415703","230415703","","ronavery","","","","","","","","","PRESENT","","","","","","","","","","","","","","","","","2024-07-20T09:34:25Z","09:34:25+10:00","202","202","2024","7","20","2024-07-20 09:34:25","","","","","","","","","","","","","","Australia","AU","New South Wales","","","","Lansvale NSW 2166, Australia","","","","","","","","","","","-33.906906","150.978891","EPSG:4326","","","","","","","","","","","","","","","","","","","","","","","","","","","","","","","","","516636649","","","ronavery","2024-07-20T02:05:09Z","","research","","353884","","","","","","https://id.biodiversity.org.au/node/apni/7572386","Eucalyptus baueriana","Eucalyptus baueriana","","","","","","","","Plantae","Charophyta","Equisetopsida","Myrtales","Myrtaceae","Eucalyptus","","","","species","","Schauer","Blue Box","","","","","","","","","Eucalyptus baueriana","","","","","","","","","","","","61d82b93-0989-4e68-a792-6ed045febd83","","","","","","","","","","4f0ea2a9-bfa1-46a6-9998-830622970760 | 6d10e9d4-17f1-435e-9bf1-137ee77cad93 | 7d20dddb-53d8-43cf-99ce-215f423088e7 | a07c14fa-1c58-4dd7-9046-a504968824a9 | dad4f1ae-9c37-480f-896c-868e23e3626f | ecb58a54-c90a-4384-8808-e67b921e0c66 | efdadae4-b65e-4b2f-b323-9bacf3e67c2f | f7e78060-4e32-409e-a78f-6b26d5d7a6ba | fd70e291-71d0-4db1-bc73-ca930c0d4bcf",""
"dr1411","iNaturalist Australia","9c41abfb-f1b2-4bb5-9407-be63e4fc31df","2025-08-19T12:28:53Z","","CC-BY 4.0 (Int)","Thomas Mesaglio","","","https://www.inaturalist.org/observations/43541893","","","","iNaturalist","Observations","iNaturalist research-grade observations","","HUMAN_OBSERVATION","","","","https://www.inaturalist.org/observations/43541893","43541893","","Thomas Mesaglio","","","","","","","","","PRESENT","","","","","","","","","","","","","","","","","2020-04-26T10:15:05Z","10:15:05+10:00","117","117","2020","4","26","Sun Apr 26 2020 10:15:05 GMT+1000 (GMT+10)","","","","","","","","","","","","","","Australia","AU","New South Wales","","","","Garrison Point Reserve and surrounds, Mirambeena Regional Park, Georges Hall, Sydney, New South Wales","","","","","","","","","","","-33.908945","150.978103","EPSG:4326","10.0","","","","","","","","","","","","","","","","","","","","","","","","","","","","","","","","155879094","","","Thomas Mesaglio","2021-02-21T06:58:10Z","","research","","50203","","","","","","https://id.biodiversity.org.au/taxon/apni/51741635","Bidens pilosa","Bidens pilosa","","","","","","","","Plantae","Charophyta","Equisetopsida","Asterales","Asteraceae","Bidens","","","","species","","L.","Cobbler's Pegs","","","","","","https://orcid.org/0000-0002-1096-6066","https://orcid.org/0000-0002-1096-6066","","Bidens pilosa","","","","","","","","","","","","ef5c5095-19ae-43f3-bda2-8d7cbfe5a527","","","","","","","","","","9c41abfb-f1b2-4bb5-9407-be63e4fc31df",""
"dr1411","iNaturalist Australia","813eab3d-fe5a-4148-8065-1726bb8eedc3","2025-08-31T23:27:36Z","","CC-BY-NC 4.0 (Int)","catawampus","","","https://www.inaturalist.org/observations/310630502","","","","iNaturalist","Observations","iNaturalist observations","","HUMAN_OBSERVATION","","","","https://www.inaturalist.org/observations/310630502","310630502","","catawampus","","","","","","","","","PRESENT","","","","","","","","","","","","","","","","","2025-09-01T09:25:32Z","09:25:32+10:00","244","244","2025","9","1","2025-09-01 09:25:32","","","","","","","","","","","","","","Australia","AU","New South Wales","","","","Georges Hall NSW 2198, Australia","","","","","","","","","","","-33.909701","150.980252","EPSG:4326","7.0","","","","","","","","","","","","","","","","","","","","","","","","","","","","","","","","","","","","","","needs_id","","417776","","","","","","https://id.biodiversity.org.au/node/apni/2912267","Opercularia diphylla","Opercularia diphylla","","","","","","","","Plantae","Charophyta","Equisetopsida","Gentianales","Rubiaceae","Opercularia","","","","species","","Gaertn.","Stinkweed","","","","","","","","","Opercularia diphylla","","","","","","","","","","","","de464e52-8a58-4701-bd9b-8db2a59d966c","","","","","","","","","","813eab3d-fe5a-4148-8065-1726bb8eedc3",""
"dr1411","iNaturalist Australia","253811d8-8b78-4ba5-9a8e-3697804f63df","2026-03-11T02:27:16Z","","CC-BY-NC 4.0 (Int)","paulangel","","","https://www.inaturalist.org/observations/342360515","","","","iNaturalist","Observations","iNaturalist observations","","HUMAN_OBSERVATION","","","","https://www.inaturalist.org/observations/342360515","342360515","","paulangel","","","","","","","","","PRESENT","","","","","","","","","","","","","","","","","2025-07-29T11:54:50Z","11:54:50+10:00","210","210","2025","7","29","2025-07-29 11:54:50","","","","","","","","","","","","","","Australia","AU","New South Wales","","","","Henry Lawson Dr, Georges Hall, NSW, AU","","","","","","","","","","","-33.909466","150.980139","EPSG:4326","36.0","","","","","","","","","","","","","","","","","","","","","","","","","","","","","","","","","","","","","","needs_id","","165216","","","","","","https://id.biodiversity.org.au/node/apni/7698404","Melaleuca linariifolia","Melaleuca linariifolia","","","","","","","","Plantae","Charophyta","Equisetopsida","Myrtales","Myrtaceae","Melaleuca","","","","species","","Sm.","Snow-in Summer","","","","","","","","","Melaleuca linariifolia","","","","","","","","","","","","690e41f8-5711-4ea6-bb02-18dedc9d6ea6","","","","","","","","","","253811d8-8b78-4ba5-9a8e-3697804f63df",""
"dr1411","iNaturalist Australia","01246218-3c86-44aa-8f3d-131f56a0263d","2025-08-19T12:29Z","","CC-BY 4.0 (Int)","Thomas Mesaglio","","","https://www.inaturalist.org/observations/289445024","","","","iNaturalist","Observations","iNaturalist research-grade observations","","HUMAN_OBSERVATION","","","","https://www.inaturalist.org/observations/289445024","289445024","","Thomas Mesaglio","","","","","","","","","PRESENT","","","","","","","","","","44342888-0eda-4952-8fe9-8c2f4b2f8201","","","","","","","2025-06-14T10:44:00Z","10:44:00+10:00","165","165","2025","6","14","2025/06/14 10:44 AM","","","","","","","","","","","","","","Australia","AU","New South Wales","","","","Garrison Point Reserve and surrounds, Mirambeena Regional Park, Georges Hall, Sydney, New South Wales","","","","","","","","","","","-33.909599","150.979324","EPSG:4326","15.0","","","","","","","","","","","","","","","","","","","","","","","","","","","","","","","","648528035","","","Thomas Mesaglio","2025-06-14T05:17:56Z","","research","","83364","","","","","","https://id.biodiversity.org.au/node/apni/2899160","Indigofera australis","Indigofera australis","","","","","","","","Plantae","Charophyta","Equisetopsida","Fabales","Fabaceae","Indigofera","","","","species","","Willd.","Australian Indigo","","","","","","https://orcid.org/0000-0002-1096-6066","https://orcid.org/0000-0002-1096-6066","","Indigofera australis","","","","","","","","","","","","fb868133-e9ac-423e-805d-23e3a0802576","","","","","","","","","","01246218-3c86-44aa-8f3d-131f56a0263d",""
"dr1411","iNaturalist Australia","099a7a0b-a4f3-4d40-adf2-10cfd9dd8e03 | 33849370-08a6-4e6d-963e-25713d47092b","2025-06-15T08:23:23Z","","CC-BY-NC 4.0 (Int)","julianeribeiro","","","https://www.inaturalist.org/observations/289408628","","","","iNaturalist","Observations","iNaturalist observations","","HUMAN_OBSERVATION","","","","https://www.inaturalist.org/observations/289408628","289408628","","julianeribeiro","","","","","","","","","PRESENT","","","","","","","","","","","","","","","","","2025-06-14T11:10:21Z","11:10:21+10:00","165","165","2025","6","14","2025-06-14 11:10:21","","","","","","","","","","","","","","Australia","AU","New South Wales","","","","Georges Hall NSW 2198, Australia","","","","","","","","","","","-33.909507","150.98036","EPSG:4326","5.0","","","","","","","","","","","","","","","","","","","","","","","","","","","","","","","","","","","","","","needs_id","","1377598","","","","","","https://id.biodiversity.org.au/node/apni/2903157","Setaria distans","Paspalidium distans","","","","","","","","Plantae","Charophyta","Equisetopsida","Poales","Poaceae","Paspalidium","","","","species","","(Trin.) Hughes","Shotgrass","","","","","","","","","Paspalidium distans","","","","","","","","","","","","d2e92ce8-9c37-4b21-80a0-ec7b2a0b449d","","","","","","","","","","099a7a0b-a4f3-4d40-adf2-10cfd9dd8e03 | 33849370-08a6-4e6d-963e-25713d47092b",""
"dr1411","iNaturalist Australia","15407fbc-a617-455f-b29e-381e7b3359af | 17a97023-1f6e-4e79-8d1f-4fe769cecbbc | 1c4d9d2a-34f3-4927-b121-6058f4edbd7e | 3653a377-c95f-4645-a859-c3ff0d3ccd9d | 3d054168-fd8b-440d-85cf-a3efd24fe7eb | 686c2d81-402b-48c7-bc6e-2717565390ac | 94c40053-f81b-4ffa-9f4b-85537246416c | 9e20b590-1e0a-4f8c-a8d0-1435bbd46a13 | a000773c-5a04-47c2-af70-41f68382c1b1 | a9a3246b-d4bd-4969-97a3-3eaa4df28b3e | c09e6996-baf2-44a0-9066-60921a626126 | c0a6fb47-0b6b-4c0c-97a2-2d38fddf0b0b | cdb796a8-51f2-45f1-a969-3d39f6b6ef40 | d792ba37-4118-4385-9a56-1de9175716c9 | dce30c81-aade-4371-9dae-1496c6821c92 | e377cbca-9322-4b92-948b-71bee96a0c68 | ecdc3a7d-18d8-4faf-9021-63dcc3ed2555 | f55e5585-849b-4696-ab8d-a1d7a02d0aa1 | f6354102-48db-49fe-9ad8-4fd7fd0d3913 | f79732b3-75b2-48c0-a986-52f0bcf288fd","2025-08-19T12:28:56Z","","CC-BY 4.0 (Int)","Thomas Mesaglio","","","https://www.inaturalist.org/observations/289445996","","","","iNaturalist","Observations","iNaturalist research-grade observations","","HUMAN_OBSERVATION","","","","https://www.inaturalist.org/observations/289445996","289445996","","Thomas Mesaglio","","","","","","","","","PRESENT","","","","","","","","","","","","","","","","","2025-06-14T12:00:00Z","12:00:00+10:00","165","165","2025","6","14","2025/06/14 12:00 PM","","","","","","","","","","","","","","Australia","AU","New South Wales","","","","Garrison Point Reserve and surrounds, Mirambeena Regional Park, Georges Hall, Sydney, New South Wales","","","","","","","","","","","-33.909611","150.980652","EPSG:4326","15.0","","","","","","","","","","","","","","","","","","","","","","","","","","","","","","","","648530394","","","Thomas Mesaglio","2025-06-14T05:26:47Z","","research","","1119734","","","","","","https://id.biodiversity.org.au/node/apni/2897372","Acacia parvipinnula","Acacia parvipinnula","","","","","","","","Plantae","Charophyta","Equisetopsida","Fabales","Fabaceae","Acacia","","","","species","","Tindale","Silver-stemmed Wattle","","","","","","https://orcid.org/0000-0002-1096-6066","https://orcid.org/0000-0002-1096-6066","","Acacia parvipinnula","","","","","","","","","","","","5fadf26a-de6f-4bd1-8991-98c97143127d","","","","","","","","","","15407fbc-a617-455f-b29e-381e7b3359af | 17a97023-1f6e-4e79-8d1f-4fe769cecbbc | 1c4d9d2a-34f3-4927-b121-6058f4edbd7e | 3653a377-c95f-4645-a859-c3ff0d3ccd9d | 3d054168-fd8b-440d-85cf-a3efd24fe7eb | 686c2d81-402b-48c7-bc6e-2717565390ac | 94c40053-f81b-4ffa-9f4b-85537246416c | 9e20b590-1e0a-4f8c-a8d0-1435bbd46a13 | a000773c-5a04-47c2-af70-41f68382c1b1 | a9a3246b-d4bd-4969-97a3-3eaa4df28b3e | c09e6996-baf2-44a0-9066-60921a626126 | c0a6fb47-0b6b-4c0c-97a2-2d38fddf0b0b | cdb796a8-51f2-45f1-a969-3d39f6b6ef40 | d792ba37-4118-4385-9a56-1de9175716c9 | dce30c81-aade-4371-9dae-1496c6821c92 | e377cbca-9322-4b92-948b-71bee96a0c68 | ecdc3a7d-18d8-4faf-9021-63dcc3ed2555 | f55e5585-849b-4696-ab8d-a1d7a02d0aa1 | f6354102-48db-49fe-9ad8-4fd7fd0d3913 | f79732b3-75b2-48c0-a986-52f0bcf288fd",""
"dr1411","iNaturalist Australia","2f6769d8-37a6-4211-821e-ffa04a7ca398 | 89b21811-8a1b-4954-b5f7-1583875d7e70 | 8ddf3a50-0cbb-438f-a98d-f1af1666482d","2026-01-23T21:15:01Z","","CC-BY 4.0 (Int)","Thomas Mesaglio","","","https://www.inaturalist.org/observations/289445025","","","","iNaturalist","Observations","iNaturalist research-grade observations","","HUMAN_OBSERVATION","","","","https://www.inaturalist.org/observations/289445025","289445025","","Thomas Mesaglio","","","","","","","","","PRESENT","","","","","","","small remnant population here","","","","","","","","","","2025-06-14T10:45:00Z","10:45:00+10:00","165","165","2025","6","14","2025/06/14 10:45 AM","","","","","","","","","","","","","","Australia","AU","New South Wales","","","","Garrison Point Reserve and surrounds, Mirambeena Regional Park, Georges Hall, Sydney, New South Wales","","","","","","","","","","","-33.909599","150.979324","EPSG:4326","15.0","","","","","","","","","","","","","","","","","","","","","","","","","","","","","","","","648528037","","","Thomas Mesaglio","2025-06-14T05:17:57Z","","research","","207932","","","","","","https://id.biodiversity.org.au/taxon/apni/51446204","Alphitonia excelsa","Alphitonia excelsa","","","","","","","","Plantae","Charophyta","Equisetopsida","Rosales","Rhamnaceae","Alphitonia","","","","species","","(A.Cunn. ex Fenzl) Benth.","Red Ash","","","","","","https://orcid.org/0000-0002-1096-6066","https://orcid.org/0000-0002-1096-6066","","Alphitonia excelsa","","","","","","","","","","","","b25438a7-1c64-4550-a2a4-7244dcca8335","","","","","","","","","","2f6769d8-37a6-4211-821e-ffa04a7ca398 | 89b21811-8a1b-4954-b5f7-1583875d7e70 | 8ddf3a50-0cbb-438f-a98d-f1af1666482d",""
"dr1411","iNaturalist Australia","55addb30-e43b-401d-bca8-136ab9216da0 | 82921648-9ec6-401b-8d97-80891f28b90f | 9b60dde1-6787-4caf-b33c-285c3087cb92 | cf1ef877-b610-40e5-992e-a29b7828bc8c | f81f3ceb-9a9f-42b9-9af1-e25663ab7535","2025-04-15T07:01:28Z","","CC-BY-NC 4.0 (Int)","Greg Potter","","","https://www.inaturalist.org/observations/261320970","","","","iNaturalist","Observations","iNaturalist research-grade observations","","HUMAN_OBSERVATION","","","","https://www.inaturalist.org/observations/261320970","261320970","","Greg Potter","","","","","","","","","PRESENT","","","","","","","I believe it's Entolasia stricta, I just hadn't seen it this hairy","","","","","","","","","","2025-02-11T08:56:48Z","08:56:48+11:00","42","42","2025","2","11","2025-02-11 08:56:48","","","","","","","","","","","","","","Australia","AU","New South Wales","","","","Georges Hall NSW 2198, Australia","","","","","","","","","","","-33.909651","150.980151","EPSG:4326","43.0","","","","","","","","","","","","","","","","","","","","","","","","","","","","","","","","591422115","","","Greg Potter","2025-02-11T05:31:01Z","","research","","353849","","","","","","https://id.biodiversity.org.au/node/apni/2886431","Entolasia stricta","Entolasia stricta","","","","","","","","Plantae","Charophyta","Equisetopsida","Poales","Poaceae","Entolasia","","","","species","","(R.Br.) Hughes","Wiry Panic","","","","","","","","","Entolasia stricta","","","","","","","","","","","","ece6dae2-b960-4467-860a-7c7463be24de","","","","","","","","","","55addb30-e43b-401d-bca8-136ab9216da0 | 82921648-9ec6-401b-8d97-80891f28b90f | 9b60dde1-6787-4caf-b33c-285c3087cb92 | cf1ef877-b610-40e5-992e-a29b7828bc8c | f81f3ceb-9a9f-42b9-9af1-e25663ab7535",""
"dr1411","iNaturalist Australia","227b5e67-a2bd-4da7-b95c-437eed968e13 | 748b1363-4795-443d-abaa-3611639d8293 | c811839f-389b-48d4-ac69-0212e34dfa46 | cbbb3de1-2acd-4b10-9219-c8700a38ca90 | d629cb78-9fb3-4f0c-b4cc-8c067147326c | e6b298be-48a7-45d2-98ac-df8b54696553","2024-03-02T03:01:33Z","","CC-BY-NC 4.0 (Int)","Nina","","","https://www.inaturalist.org/observations/200966616","","","","iNaturalist","Observations","iNaturalist observations","","HUMAN_OBSERVATION","","","","https://www.inaturalist.org/observations/200966616","200966616","","Nina","","","","","","","","","PRESENT","","","","","","","","","","","","","","","","","2024-02-29T14:26:29Z","14:26:29+11:00","60","60","2024","2","29","2024-02-29 14:26:29","","","","","","","","","","","","","","Australia","AU","New South Wales","","","","Bankstown Aerodrome NSW 2198, Australia","","","","","","","","","","","-33.90896","150.979842","EPSG:4326","299.0","","","","","","","","","","","","","","","","","","","","","","","","","","","","","","","","","","","","","","needs_id","","516379","","","","","","https://id.biodiversity.org.au/node/apni/2906785","Asperula conferta","Asperula conferta","","","","","","","","Plantae","Charophyta","Equisetopsida","Gentianales","Rubiaceae","Asperula","","","","species","","Hook.f.","Common Woodruff","","","","","","","","","Asperula conferta","","","","","","","","","","","","7ded63b3-2ebd-42c0-9cf4-50e3e367fc63","","","","","","","","","","227b5e67-a2bd-4da7-b95c-437eed968e13 | 748b1363-4795-443d-abaa-3611639d8293 | c811839f-389b-48d4-ac69-0212e34dfa46 | cbbb3de1-2acd-4b10-9219-c8700a38ca90 | d629cb78-9fb3-4f0c-b4cc-8c067147326c | e6b298be-48a7-45d2-98ac-df8b54696553",""
"dr1411","iNaturalist Australia","24cc89ed-ddb5-4f60-bc3f-a4230321cef6","2025-08-19T12:28:57Z","","CC-BY 4.0 (Int)","Thomas Mesaglio","","","https://www.inaturalist.org/observations/289445035","","","","iNaturalist","Observations","iNaturalist research-grade observations","","HUMAN_OBSERVATION","","","","https://www.inaturalist.org/observations/289445035","289445035","","Thomas Mesaglio","","","","","","","","","PRESENT","","","","","","","","","","","","","","","","","2025-06-14T10:46:00Z","10:46:00+10:00","165","165","2025","6","14","2025/06/14 10:46 AM","","","","","","","","","","","","","","Australia","AU","New South Wales","","","","Garrison Point Reserve and surrounds, Mirambeena Regional Park, Georges Hall, Sydney, New South Wales","","","","","","","","","","","-33.909599","150.979324","EPSG:4326","15.0","","","","","","","","","","","","","","","","","","","","","","","","","","","","","","","","648528051","","","Thomas Mesaglio","2025-06-14T05:17:59Z","","research","","181665","","","","","","https://id.biodiversity.org.au/node/apni/2912518","Senna pendula glabrata","Senna pendula var. glabrata","","","","","","","","Plantae","Charophyta","Equisetopsida","Fabales","Fabaceae","Senna","","","","variety","","(Vogel) H.S.Irwin & Barneby","Easter Cassia","","","","","","https://orcid.org/0000-0002-1096-6066","https://orcid.org/0000-0002-1096-6066","","Senna pendula","","","","","","","","","","","","6ae355b0-23f8-4e26-9d78-5724ee60489b","","","","","","","","","","24cc89ed-ddb5-4f60-bc3f-a4230321cef6",""
"dr1411","iNaturalist Australia","2a12803a-a698-4222-a53f-d94466de176d | 314dc9db-eb40-40b0-9e38-bc6720a73c7b | 521057b7-827a-4419-bcfe-5524ae9156bc","2024-07-15T22:31:35Z","","CC-BY-NC 4.0 (Int)","boohoo69","","","https://www.inaturalist.org/observations/227036370","","","","iNaturalist","Observations","iNaturalist observations","","HUMAN_OBSERVATION","","","","https://www.inaturalist.org/observations/227036370","227036370","","boohoo69","","","","","","","","","PRESENT","","","","","","","","","","","","","","","","","2024-07-04T14:41:43Z","14:41:43+10:00","186","186","2024","7","4","2024-07-04 14:41:43","","","","","","","","","","","","","","Australia","AU","New South Wales","","","","Bankstown Aerodrome NSW 2198, Australia","","","","","","","","","","","-33.909588","150.97724","EPSG:4326","184.0","","","","","","","","","","","","","","","","","","","","","","","","","","","","","","","","","","","","","","needs_id","","961569","","","","","","https://id.biodiversity.org.au/node/apni/7415894","Mentha satureioides","Mentha satureioides","","","","","","","","Plantae","Charophyta","Equisetopsida","Lamiales","Lamiaceae","Mentha","","","","species","","R.Br.","Native Pennyroyal","","","","","","","","","Mentha satureioides","","","","","","","","","","","","c48e2246-8e53-4510-acc5-98d92a99b17d","","","","","","","","","","2a12803a-a698-4222-a53f-d94466de176d | 314dc9db-eb40-40b0-9e38-bc6720a73c7b | 521057b7-827a-4419-bcfe-5524ae9156bc",""
"dr1411","iNaturalist Australia","4bb64c69-2c77-4863-9cc1-eb90a618e559 | 4fedc335-7bbb-4d97-a744-3ad3c90ce8ec | 591e149f-5cfe-4d0e-aeba-757956d9a7d9 | b46250aa-86b4-48be-86f5-13d3aa7250dd","2025-06-14T05:28:36Z","","CC-BY-NC 4.0 (Int)","Greg Potter","","","https://www.inaturalist.org/observations/289423012","","","","iNaturalist","Observations","iNaturalist research-grade observations","","HUMAN_OBSERVATION","","","","https://www.inaturalist.org/observations/289423012","289423012","","Greg Potter","","","","","","","","","PRESENT","","","","","","","","","","","","","","","","","2025-06-14T12:31:02Z","12:31:02+10:00","165","165","2025","6","14","2025-06-14 12:31:02","","","","","","","","","","","","","","Australia","AU","New South Wales","","","","Georges Hall NSW 2198, Australia","","","","","","","","","","","-33.908735","150.979978","EPSG:4326","","","","","","","","","","","","","","","","","","","","","","","","","","","","","","","","","648481263","","","Greg Potter","2025-06-14T02:34:51Z","","research","","1119734","","","","","","https://id.biodiversity.org.au/node/apni/2897372","Acacia parvipinnula","Acacia parvipinnula","","","","","","","","Plantae","Charophyta","Equisetopsida","Fabales","Fabaceae","Acacia","","","","species","","Tindale","Silver-stemmed Wattle","","","","","","","","","Acacia parvipinnula","","","","","","","","","","","","98742544-37f9-4a74-ae69-94a3d4415147","","","","","","","","","","4bb64c69-2c77-4863-9cc1-eb90a618e559 | 4fedc335-7bbb-4d97-a744-3ad3c90ce8ec | 591e149f-5cfe-4d0e-aeba-757956d9a7d9 | b46250aa-86b4-48be-86f5-13d3aa7250dd",""
"dr1411","iNaturalist Australia","64d65c01-fd0a-4b3c-aefa-f9fa265f553d | 90e788bb-a23e-45a2-86f5-00a5ca889b34 | af077c09-c5c7-44b9-844a-bf693eb1548b | c28cc0fc-5593-42ee-ae24-da7253261242 | d4f97119-4858-4188-8b06-7c186fa6451d | fb801753-a2ef-4b91-ba63-0cc2e89ab6d9","2025-08-19T12:28:54Z","","CC-BY 4.0 (Int)","Thomas Mesaglio","","","https://www.inaturalist.org/observations/81261194","","","","iNaturalist","Observations","iNaturalist research-grade observations","","HUMAN_OBSERVATION","","","","https://www.inaturalist.org/observations/81261194","81261194","","Thomas Mesaglio","","","","","","","","","PRESENT","","","","","","","","","","","","","","","","","2021-06-02T11:32:59Z","11:32:59+10:00","153","153","2021","6","2","Wed Jun 02 2021 11:32:59 GMT+1000 (GMT+10)","","","","","","","","","","","","","","Australia","AU","New South Wales","","","","Garrison Point Reserve and surrounds, Mirambeena Regional Park, Georges Hall, Sydney, New South Wales","","","","","","","","","","","-33.908147","150.9785","EPSG:4326","10.0","","","","","","","","","","","","","","","","","","","","","","","","","","","","","","","","179736184","","","Thomas Mesaglio","2021-06-02T02:57:25Z","","research","","349248","","","","","","https://id.biodiversity.org.au/taxon/apni/51777365","Brachychiton populneus","Brachychiton populneus","","","","","","","","Plantae","Charophyta","Equisetopsida","Malvales","Malvaceae","Brachychiton","","","","species","","(Schott & Endl.) R.Br.","Kurrajong","","","","","","https://orcid.org/0000-0002-1096-6066","https://orcid.org/0000-0002-1096-6066","","Brachychiton populneus","","","","","","","","","","","","866f822e-dd95-4a7f-acf5-bd739c2f21e0","","","","","","","","","","64d65c01-fd0a-4b3c-aefa-f9fa265f553d | 90e788bb-a23e-45a2-86f5-00a5ca889b34 | af077c09-c5c7-44b9-844a-bf693eb1548b | c28cc0fc-5593-42ee-ae24-da7253261242 | d4f97119-4858-4188-8b06-7c186fa6451d | fb801753-a2ef-4b91-ba63-0cc2e89ab6d9",""
"dr1411","iNaturalist Australia","00e48d03-fba5-423a-9407-f6c87520d606 | 0c9f07fe-f7e7-4714-869a-c812fc4f8454","2025-06-14T01:29:37Z","","CC-BY-NC 4.0 (Int)","julianeribeiro","","","https://www.inaturalist.org/observations/289411712","","","","iNaturalist","Observations","iNaturalist observations","","HUMAN_OBSERVATION","","","","https://www.inaturalist.org/observations/289411712","289411712","","julianeribeiro","","","","","","","","","PRESENT","","","","","","","","","","","","","","","","","2025-06-14T11:27:20Z","11:27:20+10:00","165","165","2025","6","14","2025-06-14 11:27:20","","","","","","","","","","","","","","Australia","AU","New South Wales","","","","Georges Hall NSW 2198, Australia","","","","","","","","","","","-33.909172","150.980045","EPSG:4326","6.0","","","","","","","","","","","","","","","","","","","","","","","","","","","","","","","","","","","","","","needs_id","","160234","","","","","","https://id.biodiversity.org.au/node/apni/2893120","Casuarina glauca","Casuarina glauca","","","","","","","","Plantae","Charophyta","Equisetopsida","Fagales","Casuarinaceae","Casuarina","","","","species","","Sieber ex Spreng.","Swamp Oak","","","","","","","","","Casuarina glauca","","","","","","","","","","","","934fa7fe-dd19-486c-9066-49c6fb1ab294","","","","","","","","","","00e48d03-fba5-423a-9407-f6c87520d606 | 0c9f07fe-f7e7-4714-869a-c812fc4f8454",""
"dr1411","iNaturalist Australia","2fbae3b4-455b-4660-a68b-8fdccbc80fa7 | 5908c0cc-4822-40be-a759-46cc4cd62431","2025-06-14T05:36:04Z","","CC-BY-NC 4.0 (Int)","julianeribeiro","","","https://www.inaturalist.org/observations/289410411","","","","iNaturalist","Observations","iNaturalist research-grade observations","","HUMAN_OBSERVATION","","","","https://www.inaturalist.org/observations/289410411","289410411","","julianeribeiro","","","","","","","","","PRESENT","","","","","","","","","","","","","","","","","2025-06-14T11:22:02Z","11:22:02+10:00","165","165","2025","6","14","2025-06-14 11:22:02","","","","","","","","","","","","","","Australia","AU","New South Wales","","","","Georges Hall NSW 2198, Australia","","","","","","","","","","","-33.908539","150.981231","EPSG:4326","49.0","","","","","","","","","","","","","","","","","","","","","","","","","","","","","","","","648458107","","","julianeribeiro","2025-06-14T01:22:47Z","","research","","516379","","","","","","https://id.biodiversity.org.au/node/apni/2906785","Asperula conferta","Asperula conferta","","","","","","","","Plantae","Charophyta","Equisetopsida","Gentianales","Rubiaceae","Asperula","","","","species","","Hook.f.","Common Woodruff","","","","","","","","","Asperula conferta","","","","","","","","","","","","fb59db54-a195-4100-8e40-3e9afa2d4cc9","","","","","","","","","","2fbae3b4-455b-4660-a68b-8fdccbc80fa7 | 5908c0cc-4822-40be-a759-46cc4cd62431",""
"dr1411","iNaturalist Australia","04fa4aa1-b0a7-40b6-a4f4-12d0bdb78f0f | f2ae7c40-072f-4ea7-a7a3-4808410fee13","2025-08-19T12:28:54Z","","CC-BY 4.0 (Int)","Thomas Mesaglio","","","https://www.inaturalist.org/observations/43543450","","","","iNaturalist","Observations","iNaturalist research-grade observations","","HUMAN_OBSERVATION","","","","https://www.inaturalist.org/observations/43543450","43543450","","Thomas Mesaglio","","","","","","","","","PRESENT","","","","","","","","","","","","","","","","","2020-04-26T10:23:00Z","10:23:00+10:00","117","117","2020","4","26","Sun Apr 26 2020 10:23:00 GMT+1000 (GMT+10)","","","","","","","","","","","","","","Australia","AU","New South Wales","","","","Garrison Point Reserve and surrounds, Mirambeena Regional Park, Georges Hall, Sydney, New South Wales","","","","","","","","","","","-33.910022","150.976897","EPSG:4326","10.0","","","","","","","","","","","","","","","","","","","","","","","","","","","","","","","","99479430","","","Alan Bedggood","2020-04-29T21:07:55Z","","research","I would be more confident if an additional picture from a distance could show the size and habit in perspective to its surrounding.","1064938","","","","","","https://id.biodiversity.org.au/node/apni/2905083","Megathyrsus maximus","Megathyrsus maximus","","","","","","","","Plantae","Charophyta","Equisetopsida","Poales","Poaceae","Megathyrsus","","","","species","","(Jacq.) B.K.Simon & S.W.L.Jacobs","Guinea Grass","","","","","","https://orcid.org/0000-0002-1096-6066","","","Megathyrsus maximus","","","","","","","","","","","","ffe0212e-0760-4859-b15b-54ec7268ed3b","","","","","","","","","","04fa4aa1-b0a7-40b6-a4f4-12d0bdb78f0f | f2ae7c40-072f-4ea7-a7a3-4808410fee13",""
"dr1411","iNaturalist Australia","4df9da5f-32b2-418b-a6fe-91cef1c00436 | 7e038ee4-25fc-4106-a57f-03324e9aad76","2025-08-19T12:28:18Z","","CC-BY 4.0 (Int)","Thomas Mesaglio","","","https://www.inaturalist.org/observations/43543279","","","","iNaturalist","Observations","iNaturalist research-grade observations","","HUMAN_OBSERVATION","","","","https://www.inaturalist.org/observations/43543279","43543279","","Thomas Mesaglio","","","","","","","","","PRESENT","","","","","","","","","","","","","","","","","2020-04-26T10:22:17Z","10:22:17+10:00","117","117","2020","4","26","Sun Apr 26 2020 10:22:17 GMT+1000 (GMT+10)","","","","","","","","","","","","","","Australia","AU","New South Wales","","","","Garrison Point Reserve and surrounds, Mirambeena Regional Park, Georges Hall, Sydney, New South Wales","","","","","","","","","","","-33.90902","150.9758","EPSG:4326","10.0","","","","","","","","","","","","","","","","","","","","","","","","","","","","","","","","98075929","","","laurelrf","2020-04-26T04:41:51Z","","research","","405771","","","","","","https://id.biodiversity.org.au/taxon/apni/51291710","Rumex sagittatus","Rumex sagittatus","","","","","","","","Plantae","Charophyta","Equisetopsida","Caryophyllales","Polygonaceae","Rumex","","","","species","","Thunb.","Rambling Dock","","","","","","https://orcid.org/0000-0002-1096-6066","","","Rumex sagittatus","","","","","","","","","","","","e793d902-cab3-431e-97d5-a2d33fe200fe","","","","","","","","","","4df9da5f-32b2-418b-a6fe-91cef1c00436 | 7e038ee4-25fc-4106-a57f-03324e9aad76",""
"dr1411","iNaturalist Australia","3ae73d12-2043-45c1-ab92-799aa896d6f7 | 85c29c5a-e455-4fce-8b75-bd6a03f6ed84 | c2a10005-433f-4e1d-8f28-9ea3953ce5ec | e3fa1c71-376f-4bb3-a110-27b30bdf8fa7","2024-10-03T05:40:20Z","","CC-BY-NC 4.0 (Int)","beeand9oodwood","","","https://www.inaturalist.org/observations/200775883","","","","iNaturalist","Observations","iNaturalist research-grade observations","","HUMAN_OBSERVATION","","","","https://www.inaturalist.org/observations/200775883","200775883","","beeand9oodwood","","","","","","flowers","","","PRESENT","","","","","","","","","","","","","","","","","2024-02-29T12:11:08Z","12:11:08+11:00","60","60","2024","2","29","2024-02-29 12:11:08+11:00","","","","","","","","","","","","","","Australia","AU","New South Wales","","","","Mirambeena Regional Park, Georges Hall, NSW, AU","","","","","","","","","","","-33.909627","150.97899","EPSG:4326","63.0","","","","","","","","","","","","","","","","","","","","","","","","","","","","","","","","455462130","","","beeand9oodwood","2024-02-29T01:15:40Z","","research","","1064938","","","","","","https://id.biodiversity.org.au/node/apni/2905083","Megathyrsus maximus","Megathyrsus maximus","","","","","","","","Plantae","Charophyta","Equisetopsida","Poales","Poaceae","Megathyrsus","","","","species","","(Jacq.) B.K.Simon & S.W.L.Jacobs","Guinea Grass","","","","","","","","","Megathyrsus maximus","","","","","","","","","","","","90955a33-df88-4e10-b762-353a64d6d6bd","","","","","","","","","","3ae73d12-2043-45c1-ab92-799aa896d6f7 | 85c29c5a-e455-4fce-8b75-bd6a03f6ed84 | c2a10005-433f-4e1d-8f28-9ea3953ce5ec | e3fa1c71-376f-4bb3-a110-27b30bdf8fa7",""
"dr1411","iNaturalist Australia","01e2c31e-6c8c-4248-9ef4-c831fd4b70f4","2025-10-08T09:38:12Z","","CC-BY-NC 4.0 (Int)","julianeribeiro","","","https://www.inaturalist.org/observations/289412287","","","","iNaturalist","Observations","iNaturalist research-grade observations","","HUMAN_OBSERVATION","","","","https://www.inaturalist.org/observations/289412287","289412287","","julianeribeiro","","","","","","","","","PRESENT","","","","","","","","","","8f2eaefc-70cb-4d3e-87dc-4cc633a3885a","","","","","","","2025-06-14T11:30:58Z","11:30:58+10:00","165","165","2025","6","14","2025-06-14 11:30:58","","","","","","","","","","","","","","Australia","AU","New South Wales","","","","Georges Hall NSW 2198, Australia","","","","","","","","","","","-33.909171","150.980427","EPSG:4326","5.0","","","","","","","","","","","","","","","","","","","","","","","","","","","","","","","","648532193","","","Thomas Mesaglio","2025-06-14T05:34:22Z","","research","","417793","","","","","","https://id.biodiversity.org.au/node/apni/2902322","Dillwynia sieberi","Dillwynia sieberi","","","","","","","","Plantae","Charophyta","Equisetopsida","Fabales","Fabaceae","Dillwynia","","","","species","","Steud.","Sieber's Parrot-pea","","","","","","","https://orcid.org/0000-0002-1096-6066","","Dillwynia sieberi","","","","","","","","","","","","3690b13f-6c63-4df1-94d0-378a82db870e","","","","","","","","","","01e2c31e-6c8c-4248-9ef4-c831fd4b70f4",""
"dr1411","iNaturalist Australia","0faf0cb3-5b5f-4e8b-a252-2ad2e81b1721 | 1de9fc88-6298-4c54-a690-f71353201e61 | 2f6eae59-f690-4851-91a1-5fcb26439add | 3821423e-19fa-469f-8f94-009d3e2d2598 | 49c946d9-7fc8-4a9d-bc58-f1a9a0325403 | 50bad507-dd6c-4f4b-bfb1-b5010b1753e9 | 6a492f57-6db6-445e-9861-773990d5c0a4 | 76a2ceaf-5bb8-48be-89fc-2359241aa8cd | b90f1203-f5f9-4544-8eb2-2fd27250fa3d | bebd81b3-2897-449d-99ad-733254347fd4 | fe954681-1318-4e0e-a582-4e40eb87d2d5","2025-06-09T22:54:20Z","","CC-BY-NC 4.0 (Int)","Nina","","","https://www.inaturalist.org/observations/200799252","","","","iNaturalist","Observations","iNaturalist research-grade observations","","HUMAN_OBSERVATION","","","","https://www.inaturalist.org/observations/200799252","200799252","","Nina","","","","","","flowers|fruits or seeds|flower buds","","","PRESENT","","","","","","","","","","","","","","","","","2024-02-29T14:40:20Z","14:40:20+11:00","60","60","2024","2","29","2024-02-29 14:40:20","","","","","","","","","","","","","","Australia","AU","New South Wales","","","","Bankstown Aerodrome NSW 2198, Australia","","","","","","","","","","","-33.908799","150.979939","EPSG:4326","279.0","","","","","","","","","","","","","","","","","","","","","","","","","","","","","","","","455536806","","","Nina","2024-02-29T08:49:49Z","","research","","369946","","","","","","https://id.biodiversity.org.au/node/apni/2901943","Phyllanthus virgatus","Phyllanthus virgatus","","","","","","","","Plantae","Charophyta","Equisetopsida","Malpighiales","Phyllanthaceae","Phyllanthus","","","","species","","G.Forst.","Phyllanthus","","","","","","","","","Phyllanthus virgatus","","","","","","","","","","","","0ad3e469-3315-4631-abc2-5e6a73f78c89","","","","","","","","","","0faf0cb3-5b5f-4e8b-a252-2ad2e81b1721 | 1de9fc88-6298-4c54-a690-f71353201e61 | 2f6eae59-f690-4851-91a1-5fcb26439add | 3821423e-19fa-469f-8f94-009d3e2d2598 | 49c946d9-7fc8-4a9d-bc58-f1a9a0325403 | 50bad507-dd6c-4f4b-bfb1-b5010b1753e9 | 6a492f57-6db6-445e-9861-773990d5c0a4 | 76a2ceaf-5bb8-48be-89fc-2359241aa8cd | b90f1203-f5f9-4544-8eb2-2fd27250fa3d | bebd81b3-2897-449d-99ad-733254347fd4 | fe954681-1318-4e0e-a582-4e40eb87d2d5",""
"dr1411","iNaturalist Australia","014e716c-5b03-4265-9ec7-54253e0fd7cf | 4180affb-b63f-4174-b407-7171c437e689 | 766654c4-bb73-432e-b0ff-b74ed201eccc | a9e187ca-d37d-4486-8383-24b2c1873714 | d1ecfa5d-51d8-4c4c-aca1-7526839ef421 | e5f0fedd-b663-4b41-bee2-b73f24a36be4","2025-08-19T12:28:24Z","","CC-BY 4.0 (Int)","Thomas Mesaglio","","","https://www.inaturalist.org/observations/289444020","","","","iNaturalist","Observations","iNaturalist observations","","HUMAN_OBSERVATION","","","","https://www.inaturalist.org/observations/289444020","289444020","","Thomas Mesaglio","","","","","","","","","PRESENT","","","","","","","","","","","","","","","","","2025-06-14T10:03:00Z","10:03:00+10:00","165","165","2025","6","14","2025/06/14 10:03 AM","","","","","","","","","","","","","","Australia","AU","New South Wales","","","","Garrison Point Reserve and surrounds, Mirambeena Regional Park, Georges Hall, Sydney, New South Wales","","","","","","","","","","","-33.909534","150.975616","EPSG:4326","15.0","","","","","","","","","","","","","","","","","","","","","","","","","","","","","","","","","","","","","","needs_id","","52020","","","","","","https://id.biodiversity.org.au/taxon/apni/51760857","Dysphania","Dysphania","","","","","","","","Plantae","Charophyta","Equisetopsida","Caryophyllales","Chenopodiaceae","Dysphania","","","","genus","","R.Br.","","","","","","","https://orcid.org/0000-0002-1096-6066","","","","","","","","","","","","","","","629b9350-86e7-4b46-bbe8-0435632f85cc","","","","","","","","","","014e716c-5b03-4265-9ec7-54253e0fd7cf | 4180affb-b63f-4174-b407-7171c437e689 | 766654c4-bb73-432e-b0ff-b74ed201eccc | a9e187ca-d37d-4486-8383-24b2c1873714 | d1ecfa5d-51d8-4c4c-aca1-7526839ef421 | e5f0fedd-b663-4b41-bee2-b73f24a36be4",""
"dr1411","iNaturalist Australia","0a343a50-2365-40d9-95d8-0003cf51a937 | 27f0a437-e6ba-4a73-a044-48989f5c1e21","2025-06-14T05:36:56Z","","CC-BY-NC 4.0 (Int)","Greg Potter","","","https://www.inaturalist.org/observations/289403515","","","","iNaturalist","Observations","iNaturalist research-grade observations","","HUMAN_OBSERVATION","","","","https://www.inaturalist.org/observations/289403515","289403515","","Greg Potter","","","","","","","","","PRESENT","","","","","","","","","","fb868133-e9ac-423e-805d-23e3a0802576","","","","","","","2025-06-14T10:39:44Z","10:39:44+10:00","165","165","2025","6","14","2025-06-14 10:39:44","","","","","","","","","","","","","","Australia","AU","New South Wales","","","","Georges Hall NSW 2198, Australia","","","","","","","","","","","-33.909687","150.97902","EPSG:4326","4.0","","","","","","","","","","","","","","","","","","","","","","","","","","","","","","","","648444503","","","Greg Potter","2025-06-14T00:40:20Z","","research","","83364","","","","","","https://id.biodiversity.org.au/node/apni/2899160","Indigofera australis","Indigofera australis","","","","","","","","Plantae","Charophyta","Equisetopsida","Fabales","Fabaceae","Indigofera","","","","species","","Willd.","Australian Indigo","","","","","","","","","Indigofera australis","","","","","","","","","","","","44342888-0eda-4952-8fe9-8c2f4b2f8201","","","","","","","","","","0a343a50-2365-40d9-95d8-0003cf51a937 | 27f0a437-e6ba-4a73-a044-48989f5c1e21",""
"dr1411","iNaturalist Australia","2143befc-ce2d-4839-a4f7-31649bf2ad61 | 2c112c48-39c6-4d8a-9113-7f22ce3530ad | 656034b9-b7b6-4026-9178-443880fa0bc4","2025-06-14T05:36Z","","CC-BY-NC 4.0 (Int)","julianeribeiro","","","https://www.inaturalist.org/observations/289411324","","","","iNaturalist","Observations","iNaturalist research-grade observations","","HUMAN_OBSERVATION","","","","https://www.inaturalist.org/observations/289411324","289411324","","julianeribeiro","","","","","","","","","PRESENT","","","","","","","","","","","","","","","","","2025-06-14T11:26:10Z","11:26:10+10:00","165","165","2025","6","14","2025-06-14 11:26:10","","","","","","","","","","","","","","Australia","AU","New South Wales","","","","Georges Hall NSW 2198, Australia","","","","","","","","","","","-33.909323","150.980251","EPSG:4326","5.0","","","","","","","","","","","","","","","","","","","","","","","","","","","","","","","","648459745","","","julianeribeiro","2025-06-14T01:27:13Z","","research","","1559245","","","","","","https://id.biodiversity.org.au/taxon/apni/51737650","Arthropodium glareosorum","Arthropodium","","","","","","","","Plantae","Charophyta","Equisetopsida","Asparagales","Asparagaceae","Arthropodium","","","","genus","","R.Br.","Vanilla Lilies","","","","","","","","","","","","","","","","","","","","","936502db-f370-4138-acd3-12114aba2ab9","","","","","","","","","","2143befc-ce2d-4839-a4f7-31649bf2ad61 | 2c112c48-39c6-4d8a-9113-7f22ce3530ad | 656034b9-b7b6-4026-9178-443880fa0bc4",""
"dr1411","iNaturalist Australia","a23277fc-c5c3-40ec-bc30-6201cfb39ee7 | bf669266-6aa9-4570-bc1a-99c725de4933","2025-06-14T04:52:47Z","","CC-BY-NC 4.0 (Int)","julianeribeiro","","","https://www.inaturalist.org/observations/289405027","","","","iNaturalist","Observations","iNaturalist research-grade observations","","HUMAN_OBSERVATION","","","","https://www.inaturalist.org/observations/289405027","289405027","","julianeribeiro","","","","","","","","","PRESENT","","","","","","","","","","","","","","","","","2025-06-14T10:49:45Z","10:49:45+10:00","165","165","2025","6","14","2025-06-14 10:49:45","","","","","","","","","","","","","","Australia","AU","New South Wales","","","","Georges Hall NSW 2198, Australia","","","","","","","","","","","-33.909612","150.980183","EPSG:4326","8.0","","","","","","","","","","","","","","","","","","","","","","","","","","","","","","","","648447740","","","julianeribeiro","2025-06-14T00:50:17Z","","research","","83375","","","","","","https://id.biodiversity.org.au/node/apni/2895205","Lomandra longifolia","Lomandra longifolia","","","","","","","","Plantae","Charophyta","Equisetopsida","Asparagales","Asparagaceae","Lomandra","","","","species","","Labill.","Spiny-headed Mat-rush","","","","","","","","","Lomandra longifolia","","","","","","","","","","","","b1fa737b-772f-4ab4-8a35-aec7ca873828","","","","","","","","","","a23277fc-c5c3-40ec-bc30-6201cfb39ee7 | bf669266-6aa9-4570-bc1a-99c725de4933",""
"dr1411","iNaturalist Australia","54dfcad5-b6ec-404e-a141-dbec484455f1 | 93e8b41e-021a-41c6-ba63-726271a01fb1 | 992c8e5f-bef0-4ccd-a0f2-e46c917fd926 | a80f9b51-5548-434a-ac4d-1941f4871458","2024-05-12T09:26:13Z","","CC-BY-NC 4.0 (Int)","Nina","","","https://www.inaturalist.org/observations/201455977","","","","iNaturalist","Observations","iNaturalist research-grade observations","","HUMAN_OBSERVATION","","","","https://www.inaturalist.org/observations/201455977","201455977","","Nina","","","","","","fruits or seeds|flower buds","","","PRESENT","","","","","","","","","","","","","","","","","2024-03-06T09:03:58Z","09:03:58+11:00","66","66","2024","3","6","2024-03-06 09:03:58","","","","","","","","","","","","","","Australia","AU","New South Wales","","","","Bankstown Aerodrome NSW 2198, Australia","","","","","","","","","","","-33.909283","150.980885","EPSG:4326","","","","","","","","","","","","","","","","","","","","","","","","","","","","","","","","","457316892","","","Nina","2024-03-06T08:27:53Z","","research","","1436637","","","","","","https://id.biodiversity.org.au/taxon/apni/51448730","Pigea stellarioides","Afrohybanthus stellarioides","","","","","","","","Plantae","Charophyta","Equisetopsida","Malpighiales","Violaceae","Afrohybanthus","","","","species","","(Domin) Flicker","","","","","","","","","","Afrohybanthus stellarioides","","","","","","","","","","","","098096a8-93d1-4b17-af05-6e2d904597f4","","","","","","","","","","54dfcad5-b6ec-404e-a141-dbec484455f1 | 93e8b41e-021a-41c6-ba63-726271a01fb1 | 992c8e5f-bef0-4ccd-a0f2-e46c917fd926 | a80f9b51-5548-434a-ac4d-1941f4871458",""
"dr1411","iNaturalist Australia","100d866a-d084-4774-b087-df15216448af | 26a7d9f7-f7de-498d-b444-68e2855a5d2a | 34225719-07b6-4f0f-a59e-f62c08d307f0 | 438bc9b3-4c0f-4dea-a4aa-c5d6cf6ac482 | 656921f0-8a0b-48c7-a408-20ff47969dfe | 90683e1a-b62d-4203-946c-bc23b1df7463 | a0f0bfb6-dc34-44ad-9a76-70e1164df4fc | a4070248-6b54-4c2a-a6d8-a15f1680e11c | ad6bd4f4-bbfb-454c-97e5-2181c028f9f4 | b3ed2ebf-5a00-4c98-b6d3-b132e44869b4 | b8a02068-f199-42fa-aeb2-64874d5afbbc | d68b81f4-0504-416c-859b-91cb26e9e3ad | ee25f0d8-55d1-4efe-b8e4-6b1d0ef8008f | efcb8ebd-aeee-49b8-87b8-c57d8d59c583 | f7723db7-7507-4cc0-a160-3fe950dc797c","2026-03-18T04:47:42Z","","CC-BY-NC 4.0 (Int)","petervanerk","","","https://www.inaturalist.org/observations/343411255","","","","iNaturalist","Observations","iNaturalist research-grade observations","","HUMAN_OBSERVATION","","","","https://www.inaturalist.org/observations/343411255","343411255","","petervanerk","","","","","","","","","PRESENT","","","","","","","","","","","","","","","","","2026-03-17T10:46:50Z","10:46:50+11:00","76","76","2026","3","17","2026-03-17 10:46:50","","","","","","","","","","","","","","Australia","AU","New South Wales","","","","Rex Rd opp St Mary Queen of Heaven Catholic Church, Georges Hall NSW 2198, Australia","","","","","","","","","","","-33.908905","150.980632","EPSG:4326","","","","","","","","","","","","","","","","","","","","","","","","","","","","","","","","","775006732","","","petervanerk","2026-03-17T02:01:22Z","","research","","1559245","","","","","","https://id.biodiversity.org.au/taxon/apni/51737650","Arthropodium glareosorum","Arthropodium","","","","","","","","Plantae","Charophyta","Equisetopsida","Asparagales","Asparagaceae","Arthropodium","","","","genus","","R.Br.","Vanilla Lilies","","","","","","","","","","","","","","","","","","","","","c2a23368-af2f-488f-abbd-fca52f4cdb25","","","","","","","","","","100d866a-d084-4774-b087-df15216448af | 26a7d9f7-f7de-498d-b444-68e2855a5d2a | 34225719-07b6-4f0f-a59e-f62c08d307f0 | 438bc9b3-4c0f-4dea-a4aa-c5d6cf6ac482 | 656921f0-8a0b-48c7-a408-20ff47969dfe | 90683e1a-b62d-4203-946c-bc23b1df7463 | a0f0bfb6-dc34-44ad-9a76-70e1164df4fc | a4070248-6b54-4c2a-a6d8-a15f1680e11c | ad6bd4f4-bbfb-454c-97e5-2181c028f9f4 | b3ed2ebf-5a00-4c98-b6d3-b132e44869b4 | b8a02068-f199-42fa-aeb2-64874d5afbbc | d68b81f4-0504-416c-859b-91cb26e9e3ad | ee25f0d8-55d1-4efe-b8e4-6b1d0ef8008f | efcb8ebd-aeee-49b8-87b8-c57d8d59c583 | f7723db7-7507-4cc0-a160-3fe950dc797c",""
"dr1411","iNaturalist Australia","1878ca71-a491-4605-b08b-93fcef58350a | 7048fa3a-16e5-4378-b98b-0708762d35f0 | 7b15ddd6-1475-4b61-9bb0-5d2b3fb52ea3","2025-08-19T12:28:21Z","","CC-BY 4.0 (Int)","Thomas Mesaglio","","","https://www.inaturalist.org/observations/289443983","","","","iNaturalist","Observations","iNaturalist research-grade observations","","HUMAN_OBSERVATION","","","","https://www.inaturalist.org/observations/289443983","289443983","","Thomas Mesaglio","","","","","","","","","PRESENT","","","","","","","","","","","","","","","","","2025-06-14T09:44:00Z","09:44:00+10:00","165","165","2025","6","14","2025/06/14 9:44 AM","","","","","","","","","","","","","","Australia","AU","New South Wales","","","","Garrison Point Reserve and surrounds, Mirambeena Regional Park, Georges Hall, Sydney, New South Wales","","","","","","","","","","","-33.910076","150.974762","EPSG:4326","15.0","","","","","","","","","","","","","","","","","","","","","","","","","","","","","","","","648525466","","","Thomas Mesaglio","2025-06-14T05:07:54Z","","research","","160294","","","","","","https://id.biodiversity.org.au/node/apni/6923911","Centella asiatica","Centella asiatica","","","","","","","","Plantae","Charophyta","Equisetopsida","Apiales","Apiaceae","Centella","","","","species","","(L.) Urb.","Indian Pennywort","","","","","","https://orcid.org/0000-0002-1096-6066","https://orcid.org/0000-0002-1096-6066","","Centella asiatica","","","","","","","","","","","","df620ffc-30a6-420e-8ba8-5477ea48f7fb","","","","","","","","","","1878ca71-a491-4605-b08b-93fcef58350a | 7048fa3a-16e5-4378-b98b-0708762d35f0 | 7b15ddd6-1475-4b61-9bb0-5d2b3fb52ea3",""
"dr1411","iNaturalist Australia","5f9c624a-6479-4e44-8c3a-cd9fd7ebd1a5 | 9580bd5e-d3bf-49e4-9767-58b108c22bad","2025-06-14T02:10:03Z","","CC-BY-NC 4.0 (Int)","julianeribeiro","","","https://www.inaturalist.org/observations/289418536","","","","iNaturalist","Observations","iNaturalist observations","","HUMAN_OBSERVATION","","","","https://www.inaturalist.org/observations/289418536","289418536","","julianeribeiro","","","","","","","","","PRESENT","","","","","","","","","","","","","","","","","2025-06-14T12:09:24Z","12:09:24+10:00","165","165","2025","6","14","2025-06-14 12:09:24","","","","","","","","","","","","","","Australia","AU","New South Wales","","","","Georges Hall NSW 2198, Australia","","","","","","","","","","","-33.908604","150.980583","EPSG:4326","6.0","","","","","","","","","","","","","","","","","","","","","","","","","","","","","","","","","","","","","","needs_id","","417762","","","","","","https://id.biodiversity.org.au/taxon/apni/51289954","Eucalyptus moluccana","Eucalyptus moluccana","","","","","","","","Plantae","Charophyta","Equisetopsida","Myrtales","Myrtaceae","Eucalyptus","","","","species","","Roxb.","Gum-topped Box","","","","","","","","","Eucalyptus moluccana","","","","","","","","","","","","c7d68671-7e4a-4eb8-b53c-6d654a4c1b8b","","","","","","","","","","5f9c624a-6479-4e44-8c3a-cd9fd7ebd1a5 | 9580bd5e-d3bf-49e4-9767-58b108c22bad",""
"dr1411","iNaturalist Australia","23975a32-6c02-45c3-a9be-dfa2f51b8610 | 3387f771-0120-40ef-9077-b847de8546a4 | bda9172a-4daa-4f2b-a6d9-2d2972bc7b7e | f7ffb8ae-863f-41ed-8798-7d7d9b7f0070","2025-08-19T12:28:19Z","","CC-BY 4.0 (Int)","Thomas Mesaglio","","","https://www.inaturalist.org/observations/43544009","","","","iNaturalist","Observations","iNaturalist research-grade observations","","HUMAN_OBSERVATION","","","","https://www.inaturalist.org/observations/43544009","43544009","","Thomas Mesaglio","","","","","","","","","PRESENT","","","","","","","","","","","","","","","","","2020-04-26T10:31:58Z","10:31:58+10:00","117","117","2020","4","26","Sun Apr 26 2020 10:31:58 GMT+1000 (GMT+10)","","","","","","","","","","","","","","Australia","AU","New South Wales","","","","Garrison Point Reserve and surrounds, Mirambeena Regional Park, Georges Hall, Sydney, New South Wales","","","","","","","","","","","-33.907483","150.97377","EPSG:4326","10.0","","","","","","","","","","","","","","","","","","","","","","","","","","","","","","","","164782280","","","Thomas Mesaglio","2021-04-11T13:56:26Z","","research","","63886","","","","","","https://id.biodiversity.org.au/taxon/apni/51444959","Persicaria lapathifolia","Persicaria lapathifolia","","","","","","","","Plantae","Charophyta","Equisetopsida","Caryophyllales","Polygonaceae","Persicaria","","","","species","","(L.) Delarbre","Pale Knotweed","","","","","","https://orcid.org/0000-0002-1096-6066","https://orcid.org/0000-0002-1096-6066","","Persicaria lapathifolia","","","","","","","","","","","","b215e2f2-aa52-44e1-b275-0ef9e56e6269","","","","","","","","","","23975a32-6c02-45c3-a9be-dfa2f51b8610 | 3387f771-0120-40ef-9077-b847de8546a4 | bda9172a-4daa-4f2b-a6d9-2d2972bc7b7e | f7ffb8ae-863f-41ed-8798-7d7d9b7f0070",""
"dr1411","iNaturalist Australia","4bbb9729-de06-41e1-89da-5129d6c4dc22","2026-03-11T02:28:06Z","","CC-BY-NC 4.0 (Int)","paulangel","","","https://www.inaturalist.org/observations/342360606","","","","iNaturalist","Observations","iNaturalist observations","","HUMAN_OBSERVATION","","","","https://www.inaturalist.org/observations/342360606","342360606","","paulangel","","","","","","","","","PRESENT","","","","","","","","","","","","","","","","","2025-07-29T11:55:12Z","11:55:12+10:00","210","210","2025","7","29","2025-07-29 11:55:12","","","","","","","","","","","","","","Australia","AU","New South Wales","","","","Henry Lawson Dr, Georges Hall, NSW, AU","","","","","","","","","","","-33.909682","150.979464","EPSG:4326","13.0","","","","","","","","","","","","","","","","","","","","","","","","","","","","","","","","","","","","","","needs_id","","207932","","","","","","https://id.biodiversity.org.au/taxon/apni/51446204","Alphitonia excelsa","Alphitonia excelsa","","","","","","","","Plantae","Charophyta","Equisetopsida","Rosales","Rhamnaceae","Alphitonia","","","","species","","(A.Cunn. ex Fenzl) Benth.","Red Ash","","","","","","","","","Alphitonia excelsa","","","","","","","","","","","","207b371e-d167-4700-9a75-a995b46630ac","","","","","","","","","","4bbb9729-de06-41e1-89da-5129d6c4dc22",""
"dr1411","iNaturalist Australia","03826f02-5e11-4cc0-a227-964e3bdb7dbc","2024-03-05T22:44:51Z","","CC-BY-NC 4.0 (Int)","maxark","","","https://www.inaturalist.org/observations/201414894","","","","iNaturalist","Observations","iNaturalist observations","","HUMAN_OBSERVATION","","","","https://www.inaturalist.org/observations/201414894","201414894","","maxark","","","","","","","","","PRESENT","","","","","","","","","","","","","","","","","2024-03-06T08:19:21Z","08:19:21+11:00","66","66","2024","3","6","2024-03-06 08:19:21","","","","","","","","","","","","","","Australia","AU","New South Wales","","","","Bankstown Aerodrome NSW 2198, Australia","","","","","","","","","","","-33.909369","150.980953","EPSG:4326","8.0","","","","","","","","","","","","","","","","","","","","","","","","","","","","","","","","","","","","","","needs_id","","53207","","","","","","https://id.biodiversity.org.au/taxon/apni/51748144","Senecio","Senecio","","","","","","","","Plantae","Charophyta","Equisetopsida","Asterales","Asteraceae","Senecio","","","","genus","","L.","Groundsel","","","","","","","","","","","","","","","","","","","","","c41e8f05-5e6f-44e2-91d7-4b61dae92da3","","","","","","","","","","03826f02-5e11-4cc0-a227-964e3bdb7dbc",""
"dr1411","iNaturalist Australia","116ac355-1a9c-4395-917e-59c4c4ea3bc7 | 5f906c31-24f5-4e5f-9266-603fddd59ce5 | 66991785-fd93-4abf-a289-2b06fd866ca5 | e2290102-ad9d-466a-8294-d23f8cde9cd5","2025-08-19T12:28:56Z","","CC-BY 4.0 (Int)","Thomas Mesaglio","","","https://www.inaturalist.org/observations/289445070","","","","iNaturalist","Observations","iNaturalist observations","","HUMAN_OBSERVATION","","","","https://www.inaturalist.org/observations/289445070","289445070","","Thomas Mesaglio","","","","","","","","","PRESENT","","","","","","","","","","efbe6b59-2975-4ba1-bab5-5c387a2294c2","","","","","","","2025-06-14T10:58:00Z","10:58:00+10:00","165","165","2025","6","14","2025/06/14 10:58 AM","","","","","","","","","","","","","","Australia","AU","New South Wales","","","","Garrison Point Reserve and surrounds, Mirambeena Regional Park, Georges Hall, Sydney, New South Wales","","","","","","","","","","","-33.909702","150.980392","EPSG:4326","15.0","","","","","","","","","","","","","","","","","","","","","","","","","","","","","","","","","","","","","","needs_id","","323943","","","","","","https://id.biodiversity.org.au/taxon/apni/51445936","Cheilanthes sieberi","Cheilanthes sieberi","","","","","","","","Plantae","Charophyta","Equisetopsida","","Pteridaceae","Cheilanthes","","","","species","","Kunze","Rock Fern","","","","","","https://orcid.org/0000-0002-1096-6066","","","Cheilanthes sieberi","","","","","","","","","","","","39b255c8-bf3f-4639-ae48-76ecdacf8ca3","","","","","","","","","","116ac355-1a9c-4395-917e-59c4c4ea3bc7 | 5f906c31-24f5-4e5f-9266-603fddd59ce5 | 66991785-fd93-4abf-a289-2b06fd866ca5 | e2290102-ad9d-466a-8294-d23f8cde9cd5",""
"dr1411","iNaturalist Australia","093d0ee9-ed0b-4ea1-9b00-e0e293f51814 | 43bfa8f5-43ab-4ec8-b25c-47f1819ad883","2025-04-14T22:49:45Z","","CC-BY-NC 4.0 (Int)","Michael Mahoney","","","https://www.inaturalist.org/observations/254782702","","","","iNaturalist","Observations","iNaturalist research-grade observations","","HUMAN_OBSERVATION","","","{""leaves"":""green leaves""}","https://www.inaturalist.org/observations/254782702","254782702","","Michael Mahoney","","","","","","no flowers or fruits","","","PRESENT","","","","","","","","","","","","","","","","","2024-12-11T13:29:12Z","13:29:12+11:00","346","346","2024","12","11","2024-12-11 13:29:12+11:00","","","","","","","","","","","","","","Australia","AU","New South Wales","","","","Mirambeena Regional Park, Georges Hall, NSW, AU","","","","","","","","","","","-33.909637","150.979828","EPSG:4326","20.0","","","","","","","","","","","","","","","","","","","","","","","","","","","","","","","","572923735","","","Michael Mahoney","2024-12-11T04:50:43Z","","research","","83377","","","","","","https://id.biodiversity.org.au/taxon/apni/51770526","Acacia fimbriata","Acacia fimbriata","","","","","","","","Plantae","Charophyta","Equisetopsida","Fabales","Fabaceae","Acacia","","","","species","","A.Cunn. ex G.Don","Fringed Wattle","","","","","","","","","Acacia fimbriata","","","","","","","","","","","","97aa1a4d-ec0f-4667-9f2f-5cd7a0a9c20e","","","","","","","","","","093d0ee9-ed0b-4ea1-9b00-e0e293f51814 | 43bfa8f5-43ab-4ec8-b25c-47f1819ad883",""
"dr1411","iNaturalist Australia","a905166f-737e-42ea-b6c6-cb88b9647771 | b1b666d1-587e-4143-b8a2-ce42b5ad24b8 | efd8542a-565c-4755-9aab-fe43dfa1a7f6","2025-04-15T06:40:30Z","","CC-BY-NC 4.0 (Int)","Greg Potter","","","https://www.inaturalist.org/observations/261308216","","","","iNaturalist","Observations","iNaturalist research-grade observations","","HUMAN_OBSERVATION","","","","https://www.inaturalist.org/observations/261308216","261308216","","Greg Potter","","","","","","","","","PRESENT","","","","","","","Also many more to the west of this tree","","","c0cbee71-33b9-4ca0-9312-8efb7c076be8","","","","","","","2025-02-11T13:22:15Z","13:22:15+11:00","42","42","2025","2","11","2025-02-11 13:22:15","","","","","","","","","","","","","","Australia","AU","New South Wales","","","","Georges Hall NSW 2198, Australia","","","","","","","","","","","-33.909459","150.979847","EPSG:4326","5.0","","","","","","","","","","","","","","","","","","","","","","","","","","","","","","","","591389630","","","Greg Potter","2025-02-11T02:23:46Z","","research","","207932","","","","","","https://id.biodiversity.org.au/taxon/apni/51446204","Alphitonia excelsa","Alphitonia excelsa","","","","","","","","Plantae","Charophyta","Equisetopsida","Rosales","Rhamnaceae","Alphitonia","","","","species","","(A.Cunn. ex Fenzl) Benth.","Red Ash","","","","","","","","","Alphitonia excelsa","","","","","","","","","","","","17b62315-664b-4b88-bafb-130cf9d6e254","","","","","","","","","","a905166f-737e-42ea-b6c6-cb88b9647771 | b1b666d1-587e-4143-b8a2-ce42b5ad24b8 | efd8542a-565c-4755-9aab-fe43dfa1a7f6",""
"dr1411","iNaturalist Australia","2af87b93-7e73-4472-af1e-fbaac68d7238 | cec6ff20-d970-4567-a858-4dec3db016f0","2025-06-14T01:30:08Z","","CC-BY-NC 4.0 (Int)","julianeribeiro","","","https://www.inaturalist.org/observations/289411805","","","","iNaturalist","Observations","iNaturalist observations","","HUMAN_OBSERVATION","","","","https://www.inaturalist.org/observations/289411805","289411805","","julianeribeiro","","","","","","","","","PRESENT","","","","","","","","","","","","","","","","","2025-06-14T11:29:24Z","11:29:24+10:00","165","165","2025","6","14","2025-06-14 11:29:24","","","","","","","","","","","","","","Australia","AU","New South Wales","","","","Georges Hall NSW 2198, Australia","","","","","","","","","","","-33.909208","150.980471","EPSG:4326","9.0","","","","","","","","","","","","","","","","","","","","","","","","","","","","","","","","","","","","","","needs_id","","53680","","","","","","https://id.biodiversity.org.au/taxon/apni/51437654","Dianella caerulea","Dianella caerulea","","","","","","","","Plantae","Charophyta","Equisetopsida","Asparagales","Hemerocallidaceae","Dianella","","","","species","","Sims","Paroo Lily","","","","","","","","","Dianella caerulea","","","","","","","","","","","","b848c433-f871-46b8-9460-83326e244093","","","","","","","","","","2af87b93-7e73-4472-af1e-fbaac68d7238 | cec6ff20-d970-4567-a858-4dec3db016f0",""
"dr1411","iNaturalist Australia","005116a5-4f0f-43d0-a92c-4c4475b0e9dc | 95ef407d-90cd-4032-9653-ce32a0bee058","2025-08-19T12:28:53Z","","CC-BY 4.0 (Int)","Thomas Mesaglio","","","https://www.inaturalist.org/observations/43542529","","","","iNaturalist","Observations","iNaturalist research-grade observations","","HUMAN_OBSERVATION","","","","https://www.inaturalist.org/observations/43542529","43542529","","Thomas Mesaglio","","","","","","","","","PRESENT","","","","","","","","","","","","","","","","","2020-04-26T10:17:18Z","10:17:18+10:00","117","117","2020","4","26","Sun Apr 26 2020 10:17:18 GMT+1000 (GMT+10)","","","","","","","","","","","","","","Australia","AU","New South Wales","","","","Garrison Point Reserve and surrounds, Mirambeena Regional Park, Georges Hall, Sydney, New South Wales","","","","","","","","","","","-33.909337","150.977355","EPSG:4326","10.0","","","","","","","","","","","","","","","","","","","","","","","","","","","","","","","","98076948","","","laurelrf","2020-04-26T04:45:45Z","","research","","79382","","","","","","https://id.biodiversity.org.au/taxon/apni/51433812","Tradescantia fluminensis","Tradescantia fluminensis","","","","","","","","Plantae","Charophyta","Equisetopsida","Commelinales","Commelinaceae","Tradescantia","","","","species","","Vell.","Wandering Jew","","","","","","https://orcid.org/0000-0002-1096-6066","","","Tradescantia fluminensis","","","","","","","","","","","","91ce65d8-4bc1-4789-a44f-ef3cddbc20f7","","","","","","","","","","005116a5-4f0f-43d0-a92c-4c4475b0e9dc | 95ef407d-90cd-4032-9653-ce32a0bee058",""
"dr1411","iNaturalist Australia","5504dcb3-0337-40ab-bcfb-33514781dc2a | f1637485-b698-4f4d-96b6-e0e276378776","2026-02-11T21:04:24Z","","CC-BY 4.0 (Int)","Thomas Mesaglio","","","https://www.inaturalist.org/observations/43543334","","","","iNaturalist","Observations","iNaturalist research-grade observations","","HUMAN_OBSERVATION","","","","https://www.inaturalist.org/observations/43543334","43543334","","Thomas Mesaglio","","","","","","flower buds","","","PRESENT","","","","","","","","","","","","","","","","","2020-04-26T10:22:23Z","10:22:23+10:00","117","117","2020","4","26","Sun Apr 26 2020 10:22:23 GMT+1000 (GMT+10)","","","","","","","","","","","","","","Australia","AU","New South Wales","","","","Garrison Point Reserve and surrounds, Mirambeena Regional Park, Georges Hall, Sydney, New South Wales","","","","","","","","","","","-33.909047","150.9758","EPSG:4326","10.0","","","","","","","","","","","","","","","","","","","","","","","","","","","","","","","","98073984","","","Thomas Mesaglio","2020-04-26T04:33:53Z","","research","","183233","","","","","","https://id.biodiversity.org.au/node/apni/2913346","Aegiceras corniculatum","Aegiceras corniculatum","","","","","","","","Plantae","Charophyta","Equisetopsida","Ericales","Primulaceae","Aegiceras","","","","species","","(L.) Blanco","River Mangrove","","","","","","https://orcid.org/0000-0002-1096-6066","https://orcid.org/0000-0002-1096-6066","","Aegiceras corniculatum","","","","","","","","","","","","ba6d9a80-2b89-4060-9037-7d3fdd7d0fac","","","","","","","","","","5504dcb3-0337-40ab-bcfb-33514781dc2a | f1637485-b698-4f4d-96b6-e0e276378776",""
"dr1411","iNaturalist Australia","d674550f-16bb-4753-8a2c-6a87f6896126","2025-08-19T12:28:20Z","","CC-BY 4.0 (Int)","Thomas Mesaglio","","","https://www.inaturalist.org/observations/289443981","","","","iNaturalist","Observations","iNaturalist observations","","HUMAN_OBSERVATION","","","","https://www.inaturalist.org/observations/289443981","289443981","","Thomas Mesaglio","","","","","","","","","PRESENT","","","","","","","","","","ac3b6c0f-498f-466c-ab44-a10bb81367f8","","","","","","","2025-06-14T09:44:00Z","09:44:00+10:00","165","165","2025","6","14","2025/06/14 9:44 AM","","","","","","","","","","","","","","Australia","AU","New South Wales","","","","Garrison Point Reserve and surrounds, Mirambeena Regional Park, Georges Hall, Sydney, New South Wales","","","","","","","","","","","-33.910076","150.974762","EPSG:4326","15.0","","","","","","","","","","","","","","","","","","","","","","","","","","","","","","","","","","","","","","needs_id","","159852","","","","","","https://id.biodiversity.org.au/node/apni/2904154","Cardiospermum grandiflorum","Cardiospermum grandiflorum","","","","","","","","Plantae","Charophyta","Equisetopsida","Sapindales","Sapindaceae","Cardiospermum","","","","species","","Sw.","Balloon Vine","","","","","","https://orcid.org/0000-0002-1096-6066","","","Cardiospermum grandiflorum","","","","","","","","","","","","efa8029a-2ebb-4f75-b173-51bb1f713aa2","","","","","","","","","","d674550f-16bb-4753-8a2c-6a87f6896126",""
"dr1411","iNaturalist Australia","99a886b4-3930-48ae-9567-b4b450edb342","2025-08-19T12:29:56Z","","CC-BY 4.0 (Int)","Thomas Mesaglio","","","https://www.inaturalist.org/observations/43553691","","","","iNaturalist","Observations","iNaturalist research-grade observations","","HUMAN_OBSERVATION","","","","https://www.inaturalist.org/observations/43553691","43553691","","Thomas Mesaglio","","","","","","","","","PRESENT","","","","","","","","","","","","","","","","","2020-04-26T12:01:00Z","12:01:00+10:00","117","117","2020","4","26","2020/04/26 12:01 PM AEST","","","","","","","","","","","","","","Australia","AU","New South Wales","","","","Lake Gillawarna and surrounds, Mirambeena Regional Park, Georges Hall, Sydney, New South Wales","","","","","","","","","","","-33.907572","150.980864","EPSG:4326","413.0","","","","","","","","","","","","","","","","","","","","","","","","","","","","","","","","98095561","","","Thomas Mesaglio","2020-04-26T06:16:09Z","","research","","162718","","","","","","https://id.biodiversity.org.au/taxon/apni/51770858","Erythrina crista-galli","Erythrina crista-galli","","","","","","","","Plantae","Charophyta","Equisetopsida","Fabales","Fabaceae","Erythrina","","","","species","","L.","Cockspur Coral Tree","","","","","","https://orcid.org/0000-0002-1096-6066","https://orcid.org/0000-0002-1096-6066","","Erythrina crista-galli","","","","","","","","","","","","72e09a6d-9f1d-4616-abfa-e8b86e894a1c","","","","","","","","","","99a886b4-3930-48ae-9567-b4b450edb342",""
"dr1411","iNaturalist Australia","71b089f4-9394-4ea6-8948-930ac378cf58","2025-08-19T12:28:56Z","","CC-BY 4.0 (Int)","Thomas Mesaglio","","","https://www.inaturalist.org/observations/289445063","","","","iNaturalist","Observations","iNaturalist research-grade observations","","HUMAN_OBSERVATION","","","","https://www.inaturalist.org/observations/289445063","289445063","","Thomas Mesaglio","","","","","","","","","PRESENT","","","","","","","","","","","","","","","","","2025-06-14T10:56:00Z","10:56:00+10:00","165","165","2025","6","14","2025/06/14 10:56 AM","","","","","","","","","","","","","","Australia","AU","New South Wales","","","","Garrison Point Reserve and surrounds, Mirambeena Regional Park, Georges Hall, Sydney, New South Wales","","","","","","","","","","","-33.909775","150.980316","EPSG:4326","15.0","","","","","","","","","","","","","","","","","","","","","","","","","","","","","","","","648528097","","","Thomas Mesaglio","2025-06-14T05:18:05Z","","research","","77541","","","","","","https://id.biodiversity.org.au/node/apni/2911572","Jacaranda mimosifolia","Jacaranda mimosifolia","","","","","","","","Plantae","Charophyta","Equisetopsida","Lamiales","Bignoniaceae","Jacaranda","","","","species","","D.Don","Jacaranda","","","","","","https://orcid.org/0000-0002-1096-6066","https://orcid.org/0000-0002-1096-6066","","Jacaranda mimosifolia","","","","","","","","","","","","5eaea1a5-a9b5-42d6-a319-cf235ffa648d","","","","","","","","","","71b089f4-9394-4ea6-8948-930ac378cf58",""
"dr1411","iNaturalist Australia","46240a87-1b80-4d9b-9bb4-c03d5bb8dbc3 | 7f7bc6ef-9725-4a4c-a586-e4c11ff9a3bf | ddf1bc34-c236-40c6-80bd-0f2d1245fb1a","2025-08-19T12:28:19Z","","CC-BY 4.0 (Int)","Thomas Mesaglio","","","https://www.inaturalist.org/observations/43545105","","","","iNaturalist","Observations","iNaturalist research-grade observations","","HUMAN_OBSERVATION","","","","https://www.inaturalist.org/observations/43545105","43545105","","Thomas Mesaglio","","","","","","","","","PRESENT","","","","","","","","","","","","","","","","","2020-04-26T10:36:58Z","10:36:58+10:00","117","117","2020","4","26","Sun Apr 26 2020 10:36:58 GMT+1000 (GMT+10)","","","","","","","","","","","","","","Australia","AU","New South Wales","","","","Garrison Point Reserve and surrounds, Mirambeena Regional Park, Georges Hall, Sydney, New South Wales","","","","","","","","","","","-33.909897","150.9747","EPSG:4326","10.0","","","","","","","","","","","","","","","","","","","","","","","","","","","","","","","","98815250","","","Alan Bedggood","2020-04-27T21:29:27Z","","research","","76292","","","","","","https://id.biodiversity.org.au/node/apni/2895180","Chloris gayana","Chloris gayana","","","","","","","","Plantae","Charophyta","Equisetopsida","Poales","Poaceae","Chloris","","","","species","","Kunth","Rhodes Grass","","","","","","https://orcid.org/0000-0002-1096-6066","","","Chloris gayana","","","","","","","","","","","","8ac69b04-4c29-4cf6-9c61-317d9cceb02b","","","","","","","","","","46240a87-1b80-4d9b-9bb4-c03d5bb8dbc3 | 7f7bc6ef-9725-4a4c-a586-e4c11ff9a3bf | ddf1bc34-c236-40c6-80bd-0f2d1245fb1a",""
"dr1411","iNaturalist Australia","9523af78-60c2-4e8b-a438-f31121f34bb5 | addf46ad-9293-4110-a6c5-7cbdda7f83ed | bf691a5e-17b7-433b-989e-362ffdd38ee7 | f2b10270-ad67-40b3-ae3e-5c947312ce50","2023-02-26T07:45:43Z","","CC-BY-NC 4.0 (Int)","antoinetteyammine","","","https://www.inaturalist.org/observations/109613771","","","","iNaturalist","Observations","iNaturalist observations","","HUMAN_OBSERVATION","","","","https://www.inaturalist.org/observations/109613771","109613771","","antoinetteyammine","","","","","","","","","PRESENT","","","","","","","","","","","","","","","","","2022-03-25T13:10:43Z","13:10:43+11:00","84","84","2022","3","25","Fri Mar 25 2022 13:10:43 GMT+1100 (GMT+11)","","","","","","","","","","","","","","Australia","AU","New South Wales","","","","Lake Gillawarna, Georges Hall, NSW, AU","","","","","","","","","","","-33.90802","150.979553","EPSG:4326","3.0","","","","","","","","","","","","","","","","","","","","","","","","","","","","","","","","","","","","","","needs_id","","473531","","","","","","https://id.biodiversity.org.au/taxon/apni/51788530","Eucalypteae","Myrtaceae","","","","","","","","Plantae","Charophyta","Equisetopsida","Myrtales","Myrtaceae","","","","","family","","Juss.","Myrtle Family","","","","","","","","","","","","","","","","","","","","","5189e545-a519-438e-9f38-30210d50379c","","","","","","","","","","9523af78-60c2-4e8b-a438-f31121f34bb5 | addf46ad-9293-4110-a6c5-7cbdda7f83ed | bf691a5e-17b7-433b-989e-362ffdd38ee7 | f2b10270-ad67-40b3-ae3e-5c947312ce50",""
"dr1411","iNaturalist Australia","e15c4ac9-281a-42c3-bb15-923fcf57881d","2025-08-19T12:28:57Z","","CC-BY 4.0 (Int)","Thomas Mesaglio","","","https://www.inaturalist.org/observations/289445045","","","","iNaturalist","Observations","iNaturalist observations","","HUMAN_OBSERVATION","","","","https://www.inaturalist.org/observations/289445045","289445045","","Thomas Mesaglio","","","","","","","","","PRESENT","","","","","","","","","","","","","","","","","2025-06-14T10:49:00Z","10:49:00+10:00","165","165","2025","6","14","2025/06/14 10:49 AM","","","","","","","","","","","","","","Australia","AU","New South Wales","","","","Garrison Point Reserve and surrounds, Mirambeena Regional Park, Georges Hall, Sydney, New South Wales","","","","","","","","","","","-33.909786","150.979767","EPSG:4326","15.0","","","","","","","","","","","","","","","","","","","","","","","","","","","","","","","","","","","","","","needs_id","","52989","","","","","","https://id.biodiversity.org.au/taxon/apni/51268348","Cirsium vulgare","Cirsium vulgare","","","","","","","","Plantae","Charophyta","Equisetopsida","Asterales","Asteraceae","Cirsium","","","","species","","(Savi) Ten.","Spear Thistle","","","","","","https://orcid.org/0000-0002-1096-6066","","","Cirsium vulgare","","","","","","","","","","","","707bc922-0bdc-4b25-afb7-8689414dfcfe","","","","","","","","","","e15c4ac9-281a-42c3-bb15-923fcf57881d",""
"dr1411","iNaturalist Australia","d78831ac-906a-4c5a-bd1e-898a9c66fa65 | fbde6030-0fb7-45fe-b3d3-d4e6023efe45","2026-01-28T04:47:13Z","","CC-BY 4.0 (Int)","Thomas Mesaglio","","","https://www.inaturalist.org/observations/289444015","","","","iNaturalist","Observations","iNaturalist research-grade observations","","HUMAN_OBSERVATION","","","","https://www.inaturalist.org/observations/289444015","289444015","","Thomas Mesaglio","","","","","","","","","PRESENT","","","","","","","","","","","","","","","","","2025-06-14T10:00:00Z","10:00:00+10:00","165","165","2025","6","14","2025/06/14 10:00 AM","","","","","","","","","","","","","","Australia","AU","New South Wales","","","","Garrison Point Reserve and surrounds, Mirambeena Regional Park, Georges Hall, Sydney, New South Wales","","","","","","","","","","","-33.909618","150.97525","EPSG:4326","15.0","","","","","","","","","","","","","","","","","","","","","","","","","","","","","","","","648525516","","","Thomas Mesaglio","2025-06-14T05:08:04Z","","research","","56024","","","","","","https://id.biodiversity.org.au/taxon/apni/51267241","Arctotheca calendula","Arctotheca calendula","","","","","","","","Plantae","Charophyta","Equisetopsida","Asterales","Asteraceae","Arctotheca","","","","species","","(L.) K.Lewin","Cape Weed","","","","","","https://orcid.org/0000-0002-1096-6066","https://orcid.org/0000-0002-1096-6066","","Arctotheca calendula","","","","","","","","","","","","4e64eae8-8cac-4c0f-8516-ccdf64eae1b2","","","","","","","","","","d78831ac-906a-4c5a-bd1e-898a9c66fa65 | fbde6030-0fb7-45fe-b3d3-d4e6023efe45",""
"dr1411","iNaturalist Australia","31fc1349-f90f-4def-bd46-d51d7b0fe7e1 | 67a5954a-d187-4d8a-b187-40ddd14318f0 | aa0ed167-0b56-42a3-aced-c2899abd9048","2025-06-14T06:07:38Z","","CC-BY-NC 4.0 (Int)","Greg Potter","","","https://www.inaturalist.org/observations/289404954","","","","iNaturalist","Observations","iNaturalist research-grade observations","","HUMAN_OBSERVATION","","","","https://www.inaturalist.org/observations/289404954","289404954","","Greg Potter","","","","","","","","","PRESENT","","","","","","","","","","","","","","","","","2025-06-14T10:41:25Z","10:41:25+10:00","165","165","2025","6","14","2025-06-14 10:41:25","","","","","","","","","","","","","","Australia","AU","New South Wales","","","","Georges Hall NSW 2198, Australia","","","","","","","","","","","-33.909797","150.979183","EPSG:4326","4.0","","","","","","","","","","","","","","","","","","","","","","","","","","","","","","","","648447627","","","Greg Potter","2025-06-14T00:50Z","","research","","353971","","","","","","https://id.biodiversity.org.au/node/apni/2897021","Polyscias sambucifolia","Polyscias sambucifolia","","","","","","","","Plantae","Charophyta","Equisetopsida","Apiales","Araliaceae","Polyscias","","","","species","","(Sieber ex DC.) Harms","Elderberry Panax","","","","","","","","","Polyscias sambucifolia","","","","","","","","","","","","b9167ba4-4ca4-4e96-93fe-b4cf37335682","","","","","","","","","","31fc1349-f90f-4def-bd46-d51d7b0fe7e1 | 67a5954a-d187-4d8a-b187-40ddd14318f0 | aa0ed167-0b56-42a3-aced-c2899abd9048",""
"dr1411","iNaturalist Australia","78053d86-5cbc-41b3-816c-eaa26b0ca02a | 8e1207aa-c17f-4ebe-a21b-dfb013a0b173","2025-06-14T05:36:21Z","","CC-BY-NC 4.0 (Int)","Greg Potter","","","https://www.inaturalist.org/observations/289409317","","","","iNaturalist","Observations","iNaturalist research-grade observations","","HUMAN_OBSERVATION","","","","https://www.inaturalist.org/observations/289409317","289409317","","Greg Potter","","","","","","","","","PRESENT","","","","","","","","","","","","","","","","","2025-06-14T11:10:51Z","11:10:51+10:00","165","165","2025","6","14","2025-06-14 11:10:51","","","","","","","","","","","","","","Australia","AU","New South Wales","","","","Georges Hall NSW 2198, Australia","","","","","","","","","","","-33.909522","150.980339","EPSG:4326","","","","","","","","","","","","","","","","","","","","","","","","","","","","","","","","","648455825","","","Greg Potter","2025-06-14T01:15:52Z","","research","","369513","","","","","","https://id.biodiversity.org.au/taxon/apni/51285791","Glycine tabacina","Glycine tabacina","","","","","","","","Plantae","Charophyta","Equisetopsida","Fabales","Fabaceae","Glycine","","","","species","","(Labill.) Benth.","Variable Glycine","","","","","","","","","Glycine tabacina","","","","","","","","","","","","2e071a0c-587a-4ba6-ac91-af0c758ac1a8","","","","","","","","","","78053d86-5cbc-41b3-816c-eaa26b0ca02a | 8e1207aa-c17f-4ebe-a21b-dfb013a0b173",""
"dr1411","iNaturalist Australia","0ba84bf9-fe92-4411-bb17-e553bf906d0f | 3a70752c-59d4-40e6-a6af-beb2cdbe47c3 | b946f2f3-652a-48c5-a1a7-4124363b2a02","2025-06-14T05:32:48Z","","CC-BY-NC 4.0 (Int)","julianeribeiro","","","https://www.inaturalist.org/observations/289413922","","","","iNaturalist","Observations","iNaturalist research-grade observations","","HUMAN_OBSERVATION","","","","https://www.inaturalist.org/observations/289413922","289413922","","julianeribeiro","","","","","","","","","PRESENT","","","","","","","","","","","","","","","","","2025-06-14T11:42:15Z","11:42:15+10:00","165","165","2025","6","14","2025-06-14 11:42:15","","","","","","","","","","","","","","Australia","AU","New South Wales","","","","Georges Hall NSW 2198, Australia","","","","","","","","","","","-33.909131","150.980585","EPSG:4326","9.0","","","","","","","","","","","","","","","","","","","","","","","","","","","","","","","","648464769","","","julianeribeiro","2025-06-14T01:42:51Z","","research","","369779","","","","","","https://id.biodiversity.org.au/node/apni/2898881","Breynia oblongifolia","Breynia oblongifolia","","","","","","","","Plantae","Charophyta","Equisetopsida","Malpighiales","Phyllanthaceae","Breynia","","","","species","","(Müll.Arg.) Müll.Arg.","Coffee Bush","","","","","","","","","Breynia oblongifolia","","","","","","","","","","","","80a10d5b-5ec4-41d6-b211-fae32b31ee9c","","","","","","","","","","0ba84bf9-fe92-4411-bb17-e553bf906d0f | 3a70752c-59d4-40e6-a6af-beb2cdbe47c3 | b946f2f3-652a-48c5-a1a7-4124363b2a02",""
"dr1411","iNaturalist Australia","2b4cbb3c-cb8b-4056-9ef9-9bc0e60c7ad9 | 88149ccc-3598-457e-8415-a9a4ba4a847c | f198b9ca-3a2b-4cb2-a102-660367260fc0","2025-08-19T12:28:55Z","","CC-BY 4.0 (Int)","Thomas Mesaglio","","","https://www.inaturalist.org/observations/81261010","","","","iNaturalist","Observations","iNaturalist research-grade observations","","HUMAN_OBSERVATION","","","","https://www.inaturalist.org/observations/81261010","81261010","","Thomas Mesaglio","","","","","","flowers","","","PRESENT","","","","","","","","","","","","","","","","","2021-06-02T11:32:29Z","11:32:29+10:00","153","153","2021","6","2","Wed Jun 02 2021 11:32:29 GMT+1000 (GMT+10)","","","","","","","","","","","","","","Australia","AU","New South Wales","","","","Garrison Point Reserve and surrounds, Mirambeena Regional Park, Georges Hall, Sydney, New South Wales","","","","","","","","","","","-33.908237","150.978408","EPSG:4326","10.0","","","","","","","","","","","","","","","","","","","","","","","","","","","","","","","","179735770","","","Thomas Mesaglio","2021-06-02T02:54:50Z","","research","","64237","","","","","","https://id.biodiversity.org.au/node/apni/2901931","Phragmites australis","Phragmites australis","","","","","","","","Plantae","Charophyta","Equisetopsida","Poales","Poaceae","Phragmites","","","","species","","(Cav.) Trin. ex Steud.","Common Reed","","","","","","https://orcid.org/0000-0002-1096-6066","https://orcid.org/0000-0002-1096-6066","","Phragmites australis","","","","","","","","","","","","61394322-0a8a-4554-abff-7d5ecda19f5f","","","","","","","","","","2b4cbb3c-cb8b-4056-9ef9-9bc0e60c7ad9 | 88149ccc-3598-457e-8415-a9a4ba4a847c | f198b9ca-3a2b-4cb2-a102-660367260fc0",""
"dr1411","iNaturalist Australia","12c897bb-2078-4580-bf5e-a15f1c72e6d1 | 769eb8b7-22ae-4722-a964-ded4bd4e22c8 | f234be5e-0086-461b-b131-f39754f8a0b5 | f898bda9-21cc-4ec6-9b15-5226b236179f","2025-08-19T12:29Z","","CC-BY 4.0 (Int)","Thomas Mesaglio","","","https://www.inaturalist.org/observations/289445048","","","","iNaturalist","Observations","iNaturalist research-grade observations","","HUMAN_OBSERVATION","","","","https://www.inaturalist.org/observations/289445048","289445048","","Thomas Mesaglio","","","","","","","","","PRESENT","","","","","","","","","","6770f7b1-e2a8-4f84-9e77-4b8981790435","","","","","","","2025-06-14T10:50:00Z","10:50:00+10:00","165","165","2025","6","14","2025/06/14 10:50 AM","","","","","","","","","","","","","","Australia","AU","New South Wales","","","","Garrison Point Reserve and surrounds, Mirambeena Regional Park, Georges Hall, Sydney, New South Wales","","","","","","","","","","","-33.909828","150.980164","EPSG:4326","15.0","","","","","","","","","","","","","","","","","","","","","","","","","","","","","","","","648528069","","","Thomas Mesaglio","2025-06-14T05:18:01Z","","research","","61818","","","","","","https://id.biodiversity.org.au/taxon/apni/51770501","Acacia decurrens","Acacia decurrens","","","","","","","","Plantae","Charophyta","Equisetopsida","Fabales","Fabaceae","Acacia","","","","species","","Willd.","Early Black-wattle","","","","","","https://orcid.org/0000-0002-1096-6066","https://orcid.org/0000-0002-1096-6066","","Acacia decurrens","","","","","","","","","","","","44bc9c0a-2ee3-45a7-90e4-8e6057baf685","","","","","","","","","","12c897bb-2078-4580-bf5e-a15f1c72e6d1 | 769eb8b7-22ae-4722-a964-ded4bd4e22c8 | f234be5e-0086-461b-b131-f39754f8a0b5 | f898bda9-21cc-4ec6-9b15-5226b236179f",""
"dr1411","iNaturalist Australia","89dcbb22-cf85-42f0-b27d-7291b9a30d18","2025-08-19T12:28:20Z","","CC-BY 4.0 (Int)","Thomas Mesaglio","","","https://www.inaturalist.org/observations/289443978","","","","iNaturalist","Observations","iNaturalist observations","","HUMAN_OBSERVATION","","","","https://www.inaturalist.org/observations/289443978","289443978","","Thomas Mesaglio","","","","","","","","","PRESENT","","","","","","","","","","","","","","","","","2025-06-14T09:41:00Z","09:41:00+10:00","165","165","2025","6","14","2025/06/14 9:41 AM","","","","","","","","","","","","","","Australia","AU","New South Wales","","","","Garrison Point Reserve and surrounds, Mirambeena Regional Park, Georges Hall, Sydney, New South Wales","","","","","","","","","","","-33.909351","150.975189","EPSG:4326","15.0","","","","","","","","","","","","","","","","","","","","","","","","","","","","","","","","","","","","","","needs_id","","161824","","","","","","https://id.biodiversity.org.au/node/apni/2886410","Dichondra repens","Dichondra repens","","","","","","","","Plantae","Charophyta","Equisetopsida","Solanales","Convolvulaceae","Dichondra","","","","species","","J.R.Forst. & G.Forst.","Kidney-weed","","","","","","https://orcid.org/0000-0002-1096-6066","","","Dichondra repens","","","","","","","","","","","","7e1d35ef-b079-4c71-a1d6-4438e71aa3b0","","","","","","","","","","89dcbb22-cf85-42f0-b27d-7291b9a30d18",""
"dr1411","iNaturalist Australia","1058440b-be49-4a47-a079-317ad154c5c3 | 144b8933-150c-4a80-9c01-8b24bd5448b8 | 2835b158-b8c6-4793-9627-cb2830f88230 | 31240e6a-26c7-411f-b9de-0bf4a18fc3b5 | 3302fe66-0451-4407-8f33-25cac81a907c | 38593b33-011f-4608-b326-67f8b46a60b5 | 4985318a-9577-466b-9fd5-205c8e5c0e6f | 52549592-04de-476a-87a1-6ad90f3d14dc | 5b80eb70-4d60-46b9-9178-efe12a5f7ae2 | 5eb14a8e-23a8-4dd4-b81e-6de1efb6d9c9 | 8fe8fdbe-115a-499d-9ffa-3b3e5c16c8b1 | 919baf4b-ffc5-4184-be12-d990d9235b1a | b2cf1926-36e5-4d55-8586-df7b6c150175 | bd1d30f6-e44b-4248-8de5-9c969b573727 | c2a54a91-b3a3-46fb-a575-d744838f01d3","2025-05-08T05:34:49Z","","CC-BY-NC 4.0 (Int)","petervanerk","","","https://www.inaturalist.org/observations/278645735","","","","iNaturalist","Observations","iNaturalist research-grade observations","","HUMAN_OBSERVATION","","","","https://www.inaturalist.org/observations/278645735","278645735","","petervanerk","","","","","","","","","PRESENT","","","","","","","","","","","","","","","","","2025-05-05T13:46:04Z","13:46:04+10:00","125","125","2025","5","5","2025-05-05 13:46:04","","","","","","","","","","","","","","Australia","AU","New South Wales","","","","Georges Hall NSW 2198, Australia","","","","","","","","","","","-33.909111","150.980835","EPSG:4326","","","","","","","","","","","","","","","","","","","","","","","","","","","","","","","","","627643160","","","Harry Rose","2025-05-06T12:27:36Z","","research","florets have 3 awns at their tips. Very hard to ID Aristida to species from photos","63993","","","","","","https://id.biodiversity.org.au/taxon/apni/51442520","Aristida","Aristida","","","","","","","","Plantae","Charophyta","Equisetopsida","Poales","Poaceae","Aristida","","","","genus","","L.","Wind-grass","","","","","","","","","","","","","","","","","","","","","4dccf624-84d5-4f41-85ec-7bff21afffe4","","","","","","","","","","1058440b-be49-4a47-a079-317ad154c5c3 | 144b8933-150c-4a80-9c01-8b24bd5448b8 | 2835b158-b8c6-4793-9627-cb2830f88230 | 31240e6a-26c7-411f-b9de-0bf4a18fc3b5 | 3302fe66-0451-4407-8f33-25cac81a907c | 38593b33-011f-4608-b326-67f8b46a60b5 | 4985318a-9577-466b-9fd5-205c8e5c0e6f | 52549592-04de-476a-87a1-6ad90f3d14dc | 5b80eb70-4d60-46b9-9178-efe12a5f7ae2 | 5eb14a8e-23a8-4dd4-b81e-6de1efb6d9c9 | 8fe8fdbe-115a-499d-9ffa-3b3e5c16c8b1 | 919baf4b-ffc5-4184-be12-d990d9235b1a | b2cf1926-36e5-4d55-8586-df7b6c150175 | bd1d30f6-e44b-4248-8de5-9c969b573727 | c2a54a91-b3a3-46fb-a575-d744838f01d3",""
"dr1411","iNaturalist Australia","143581dc-be47-4c0d-aeb0-d5ad182ab881 | 6f52c81f-a69b-43bd-9e0b-d0e2e72e546a | d145f2e1-eea2-4170-8676-40a1ef705093","2025-10-13T02:06:55Z","","CC-BY-NC 4.0 (Int)","Claire","","","https://www.inaturalist.org/observations/320559074","","","","iNaturalist","Observations","iNaturalist observations","","HUMAN_OBSERVATION","","","","https://www.inaturalist.org/observations/320559074","320559074","","Claire","","","","","","","","","PRESENT","","","","","","","","","","","","","","","","","2025-10-10T14:56:16Z","14:56:16+11:00","283","283","2025","10","10","2025-10-10 14:56:16","","","","","","","","","","","","","","Australia","AU","New South Wales","","","","Georges Hall NSW 2198, Australia","","","","","","","","","","","-33.90976","150.980163","EPSG:4326","17.0","","","","","","","","","","","","","","","","","","","","","","","","","","","","","","","","","","","","","","needs_id","","378610","","","","","","https://id.biodiversity.org.au/taxon/apni/51737650","Arthropodium","Arthropodium","","","","","","","","Plantae","Charophyta","Equisetopsida","Asparagales","Asparagaceae","Arthropodium","","","","genus","","R.Br.","Vanilla Lilies","","","","","","","","","","","","","","","","","","","","","b58d14ac-79bc-4fa7-831f-166484ede947","","","","","","","","","","143581dc-be47-4c0d-aeb0-d5ad182ab881 | 6f52c81f-a69b-43bd-9e0b-d0e2e72e546a | d145f2e1-eea2-4170-8676-40a1ef705093",""
"dr1411","iNaturalist Australia","31c86ef6-0fbb-4066-92bc-597b14df3a71 | 7b1cba8b-3e79-4383-a173-1cf77520129d | ac10bb67-a153-4666-ad35-7d8cbc5b528d | da88de9f-89df-4e7a-a145-4b16d9fa2486","2025-02-11T05:18:26Z","","CC-BY-NC 4.0 (Int)","Greg Potter","","","https://www.inaturalist.org/observations/261311070","","","","iNaturalist","Observations","iNaturalist observations","","HUMAN_OBSERVATION","","","","https://www.inaturalist.org/observations/261311070","261311070","","Greg Potter","","","","","","","","","PRESENT","","","","","","","AI says Trema, but doesn't look like it. Possibly Celtis?","","","","","","","","","","2025-02-11T13:29:41Z","13:29:41+11:00","42","42","2025","2","11","2025-02-11 13:29:41","","","","","","","","","","","","","","Australia","AU","New South Wales","","","","Georges Hall NSW 2198, Australia","","","","","","","","","","","-33.909389","150.979748","EPSG:4326","4.0","","","","","","","","","","","","","","","","","","","","","","","","","","","","","","","","","","","","","","needs_id","","76202","","","","","","https://id.biodiversity.org.au/node/apni/2891680","Celtis australis","Celtis australis","","","","","","","","Plantae","Charophyta","Equisetopsida","Rosales","Cannabaceae","Celtis","","","","species","","L.","European Nettle Tree","","","","","","","","","Celtis australis","","","","","","","","","","","","71df2f2c-d696-42f0-acc9-d4a4a7672e87","","","","","","","","","","31c86ef6-0fbb-4066-92bc-597b14df3a71 | 7b1cba8b-3e79-4383-a173-1cf77520129d | ac10bb67-a153-4666-ad35-7d8cbc5b528d | da88de9f-89df-4e7a-a145-4b16d9fa2486",""
"dr1411","iNaturalist Australia","14491210-7425-4d79-ba99-80b3aae89407","2025-06-14T05:37Z","","CC-BY-NC 4.0 (Int)","julianeribeiro","","","https://www.inaturalist.org/observations/289405188","","","","iNaturalist","Observations","iNaturalist research-grade observations","","HUMAN_OBSERVATION","","","","https://www.inaturalist.org/observations/289405188","289405188","","julianeribeiro","","","","","","","","","PRESENT","","","","","","","","","","","","","","","","","2025-06-14T10:50:51Z","10:50:51+10:00","165","165","2025","6","14","2025-06-14 10:50:51","","","","","","","","","","","","","","Australia","AU","New South Wales","","","","Georges Hall NSW 2198, Australia","","","","","","","","","","","-33.909646","150.980325","EPSG:4326","4.0","","","","","","","","","","","","","","","","","","","","","","","","","","","","","","","","648448048","","","julianeribeiro","2025-06-14T00:51:12Z","","research","","161824","","","","","","https://id.biodiversity.org.au/node/apni/2886410","Dichondra repens","Dichondra repens","","","","","","","","Plantae","Charophyta","Equisetopsida","Solanales","Convolvulaceae","Dichondra","","","","species","","J.R.Forst. & G.Forst.","Kidney-weed","","","","","","","","","Dichondra repens","","","","","","","","","","","","c390081d-2548-4fca-a506-7196b40507dd","","","","","","","","","","14491210-7425-4d79-ba99-80b3aae89407",""
"dr1411","iNaturalist Australia","3cd54cd0-0861-4c5b-8f29-a450ba6819f8 | 4441396b-9743-45f0-9fcc-68e18b332948 | 621fd7c2-24f2-49bf-9323-09449ee70c1b | 69f7085e-af6b-4059-bcdb-d03692c3e8a1 | c1a4ac81-e02b-4fb3-be02-a78adc926031 | c32154b8-f062-493d-bb5e-d27e60b154cc | d8f753b3-4154-426e-8ce3-d034d33dbd92 | e72df9d4-6bef-4653-9cd7-07f199be43c7","2024-12-06T22:05:02Z","","CC-BY-NC 4.0 (Int)","Nina","","","https://www.inaturalist.org/observations/200803644","","","","iNaturalist","Observations","iNaturalist research-grade observations","","HUMAN_OBSERVATION","","","","https://www.inaturalist.org/observations/200803644","200803644","","Nina","","","","","","flowers|fruits or seeds|flower buds","","","PRESENT","","","","","","","","","","","","","","","","","2024-02-29T14:25:14Z","14:25:14+11:00","60","60","2024","2","29","2024-02-29 14:25:14","","","","","","","","","","","","","","Australia","AU","New South Wales","","","","Bankstown Aerodrome NSW 2198, Australia","","","","","","","","","","","-33.908982","150.979682","EPSG:4326","262.0","","","","","","","","","","","","","","","","","","","","","","","","","","","","","","","","510210214","","","Thomas Mesaglio","2024-07-05T10:40:11Z","","research","","1559245","","","","","","https://id.biodiversity.org.au/taxon/apni/51737650","Arthropodium glareosorum","Arthropodium","","","","","","","","Plantae","Charophyta","Equisetopsida","Asparagales","Asparagaceae","Arthropodium","","","","genus","","R.Br.","Vanilla Lilies","","","","","","","https://orcid.org/0000-0002-1096-6066","","","","","","","","","","","","","","a05886e8-da14-4286-8d19-67860a4a3795","","","","","","","","","","3cd54cd0-0861-4c5b-8f29-a450ba6819f8 | 4441396b-9743-45f0-9fcc-68e18b332948 | 621fd7c2-24f2-49bf-9323-09449ee70c1b | 69f7085e-af6b-4059-bcdb-d03692c3e8a1 | c1a4ac81-e02b-4fb3-be02-a78adc926031 | c32154b8-f062-493d-bb5e-d27e60b154cc | d8f753b3-4154-426e-8ce3-d034d33dbd92 | e72df9d4-6bef-4653-9cd7-07f199be43c7",""
"dr1411","iNaturalist Australia","09fff092-12cb-4f7f-bb5c-6b8442c16fa4 | bc72e3df-2156-4ce6-a543-290b0171be55","2025-08-19T12:28:52Z","","CC-BY 4.0 (Int)","Thomas Mesaglio","","","https://www.inaturalist.org/observations/289446005","","","","iNaturalist","Observations","iNaturalist research-grade observations","","HUMAN_OBSERVATION","","","","https://www.inaturalist.org/observations/289446005","289446005","","Thomas Mesaglio","","","","","","","","","PRESENT","","","","","","","","","","113b8a70-0ab5-49ad-974f-382b7460f434","","","","","","","2025-06-14T12:17:00Z","12:17:00+10:00","165","165","2025","6","14","2025/06/14 12:17 PM","","","","","","","","","","","","","","Australia","AU","New South Wales","","","","Garrison Point Reserve and surrounds, Mirambeena Regional Park, Georges Hall, Sydney, New South Wales","","","","","","","","","","","-33.908611","150.98056","EPSG:4326","15.0","","","","","","","","","","","","","","","","","","","","","","","","","","","","","","","","648530409","","","Thomas Mesaglio","2025-06-14T05:26:49Z","","research","","75252","","","","","","https://id.biodiversity.org.au/taxon/apni/51770587","Acacia podalyriifolia","Acacia podalyriifolia","","","","","","","","Plantae","Charophyta","Equisetopsida","Fabales","Fabaceae","Acacia","","","","species","","A.Cunn. ex G.Don","Mount Morgan Wattle","","","","","","https://orcid.org/0000-0002-1096-6066","https://orcid.org/0000-0002-1096-6066","","Acacia podalyriifolia","","","","","","","","","","","","cff26d61-82a9-4e98-b63c-804c2d9ef5c5","","","","","","","","","","09fff092-12cb-4f7f-bb5c-6b8442c16fa4 | bc72e3df-2156-4ce6-a543-290b0171be55",""
"dr1411","iNaturalist Australia","4dde474c-edfe-4914-8c78-bbad6a054518","2025-08-19T12:28:55Z","","CC-BY 4.0 (Int)","Thomas Mesaglio","","","https://www.inaturalist.org/observations/289446000","","","","iNaturalist","Observations","iNaturalist research-grade observations","","HUMAN_OBSERVATION","","","","https://www.inaturalist.org/observations/289446000","289446000","","Thomas Mesaglio","","","","","","","","","PRESENT","","","","","","","","","","","","","","","","","2025-06-14T12:14:00Z","12:14:00+10:00","165","165","2025","6","14","2025/06/14 12:14 PM","","","","","","","","","","","","","","Australia","AU","New South Wales","","","","Garrison Point Reserve and surrounds, Mirambeena Regional Park, Georges Hall, Sydney, New South Wales","","","","","","","","","","","-33.908829","150.980637","EPSG:4326","15.0","","","","","","","","","","","","","","","","","","","","","","","","","","","","","","","","648530404","","","Thomas Mesaglio","2025-06-14T05:26:48Z","","research","","77740","","","","","","https://id.biodiversity.org.au/node/apni/2887006","Ligustrum lucidum","Ligustrum lucidum","","","","","","","","Plantae","Charophyta","Equisetopsida","Lamiales","Oleaceae","Ligustrum","","","","species","","W.T.Aiton","Large-leaved Privet","","","","","","https://orcid.org/0000-0002-1096-6066","https://orcid.org/0000-0002-1096-6066","","Ligustrum lucidum","","","","","","","","","","","","3d925aec-ac51-45db-9800-76363b36ef65","","","","","","","","","","4dde474c-edfe-4914-8c78-bbad6a054518",""
"dr1411","iNaturalist Australia","4f36eaa0-c54f-408b-91cc-ab8af226ead8","2025-08-19T12:28:20Z","","CC-BY 4.0 (Int)","Thomas Mesaglio","","","https://www.inaturalist.org/observations/289443979","","","","iNaturalist","Observations","iNaturalist research-grade observations","","HUMAN_OBSERVATION","","","","https://www.inaturalist.org/observations/289443979","289443979","","Thomas Mesaglio","","","","","","","","","PRESENT","","","","","","","","","","","","","","","","","2025-06-14T09:42:00Z","09:42:00+10:00","165","165","2025","6","14","2025/06/14 9:42 AM","","","","","","","","","","","","","","Australia","AU","New South Wales","","","","Garrison Point Reserve and surrounds, Mirambeena Regional Park, Georges Hall, Sydney, New South Wales","","","","","","","","","","","-33.909351","150.975189","EPSG:4326","15.0","","","","","","","","","","","","","","","","","","","","","","","","","","","","","","","","648525460","","","Thomas Mesaglio","2025-06-14T05:07:53Z","","research","","58876","","","","","","https://id.biodiversity.org.au/taxon/apni/51270276","Polycarpon tetraphyllum","Polycarpon tetraphyllum","","","","","","","","Plantae","Charophyta","Equisetopsida","Caryophyllales","Caryophyllaceae","Polycarpon","","","","species","","(L.) L.","Four-leaf Allseed","","","","","","https://orcid.org/0000-0002-1096-6066","https://orcid.org/0000-0002-1096-6066","","Polycarpon tetraphyllum","","","","","","","","","","","","3991d84e-3492-4e8a-a1fc-d22787a1d5ea","","","","","","","","","","4f36eaa0-c54f-408b-91cc-ab8af226ead8",""
"dr1411","iNaturalist Australia","049325dd-7247-4e3b-8ced-e8e3b99a4b40 | 995a65fd-a7cb-40f1-aea8-6d694e0823b3","2025-06-14T05:32:46Z","","CC-BY-NC 4.0 (Int)","julianeribeiro","","","https://www.inaturalist.org/observations/289418145","","","","iNaturalist","Observations","iNaturalist research-grade observations","","HUMAN_OBSERVATION","","","","https://www.inaturalist.org/observations/289418145","289418145","","julianeribeiro","","","","","","","","","PRESENT","","","","","","","","","","8d06cd9b-b1ca-41ec-b426-4b7825df20a4","","","","","","","2025-06-14T12:07:13Z","12:07:13+10:00","165","165","2025","6","14","2025-06-14 12:07:13","","","","","","","","","","","","","","Australia","AU","New South Wales","","","","Georges Hall NSW 2198, Australia","","","","","","","","","","","-33.908624","150.980595","EPSG:4326","6.0","","","","","","","","","","","","","","","","","","","","","","","","","","","","","","","","648472487","","","julianeribeiro","2025-06-14T02:07:39Z","","research","","83377","","","","","","https://id.biodiversity.org.au/taxon/apni/51770526","Acacia fimbriata","Acacia fimbriata","","","","","","","","Plantae","Charophyta","Equisetopsida","Fabales","Fabaceae","Acacia","","","","species","","A.Cunn. ex G.Don","Fringed Wattle","","","","","","","","","Acacia fimbriata","","","","","","","","","","","","e25b5eaf-c7ce-4e3f-b5af-420ce38c0906","","","","","","","","","","049325dd-7247-4e3b-8ced-e8e3b99a4b40 | 995a65fd-a7cb-40f1-aea8-6d694e0823b3",""
"dr1411","iNaturalist Australia","666543bb-9ebb-453d-9f5a-dfe2a30e7f00 | 8e63da48-f25a-4884-83af-bce5103529a8","2025-06-14T05:36:05Z","","CC-BY-NC 4.0 (Int)","Greg Potter","","","https://www.inaturalist.org/observations/289412352","","","","iNaturalist","Observations","iNaturalist research-grade observations","","HUMAN_OBSERVATION","","","","https://www.inaturalist.org/observations/289412352","289412352","","Greg Potter","","","","","","","","","PRESENT","","","","","","","","","","","","","","","","","2025-06-14T11:31:01Z","11:31:01+10:00","165","165","2025","6","14","2025-06-14 11:31:01","","","","","","","","","","","","","","Australia","AU","New South Wales","","","","Georges Hall NSW 2198, Australia","","","","","","","","","","","-33.909465","150.98026","EPSG:4326","","","","","","","","","","","","","","","","","","","","","","","","","","","","","","","","","648461819","","","Greg Potter","2025-06-14T01:34:07Z","","research","","139914","","","","","","https://id.biodiversity.org.au/node/apni/2898882","Acacia falcata","Acacia falcata","","","","","","","","Plantae","Charophyta","Equisetopsida","Fabales","Fabaceae","Acacia","","","","species","","Willd.","Sickle Wattle","","","","","","","","","Acacia falcata","","","","","","","","","","","","16eae41e-3cd7-4573-97d4-2af53fa85861","","","","","","","","","","666543bb-9ebb-453d-9f5a-dfe2a30e7f00 | 8e63da48-f25a-4884-83af-bce5103529a8",""
"dr1411","iNaturalist Australia","02235155-4359-42b8-89a6-577b63706b3b | 5bcf99b5-181a-4d8c-8b59-12a36962163d","2024-03-10T18:42:06Z","","CC-BY-NC 4.0 (Int)","Nina","","","https://www.inaturalist.org/observations/201869744","","","","iNaturalist","Observations","iNaturalist research-grade observations","","HUMAN_OBSERVATION","","","","https://www.inaturalist.org/observations/201869744","201869744","","Nina","","","","","","","","","PRESENT","","","","","","","","","","","","","","","","","2024-03-06T07:40:44Z","07:40:44+11:00","66","66","2024","3","6","2024-03-06 07:40:44","","","","","","","","","","","","","","Australia","AU","New South Wales","","","","Bankstown - North-West, AU-NS, AU","","","","","","","","","","","-33.90931","150.977872","EPSG:4326","","","","","","","","","","","","","","","","","","","","","","","","","","","","","","","","","458370821","","","Nina","2024-03-10T02:40:22Z","","research","","169083","","","","","","https://id.biodiversity.org.au/node/apni/2894563","Solanum seaforthianum","Solanum seaforthianum","","","","","","","","Plantae","Charophyta","Equisetopsida","Solanales","Solanaceae","Solanum","","","","species","","Andrews","Brazilian Nightshade","","","","","","","","","Solanum seaforthianum","","","","","","","","","","","","bc7605b1-8653-43e7-ab42-77f59ab3928c","","","","","","","","","","02235155-4359-42b8-89a6-577b63706b3b | 5bcf99b5-181a-4d8c-8b59-12a36962163d",""
"dr1411","iNaturalist Australia","e4f746eb-1be4-463d-9a6f-710b28a7542f","2025-08-19T12:28:56Z","","CC-BY 4.0 (Int)","Thomas Mesaglio","","","https://www.inaturalist.org/observations/289445987","","","","iNaturalist","Observations","iNaturalist research-grade observations","","HUMAN_OBSERVATION","","","","https://www.inaturalist.org/observations/289445987","289445987","","Thomas Mesaglio","","","","","","","","","PRESENT","","","","","","","","","","","","","","","","","2025-06-14T11:16:00Z","11:16:00+10:00","165","165","2025","6","14","2025/06/14 11:16 AM","","","","","","","","","","","","","","Australia","AU","New South Wales","","","","Garrison Point Reserve and surrounds, Mirambeena Regional Park, Georges Hall, Sydney, New South Wales","","","","","","","","","","","-33.909443","150.980301","EPSG:4326","15.0","","","","","","","","","","","","","","","","","","","","","","","","","","","","","","","","648530379","","","Thomas Mesaglio","2025-06-14T05:26:44Z","","research","","401745","","","","","","https://id.biodiversity.org.au/node/apni/2888469","Eremophila debilis","Eremophila debilis","","","","","","","","Plantae","Charophyta","Equisetopsida","Lamiales","Scrophulariaceae","Eremophila","","","","species","","(Andrews) Chinnock","Winter Apple","","","","","","https://orcid.org/0000-0002-1096-6066","https://orcid.org/0000-0002-1096-6066","","Eremophila debilis","","","","","","","","","","","","55609130-e56a-4d9b-9983-189a113df100","","","","","","","","","","e4f746eb-1be4-463d-9a6f-710b28a7542f",""
"dr1411","iNaturalist Australia","0ee431cd-78c0-43e9-982e-f7cabebd8386 | 3bef314d-0b8d-416c-aa02-a0480936f239 | 46490bfe-2111-4f60-a6f7-8cba6647dc2c | 4887cc15-c5bb-4020-99a1-af05f1ab3116 | 4c651c8d-f428-45a7-817e-7014f352a3d4 | 64fc744d-c37b-4a21-a135-541231992f56 | 72bcd245-ef3c-4706-a01c-8626f722753f | bd89ac22-e7ac-49b4-b956-dc55241b337a | d343e024-dc35-47ef-8638-5515ab287461 | ec32bbe2-3937-4d76-a5e9-68e168dfcc2c","2024-03-06T10:11:51Z","","CC-BY-NC 4.0 (Int)","Nina","","","https://www.inaturalist.org/observations/201459839","","","","iNaturalist","Observations","iNaturalist observations","","HUMAN_OBSERVATION","","","","https://www.inaturalist.org/observations/201459839","201459839","","Nina","","","","","","","","","PRESENT","","","","","","","","","","","","","","","","","2024-03-06T08:12:10Z","08:12:10+11:00","66","66","2024","3","6","2024-03-06 08:12:10","","","","","","","","","","","","","","Australia","AU","New South Wales","","","","Bankstown Aerodrome NSW 2198, Australia","","","","","","","","","","","-33.909423","150.980255","EPSG:4326","203.0","","","","","","","","","","","","","","","","","","","","","","","","","","","","","","","","","","","","","","needs_id","","370497","","","","","","https://id.biodiversity.org.au/node/apni/2898397","Polymeria calycina","Polymeria calycina","","","","","","","","Plantae","Charophyta","Equisetopsida","Solanales","Convolvulaceae","Polymeria","","","","species","","R.Br.","Pink Bindweed","","","","","","","","","Polymeria calycina","","","","","","","","","","","","1b789eaa-c3b1-48ce-bb79-81684e845929","","","","","","","","","","0ee431cd-78c0-43e9-982e-f7cabebd8386 | 3bef314d-0b8d-416c-aa02-a0480936f239 | 46490bfe-2111-4f60-a6f7-8cba6647dc2c | 4887cc15-c5bb-4020-99a1-af05f1ab3116 | 4c651c8d-f428-45a7-817e-7014f352a3d4 | 64fc744d-c37b-4a21-a135-541231992f56 | 72bcd245-ef3c-4706-a01c-8626f722753f | bd89ac22-e7ac-49b4-b956-dc55241b337a | d343e024-dc35-47ef-8638-5515ab287461 | ec32bbe2-3937-4d76-a5e9-68e168dfcc2c",""
"dr1411","iNaturalist Australia","384df0ff-6689-47f9-bec5-59b0af0c83f6 | c49d13ac-159a-42fe-907e-fd2fc863f005","2025-06-14T04:49:36Z","","CC-BY-NC 4.0 (Int)","julianeribeiro","","","https://www.inaturalist.org/observations/289406949","","","","iNaturalist","Observations","iNaturalist research-grade observations","","HUMAN_OBSERVATION","","","","https://www.inaturalist.org/observations/289406949","289406949","","julianeribeiro","","","","","","","","","PRESENT","","","","","","","","","","ddf2be6b-6bd8-4f25-8e8e-777e31535674","","","","","","","2025-06-14T10:59:42Z","10:59:42+10:00","165","165","2025","6","14","2025-06-14 10:59:42","","","","","","","","","","","","","","Australia","AU","New South Wales","","","","Georges Hall NSW 2198, Australia","","","","","","","","","","","-33.909624","150.980238","EPSG:4326","5.0","","","","","","","","","","","","","","","","","","","","","","","","","","","","","","","","648450960","","","julianeribeiro","2025-06-14T01:00:34Z","","research","","353960","","","","","","https://id.biodiversity.org.au/taxon/apni/51431568","Lomandra multiflora","Lomandra multiflora","","","","","","","","Plantae","Charophyta","Equisetopsida","Asparagales","Asparagaceae","Lomandra","","","","species","","(R.Br.) Britten","Lomandra","","","","","","","","","Lomandra multiflora","","","","","","","","","","","","4a1c89cb-0854-4d06-baf4-e83134e4073c","","","","","","","","","","384df0ff-6689-47f9-bec5-59b0af0c83f6 | c49d13ac-159a-42fe-907e-fd2fc863f005",""
"dr1411","iNaturalist Australia","a6dea828-cbe0-4721-a438-bb6a8d19e98e | eeca61e7-6e2b-46d6-b44d-20b81f3931f4","2025-06-14T05:32:37Z","","CC-BY-NC 4.0 (Int)","Greg Potter","","","https://www.inaturalist.org/observations/289418386","","","","iNaturalist","Observations","iNaturalist research-grade observations","","HUMAN_OBSERVATION","","","","https://www.inaturalist.org/observations/289418386","289418386","","Greg Potter","","","","","","","","","PRESENT","","","","","","","","","","b900cc09-98ca-4103-96ef-2702813502dd","","","","","","","2025-06-14T12:04:48Z","12:04:48+10:00","165","165","2025","6","14","2025-06-14 12:04:48","","","","","","","","","","","","","","Australia","AU","New South Wales","","","","Georges Hall NSW 2198, Australia","","","","","","","","","","","-33.908928","150.980764","EPSG:4326","4.0","","","","","","","","","","","","","","","","","","","","","","","","","","","","","","","","648472866","","","Greg Potter","2025-06-14T02:08:54Z","","research","","77102","","","","","","https://id.biodiversity.org.au/taxon/apni/51743538","Euchiton sphaericus","Euchiton sphaericus","","","","","","","","Plantae","Charophyta","Equisetopsida","Asterales","Asteraceae","Euchiton","","","","species","","(Willd.) Holub","Common Cudweed","","","","","","","","","Euchiton sphaericus","","","","","","","","","","","","9f746e6b-d7fe-4ed3-a3cb-57739d4f513a","","","","","","","","","","a6dea828-cbe0-4721-a438-bb6a8d19e98e | eeca61e7-6e2b-46d6-b44d-20b81f3931f4",""
"dr1411","iNaturalist Australia","1bce8be9-b8d8-4743-adfe-bf32c45fd12b | 480bb88a-655f-4868-8c01-8bd3f75a0926 | c21931be-ced8-4102-8e13-b945be026e5d | f4966d80-5c58-4134-b87f-b486b7e5ef42","2025-06-14T05:37:45Z","","CC-BY-NC 4.0 (Int)","pennyrummery","","","https://www.inaturalist.org/observations/276839787","","","","iNaturalist","Observations","iNaturalist research-grade observations","","HUMAN_OBSERVATION","","","","https://www.inaturalist.org/observations/276839787","276839787","","pennyrummery","","","","","","","","","PRESENT","","","","","","","","","","","","","","","","","2025-04-30T09:03:49Z","09:03:49+10:00","120","120","2025","4","30","2025-04-30 09:03:49+10:00","","","","","","","","","","","","","","Australia","AU","New South Wales","","","","Mirambeena Regional Park, Georges Hall, NSW, AU","","","","","","","","","","","-33.909416","150.980902","EPSG:4326","357.0","","","","","","","","","","","","","","","","","","","","","","","","","","","","","","","","623268486","","","pennyrummery","2025-04-30T01:06:19Z","","research","","516379","","","","","","https://id.biodiversity.org.au/node/apni/2906785","Asperula conferta","Asperula conferta","","","","","","","","Plantae","Charophyta","Equisetopsida","Gentianales","Rubiaceae","Asperula","","","","species","","Hook.f.","Common Woodruff","","","","","","","","","Asperula conferta","","","","","","","","","","","","38ed53c5-04d2-44bc-95de-3e14ad9386a8","","","","","","","","","","1bce8be9-b8d8-4743-adfe-bf32c45fd12b | 480bb88a-655f-4868-8c01-8bd3f75a0926 | c21931be-ced8-4102-8e13-b945be026e5d | f4966d80-5c58-4134-b87f-b486b7e5ef42",""
"dr1411","iNaturalist Australia","676e7ae1-fce9-492d-8ee7-788fc2ed8d64","2025-06-14T04:50:22Z","","CC-BY-NC 4.0 (Int)","Greg Potter","","","https://www.inaturalist.org/observations/289406538","","","","iNaturalist","Observations","iNaturalist research-grade observations","","HUMAN_OBSERVATION","","","","https://www.inaturalist.org/observations/289406538","289406538","","Greg Potter","","","","","","","","","PRESENT","","","","","","","","","","","","","","","","","2025-06-14T10:52:27Z","10:52:27+10:00","165","165","2025","6","14","2025-06-14 10:52:27","","","","","","","","","","","","","","Australia","AU","New South Wales","","","","Georges Hall NSW 2198, Australia","","","","","","","","","","","-33.909952","150.979285","EPSG:4326","","","","","","","","","","","","","","","","","","","","","","","","","","","","","","","","","648450290","","","Greg Potter","2025-06-14T00:58:02Z","","research","","53720","","","","","","https://id.biodiversity.org.au/node/apni/2894326","Melia azedarach","Melia azedarach","","","","","","","","Plantae","Charophyta","Equisetopsida","Sapindales","Meliaceae","Melia","","","","species","","L.","White Cedar","","","","","","","","","Melia azedarach","","","","","","","","","","","","daa31485-269a-4bf4-9653-b8592acd4e5c","","","","","","","","","","676e7ae1-fce9-492d-8ee7-788fc2ed8d64",""
"dr1411","iNaturalist Australia","3da11006-2692-4e1a-82d3-d293b52d2ffa | 6467d440-872f-43e9-b04f-c913c9558cd9 | aa61139d-42e1-45f6-80e7-8b10dca4a9b8 | c4e89c32-5256-427e-ac99-af85398e6691 | f40386fd-6e9c-410c-975c-3f3944b83f42","2023-04-10T08:15:49Z","","CC-BY-NC 4.0 (Int)","angiegreenthumb","","","https://www.inaturalist.org/observations/55351455","","","","iNaturalist","Observations","iNaturalist research-grade observations","","HUMAN_OBSERVATION","","","","https://www.inaturalist.org/observations/55351455","55351455","","angiegreenthumb","","","","","","no flowers or fruits","","","PRESENT","","","","","","","Growing in mud off the river bank.. Covered in a weed at the base","","","","","","","","","","2020-08-04T12:34:13Z","12:34:13+10:00","217","217","2020","8","4","2020-08-04 12:34:13 PM GMT+10:00","","","","","","","","","","","","","","Australia","AU","New South Wales","","","","Georges Hall NSW 2198, Australia","","","","","","","","","","","-33.907646","150.974597","EPSG:4326","16.0","","","","","","","","","","","","","","","","","","","","","","","","","","","","","","","","121608577","","","Jock Mackenzie","2020-08-04T07:36:05Z","","research","Only Avicennia species in the area","75723","","","","","","https://id.biodiversity.org.au/node/apni/2899921","Avicennia marina","Avicennia marina","","","","","","","","Plantae","Charophyta","Equisetopsida","Lamiales","Acanthaceae","Avicennia","","","","species","","(Forssk.) Vierh.","White Mangrove","","","","","","","","","Avicennia marina","","","","","","","","","","","","3873d51a-beee-4ba3-880a-9dad5d2bf90b","","","","","","","","","","3da11006-2692-4e1a-82d3-d293b52d2ffa | 6467d440-872f-43e9-b04f-c913c9558cd9 | aa61139d-42e1-45f6-80e7-8b10dca4a9b8 | c4e89c32-5256-427e-ac99-af85398e6691 | f40386fd-6e9c-410c-975c-3f3944b83f42",""
"dr1411","iNaturalist Australia","80dc4518-30fa-4753-aa84-545d638eed6d | abc891f4-3a7d-40d0-8e34-30b206121c5b","2025-10-10T06:05:34Z","","CC-BY-NC 4.0 (Int)","Claire","","","https://www.inaturalist.org/observations/319840506","","","","iNaturalist","Observations","iNaturalist research-grade observations","","HUMAN_OBSERVATION","","","","https://www.inaturalist.org/observations/319840506","319840506","","Claire","","","","","","","","","PRESENT","","","","","","","","","","","","","","","","","2025-10-10T08:27:31Z","08:27:31+11:00","283","283","2025","10","10","2025-10-10 08:27:31","","","","","","","","","","","","","","Australia","AU","New South Wales","","","","Bankstown - North-West, AU-NS, AU","","","","","","","","","","","-33.90976","150.980163","EPSG:4326","17.0","","","","","","","","","","","","","","","","","","","","","","","","","","","","","","","","710052019","","","Claire","2025-10-09T21:28:13Z","","research","","76850","","","","","","https://id.biodiversity.org.au/node/apni/2889922","Eragrostis curvula","Eragrostis curvula","","","","","","","","Plantae","Charophyta","Equisetopsida","Poales","Poaceae","Eragrostis","","","","species","","(Schrad.) Nees","African Love-grass","","","","","","","","","Eragrostis curvula","","","","","","","","","","","","26c09f1c-8698-450a-95b1-20ffb09639b7","","","","","","","","","","80dc4518-30fa-4753-aa84-545d638eed6d | abc891f4-3a7d-40d0-8e34-30b206121c5b",""
"dr1411","iNaturalist Australia","f35d8a59-263f-4bc7-8ebe-851d30f44ea8","2026-03-11T02:26:38Z","","CC-BY-NC 4.0 (Int)","paulangel","","","https://www.inaturalist.org/observations/342360379","","","","iNaturalist","Observations","iNaturalist observations","","HUMAN_OBSERVATION","","","","https://www.inaturalist.org/observations/342360379","342360379","","paulangel","","","","","","","","","PRESENT","","","","","","","","","","","","","","","","","2025-07-29T11:52:51Z","11:52:51+10:00","210","210","2025","7","29","2025-07-29 11:52:51","","","","","","","","","","","","","","Australia","AU","New South Wales","","","","Henry Lawson Dr, Georges Hall, NSW, AU","","","","","","","","","","","-33.909827","150.979759","EPSG:4326","37.0","","","","","","","","","","","","","","","","","","","","","","","","","","","","","","","","","","","","","","needs_id","","83377","","","","","","https://id.biodiversity.org.au/taxon/apni/51770526","Acacia fimbriata","Acacia fimbriata","","","","","","","","Plantae","Charophyta","Equisetopsida","Fabales","Fabaceae","Acacia","","","","species","","A.Cunn. ex G.Don","Fringed Wattle","","","","","","","","","Acacia fimbriata","","","","","","","","","","","","b2076562-80ad-43ce-9109-2b25d41f1cef","","","","","","","","","","f35d8a59-263f-4bc7-8ebe-851d30f44ea8",""
"dr1411","iNaturalist Australia","3cc0f716-8303-4005-8d00-f3951e61f2b6","2025-08-19T12:28:55Z","","CC-BY 4.0 (Int)","Thomas Mesaglio","","","https://www.inaturalist.org/observations/43542688","","","","iNaturalist","Observations","iNaturalist research-grade observations","","HUMAN_OBSERVATION","","","","https://www.inaturalist.org/observations/43542688","43542688","","Thomas Mesaglio","","","","","","","","","PRESENT","","","","","","","","","","009d83a1-a05d-462f-b416-b795f75eb22a","","","","","","","2020-04-26T10:18:41Z","10:18:41+10:00","117","117","2020","4","26","Sun Apr 26 2020 10:18:41 GMT+1000 (GMT+10)","","","","","","","","","","","","","","Australia","AU","New South Wales","","","","Garrison Point Reserve and surrounds, Mirambeena Regional Park, Georges Hall, Sydney, New South Wales","","","","","","","","","","","-33.909437","150.976837","EPSG:4326","10.0","","","","","","","","","","","","","","","","","","","","","","","","","","","","","","","","98072732","","","Thomas Mesaglio","2020-04-26T04:28:56Z","","research","","169083","","","","","","https://id.biodiversity.org.au/node/apni/2894563","Solanum seaforthianum","Solanum seaforthianum","","","","","","","","Plantae","Charophyta","Equisetopsida","Solanales","Solanaceae","Solanum","","","","species","","Andrews","Brazilian Nightshade","","","","","","https://orcid.org/0000-0002-1096-6066","https://orcid.org/0000-0002-1096-6066","","Solanum seaforthianum","","","","","","","","","","","","69eae291-9cb4-4b50-834b-3030b1aa5e32","","","","","","","","","","3cc0f716-8303-4005-8d00-f3951e61f2b6",""
"dr1411","iNaturalist Australia","ade00dbc-2abe-470b-a20a-9ee6dea9547e","2025-05-06T15:53:45Z","","CC-BY-NC 4.0 (Int)","leomac","","","https://www.inaturalist.org/observations/200036135","","","","iNaturalist","Observations","iNaturalist observations","","HUMAN_OBSERVATION","","","","https://www.inaturalist.org/observations/200036135","200036135","","leomac","","","","","","","","","PRESENT","","","","","","","","","","","","","","","","","2024-02-22T08:45:26Z","08:45:26+11:00","53","53","2024","2","22","2024-02-22 08:45:26","","","","","","","","","","","","","","Australia","AU","New South Wales","","","","Bankstown Aerodrome NSW 2198, Australia","","","","","","","","","","","-33.909633","150.980253","EPSG:4326","","","","","","","","","","","","","","","","","","","","","","","","","","","","","","","","","","","","","","","needs_id","","323943","","","","","","https://id.biodiversity.org.au/taxon/apni/51445936","Cheilanthes sieberi","Cheilanthes sieberi","","","","","","","","Plantae","Charophyta","Equisetopsida","","Pteridaceae","Cheilanthes","","","","species","","Kunze","Rock Fern","","","","","","","","","Cheilanthes sieberi","","","","","","","","","","","","f4320759-e08c-4aef-b694-235fb0cfc448","","","","","","","","","","ade00dbc-2abe-470b-a20a-9ee6dea9547e",""
"dr1411","iNaturalist Australia","b8018b8d-a0ff-4606-9955-5818103b3cc6","2024-02-09T02:02:51Z","","CC-BY-NC 4.0 (Int)","angiegreenthumb","","","https://www.inaturalist.org/observations/55352157","","","","iNaturalist","Observations","iNaturalist observations","","HUMAN_OBSERVATION","","","","https://www.inaturalist.org/observations/55352157","55352157","","angiegreenthumb","","","","","","","","","PRESENT","","","","","","","","","","","","","","","","","2020-08-04T12:44:31Z","12:44:31+10:00","217","217","2020","8","4","2020-08-04 12:44:31 PM GMT+10:00","","","","","","","","","","","","","","Australia","AU","New South Wales","","","","Georges Hall NSW 2198, Australia","","","","","","","","","","","-33.90728","150.973604","EPSG:4326","8.0","","","","","","","","","","","","","","","","","","","","","","","","","","","","","","","","","","","","","","needs_id","","1351686","","","","","","https://id.biodiversity.org.au/node/apni/2912741","Solanum nigrum","Solanum nigrum","","","","","","","","Plantae","Charophyta","Equisetopsida","Solanales","Solanaceae","Solanum","","","","species","","L.","Black Nightshade","","","","","","","","","Solanum nigrum","","","","","","","","","","","","73ce2304-7c7b-48f0-bc96-69c11be8c02f","","","","","","","","","","b8018b8d-a0ff-4606-9955-5818103b3cc6",""
"dr1411","iNaturalist Australia","758533e4-e89f-403d-b8d1-a8327d2f30e8 | c1393593-2e69-4df6-8466-e55771347d6f","2025-08-19T12:28:55Z","","CC-BY 4.0 (Int)","Thomas Mesaglio","","","https://www.inaturalist.org/observations/289445050","","","","iNaturalist","Observations","iNaturalist research-grade observations","","HUMAN_OBSERVATION","","","","https://www.inaturalist.org/observations/289445050","289445050","","Thomas Mesaglio","","","","","","","","","PRESENT","","","","","","","","","","c52ab71f-3080-4b1e-b448-6f9de12b647d","","","","","","","2025-06-14T10:51:00Z","10:51:00+10:00","165","165","2025","6","14","2025/06/14 10:51 AM","","","","","","","","","","","","","","Australia","AU","New South Wales","","","","Garrison Point Reserve and surrounds, Mirambeena Regional Park, Georges Hall, Sydney, New South Wales","","","","","","","","","","","-33.909828","150.980164","EPSG:4326","15.0","","","","","","","","","","","","","","","","","","","","","","","","","","","","","","","","648528074","","","Thomas Mesaglio","2025-06-14T05:18:02Z","","research","","208571","","","","","","https://id.biodiversity.org.au/taxon/apni/51291519","Themeda triandra","Themeda triandra","","","","","","","","Plantae","Charophyta","Equisetopsida","Poales","Poaceae","Themeda","","","","species","","Forssk.","Kangaroo Grass","","","","","","https://orcid.org/0000-0002-1096-6066","https://orcid.org/0000-0002-1096-6066","","Themeda triandra","","","","","","","","","","","","1b7b3804-020d-4d42-8d59-27374ad6a8b9","","","","","","","","","","758533e4-e89f-403d-b8d1-a8327d2f30e8 | c1393593-2e69-4df6-8466-e55771347d6f",""
"dr1411","iNaturalist Australia","4b9a47c0-a426-4acd-80da-143e4b9043cb | 67677a6b-8411-47e9-adf5-107febc745f2","2025-05-29T10:05:05Z","","CC-BY-NC 4.0 (Int)","maxark","","","https://www.inaturalist.org/observations/201406527","","","","iNaturalist","Observations","iNaturalist research-grade observations","","HUMAN_OBSERVATION","","","","https://www.inaturalist.org/observations/201406527","201406527","","maxark","","","","","","","","","PRESENT","","","","","","","","","","","","","","","","","2024-03-06T07:49:54Z","07:49:54+11:00","66","66","2024","3","6","2024-03-06 07:49:54","","","","","","","","","","","","","","Australia","AU","New South Wales","","","","Bankstown Aerodrome NSW 2198, Australia","","","","","","","","","","","-33.90882","150.981281","EPSG:4326","16.0","","","","","","","","","","","","","","","","","","","","","","","","","","","","","","","","457188571","","","maxark","2024-03-05T21:15:38Z","","research","","370566","","","","","","https://id.biodiversity.org.au/node/apni/2906157","Brunoniella australis","Brunoniella australis","","","","","","","","Plantae","Charophyta","Equisetopsida","Lamiales","Acanthaceae","Brunoniella","","","","species","","(Cav.) Bremek.","Blue Trumpet","","","","","","","","","Brunoniella australis","","","","","","","","","","","","cb8f945d-f115-4cce-8552-5bf6db36d963","","","","","","","","","","4b9a47c0-a426-4acd-80da-143e4b9043cb | 67677a6b-8411-47e9-adf5-107febc745f2",""
"dr1411","iNaturalist Australia","6c4724a5-f952-48c7-a7e1-358601a5610c | bab4a0b8-4546-4b01-978e-3861872fee59","2025-10-08T09:37:57Z","","CC-BY-NC 4.0 (Int)","Greg Potter","","","https://www.inaturalist.org/observations/289414548","","","","iNaturalist","Observations","iNaturalist research-grade observations","","HUMAN_OBSERVATION","","","","https://www.inaturalist.org/observations/289414548","289414548","","Greg Potter","","","","","","","","","PRESENT","","","","","","","","","","","","","","","","","2025-06-14T11:45:05Z","11:45:05+10:00","165","165","2025","6","14","2025-06-14 11:45:05","","","","","","","","","","","","","","Australia","AU","New South Wales","","","","Georges Hall NSW 2198, Australia","","","","","","","","","","","-33.909256","150.980587","EPSG:4326","","","","","","","","","","","","","","","","","","","","","","","","","","","","","","","","","648465974","","","Greg Potter","2025-06-14T01:46:56Z","","research","","417793","","","","","","https://id.biodiversity.org.au/node/apni/2902322","Dillwynia sieberi","Dillwynia sieberi","","","","","","","","Plantae","Charophyta","Equisetopsida","Fabales","Fabaceae","Dillwynia","","","","species","","Steud.","Sieber's Parrot-pea","","","","","","","","","Dillwynia sieberi","","","","","","","","","","","","83ce0681-9d84-4622-a169-8e34ada9fb2d","","","","","","","","","","6c4724a5-f952-48c7-a7e1-358601a5610c | bab4a0b8-4546-4b01-978e-3861872fee59",""
"dr1411","iNaturalist Australia","7c71e96e-1e95-4291-8315-cf638967f3f0 | bb83a55e-4c03-4825-92e4-d04b37710d71","2025-08-19T12:28:24Z","","CC-BY 4.0 (Int)","Thomas Mesaglio","","","https://www.inaturalist.org/observations/289444017","","","","iNaturalist","Observations","iNaturalist observations","","HUMAN_OBSERVATION","","","","https://www.inaturalist.org/observations/289444017","289444017","","Thomas Mesaglio","","","","","","","","","PRESENT","","","","","","","","","","920e18ac-fc3b-4228-9705-0e77e71fe666","","","","","","","2025-06-14T10:01:00Z","10:01:00+10:00","165","165","2025","6","14","2025/06/14 10:01 AM","","","","","","","","","","","","","","Australia","AU","New South Wales","","","","Garrison Point Reserve and surrounds, Mirambeena Regional Park, Georges Hall, Sydney, New South Wales","","","","","","","","","","","-33.909523","150.97525","EPSG:4326","15.0","","","","","","","","","","","","","","","","","","","","","","","","","","","","","","","","","","","","","","needs_id","","911585","","","","","","https://id.biodiversity.org.au/taxon/apni/51433167","Chenopodium robertianum","Einadia hastata","","","","","","","","Plantae","Charophyta","Equisetopsida","Caryophyllales","Chenopodiaceae","Einadia","","","","species","","(R.Br.) A.J.Scott","Saloop","","","","","","https://orcid.org/0000-0002-1096-6066","","","Einadia hastata","","","","","","","","","","","","f821e576-7ce3-4e94-8c0a-cddcff090045","","","","","","","","","","7c71e96e-1e95-4291-8315-cf638967f3f0 | bb83a55e-4c03-4825-92e4-d04b37710d71",""
"dr1411","iNaturalist Australia","81cd5657-79ed-4c2c-8175-8b6f48f3f5fa | a49b5bd1-e236-4448-93ee-8de2382021c6 | db26ee89-c8f6-457b-8293-4e6c8df85b55","2025-08-19T12:28:56Z","","CC-BY 4.0 (Int)","Thomas Mesaglio","","","https://www.inaturalist.org/observations/289445052","","","","iNaturalist","Observations","iNaturalist research-grade observations","","HUMAN_OBSERVATION","","","","https://www.inaturalist.org/observations/289445052","289445052","","Thomas Mesaglio","","","","","","flowers","","","PRESENT","","","","","","","","","","","","","","","","","2025-06-14T10:51:00Z","10:51:00+10:00","165","165","2025","6","14","2025/06/14 10:51 AM","","","","","","","","","","","","","","Australia","AU","New South Wales","","","","Garrison Point Reserve and surrounds, Mirambeena Regional Park, Georges Hall, Sydney, New South Wales","","","","","","","","","","","-33.909828","150.980164","EPSG:4326","15.0","","","","","","","","","","","","","","","","","","","","","","","","","","","","","","","","648528076","","","Thomas Mesaglio","2025-06-14T05:18:02Z","","research","","168820","","","","","","https://id.biodiversity.org.au/node/apni/2903107","Senecio madagascariensis","Senecio madagascariensis","","","","","","","","Plantae","Charophyta","Equisetopsida","Asterales","Asteraceae","Senecio","","","","species","","Poir.","Fireweed","","","","","","https://orcid.org/0000-0002-1096-6066","https://orcid.org/0000-0002-1096-6066","","Senecio madagascariensis","","","","","","","","","","","","321179b7-9b6c-49e5-a89f-b996aed98493","","","","","","","","","","81cd5657-79ed-4c2c-8175-8b6f48f3f5fa | a49b5bd1-e236-4448-93ee-8de2382021c6 | db26ee89-c8f6-457b-8293-4e6c8df85b55",""
"dr1411","iNaturalist Australia","9cf42f65-1e9d-486a-8217-008ef590b818 | 9ede5816-9657-4f78-aafc-603b39641852 | aa44c313-bff2-4fbe-a55f-dea1c9c5bc8e","2026-02-11T21:08:01Z","","CC-BY 4.0 (Int)","Thomas Mesaglio","","","https://www.inaturalist.org/observations/289443990","","","","iNaturalist","Observations","iNaturalist research-grade observations","","HUMAN_OBSERVATION","","","","https://www.inaturalist.org/observations/289443990","289443990","","Thomas Mesaglio","","","","","","","","","PRESENT","","","","","","","","","","","","","","","","","2025-06-14T09:47:00Z","09:47:00+10:00","165","165","2025","6","14","2025/06/14 9:47 AM","","","","","","","","","","","","","","Australia","AU","New South Wales","","","","Garrison Point Reserve and surrounds, Mirambeena Regional Park, Georges Hall, Sydney, New South Wales","","","","","","","","","","","-33.910267","150.974854","EPSG:4326","15.0","","","","","","","","","","","","","","","","","","","","","","","","","","","","","","","","648525477","","","Thomas Mesaglio","2025-06-14T05:07:56Z","","research","","183233","","","","","","https://id.biodiversity.org.au/node/apni/2913346","Aegiceras corniculatum","Aegiceras corniculatum","","","","","","","","Plantae","Charophyta","Equisetopsida","Ericales","Primulaceae","Aegiceras","","","","species","","(L.) Blanco","River Mangrove","","","","","","https://orcid.org/0000-0002-1096-6066","https://orcid.org/0000-0002-1096-6066","","Aegiceras corniculatum","","","","","","","","","","","","93694369-f256-4fec-b32b-d1f5f74ffb4a","","","","","","","","","","9cf42f65-1e9d-486a-8217-008ef590b818 | 9ede5816-9657-4f78-aafc-603b39641852 | aa44c313-bff2-4fbe-a55f-dea1c9c5bc8e",""
"dr1411","iNaturalist Australia","c51a5a4e-edd5-47ac-9781-191ee0d415cb","2026-03-11T07:26:04Z","","CC-BY-NC 4.0 (Int)","paulangel","","","https://www.inaturalist.org/observations/342359809","","","","iNaturalist","Observations","iNaturalist observations","","HUMAN_OBSERVATION","","","","https://www.inaturalist.org/observations/342359809","342359809","","paulangel","","","","","","","","","PRESENT","","","","","","","","","","","","","","","","","2025-07-29T11:36:32Z","11:36:32+10:00","210","210","2025","7","29","2025-07-29 11:36:32","","","","","","","","","","","","","","Australia","AU","New South Wales","","","","Henry Lawson Dr, Georges Hall, NSW, AU","","","","","","","","","","","-33.909465","150.980857","EPSG:4326","23.0","","","","","","","","","","","","","","","","","","","","","","","","","","","","","","","","","","","","","","needs_id","","323997","","","","","","https://id.biodiversity.org.au/node/apni/2910494","Melaleuca armillaris","Melaleuca armillaris","","","","","","","","Plantae","Charophyta","Equisetopsida","Myrtales","Myrtaceae","Melaleuca","","","","species","","(Sol. ex Gaertn.) Sm.","Giant Honey Myrtle","","","","","","","","","Melaleuca armillaris","","","","","","","","","","","","67485f30-02f8-4f76-b918-9cc6f60b9998","","","","","","","","","","c51a5a4e-edd5-47ac-9781-191ee0d415cb",""
"dr1411","iNaturalist Australia","237ebff3-1dd6-4315-8e6b-8d37dbbc000d","2025-08-19T12:30:05Z","","CC-BY 4.0 (Int)","Thomas Mesaglio","","","https://www.inaturalist.org/observations/43546227","","","","iNaturalist","Observations","iNaturalist observations","","HUMAN_OBSERVATION","","","","https://www.inaturalist.org/observations/43546227","43546227","","Thomas Mesaglio","","","","","","","","","PRESENT","","","","","","","","","","","","","","","","","2020-04-26T10:55:46Z","10:55:46+10:00","117","117","2020","4","26","Sun Apr 26 2020 10:55:46 GMT+1000 (GMT+10)","","","","","","","","","","","","","","Australia","AU","New South Wales","","","","Lake Gillawarna and surrounds, Mirambeena Regional Park, Georges Hall, Sydney, New South Wales","","","","","","","","","","","-33.907922","150.98047","EPSG:4326","10.0","","","","","","","","","","","","","","","","","","","","","","","","","","","","","","","","","","","","","","needs_id","","51815","","","","","","https://id.biodiversity.org.au/taxon/apni/51788529","Eucalyptus","Eucalyptus","","","","","","","","Plantae","Charophyta","Equisetopsida","Myrtales","Myrtaceae","Eucalyptus","","","","genus","","L'Hér.","Gum Trees","","","","","","https://orcid.org/0000-0002-1096-6066","","","","","","","","","","","","","","","fe221bcb-2615-4a94-96a1-3319a468a623","","","","","","","","","","237ebff3-1dd6-4315-8e6b-8d37dbbc000d",""
"dr1411","iNaturalist Australia","15257b6d-8869-4e60-957b-dbfdd46c29e9 | 4f9aceb8-be19-46f1-8a7e-e4226854a380 | 96ad47d0-1888-405a-8556-50f571dc84c1 | b8b18131-1364-40a4-8708-fe37ca3b52ec","2025-08-19T12:28:21Z","","CC-BY 4.0 (Int)","Thomas Mesaglio","","","https://www.inaturalist.org/observations/289443989","","","","iNaturalist","Observations","iNaturalist research-grade observations","","HUMAN_OBSERVATION","","","","https://www.inaturalist.org/observations/289443989","289443989","","Thomas Mesaglio","","","","","","","","","PRESENT","","","","","","","","","","","","","","","","","2025-06-14T09:46:00Z","09:46:00+10:00","165","165","2025","6","14","2025/06/14 9:46 AM","","","","","","","","","","","","","","Australia","AU","New South Wales","","","","Garrison Point Reserve and surrounds, Mirambeena Regional Park, Georges Hall, Sydney, New South Wales","","","","","","","","","","","-33.910267","150.974854","EPSG:4326","15.0","","","","","","","","","","","","","","","","","","","","","","","","","","","","","","","","648525476","","","Thomas Mesaglio","2025-06-14T05:07:56Z","","research","","75732","","","","","","https://id.biodiversity.org.au/node/apni/2910010","Bacopa monnieri","Bacopa monnieri","","","","","","","","Plantae","Charophyta","Equisetopsida","Lamiales","Plantaginaceae","Bacopa","","","","species","","(L.) Wettst.","Water Hyssop","","","","","","https://orcid.org/0000-0002-1096-6066","https://orcid.org/0000-0002-1096-6066","","Bacopa monnieri","","","","","","","","","","","","864086a8-fcfa-4efa-b5a3-a962a989dff9","","","","","","","","","","15257b6d-8869-4e60-957b-dbfdd46c29e9 | 4f9aceb8-be19-46f1-8a7e-e4226854a380 | 96ad47d0-1888-405a-8556-50f571dc84c1 | b8b18131-1364-40a4-8708-fe37ca3b52ec",""
"dr1411","iNaturalist Australia","00a1a9dd-6e0c-4370-944c-976bb298a416 | 357f544b-1fd0-43b1-ad8b-ed91e23e598d | 68ab6d3c-e691-4ebc-9da1-f8c714f16746","2025-06-13T07:28:37Z","","CC-BY-NC 4.0 (Int)","Robyn","","","https://www.inaturalist.org/observations/247596630","","","","iNaturalist","Observations","iNaturalist research-grade observations","","HUMAN_OBSERVATION","","","","https://www.inaturalist.org/observations/247596630","247596630","","Robyn","","","","","","","","","PRESENT","","","","","","","","","","","","","","","","","2024-10-16T08:05:08Z","08:05:08+11:00","290","290","2024","10","16","2024-10-16 08:05:08","","","","","","","","","","","","","","Australia","AU","New South Wales","","","","Bankstown Aerodrome NSW 2198, Australia","","","","","","","","","","","-33.909344","150.980669","EPSG:4326","","","","","","","","","","","","","","","","","","","","","","","","","","","","","","","","","553099686","","","Robyn","2024-10-16T09:14:29Z","","research","","210193","","","","","","https://id.biodiversity.org.au/taxon/apni/51772307","Goodenia hederacea","Goodenia hederacea","","","","","","","","Plantae","Charophyta","Equisetopsida","Asterales","Goodeniaceae","Goodenia","","","","species","","Sm.","Ivy Goodenia","","","","","","","","","Goodenia hederacea","","","","","","","","","","","","f84deb6a-24b8-4d6e-a1f6-4e2f528534ff","","","","","","","","","","00a1a9dd-6e0c-4370-944c-976bb298a416 | 357f544b-1fd0-43b1-ad8b-ed91e23e598d | 68ab6d3c-e691-4ebc-9da1-f8c714f16746",""
"dr1411","iNaturalist Australia","024fa81e-f7b7-44ca-bff2-4e2ef7fd9786 | 2213f209-efeb-4af2-afe1-1732602b6522 | 5db3e60f-181f-4eb0-b1e4-ad58bd22107f","2024-03-05T22:53:39Z","","CC-BY-NC 4.0 (Int)","maxark","","","https://www.inaturalist.org/observations/201414904","","","","iNaturalist","Observations","iNaturalist observations","","HUMAN_OBSERVATION","","","","https://www.inaturalist.org/observations/201414904","201414904","","maxark","","","","","","","","","PRESENT","","","","","","","","","","","","","","","","","2024-03-06T08:20:59Z","08:20:59+11:00","66","66","2024","3","6","2024-03-06 08:20:59","","","","","","","","","","","","","","Australia","AU","New South Wales","","","","Bankstown Aerodrome NSW 2198, Australia","","","","","","","","","","","-33.909268","150.980879","EPSG:4326","16.0","","","","","","","","","","","","","","","","","","","","","","","","","","","","","","","","","","","","","","needs_id","","417781","","","","","","https://id.biodiversity.org.au/node/apni/2895568","Stackhousia viminea","Stackhousia viminea","","","","","","","","Plantae","Charophyta","Equisetopsida","Celastrales","Celastraceae","Stackhousia","","","","species","","Sm.","Slender Stackhousia","","","","","","","","","Stackhousia viminea","","","","","","","","","","","","9ee7ac6e-8198-47bf-8aca-80cb79dc818d","","","","","","","","","","024fa81e-f7b7-44ca-bff2-4e2ef7fd9786 | 2213f209-efeb-4af2-afe1-1732602b6522 | 5db3e60f-181f-4eb0-b1e4-ad58bd22107f",""
"dr1411","iNaturalist Australia","322ba9da-ebb9-432d-b373-9cd35c4ecc9c","2025-08-19T12:28:19Z","","CC-BY 4.0 (Int)","Thomas Mesaglio","","","https://www.inaturalist.org/observations/43545018","","","","iNaturalist","Observations","iNaturalist observations","","HUMAN_OBSERVATION","","","","https://www.inaturalist.org/observations/43545018","43545018","","Thomas Mesaglio","","","","","","","","","PRESENT","","","","","","","","","","","","","","","","","2020-04-26T10:33:48Z","10:33:48+10:00","117","117","2020","4","26","Sun Apr 26 2020 10:33:48 GMT+1000 (GMT+10)","","","","","","","","","","","","","","Australia","AU","New South Wales","","","","Garrison Point Reserve and surrounds, Mirambeena Regional Park, Georges Hall, Sydney, New South Wales","","","","","","","","","","","-33.908158","150.974395","EPSG:4326","10.0","","","","","","","","","","","","","","","","","","","","","","","","","","","","","","","","","","","","","","needs_id","","51815","","","","","","https://id.biodiversity.org.au/taxon/apni/51788529","Eucalyptus","Eucalyptus","","","","","","","","Plantae","Charophyta","Equisetopsida","Myrtales","Myrtaceae","Eucalyptus","","","","genus","","L'Hér.","Gum Trees","","","","","","https://orcid.org/0000-0002-1096-6066","","","","","","","","","","","","","","","cb919956-2b57-41d3-b0fa-8adc2ae36796","","","","","","","","","","322ba9da-ebb9-432d-b373-9cd35c4ecc9c",""
"dr1411","iNaturalist Australia","50ab3afe-4764-45fa-bbb2-8f93e0b367a0 | c305e2ed-29b2-4566-a44b-6c4f4e8dd43a | ff584308-4b4a-4ad1-b293-0cef7a480323","2025-06-15T08:17:19Z","","CC-BY-NC 4.0 (Int)","julianeribeiro","","","https://www.inaturalist.org/observations/289413684","","","","iNaturalist","Observations","iNaturalist research-grade observations","","HUMAN_OBSERVATION","","","","https://www.inaturalist.org/observations/289413684","289413684","","julianeribeiro","","","","","","","","","PRESENT","","","","","","","","","","","","","","","","","2025-06-14T11:39:40Z","11:39:40+10:00","165","165","2025","6","14","2025-06-14 11:39:40","","","","","","","","","","","","","","Australia","AU","New South Wales","","","","Georges Hall NSW 2198, Australia","","","","","","","","","","","-33.909209","150.980555","EPSG:4326","9.0","","","","","","","","","","","","","","","","","","","","","","","","","","","","","","","","648605225","","","Tom Fletcher","2025-06-14T10:27:29Z","","research","Note the three awns","63993","","","","","","https://id.biodiversity.org.au/taxon/apni/51442520","Aristida","Aristida","","","","","","","","Plantae","Charophyta","Equisetopsida","Poales","Poaceae","Aristida","","","","genus","","L.","Wind-grass","","","","","","","","","","","","","","","","","","","","","d6b6f648-cb12-4cf3-a345-455773453371","","","","","","","","","","50ab3afe-4764-45fa-bbb2-8f93e0b367a0 | c305e2ed-29b2-4566-a44b-6c4f4e8dd43a | ff584308-4b4a-4ad1-b293-0cef7a480323",""
"dr1411","iNaturalist Australia","aac0a3f9-7845-4066-b733-b676ad9d1605 | bef4ff21-a6d3-44a8-91e8-5a60d2be0484","2025-06-14T05:22:55Z","","CC-BY-NC 4.0 (Int)","julianeribeiro","","","https://www.inaturalist.org/observations/289408505","","","","iNaturalist","Observations","iNaturalist research-grade observations","","HUMAN_OBSERVATION","","","","https://www.inaturalist.org/observations/289408505","289408505","","julianeribeiro","","","","","","","","","PRESENT","","","","","","","","","","","","","","","","","2025-06-14T11:06:27Z","11:06:27+10:00","165","165","2025","6","14","2025-06-14 11:06:27","","","","","","","","","","","","","","Australia","AU","New South Wales","","","","Georges Hall NSW 2198, Australia","","","","","","","","","","","-33.909567","150.980356","EPSG:4326","4.0","","","","","","","","","","","","","","","","","","","","","","","","","","","","","","","","648454173","","","julianeribeiro","2025-06-14T01:10:22Z","","research","","323803","","","","","","https://id.biodiversity.org.au/taxon/apni/51770723","Bossiaea prostrata","Bossiaea prostrata","","","","","","","","Plantae","Charophyta","Equisetopsida","Fabales","Fabaceae","Bossiaea","","","","species","","R.Br.","Creeping Bossiaea","","","","","","","","","Bossiaea prostrata","","","","","","","","","","","","2e6f9333-2fc8-43bd-bfde-666ce9db2d2c","","","","","","","","","","aac0a3f9-7845-4066-b733-b676ad9d1605 | bef4ff21-a6d3-44a8-91e8-5a60d2be0484",""
"dr1411","iNaturalist Australia","0082f9c8-d5d9-4d8a-8641-fa9e121dcbf7 | 60374bee-87f1-442c-a0f1-a2b39847d25d | 6aefb37f-43b1-4b7b-82e4-e984e59bd540 | 7cc8fce5-ae23-40dc-88e7-5e8b73d812d1 | 84e41dd6-7c82-4005-a3a3-ec8b54019535 | 895e5dba-3d98-40da-a474-264025755941 | 89b70462-2477-4583-bcb5-75d788b119d3 | 8aef1996-0b0c-4e86-9752-8bfcd5354b1f | a7843397-5132-4533-8d83-e790de393661 | b7f9c157-9839-47c3-87a1-b7cfd83f6c06","2024-03-03T05:05:52Z","","CC-BY-NC 4.0 (Int)","Nina","","","https://www.inaturalist.org/observations/201088237","","","","iNaturalist","Observations","iNaturalist research-grade observations","","HUMAN_OBSERVATION","","","","https://www.inaturalist.org/observations/201088237","201088237","","Nina","","","","","","","","","PRESENT","","","","","","","","","","","","","","","","","2024-02-29T14:57:25Z","14:57:25+11:00","60","60","2024","2","29","2024-02-29 14:57:25","","","","","","","","","","","","","","Australia","AU","New South Wales","","","","Bankstown Aerodrome NSW 2198, Australia","","","","","","","","","","","-33.909069","150.97987","EPSG:4326","249.0","","","","","","","","","","","","","","","","","","","","","","","","","","","","","","","","456385422","","","Nina","2024-03-03T04:26:41Z","","research","","160532","","","","","","https://id.biodiversity.org.au/node/apni/2893989","Chloris ventricosa","Chloris ventricosa","","","","","","","","Plantae","Charophyta","Equisetopsida","Poales","Poaceae","Chloris","","","","species","","R.Br.","Tall Windmill Grass","","","","","","","","","Chloris ventricosa","","","","","","","","","","","","9fbce6b8-d4f0-45f6-96fc-9ffd0a419275","","","","","","","","","","0082f9c8-d5d9-4d8a-8641-fa9e121dcbf7 | 60374bee-87f1-442c-a0f1-a2b39847d25d | 6aefb37f-43b1-4b7b-82e4-e984e59bd540 | 7cc8fce5-ae23-40dc-88e7-5e8b73d812d1 | 84e41dd6-7c82-4005-a3a3-ec8b54019535 | 895e5dba-3d98-40da-a474-264025755941 | 89b70462-2477-4583-bcb5-75d788b119d3 | 8aef1996-0b0c-4e86-9752-8bfcd5354b1f | a7843397-5132-4533-8d83-e790de393661 | b7f9c157-9839-47c3-87a1-b7cfd83f6c06",""
"dr1411","iNaturalist Australia","1fffa57b-b942-4da2-8e47-2b8c776d90d9","2025-08-19T12:28:51Z","","CC-BY 4.0 (Int)","Thomas Mesaglio","","","https://www.inaturalist.org/observations/43542897","","","","iNaturalist","Observations","iNaturalist research-grade observations","","HUMAN_OBSERVATION","","","","https://www.inaturalist.org/observations/43542897","43542897","","Thomas Mesaglio","","","","","","","","","PRESENT","","","","","","","","","","","","","","","","","2020-04-26T10:19:25Z","10:19:25+10:00","117","117","2020","4","26","Sun Apr 26 2020 10:19:25 GMT+1000 (GMT+10)","","","","","","","","","","","","","","Australia","AU","New South Wales","","","","Garrison Point Reserve and surrounds, Mirambeena Regional Park, Georges Hall, Sydney, New South Wales","","","","","","","","","","","-33.909612","150.976928","EPSG:4326","10.0","","","","","","","","","","","","","","","","","","","","","","","","","","","","","","","","98076360","","","laurelrf","2020-04-26T04:43:34Z","","research","","75457","","","","","","https://id.biodiversity.org.au/taxon/apni/51749236","Anredera cordifolia","Anredera cordifolia","","","","","","","","Plantae","Charophyta","Equisetopsida","Caryophyllales","Basellaceae","Anredera","","","","species","","(Ten.) Steenis","Madeira Vine","","","","","","https://orcid.org/0000-0002-1096-6066","","","Anredera cordifolia","","","","","","","","","","","","09d3f008-c1c4-4d06-a892-dbb6070cbbc0","","","","","","","","","","1fffa57b-b942-4da2-8e47-2b8c776d90d9",""
"dr1411","iNaturalist Australia","0e830ea7-8d82-4e63-8cf5-4d1bd3ee1c13 | 4d424325-d613-428b-872e-ac8352a49b6d | 993b2808-c0f2-4879-b5e8-57000fe60473 | b396c6d1-1e5e-49ba-a203-487cd44e7eb4","2025-05-04T23:52Z","","CC-BY-NC 4.0 (Int)","angiegreenthumb","","","https://www.inaturalist.org/observations/55351720","","","","iNaturalist","Observations","iNaturalist research-grade observations","","HUMAN_OBSERVATION","","","{""leaves"":""green leaves""}","https://www.inaturalist.org/observations/55351720","55351720","","angiegreenthumb","","","","","","flowers|flower buds","","","PRESENT","","","","","","","Only one individual sighted","","","","","","","","","","2020-08-04T12:38:51Z","12:38:51+10:00","217","217","2020","8","4","2020-08-04 12:38:51 PM GMT+10:00","","","","","","","","","","","","","","Australia","AU","New South Wales","","","","Georges Hall NSW 2198, Australia","","","","","","","","","","","-33.907248","150.974049","EPSG:4326","8.0","","","","","","","","","","","","","","","","","","","","","","","","","","","","","","","","626362190","","","Thomas Mesaglio","2025-05-04T11:36:07Z","","research","","486531","","","","","","https://id.biodiversity.org.au/node/apni/2893428","Schinus areira","Schinus molle var. areira","","","","","","","","Plantae","Charophyta","Equisetopsida","Sapindales","Anacardiaceae","Schinus","","","","variety","","(L.) DC.","Pepper Tree","","","","","","","https://orcid.org/0000-0002-1096-6066","","Schinus molle","","","","","","","","","","","","e1ce7c8a-e0a3-4962-a183-2891ba85cc95","","","","","","","","","","0e830ea7-8d82-4e63-8cf5-4d1bd3ee1c13 | 4d424325-d613-428b-872e-ac8352a49b6d | 993b2808-c0f2-4879-b5e8-57000fe60473 | b396c6d1-1e5e-49ba-a203-487cd44e7eb4",""
"dr1411","iNaturalist Australia","2be6f8ba-dd89-465f-9d85-e7b7e440c84a | 758178cd-1d4f-4416-915c-b5b60c4e5cf1 | a9f7e718-2589-42ba-9bfd-8f507a6afe73","2025-06-14T05:36:42Z","","CC-BY-NC 4.0 (Int)","julianeribeiro","","","https://www.inaturalist.org/observations/289407634","","","","iNaturalist","Observations","iNaturalist research-grade observations","","HUMAN_OBSERVATION","","","","https://www.inaturalist.org/observations/289407634","289407634","","julianeribeiro","","","","","","","","","PRESENT","","","","","","","","","","bfd2a42f-9cd9-4690-a022-48366ea25991","","","","","","","2025-06-14T11:04:45Z","11:04:45+10:00","165","165","2025","6","14","2025-06-14 11:04:45","","","","","","","","","","","","","","Australia","AU","New South Wales","","","","Georges Hall NSW 2198, Australia","","","","","","","","","","","-33.909565","150.980349","EPSG:4326","3.0","","","","","","","","","","","","","","","","","","","","","","","","","","","","","","","","648452451","","","julianeribeiro","2025-06-14T01:05:36Z","","research","","321191","","","","","","https://id.biodiversity.org.au/node/apni/2886624","Ozothamnus diosmifolius","Ozothamnus diosmifolius","","","","","","","","Plantae","Charophyta","Equisetopsida","Asterales","Asteraceae","Ozothamnus","","","","species","","(Vent.) DC.","White Dogwood","","","","","","","","","Ozothamnus diosmifolius","","","","","","","","","","","","45c44e59-a929-489a-80cf-cf629e83373e","","","","","","","","","","2be6f8ba-dd89-465f-9d85-e7b7e440c84a | 758178cd-1d4f-4416-915c-b5b60c4e5cf1 | a9f7e718-2589-42ba-9bfd-8f507a6afe73",""
"dr1411","iNaturalist Australia","d01cdda8-a0a7-45d6-8095-a6ced5cae084 | d632906d-c973-42c4-b7f4-b98fd10fc492","2025-08-19T12:28:54Z","","CC-BY 4.0 (Int)","Thomas Mesaglio","","","https://www.inaturalist.org/observations/81260957","","","","iNaturalist","Observations","iNaturalist research-grade observations","","HUMAN_OBSERVATION","","","","https://www.inaturalist.org/observations/81260957","81260957","","Thomas Mesaglio","","","","","","","","","PRESENT","","","","","","","","","","","","","","","","","2021-06-02T11:31:35Z","11:31:35+10:00","153","153","2021","6","2","Wed Jun 02 2021 11:31:35 GMT+1000 (GMT+10)","","","","","","","","","","","","","","Australia","AU","New South Wales","","","","Garrison Point Reserve and surrounds, Mirambeena Regional Park, Georges Hall, Sydney, New South Wales","","","","","","","","","","","-33.908478","150.978195","EPSG:4326","4.0","","","","","","","","","","","","","","","","","","","","","","","","","","","","","","","","179735668","","","Thomas Mesaglio","2021-06-02T02:54:08Z","","research","","169083","","","","","","https://id.biodiversity.org.au/node/apni/2894563","Solanum seaforthianum","Solanum seaforthianum","","","","","","","","Plantae","Charophyta","Equisetopsida","Solanales","Solanaceae","Solanum","","","","species","","Andrews","Brazilian Nightshade","","","","","","https://orcid.org/0000-0002-1096-6066","https://orcid.org/0000-0002-1096-6066","","Solanum seaforthianum","","","","","","","","","","","","56b0bdca-54fc-41be-bd06-a5b73b9712bc","","","","","","","","","","d01cdda8-a0a7-45d6-8095-a6ced5cae084 | d632906d-c973-42c4-b7f4-b98fd10fc492",""
"dr1411","iNaturalist Australia","828c17b2-44a6-4b08-936c-2ebe316d9893 | dcf93103-07df-43e2-98cd-fe3eb60f1d8c | ee436875-c988-461a-95e2-e39156bf880c","2025-07-07T04:11:34Z","","CC-BY-NC 4.0 (Int)","Robyn","","","https://www.inaturalist.org/observations/247542791","","","","iNaturalist","Observations","iNaturalist observations","","HUMAN_OBSERVATION","","","{""leaves"":""green leaves""}","https://www.inaturalist.org/observations/247542791","247542791","","Robyn","","","","","","flowers|flower buds","","","PRESENT","","","","","","","Growing close to track possibly planted 2-3m tall","","","","","","","","","","2024-10-16T07:38:56Z","07:38:56+11:00","290","290","2024","10","16","2024-10-16 07:38:56","","","","","","","","","","","","","","Australia","AU","New South Wales","","","","Bankstown Aerodrome NSW 2198, Australia","","","","","","","","","","","-33.909371","150.980482","EPSG:4326","","","","","","","","","","","","","","","","","","","","","","","","","","","","","","","","","","","","","","","needs_id","","72232","","","","","","https://id.biodiversity.org.au/taxon/apni/51781642","Melaleuca","Melaleuca","","","","","","","","Plantae","Charophyta","Equisetopsida","Myrtales","Myrtaceae","Melaleuca","","","","genus","","L.","Tea-tree","","","","","","","","","","","","","","","","","","","","","0de8a01d-22b3-41b2-8069-09e88a7b957e","","","","","","","","","","828c17b2-44a6-4b08-936c-2ebe316d9893 | dcf93103-07df-43e2-98cd-fe3eb60f1d8c | ee436875-c988-461a-95e2-e39156bf880c",""
"dr1411","iNaturalist Australia","1fd561bd-3edd-4235-84f5-f08a17e5c275 | eddd6243-3bbd-4adc-9ec6-f46839e1b43e","2025-06-14T04:51:04Z","","CC-BY-NC 4.0 (Int)","Greg Potter","","","https://www.inaturalist.org/observations/289406395","","","","iNaturalist","Observations","iNaturalist research-grade observations","","HUMAN_OBSERVATION","","","","https://www.inaturalist.org/observations/289406395","289406395","","Greg Potter","","","","","","","","","PRESENT","","","","","","","","","","","","","","","","","2025-06-14T10:50:57Z","10:50:57+10:00","165","165","2025","6","14","2025-06-14 10:50:57","","","","","","","","","","","","","","Australia","AU","New South Wales","","","","Georges Hall NSW 2198, Australia","","","","","","","","","","","-33.909842","150.97934","EPSG:4326","","","","","","","","","","","","","","","","","","","","","","","","","","","","","","","","","648450082","","","Greg Potter","2025-06-14T00:57:14Z","","research","","78631","","","","","","https://id.biodiversity.org.au/node/apni/2918344","Plumbago auriculata","Plumbago auriculata","","","","","","","","Plantae","Charophyta","Equisetopsida","Caryophyllales","Plumbaginaceae","Plumbago","","","","species","","Lam.","Cape Leadwot","","","","","","","","","Plumbago auriculata","","","","","","","","","","","","abba25e2-c58f-4230-af66-64596763a6f7","","","","","","","","","","1fd561bd-3edd-4235-84f5-f08a17e5c275 | eddd6243-3bbd-4adc-9ec6-f46839e1b43e",""
"dr1411","iNaturalist Australia","1c27396a-8594-4fb0-b21f-51a2d7a5166a | e390a3fa-8aca-4870-8150-282f6281227e | fa39fae0-0337-45f0-9bdb-e686186b2c84","2025-08-19T12:28:55Z","","CC-BY 4.0 (Int)","Thomas Mesaglio","","","https://www.inaturalist.org/observations/289446006","","","","iNaturalist","Observations","iNaturalist research-grade observations","","HUMAN_OBSERVATION","","","","https://www.inaturalist.org/observations/289446006","289446006","","Thomas Mesaglio","","","","","","","","","PRESENT","","","","","","","","","","","","","","","","","2025-06-14T12:17:00Z","12:17:00+10:00","165","165","2025","6","14","2025/06/14 12:17 PM","","","","","","","","","","","","","","Australia","AU","New South Wales","","","","Garrison Point Reserve and surrounds, Mirambeena Regional Park, Georges Hall, Sydney, New South Wales","","","","","","","","","","","-33.908611","150.98056","EPSG:4326","15.0","","","","","","","","","","","","","","","","","","","","","","","","","","","","","","","","648530410","","","Thomas Mesaglio","2025-06-14T05:26:49Z","","research","","61839","","","","","","https://id.biodiversity.org.au/node/apni/2887736","Oxalis latifolia","Oxalis latifolia","","","","","","","","Plantae","Charophyta","Equisetopsida","Oxalidales","Oxalidaceae","Oxalis","","","","species","","Kunth","Fishtail Oxalis","","","","","","https://orcid.org/0000-0002-1096-6066","https://orcid.org/0000-0002-1096-6066","","Oxalis latifolia","","","","","","","","","","","","fe3f0bca-9f7a-4674-910d-56b94079f393","","","","","","","","","","1c27396a-8594-4fb0-b21f-51a2d7a5166a | e390a3fa-8aca-4870-8150-282f6281227e | fa39fae0-0337-45f0-9bdb-e686186b2c84",""
"dr1411","iNaturalist Australia","2532bd87-e482-43e7-9742-3a931280668a | 46c9d52e-f7be-41cf-b497-88a354cb88de | 5307bbcd-ab55-48ae-8fb7-2f99e1c3594a | 62511b3c-47bb-42c4-8ea8-81af10d983ce | 6ed9c9fb-dfe5-4566-91e8-387acebdf716 | 797889b7-7e10-4278-8eb3-d2ae39361221 | 8250d6f4-f6b7-40db-90b1-ce383c3857fe | 85c0ed96-98e5-4dc2-873b-aa2fe6d3952c | 942e4599-636b-401d-9cfe-f5ccaf28ecec | beb5bbc9-bb61-430b-adad-34ed8ce37e43 | c54ec482-500a-4d44-9a1d-cf994680d632","2025-08-19T12:28:55Z","","CC-BY 4.0 (Int)","Thomas Mesaglio","","","https://www.inaturalist.org/observations/289445057","","","","iNaturalist","Observations","iNaturalist research-grade observations","","HUMAN_OBSERVATION","","","","https://www.inaturalist.org/observations/289445057","289445057","","Thomas Mesaglio","","","","","","fruits or seeds","","","PRESENT","","","","","","","","","","5a329837-edb4-49ce-b748-366c3a91c583","","","","","","","2025-06-14T10:55:00Z","10:55:00+10:00","165","165","2025","6","14","2025/06/14 10:55 AM","","","","","","","","","","","","","","Australia","AU","New South Wales","","","","Garrison Point Reserve and surrounds, Mirambeena Regional Park, Georges Hall, Sydney, New South Wales","","","","","","","","","","","-33.909775","150.980316","EPSG:4326","15.0","","","","","","","","","","","","","","","","","","","","","","","","","","","","","","","","648528087","","","Thomas Mesaglio","2025-06-14T05:18:04Z","","research","","417776","","","","","","https://id.biodiversity.org.au/node/apni/2912267","Opercularia diphylla","Opercularia diphylla","","","","","","","","Plantae","Charophyta","Equisetopsida","Gentianales","Rubiaceae","Opercularia","","","","species","","Gaertn.","Stinkweed","","","","","","https://orcid.org/0000-0002-1096-6066","https://orcid.org/0000-0002-1096-6066","","Opercularia diphylla","","","","","","","","","","","","316906a1-3bf8-4c36-903f-efcda6e7e4df","","","","","","","","","","2532bd87-e482-43e7-9742-3a931280668a | 46c9d52e-f7be-41cf-b497-88a354cb88de | 5307bbcd-ab55-48ae-8fb7-2f99e1c3594a | 62511b3c-47bb-42c4-8ea8-81af10d983ce | 6ed9c9fb-dfe5-4566-91e8-387acebdf716 | 797889b7-7e10-4278-8eb3-d2ae39361221 | 8250d6f4-f6b7-40db-90b1-ce383c3857fe | 85c0ed96-98e5-4dc2-873b-aa2fe6d3952c | 942e4599-636b-401d-9cfe-f5ccaf28ecec | beb5bbc9-bb61-430b-adad-34ed8ce37e43 | c54ec482-500a-4d44-9a1d-cf994680d632",""
"dr1411","iNaturalist Australia","c2ffaae0-e174-4f81-b9a9-b052660e99bc | d3517b46-52db-4d41-99d4-d48fe9b6959e","2025-08-19T12:28:53Z","","CC-BY 4.0 (Int)","Thomas Mesaglio","","","https://www.inaturalist.org/observations/43542590","","","","iNaturalist","Observations","iNaturalist research-grade observations","","HUMAN_OBSERVATION","","","","https://www.inaturalist.org/observations/43542590","43542590","","Thomas Mesaglio","","","","","","","","","PRESENT","","","","","","","","","","","","","","","","","2020-04-26T10:18:25Z","10:18:25+10:00","117","117","2020","4","26","Sun Apr 26 2020 10:18:25 GMT+1000 (GMT+10)","","","","","","","","","","","","","","Australia","AU","New South Wales","","","","Garrison Point Reserve and surrounds, Mirambeena Regional Park, Georges Hall, Sydney, New South Wales","","","","","","","","","","","-33.909442","150.976883","EPSG:4326","10.0","","","","","","","","","","","","","","","","","","","","","","","","","","","","","","","","98106018","","","Thomas Mesaglio","2020-04-26T07:12:42Z","","research","","53720","","","","","","https://id.biodiversity.org.au/node/apni/2894326","Melia azedarach","Melia azedarach","","","","","","","","Plantae","Charophyta","Equisetopsida","Sapindales","Meliaceae","Melia","","","","species","","L.","White Cedar","","","","","","https://orcid.org/0000-0002-1096-6066","https://orcid.org/0000-0002-1096-6066","","Melia azedarach","","","","","","","","","","","","5f5076ec-ca99-4cef-ba62-e39d93581b1a","","","","","","","","","","c2ffaae0-e174-4f81-b9a9-b052660e99bc | d3517b46-52db-4d41-99d4-d48fe9b6959e",""
"dr1411","iNaturalist Australia","0e790aff-3b38-424c-a76d-f9bb51028395 | 33aa57a3-74ec-46e9-a141-a9e09c0bc057 | c17d8a85-4445-48b8-b865-58c46cf29ace | d455cf2f-00fe-40b1-aae5-9576f8830938","2025-08-19T12:28:56Z","","CC-BY 4.0 (Int)","Thomas Mesaglio","","","https://www.inaturalist.org/observations/289445994","","","","iNaturalist","Observations","iNaturalist research-grade observations","","HUMAN_OBSERVATION","","","","https://www.inaturalist.org/observations/289445994","289445994","","Thomas Mesaglio","","","","","","","","","PRESENT","","","","","","","","","","","","","","","","","2025-06-14T11:33:00Z","11:33:00+10:00","165","165","2025","6","14","2025/06/14 11:33 AM","","","","","","","","","","","","","","Australia","AU","New South Wales","","","","Garrison Point Reserve and surrounds, Mirambeena Regional Park, Georges Hall, Sydney, New South Wales","","","","","","","","","","","-33.909573","150.980484","EPSG:4326","15.0","","","","","","","","","","","","","","","","","","","","","","","","","","","","","","","","648530391","","","Thomas Mesaglio","2025-06-14T05:26:46Z","","research","","204261","","","","","","https://id.biodiversity.org.au/node/apni/2912645","Calotis cuneifolia","Calotis cuneifolia","","","","","","","","Plantae","Charophyta","Equisetopsida","Asterales","Asteraceae","Calotis","","","","species","","R.Br.","Purple Burr-daisy","","","","","","https://orcid.org/0000-0002-1096-6066","https://orcid.org/0000-0002-1096-6066","","Calotis cuneifolia","","","","","","","","","","","","2d7d63d7-8b3c-481d-b356-4d364bb59835","","","","","","","","","","0e790aff-3b38-424c-a76d-f9bb51028395 | 33aa57a3-74ec-46e9-a141-a9e09c0bc057 | c17d8a85-4445-48b8-b865-58c46cf29ace | d455cf2f-00fe-40b1-aae5-9576f8830938",""
"dr1411","iNaturalist Australia","44994976-d754-4aee-b6fe-54f78370e4dc","2026-02-08T11:09:16Z","","CC-BY 4.0 (Int)","Thomas Mesaglio","","","https://www.inaturalist.org/observations/43546115","","","","iNaturalist","Observations","iNaturalist research-grade observations","","HUMAN_OBSERVATION","","","","https://www.inaturalist.org/observations/43546115","43546115","","Thomas Mesaglio","","","","","","","","","PRESENT","","","","","","","","","","","","","","","","","2020-04-26T10:52:39Z","10:52:39+10:00","117","117","2020","4","26","Sun Apr 26 2020 10:52:39 GMT+1000 (GMT+10)","","","","","","","","","","","","","","Australia","AU","New South Wales","","","","Lake Gillawarna and surrounds, Mirambeena Regional Park, Georges Hall, Sydney, New South Wales","","","","","","","","","","","-33.907513","150.980255","EPSG:4326","10.0","","","","","","","","","","","","","","","","","","","","","","","","","","","","","","","","98079952","","","Thomas Mesaglio","2020-04-26T04:57:05Z","","research","","78233","","","","","","https://id.biodiversity.org.au/name/apni/96821","Nothoscordum gracile","Nothoscordum gracile","","","","","","","","Plantae","Charophyta","Equisetopsida","Asparagales","Alliaceae","Nothoscordum","","","","species","","(Aiton) Stearn","Onion Weed","","","","","","https://orcid.org/0000-0002-1096-6066","https://orcid.org/0000-0002-1096-6066","","Nothoscordum gracile","","","","","","","","","","","","630d5865-6c5c-47b2-a243-36bf84300de2","","","","","","","","","","44994976-d754-4aee-b6fe-54f78370e4dc",""
"dr1411","iNaturalist Australia","52e81687-2045-45e0-a7e5-74664490ec97","2024-04-07T03:54:49Z","","CC-BY-NC 4.0 (Int)","maxark","","","https://www.inaturalist.org/observations/201414920","","","","iNaturalist","Observations","iNaturalist research-grade observations","","HUMAN_OBSERVATION","","","","https://www.inaturalist.org/observations/201414920","201414920","","maxark","","","","","","","","","PRESENT","","","","","","","","","","","","","","","","","2024-03-06T08:54:31Z","08:54:31+11:00","66","66","2024","3","6","2024-03-06 08:54:31","","","","","","","","","","","","","","Australia","AU","New South Wales","","","","Bankstown Aerodrome NSW 2198, Australia","","","","","","","","","","","-33.909489","150.980583","EPSG:4326","6.0","","","","","","","","","","","","","","","","","","","","","","","","","","","","","","","","457209702","","","maxark","2024-03-05T22:45:16Z","","research","","204261","","","","","","https://id.biodiversity.org.au/node/apni/2912645","Calotis cuneifolia","Calotis cuneifolia","","","","","","","","Plantae","Charophyta","Equisetopsida","Asterales","Asteraceae","Calotis","","","","species","","R.Br.","Purple Burr-daisy","","","","","","","","","Calotis cuneifolia","","","","","","","","","","","","624faaaa-4051-407d-b3dd-24d02d1e4da0","","","","","","","","","","52e81687-2045-45e0-a7e5-74664490ec97",""
"dr1411","iNaturalist Australia","00d2676f-1274-46b7-83ec-521ccadc2f5f | fa486af7-d358-409c-8814-0f80f5c4f5a6","2025-08-19T12:30:09Z","","CC-BY 4.0 (Int)","Thomas Mesaglio","","","https://www.inaturalist.org/observations/43524249","","","","iNaturalist","Observations","iNaturalist observations","","HUMAN_OBSERVATION","","","","https://www.inaturalist.org/observations/43524249","43524249","","Thomas Mesaglio","","","","","","","","","PRESENT","","","","","","","","","","","","","","","","","2020-04-26T09:48:40Z","09:48:40+10:00","117","117","2020","4","26","Sun Apr 26 2020 09:48:40 GMT+1000 (GMT+10)","","","","","","","","","","","","","","Australia","AU","New South Wales","","","","Lake Gillawarna and surrounds, Mirambeena Regional Park, Georges Hall, Sydney, New South Wales","","","","","","","","","","","-33.906772","150.981567","EPSG:4326","10.0","","","","","","","","","","","","","","","","","","","","","","","","","","","","","","","","","","","","","","needs_id","","157871","","","","","","https://id.biodiversity.org.au/taxon/apni/51770573","Acacia parramattensis","Acacia parramattensis","","","","","","","","Plantae","Charophyta","Equisetopsida","Fabales","Fabaceae","Acacia","","","","species","","Tindale","Parramatta Wattle","","","","","","https://orcid.org/0000-0002-1096-6066","","","Acacia parramattensis","","","","","","","","","","","","ea4cfb3c-59c2-48b3-84e7-d3e09ced80aa","","","","","","","","","","00d2676f-1274-46b7-83ec-521ccadc2f5f | fa486af7-d358-409c-8814-0f80f5c4f5a6",""
"dr1411","iNaturalist Australia","11021953-0e0d-4111-8ca0-4649e0bcfe41","2025-06-15T06:22:32Z","","CC-BY-NC 4.0 (Int)","Greg Potter","","","https://www.inaturalist.org/observations/289423917","","","","iNaturalist","Observations","iNaturalist research-grade observations","","HUMAN_OBSERVATION","","","","https://www.inaturalist.org/observations/289423917","289423917","","Greg Potter","","","","","","no flowers or fruits","","","PRESENT","","","","","","","","","","","","","","","","","2025-06-14T12:39:59Z","12:39:59+10:00","165","165","2025","6","14","2025-06-14 12:39:59","","","","","","","","","","","","","","Australia","AU","New South Wales","","","","Georges Hall NSW 2198, Australia","","","","","","","","","","","-33.909775","150.978387","EPSG:4326","4.0","","","","","","","","","","","","","","","","","","","","","","","","","","","","","","","","648483326","","","Greg Potter","2025-06-14T02:41:23Z","","research","","487096","","","","","","https://id.biodiversity.org.au/node/apni/2891810","Senecio pterophorus","Senecio pterophorus","","","","","","","","Plantae","Charophyta","Equisetopsida","Asterales","Asteraceae","Senecio","","","","species","","DC.","African Daisy","","","","","","","","","Senecio pterophorus","","","","","","","","","","","","7e603e37-6796-446f-a513-e6414e21f71f","","","","","","","","","","11021953-0e0d-4111-8ca0-4649e0bcfe41",""
"dr1411","iNaturalist Australia","5ff8697b-cba2-4b0c-ba3e-8760140089da","2025-08-19T12:28:53Z","","CC-BY 4.0 (Int)","Thomas Mesaglio","","","https://www.inaturalist.org/observations/43542657","","","","iNaturalist","Observations","iNaturalist research-grade observations","","HUMAN_OBSERVATION","","","","https://www.inaturalist.org/observations/43542657","43542657","","Thomas Mesaglio","","","","","","","","","PRESENT","","","","","","","","","","69eae291-9cb4-4b50-834b-3030b1aa5e32","","","","","","","2020-04-26T10:18:36Z","10:18:36+10:00","117","117","2020","4","26","Sun Apr 26 2020 10:18:36 GMT+1000 (GMT+10)","","","","","","","","","","","","","","Australia","AU","New South Wales","","","","Garrison Point Reserve and surrounds, Mirambeena Regional Park, Georges Hall, Sydney, New South Wales","","","","","","","","","","","-33.909438","150.976853","EPSG:4326","10.0","","","","","","","","","","","","","","","","","","","","","","","","","","","","","","","","98076780","","","laurelrf","2020-04-26T04:45:06Z","","research","","169083","","","","","","https://id.biodiversity.org.au/node/apni/2894563","Solanum seaforthianum","Solanum seaforthianum","","","","","","","","Plantae","Charophyta","Equisetopsida","Solanales","Solanaceae","Solanum","","","","species","","Andrews","Brazilian Nightshade","","","","","","https://orcid.org/0000-0002-1096-6066","","","Solanum seaforthianum","","","","","","","","","","","","009d83a1-a05d-462f-b416-b795f75eb22a","","","","","","","","","","5ff8697b-cba2-4b0c-ba3e-8760140089da",""
"dr1411","iNaturalist Australia","8b929ee7-b731-4856-a524-e71d7cb758cf | a3d88375-b6b7-44ec-9f32-e60152ec2938 | f124e23a-dc32-4bed-b9ed-4f7f7bd3212e","2025-10-13T19:22:26Z","","CC-BY-NC 4.0 (Int)","Claire","","","https://www.inaturalist.org/observations/320559002","","","","iNaturalist","Observations","iNaturalist research-grade observations","","HUMAN_OBSERVATION","","","","https://www.inaturalist.org/observations/320559002","320559002","","Claire","","","","","","flowers|flower buds","","","PRESENT","","","","","","","","","","","","","","","","","2025-10-10T14:30:16Z","14:30:16+11:00","283","283","2025","10","10","2025-10-10 14:30:16","","","","","","","","","","","","","","Australia","AU","New South Wales","","","","Georges Hall NSW 2198, Australia","","","","","","","","","","","-33.90976","150.980163","EPSG:4326","17.0","","","","","","","","","","","","","","","","","","","","","","","","","","","","","","","","711536590","","","atwebb","2025-10-13T03:06:59Z","","research","","1127797","","","","","","https://id.biodiversity.org.au/node/apni/2912497","Caesia parviflora vittata","Caesia parviflora var. vittata","","","","","","","","Plantae","Charophyta","Equisetopsida","Asparagales","Hemerocallidaceae","Caesia","","","","variety","","(R.Br.) R.J.F.Hend.","Pale Grass-lily","","","","","","","","","Caesia parviflora","","","","","","","","","","","","8a888e1a-f1cf-4d13-90ae-0b40c5c998ea","","","","","","","","","","8b929ee7-b731-4856-a524-e71d7cb758cf | a3d88375-b6b7-44ec-9f32-e60152ec2938 | f124e23a-dc32-4bed-b9ed-4f7f7bd3212e",""
"dr1411","iNaturalist Australia","9b84ec96-ec5c-45ec-9366-e3e6d86f76ba | e3955f1a-8ea4-4278-91e7-6449da3ad980 | e8a58d6e-2984-4852-b10f-60d5ec620599","2025-08-19T12:28:59Z","","CC-BY 4.0 (Int)","Thomas Mesaglio","","","https://www.inaturalist.org/observations/289445036","","","","iNaturalist","Observations","iNaturalist research-grade observations","","HUMAN_OBSERVATION","","","","https://www.inaturalist.org/observations/289445036","289445036","","Thomas Mesaglio","","","","","","","","","PRESENT","","","","","","","","","","","","","","","","","2025-06-14T10:47:00Z","10:47:00+10:00","165","165","2025","6","14","2025/06/14 10:47 AM","","","","","","","","","","","","","","Australia","AU","New South Wales","","","","Garrison Point Reserve and surrounds, Mirambeena Regional Park, Georges Hall, Sydney, New South Wales","","","","","","","","","","","-33.909813","150.979538","EPSG:4326","15.0","","","","","","","","","","","","","","","","","","","","","","","","","","","","","","","","648528052","","","Thomas Mesaglio","2025-06-14T05:17:59Z","","research","","76949","","","","","","https://id.biodiversity.org.au/taxon/apni/51446402","Eriobotrya japonica","Eriobotrya japonica","","","","","","","","Plantae","Charophyta","Equisetopsida","Rosales","Rosaceae","Eriobotrya","","","","species","","(Thunb.) Lindl.","Loquat","","","","","","https://orcid.org/0000-0002-1096-6066","https://orcid.org/0000-0002-1096-6066","","Eriobotrya japonica","","","","","","","","","","","","b875acaa-9da5-4472-9178-4bd467e739b6","","","","","","","","","","9b84ec96-ec5c-45ec-9366-e3e6d86f76ba | e3955f1a-8ea4-4278-91e7-6449da3ad980 | e8a58d6e-2984-4852-b10f-60d5ec620599",""
"dr1411","iNaturalist Australia","f66c4c43-1995-4c33-84bd-dd8b9b915dea","2025-08-19T12:28:22Z","","CC-BY 4.0 (Int)","Thomas Mesaglio","","","https://www.inaturalist.org/observations/289443992","","","","iNaturalist","Observations","iNaturalist research-grade observations","","HUMAN_OBSERVATION","","","","https://www.inaturalist.org/observations/289443992","289443992","","Thomas Mesaglio","","","","","","","","","PRESENT","","","","","","","","","","","","","","","","","2025-06-14T09:48:00Z","09:48:00+10:00","165","165","2025","6","14","2025/06/14 9:48 AM","","","","","","","","","","","","","","Australia","AU","New South Wales","","","","Garrison Point Reserve and surrounds, Mirambeena Regional Park, Georges Hall, Sydney, New South Wales","","","","","","","","","","","-33.910267","150.974854","EPSG:4326","15.0","","","","","","","","","","","","","","","","","","","","","","","","","","","","","","","","648525480","","","Thomas Mesaglio","2025-06-14T05:07:57Z","","research","","75603","","","","","","https://id.biodiversity.org.au/taxon/apni/51737689","Asparagus aethiopicus","Asparagus aethiopicus","","","","","","","","Plantae","Charophyta","Equisetopsida","Asparagales","Asparagaceae","Asparagus","","","","species","","L.","Asparagus Fern","","","","","","https://orcid.org/0000-0002-1096-6066","https://orcid.org/0000-0002-1096-6066","","Asparagus aethiopicus","","","","","","","","","","","","acec6e87-a776-436a-a849-d51ff38bb385","","","","","","","","","","f66c4c43-1995-4c33-84bd-dd8b9b915dea",""
"dr1411","iNaturalist Australia","16257aba-8940-457d-8525-e7dcf1dfd25f | 17f4c6b2-df2d-4a18-91d0-6c12a01c296d | 2a2d0663-1588-40c2-9be0-5c16d7edf5f0 | 2cb42d38-43a7-4e67-91fd-2174bab87395 | 655aaacb-f54e-4d54-b4d7-44aff09ef4dc | bb3f952f-0c2b-4496-a4f5-4f0939e9de78 | bdd10277-5e01-4372-a30e-3c372d98f664 | cf19b1ab-7492-49d5-a38a-891971ff2afe | eca75c76-a078-4d04-a187-2bc5ce808f2a","2025-08-19T12:28:57Z","","CC-BY 4.0 (Int)","Thomas Mesaglio","","","https://www.inaturalist.org/observations/289446007","","","","iNaturalist","Observations","iNaturalist observations","","HUMAN_OBSERVATION","","","","https://www.inaturalist.org/observations/289446007","289446007","","Thomas Mesaglio","","","","","","","","","PRESENT","","","","","","","","","","e25b5eaf-c7ce-4e3f-b5af-420ce38c0906","","","","","","","2025-06-14T12:23:00Z","12:23:00+10:00","165","165","2025","6","14","2025/06/14 12:23 PM","","","","","","","","","","","","","","Australia","AU","New South Wales","","","","Garrison Point Reserve and surrounds, Mirambeena Regional Park, Georges Hall, Sydney, New South Wales","","","","","","","","","","","-33.908611","150.98056","EPSG:4326","15.0","","","","","","","","","","","","","","","","","","","","","","","","","","","","","","","","","","","","","","needs_id","","83377","","","","","","https://id.biodiversity.org.au/taxon/apni/51770526","Acacia fimbriata","Acacia fimbriata","","","","","","","","Plantae","Charophyta","Equisetopsida","Fabales","Fabaceae","Acacia","","","","species","","A.Cunn. ex G.Don","Fringed Wattle","","","","","","https://orcid.org/0000-0002-1096-6066","","","Acacia fimbriata","","","","","","","","","","","","8d06cd9b-b1ca-41ec-b426-4b7825df20a4","","","","","","","","","","16257aba-8940-457d-8525-e7dcf1dfd25f | 17f4c6b2-df2d-4a18-91d0-6c12a01c296d | 2a2d0663-1588-40c2-9be0-5c16d7edf5f0 | 2cb42d38-43a7-4e67-91fd-2174bab87395 | 655aaacb-f54e-4d54-b4d7-44aff09ef4dc | bb3f952f-0c2b-4496-a4f5-4f0939e9de78 | bdd10277-5e01-4372-a30e-3c372d98f664 | cf19b1ab-7492-49d5-a38a-891971ff2afe | eca75c76-a078-4d04-a187-2bc5ce808f2a",""
"dr1411","iNaturalist Australia","0dbefd25-6ac1-43ad-b2b1-58ac648c7de5 | ebc672de-9d89-4587-a458-0fe7ec95a5d0","2025-04-05T21:39:09Z","","CC-BY-NC 4.0 (Int)","Robyn","","","https://www.inaturalist.org/observations/247596667","","","","iNaturalist","Observations","iNaturalist research-grade observations","","HUMAN_OBSERVATION","","","","https://www.inaturalist.org/observations/247596667","247596667","","Robyn","","","","","","fruits or seeds","","","PRESENT","","","","","","","","","","","","","","","","","2024-10-16T07:47:36Z","07:47:36+11:00","290","290","2024","10","16","2024-10-16 07:47:36","","","","","","","","","","","","","","Australia","AU","New South Wales","","","","Bankstown Aerodrome NSW 2198, Australia","","","","","","","","","","","-33.909481","150.980441","EPSG:4326","","","","","","","","","","","","","","","","","","","","","","","","","","","","","","","","","553099856","","","Robyn","2024-10-16T09:15:17Z","","research","","323818","","","","","","https://id.biodiversity.org.au/taxon/apni/51770334","Daviesia ulicifolia","Daviesia ulicifolia","","","","","","","","Plantae","Charophyta","Equisetopsida","Fabales","Fabaceae","Daviesia","","","","species","","Andrews","Gorse Bitter-pea","","","","","","","","","Daviesia ulicifolia","","","","","","","","","","","","a05bce23-c423-4154-b67d-dd69940b357d","","","","","","","","","","0dbefd25-6ac1-43ad-b2b1-58ac648c7de5 | ebc672de-9d89-4587-a458-0fe7ec95a5d0",""
"dr1411","iNaturalist Australia","02ba6fb8-0b6f-4eab-a3c7-343fae7d3ba2 | 0e06c501-1493-4b96-ad29-bb167d226dca | 3954bfc5-800c-413e-be3b-9e22671f19af | 41525845-306d-40be-9618-117cfc071f97 | 4f8518cd-7e41-4f09-8157-c0e64c30bbee | 6577c9b7-0959-4839-b000-42f767645788 | 8c86479a-c240-4df1-bc92-7214db42fd89 | abdd2d8c-3e7f-45ed-8a8f-edbeea40690d | aca875ad-d2f7-4293-ab37-8345fbb1b66f | b1899fa4-072a-485c-8cab-555f79c88d6d | cdd4d202-fc30-4425-81bf-7e654f8dec10 | dcd330e8-4308-4f28-8641-5316525b10f2 | e4ec1a0b-8896-496a-aee8-5ef07176c432 | e6f3d8d3-8bf0-4d60-8632-9a4bef4cb9bf | ea46779e-f2e9-4dbe-9698-fdd797f981bf | f795fbd6-84ff-4bce-9ba7-539fb90c29cd","2026-03-17T23:07:03Z","","CC-BY-NC 4.0 (Int)","petervanerk","","","https://www.inaturalist.org/observations/343387509","","","","iNaturalist","Observations","iNaturalist research-grade observations","","HUMAN_OBSERVATION","","","","https://www.inaturalist.org/observations/343387509","343387509","","petervanerk","","","","","","","","","PRESENT","","","","","","","","","","","","","","","","","2026-03-17T08:07:17Z","08:07:17+11:00","76","76","2026","3","17","2026-03-17 08:07:17","","","","","","","","","","","","","","Australia","AU","New South Wales","","","","Ashcroft St before Beale St, Georges Hall NSW 2198, Australia","","","","","","","","","","","-33.909733","150.978897","EPSG:4326","","","","","","","","","","","","","","","","","","","","","","","","","","","","","","","","","774948277","","","petervanerk","2026-03-16T22:57:42Z","","research","","400329","","","","","","https://id.biodiversity.org.au/node/apni/2916134","Calotis lappulacea","Calotis lappulacea","","","","","","","","Plantae","Charophyta","Equisetopsida","Asterales","Asteraceae","Calotis","","","","species","","Benth.","Yellow Burr-daisy","","","","","","","","","Calotis lappulacea","","","","","","","","","","","","cf8baba7-675c-47ce-b87a-dea246ffc011","","","","","","","","","","02ba6fb8-0b6f-4eab-a3c7-343fae7d3ba2 | 0e06c501-1493-4b96-ad29-bb167d226dca | 3954bfc5-800c-413e-be3b-9e22671f19af | 41525845-306d-40be-9618-117cfc071f97 | 4f8518cd-7e41-4f09-8157-c0e64c30bbee | 6577c9b7-0959-4839-b000-42f767645788 | 8c86479a-c240-4df1-bc92-7214db42fd89 | abdd2d8c-3e7f-45ed-8a8f-edbeea40690d | aca875ad-d2f7-4293-ab37-8345fbb1b66f | b1899fa4-072a-485c-8cab-555f79c88d6d | cdd4d202-fc30-4425-81bf-7e654f8dec10 | dcd330e8-4308-4f28-8641-5316525b10f2 | e4ec1a0b-8896-496a-aee8-5ef07176c432 | e6f3d8d3-8bf0-4d60-8632-9a4bef4cb9bf | ea46779e-f2e9-4dbe-9698-fdd797f981bf | f795fbd6-84ff-4bce-9ba7-539fb90c29cd",""
"dr1411","iNaturalist Australia","527f4894-6788-4e0d-a274-5cd4bc39035b | c29850e9-9097-4505-8973-865adb6987cd | fe56df95-cfef-4777-9fae-f60d104a7ee3","2025-08-19T12:28:56Z","","CC-BY 4.0 (Int)","Thomas Mesaglio","","","https://www.inaturalist.org/observations/289445042","","","","iNaturalist","Observations","iNaturalist observations","","HUMAN_OBSERVATION","","","","https://www.inaturalist.org/observations/289445042","289445042","","Thomas Mesaglio","","","","","","","","","PRESENT","","","","","","","","","","44bc9c0a-2ee3-45a7-90e4-8e6057baf685","","","","","","","2025-06-14T10:48:00Z","10:48:00+10:00","165","165","2025","6","14","2025/06/14 10:48 AM","","","","","","","","","","","","","","Australia","AU","New South Wales","","","","Garrison Point Reserve and surrounds, Mirambeena Regional Park, Georges Hall, Sydney, New South Wales","","","","","","","","","","","-33.909813","150.979538","EPSG:4326","15.0","","","","","","","","","","","","","","","","","","","","","","","","","","","","","","","","","","","","","","needs_id","","61818","","","","","","https://id.biodiversity.org.au/taxon/apni/51770501","Acacia decurrens","Acacia decurrens","","","","","","","","Plantae","Charophyta","Equisetopsida","Fabales","Fabaceae","Acacia","","","","species","","Willd.","Early Black-wattle","","","","","","https://orcid.org/0000-0002-1096-6066","","","Acacia decurrens","","","","","","","","","","","","6770f7b1-e2a8-4f84-9e77-4b8981790435","","","","","","","","","","527f4894-6788-4e0d-a274-5cd4bc39035b | c29850e9-9097-4505-8973-865adb6987cd | fe56df95-cfef-4777-9fae-f60d104a7ee3",""
"dr1411","iNaturalist Australia","8743bc10-9417-4c95-bf18-8b9c5ab05e23 | 9689ee95-52aa-41b7-a54a-87f3c1bdb158","2025-08-19T12:28:54Z","","CC-BY 4.0 (Int)","Thomas Mesaglio","","","https://www.inaturalist.org/observations/43542467","","","","iNaturalist","Observations","iNaturalist observations","","HUMAN_OBSERVATION","","","","https://www.inaturalist.org/observations/43542467","43542467","","Thomas Mesaglio","","","","","","","","","PRESENT","","","","","","","","","","","","","","","","","2020-04-26T10:17:06Z","10:17:06+10:00","117","117","2020","4","26","Sun Apr 26 2020 10:17:06 GMT+1000 (GMT+10)","","","","","","","","","","","","","","Australia","AU","New South Wales","","","","Garrison Point Reserve and surrounds, Mirambeena Regional Park, Georges Hall, Sydney, New South Wales","","","","","","","","","","","-33.90937","150.977372","EPSG:4326","10.0","","","","","","","","","","","","","","","","","","","","","","","","","","","","","","","","","","","","","","needs_id","","47758","","","","","","https://id.biodiversity.org.au/taxon/apni/51442068","Oxalis","Oxalis","","","","","","","","Plantae","Charophyta","Equisetopsida","Oxalidales","Oxalidaceae","Oxalis","","","","genus","","L.","Wood Sorrel","","","","","","https://orcid.org/0000-0002-1096-6066","","","","","","","","","","","","","","","4cc83ae3-752a-46f1-ab65-957583f49585","","","","","","","","","","8743bc10-9417-4c95-bf18-8b9c5ab05e23 | 9689ee95-52aa-41b7-a54a-87f3c1bdb158",""
"dr1411","iNaturalist Australia","c17f4f27-9258-476b-9ff1-f387288b807c | c4d260ae-512b-43fb-a1e7-239e951a37d2","2025-06-13T07:28:35Z","","CC-BY-NC 4.0 (Int)","Robyn","","","https://www.inaturalist.org/observations/247596467","","","","iNaturalist","Observations","iNaturalist research-grade observations","","HUMAN_OBSERVATION","","","","https://www.inaturalist.org/observations/247596467","247596467","","Robyn","","","","","","","","","PRESENT","","","","","","","","","","","","","","","","","2024-10-16T08:15:14Z","08:15:14+11:00","290","290","2024","10","16","2024-10-16 08:15:14","","","","","","","","","","","","","","Australia","AU","New South Wales","","","","Bankstown Aerodrome NSW 2198, Australia","","","","","","","","","","","-33.909252","150.980968","EPSG:4326","","","","","","","","","","","","","","","","","","","","","","","","","","","","","","","","","553099230","","","Robyn","2024-10-16T09:12:35Z","","research","","400329","","","","","","https://id.biodiversity.org.au/node/apni/2916134","Calotis lappulacea","Calotis lappulacea","","","","","","","","Plantae","Charophyta","Equisetopsida","Asterales","Asteraceae","Calotis","","","","species","","Benth.","Yellow Burr-daisy","","","","","","","","","Calotis lappulacea","","","","","","","","","","","","fc8d675c-4a45-4db6-90c0-4a7394db8a53","","","","","","","","","","c17f4f27-9258-476b-9ff1-f387288b807c | c4d260ae-512b-43fb-a1e7-239e951a37d2",""
"dr1411","iNaturalist Australia","f882965f-d041-431e-bcde-1d6b9d3885bf | fd206cf1-182b-4fbf-8ec8-2718145c616e","2025-08-19T12:28:57Z","","CC-BY 4.0 (Int)","Thomas Mesaglio","","","https://www.inaturalist.org/observations/289445021","","","","iNaturalist","Observations","iNaturalist research-grade observations","","HUMAN_OBSERVATION","","","","https://www.inaturalist.org/observations/289445021","289445021","","Thomas Mesaglio","","","","","","no flowers or fruits","","","PRESENT","","","","","","","","","","","","","","","","","2025-06-14T10:36:00Z","10:36:00+10:00","165","165","2025","6","14","2025/06/14 10:36 AM","","","","","","","","","","","","","","Australia","AU","New South Wales","","","","Garrison Point Reserve and surrounds, Mirambeena Regional Park, Georges Hall, Sydney, New South Wales","","","","","","","","","","","-33.909344","150.978745","EPSG:4326","15.0","","","","","","","","","","","","","","","","","","","","","","","","","","","","","","","","648528029","","","Thomas Mesaglio","2025-06-14T05:17:55Z","","research","","487096","","","","","","https://id.biodiversity.org.au/node/apni/2891810","Senecio pterophorus","Senecio pterophorus","","","","","","","","Plantae","Charophyta","Equisetopsida","Asterales","Asteraceae","Senecio","","","","species","","DC.","African Daisy","","","","","","https://orcid.org/0000-0002-1096-6066","https://orcid.org/0000-0002-1096-6066","","Senecio pterophorus","","","","","","","","","","","","58842dd6-98bd-463e-846f-9dc4bce8ebb9","","","","","","","","","","f882965f-d041-431e-bcde-1d6b9d3885bf | fd206cf1-182b-4fbf-8ec8-2718145c616e",""
"dr1411","iNaturalist Australia","92dd1451-f2d7-4cb1-aff0-bba433a86c8a","2025-06-14T04:43:57Z","","CC-BY-NC 4.0 (Int)","julianeribeiro","","","https://www.inaturalist.org/observations/289416524","","","","iNaturalist","Observations","iNaturalist research-grade observations","","HUMAN_OBSERVATION","","","","https://www.inaturalist.org/observations/289416524","289416524","","julianeribeiro","","","","","","","","","PRESENT","","","","","","","","","","","","","","","","","2025-06-14T11:57:55Z","11:57:55+10:00","165","165","2025","6","14","2025-06-14 11:57:55","","","","","","","","","","","","","","Australia","AU","New South Wales","","","","Georges Hall NSW 2198, Australia","","","","","","","","","","","-33.908997","150.980809","EPSG:4326","9.0","","","","","","","","","","","","","","","","","","","","","","","","","","","","","","","","648469699","","","julianeribeiro","2025-06-14T01:58:17Z","","research","","418653","","","","","","https://id.biodiversity.org.au/node/apni/6881039","Tetragonia tetragonoides","Tetragonia tetragonoides","","","","","","","","Plantae","Charophyta","Equisetopsida","Caryophyllales","Aizoaceae","Tetragonia","","","","species","","(Pall.) Kuntze","New Zealand Spinach","","","","","","","","","Tetragonia tetragonoides","","","","","","","","","","","","855b9420-6cbc-41fe-9f8e-7f177cbce3dd","","","","","","","","","","92dd1451-f2d7-4cb1-aff0-bba433a86c8a",""
"dr1411","iNaturalist Australia","3f942920-41e7-440e-8c76-66a84349e842 | 4db4104d-1035-4f85-acd2-d2b3e40d1ca1 | 65d1a12a-b186-46de-b682-b9196d04846a | 7b5c4ac8-894e-497a-95cc-6748b0966d8b | 886813a1-6769-4bd6-8ab7-8bc1c750e764","2024-08-29T10:00:59Z","","CC-BY-NC 4.0 (Int)","Nina","","","https://www.inaturalist.org/observations/201669671","","","","iNaturalist","Observations","iNaturalist research-grade observations","","HUMAN_OBSERVATION","","","","https://www.inaturalist.org/observations/201669671","201669671","","Nina","","","","","","fruits or seeds","","","PRESENT","","","","","","","","","","","","","","","","","2024-03-06T08:37:17Z","08:37:17+11:00","66","66","2024","3","6","2024-03-06 08:37:17","","","","","","","","","","","","","","Australia","AU","New South Wales","","","","Bankstown Aerodrome NSW 2198, Australia","","","","","","","","","","","-33.909235","150.979991","EPSG:4326","184.0","","","","","","","","","","","","","","","","","","","","","","","","","","","","","","","","457883891","","","Nina","2024-03-08T12:08:32Z","","research","","323818","","","","","","https://id.biodiversity.org.au/taxon/apni/51770334","Daviesia ulicifolia","Daviesia ulicifolia","","","","","","","","Plantae","Charophyta","Equisetopsida","Fabales","Fabaceae","Daviesia","","","","species","","Andrews","Gorse Bitter-pea","","","","","","","","","Daviesia ulicifolia","","","","","","","","","","","","234152d2-4b16-428f-a7aa-daa68cfa9c47","","","","","","","","","","3f942920-41e7-440e-8c76-66a84349e842 | 4db4104d-1035-4f85-acd2-d2b3e40d1ca1 | 65d1a12a-b186-46de-b682-b9196d04846a | 7b5c4ac8-894e-497a-95cc-6748b0966d8b | 886813a1-6769-4bd6-8ab7-8bc1c750e764",""
"dr1411","iNaturalist Australia","80f717b8-48d2-481a-9c34-cad8d277347f | bfd8a8fe-cf7c-4f79-b942-9331620fc856","2025-06-15T08:21:45Z","","CC-BY-NC 4.0 (Int)","julianeribeiro","","","https://www.inaturalist.org/observations/289408723","","","","iNaturalist","Observations","iNaturalist research-grade observations","","HUMAN_OBSERVATION","","","","https://www.inaturalist.org/observations/289408723","289408723","","julianeribeiro","","","","","","","","","PRESENT","","","","","","","","","","","","","","","","","2025-06-14T11:11:32Z","11:11:32+10:00","165","165","2025","6","14","2025-06-14 11:11:32","","","","","","","","","","","","","","Australia","AU","New South Wales","","","","Georges Hall NSW 2198, Australia","","","","","","","","","","","-33.909495","150.980396","EPSG:4326","8.0","","","","","","","","","","","","","","","","","","","","","","","","","","","","","","","","648454656","","","julianeribeiro","2025-06-14T01:12Z","","research","","353864","","","","","","https://id.biodiversity.org.au/node/apni/2911261","Aristida vagans","Aristida vagans","","","","","","","","Plantae","Charophyta","Equisetopsida","Poales","Poaceae","Aristida","","","","species","","Cav.","Threeawn Speargrass","","","","","","","","","Aristida vagans","","","","","","","","","","","","667be83d-f72f-439b-aa7f-524b82b08925","","","","","","","","","","80f717b8-48d2-481a-9c34-cad8d277347f | bfd8a8fe-cf7c-4f79-b942-9331620fc856",""
"dr27665","NSW Biosecurity Information System - Weeds","","","","CC-BY-NC 4.0 (Int)","","","","","","","","","","","","HUMAN_OBSERVATION","","","","NSW.BIS.Weeds:745344","","","","","","","","","","","","PRESENT","","","","","","","","","","07a99814-fa34-40dc-870f-94c0696b4b24","","","","","","","2024-11-19T00:00:00Z","","324","324","2024","11","19","","","","","","","","","","","","","","","Australia","AU","New South Wales","Canterbury-Bankstown Council","","","","","","","","","","","","","","-33.91","150.98","EPSG:4326","","","","","","","","","","","","","","","","","","","","","","","","","","","","","","","","","","","","","","","","","","","","","","","https://id.biodiversity.org.au/node/apni/2894705","Stipa neesiana","Nassella neesiana","","","","","","","","Plantae","Charophyta","Equisetopsida","Poales","Poaceae","Nassella","","","","species","","(Trin. & Rupr.) Barkworth","Chilean Needle Grass","","","","","","","","","Nassella neesiana","","","","","","","","","","","","d6c40935-ae04-4609-9834-8fb7ff0d5ecb","","","","","","","","","","",""
"dr27665","NSW Biosecurity Information System - Weeds","","","","CC-BY-NC 4.0 (Int)","","","","","","","","","","","","HUMAN_OBSERVATION","","","","NSW.BIS.Weeds:846050","","","","","","","","","","","","PRESENT","","","","","","","","","","795d0808-48bb-4a41-9743-857d5623fbdd|5bda9ddf-9dba-4fbf-aa5e-6aed92d6094c","","","","","","","2025-11-06T00:00:00Z","","310","310","2025","11","6","","","","","","","","","","","","","","","Australia","AU","New South Wales","Canterbury-Bankstown Council","","","","","","","","","","","","","","-33.91","150.98","EPSG:4326","","","","","","","","","","","","","","","","","","","","","","","","","","","","","","","","","","","","","","","","","","","","","","","https://id.biodiversity.org.au/node/apni/2894705","Stipa neesiana","Nassella neesiana","","","","","","","","Plantae","Charophyta","Equisetopsida","Poales","Poaceae","Nassella","","","","species","","(Trin. & Rupr.) Barkworth","Chilean Needle Grass","","","","","","","","","Nassella neesiana","","","","","","","","","","","","1eaafdab-99a7-4587-9b7c-c682771152fa","","","","","","","","","","",""
"dr27665","NSW Biosecurity Information System - Weeds","","","","CC-BY-NC 4.0 (Int)","","","","","","","","","","","","HUMAN_OBSERVATION","","","","NSW.BIS.Weeds:460782","","","","","","","","","","","","PRESENT","","","","","","","","","","","","","","","","","2022-01-06T00:00:00Z","","6","6","2022","1","6","","","","","","","","","","","","","","","Australia","AU","New South Wales","Canterbury-Bankstown Council","","","","","","","","","","","","","","-33.91","150.98","EPSG:4326","","","","","","","","","","","","","","","","","","","","","","","","","","","","","","","","","","","","","","","","","","","","","","","https://id.biodiversity.org.au/node/apni/2896896","Opuntia monacantha","Opuntia monacantha","","","","","","","","Plantae","Charophyta","Equisetopsida","Caryophyllales","Cactaceae","Opuntia","","","","species","","Haw.","Drooping Prickly Pear","","","","","","","","","Opuntia monacantha","","","","","","","","","","","","887b0474-e908-4c1a-8c5c-38994237c0ff","","","","","","","","","","",""
"dr27665","NSW Biosecurity Information System - Weeds","","","","CC-BY-NC 4.0 (Int)","","","","","","","","","","","","HUMAN_OBSERVATION","","","","NSW.BIS.Weeds:459110","","","","","","","","","","","","PRESENT","","","","","","","","","","260f1687-64e3-4088-93eb-40fbe99f78f2","","","","","","","2021-12-23T00:00:00Z","","357","357","2021","12","23","","","","","","","","","","","","","","","Australia","AU","New South Wales","Canterbury-Bankstown Council","","","","","","","","","","","","","","-33.91","150.98","EPSG:4326","","","","","","","","","","","","","","","","","","","","","","","","","","","","","","","","","","","","","","","","","","","","","","","https://id.biodiversity.org.au/node/apni/2906474","Sagittaria platyphylla","Sagittaria platyphylla","","","","","","","","Plantae","Charophyta","Equisetopsida","Alismatales","Alismataceae","Sagittaria","","","","species","","(Engelm.) J.G.Sm.","Arrowhead","","","","","","","","","Sagittaria platyphylla","","","","","","","","","","","","277fb6fa-5f00-405e-a49b-0806926890ee","","","","","","","","","","",""
"dr27665","NSW Biosecurity Information System - Weeds","","","","CC-BY-NC 4.0 (Int)","","","","","","","","","","","","HUMAN_OBSERVATION","","","","NSW.BIS.Weeds:459107","","","","","","","","","","","","PRESENT","","","","","","","","","","2ac3fdeb-e22f-4a8c-bd4c-dded01c79966","","","","","","","2021-12-23T00:00:00Z","","357","357","2021","12","23","","","","","","","","","","","","","","","Australia","AU","New South Wales","Canterbury-Bankstown Council","","","","","","","","","","","","","","-33.91","150.98","EPSG:4326","","","","","","","","","","","","","","","","","","","","","","","","","","","","","","","","","","","","","","","","","","","","","","","https://id.biodiversity.org.au/taxon/apni/51737689","Protasparagus aethiopicus","Asparagus aethiopicus","","","","","","","","Plantae","Charophyta","Equisetopsida","Asparagales","Asparagaceae","Asparagus","","","","species","","L.","Asparagus Fern","","","","","","","","","Asparagus aethiopicus","","","","","","","","","","","","81b6c98d-cdb4-401a-b03f-834e6f32c372","","","","","","","","","","",""
"dr27665","NSW Biosecurity Information System - Weeds","","","","CC-BY-NC 4.0 (Int)","","","","","","","","","","","","HUMAN_OBSERVATION","","","","NSW.BIS.Weeds:459108","","","","","","","","","","","","PRESENT","","","","","","","","","","","","","","","","","2021-12-23T00:00:00Z","","357","357","2021","12","23","","","","","","","","","","","","","","","Australia","AU","New South Wales","Canterbury-Bankstown Council","","","","","","","","","","","","","","-33.91","150.98","EPSG:4326","","","","","","","","","","","","","","","","","","","","","","","","","","","","","","","","","","","","","","","","","","","","","","","https://id.biodiversity.org.au/node/apni/2889094","Protasparagus virgatus","Asparagus virgatus","","","","","","","","Plantae","Charophyta","Equisetopsida","Asparagales","Asparagaceae","Asparagus","","","","species","","Baker","Asparagus Fern","","","","","","","","","Asparagus virgatus","","","","","","","","","","","","b3aff1c6-3e9d-460f-a7a8-91d775e72c17","","","","","","","","","","",""
"dr27665","NSW Biosecurity Information System - Weeds","","","","CC-BY-NC 4.0 (Int)","","","","","","","","","","","","HUMAN_OBSERVATION","","","","NSW.BIS.Weeds:855623","","","","","","","","","","","","PRESENT","","","","","","","","","","","","","","","","","2026-02-10T00:00:00Z","","41","41","2026","2","10","","","","","","","","","","","","","","","Australia","AU","New South Wales","Canterbury-Bankstown Council","","","","","","","","","","","","","","-33.91","150.98","EPSG:4326","","","","","","","","","","","","","","","","","","","","","","","","","","","","","","","","","","","","","","","","","","","","","","","NZOR-6-68380","Polygonum  chinense","Persicaria chinensis","","","","","","","","Plantae","Charophyta","Equisetopsida","Caryophyllales","Polygonaceae","Persicaria","","","","species","","(L.) H.Gross","Chinese Knotweed","","","","","","","","","Persicaria chinensis","","","","","","","","","","","","c32a4267-4423-4b59-8066-d0821c7e715f","","","","","","","","","","",""
"dr27665","NSW Biosecurity Information System - Weeds","","","","CC-BY-NC 4.0 (Int)","","","","","","","","","","","","HUMAN_OBSERVATION","","","","NSW.BIS.Weeds:745353","","","","","","","","","","","","PRESENT","","","","","","","","","","","","","","","","","2024-11-22T00:00:00Z","","327","327","2024","11","22","","","","","","","","","","","","","","","Australia","AU","New South Wales","Canterbury-Bankstown Council","","","","","","","","","","","","","","-33.91","150.98","EPSG:4326","","","","","","","","","","","","","","","","","","","","","","","","","","","","","","","","","","","","","","","","","","","","","","","https://id.biodiversity.org.au/node/apni/2894705","Stipa neesiana","Nassella neesiana","","","","","","","","Plantae","Charophyta","Equisetopsida","Poales","Poaceae","Nassella","","","","species","","(Trin. & Rupr.) Barkworth","Chilean Needle Grass","","","","","","","","","Nassella neesiana","","","","","","","","","","","","f443d8e3-68b2-4c77-a80f-eed861edf01b","","","","","","","","","","",""
"dr27665","NSW Biosecurity Information System - Weeds","","","","CC-BY-NC 4.0 (Int)","","","","","","","","","","","","HUMAN_OBSERVATION","","","","NSW.BIS.Weeds:653433","","","","","","","","","","","","PRESENT","","","","","","","","","","20486927-7523-4c8e-9754-4f909bfba3b0","","","","","","","2023-11-21T00:00:00Z","","325","325","2023","11","21","","","","","","","","","","","","","","","Australia","AU","New South Wales","Canterbury-Bankstown Council","","","","","","","","","","","","","","-33.91","150.98","EPSG:4326","","","","","","","","","","","","","","","","","","","","","","","","","","","","","","","","","","","","","","","","","","","","","","","https://id.biodiversity.org.au/node/apni/2894705","Stipa neesiana","Nassella neesiana","","","","","","","","Plantae","Charophyta","Equisetopsida","Poales","Poaceae","Nassella","","","","species","","(Trin. & Rupr.) Barkworth","Chilean Needle Grass","","","","","","","","","Nassella neesiana","","","","","","","","","","","","d0a410cf-8c84-4fe6-a42f-a7706c3a1ccb","","","","","","","","","","",""
"dr27665","NSW Biosecurity Information System - Weeds","","","","CC-BY-NC 4.0 (Int)","","","","","","","","","","","","HUMAN_OBSERVATION","","","","NSW.BIS.Weeds:692650","","","","","","","","","","","","PRESENT","","","","","","","","","","194feaa4-dda2-46a5-8b2e-e4d71445637c","","","","","","","2024-06-27T00:00:00Z","","179","179","2024","6","27","","","","","","","","","","","","","","","Australia","AU","New South Wales","Canterbury-Bankstown Council","","","","","","","","","","","","","","-33.91","150.98","EPSG:4326","","","","","","","","","","","","","","","","","","","","","","","","","","","","","","","","","","","","","","","","","","","","","","","https://id.biodiversity.org.au/node/apni/2903107","Senecio madagascariensis","Senecio madagascariensis","","","","","","","","Plantae","Charophyta","Equisetopsida","Asterales","Asteraceae","Senecio","","","","species","","Poir.","Fireweed","","","","","","","","","Senecio madagascariensis","","","","","","","","","","","","ac3fdf47-315e-4179-b5f6-92ad81441f3f","","","","","","","","","","",""
"dr27665","NSW Biosecurity Information System - Weeds","","","","CC-BY-NC 4.0 (Int)","","","","","","","","","","","","HUMAN_OBSERVATION","","","","NSW.BIS.Weeds:168486","","","","","","","","","","","","PRESENT","","","","","","","","","","","","","","","","","2019-06-10T12:30:00Z","","161","161","2019","6","10","","","","","","","","","","","","","","","Australia","AU","New South Wales","Canterbury-Bankstown Council","","","","","","","","","","","","","","-33.91","150.98","EPSG:4326","","","","","","","","","","","","","","","","","","","","","","","","","","","","","","","","","","","","","","","","","","","","","","","https://id.biodiversity.org.au/node/apni/2890667","Alternanthera philoxeroides","Alternanthera philoxeroides","","","","","","","","Plantae","Charophyta","Equisetopsida","Caryophyllales","Amaranthaceae","Alternanthera","","","","species","","(Mart.) Griseb.","Alligator Weed","","","","","","","","","Alternanthera philoxeroides","","","","","","","","","","","","e064bcc2-2ebc-429e-b924-3128b697c0fe","","","","","","","","","","",""
"dr27665","NSW Biosecurity Information System - Weeds","","","","CC-BY-NC 4.0 (Int)","","","","","","","","","","","","HUMAN_OBSERVATION","","","","NSW.BIS.Weeds:692657","","","","","","","","","","","","PRESENT","","","","","","","","","","","","","","","","","2024-06-27T00:00:00Z","","179","179","2024","6","27","","","","","","","","","","","","","","","Australia","AU","New South Wales","Canterbury-Bankstown Council","","","","","","","","","","","","","","-33.91","150.98","EPSG:4326","","","","","","","","","","","","","","","","","","","","","","","","","","","","","","","","","","","","","","","","","","","","","","","https://id.biodiversity.org.au/node/apni/2909389","Ludwigia peruviana","Ludwigia peruviana","","","","","","","","Plantae","Charophyta","Equisetopsida","Myrtales","Onagraceae","Ludwigia","","","","species","","(L.) H.Hara","","","","","","","","","","Ludwigia peruviana","","","","","","","","","","","","55741c20-e0ad-44df-b5da-db45af81fcc9","","","","","","","","","","",""
"dr27665","NSW Biosecurity Information System - Weeds","","","","CC-BY-NC 4.0 (Int)","","","","","","","","","","","","HUMAN_OBSERVATION","","","","NSW.BIS.Weeds:460781","","","","","","","","","","","","PRESENT","","","","","","","","","","","","","","","","","2022-01-06T00:00:00Z","","6","6","2022","1","6","","","","","","","","","","","","","","","Australia","AU","New South Wales","Canterbury-Bankstown Council","","","","","","","","","","","","","","-33.91","150.98","EPSG:4326","","","","","","","","","","","","","","","","","","","","","","","","","","","","","","","","","","","","","","","","","","","","","","","https://id.biodiversity.org.au/node/apni/2894942","Opuntia stricta dillenii ","Opuntia dillenii","","","","","","","","Plantae","Charophyta","Equisetopsida","Caryophyllales","Cactaceae","Opuntia","","","","species","","(Ker Gawl.) Haw.","","","","","","","","","","Opuntia dillenii","","","","","","","","","","","","26ceec35-d098-40f9-badb-256c49324f76","","","","","","","","","","",""
"dr27665","NSW Biosecurity Information System - Weeds","","","","CC-BY-NC 4.0 (Int)","","","","","","","","","","","","HUMAN_OBSERVATION","","","","NSW.BIS.Weeds:745094","","","","","","","","","","","","PRESENT","","","","","","","","","","d6c40935-ae04-4609-9834-8fb7ff0d5ecb","","","","","","","2024-11-19T00:00:00Z","","324","324","2024","11","19","","","","","","","","","","","","","","","Australia","AU","New South Wales","Canterbury-Bankstown Council","","","","","","","","","","","","","","-33.91","150.98","EPSG:4326","","","","","","","","","","","","","","","","","","","","","","","","","","","","","","","","","","","","","","","","","","","","","","","https://id.biodiversity.org.au/node/apni/2894705","Stipa neesiana","Nassella neesiana","","","","","","","","Plantae","Charophyta","Equisetopsida","Poales","Poaceae","Nassella","","","","species","","(Trin. & Rupr.) Barkworth","Chilean Needle Grass","","","","","","","","","Nassella neesiana","","","","","","","","","","","","07a99814-fa34-40dc-870f-94c0696b4b24","","","","","","","","","","",""
"dr27665","NSW Biosecurity Information System - Weeds","","","","CC-BY-NC 4.0 (Int)","","","","","","","","","","","","HUMAN_OBSERVATION","","","","NSW.BIS.Weeds:168489","","","","","","","","","","","","PRESENT","","","","","","","","","","","","","","","","","2019-06-10T12:50:00Z","","161","161","2019","6","10","","","","","","","","","","","","","","","Australia","AU","New South Wales","Canterbury-Bankstown Council","","","","","","","","","","","","","","-33.91","150.98","EPSG:4326","","","","","","","","","","","","","","","","","","","","","","","","","","","","","","","","","","","","","","","","","","","","","","","https://id.biodiversity.org.au/node/apni/2906474","Sagittaria platyphylla","Sagittaria platyphylla","","","","","","","","Plantae","Charophyta","Equisetopsida","Alismatales","Alismataceae","Sagittaria","","","","species","","(Engelm.) J.G.Sm.","Arrowhead","","","","","","","","","Sagittaria platyphylla","","","","","","","","","","","","320bac69-3b06-4695-8694-aedf9fdb8e26","","","","","","","","","","",""
"dr27665","NSW Biosecurity Information System - Weeds","","","","CC-BY-NC 4.0 (Int)","","","","","","","","","","","","HUMAN_OBSERVATION","","","","NSW.BIS.Weeds:460760","","","","","","","","","","","","PRESENT","","","","","","","","","","","","","","","","","2021-12-23T00:00:00Z","","357","357","2021","12","23","","","","","","","","","","","","","","","Australia","AU","New South Wales","Canterbury-Bankstown Council","","","","","","","","","","","","","","-33.91","150.98","EPSG:4326","","","","","","","","","","","","","","","","","","","","","","","","","","","","","","","","","","","","","","","","","","","","","","","https://id.biodiversity.org.au/node/apni/2915438","Cestrum parqui","Cestrum parqui","","","","","","","","Plantae","Charophyta","Equisetopsida","Solanales","Solanaceae","Cestrum","","","","species","","L'Hér.","Green Poison-berry","","","","","","","","","Cestrum parqui","","","","","","","","","","","","76cc53a7-56eb-4621-8dc6-7c788f0f2695","","","","","","","","","","",""
"dr27665","NSW Biosecurity Information System - Weeds","","","","CC-BY-NC 4.0 (Int)","","","","","","","","","","","","HUMAN_OBSERVATION","","","","NSW.BIS.Weeds:692651","","","","","","","","","","","","PRESENT","","","","","","","","","","ac3fdf47-315e-4179-b5f6-92ad81441f3f","","","","","","","2024-06-27T00:00:00Z","","179","179","2024","6","27","","","","","","","","","","","","","","","Australia","AU","New South Wales","Canterbury-Bankstown Council","","","","","","","","","","","","","","-33.91","150.98","EPSG:4326","","","","","","","","","","","","","","","","","","","","","","","","","","","","","","","","","","","","","","","","","","","","","","","https://id.biodiversity.org.au/node/apni/2903107","Senecio madagascariensis","Senecio madagascariensis","","","","","","","","Plantae","Charophyta","Equisetopsida","Asterales","Asteraceae","Senecio","","","","species","","Poir.","Fireweed","","","","","","","","","Senecio madagascariensis","","","","","","","","","","","","194feaa4-dda2-46a5-8b2e-e4d71445637c","","","","","","","","","","",""
"dr27665","NSW Biosecurity Information System - Weeds","","","","CC-BY-NC 4.0 (Int)","","","","","","","","","","","","HUMAN_OBSERVATION","","","","NSW.BIS.Weeds:460761","","","","","","","","","","","","PRESENT","","","","","","","","","","2ac3fdeb-e22f-4a8c-bd4c-dded01c79966","","","","","","","2021-12-23T00:00:00Z","","357","357","2021","12","23","","","","","","","","","","","","","","","Australia","AU","New South Wales","Canterbury-Bankstown Council","","","","","","","","","","","","","","-33.91","150.98","EPSG:4326","","","","","","","","","","","","","","","","","","","","","","","","","","","","","","","","","","","","","","","","","","","","","","","https://id.biodiversity.org.au/taxon/apni/51737689","Protasparagus aethiopicus","Asparagus aethiopicus","","","","","","","","Plantae","Charophyta","Equisetopsida","Asparagales","Asparagaceae","Asparagus","","","","species","","L.","Asparagus Fern","","","","","","","","","Asparagus aethiopicus","","","","","","","","","","","","417f422b-55e3-4319-b05c-ae1c7dcfbcca","","","","","","","","","","",""
"dr27665","NSW Biosecurity Information System - Weeds","","","","CC-BY-NC 4.0 (Int)","","","","","","","","","","","","HUMAN_OBSERVATION","","","","NSW.BIS.Weeds:459112","","","","","","","","","","","","PRESENT","","","","","","","","","","","","","","","","","2021-12-23T00:00:00Z","","357","357","2021","12","23","","","","","","","","","","","","","","","Australia","AU","New South Wales","Canterbury-Bankstown Council","","","","","","","","","","","","","","-33.91","150.98","EPSG:4326","","","","","","","","","","","","","","","","","","","","","","","","","","","","","","","","","","","","","","","","","","","","","","","https://id.biodiversity.org.au/name/apni/85694","Rubus fruticosus species aggregate","Rubus fruticosus","","","","","","","","Plantae","Charophyta","Equisetopsida","Rosales","Rosaceae","Rubus","","","","species","","L.","Blackberry","","","","","","","","","Rubus fruticosus","","","","","","","","","","","","e29730bc-b2bb-4b82-9435-8064b9d968b1","","","","","","","","","","",""
"dr27665","NSW Biosecurity Information System - Weeds","","","","CC-BY-NC 4.0 (Int)","","","","","","","","","","","","HUMAN_OBSERVATION","","","","NSW.BIS.Weeds:460762","","","","","","","","","","","","PRESENT","","","","","","","","","","260f1687-64e3-4088-93eb-40fbe99f78f2","","","","","","","2021-12-23T00:00:00Z","","357","357","2021","12","23","","","","","","","","","","","","","","","Australia","AU","New South Wales","Canterbury-Bankstown Council","","","","","","","","","","","","","","-33.91","150.98","EPSG:4326","","","","","","","","","","","","","","","","","","","","","","","","","","","","","","","","","","","","","","","","","","","","","","","https://id.biodiversity.org.au/node/apni/2906474","Sagittaria platyphylla","Sagittaria platyphylla","","","","","","","","Plantae","Charophyta","Equisetopsida","Alismatales","Alismataceae","Sagittaria","","","","species","","(Engelm.) J.G.Sm.","Arrowhead","","","","","","","","","Sagittaria platyphylla","","","","","","","","","","","","e860901f-fb4e-4973-bc60-58b596c7fea9","","","","","","","","","","",""
"dr27665","NSW Biosecurity Information System - Weeds","","","","CC-BY-NC 4.0 (Int)","","","","","","","","","","","","HUMAN_OBSERVATION","","","","NSW.BIS.Weeds:460757","","","","","","","","","","","","PRESENT","","","","","","","","","","","","","","","","","2021-12-23T00:00:00Z","","357","357","2021","12","23","","","","","","","","","","","","","","","Australia","AU","New South Wales","Canterbury-Bankstown Council","","","","","","","","","","","","","","-33.91","150.98","EPSG:4326","","","","","","","","","","","","","","","","","","","","","","","","","","","","","","","","","","","","","","","","","","","","","","","https://id.biodiversity.org.au/node/apni/2890667","Alternanthera philoxeroides","Alternanthera philoxeroides","","","","","","","","Plantae","Charophyta","Equisetopsida","Caryophyllales","Amaranthaceae","Alternanthera","","","","species","","(Mart.) Griseb.","Alligator Weed","","","","","","","","","Alternanthera philoxeroides","","","","","","","","","","","","36d8d9ad-4012-4874-8ba3-9ade4d63fdab","","","","","","","","","","",""
"dr27665","NSW Biosecurity Information System - Weeds","","","","CC-BY-NC 4.0 (Int)","","","","","","","","","","","","HUMAN_OBSERVATION","","","","NSW.BIS.Weeds:460758","","","","","","","","","","","","PRESENT","","","","","","","","","","f18b5ae3-0020-47d2-9b32-698af30250db|81b6c98d-cdb4-401a-b03f-834e6f32c372|417f422b-55e3-4319-b05c-ae1c7dcfbcca","","","","","","","2021-12-23T00:00:00Z","","357","357","2021","12","23","","","","","","","","","","","","","","","Australia","AU","New South Wales","Canterbury-Bankstown Council","","","","","","","","","","","","","","-33.91","150.98","EPSG:4326","","","","","","","","","","","","","","","","","","","","","","","","","","","","","","","","","","","","","","","","","","","","","","","https://id.biodiversity.org.au/taxon/apni/51737689","Protasparagus aethiopicus","Asparagus aethiopicus","","","","","","","","Plantae","Charophyta","Equisetopsida","Asparagales","Asparagaceae","Asparagus","","","","species","","L.","Asparagus Fern","","","","","","","","","Asparagus aethiopicus","","","","","","","","","","","","2ac3fdeb-e22f-4a8c-bd4c-dded01c79966","","","","","","","","","","",""
"dr27665","NSW Biosecurity Information System - Weeds","","","","CC-BY-NC 4.0 (Int)","","","","","","","","","","","","HUMAN_OBSERVATION","","","","NSW.BIS.Weeds:458922","","","","","","","","","","","","PRESENT","","","","","","","","","","","","","","","","","2021-11-18T00:00:00Z","","322","322","2021","11","18","","","","","","","","","","","","","","","Australia","AU","New South Wales","Canterbury-Bankstown Council","","","","","","","","","","","","","","-33.91","150.98","EPSG:4326","","","","","","","","","","","","","","","","","","","","","","","","","","","","","","","","","","","","","","","","","","","","","","","https://id.biodiversity.org.au/node/apni/2915438","Cestrum parqui","Cestrum parqui","","","","","","","","Plantae","Charophyta","Equisetopsida","Solanales","Solanaceae","Cestrum","","","","species","","L'Hér.","Green Poison-berry","","","","","","","","","Cestrum parqui","","","","","","","","","","","","4ff58737-0ffb-4b46-b71e-3c22a1bb4415","","","","","","","","","","",""
"dr27665","NSW Biosecurity Information System - Weeds","","","","CC-BY-NC 4.0 (Int)","","","","","","","","","","","","HUMAN_OBSERVATION","","","","NSW.BIS.Weeds:855645","","","","","","","","","","","","PRESENT","","","","","","","","","","","","","","","","","2026-02-04T00:00:00Z","","35","35","2026","2","4","","","","","","","","","","","","","","","Australia","AU","New South Wales","Canterbury-Bankstown Council","","","","","","","","","","","","","","-33.91","150.98","EPSG:4326","","","","","","","","","","","","","","","","","","","","","","","","","","","","","","","","","","","","","","","","","","","","","","","https://id.biodiversity.org.au/node/apni/2909389","Ludwigia peruviana","Ludwigia peruviana","","","","","","","","Plantae","Charophyta","Equisetopsida","Myrtales","Onagraceae","Ludwigia","","","","species","","(L.) H.Hara","","","","","","","","","","Ludwigia peruviana","","","","","","","","","","","","583e563e-761f-4b4b-8282-47033b08443f","","","","","","","","","","",""
"dr27665","NSW Biosecurity Information System - Weeds","","","","CC-BY-NC 4.0 (Int)","","","","","","","","","","","","HUMAN_OBSERVATION","","","","NSW.BIS.Weeds:855639","","","","","","","","","","","","PRESENT","","","","","","","","","","","","","","","","","2026-02-10T00:00:00Z","","41","41","2026","2","10","","","","","","","","","","","","","","","Australia","AU","New South Wales","Canterbury-Bankstown Council","","","","","","","","","","","","","","-33.91","150.98","EPSG:4326","","","","","","","","","","","","","","","","","","","","","","","","","","","","","","","","","","","","","","","","","","","","","","","https://id.biodiversity.org.au/taxon/apni/51737689","Protasparagus aethiopicus","Asparagus aethiopicus","","","","","","","","Plantae","Charophyta","Equisetopsida","Asparagales","Asparagaceae","Asparagus","","","","species","","L.","Asparagus Fern","","","","","","","","","Asparagus aethiopicus","","","","","","","","","","","","c4a782ea-57b8-449e-b50e-4f19b2a81e18","","","","","","","","","","",""
"dr27665","NSW Biosecurity Information System - Weeds","","","","CC-BY-NC 4.0 (Int)","","","","","","","","","","","","HUMAN_OBSERVATION","","","","NSW.BIS.Weeds:653434","","","","","","","","","","","","PRESENT","","","","","","","","","","d0a410cf-8c84-4fe6-a42f-a7706c3a1ccb","","","","","","","2023-11-21T00:00:00Z","","325","325","2023","11","21","","","","","","","","","","","","","","","Australia","AU","New South Wales","Canterbury-Bankstown Council","","","","","","","","","","","","","","-33.91","150.98","EPSG:4326","","","","","","","","","","","","","","","","","","","","","","","","","","","","","","","","","","","","","","","","","","","","","","","https://id.biodiversity.org.au/node/apni/2894705","Stipa neesiana","Nassella neesiana","","","","","","","","Plantae","Charophyta","Equisetopsida","Poales","Poaceae","Nassella","","","","species","","(Trin. & Rupr.) Barkworth","Chilean Needle Grass","","","","","","","","","Nassella neesiana","","","","","","","","","","","","20486927-7523-4c8e-9754-4f909bfba3b0","","","","","","","","","","",""
"dr27665","NSW Biosecurity Information System - Weeds","","","","CC-BY-NC 4.0 (Int)","","","","","","","","","","","","HUMAN_OBSERVATION","","","","NSW.BIS.Weeds:459106","","","","","","","","","","","","PRESENT","","","","","","","","","","e860901f-fb4e-4973-bc60-58b596c7fea9|277fb6fa-5f00-405e-a49b-0806926890ee","","","","","","","2021-12-23T00:00:00Z","","357","357","2021","12","23","","","","","","","","","","","","","","","Australia","AU","New South Wales","Canterbury-Bankstown Council","","","","","","","","","","","","","","-33.91","150.98","EPSG:4326","","","","","","","","","","","","","","","","","","","","","","","","","","","","","","","","","","","","","","","","","","","","","","","https://id.biodiversity.org.au/node/apni/2906474","Sagittaria platyphylla","Sagittaria platyphylla","","","","","","","","Plantae","Charophyta","Equisetopsida","Alismatales","Alismataceae","Sagittaria","","","","species","","(Engelm.) J.G.Sm.","Arrowhead","","","","","","","","","Sagittaria platyphylla","","","","","","","","","","","","260f1687-64e3-4088-93eb-40fbe99f78f2","","","","","","","","","","",""
"dr27665","NSW Biosecurity Information System - Weeds","","","","CC-BY-NC 4.0 (Int)","","","","","","","","","","","","HUMAN_OBSERVATION","","","","NSW.BIS.Weeds:811443","","","","","","","","","","","","PRESENT","","","","","","","","","","","","","","","","","2025-06-26T00:00:00Z","","177","177","2025","6","26","","","","","","","","","","","","","","","Australia","AU","New South Wales","Canterbury-Bankstown Council","","","","","","","","","","","","","","-33.91","150.98","EPSG:4326","","","","","","","","","","","","","","","","","","","","","","","","","","","","","","","","","","","","","","","","","","","","","","","https://id.biodiversity.org.au/node/apni/2896896","Opuntia monacantha","Opuntia monacantha","","","","","","","","Plantae","Charophyta","Equisetopsida","Caryophyllales","Cactaceae","Opuntia","","","","species","","Haw.","Drooping Prickly Pear","","","","","","","","","Opuntia monacantha","","","","","","","","","","","","14661710-8c50-4d45-a43e-62ec5d28f99b","","","","","","","","","","",""
"dr27665","NSW Biosecurity Information System - Weeds","","","","CC-BY-NC 4.0 (Int)","","","","","","","","","","","","HUMAN_OBSERVATION","","","","NSW.BIS.Weeds:459111","","","","","","","","","","","","PRESENT","","","","","","","","","","2ac3fdeb-e22f-4a8c-bd4c-dded01c79966","","","","","","","2021-12-23T00:00:00Z","","357","357","2021","12","23","","","","","","","","","","","","","","","Australia","AU","New South Wales","Canterbury-Bankstown Council","","","","","","","","","","","","","","-33.91","150.98","EPSG:4326","","","","","","","","","","","","","","","","","","","","","","","","","","","","","","","","","","","","","","","","","","","","","","","https://id.biodiversity.org.au/taxon/apni/51737689","Protasparagus aethiopicus","Asparagus aethiopicus","","","","","","","","Plantae","Charophyta","Equisetopsida","Asparagales","Asparagaceae","Asparagus","","","","species","","L.","Asparagus Fern","","","","","","","","","Asparagus aethiopicus","","","","","","","","","","","","f18b5ae3-0020-47d2-9b32-698af30250db","","","","","","","","","","",""
"dr27665","NSW Biosecurity Information System - Weeds","","","","CC-BY-NC 4.0 (Int)","","","","","","","","","","","","HUMAN_OBSERVATION","","","","NSW.BIS.Weeds:459109","","","","","","","","","","","","PRESENT","","","","","","","","","","6db42aa5-142b-416d-847d-3996619e30cc","","","","","","","2021-12-23T00:00:00Z","","357","357","2021","12","23","","","","","","","","","","","","","","","Australia","AU","New South Wales","Canterbury-Bankstown Council","","","","","","","","","","","","","","-33.91","150.98","EPSG:4326","","","","","","","","","","","","","","","","","","","","","","","","","","","","","","","","","","","","","","","","","","","","","","","https://id.biodiversity.org.au/taxon/apni/51448660","Lantana camara","Lantana camara","","","","","","","","Plantae","Charophyta","Equisetopsida","Lamiales","Verbenaceae","Lantana","","","","species","","L.","Lantana","","","","","","","","","Lantana camara","","","","","","","","","","","","a337b9a6-f427-4b3d-ad51-b4d1e25ebca2","","","","","","","","","","",""
"dr27665","NSW Biosecurity Information System - Weeds","","","","CC-BY-NC 4.0 (Int)","","","","","","","","","","","","HUMAN_OBSERVATION","","","","NSW.BIS.Weeds:460759","","","","","","","","","","","","PRESENT","","","","","","","","","","a337b9a6-f427-4b3d-ad51-b4d1e25ebca2","","","","","","","2021-12-23T00:00:00Z","","357","357","2021","12","23","","","","","","","","","","","","","","","Australia","AU","New South Wales","Canterbury-Bankstown Council","","","","","","","","","","","","","","-33.91","150.98","EPSG:4326","","","","","","","","","","","","","","","","","","","","","","","","","","","","","","","","","","","","","","","","","","","","","","","https://id.biodiversity.org.au/taxon/apni/51448660","Lantana camara","Lantana camara","","","","","","","","Plantae","Charophyta","Equisetopsida","Lamiales","Verbenaceae","Lantana","","","","species","","L.","Lantana","","","","","","","","","Lantana camara","","","","","","","","","","","","6db42aa5-142b-416d-847d-3996619e30cc","","","","","","","","","","",""
"dr29830","Downing Herbarium AVH data","","","","CC-BY 4.0 (Int)","","","","","","","","MQU","MQU-DH","","","OCCURRENCE","","","","MQU-73009779","MQU-73009779","","Nooten, S.","","","","","","","","","PRESENT","","","","","","","course in riverbend on aluvial soil","","","","","","","","","","2014-03-11T00:00:00Z","","70","70","2014","3","11","","Course boundary vegetation, planted","","","","","Shrub","","","","","","","","Australia","AU","New South Wales","","","Liverpool Golf Course","","","","","","","","","","","","-33.909","150.976639","EPSG:4326","5.0","1.0E-5","","","","","","","","","","","","","","","","","","","","","","","","","","","","","","","","","","Nooten, S.","","","","","","","","","","","https://id.biodiversity.org.au/taxon/apni/51770690","Bauhinia cf. galpinii","Bauhinia","","","","","","","","Plantae","Charophyta","Equisetopsida","Fabales","Fabaceae","Bauhinia","","","","genus","","L.","","","","","","","","","","","","","","","","","","","","","","f1d7dcd0-9da7-451c-9b35-9a60f5589e4c","","","","","","","","","","",""
"dr368","NSW BioNet Atlas","","2022-04-21T14:19:30.280+10:00","en","CC-BY 4.0 (Int)","NSW Dept of Planning and Environment","","BioNet Atlas of NSW Wildlife 12/05/2022 1:00 AM +10:00","","","","2132.0","NSW Dept of Planning, Industry and Environment","BioNet Atlas of NSW Wildlife","GEORGES Vegetation Survey","NSW Dept of Planning and Environment","HUMAN_OBSERVATION","","","{""mechanicalHazardReductionDescription"":""N/A"",""geogExtent"":""N/A"",""mapSheetNumber"":""9030 - PENRITH"",""botanicalDivision"":""Central Coast"",""floraReserve"":""N/A"",""speciesFireDescription"":""N/A"",""vulnerability"":""N/A"",""protectedInNSW"":""false"",""bfmcs"":""N/A"",""potentialImpact"":""N/A"",""observationType"":""Floristics Record from Systematic Flora Survey"",""profileID"":""N/A"",""reserve"":""N/A"",""sourceDatasetName"":""GEORGES Vegetation Survey"",""ibra"":""Sydney Basin (NSW)"",""stateForest"":""N/A"",""status"":""Valid and accepted without modification""}","urn:catalog:NSW Dept of Planning, Industry and Environment:BioNet Atlas of NSW Wildlife:SPJGI3265370","SPJGI3265370","","OVLU99062101;OSLS05031800","","","","","","","","introduced","PRESENT","","","","","","","occurrenceRemarks withheld","","","","","","","CPJGI0079626","","","1999-06-28T00:00:00Z","","179","179","1999","6","28","","","Floristic Data","","","","","Clayey loam.","LPJGI0199207","","","","","","Australia","AU","New South Wales","CANTERBURY-BANKSTOWN","","locality withheld","","8.0","8.0","","","","","","","","locationRemarks withheld","-33.909506","150.979817","EPSG:4326","100.0","1.0E-9","","","","","","","","","","","","","","","","","","","","","","","","","","","","","","","","","","","","","","","10182","10182","","","","","https://id.biodiversity.org.au/node/apni/2917704","Leontodon taraxacoides subsp. taraxacoides","Leontodon saxatilis","","","","","","","","Plantae","Charophyta","Equisetopsida","Asterales","Asteraceae","Leontodon","","taraxacoides","taraxacoides","species","","Lam.","Hairy Hawkbit","ICBN","","","","","","","","Leontodon saxatilis","","","","","","","","","","Published dataset","","89cd52b2-b4a3-4c59-9b3d-e992e5447764","CC-BY 4.0","","","","","","","","","","Event"
"dr368","NSW BioNet Atlas","","2020-04-22T10:26:07.863+10:00","en","CC-BY 4.0 (Int)","NSW National Parks and Wildlife Service","","BioNet Atlas of NSW Wildlife 5/06/2020 1:00 AM +10:00","","","","1155.0","NSW Dept of Planning, Industry and Environment","BioNet Atlas of NSW Wildlife","DPIE Data from Scientific Licences dataset","NSW National Parks and Wildlife Service","HUMAN_OBSERVATION","","","{""mechanicalHazardReductionDescription"":""N/A"",""geogExtent"":""N/A"",""mapSheetNumber"":""9030 - PENRITH"",""botanicalDivision"":""Central Coast"",""floraReserve"":""N/A"",""speciesFireDescription"":""N/A"",""vulnerability"":""N/A"",""protectedInNSW"":""false"",""bfmcs"":""N/A"",""potentialImpact"":""N/A"",""observationType"":""Flora Record"",""profileID"":""N/A"",""reserve"":""N/A"",""sourceDatasetName"":""DPIE Data from Scientific Licences dataset"",""ibra"":""Sydney Basin (NSW)"",""stateForest"":""N/A"",""status"":""Valid and accepted without modification""}","urn:catalog:NSW Dept of Planning, Industry and Environment:BioNet Atlas of NSW Wildlife:SJJSI0830021","SJJSI0830021","","OIXR15013005","","","","","","","","","PRESENT","","","","","","","occurrenceRemarks withheld","","","","","","","","","","2018-05-23T00:00:00Z","","143","143","2018","5","23","","","","","","","","","LJJSI0150207","","","","","","Australia","AU","New South Wales","CANTERBURY-BANKSTOWN","","locality withheld","","","","","","","","","","","locationRemarks withheld","-33.909909","150.979481","EPSG:4326","20.0","1.0E-9","","","","","","","","","","","","","","","","","","","","","","","","","","","","","","","","","","","","","","","","14323","","","","","https://id.biodiversity.org.au/node/apni/2893169","Rytidosperma tenuius","Rytidosperma tenuius","","","","","","","","Plantae","Charophyta","Equisetopsida","Poales","Poaceae","Rytidosperma","","tenuius","","species","","(Steud.) A.Hansen & Sunding","Short-awn Wallaby-grass","ICBN","","","","","","","","Rytidosperma tenuius","","","","","","","","","","Published dataset","","e4d5af5c-78d7-4423-b257-a190eb2c308a","Unknown","","","","","","","","","","Event"
"dr368","NSW BioNet Atlas","","2024-03-15T11:43:02.633+11:00","en","CC-BY 4.0 (Int)","NSW National Parks and Wildlife Service","","BioNet Atlas of NSW Wildlife 19/03/2024 1:00 AM +11:00","","","","1155.0","NSW Dept of Planning, Industry and Environment","BioNet Atlas of NSW Wildlife","DPIE Data from Scientific Licences dataset","NSW National Parks and Wildlife Service","HUMAN_OBSERVATION","","","{""mechanicalHazardReductionDescription"":""N/A"",""geogExtent"":""N/A"",""mapSheetNumber"":""9030 - PENRITH"",""botanicalDivision"":""Central Coast"",""floraReserve"":""N/A"",""speciesFireDescription"":""N/A"",""vulnerability"":""N/A"",""protectedInNSW"":""false"",""bfmcs"":""N/A"",""potentialImpact"":""N/A"",""observationType"":""Flora Record"",""profileID"":""N/A"",""reserve"":""N/A"",""sourceDatasetName"":""DPIE Data from Scientific Licences dataset"",""ibra"":""Sydney Basin (NSW)"",""stateForest"":""N/A"",""status"":""Valid and accepted without modification""}","urn:catalog:NSW Dept of Planning, Industry and Environment:BioNet Atlas of NSW Wildlife:SIXRI1603457","SIXRI1603457","","OIXR13102801","","","","","","","","introduced","PRESENT","","","","Meredith Brainwood 2016, <i>Flora And Fauna Assessment Report ?GARRISON POINT</i>","","","occurrenceRemarks withheld","","","","","","","","","","2015-12-10T00:00:00Z","","344","344","2015","12","10","","","","","","","","","LIXRI0116989","","","","","","Australia","AU","New South Wales","CANTERBURY-BANKSTOWN","","locality withheld","","","","","","","","","","","locationRemarks withheld","-33.908598","150.974971","EPSG:4326","50.0","1.0E-9","","","","","","","","","","","","","","","","","","","","","","","","","","","","","","","","","","","","","","","","11047","","","","","https://id.biodiversity.org.au/node/apni/2897514","Araujia sericifera","Araujia sericifera","","","","","","","","Plantae","Charophyta","Equisetopsida","Gentianales","Apocynaceae","Araujia","","sericifera","","species","","Brot.","White Bladder-flower","ICBN","","","","","","","","Araujia sericifera","","","","","","","","","","Published dataset","","eaa52281-189f-4726-8722-d2eec3adec9d","Unknown","","","","","","","","","","Event"
"dr368","NSW BioNet Atlas","","2020-04-22T10:26:07.863+10:00","en","CC-BY 4.0 (Int)","NSW National Parks and Wildlife Service","","BioNet Atlas of NSW Wildlife 5/06/2020 1:00 AM +10:00","","","","1155.0","NSW Dept of Planning, Industry and Environment","BioNet Atlas of NSW Wildlife","DPIE Data from Scientific Licences dataset","NSW National Parks and Wildlife Service","HUMAN_OBSERVATION","","","{""mechanicalHazardReductionDescription"":""N/A"",""geogExtent"":""N/A"",""mapSheetNumber"":""9030 - PENRITH"",""botanicalDivision"":""Central Coast"",""floraReserve"":""N/A"",""speciesFireDescription"":""N/A"",""vulnerability"":""N/A"",""protectedInNSW"":""false"",""bfmcs"":""N/A"",""potentialImpact"":""N/A"",""observationType"":""Flora Record"",""profileID"":""N/A"",""reserve"":""N/A"",""sourceDatasetName"":""DPIE Data from Scientific Licences dataset"",""ibra"":""Sydney Basin (NSW)"",""stateForest"":""N/A"",""status"":""Valid and accepted without modification""}","urn:catalog:NSW Dept of Planning, Industry and Environment:BioNet Atlas of NSW Wildlife:SJJSI0829989","SJJSI0829989","","OIXR15013005","","","","","","","","","PRESENT","","","","","","","occurrenceRemarks withheld","","","","","","","","","","2018-05-23T00:00:00Z","","143","143","2018","5","23","","","","","","","","","LJJSI0150207","","","","","","Australia","AU","New South Wales","CANTERBURY-BANKSTOWN","","locality withheld","","","","","","","","","","","locationRemarks withheld","-33.909909","150.979481","EPSG:4326","20.0","1.0E-9","","","","","","","","","","","","","","","","","","","","","","","","","","","","","","","","","","","","","","","","3771","","","","","https://id.biodiversity.org.au/node/apni/2898882","Acacia falcata","Acacia falcata","","","","","","","","Plantae","Charophyta","Equisetopsida","Fabales","Fabaceae","Acacia","","falcata","","species","","Willd.","Sickle Wattle","ICBN","","","","","","","","Acacia falcata","","","","","","","","","","Published dataset","","d484e819-7dd7-4098-be89-824f2cc0feea","Unknown","","","","","","","","","","Event"
"dr368","NSW BioNet Atlas","","2024-03-15T11:43:02.633+11:00","en","CC-BY 4.0 (Int)","NSW National Parks and Wildlife Service","","BioNet Atlas of NSW Wildlife 19/03/2024 1:00 AM +11:00","","","","1155.0","NSW Dept of Planning, Industry and Environment","BioNet Atlas of NSW Wildlife","DPIE Data from Scientific Licences dataset","NSW National Parks and Wildlife Service","HUMAN_OBSERVATION","","","{""mechanicalHazardReductionDescription"":""N/A"",""geogExtent"":""N/A"",""mapSheetNumber"":""9030 - PENRITH"",""botanicalDivision"":""Central Coast"",""floraReserve"":""N/A"",""speciesFireDescription"":""N/A"",""vulnerability"":""N/A"",""protectedInNSW"":""false"",""bfmcs"":""N/A"",""potentialImpact"":""N/A"",""observationType"":""Flora Record"",""profileID"":""N/A"",""reserve"":""N/A"",""sourceDatasetName"":""DPIE Data from Scientific Licences dataset"",""ibra"":""Sydney Basin (NSW)"",""stateForest"":""N/A"",""status"":""Valid and accepted without modification""}","urn:catalog:NSW Dept of Planning, Industry and Environment:BioNet Atlas of NSW Wildlife:SIXRI1603468","SIXRI1603468","","OIXR13102801","","","","","","","","introduced","PRESENT","","","","Meredith Brainwood 2016, <i>Flora And Fauna Assessment Report ?GARRISON POINT</i>","","","occurrenceRemarks withheld","","","","","","","","","","2015-12-10T00:00:00Z","","344","344","2015","12","10","","","","","","","","","LIXRI0116989","","","","","","Australia","AU","New South Wales","CANTERBURY-BANKSTOWN","","locality withheld","","","","","","","","","","","locationRemarks withheld","-33.908598","150.974971","EPSG:4326","50.0","1.0E-9","","","","","","","","","","","","","","","","","","","","","","","","","","","","","","","","","","","","","","","","3930","","","","","https://id.biodiversity.org.au/node/apni/2903745","Morus alba","Morus alba","","","","","","","","Plantae","Charophyta","Equisetopsida","Rosales","Moraceae","Morus","","alba","","species","","L.","White Mulberry","ICBN","","","","","","","","Morus alba","","","","","","","","","","Published dataset","","976d4384-88f6-47db-8c8a-b41d6c932b4b","Unknown","","","","","","","","","","Event"
"dr368","NSW BioNet Atlas","","2025-12-15T17:26:24.880+11:00","en","CC-BY 4.0 (Int)","NSW National Parks and Wildlife Service","","BioNet Atlas of NSW Wildlife 23/12/2025 1:00 AM +11:00","","","","1155","NSW Dept of Planning, Industry and Environment","BioNet Atlas of NSW Wildlife","DPIE Data from Scientific Licences dataset","NSW National Parks and Wildlife Service","HUMAN_OBSERVATION","","","{""mechanicalHazardReductionDescription"":""N/A"",""geogExtent"":""N/A"",""mapSheetNumber"":""9030 - PENRITH"",""botanicalDivision"":""Central Coast"",""floraReserve"":""N/A"",""speciesFireDescription"":""N/A"",""vulnerability"":""N/A"",""protectedInNSW"":""false"",""bfmcs"":""N/A"",""potentialImpact"":""N/A"",""observationType"":""Flora Record"",""profileID"":""N/A"",""reserve"":""N/A"",""sourceDatasetName"":""DPIE Data from Scientific Licences dataset"",""ibra"":""Sydney Basin (NSW)"",""stateForest"":""N/A"",""status"":""Valid and accepted without modification""}","urn:catalog:NSW Dept of Planning, Industry and Environment:BioNet Atlas of NSW Wildlife:SJJSI1282717","SJJSI1282717","","OPUR19032102","","","","","","","","","PRESENT","","","","","","","occurrenceRemarks withheld","","","","","","","","","","2019-05-15T00:00:00Z","","135","135","2019","5","15","","","","","","","","","LJJSI0254435","","","","","","Australia","AU","New South Wales","CANTERBURY-BANKSTOWN","","locality withheld","","","","","","","","","","","locationRemarks withheld","-33.908406","150.980748","EPSG:4326","300.0","1.0E-9","","","","","","","","","","","","","","","","","","","","","","","","","","","","","","","","","","","","","","","","6308","","","","","https://id.biodiversity.org.au/node/apni/2895205","Lomandra longifolia","Lomandra longifolia","","","","","","","","Plantae","Charophyta","Equisetopsida","Asparagales","Asparagaceae","Lomandra","","longifolia","","species","","Labill.","Spiny-headed Mat-rush","ICBN","","","","","","","","Lomandra longifolia","","","","","","","","","","Published dataset","","af26f5e6-ebef-43cb-8571-a9950acea5e4","Unknown","","","","","","","","","","Event"
"dr368","NSW BioNet Atlas","","2020-04-22T10:26:07.863+10:00","en","CC-BY 4.0 (Int)","NSW National Parks and Wildlife Service","","BioNet Atlas of NSW Wildlife 5/06/2020 1:00 AM +10:00","","","","1155.0","NSW Dept of Planning, Industry and Environment","BioNet Atlas of NSW Wildlife","DPIE Data from Scientific Licences dataset","NSW National Parks and Wildlife Service","HUMAN_OBSERVATION","","","{""mechanicalHazardReductionDescription"":""N/A"",""geogExtent"":""N/A"",""mapSheetNumber"":""9030 - PENRITH"",""botanicalDivision"":""Central Coast"",""floraReserve"":""N/A"",""speciesFireDescription"":""N/A"",""vulnerability"":""N/A"",""protectedInNSW"":""false"",""bfmcs"":""N/A"",""potentialImpact"":""N/A"",""observationType"":""Flora Record"",""profileID"":""N/A"",""reserve"":""N/A"",""sourceDatasetName"":""DPIE Data from Scientific Licences dataset"",""ibra"":""Sydney Basin (NSW)"",""stateForest"":""N/A"",""status"":""Valid and accepted without modification""}","urn:catalog:NSW Dept of Planning, Industry and Environment:BioNet Atlas of NSW Wildlife:SJJSI0830016","SJJSI0830016","","OIXR15013005","","","","","","","","","PRESENT","","","","","","","occurrenceRemarks withheld","","","","","","","","","","2018-05-23T00:00:00Z","","143","143","2018","5","23","","","","","","","","","LJJSI0150207","","","","","","Australia","AU","New South Wales","CANTERBURY-BANKSTOWN","","locality withheld","","","","","","","","","","","locationRemarks withheld","-33.909909","150.979481","EPSG:4326","20.0","1.0E-9","","","","","","","","","","","","","","","","","","","","","","","","","","","","","","","","","","","","","","","","8557","","","","","https://id.biodiversity.org.au/node/apni/2886624","Ozothamnus diosmifolius","Ozothamnus diosmifolius","","","","","","","","Plantae","Charophyta","Equisetopsida","Asterales","Asteraceae","Ozothamnus","","diosmifolius","","species","","(Vent.) DC.","White Dogwood","ICBN","","","","","","","","Ozothamnus diosmifolius","","","","","","","","","","Published dataset","","a9a4e7fd-e421-4cbe-b5d4-008717b1619f","Unknown","","","","","","","","","","Event"
"dr368","NSW BioNet Atlas","","2022-12-21T11:44:59.390+11:00","en","CC-BY 4.0 (Int)","NSW National Parks and Wildlife Service","","BioNet Atlas of NSW Wildlife 3/01/2023 1:00 AM +11:00","","","","1155.0","NSW Dept of Planning, Industry and Environment","BioNet Atlas of NSW Wildlife","DPIE Data from Scientific Licences dataset","NSW National Parks and Wildlife Service","HUMAN_OBSERVATION","","","{""mechanicalHazardReductionDescription"":""N/A"",""geogExtent"":""N/A"",""mapSheetNumber"":""9030 - PENRITH"",""botanicalDivision"":""Central Coast"",""floraReserve"":""N/A"",""speciesFireDescription"":""N/A"",""vulnerability"":""N/A"",""protectedInNSW"":""false"",""bfmcs"":""N/A"",""potentialImpact"":""N/A"",""observationType"":""Flora Record"",""profileID"":""N/A"",""reserve"":""N/A"",""sourceDatasetName"":""DPIE Data from Scientific Licences dataset"",""ibra"":""Sydney Basin (NSW)"",""stateForest"":""N/A"",""status"":""Valid and accepted without modification""}","urn:catalog:NSW Dept of Planning, Industry and Environment:BioNet Atlas of NSW Wildlife:SJJSI0830008","SJJSI0830008","","OIXR15013005","","","","","","","","","PRESENT","","","","","","","occurrenceRemarks withheld","","","","","","","","","","2018-05-23T00:00:00Z","","143","143","2018","5","23","","","","","","","","","LJJSI0150207","","","","","","Australia","AU","New South Wales","CANTERBURY-BANKSTOWN","","locality withheld","","","","","","","","","","","locationRemarks withheld","-33.909909","150.979481","EPSG:4326","20.0","1.0E-9","","","","","","","","","","","","","","","","","","","","","","","","","","","","","","","","","","","","","","","","8602","","","","","https://id.biodiversity.org.au/node/apni/2888469","Eremophila debilis","Eremophila debilis","","","","","","","","Plantae","Charophyta","Equisetopsida","Lamiales","Scrophulariaceae","Eremophila","","debilis","","species","","(Andrews) Chinnock","Winter Apple","ICBN","","","","","","","","Eremophila debilis","","","","","","","","","","Published dataset","","1eb7289b-c69c-456b-8790-c5d3a61afc54","Unknown","","","","","","","","","","Event"
"dr368","NSW BioNet Atlas","","2024-03-15T11:43:02.633+11:00","en","CC-BY 4.0 (Int)","NSW National Parks and Wildlife Service","","BioNet Atlas of NSW Wildlife 19/03/2024 1:00 AM +11:00","","","","1155.0","NSW Dept of Planning, Industry and Environment","BioNet Atlas of NSW Wildlife","DPIE Data from Scientific Licences dataset","NSW National Parks and Wildlife Service","HUMAN_OBSERVATION","","","{""mechanicalHazardReductionDescription"":""N/A"",""geogExtent"":""N/A"",""mapSheetNumber"":""9030 - PENRITH"",""botanicalDivision"":""Central Coast"",""floraReserve"":""N/A"",""speciesFireDescription"":""N/A"",""vulnerability"":""N/A"",""protectedInNSW"":""false"",""bfmcs"":""N/A"",""potentialImpact"":""N/A"",""observationType"":""Flora Record"",""profileID"":""N/A"",""reserve"":""N/A"",""sourceDatasetName"":""DPIE Data from Scientific Licences dataset"",""ibra"":""Sydney Basin (NSW)"",""stateForest"":""N/A"",""status"":""Valid and accepted without modification""}","urn:catalog:NSW Dept of Planning, Industry and Environment:BioNet Atlas of NSW Wildlife:SIXRI1603467","SIXRI1603467","","OIXR13102801","","","","","","","","introduced","PRESENT","","","","Meredith Brainwood 2016, <i>Flora And Fauna Assessment Report ?GARRISON POINT</i>","","","occurrenceRemarks withheld","","","","","","","","","","2015-12-10T00:00:00Z","","344","344","2015","12","10","","","","","","","","","LIXRI0116989","","","","","","Australia","AU","New South Wales","CANTERBURY-BANKSTOWN","","locality withheld","","","","","","","","","","","locationRemarks withheld","-33.908598","150.974971","EPSG:4326","50.0","1.0E-9","","","","","","","","","","","","","","","","","","","","","","","","","","","","","","","","","","","","","","","","3660","","","","","https://id.biodiversity.org.au/node/apni/2914881","Modiola caroliniana","Modiola caroliniana","","","","","","","","Plantae","Charophyta","Equisetopsida","Malvales","Malvaceae","Modiola","","caroliniana","","species","","(L.) G.Don","Red-flowered Mallow","ICBN","","","","","","","","Modiola caroliniana","","","","","","","","","","Published dataset","","1cf64e70-bd52-4b11-92ca-a74bc6a5bd5e","Unknown","","","","","","","","","","Event"
"dr368","NSW BioNet Atlas","","2022-07-19T17:22:31.150+10:00","en","CC-BY 4.0 (Int)","NSW National Parks and Wildlife Service","","BioNet Atlas of NSW Wildlife 28/07/2022 1:00 AM +10:00","","","","1155.0","NSW Dept of Planning, Industry and Environment","BioNet Atlas of NSW Wildlife","DPIE Data from Scientific Licences dataset","NSW National Parks and Wildlife Service","HUMAN_OBSERVATION","","","{""mechanicalHazardReductionDescription"":""N/A"",""geogExtent"":""N/A"",""mapSheetNumber"":""9030 - PENRITH"",""botanicalDivision"":""Central Coast"",""floraReserve"":""N/A"",""speciesFireDescription"":""N/A"",""vulnerability"":""N/A"",""protectedInNSW"":""false"",""bfmcs"":""N/A"",""potentialImpact"":""N/A"",""observationType"":""Flora Record"",""profileID"":""N/A"",""reserve"":""N/A"",""sourceDatasetName"":""DPIE Data from Scientific Licences dataset"",""ibra"":""Sydney Basin (NSW)"",""stateForest"":""N/A"",""status"":""Valid and accepted without modification""}","urn:catalog:NSW Dept of Planning, Industry and Environment:BioNet Atlas of NSW Wildlife:SJJSI1282711","SJJSI1282711","","OPUR19032102","","","","","","","","introduced","PRESENT","","","","","","","occurrenceRemarks withheld","","","","","","","","","","2019-05-15T00:00:00Z","","135","135","2019","5","15","","","","","","","","","LJJSI0254435","","","","","","Australia","AU","New South Wales","CANTERBURY-BANKSTOWN","","locality withheld","","","","","","","","","","","locationRemarks withheld","-33.908406","150.980748","EPSG:4326","300.0","1.0E-9","","","","","","","","","","","","","","","","","","","","","","","","","","","","","","","","","","","","","","","","11047","","","","","https://id.biodiversity.org.au/node/apni/2897514","Araujia sericifera","Araujia sericifera","","","","","","","","Plantae","Charophyta","Equisetopsida","Gentianales","Apocynaceae","Araujia","","sericifera","","species","","Brot.","White Bladder-flower","ICBN","","","","","","","","Araujia sericifera","","","","","","","","","","Published dataset","","e42b6561-5532-40d0-a6d0-b6cf45ae8a8f","Unknown","","","","","","","","","","Event"
"dr368","NSW BioNet Atlas","","2024-03-15T11:43:02.633+11:00","en","CC-BY 4.0 (Int)","NSW National Parks and Wildlife Service","","BioNet Atlas of NSW Wildlife 19/03/2024 1:00 AM +11:00","","","","1155.0","NSW Dept of Planning, Industry and Environment","BioNet Atlas of NSW Wildlife","DPIE Data from Scientific Licences dataset","NSW National Parks and Wildlife Service","HUMAN_OBSERVATION","","","{""mechanicalHazardReductionDescription"":""N/A"",""geogExtent"":""N/A"",""mapSheetNumber"":""9030 - PENRITH"",""botanicalDivision"":""Central Coast"",""floraReserve"":""N/A"",""speciesFireDescription"":""N/A"",""vulnerability"":""N/A"",""protectedInNSW"":""false"",""bfmcs"":""N/A"",""potentialImpact"":""N/A"",""observationType"":""Flora Record"",""profileID"":""N/A"",""reserve"":""N/A"",""sourceDatasetName"":""DPIE Data from Scientific Licences dataset"",""ibra"":""Sydney Basin (NSW)"",""stateForest"":""N/A"",""status"":""Valid and accepted without modification""}","urn:catalog:NSW Dept of Planning, Industry and Environment:BioNet Atlas of NSW Wildlife:SIXRI1603449","SIXRI1603449","","OIXR13102801","","","","","","","","","PRESENT","","","","Meredith Brainwood 2016, <i>Flora And Fauna Assessment Report ?GARRISON POINT</i>","","","occurrenceRemarks withheld","","","","","","","","","","2015-12-10T00:00:00Z","","344","344","2015","12","10","","","","","","","","","LIXRI0116989","","","","","","Australia","AU","New South Wales","CANTERBURY-BANKSTOWN","","locality withheld","","","","","","","","","","","locationRemarks withheld","-33.908598","150.974971","EPSG:4326","50.0","1.0E-9","","","","","","","","","","","","","","","","","","","","","","","","","","","","","","","","","","","","","","","","5037","","","","","https://id.biodiversity.org.au/node/apni/2916956","Microlaena stipoides","Microlaena stipoides","","","","","","","","Plantae","Charophyta","Equisetopsida","Poales","Poaceae","Microlaena","","stipoides","","species","","(Labill.) R.Br.","Weeping Grass","ICBN","","","","","","","","Microlaena stipoides","","","","","","","","","","Published dataset","","1883559b-a849-401a-aa71-710aa5706184","Unknown","","","","","","","","","","Event"
"dr368","NSW BioNet Atlas","","2022-07-19T17:23:18.843+10:00","en","CC-BY 4.0 (Int)","NSW National Parks and Wildlife Service","","BioNet Atlas of NSW Wildlife 28/07/2022 1:00 AM +10:00","","","","1155.0","NSW Dept of Planning, Industry and Environment","BioNet Atlas of NSW Wildlife","DPIE Data from Scientific Licences dataset","NSW National Parks and Wildlife Service","HUMAN_OBSERVATION","","","{""mechanicalHazardReductionDescription"":""N/A"",""geogExtent"":""N/A"",""mapSheetNumber"":""9030 - PENRITH"",""botanicalDivision"":""Central Coast"",""floraReserve"":""N/A"",""speciesFireDescription"":""N/A"",""vulnerability"":""N/A"",""protectedInNSW"":""false"",""bfmcs"":""N/A"",""potentialImpact"":""N/A"",""observationType"":""Flora Record"",""profileID"":""N/A"",""reserve"":""N/A"",""sourceDatasetName"":""DPIE Data from Scientific Licences dataset"",""ibra"":""Sydney Basin (NSW)"",""stateForest"":""N/A"",""status"":""Valid and accepted without modification""}","urn:catalog:NSW Dept of Planning, Industry and Environment:BioNet Atlas of NSW Wildlife:SJJSI1282720","SJJSI1282720","","OPUR19032102","","","","","","","","introduced","PRESENT","","","","","","","occurrenceRemarks withheld","","","","","","","","","","2019-05-15T00:00:00Z","","135","135","2019","5","15","","","","","","","","","LJJSI0254435","","","","","","Australia","AU","New South Wales","CANTERBURY-BANKSTOWN","","locality withheld","","","","","","","","","","","locationRemarks withheld","-33.908406","150.980748","EPSG:4326","300.0","1.0E-9","","","","","","","","","","","","","","","","","","","","","","","","","","","","","","","","","","","","","","","","5086","","","","","https://id.biodiversity.org.au/node/apni/2888864","Paspalum dilatatum","Paspalum dilatatum","","","","","","","","Plantae","Charophyta","Equisetopsida","Poales","Poaceae","Paspalum","","dilatatum","","species","","Poir.","Paspalum","ICBN","","","","","","","","Paspalum dilatatum","","","","","","","","","","Published dataset","","51620fac-584e-41a0-9771-1761cf6000fc","Unknown","","","","","","","","","","Event"
"dr368","NSW BioNet Atlas","","2024-03-15T11:43:02.633+11:00","en","CC-BY 4.0 (Int)","NSW National Parks and Wildlife Service","","BioNet Atlas of NSW Wildlife 19/03/2024 1:00 AM +11:00","","","","1155.0","NSW Dept of Planning, Industry and Environment","BioNet Atlas of NSW Wildlife","DPIE Data from Scientific Licences dataset","NSW National Parks and Wildlife Service","HUMAN_OBSERVATION","","","{""mechanicalHazardReductionDescription"":""N/A"",""geogExtent"":""N/A"",""mapSheetNumber"":""9030 - PENRITH"",""botanicalDivision"":""Central Coast"",""floraReserve"":""N/A"",""speciesFireDescription"":""N/A"",""vulnerability"":""N/A"",""protectedInNSW"":""false"",""bfmcs"":""N/A"",""potentialImpact"":""N/A"",""observationType"":""Flora Record"",""profileID"":""N/A"",""reserve"":""N/A"",""sourceDatasetName"":""DPIE Data from Scientific Licences dataset"",""ibra"":""Sydney Basin (NSW)"",""stateForest"":""N/A"",""status"":""Valid and accepted without modification""}","urn:catalog:NSW Dept of Planning, Industry and Environment:BioNet Atlas of NSW Wildlife:SIXRI1603455","SIXRI1603455","","OIXR13102801","","","","","","","","introduced","PRESENT","","","","Meredith Brainwood 2016, <i>Flora And Fauna Assessment Report ?GARRISON POINT</i>","","","occurrenceRemarks withheld","","","","","","","","","","2015-12-10T00:00:00Z","","344","344","2015","12","10","","","","","","","","","LIXRI0116989","","","","","","Australia","AU","New South Wales","CANTERBURY-BANKSTOWN","","locality withheld","","","","","","","","","","","locationRemarks withheld","-33.908598","150.974971","EPSG:4326","50.0","1.0E-9","","","","","","","","","","","","","","","","","","","","","","","","","","","","","","","","","","","","","","","","7191","","","","","https://id.biodiversity.org.au/node/apni/2887511","Alternanthera pungens","Alternanthera pungens","","","","","","","","Plantae","Charophyta","Equisetopsida","Caryophyllales","Amaranthaceae","Alternanthera","","pungens","","species","","Kunth","Khaki Weed","ICBN","","","","","","","","Alternanthera pungens","","","","","","","","","","Published dataset","","7670de36-8e13-43c0-853a-51cf2ffbf108","Unknown","","","","","","","","","","Event"
"dr368","NSW BioNet Atlas","","2022-04-21T14:19:30.280+10:00","en","CC-BY 4.0 (Int)","NSW Dept of Planning and Environment","","BioNet Atlas of NSW Wildlife 12/05/2022 1:00 AM +10:00","","","","2132.0","NSW Dept of Planning, Industry and Environment","BioNet Atlas of NSW Wildlife","GEORGES Vegetation Survey","NSW Dept of Planning and Environment","HUMAN_OBSERVATION","","","{""mechanicalHazardReductionDescription"":""N/A"",""geogExtent"":""N/A"",""mapSheetNumber"":""9030 - PENRITH"",""botanicalDivision"":""Central Coast"",""floraReserve"":""N/A"",""speciesFireDescription"":""N/A"",""vulnerability"":""N/A"",""protectedInNSW"":""false"",""bfmcs"":""N/A"",""potentialImpact"":""N/A"",""observationType"":""Floristics Record from Systematic Flora Survey"",""profileID"":""N/A"",""reserve"":""N/A"",""sourceDatasetName"":""GEORGES Vegetation Survey"",""ibra"":""Sydney Basin (NSW)"",""stateForest"":""N/A"",""status"":""Valid and accepted without modification""}","urn:catalog:NSW Dept of Planning, Industry and Environment:BioNet Atlas of NSW Wildlife:SPJGI3265391","SPJGI3265391","","OVLU99062101;OSLS05031800","","","","","","","","","PRESENT","","","","","","","occurrenceRemarks withheld","","","8982fb3f-9fb4-4331-b4ff-6d7d889e2a75","","","","CPJGI0079626","","","1999-06-28T00:00:00Z","","179","179","1999","6","28","","","Floristic Data","","","","","Clayey loam.","LPJGI0199207","","","","","","Australia","AU","New South Wales","CANTERBURY-BANKSTOWN","","locality withheld","","8.0","8.0","","","","","","","","locationRemarks withheld","-33.909506","150.979817","EPSG:4326","100.0","1.0E-9","","","","","","","","","","","","","","","","","","","","","","","","","","","","","","","","","","","","","","","5219","7770","","","","","https://id.biodiversity.org.au/taxon/apni/51291519","Themeda triandra","Themeda triandra","","","","","","","","Plantae","Charophyta","Equisetopsida","Poales","Poaceae","Themeda","","triandra","","species","","Forssk.","Kangaroo Grass","ICBN","","","","","","","","Themeda triandra","","","","","","","","","","Published dataset","","722c7d93-9b6c-4067-8a3f-d1df8c679751","CC-BY 4.0","","","","","","","","","","Event"
"dr368","NSW BioNet Atlas","","2020-04-22T10:26:07.863+10:00","en","CC-BY 4.0 (Int)","NSW National Parks and Wildlife Service","","BioNet Atlas of NSW Wildlife 5/06/2020 1:00 AM +10:00","","","","1155.0","NSW Dept of Planning, Industry and Environment","BioNet Atlas of NSW Wildlife","DPIE Data from Scientific Licences dataset","NSW National Parks and Wildlife Service","HUMAN_OBSERVATION","","","{""mechanicalHazardReductionDescription"":""N/A"",""geogExtent"":""N/A"",""mapSheetNumber"":""9030 - PENRITH"",""botanicalDivision"":""Central Coast"",""floraReserve"":""N/A"",""speciesFireDescription"":""N/A"",""vulnerability"":""N/A"",""protectedInNSW"":""false"",""bfmcs"":""N/A"",""potentialImpact"":""N/A"",""observationType"":""Flora Record"",""profileID"":""N/A"",""reserve"":""N/A"",""sourceDatasetName"":""DPIE Data from Scientific Licences dataset"",""ibra"":""Sydney Basin (NSW)"",""stateForest"":""N/A"",""status"":""Valid and accepted without modification""}","urn:catalog:NSW Dept of Planning, Industry and Environment:BioNet Atlas of NSW Wildlife:SJJSI0830004","SJJSI0830004","","OIXR15013005","","","","","","","","","PRESENT","","","","","","","occurrenceRemarks withheld","","","","","","","","","","2018-05-23T00:00:00Z","","143","143","2018","5","23","","","","","","","","","LJJSI0150207","","","","","","Australia","AU","New South Wales","CANTERBURY-BANKSTOWN","","locality withheld","","","","","","","","","","","locationRemarks withheld","-33.909909","150.979481","EPSG:4326","20.0","1.0E-9","","","","","","","","","","","","","","","","","","","","","","","","","","","","","","","","","","","","","","","","2222","","","","","https://id.biodiversity.org.au/node/apni/2886410","Dichondra repens","Dichondra repens","","","","","","","","Plantae","Charophyta","Equisetopsida","Solanales","Convolvulaceae","Dichondra","","repens","","species","","J.R.Forst. & G.Forst.","Kidney-weed","ICBN","","","","","","","","Dichondra repens","","","","","","","","","","Published dataset","","69dc5d20-0751-47c0-92a4-e6328914cc08","Unknown","","","","","","","","","","Event"
"dr368","NSW BioNet Atlas","","2022-07-19T17:23:42.183+10:00","en","CC-BY 4.0 (Int)","NSW Dept of Planning and Environment","","BioNet Atlas of NSW Wildlife 28/07/2022 1:00 AM +10:00","","","","2132.0","NSW Dept of Planning, Industry and Environment","BioNet Atlas of NSW Wildlife","GEORGES Vegetation Survey","NSW Dept of Planning and Environment","HUMAN_OBSERVATION","","","{""mechanicalHazardReductionDescription"":""N/A"",""geogExtent"":""N/A"",""mapSheetNumber"":""9030 - PENRITH"",""botanicalDivision"":""Central Coast"",""floraReserve"":""N/A"",""speciesFireDescription"":""N/A"",""vulnerability"":""N/A"",""protectedInNSW"":""false"",""bfmcs"":""N/A"",""potentialImpact"":""N/A"",""observationType"":""Floristics Record from Systematic Flora Survey"",""profileID"":""N/A"",""reserve"":""N/A"",""sourceDatasetName"":""GEORGES Vegetation Survey"",""ibra"":""Sydney Basin (NSW)"",""stateForest"":""N/A"",""status"":""Valid and accepted without modification""}","urn:catalog:NSW Dept of Planning, Industry and Environment:BioNet Atlas of NSW Wildlife:SPJGI3265393","SPJGI3265393","","OVLU99062101;OSLS05031800","","","","","","","","introduced","PRESENT","","","","","","","occurrenceRemarks withheld","","","","","","","CPJGI0079626","","","1999-06-28T00:00:00Z","","179","179","1999","6","28","","","Floristic Data","","","","","Clayey loam.","LPJGI0199207","","","","","","Australia","AU","New South Wales","CANTERBURY-BANKSTOWN","","locality withheld","","8.0","8.0","","","","","","","","locationRemarks withheld","-33.909506","150.979817","EPSG:4326","100.0","1.0E-9","","","","","","","","","","","","","","","","","","","","","","","","","","","","","","","","","","","","","","","6465","6465","","","","","https://id.biodiversity.org.au/node/apni/2903107","Senecio madagascariensis","Senecio madagascariensis","","","","","","","","Plantae","Charophyta","Equisetopsida","Asterales","Asteraceae","Senecio","","madagascariensis","","species","","Poir.","Fireweed","ICBN","","","","","","","","Senecio madagascariensis","","","","","","","","","","Published dataset","","c2b286c1-448a-4e67-b21b-fd86b893551a","CC-BY 4.0","","","","","","","","","","Event"
"dr368","NSW BioNet Atlas","","2024-03-15T11:43:02.633+11:00","en","CC-BY 4.0 (Int)","NSW National Parks and Wildlife Service","","BioNet Atlas of NSW Wildlife 19/03/2024 1:00 AM +11:00","","","","1155.0","NSW Dept of Planning, Industry and Environment","BioNet Atlas of NSW Wildlife","DPIE Data from Scientific Licences dataset","NSW National Parks and Wildlife Service","HUMAN_OBSERVATION","","","{""mechanicalHazardReductionDescription"":""N/A"",""geogExtent"":""N/A"",""mapSheetNumber"":""9030 - PENRITH"",""botanicalDivision"":""Central Coast"",""floraReserve"":""N/A"",""speciesFireDescription"":""N/A"",""vulnerability"":""N/A"",""protectedInNSW"":""false"",""bfmcs"":""N/A"",""potentialImpact"":""N/A"",""observationType"":""Flora Record"",""profileID"":""N/A"",""reserve"":""N/A"",""sourceDatasetName"":""DPIE Data from Scientific Licences dataset"",""ibra"":""Sydney Basin (NSW)"",""stateForest"":""N/A"",""status"":""Valid and accepted without modification""}","urn:catalog:NSW Dept of Planning, Industry and Environment:BioNet Atlas of NSW Wildlife:SIXRI1603442","SIXRI1603442","","OIXR13102801","","","","","","","","","PRESENT","","","","Meredith Brainwood 2016, <i>Flora And Fauna Assessment Report ?GARRISON POINT</i>","","","occurrenceRemarks withheld","","","","","","","","","","2015-12-10T00:00:00Z","","344","344","2015","12","10","","","","","","","","","LIXRI0116989","","","","","","Australia","AU","New South Wales","CANTERBURY-BANKSTOWN","","locality withheld","","","","","","","","","","","locationRemarks withheld","-33.908598","150.974971","EPSG:4326","50.0","1.0E-9","","","","","","","","","","","","","","","","","","","","","","","","","","","","","","","","","","","","","","","","2022","","","","","https://id.biodiversity.org.au/node/apni/2893120","Casuarina glauca","Casuarina glauca","","","","","","","","Plantae","Charophyta","Equisetopsida","Fagales","Casuarinaceae","Casuarina","","glauca","","species","","Sieber ex Spreng.","Swamp Oak","ICBN","","","","","","","","Casuarina glauca","","","","","","","","","","Published dataset","","c90e2da3-c5e5-4a17-b34a-24429095da0d","Unknown","","","","","","","","","","Event"
"dr368","NSW BioNet Atlas","","2024-03-15T11:43:02.633+11:00","en","CC-BY 4.0 (Int)","NSW National Parks and Wildlife Service","","BioNet Atlas of NSW Wildlife 19/03/2024 1:00 AM +11:00","","","","1155.0","NSW Dept of Planning, Industry and Environment","BioNet Atlas of NSW Wildlife","DPIE Data from Scientific Licences dataset","NSW National Parks and Wildlife Service","HUMAN_OBSERVATION","","","{""mechanicalHazardReductionDescription"":""N/A"",""geogExtent"":""N/A"",""mapSheetNumber"":""9030 - PENRITH"",""botanicalDivision"":""Central Coast"",""floraReserve"":""N/A"",""speciesFireDescription"":""N/A"",""vulnerability"":""N/A"",""protectedInNSW"":""false"",""bfmcs"":""N/A"",""potentialImpact"":""N/A"",""observationType"":""Flora Record"",""profileID"":""N/A"",""reserve"":""N/A"",""sourceDatasetName"":""DPIE Data from Scientific Licences dataset"",""ibra"":""Sydney Basin (NSW)"",""stateForest"":""N/A"",""status"":""Valid and accepted without modification""}","urn:catalog:NSW Dept of Planning, Industry and Environment:BioNet Atlas of NSW Wildlife:SIXRI1603445","SIXRI1603445","","OIXR13102801","","","","","","","","","PRESENT","","","","Meredith Brainwood 2016, <i>Flora And Fauna Assessment Report ?GARRISON POINT</i>","","","occurrenceRemarks withheld","","","","","","","","","","2015-12-10T00:00:00Z","","344","344","2015","12","10","","","","","","","","","LIXRI0116989","","","","","","Australia","AU","New South Wales","CANTERBURY-BANKSTOWN","","locality withheld","","","","","","","","","","","locationRemarks withheld","-33.908598","150.974971","EPSG:4326","50.0","1.0E-9","","","","","","","","","","","","","","","","","","","","","","","","","","","","","","","","","","","","","","","","2112","","","","","https://id.biodiversity.org.au/node/apni/2890216","Einadia polygonoides","Einadia polygonoides","","","","","","","","Plantae","Charophyta","Equisetopsida","Caryophyllales","Chenopodiaceae","Einadia","","polygonoides","","species","","(Murr) Paul G.Wilson","Knotted Goosefoot","ICBN","","","","","","","","Einadia polygonoides","","","","","","","","","","Published dataset","","3ffdf311-d9f3-4f36-a7bd-f5b724451da1","Unknown","","","","","","","","","","Event"
"dr368","NSW BioNet Atlas","","2022-07-19T17:22:35.130+10:00","en","CC-BY 4.0 (Int)","NSW Dept of Planning and Environment","","BioNet Atlas of NSW Wildlife 28/07/2022 1:00 AM +10:00","","","","2132.0","NSW Dept of Planning, Industry and Environment","BioNet Atlas of NSW Wildlife","GEORGES Vegetation Survey","NSW Dept of Planning and Environment","HUMAN_OBSERVATION","","","{""mechanicalHazardReductionDescription"":""N/A"",""geogExtent"":""N/A"",""mapSheetNumber"":""9030 - PENRITH"",""botanicalDivision"":""Central Coast"",""floraReserve"":""N/A"",""speciesFireDescription"":""N/A"",""vulnerability"":""N/A"",""protectedInNSW"":""false"",""bfmcs"":""N/A"",""potentialImpact"":""N/A"",""observationType"":""Floristics Record from Systematic Flora Survey"",""profileID"":""N/A"",""reserve"":""N/A"",""sourceDatasetName"":""GEORGES Vegetation Survey"",""ibra"":""Sydney Basin (NSW)"",""stateForest"":""N/A"",""status"":""Valid and accepted without modification""}","urn:catalog:NSW Dept of Planning, Industry and Environment:BioNet Atlas of NSW Wildlife:SPJGI3265371","SPJGI3265371","","OVLU99062101;OSLS05031800","","","","","","","","introduced","PRESENT","","","","","","","occurrenceRemarks withheld","","","","","","","CPJGI0079626","","","1999-06-28T00:00:00Z","","179","179","1999","6","28","","","Floristic Data","","","","","Clayey loam.","LPJGI0199207","","","","","","Australia","AU","New South Wales","CANTERBURY-BANKSTOWN","","locality withheld","","8.0","8.0","","","","","","","","locationRemarks withheld","-33.909506","150.979817","EPSG:4326","100.0","1.0E-9","","","","","","","","","","","","","","","","","","","","","","","","","","","","","","","","","","","","","","","1283","1283","","","","","https://id.biodiversity.org.au/taxon/apni/51741635","Bidens pilosa","Bidens pilosa","","","","","","","","Plantae","Charophyta","Equisetopsida","Asterales","Asteraceae","Bidens","","pilosa","","species","","L.","Cobbler's Pegs","ICBN","","","","","","","","Bidens pilosa","","","","","","","","","","Published dataset","","48d3cfc5-0ebe-40a4-ad01-5619fe01627a","CC-BY 4.0","","","","","","","","","","Event"
"dr368","NSW BioNet Atlas","","2024-03-15T11:43:02.633+11:00","en","CC-BY 4.0 (Int)","NSW National Parks and Wildlife Service","","BioNet Atlas of NSW Wildlife 19/03/2024 1:00 AM +11:00","","","","1155.0","NSW Dept of Planning, Industry and Environment","BioNet Atlas of NSW Wildlife","DPIE Data from Scientific Licences dataset","NSW National Parks and Wildlife Service","HUMAN_OBSERVATION","","","{""mechanicalHazardReductionDescription"":""N/A"",""geogExtent"":""N/A"",""mapSheetNumber"":""9030 - PENRITH"",""botanicalDivision"":""Central Coast"",""floraReserve"":""N/A"",""speciesFireDescription"":""N/A"",""vulnerability"":""N/A"",""protectedInNSW"":""false"",""bfmcs"":""N/A"",""potentialImpact"":""N/A"",""observationType"":""Flora Record"",""profileID"":""N/A"",""reserve"":""N/A"",""sourceDatasetName"":""DPIE Data from Scientific Licences dataset"",""ibra"":""Sydney Basin (NSW)"",""stateForest"":""N/A"",""status"":""Valid and accepted without modification""}","urn:catalog:NSW Dept of Planning, Industry and Environment:BioNet Atlas of NSW Wildlife:SIXRI1603451","SIXRI1603451","","OIXR13102801","","","","","","","","","PRESENT","","","","Meredith Brainwood 2016, <i>Flora And Fauna Assessment Report ?GARRISON POINT</i>","","","occurrenceRemarks withheld","","","","","","","","","","2015-12-10T00:00:00Z","","344","344","2015","12","10","","","","","","","","","LIXRI0116989","","","","","","Australia","AU","New South Wales","CANTERBURY-BANKSTOWN","","locality withheld","","","","","","","","","","","locationRemarks withheld","-33.908598","150.974971","EPSG:4326","50.0","1.0E-9","","","","","","","","","","","","","","","","","","","","","","","","","","","","","","","","","","","","","","","","3210","","","","","https://id.biodiversity.org.au/taxon/apni/51772371","Selliera radicans","Goodenia radicans","","","","","","","","Plantae","Charophyta","Equisetopsida","Asterales","Goodeniaceae","Goodenia","","radicans","","species","","(Cav.) Pers.","Shiny Swamp-mat","ICBN","","","","","","","","Goodenia radicans","","","","","","","","","","Published dataset","","c72544a1-db19-4379-a55f-9a2f04efcaaf","Unknown","","","","","","","","","","Event"
"dr368","NSW BioNet Atlas","","2022-07-19T17:23:08.987+10:00","en","CC-BY 4.0 (Int)","NSW National Parks and Wildlife Service","","BioNet Atlas of NSW Wildlife 28/07/2022 1:00 AM +10:00","","","","1155.0","NSW Dept of Planning, Industry and Environment","BioNet Atlas of NSW Wildlife","DPIE Data from Scientific Licences dataset","NSW National Parks and Wildlife Service","HUMAN_OBSERVATION","","","{""mechanicalHazardReductionDescription"":""N/A"",""geogExtent"":""N/A"",""mapSheetNumber"":""9030 - PENRITH"",""botanicalDivision"":""Central Coast"",""floraReserve"":""N/A"",""speciesFireDescription"":""N/A"",""vulnerability"":""N/A"",""protectedInNSW"":""false"",""bfmcs"":""N/A"",""potentialImpact"":""N/A"",""observationType"":""Flora Record"",""profileID"":""N/A"",""reserve"":""N/A"",""sourceDatasetName"":""DPIE Data from Scientific Licences dataset"",""ibra"":""Sydney Basin (NSW)"",""stateForest"":""N/A"",""status"":""Valid and accepted without modification""}","urn:catalog:NSW Dept of Planning, Industry and Environment:BioNet Atlas of NSW Wildlife:SJJSI0830017","SJJSI0830017","","OIXR15013005","","","","","","","","introduced","PRESENT","","","","","","","occurrenceRemarks withheld","","","","","","","","","","2018-05-23T00:00:00Z","","143","143","2018","5","23","","","","","","","","","LJJSI0150207","","","","","","Australia","AU","New South Wales","CANTERBURY-BANKSTOWN","","locality withheld","","","","","","","","","","","locationRemarks withheld","-33.909909","150.979481","EPSG:4326","20.0","1.0E-9","","","","","","","","","","","","","","","","","","","","","","","","","","","","","","","","","","","","","","","","14001","","","","","https://id.biodiversity.org.au/node/apni/2905083","Megathyrsus maximus","Megathyrsus maximus","","","","","","","","Plantae","Charophyta","Equisetopsida","Poales","Poaceae","Megathyrsus","","maximus","","species","","(Jacq.) B.K.Simon & S.W.L.Jacobs","Guinea Grass","ICBN","","","","","","","","Megathyrsus maximus","","","","","","","","","","Published dataset","","7e533448-787d-4f0f-ba14-e0011e5eda23","Unknown","","","","","","","","","","Event"
"dr368","NSW BioNet Atlas","","2022-04-21T14:19:30.280+10:00","en","CC-BY 4.0 (Int)","NSW Dept of Planning and Environment","","BioNet Atlas of NSW Wildlife 12/05/2022 1:00 AM +10:00","","","","2132.0","NSW Dept of Planning, Industry and Environment","BioNet Atlas of NSW Wildlife","GEORGES Vegetation Survey","NSW Dept of Planning and Environment","HUMAN_OBSERVATION","","","{""mechanicalHazardReductionDescription"":""N/A"",""geogExtent"":""N/A"",""mapSheetNumber"":""9030 - PENRITH"",""botanicalDivision"":""Central Coast"",""floraReserve"":""N/A"",""speciesFireDescription"":""N/A"",""vulnerability"":""N/A"",""protectedInNSW"":""false"",""bfmcs"":""N/A"",""potentialImpact"":""N/A"",""observationType"":""Floristics Record from Systematic Flora Survey"",""profileID"":""N/A"",""reserve"":""N/A"",""sourceDatasetName"":""GEORGES Vegetation Survey"",""ibra"":""Sydney Basin (NSW)"",""stateForest"":""N/A"",""status"":""Valid and accepted without modification""}","urn:catalog:NSW Dept of Planning, Industry and Environment:BioNet Atlas of NSW Wildlife:SPJGI3265394","SPJGI3265394","","OVLU99062101;OSLS05031800","","","","","","","","","PRESENT","","","","","","","occurrenceRemarks withheld","","","","","","","CPJGI0079626","","","1999-06-28T00:00:00Z","","179","179","1999","6","28","","","Floristic Data","","","","","Clayey loam.","LPJGI0199207","","","","","","Australia","AU","New South Wales","CANTERBURY-BANKSTOWN","","locality withheld","","8.0","8.0","","","","","","","","locationRemarks withheld","-33.909506","150.979817","EPSG:4326","100.0","1.0E-9","","","","","","","","","","","","","","","","","","","","","","","","","","","","","","","","","","","","","","","14318","14318","","","","","https://id.biodiversity.org.au/node/apni/2891990","Rytidosperma racemosum var. racemosum","Rytidosperma racemosum var. racemosum","","","","","","","","Plantae","Charophyta","Equisetopsida","Poales","Poaceae","Rytidosperma","","racemosum","racemosum","variety","","","Slender Wallaby-grass","ICBN","","","","","","","","Rytidosperma racemosum","","","","","","","","","","Published dataset","","53ca20dc-b7cb-440c-9fbd-e647a659504c","CC-BY 4.0","","","","","","","","","","Event"
"dr368","NSW BioNet Atlas","","2022-04-21T14:19:30.280+10:00","en","CC-BY 4.0 (Int)","NSW Dept of Planning and Environment","","BioNet Atlas of NSW Wildlife 12/05/2022 1:00 AM +10:00","","","","2132.0","NSW Dept of Planning, Industry and Environment","BioNet Atlas of NSW Wildlife","GEORGES Vegetation Survey","NSW Dept of Planning and Environment","HUMAN_OBSERVATION","","","{""mechanicalHazardReductionDescription"":""N/A"",""geogExtent"":""N/A"",""mapSheetNumber"":""9030 - PENRITH"",""botanicalDivision"":""Central Coast"",""floraReserve"":""N/A"",""speciesFireDescription"":""N/A"",""vulnerability"":""N/A"",""protectedInNSW"":""false"",""bfmcs"":""N/A"",""potentialImpact"":""N/A"",""observationType"":""Floristics Record from Systematic Flora Survey"",""profileID"":""N/A"",""reserve"":""N/A"",""sourceDatasetName"":""GEORGES Vegetation Survey"",""ibra"":""Sydney Basin (NSW)"",""stateForest"":""N/A"",""status"":""Valid and accepted without modification""}","urn:catalog:NSW Dept of Planning, Industry and Environment:BioNet Atlas of NSW Wildlife:SPJGI3265387","SPJGI3265387","","OVLU99062101;OSLS05031800","","","","","","","","","PRESENT","","","","","","","occurrenceRemarks withheld","","","","","","","CPJGI0079626","","","1999-06-28T00:00:00Z","","179","179","1999","6","28","","","Floristic Data","","","","","Clayey loam.","LPJGI0199207","","","","","","Australia","AU","New South Wales","CANTERBURY-BANKSTOWN","","locality withheld","","8.0","8.0","","","","","","","","locationRemarks withheld","-33.909506","150.979817","EPSG:4326","100.0","1.0E-9","","","","","","","","","","","","","","","","","","","","","","","","","","","","","","","","","","","","","","","4960","4960","","","","","https://id.biodiversity.org.au/node/apni/2887210","Eragrostis leptostachya","Eragrostis leptostachya","","","","","","","","Plantae","Charophyta","Equisetopsida","Poales","Poaceae","Eragrostis","","leptostachya","","species","","(R.Br.) Steud.","Paddock Lovegrass","ICBN","","","","","","","","Eragrostis leptostachya","","","","","","","","","","Published dataset","","736c06ff-cac1-40fe-a440-e78475b5f9aa","CC-BY 4.0","","","","","","","","","","Event"
"dr368","NSW BioNet Atlas","","2022-12-14T19:36:55.167+11:00","en","CC-BY 4.0 (Int)","NSW National Parks and Wildlife Service","","BioNet Atlas of NSW Wildlife 20/12/2022 1:00 AM +11:00","","","","1155.0","NSW Dept of Planning, Industry and Environment","BioNet Atlas of NSW Wildlife","DPIE Data from Scientific Licences dataset","NSW National Parks and Wildlife Service","HUMAN_OBSERVATION","","","{""mechanicalHazardReductionDescription"":""N/A"",""geogExtent"":""N/A"",""mapSheetNumber"":""9030 - PENRITH"",""botanicalDivision"":""Central Coast"",""floraReserve"":""N/A"",""speciesFireDescription"":""N/A"",""vulnerability"":""N/A"",""protectedInNSW"":""false"",""bfmcs"":""N/A"",""potentialImpact"":""N/A"",""observationType"":""Flora Record"",""profileID"":""N/A"",""reserve"":""N/A"",""sourceDatasetName"":""DPIE Data from Scientific Licences dataset"",""ibra"":""Sydney Basin (NSW)"",""stateForest"":""N/A"",""status"":""Valid and accepted without modification""}","urn:catalog:NSW Dept of Planning, Industry and Environment:BioNet Atlas of NSW Wildlife:SJJSI0830003","SJJSI0830003","","OIXR15013005","","","","","","","","","PRESENT","","","","","","","occurrenceRemarks withheld","","","","","","","","","","2018-05-23T00:00:00Z","","143","143","2018","5","23","","","","","","","","","LJJSI0150207","","","","","","Australia","AU","New South Wales","CANTERBURY-BANKSTOWN","","locality withheld","","","","","","","","","","","locationRemarks withheld","-33.909909","150.979481","EPSG:4326","20.0","1.0E-9","","","","","","","","","","","","","","","","","","","","","","","","","","","","","","","","","","","","","","","","8725","","","","","https://id.biodiversity.org.au/node/apni/2888868","Dianella longifolia var. longifolia","Dianella longifolia var. longifolia","","","","","","","","Plantae","Charophyta","Equisetopsida","Asparagales","Hemerocallidaceae","Dianella","","longifolia","longifolia","variety","","","Dianella","ICBN","","","","","","","","Dianella longifolia","","","","","","","","","","Published dataset","","c049dd40-15d3-4c05-828b-2ee174448868","Unknown","","","","","","","","","","Event"
"dr368","NSW BioNet Atlas","","2024-03-15T11:43:02.633+11:00","en","CC-BY 4.0 (Int)","NSW National Parks and Wildlife Service","","BioNet Atlas of NSW Wildlife 19/03/2024 1:00 AM +11:00","","","","1155.0","NSW Dept of Planning, Industry and Environment","BioNet Atlas of NSW Wildlife","DPIE Data from Scientific Licences dataset","NSW National Parks and Wildlife Service","HUMAN_OBSERVATION","","","{""mechanicalHazardReductionDescription"":""N/A"",""geogExtent"":""N/A"",""mapSheetNumber"":""9030 - PENRITH"",""botanicalDivision"":""Central Coast"",""floraReserve"":""N/A"",""speciesFireDescription"":""N/A"",""vulnerability"":""N/A"",""protectedInNSW"":""false"",""bfmcs"":""N/A"",""potentialImpact"":""N/A"",""observationType"":""Flora Record"",""profileID"":""N/A"",""reserve"":""N/A"",""sourceDatasetName"":""DPIE Data from Scientific Licences dataset"",""ibra"":""Sydney Basin (NSW)"",""stateForest"":""N/A"",""status"":""Valid and accepted without modification""}","urn:catalog:NSW Dept of Planning, Industry and Environment:BioNet Atlas of NSW Wildlife:SIXRI1603459","SIXRI1603459","","OIXR13102801","","","","","","","","introduced","PRESENT","","","","Meredith Brainwood 2016, <i>Flora And Fauna Assessment Report ?GARRISON POINT</i>","","","occurrenceRemarks withheld","","","","","","","","","","2015-12-10T00:00:00Z","","344","344","2015","12","10","","","","","","","","","LIXRI0116989","","","","","","Australia","AU","New South Wales","CANTERBURY-BANKSTOWN","","locality withheld","","","","","","","","","","","locationRemarks withheld","-33.908598","150.974971","EPSG:4326","50.0","1.0E-9","","","","","","","","","","","","","","","","","","","","","","","","","","","","","","","","","","","","","","","","7813","","","","","https://id.biodiversity.org.au/node/apni/2898628","Bromus catharticus","Bromus catharticus","","","","","","","","Plantae","Charophyta","Equisetopsida","Poales","Poaceae","Bromus","","catharticus","","species","","Vahl","Prairie Grass","ICBN","","","","","","","","Bromus catharticus","","","","","","","","","","Published dataset","","a6243edf-e17b-4512-832b-7c8df88753e7","Unknown","","","","","","","","","","Event"
"dr368","NSW BioNet Atlas","","2022-04-21T14:19:30.280+10:00","en","CC-BY 4.0 (Int)","NSW Dept of Planning and Environment","","BioNet Atlas of NSW Wildlife 12/05/2022 1:00 AM +10:00","","","","2132.0","NSW Dept of Planning, Industry and Environment","BioNet Atlas of NSW Wildlife","GEORGES Vegetation Survey","NSW Dept of Planning and Environment","HUMAN_OBSERVATION","","","{""mechanicalHazardReductionDescription"":""N/A"",""geogExtent"":""N/A"",""mapSheetNumber"":""9030 - PENRITH"",""botanicalDivision"":""Central Coast"",""floraReserve"":""N/A"",""speciesFireDescription"":""N/A"",""vulnerability"":""N/A"",""protectedInNSW"":""false"",""bfmcs"":""N/A"",""potentialImpact"":""N/A"",""observationType"":""Floristics Record from Systematic Flora Survey"",""profileID"":""N/A"",""reserve"":""N/A"",""sourceDatasetName"":""GEORGES Vegetation Survey"",""ibra"":""Sydney Basin (NSW)"",""stateForest"":""N/A"",""status"":""Valid and accepted without modification""}","urn:catalog:NSW Dept of Planning, Industry and Environment:BioNet Atlas of NSW Wildlife:SPJGI3265389","SPJGI3265389","","OVLU99062101;OSLS05031800","","","","","","","","","PRESENT","","","","","","","occurrenceRemarks withheld","","","","","","","CPJGI0079626","","","1999-06-28T00:00:00Z","","179","179","1999","6","28","","","Floristic Data","","","","","Clayey loam.","LPJGI0199207","","","","","","Australia","AU","New South Wales","CANTERBURY-BANKSTOWN","","locality withheld","","8.0","8.0","","","","","","","","locationRemarks withheld","-33.909506","150.979817","EPSG:4326","100.0","1.0E-9","","","","","","","","","","","","","","","","","","","","","","","","","","","","","","","","","","","","","","","11196","11196","","","","","https://id.biodiversity.org.au/node/apni/2887671","Poa labillardierei var. labillardierei","Poa labillardierei var. labillardierei","","","","","","","","Plantae","Charophyta","Equisetopsida","Poales","Poaceae","Poa","","labillardierei","labillardierei","variety","","","Tussock Grass","ICBN","","","","","","","","Poa labillardierei","","","","","","","","","","Published dataset","","ac6136fb-5c64-4f60-9c75-fbbd86709ca9","CC-BY 4.0","","","","","","","","","","Event"
"dr368","NSW BioNet Atlas","","2022-04-21T14:19:30.280+10:00","en","CC-BY 4.0 (Int)","NSW Dept of Planning and Environment","","BioNet Atlas of NSW Wildlife 12/05/2022 1:00 AM +10:00","","","","2132.0","NSW Dept of Planning, Industry and Environment","BioNet Atlas of NSW Wildlife","GEORGES Vegetation Survey","NSW Dept of Planning and Environment","HUMAN_OBSERVATION","","","{""mechanicalHazardReductionDescription"":""N/A"",""geogExtent"":""N/A"",""mapSheetNumber"":""9030 - PENRITH"",""botanicalDivision"":""Central Coast"",""floraReserve"":""N/A"",""speciesFireDescription"":""N/A"",""vulnerability"":""N/A"",""protectedInNSW"":""false"",""bfmcs"":""N/A"",""potentialImpact"":""N/A"",""observationType"":""Floristics Record from Systematic Flora Survey"",""profileID"":""N/A"",""reserve"":""N/A"",""sourceDatasetName"":""GEORGES Vegetation Survey"",""ibra"":""Sydney Basin (NSW)"",""stateForest"":""N/A"",""status"":""Valid and accepted without modification""}","urn:catalog:NSW Dept of Planning, Industry and Environment:BioNet Atlas of NSW Wildlife:SPJGI3265385","SPJGI3265385","","OVLU99062101;OSLS05031800","","","","","","","","","PRESENT","","","","","","","occurrenceRemarks withheld","","","","","","","CPJGI0079626","","","1999-06-28T00:00:00Z","","179","179","1999","6","28","","","Floristic Data","","","","","Clayey loam.","LPJGI0199207","","","","","","Australia","AU","New South Wales","CANTERBURY-BANKSTOWN","","locality withheld","","8.0","8.0","","","","","","","","locationRemarks withheld","-33.909506","150.979817","EPSG:4326","100.0","1.0E-9","","","","","","","","","","","","","","","","","","","","","","","","","","","","","","","","","","","","","","","4834","4834","","","","","https://id.biodiversity.org.au/node/apni/2893989","Chloris ventricosa","Chloris ventricosa","","","","","","","","Plantae","Charophyta","Equisetopsida","Poales","Poaceae","Chloris","","ventricosa","","species","","R.Br.","Tall Windmill Grass","ICBN","","","","","","","","Chloris ventricosa","","","","","","","","","","Published dataset","","f6eaaf78-efa2-4b1e-94fd-d4ee912803b6","CC-BY 4.0","","","","","","","","","","Event"
"dr368","NSW BioNet Atlas","","2022-04-21T14:19:30.280+10:00","en","CC-BY 4.0 (Int)","NSW Dept of Planning and Environment","","BioNet Atlas of NSW Wildlife 12/05/2022 1:00 AM +10:00","","","","2132.0","NSW Dept of Planning, Industry and Environment","BioNet Atlas of NSW Wildlife","GEORGES Vegetation Survey","NSW Dept of Planning and Environment","HUMAN_OBSERVATION","","","{""mechanicalHazardReductionDescription"":""N/A"",""geogExtent"":""N/A"",""mapSheetNumber"":""9030 - PENRITH"",""botanicalDivision"":""Central Coast"",""floraReserve"":""N/A"",""speciesFireDescription"":""N/A"",""vulnerability"":""N/A"",""protectedInNSW"":""false"",""bfmcs"":""N/A"",""potentialImpact"":""N/A"",""observationType"":""Floristics Record from Systematic Flora Survey"",""profileID"":""N/A"",""reserve"":""N/A"",""sourceDatasetName"":""GEORGES Vegetation Survey"",""ibra"":""Sydney Basin (NSW)"",""stateForest"":""N/A"",""status"":""Valid and accepted without modification""}","urn:catalog:NSW Dept of Planning, Industry and Environment:BioNet Atlas of NSW Wildlife:SPJGI3265382","SPJGI3265382","","OVLU99062101;OSLS05031800","","","","","","","","","PRESENT","","","","","","","occurrenceRemarks withheld","","","","","","","CPJGI0079626","","","1999-06-28T00:00:00Z","","179","179","1999","6","28","","","Floristic Data","","","","","Clayey loam.","LPJGI0199207","","","","","","Australia","AU","New South Wales","CANTERBURY-BANKSTOWN","","locality withheld","","8.0","8.0","","","","","","","","locationRemarks withheld","-33.909506","150.979817","EPSG:4326","100.0","1.0E-9","","","","","","","","","","","","","","","","","","","","","","","","","","","","","","","","","","","","","","","4615","4615","","","","","https://id.biodiversity.org.au/node/apni/2920461","Oxalis exilis","Oxalis exilis","","","","","","","","Plantae","Charophyta","Equisetopsida","Oxalidales","Oxalidaceae","Oxalis","","exilis","","species","","A.Cunn.","Short-fruit Oxalis","ICBN","","","","","","","","Oxalis exilis","","","","","","","","","","Published dataset","","6071bdf2-1e75-4e62-8c87-4fe3d56064cb","CC-BY 4.0","","","","","","","","","","Event"
"dr368","NSW BioNet Atlas","","2022-04-21T14:19:30.280+10:00","en","CC-BY 4.0 (Int)","NSW Dept of Planning and Environment","","BioNet Atlas of NSW Wildlife 12/05/2022 1:00 AM +10:00","","","","2132.0","NSW Dept of Planning, Industry and Environment","BioNet Atlas of NSW Wildlife","GEORGES Vegetation Survey","NSW Dept of Planning and Environment","HUMAN_OBSERVATION","","","{""mechanicalHazardReductionDescription"":""N/A"",""geogExtent"":""N/A"",""mapSheetNumber"":""9030 - PENRITH"",""botanicalDivision"":""Central Coast"",""floraReserve"":""N/A"",""speciesFireDescription"":""N/A"",""vulnerability"":""N/A"",""protectedInNSW"":""false"",""bfmcs"":""N/A"",""potentialImpact"":""N/A"",""observationType"":""Floristics Record from Systematic Flora Survey"",""profileID"":""N/A"",""reserve"":""N/A"",""sourceDatasetName"":""GEORGES Vegetation Survey"",""ibra"":""Sydney Basin (NSW)"",""stateForest"":""N/A"",""status"":""Valid and accepted without modification""}","urn:catalog:NSW Dept of Planning, Industry and Environment:BioNet Atlas of NSW Wildlife:SPJGI3265399","SPJGI3265399","","OVLU99062101;OSLS05031800","","","","","","","","","PRESENT","","","","","","","occurrenceRemarks withheld","","","","","","","CPJGI0079626","","","1999-06-28T00:00:00Z","","179","179","1999","6","28","","","Floristic Data","","","","","Clayey loam.","LPJGI0199207","","","","","","Australia","AU","New South Wales","CANTERBURY-BANKSTOWN","","locality withheld","","8.0","8.0","","","","","","","","locationRemarks withheld","-33.909506","150.979817","EPSG:4326","100.0","1.0E-9","","","","","","","","","","","","","","","","","","","","","","","","","","","","","","","","","","","","","","","8007","8007","","","","","https://id.biodiversity.org.au/node/apni/2895598","Cheilanthes sieberi subsp. sieberi","Cheilanthes sieberi subsp. sieberi","","","","","","","","Plantae","Charophyta","Equisetopsida","","Pteridaceae","Cheilanthes","","sieberi","sieberi","subspecies","","","Rock Fern","ICBN","","","","","","","","Cheilanthes sieberi","","","","","","","","","","Published dataset","","f785037d-6751-4b49-9ef3-494eddabb535","CC-BY 4.0","","","","","","","","","","Event"
"dr368","NSW BioNet Atlas","","2020-04-22T10:26:07.863+10:00","en","CC-BY 4.0 (Int)","NSW National Parks and Wildlife Service","","BioNet Atlas of NSW Wildlife 5/06/2020 1:00 AM +10:00","","","","1155.0","NSW Dept of Planning, Industry and Environment","BioNet Atlas of NSW Wildlife","DPIE Data from Scientific Licences dataset","NSW National Parks and Wildlife Service","HUMAN_OBSERVATION","","","{""mechanicalHazardReductionDescription"":""N/A"",""geogExtent"":""N/A"",""mapSheetNumber"":""9030 - PENRITH"",""botanicalDivision"":""Central Coast"",""floraReserve"":""N/A"",""speciesFireDescription"":""N/A"",""vulnerability"":""N/A"",""protectedInNSW"":""false"",""bfmcs"":""N/A"",""potentialImpact"":""N/A"",""observationType"":""Flora Record"",""profileID"":""N/A"",""reserve"":""N/A"",""sourceDatasetName"":""DPIE Data from Scientific Licences dataset"",""ibra"":""Sydney Basin (NSW)"",""stateForest"":""N/A"",""status"":""Valid and accepted without modification""}","urn:catalog:NSW Dept of Planning, Industry and Environment:BioNet Atlas of NSW Wildlife:SJJSI0830011","SJJSI0830011","","OIXR15013005","","","","","","","","","PRESENT","","","","","","","occurrenceRemarks withheld","","","","","","","","","","2018-05-23T00:00:00Z","","143","143","2018","5","23","","","","","","","","","LJJSI0150207","","","","","","Australia","AU","New South Wales","CANTERBURY-BANKSTOWN","","locality withheld","","","","","","","","","","","locationRemarks withheld","-33.909909","150.979481","EPSG:4326","20.0","1.0E-9","","","","","","","","","","","","","","","","","","","","","","","","","","","","","","","","","","","","","","","","2861","","","","","https://id.biodiversity.org.au/taxon/apni/51285791","Glycine tabacina","Glycine tabacina","","","","","","","","Plantae","Charophyta","Equisetopsida","Fabales","Fabaceae","Glycine","","tabacina","","species","","(Labill.) Benth.","Variable Glycine","ICBN","","","","","","","","Glycine tabacina","","","","","","","","","","Published dataset","","749dea1f-aec0-458a-8be6-b9bdb02cdd9a","Unknown","","","","","","","","","","Event"
"dr368","NSW BioNet Atlas","","2024-03-15T11:43:02.633+11:00","en","CC-BY 4.0 (Int)","NSW National Parks and Wildlife Service","","BioNet Atlas of NSW Wildlife 19/03/2024 1:00 AM +11:00","","","","1155.0","NSW Dept of Planning, Industry and Environment","BioNet Atlas of NSW Wildlife","DPIE Data from Scientific Licences dataset","NSW National Parks and Wildlife Service","HUMAN_OBSERVATION","","","{""mechanicalHazardReductionDescription"":""N/A"",""geogExtent"":""N/A"",""mapSheetNumber"":""9030 - PENRITH"",""botanicalDivision"":""Central Coast"",""floraReserve"":""N/A"",""speciesFireDescription"":""N/A"",""vulnerability"":""N/A"",""protectedInNSW"":""false"",""bfmcs"":""N/A"",""potentialImpact"":""N/A"",""observationType"":""Flora Record"",""profileID"":""N/A"",""reserve"":""N/A"",""sourceDatasetName"":""DPIE Data from Scientific Licences dataset"",""ibra"":""Sydney Basin (NSW)"",""stateForest"":""N/A"",""status"":""Valid and accepted without modification""}","urn:catalog:NSW Dept of Planning, Industry and Environment:BioNet Atlas of NSW Wildlife:SIXRI1603446","SIXRI1603446","","OIXR13102801","","","","","","","","","PRESENT","","","","Meredith Brainwood 2016, <i>Flora And Fauna Assessment Report ?GARRISON POINT</i>","","","occurrenceRemarks withheld","","","","","","","","","","2015-12-10T00:00:00Z","","344","344","2015","12","10","","","","","","","","","LIXRI0116989","","","","","","Australia","AU","New South Wales","CANTERBURY-BANKSTOWN","","locality withheld","","","","","","","","","","","locationRemarks withheld","-33.908598","150.974971","EPSG:4326","50.0","1.0E-9","","","","","","","","","","","","","","","","","","","","","","","","","","","","","","","","","","","","","","","","4330","","","","","https://id.biodiversity.org.au/node/apni/2910254","Epilobium hirtigerum","Epilobium hirtigerum","","","","","","","","Plantae","Charophyta","Equisetopsida","Myrtales","Onagraceae","Epilobium","","hirtigerum","","species","","A.Cunn.","Hairy Willow-herb","ICBN","","","","","","","","Epilobium hirtigerum","","","","","","","","","","Published dataset","","f69490f1-54fc-450f-8483-ca42a7719a2f","Unknown","","","","","","","","","","Event"
"dr368","NSW BioNet Atlas","","2024-03-15T11:43:02.633+11:00","en","CC-BY 4.0 (Int)","NSW National Parks and Wildlife Service","","BioNet Atlas of NSW Wildlife 19/03/2024 1:00 AM +11:00","","","","1155.0","NSW Dept of Planning, Industry and Environment","BioNet Atlas of NSW Wildlife","DPIE Data from Scientific Licences dataset","NSW National Parks and Wildlife Service","HUMAN_OBSERVATION","","","{""mechanicalHazardReductionDescription"":""N/A"",""geogExtent"":""N/A"",""mapSheetNumber"":""9030 - PENRITH"",""botanicalDivision"":""Central Coast"",""floraReserve"":""N/A"",""speciesFireDescription"":""N/A"",""vulnerability"":""N/A"",""protectedInNSW"":""false"",""bfmcs"":""N/A"",""potentialImpact"":""N/A"",""observationType"":""Flora Record"",""profileID"":""N/A"",""reserve"":""N/A"",""sourceDatasetName"":""DPIE Data from Scientific Licences dataset"",""ibra"":""Sydney Basin (NSW)"",""stateForest"":""N/A"",""status"":""Valid and accepted without modification""}","urn:catalog:NSW Dept of Planning, Industry and Environment:BioNet Atlas of NSW Wildlife:SIXRI1603454","SIXRI1603454","","OIXR13102801","","","","","","","","","PRESENT","","","","Meredith Brainwood 2016, <i>Flora And Fauna Assessment Report ?GARRISON POINT</i>","","","occurrenceRemarks withheld","","","","","","","","","","2015-12-10T00:00:00Z","","344","344","2015","12","10","","","","","","","","","LIXRI0116989","","","","","","Australia","AU","New South Wales","CANTERBURY-BANKSTOWN","","locality withheld","","","","","","","","","","","locationRemarks withheld","-33.908598","150.974971","EPSG:4326","50.0","1.0E-9","","","","","","","","","","","","","","","","","","","","","","","","","","","","","","","","","","","","","","","","5243","","","","","https://id.biodiversity.org.au/node/apni/2903824","Zoysia macrantha","Zoysia macrantha","","","","","","","","Plantae","Charophyta","Equisetopsida","Poales","Poaceae","Zoysia","","macrantha","","species","","Desv.","Prickly Couch","ICBN","","","","","","","","Zoysia macrantha","","","","","","","","","","Published dataset","","75661eb7-8ac0-4432-9927-cc4929089a8c","Unknown","","","","","","","","","","Event"
"dr368","NSW BioNet Atlas","","2024-03-15T11:43:02.633+11:00","en","CC-BY 4.0 (Int)","NSW National Parks and Wildlife Service","","BioNet Atlas of NSW Wildlife 19/03/2024 1:00 AM +11:00","","","","1155.0","NSW Dept of Planning, Industry and Environment","BioNet Atlas of NSW Wildlife","DPIE Data from Scientific Licences dataset","NSW National Parks and Wildlife Service","HUMAN_OBSERVATION","","","{""mechanicalHazardReductionDescription"":""N/A"",""geogExtent"":""N/A"",""mapSheetNumber"":""9030 - PENRITH"",""botanicalDivision"":""Central Coast"",""floraReserve"":""N/A"",""speciesFireDescription"":""N/A"",""vulnerability"":""N/A"",""protectedInNSW"":""false"",""bfmcs"":""N/A"",""potentialImpact"":""N/A"",""observationType"":""Flora Record"",""profileID"":""N/A"",""reserve"":""N/A"",""sourceDatasetName"":""DPIE Data from Scientific Licences dataset"",""ibra"":""Sydney Basin (NSW)"",""stateForest"":""N/A"",""status"":""Valid and accepted without modification""}","urn:catalog:NSW Dept of Planning, Industry and Environment:BioNet Atlas of NSW Wildlife:SIXRI1603453","SIXRI1603453","","OIXR13102801","","","","","","","","","PRESENT","","","","Meredith Brainwood 2016, <i>Flora And Fauna Assessment Report ?GARRISON POINT</i>","","","occurrenceRemarks withheld","","","","","","","","","","2015-12-10T00:00:00Z","","344","344","2015","12","10","","","","","","","","","LIXRI0116989","","","","","","Australia","AU","New South Wales","CANTERBURY-BANKSTOWN","","locality withheld","","","","","","","","","","","locationRemarks withheld","-33.908598","150.974971","EPSG:4326","50.0","1.0E-9","","","","","","","","","","","","","","","","","","","","","","","","","","","","","","","","","","","","","","","","3369","","","","","https://id.biodiversity.org.au/node/apni/2893781","Triglochin striata","Triglochin striata","","","","","","","","Plantae","Charophyta","Equisetopsida","Alismatales","Juncaginaceae","Triglochin","","striata","","species","","Ruiz & Pav.","Streaked Arrowgrass","ICBN","","","","","","","","Triglochin striata","","","","","","","","","","Published dataset","","0f4b2b7f-ecd4-4d98-8bff-0171e4d8a0d9","Unknown","","","","","","","","","","Event"
"dr368","NSW BioNet Atlas","","2020-04-22T10:26:07.863+10:00","en","CC-BY 4.0 (Int)","NSW National Parks and Wildlife Service","","BioNet Atlas of NSW Wildlife 5/06/2020 1:00 AM +10:00","","","","1155.0","NSW Dept of Planning, Industry and Environment","BioNet Atlas of NSW Wildlife","DPIE Data from Scientific Licences dataset","NSW National Parks and Wildlife Service","HUMAN_OBSERVATION","","","{""mechanicalHazardReductionDescription"":""N/A"",""geogExtent"":""N/A"",""mapSheetNumber"":""9030 - PENRITH"",""botanicalDivision"":""Central Coast"",""floraReserve"":""N/A"",""speciesFireDescription"":""N/A"",""vulnerability"":""N/A"",""protectedInNSW"":""false"",""bfmcs"":""N/A"",""potentialImpact"":""N/A"",""observationType"":""Flora Record"",""profileID"":""N/A"",""reserve"":""N/A"",""sourceDatasetName"":""DPIE Data from Scientific Licences dataset"",""ibra"":""Sydney Basin (NSW)"",""stateForest"":""N/A"",""status"":""Valid and accepted without modification""}","urn:catalog:NSW Dept of Planning, Industry and Environment:BioNet Atlas of NSW Wildlife:SJJSI0830014","SJJSI0830014","","OIXR15013005","","","","","","","","","PRESENT","","","","","","","occurrenceRemarks withheld","","","","","","","","","","2018-05-23T00:00:00Z","","143","143","2018","5","23","","","","","","","","","LJJSI0150207","","","","","","Australia","AU","New South Wales","CANTERBURY-BANKSTOWN","","locality withheld","","","","","","","","","","","locationRemarks withheld","-33.909909","150.979481","EPSG:4326","20.0","1.0E-9","","","","","","","","","","","","","","","","","","","","","","","","","","","","","","","","","","","","","","","","7707","","","","","https://id.biodiversity.org.au/node/apni/2888535","Microlaena stipoides var. stipoides","Microlaena stipoides var. stipoides","","","","","","","","Plantae","Charophyta","Equisetopsida","Poales","Poaceae","Microlaena","","stipoides","stipoides","variety","","","Weeping Rice-grass","ICBN","","","","","","","","Microlaena stipoides","","","","","","","","","","Published dataset","","c4306d1f-a6c7-4bfe-94b1-e1489119034f","Unknown","","","","","","","","","","Event"
"dr368","NSW BioNet Atlas","","2024-03-15T11:43:02.633+11:00","en","CC-BY 4.0 (Int)","NSW National Parks and Wildlife Service","","BioNet Atlas of NSW Wildlife 19/03/2024 1:00 AM +11:00","","","","1155.0","NSW Dept of Planning, Industry and Environment","BioNet Atlas of NSW Wildlife","DPIE Data from Scientific Licences dataset","NSW National Parks and Wildlife Service","HUMAN_OBSERVATION","","","{""mechanicalHazardReductionDescription"":""N/A"",""geogExtent"":""N/A"",""mapSheetNumber"":""9030 - PENRITH"",""botanicalDivision"":""Central Coast"",""floraReserve"":""N/A"",""speciesFireDescription"":""N/A"",""vulnerability"":""N/A"",""protectedInNSW"":""false"",""bfmcs"":""N/A"",""potentialImpact"":""N/A"",""observationType"":""Flora Record"",""profileID"":""N/A"",""reserve"":""N/A"",""sourceDatasetName"":""DPIE Data from Scientific Licences dataset"",""ibra"":""Sydney Basin (NSW)"",""stateForest"":""N/A"",""status"":""Valid and accepted without modification""}","urn:catalog:NSW Dept of Planning, Industry and Environment:BioNet Atlas of NSW Wildlife:SIXRI1603462","SIXRI1603462","","OIXR13102801","","","","","","","","","PRESENT","","","","Meredith Brainwood 2016, <i>Flora And Fauna Assessment Report ?GARRISON POINT</i>","","","occurrenceRemarks withheld","","","","","","","","","","2015-12-10T00:00:00Z","","344","344","2015","12","10","","","","","","","","","LIXRI0116989","","","","","","Australia","AU","New South Wales","CANTERBURY-BANKSTOWN","","locality withheld","","","","","","","","","","","locationRemarks withheld","-33.908598","150.974971","EPSG:4326","50.0","1.0E-9","","","","","","","","","","","","","","","","","","","","","","","","","","","","","","","","","","","","","","","","6540","","","","","https://id.biodiversity.org.au/node/apni/2915319","Cynodon dactylon","Cynodon dactylon","","","","","","","","Plantae","Charophyta","Equisetopsida","Poales","Poaceae","Cynodon","","dactylon","","species","","(L.) Pers.","Couch","ICBN","","","","","","","","Cynodon dactylon","","","","","","","","","","Published dataset","","867fb086-61c2-4c1a-ad64-813dd2f952f2","Unknown","","","","","","","","","","Event"
"dr368","NSW BioNet Atlas","","2024-03-15T11:43:02.633+11:00","en","CC-BY 4.0 (Int)","NSW National Parks and Wildlife Service","","BioNet Atlas of NSW Wildlife 19/03/2024 1:00 AM +11:00","","","","1155.0","NSW Dept of Planning, Industry and Environment","BioNet Atlas of NSW Wildlife","DPIE Data from Scientific Licences dataset","NSW National Parks and Wildlife Service","HUMAN_OBSERVATION","","","{""mechanicalHazardReductionDescription"":""N/A"",""geogExtent"":""N/A"",""mapSheetNumber"":""9030 - PENRITH"",""botanicalDivision"":""Central Coast"",""floraReserve"":""N/A"",""speciesFireDescription"":""N/A"",""vulnerability"":""N/A"",""protectedInNSW"":""false"",""bfmcs"":""N/A"",""potentialImpact"":""N/A"",""observationType"":""Flora Record"",""profileID"":""N/A"",""reserve"":""N/A"",""sourceDatasetName"":""DPIE Data from Scientific Licences dataset"",""ibra"":""Sydney Basin (NSW)"",""stateForest"":""N/A"",""status"":""Valid and accepted without modification""}","urn:catalog:NSW Dept of Planning, Industry and Environment:BioNet Atlas of NSW Wildlife:SIXRI1603471","SIXRI1603471","","OIXR13102801","","","","","","","","introduced","PRESENT","","","","Meredith Brainwood 2016, <i>Flora And Fauna Assessment Report ?GARRISON POINT</i>","","","occurrenceRemarks withheld","","","","","","","","","","2015-12-10T00:00:00Z","","344","344","2015","12","10","","","","","","","","","LIXRI0116989","","","","","","Australia","AU","New South Wales","CANTERBURY-BANKSTOWN","","locality withheld","","","","","","","","","","","locationRemarks withheld","-33.908598","150.974971","EPSG:4326","50.0","1.0E-9","","","","","","","","","","","","","","","","","","","","","","","","","","","","","","","","","","","","","","","","6465","","","","","https://id.biodiversity.org.au/node/apni/2903107","Senecio madagascariensis","Senecio madagascariensis","","","","","","","","Plantae","Charophyta","Equisetopsida","Asterales","Asteraceae","Senecio","","madagascariensis","","species","","Poir.","Fireweed","ICBN","","","","","","","","Senecio madagascariensis","","","","","","","","","","Published dataset","","e93a0e8d-f9f3-4c9c-a867-17ac370e9927","Unknown","","","","","","","","","","Event"
"dr368","NSW BioNet Atlas","","2024-03-15T11:43:02.633+11:00","en","CC-BY 4.0 (Int)","NSW National Parks and Wildlife Service","","BioNet Atlas of NSW Wildlife 19/03/2024 1:00 AM +11:00","","","","1155.0","NSW Dept of Planning, Industry and Environment","BioNet Atlas of NSW Wildlife","DPIE Data from Scientific Licences dataset","NSW National Parks and Wildlife Service","HUMAN_OBSERVATION","","","{""mechanicalHazardReductionDescription"":""N/A"",""geogExtent"":""N/A"",""mapSheetNumber"":""9030 - PENRITH"",""botanicalDivision"":""Central Coast"",""floraReserve"":""N/A"",""speciesFireDescription"":""N/A"",""vulnerability"":""N/A"",""protectedInNSW"":""false"",""bfmcs"":""N/A"",""potentialImpact"":""N/A"",""observationType"":""Flora Record"",""profileID"":""N/A"",""reserve"":""N/A"",""sourceDatasetName"":""DPIE Data from Scientific Licences dataset"",""ibra"":""Sydney Basin (NSW)"",""stateForest"":""N/A"",""status"":""Valid and accepted without modification""}","urn:catalog:NSW Dept of Planning, Industry and Environment:BioNet Atlas of NSW Wildlife:SIXRI1603441","SIXRI1603441","","OIXR13102801","","","","","","","","","PRESENT","","","","Meredith Brainwood 2016, <i>Flora And Fauna Assessment Report ?GARRISON POINT</i>","","","occurrenceRemarks withheld","","","","","","","","","","2015-12-10T00:00:00Z","","344","344","2015","12","10","","","","","","","","","LIXRI0116989","","","","","","Australia","AU","New South Wales","CANTERBURY-BANKSTOWN","","locality withheld","","","","","","","","","","","locationRemarks withheld","-33.908598","150.974971","EPSG:4326","50.0","1.0E-9","","","","","","","","","","","","","","","","","","","","","","","","","","","","","","","","","","","","","","","","1104","","","","","https://id.biodiversity.org.au/taxon/apni/51736246","Apium prostratum","Apium prostratum","","","","","","","","Plantae","Charophyta","Equisetopsida","Apiales","Apiaceae","Apium","","prostratum","","species","","Labill. ex Vent.","Sea Celery","ICBN","","","","","","","","Apium prostratum","","","","","","","","","","Published dataset","","72d0357f-9830-4d0d-8568-032ccfd64a01","Unknown","","","","","","","","","","Event"
"dr368","NSW BioNet Atlas","","2020-04-22T10:26:07.863+10:00","en","CC-BY 4.0 (Int)","NSW National Parks and Wildlife Service","","BioNet Atlas of NSW Wildlife 5/06/2020 1:00 AM +10:00","","","","1155.0","NSW Dept of Planning, Industry and Environment","BioNet Atlas of NSW Wildlife","DPIE Data from Scientific Licences dataset","NSW National Parks and Wildlife Service","HUMAN_OBSERVATION","","","{""mechanicalHazardReductionDescription"":""N/A"",""geogExtent"":""N/A"",""mapSheetNumber"":""9030 - PENRITH"",""botanicalDivision"":""Central Coast"",""floraReserve"":""N/A"",""speciesFireDescription"":""N/A"",""vulnerability"":""N/A"",""protectedInNSW"":""false"",""bfmcs"":""N/A"",""potentialImpact"":""N/A"",""observationType"":""Flora Record"",""profileID"":""N/A"",""reserve"":""N/A"",""sourceDatasetName"":""DPIE Data from Scientific Licences dataset"",""ibra"":""Sydney Basin (NSW)"",""stateForest"":""N/A"",""status"":""Valid and accepted without modification""}","urn:catalog:NSW Dept of Planning, Industry and Environment:BioNet Atlas of NSW Wildlife:SJJSI0830022","SJJSI0830022","","OIXR15013005","","","","","","","","introduced","PRESENT","","","","","","","occurrenceRemarks withheld","","","","","","","","","","2018-05-23T00:00:00Z","","143","143","2018","5","23","","","","","","","","","LJJSI0150207","","","","","","Australia","AU","New South Wales","CANTERBURY-BANKSTOWN","","locality withheld","","","","","","","","","","","locationRemarks withheld","-33.909909","150.979481","EPSG:4326","20.0","1.0E-9","","","","","","","","","","","","","","","","","","","","","","","","","","","","","","","","","","","","","","","","3673","","","","","https://id.biodiversity.org.au/node/apni/2909922","Sida rhombifolia","Sida rhombifolia","","","","","","","","Plantae","Charophyta","Equisetopsida","Malvales","Malvaceae","Sida","","rhombifolia","","species","","L.","Jelly Leaf","ICBN","","","","","","","","Sida rhombifolia","","","","","","","","","","Published dataset","","118294ad-0734-408a-b6de-77afafba7c95","Unknown","","","","","","","","","","Event"
"dr368","NSW BioNet Atlas","","2022-04-21T14:19:30.280+10:00","en","CC-BY 4.0 (Int)","NSW Dept of Planning and Environment","","BioNet Atlas of NSW Wildlife 12/05/2022 1:00 AM +10:00","","","","2132.0","NSW Dept of Planning, Industry and Environment","BioNet Atlas of NSW Wildlife","GEORGES Vegetation Survey","NSW Dept of Planning and Environment","HUMAN_OBSERVATION","","","{""mechanicalHazardReductionDescription"":""N/A"",""geogExtent"":""N/A"",""mapSheetNumber"":""9030 - PENRITH"",""botanicalDivision"":""Central Coast"",""floraReserve"":""N/A"",""speciesFireDescription"":""N/A"",""vulnerability"":""N/A"",""protectedInNSW"":""false"",""bfmcs"":""N/A"",""potentialImpact"":""N/A"",""observationType"":""Floristics Record from Systematic Flora Survey"",""profileID"":""N/A"",""reserve"":""N/A"",""sourceDatasetName"":""GEORGES Vegetation Survey"",""ibra"":""Sydney Basin (NSW)"",""stateForest"":""N/A"",""status"":""Valid and accepted without modification""}","urn:catalog:NSW Dept of Planning, Industry and Environment:BioNet Atlas of NSW Wildlife:SPJGI3265379","SPJGI3265379","","OVLU99062101;OSLS05031800","","","","","","","","","PRESENT","","","","","","","occurrenceRemarks withheld","","","","","","","CPJGI0079626","","","1999-06-28T00:00:00Z","","179","179","1999","6","28","","","Floristic Data","","","","","Clayey loam.","LPJGI0199207","","","","","","Australia","AU","New South Wales","CANTERBURY-BANKSTOWN","","locality withheld","","8.0","8.0","","","","","","","","locationRemarks withheld","-33.909506","150.979817","EPSG:4326","100.0","1.0E-9","","","","","","","","","","","","","","","","","","","","","","","","","","","","","","","","","","","","","","","3762","3762","","","","","https://id.biodiversity.org.au/taxon/apni/51770501","Acacia decurrens","Acacia decurrens","","","","","","","","Plantae","Charophyta","Equisetopsida","Fabales","Fabaceae","Acacia","","decurrens","","species","","Willd.","Early Black-wattle","ICBN","","","","","","","","Acacia decurrens","","","","","","","","","","Published dataset","","e5002ce6-fbd2-411e-acf8-cc457a016fdd","CC-BY 4.0","","","","","","","","","","Event"
"dr368","NSW BioNet Atlas","","2024-03-15T11:43:02.633+11:00","en","CC-BY 4.0 (Int)","NSW National Parks and Wildlife Service","","BioNet Atlas of NSW Wildlife 19/03/2024 1:00 AM +11:00","","","","1155.0","NSW Dept of Planning, Industry and Environment","BioNet Atlas of NSW Wildlife","DPIE Data from Scientific Licences dataset","NSW National Parks and Wildlife Service","HUMAN_OBSERVATION","","","{""mechanicalHazardReductionDescription"":""N/A"",""geogExtent"":""N/A"",""mapSheetNumber"":""9030 - PENRITH"",""botanicalDivision"":""Central Coast"",""floraReserve"":""N/A"",""speciesFireDescription"":""N/A"",""vulnerability"":""N/A"",""protectedInNSW"":""false"",""bfmcs"":""N/A"",""potentialImpact"":""N/A"",""observationType"":""Flora Record"",""profileID"":""N/A"",""reserve"":""N/A"",""sourceDatasetName"":""DPIE Data from Scientific Licences dataset"",""ibra"":""Sydney Basin (NSW)"",""stateForest"":""N/A"",""status"":""Valid and accepted without modification""}","urn:catalog:NSW Dept of Planning, Industry and Environment:BioNet Atlas of NSW Wildlife:SIXRI1603463","SIXRI1603463","","OIXR13102801","","","","","","","","introduced","PRESENT","","","","Meredith Brainwood 2016, <i>Flora And Fauna Assessment Report ?GARRISON POINT</i>","","","occurrenceRemarks withheld","","","","","","","","","","2015-12-10T00:00:00Z","","344","344","2015","12","10","","","","","","","","","LIXRI0116989","","","","","","Australia","AU","New South Wales","CANTERBURY-BANKSTOWN","","locality withheld","","","","","","","","","","","locationRemarks withheld","-33.908598","150.974971","EPSG:4326","50.0","1.0E-9","","","","","","","","","","","","","","","","","","","","","","","","","","","","","","","","","","","","","","","","4937","","","","","https://id.biodiversity.org.au/node/apni/2911051","Ehrharta erecta","Ehrharta erecta","","","","","","","","Plantae","Charophyta","Equisetopsida","Poales","Poaceae","Ehrharta","","erecta","","species","","Lam.","Panic Veldt-grass","ICBN","","","","","","","","Ehrharta erecta","","","","","","","","","","Published dataset","","0dd3bba1-c98e-43bd-9d5b-2976081a8293","Unknown","","","","","","","","","","Event"
"dr368","NSW BioNet Atlas","","2022-04-21T14:19:30.280+10:00","en","CC-BY 4.0 (Int)","NSW Dept of Planning and Environment","","BioNet Atlas of NSW Wildlife 12/05/2022 1:00 AM +10:00","","","","2132.0","NSW Dept of Planning, Industry and Environment","BioNet Atlas of NSW Wildlife","GEORGES Vegetation Survey","NSW Dept of Planning and Environment","HUMAN_OBSERVATION","","","{""mechanicalHazardReductionDescription"":""N/A"",""geogExtent"":""N/A"",""mapSheetNumber"":""9030 - PENRITH"",""botanicalDivision"":""Central Coast"",""floraReserve"":""N/A"",""speciesFireDescription"":""N/A"",""vulnerability"":""N/A"",""protectedInNSW"":""false"",""bfmcs"":""N/A"",""potentialImpact"":""N/A"",""observationType"":""Floristics Record from Systematic Flora Survey"",""profileID"":""N/A"",""reserve"":""N/A"",""sourceDatasetName"":""GEORGES Vegetation Survey"",""ibra"":""Sydney Basin (NSW)"",""stateForest"":""N/A"",""status"":""Valid and accepted without modification""}","urn:catalog:NSW Dept of Planning, Industry and Environment:BioNet Atlas of NSW Wildlife:SPJGI3265373","SPJGI3265373","","OVLU99062101;OSLS05031800","","","","","","","","introduced","PRESENT","","","","","","","occurrenceRemarks withheld","","","","","","","CPJGI0079626","","","1999-06-28T00:00:00Z","","179","179","1999","6","28","","","Floristic Data","","","","","Clayey loam.","LPJGI0199207","","","","","","Australia","AU","New South Wales","CANTERBURY-BANKSTOWN","","locality withheld","","8.0","8.0","","","","","","","","locationRemarks withheld","-33.909506","150.979817","EPSG:4326","100.0","1.0E-9","","","","","","","","","","","","","","","","","","","","","","","","","","","","","","","","","","","","","","","1690","1690","","","","","https://id.biodiversity.org.au/node/apni/2895772","Sonchus oleraceus","Sonchus oleraceus","","","","","","","","Plantae","Charophyta","Equisetopsida","Asterales","Asteraceae","Sonchus","","oleraceus","","species","","L.","Common Sow-thistle","ICBN","","","","","","","","Sonchus oleraceus","","","","","","","","","","Published dataset","","0881d89d-9138-477d-972d-28897a6ba06f","CC-BY 4.0","","","","","","","","","","Event"
"dr368","NSW BioNet Atlas","","2024-03-15T11:43:02.633+11:00","en","CC-BY 4.0 (Int)","NSW National Parks and Wildlife Service","","BioNet Atlas of NSW Wildlife 19/03/2024 1:00 AM +11:00","","","","1155.0","NSW Dept of Planning, Industry and Environment","BioNet Atlas of NSW Wildlife","DPIE Data from Scientific Licences dataset","NSW National Parks and Wildlife Service","HUMAN_OBSERVATION","","","{""mechanicalHazardReductionDescription"":""N/A"",""geogExtent"":""N/A"",""mapSheetNumber"":""9030 - PENRITH"",""botanicalDivision"":""Central Coast"",""floraReserve"":""N/A"",""speciesFireDescription"":""N/A"",""vulnerability"":""N/A"",""protectedInNSW"":""false"",""bfmcs"":""N/A"",""potentialImpact"":""N/A"",""observationType"":""Flora Record"",""profileID"":""N/A"",""reserve"":""N/A"",""sourceDatasetName"":""DPIE Data from Scientific Licences dataset"",""ibra"":""Sydney Basin (NSW)"",""stateForest"":""N/A"",""status"":""Valid and accepted without modification""}","urn:catalog:NSW Dept of Planning, Industry and Environment:BioNet Atlas of NSW Wildlife:SIXRI1603465","SIXRI1603465","","OIXR13102801","","","","","","","","introduced","PRESENT","","","","Meredith Brainwood 2016, <i>Flora And Fauna Assessment Report ?GARRISON POINT</i>","","","occurrenceRemarks withheld","","","","","","","","","","2015-12-10T00:00:00Z","","344","344","2015","12","10","","","","","","","","","LIXRI0116989","","","","","","Australia","AU","New South Wales","CANTERBURY-BANKSTOWN","","locality withheld","","","","","","","","","","","locationRemarks withheld","-33.908598","150.974971","EPSG:4326","50.0","1.0E-9","","","","","","","","","","","","","","","","","","","","","","","","","","","","","","","","","","","","","","","","1817","","","","","https://id.biodiversity.org.au/node/apni/2916964","Lepidium bonariense","Lepidium bonariense","","","","","","","","Plantae","Charophyta","Equisetopsida","Brassicales","Brassicaceae","Lepidium","","bonariense","","species","","L.","Peppercress","ICBN","","","","","","","","Lepidium bonariense","","","","","","","","","","Published dataset","","6ebac211-8600-467a-a406-aa8a2d1aed55","Unknown","","","","","","","","","","Event"
"dr368","NSW BioNet Atlas","","2024-03-15T11:43:02.633+11:00","en","CC-BY 4.0 (Int)","NSW National Parks and Wildlife Service","","BioNet Atlas of NSW Wildlife 19/03/2024 1:00 AM +11:00","","","","1155.0","NSW Dept of Planning, Industry and Environment","BioNet Atlas of NSW Wildlife","DPIE Data from Scientific Licences dataset","NSW National Parks and Wildlife Service","HUMAN_OBSERVATION","","","{""mechanicalHazardReductionDescription"":""N/A"",""geogExtent"":""N/A"",""mapSheetNumber"":""9030 - PENRITH"",""botanicalDivision"":""Central Coast"",""floraReserve"":""N/A"",""speciesFireDescription"":""N/A"",""vulnerability"":""N/A"",""protectedInNSW"":""false"",""bfmcs"":""N/A"",""potentialImpact"":""N/A"",""observationType"":""Flora Record"",""profileID"":""N/A"",""reserve"":""N/A"",""sourceDatasetName"":""DPIE Data from Scientific Licences dataset"",""ibra"":""Sydney Basin (NSW)"",""stateForest"":""N/A"",""status"":""Valid and accepted without modification""}","urn:catalog:NSW Dept of Planning, Industry and Environment:BioNet Atlas of NSW Wildlife:SIXRI1603472","SIXRI1603472","","OIXR13102801","","","","","","","","introduced","PRESENT","","","","Meredith Brainwood 2016, <i>Flora And Fauna Assessment Report ?GARRISON POINT</i>","","","occurrenceRemarks withheld","","","","","","","","","","2015-12-10T00:00:00Z","","344","344","2015","12","10","","","","","","","","","LIXRI0116989","","","","","","Australia","AU","New South Wales","CANTERBURY-BANKSTOWN","","locality withheld","","","","","","","","","","","locationRemarks withheld","-33.908598","150.974971","EPSG:4326","50.0","1.0E-9","","","","","","","","","","","","","","","","","","","","","","","","","","","","","","","","","","","","","","","","3673","","","","","https://id.biodiversity.org.au/node/apni/2909922","Sida rhombifolia","Sida rhombifolia","","","","","","","","Plantae","Charophyta","Equisetopsida","Malvales","Malvaceae","Sida","","rhombifolia","","species","","L.","Jelly Leaf","ICBN","","","","","","","","Sida rhombifolia","","","","","","","","","","Published dataset","","2445b565-918a-4d91-bba5-863c6f2cfce4","Unknown","","","","","","","","","","Event"
"dr368","NSW BioNet Atlas","","2024-03-15T11:43:02.633+11:00","en","CC-BY 4.0 (Int)","NSW National Parks and Wildlife Service","","BioNet Atlas of NSW Wildlife 19/03/2024 1:00 AM +11:00","","","","1155.0","NSW Dept of Planning, Industry and Environment","BioNet Atlas of NSW Wildlife","DPIE Data from Scientific Licences dataset","NSW National Parks and Wildlife Service","HUMAN_OBSERVATION","","","{""mechanicalHazardReductionDescription"":""N/A"",""geogExtent"":""N/A"",""mapSheetNumber"":""9030 - PENRITH"",""botanicalDivision"":""Central Coast"",""floraReserve"":""N/A"",""speciesFireDescription"":""N/A"",""vulnerability"":""N/A"",""protectedInNSW"":""false"",""bfmcs"":""N/A"",""potentialImpact"":""N/A"",""observationType"":""Flora Record"",""profileID"":""N/A"",""reserve"":""N/A"",""sourceDatasetName"":""DPIE Data from Scientific Licences dataset"",""ibra"":""Sydney Basin (NSW)"",""stateForest"":""N/A"",""status"":""Valid and accepted without modification""}","urn:catalog:NSW Dept of Planning, Industry and Environment:BioNet Atlas of NSW Wildlife:SIXRI1603466","SIXRI1603466","","OIXR13102801","","","","","","","","","PRESENT","","","","Meredith Brainwood 2016, <i>Flora And Fauna Assessment Report ?GARRISON POINT</i>","","","occurrenceRemarks withheld","","","","","","","","","","2015-12-10T00:00:00Z","","344","344","2015","12","10","","","","","","","","","LIXRI0116989","","","","","","Australia","AU","New South Wales","CANTERBURY-BANKSTOWN","","locality withheld","","","","","","","","","","","locationRemarks withheld","-33.908598","150.974971","EPSG:4326","50.0","1.0E-9","","","","","","","","","","","","","","","","","","","","","","","","","","","","","","","","","","","","","","","","3680","","","","","https://id.biodiversity.org.au/node/apni/2894326","Melia azedarach","Melia azedarach","","","","","","","","Plantae","Charophyta","Equisetopsida","Sapindales","Meliaceae","Melia","","azedarach","","species","","L.","White Cedar","ICBN","","","","","","","","Melia azedarach","","","","","","","","","","Published dataset","","579a7790-6c44-4342-856f-aa04adac966a","Unknown","","","","","","","","","","Event"
"dr368","NSW BioNet Atlas","","2022-04-21T14:19:30.280+10:00","en","CC-BY 4.0 (Int)","NSW Dept of Planning and Environment","","BioNet Atlas of NSW Wildlife 12/05/2022 1:00 AM +10:00","","","","2132.0","NSW Dept of Planning, Industry and Environment","BioNet Atlas of NSW Wildlife","GEORGES Vegetation Survey","NSW Dept of Planning and Environment","HUMAN_OBSERVATION","","","{""mechanicalHazardReductionDescription"":""N/A"",""geogExtent"":""N/A"",""mapSheetNumber"":""9030 - PENRITH"",""botanicalDivision"":""Central Coast"",""floraReserve"":""N/A"",""speciesFireDescription"":""N/A"",""vulnerability"":""N/A"",""protectedInNSW"":""false"",""bfmcs"":""N/A"",""potentialImpact"":""N/A"",""observationType"":""Floristics Record from Systematic Flora Survey"",""profileID"":""N/A"",""reserve"":""N/A"",""sourceDatasetName"":""GEORGES Vegetation Survey"",""ibra"":""Sydney Basin (NSW)"",""stateForest"":""N/A"",""status"":""Valid and accepted without modification""}","urn:catalog:NSW Dept of Planning, Industry and Environment:BioNet Atlas of NSW Wildlife:SPJGI3265403","SPJGI3265403","","OVLU99062101;OSLS05031800","","","","","","","","introduced","PRESENT","","","","","","","occurrenceRemarks withheld","","","","","","","CPJGI0079626","","","1999-06-28T00:00:00Z","","179","179","1999","6","28","","","Floristic Data","","","","","Clayey loam.","LPJGI0199207","","","","","","Australia","AU","New South Wales","CANTERBURY-BANKSTOWN","","locality withheld","","8.0","8.0","","","","","","","","locationRemarks withheld","-33.909506","150.979817","EPSG:4326","100.0","1.0E-9","","","","","","","","","","","","","","","","","","","","","","","","","","","","","","","","","","","","","","","8788","8788","","","","","https://id.biodiversity.org.au/node/apni/2907368","Hypochaeris radicata","Hypochaeris radicata","","","","","","","","Plantae","Charophyta","Equisetopsida","Asterales","Asteraceae","Hypochaeris","","radicata","","species","","L.","Rough Cat's Ear","ICBN","","","","","","","","Hypochaeris radicata","","","","","","","","","","Published dataset","","9a302718-0792-4c71-b6ce-edbd69ef7e73","CC-BY 4.0","","","","","","","","","","Event"
"dr368","NSW BioNet Atlas","","2024-03-15T11:43:02.633+11:00","en","CC-BY 4.0 (Int)","NSW National Parks and Wildlife Service","","BioNet Atlas of NSW Wildlife 19/03/2024 1:00 AM +11:00","","","","1155.0","NSW Dept of Planning, Industry and Environment","BioNet Atlas of NSW Wildlife","DPIE Data from Scientific Licences dataset","NSW National Parks and Wildlife Service","HUMAN_OBSERVATION","","","{""mechanicalHazardReductionDescription"":""N/A"",""geogExtent"":""N/A"",""mapSheetNumber"":""9030 - PENRITH"",""botanicalDivision"":""Central Coast"",""floraReserve"":""N/A"",""speciesFireDescription"":""N/A"",""vulnerability"":""N/A"",""protectedInNSW"":""false"",""bfmcs"":""N/A"",""potentialImpact"":""N/A"",""observationType"":""Flora Record"",""profileID"":""N/A"",""reserve"":""N/A"",""sourceDatasetName"":""DPIE Data from Scientific Licences dataset"",""ibra"":""Sydney Basin (NSW)"",""stateForest"":""N/A"",""status"":""Valid and accepted without modification""}","urn:catalog:NSW Dept of Planning, Industry and Environment:BioNet Atlas of NSW Wildlife:SIXRI1603456","SIXRI1603456","","OIXR13102801","","","","","","","","introduced","PRESENT","","","","Meredith Brainwood 2016, <i>Flora And Fauna Assessment Report ?GARRISON POINT</i>","","","occurrenceRemarks withheld","","","","","","","","","","2015-12-10T00:00:00Z","","344","344","2015","12","10","","","","","","","","","LIXRI0116989","","","","","","Australia","AU","New South Wales","CANTERBURY-BANKSTOWN","","locality withheld","","","","","","","","","","","locationRemarks withheld","-33.908598","150.974971","EPSG:4326","50.0","1.0E-9","","","","","","","","","","","","","","","","","","","","","","","","","","","","","","","","","","","","","","","","1733","","","","","https://id.biodiversity.org.au/taxon/apni/51749236","Anredera cordifolia","Anredera cordifolia","","","","","","","","Plantae","Charophyta","Equisetopsida","Caryophyllales","Basellaceae","Anredera","","cordifolia","","species","","(Ten.) Steenis","Madeira Vine","ICBN","","","","","","","","Anredera cordifolia","","","","","","","","","","Published dataset","","50a724a6-f10b-498f-879a-728a98cd66ef","Unknown","","","","","","","","","","Event"
"dr368","NSW BioNet Atlas","","2022-04-21T14:19:30.280+10:00","en","CC-BY 4.0 (Int)","NSW Dept of Planning and Environment","","BioNet Atlas of NSW Wildlife 12/05/2022 1:00 AM +10:00","","","","2132.0","NSW Dept of Planning, Industry and Environment","BioNet Atlas of NSW Wildlife","GEORGES Vegetation Survey","NSW Dept of Planning and Environment","HUMAN_OBSERVATION","","","{""mechanicalHazardReductionDescription"":""N/A"",""geogExtent"":""N/A"",""mapSheetNumber"":""9030 - PENRITH"",""botanicalDivision"":""Central Coast"",""floraReserve"":""N/A"",""speciesFireDescription"":""N/A"",""vulnerability"":""N/A"",""protectedInNSW"":""false"",""bfmcs"":""N/A"",""potentialImpact"":""N/A"",""observationType"":""Floristics Record from Systematic Flora Survey"",""profileID"":""N/A"",""reserve"":""N/A"",""sourceDatasetName"":""GEORGES Vegetation Survey"",""ibra"":""Sydney Basin (NSW)"",""stateForest"":""N/A"",""status"":""Valid and accepted without modification""}","urn:catalog:NSW Dept of Planning, Industry and Environment:BioNet Atlas of NSW Wildlife:SPJGI3828181","SPJGI3828181","","OVLU99062101;OSLS05031800","","","","","","","","","PRESENT","","","","","","","occurrenceRemarks withheld","","","7f905bd2-1b30-49e3-bc53-2ff88b0c5e3b","","","","CPJGI0079626","","","1999-06-28T00:00:00Z","","179","179","1999","6","28","","","Floristic Data","","","","","Clayey loam.","LPJGI0199207","","","","","","Australia","AU","New South Wales","CANTERBURY-BANKSTOWN","","locality withheld","","8.0","8.0","","","","","","","","locationRemarks withheld","-33.909506","150.979817","EPSG:4326","100.0","1.0E-9","","","","","","","","","","","","","","","","","","","","","","","","","","","","","","","","","","","","","","","4191","4191","","","","","https://id.biodiversity.org.au/taxon/apni/51440747","Eucalyptus tereticornis","Eucalyptus tereticornis","","","","","","","","Plantae","Charophyta","Equisetopsida","Myrtales","Myrtaceae","Eucalyptus","","tereticornis","","species","","Sm.","Forest Red Gum","ICBN","","","","","","","","Eucalyptus tereticornis","","","","","","","","","","Published dataset","","4215bb86-3a80-4e75-b03c-34600dfc867f","CC-BY 4.0","","","","","","","","","","Event"
"dr368","NSW BioNet Atlas","","2024-03-15T11:43:02.633+11:00","en","CC-BY 4.0 (Int)","NSW National Parks and Wildlife Service","","BioNet Atlas of NSW Wildlife 19/03/2024 1:00 AM +11:00","","","","1155.0","NSW Dept of Planning, Industry and Environment","BioNet Atlas of NSW Wildlife","DPIE Data from Scientific Licences dataset","NSW National Parks and Wildlife Service","HUMAN_OBSERVATION","","","{""mechanicalHazardReductionDescription"":""N/A"",""geogExtent"":""N/A"",""mapSheetNumber"":""9030 - PENRITH"",""botanicalDivision"":""Central Coast"",""floraReserve"":""N/A"",""speciesFireDescription"":""N/A"",""vulnerability"":""N/A"",""protectedInNSW"":""false"",""bfmcs"":""N/A"",""potentialImpact"":""N/A"",""observationType"":""Flora Record"",""profileID"":""N/A"",""reserve"":""N/A"",""sourceDatasetName"":""DPIE Data from Scientific Licences dataset"",""ibra"":""Sydney Basin (NSW)"",""stateForest"":""N/A"",""status"":""Valid and accepted without modification""}","urn:catalog:NSW Dept of Planning, Industry and Environment:BioNet Atlas of NSW Wildlife:SIXRI1603473","SIXRI1603473","","OIXR13102801","","","","","","","","introduced","PRESENT","","","","Meredith Brainwood 2016, <i>Flora And Fauna Assessment Report ?GARRISON POINT</i>","","","occurrenceRemarks withheld","","","","","","","","","","2015-12-10T00:00:00Z","","344","344","2015","12","10","","","","","","","","","LIXRI0116989","","","","","","Australia","AU","New South Wales","CANTERBURY-BANKSTOWN","","locality withheld","","","","","","","","","","","locationRemarks withheld","-33.908598","150.974971","EPSG:4326","50.0","1.0E-9","","","","","","","","","","","","","","","","","","","","","","","","","","","","","","","","","","","","","","","","6091","","","","","https://id.biodiversity.org.au/node/apni/2912741","Solanum nigrum","Solanum nigrum","","","","","","","","Plantae","Charophyta","Equisetopsida","Solanales","Solanaceae","Solanum","","nigrum","","species","","L.","Black Nightshade","ICBN","","","","","","","","Solanum nigrum","","","","","","","","","","Published dataset","","47b14a48-5d15-433c-a726-2c4e6f7649b3","Unknown","","","","","","","","","","Event"
"dr368","NSW BioNet Atlas","","2022-04-21T14:19:30.280+10:00","en","CC-BY 4.0 (Int)","NSW Dept of Planning and Environment","","BioNet Atlas of NSW Wildlife 12/05/2022 1:00 AM +10:00","","","","2132.0","NSW Dept of Planning, Industry and Environment","BioNet Atlas of NSW Wildlife","GEORGES Vegetation Survey","NSW Dept of Planning and Environment","HUMAN_OBSERVATION","","","{""mechanicalHazardReductionDescription"":""N/A"",""geogExtent"":""N/A"",""mapSheetNumber"":""9030 - PENRITH"",""botanicalDivision"":""Central Coast"",""floraReserve"":""N/A"",""speciesFireDescription"":""N/A"",""vulnerability"":""N/A"",""protectedInNSW"":""false"",""bfmcs"":""N/A"",""potentialImpact"":""N/A"",""observationType"":""Floristics Record from Systematic Flora Survey"",""profileID"":""N/A"",""reserve"":""N/A"",""sourceDatasetName"":""GEORGES Vegetation Survey"",""ibra"":""Sydney Basin (NSW)"",""stateForest"":""N/A"",""status"":""Valid and accepted without modification""}","urn:catalog:NSW Dept of Planning, Industry and Environment:BioNet Atlas of NSW Wildlife:SPJGI3848749","SPJGI3848749","","OVLU99062101;OSLS05031800","","","","","","","","","PRESENT","","","","","","","occurrenceRemarks withheld","","","722c7d93-9b6c-4067-8a3f-d1df8c679751","","","","CPJGI0079626","","","1999-06-28T00:00:00Z","","179","179","1999","6","28","","","Floristic Data","","","","","Clayey loam.","LPJGI0199207","","","","","","Australia","AU","New South Wales","CANTERBURY-BANKSTOWN","","locality withheld","","8.0","8.0","","","","","","","","locationRemarks withheld","-33.909506","150.979817","EPSG:4326","100.0","1.0E-9","","","","","","","","","","","","","","","","","","","","","","","","","","","","","","","","","","","","","","","5219","7770","","","","","https://id.biodiversity.org.au/taxon/apni/51291519","Themeda triandra","Themeda triandra","","","","","","","","Plantae","Charophyta","Equisetopsida","Poales","Poaceae","Themeda","","triandra","","species","","Forssk.","Kangaroo Grass","ICBN","","","","","","","","Themeda triandra","","","","","","","","","","Published dataset","","8982fb3f-9fb4-4331-b4ff-6d7d889e2a75","CC-BY 4.0","","","","","","","","","","Event"
"dr368","NSW BioNet Atlas","","2022-04-21T14:19:30.280+10:00","en","CC-BY 4.0 (Int)","NSW Dept of Planning and Environment","","BioNet Atlas of NSW Wildlife 12/05/2022 1:00 AM +10:00","","","","2132.0","NSW Dept of Planning, Industry and Environment","BioNet Atlas of NSW Wildlife","GEORGES Vegetation Survey","NSW Dept of Planning and Environment","HUMAN_OBSERVATION","","","{""mechanicalHazardReductionDescription"":""N/A"",""geogExtent"":""N/A"",""mapSheetNumber"":""9030 - PENRITH"",""botanicalDivision"":""Central Coast"",""floraReserve"":""N/A"",""speciesFireDescription"":""N/A"",""vulnerability"":""N/A"",""protectedInNSW"":""false"",""bfmcs"":""N/A"",""potentialImpact"":""N/A"",""observationType"":""Floristics Record from Systematic Flora Survey"",""profileID"":""N/A"",""reserve"":""N/A"",""sourceDatasetName"":""GEORGES Vegetation Survey"",""ibra"":""Sydney Basin (NSW)"",""stateForest"":""N/A"",""status"":""Valid and accepted without modification""}","urn:catalog:NSW Dept of Planning, Industry and Environment:BioNet Atlas of NSW Wildlife:SPJGI3265380","SPJGI3265380","","OVLU99062101;OSLS05031800","","","","","","","","","PRESENT","","","","","","","occurrenceRemarks withheld","","","85f8cfd2-4d83-44c9-9f72-19768d0627d7","","","","CPJGI0079626","","","1999-06-28T00:00:00Z","","179","179","1999","6","28","","","Floristic Data","","","","","Clayey loam.","LPJGI0199207","","","","","","Australia","AU","New South Wales","CANTERBURY-BANKSTOWN","","locality withheld","","8.0","8.0","","","","","","","","locationRemarks withheld","-33.909506","150.979817","EPSG:4326","100.0","1.0E-9","","","","","","","","","","","","","","","","","","","","","","","","","","","","","","","","","","","","","","","4129","4129","","","","","https://id.biodiversity.org.au/taxon/apni/51289954","Eucalyptus moluccana","Eucalyptus moluccana","","","","","","","","Plantae","Charophyta","Equisetopsida","Myrtales","Myrtaceae","Eucalyptus","","moluccana","","species","","Roxb.","Gum-topped Box","ICBN","","","","","","","","Eucalyptus moluccana","","","","","","","","","","Published dataset","","cf20e052-aac1-47b5-93bf-ddf04473dc9c","CC-BY 4.0","","","","","","","","","","Event"
"dr368","NSW BioNet Atlas","","2020-04-22T10:26:07.863+10:00","en","CC-BY 4.0 (Int)","NSW National Parks and Wildlife Service","","BioNet Atlas of NSW Wildlife 5/06/2020 1:00 AM +10:00","","","","1155.0","NSW Dept of Planning, Industry and Environment","BioNet Atlas of NSW Wildlife","DPIE Data from Scientific Licences dataset","NSW National Parks and Wildlife Service","HUMAN_OBSERVATION","","","{""mechanicalHazardReductionDescription"":""N/A"",""geogExtent"":""N/A"",""mapSheetNumber"":""9030 - PENRITH"",""botanicalDivision"":""Central Coast"",""floraReserve"":""N/A"",""speciesFireDescription"":""N/A"",""vulnerability"":""N/A"",""protectedInNSW"":""false"",""bfmcs"":""N/A"",""potentialImpact"":""N/A"",""observationType"":""Flora Record"",""profileID"":""N/A"",""reserve"":""N/A"",""sourceDatasetName"":""DPIE Data from Scientific Licences dataset"",""ibra"":""Sydney Basin (NSW)"",""stateForest"":""N/A"",""status"":""Valid and accepted without modification""}","urn:catalog:NSW Dept of Planning, Industry and Environment:BioNet Atlas of NSW Wildlife:SJJSI0830024","SJJSI0830024","","OIXR15013005","","","","","","","","introduced","PRESENT","","","","","","","occurrenceRemarks withheld","","","","","","","","","","2018-05-23T00:00:00Z","","143","143","2018","5","23","","","","","","","","","LJJSI0150207","","","","","","Australia","AU","New South Wales","CANTERBURY-BANKSTOWN","","locality withheld","","","","","","","","","","","locationRemarks withheld","-33.909909","150.979481","EPSG:4326","20.0","1.0E-9","","","","","","","","","","","","","","","","","","","","","","","","","","","","","","","","","","","","","","","","1698","","","","","https://id.biodiversity.org.au/taxon/apni/51748197","Taraxacum officinale","Taraxacum","","","","","","","","Plantae","Charophyta","Equisetopsida","Asterales","Asteraceae","Taraxacum","","officinale","","genus","","F.H.Wigg.","Garden Dandelion","ICBN","","","","","","","","","","","","","","","","","","Published dataset","","19d241b1-f106-48fd-a109-a40c1b8e893c","Unknown","","","","","","","","","","Event"
"dr368","NSW BioNet Atlas","","2022-04-21T14:19:30.280+10:00","en","CC-BY 4.0 (Int)","NSW Dept of Planning and Environment","","BioNet Atlas of NSW Wildlife 12/05/2022 1:00 AM +10:00","","","","2132.0","NSW Dept of Planning, Industry and Environment","BioNet Atlas of NSW Wildlife","GEORGES Vegetation Survey","NSW Dept of Planning and Environment","HUMAN_OBSERVATION","","","{""mechanicalHazardReductionDescription"":""N/A"",""geogExtent"":""N/A"",""mapSheetNumber"":""9030 - PENRITH"",""botanicalDivision"":""Central Coast"",""floraReserve"":""N/A"",""speciesFireDescription"":""N/A"",""vulnerability"":""N/A"",""protectedInNSW"":""false"",""bfmcs"":""N/A"",""potentialImpact"":""N/A"",""observationType"":""Floristics Record from Systematic Flora Survey"",""profileID"":""N/A"",""reserve"":""N/A"",""sourceDatasetName"":""GEORGES Vegetation Survey"",""ibra"":""Sydney Basin (NSW)"",""stateForest"":""N/A"",""status"":""Valid and accepted without modification""}","urn:catalog:NSW Dept of Planning, Industry and Environment:BioNet Atlas of NSW Wildlife:SPJGI3265402","SPJGI3265402","","OVLU99062101;OSLS05031800","","","","","","","","","PRESENT","","","","","","","occurrenceRemarks withheld","","","","","","","CPJGI0079626","","","1999-06-28T00:00:00Z","","179","179","1999","6","28","","","Floristic Data","","","","","Clayey loam.","LPJGI0199207","","","","","","Australia","AU","New South Wales","CANTERBURY-BANKSTOWN","","locality withheld","","8.0","8.0","","","","","","","","locationRemarks withheld","-33.909506","150.979817","EPSG:4326","100.0","1.0E-9","","","","","","","","","","","","","","","","","","","","","","","","","","","","","","","","","","","","","","","8767","8767","","","","","https://id.biodiversity.org.au/node/apni/2903245","Dichelachne parva","Dichelachne parva","","","","","","","","Plantae","Charophyta","Equisetopsida","Poales","Poaceae","Dichelachne","","parva","","species","","B.K.Simon","Zig-zag Plume-grass","ICBN","","","","","","","","Dichelachne parva","","","","","","","","","","Published dataset","","a778ed1b-f190-4f91-b7a7-c1ecc64eb41f","CC-BY 4.0","","","","","","","","","","Event"
"dr368","NSW BioNet Atlas","","2022-12-14T19:36:55.167+11:00","en","CC-BY 4.0 (Int)","NSW Dept of Planning and Environment","","BioNet Atlas of NSW Wildlife 20/12/2022 1:00 AM +11:00","","","","2132.0","NSW Dept of Planning, Industry and Environment","BioNet Atlas of NSW Wildlife","GEORGES Vegetation Survey","NSW Dept of Planning and Environment","HUMAN_OBSERVATION","","","{""mechanicalHazardReductionDescription"":""N/A"",""geogExtent"":""N/A"",""mapSheetNumber"":""9030 - PENRITH"",""botanicalDivision"":""Central Coast"",""floraReserve"":""N/A"",""speciesFireDescription"":""N/A"",""vulnerability"":""N/A"",""protectedInNSW"":""false"",""bfmcs"":""N/A"",""potentialImpact"":""N/A"",""observationType"":""Floristics Record from Systematic Flora Survey"",""profileID"":""N/A"",""reserve"":""N/A"",""sourceDatasetName"":""GEORGES Vegetation Survey"",""ibra"":""Sydney Basin (NSW)"",""stateForest"":""N/A"",""status"":""Valid and accepted without modification""}","urn:catalog:NSW Dept of Planning, Industry and Environment:BioNet Atlas of NSW Wildlife:SPJGI3265401","SPJGI3265401","","OVLU99062101;OSLS05031800","","","","","","","","","PRESENT","","","","","","","occurrenceRemarks withheld","","","","","","","CPJGI0079626","","","1999-06-28T00:00:00Z","","179","179","1999","6","28","","","Floristic Data","","","","","Clayey loam.","LPJGI0199207","","","","","","Australia","AU","New South Wales","CANTERBURY-BANKSTOWN","","locality withheld","","8.0","8.0","","","","","","","","locationRemarks withheld","-33.909506","150.979817","EPSG:4326","100.0","1.0E-9","","","","","","","","","","","","","","","","","","","","","","","","","","","","","","","","","","","","","","","8725","8725","","","","","https://id.biodiversity.org.au/node/apni/2888868","Dianella longifolia var. longifolia","Dianella longifolia var. longifolia","","","","","","","","Plantae","Charophyta","Equisetopsida","Asparagales","Hemerocallidaceae","Dianella","","longifolia","longifolia","variety","","","Dianella","ICBN","","","","","","","","Dianella longifolia","","","","","","","","","","Published dataset","","8e3e0d5e-82e6-4a22-9f18-b69758f7cbb2","CC-BY 4.0","","","","","","","","","","Event"
"dr368","NSW BioNet Atlas","","2024-03-15T11:43:02.633+11:00","en","CC-BY 4.0 (Int)","NSW National Parks and Wildlife Service","","BioNet Atlas of NSW Wildlife 19/03/2024 1:00 AM +11:00","","","","1155.0","NSW Dept of Planning, Industry and Environment","BioNet Atlas of NSW Wildlife","DPIE Data from Scientific Licences dataset","NSW National Parks and Wildlife Service","HUMAN_OBSERVATION","","","{""mechanicalHazardReductionDescription"":""N/A"",""geogExtent"":""N/A"",""mapSheetNumber"":""9030 - PENRITH"",""botanicalDivision"":""Central Coast"",""floraReserve"":""N/A"",""speciesFireDescription"":""N/A"",""vulnerability"":""N/A"",""protectedInNSW"":""false"",""bfmcs"":""N/A"",""potentialImpact"":""N/A"",""observationType"":""Flora Record"",""profileID"":""N/A"",""reserve"":""N/A"",""sourceDatasetName"":""DPIE Data from Scientific Licences dataset"",""ibra"":""Sydney Basin (NSW)"",""stateForest"":""N/A"",""status"":""Valid and accepted without modification""}","urn:catalog:NSW Dept of Planning, Industry and Environment:BioNet Atlas of NSW Wildlife:SIXRI1603474","SIXRI1603474","","OIXR13102801","","","","","","","","introduced","PRESENT","","","","Meredith Brainwood 2016, <i>Flora And Fauna Assessment Report ?GARRISON POINT</i>","","","occurrenceRemarks withheld","","","","","","","","","","2015-12-10T00:00:00Z","","344","344","2015","12","10","","","","","","","","","LIXRI0116989","","","","","","Australia","AU","New South Wales","CANTERBURY-BANKSTOWN","","locality withheld","","","","","","","","","","","locationRemarks withheld","-33.908598","150.974971","EPSG:4326","50.0","1.0E-9","","","","","","","","","","","","","","","","","","","","","","","","","","","","","","","","","","","","","","","","6101","","","","","https://id.biodiversity.org.au/taxon/apni/51447828","Solanum pseudocapsicum","Solanum pseudocapsicum","","","","","","","","Plantae","Charophyta","Equisetopsida","Solanales","Solanaceae","Solanum","","pseudocapsicum","","species","","L.","Jerusalem Cherry","ICBN","","","","","","","","Solanum pseudocapsicum","","","","","","","","","","Published dataset","","6907abad-da86-4ec1-9aa7-6dc6a8c46cce","Unknown","","","","","","","","","","Event"
"dr368","NSW BioNet Atlas","","2020-04-22T10:26:07.863+10:00","en","CC-BY 4.0 (Int)","NSW National Parks and Wildlife Service","","BioNet Atlas of NSW Wildlife 5/06/2020 1:00 AM +10:00","","","","1155.0","NSW Dept of Planning, Industry and Environment","BioNet Atlas of NSW Wildlife","DPIE Data from Scientific Licences dataset","NSW National Parks and Wildlife Service","HUMAN_OBSERVATION","","","{""mechanicalHazardReductionDescription"":""N/A"",""geogExtent"":""N/A"",""mapSheetNumber"":""9030 - PENRITH"",""botanicalDivision"":""Central Coast"",""floraReserve"":""N/A"",""speciesFireDescription"":""N/A"",""vulnerability"":""N/A"",""protectedInNSW"":""false"",""bfmcs"":""N/A"",""potentialImpact"":""N/A"",""observationType"":""Flora Record"",""profileID"":""N/A"",""reserve"":""N/A"",""sourceDatasetName"":""DPIE Data from Scientific Licences dataset"",""ibra"":""Sydney Basin (NSW)"",""stateForest"":""N/A"",""status"":""Valid and accepted without modification""}","urn:catalog:NSW Dept of Planning, Industry and Environment:BioNet Atlas of NSW Wildlife:SJJSI0498672","SJJSI0498672","","OJJS17112202","","","","","","","","","PRESENT","","","","","","","occurrenceRemarks withheld","","","","","","","","","","2017-01-04T00:00:00Z","","4","4","2017","1","4","","","","","","","","","LJJSI0090417","","","","","","Australia","AU","New South Wales","CANTERBURY-BANKSTOWN","","locality withheld","","","","","","","","","","","locationRemarks withheld","-33.91","150.98","EPSG:4326","5.0","1.0E-9","","","","","","","","","GPS","","","","","","","","","","","","","","","","","","","","","","","","","","","","","","","14896","","","","","https://id.biodiversity.org.au/node/apni/2888791","Anthosachne scabra","Anthosachne scabra","","","","","","","","Plantae","Charophyta","Equisetopsida","Poales","Poaceae","Anthosachne","","scabra","","species","","(R.Br.) Nevski","Common Wheat-grass","ICBN","","","","","","","","Anthosachne scabra","","","","","","","","","","Published dataset","","392739e5-dd78-45d2-953c-068f158071ab","Unknown","","","","","","","","","","Event"
"dr368","NSW BioNet Atlas","","2024-03-15T11:43:02.633+11:00","en","CC-BY 4.0 (Int)","NSW National Parks and Wildlife Service","","BioNet Atlas of NSW Wildlife 19/03/2024 1:00 AM +11:00","","","","1155.0","NSW Dept of Planning, Industry and Environment","BioNet Atlas of NSW Wildlife","DPIE Data from Scientific Licences dataset","NSW National Parks and Wildlife Service","HUMAN_OBSERVATION","","","{""mechanicalHazardReductionDescription"":""N/A"",""geogExtent"":""N/A"",""mapSheetNumber"":""9030 - PENRITH"",""botanicalDivision"":""Central Coast"",""floraReserve"":""N/A"",""speciesFireDescription"":""N/A"",""vulnerability"":""N/A"",""protectedInNSW"":""false"",""bfmcs"":""N/A"",""potentialImpact"":""N/A"",""observationType"":""Flora Record"",""profileID"":""N/A"",""reserve"":""N/A"",""sourceDatasetName"":""DPIE Data from Scientific Licences dataset"",""ibra"":""Sydney Basin (NSW)"",""stateForest"":""N/A"",""status"":""Valid and accepted without modification""}","urn:catalog:NSW Dept of Planning, Industry and Environment:BioNet Atlas of NSW Wildlife:SIXRI1603458","SIXRI1603458","","OIXR13102801","","","","","","","","introduced","PRESENT","","","","Meredith Brainwood 2016, <i>Flora And Fauna Assessment Report ?GARRISON POINT</i>","","","occurrenceRemarks withheld","","","","","","","","","","2015-12-10T00:00:00Z","","344","344","2015","12","10","","","","","","","","","LIXRI0116989","","","","","","Australia","AU","New South Wales","CANTERBURY-BANKSTOWN","","locality withheld","","","","","","","","","","","locationRemarks withheld","-33.908598","150.974971","EPSG:4326","50.0","1.0E-9","","","","","","","","","","","","","","","","","","","","","","","","","","","","","","","","","","","","","","","","11784","","","","","https://id.biodiversity.org.au/taxon/apni/51737689","Asparagus aethiopicus","Asparagus aethiopicus","","","","","","","","Plantae","Charophyta","Equisetopsida","Asparagales","Asparagaceae","Asparagus","","aethiopicus","","species","","L.","Asparagus Fern","ICBN","","","","","","","","Asparagus aethiopicus","","","","","","","","","","Published dataset","","97edc0d0-3ee0-41ee-929e-314bc9153e96","Unknown","","","","","","","","","","Event"
"dr368","NSW BioNet Atlas","","2020-04-22T10:26:07.863+10:00","en","CC-BY 4.0 (Int)","NSW National Parks and Wildlife Service","","BioNet Atlas of NSW Wildlife 5/06/2020 1:00 AM +10:00","","","","1155.0","NSW Dept of Planning, Industry and Environment","BioNet Atlas of NSW Wildlife","DPIE Data from Scientific Licences dataset","NSW National Parks and Wildlife Service","HUMAN_OBSERVATION","","","{""mechanicalHazardReductionDescription"":""N/A"",""geogExtent"":""N/A"",""mapSheetNumber"":""9030 - PENRITH"",""botanicalDivision"":""Central Coast"",""floraReserve"":""N/A"",""speciesFireDescription"":""N/A"",""vulnerability"":""N/A"",""protectedInNSW"":""false"",""bfmcs"":""N/A"",""potentialImpact"":""N/A"",""observationType"":""Flora Record"",""profileID"":""N/A"",""reserve"":""N/A"",""sourceDatasetName"":""DPIE Data from Scientific Licences dataset"",""ibra"":""Sydney Basin (NSW)"",""stateForest"":""N/A"",""status"":""Valid and accepted without modification""}","urn:catalog:NSW Dept of Planning, Industry and Environment:BioNet Atlas of NSW Wildlife:SJJSI0830015","SJJSI0830015","","OIXR15013005","","","","","","","","","PRESENT","","","","","","","occurrenceRemarks withheld","","","","","","","","","","2018-05-23T00:00:00Z","","143","143","2018","5","23","","","","","","","","","LJJSI0150207","","","","","","Australia","AU","New South Wales","CANTERBURY-BANKSTOWN","","locality withheld","","","","","","","","","","","locationRemarks withheld","-33.909909","150.979481","EPSG:4326","20.0","1.0E-9","","","","","","","","","","","","","","","","","","","","","","","","","","","","","","","","","","","","","","","","4621","","","","","https://id.biodiversity.org.au/node/apni/2894269","Oxalis perennans","Oxalis perennans","","","","","","","","Plantae","Charophyta","Equisetopsida","Oxalidales","Oxalidaceae","Oxalis","","perennans","","species","","Haw.","Native Sorrel","ICBN","","","","","","","","Oxalis perennans","","","","","","","","","","Published dataset","","1b2faa14-900b-4913-bc71-34a1fd19caee","Unknown","","","","","","","","","","Event"
"dr368","NSW BioNet Atlas","","2025-12-15T17:26:26.490+11:00","en","CC-BY 4.0 (Int)","NSW National Parks and Wildlife Service","","BioNet Atlas of NSW Wildlife 23/12/2025 1:00 AM +11:00","","","","1155","NSW Dept of Planning, Industry and Environment","BioNet Atlas of NSW Wildlife","DPIE Data from Scientific Licences dataset","NSW National Parks and Wildlife Service","HUMAN_OBSERVATION","","","{""mechanicalHazardReductionDescription"":""N/A"",""geogExtent"":""N/A"",""mapSheetNumber"":""9030 - PENRITH"",""botanicalDivision"":""Central Coast"",""floraReserve"":""N/A"",""speciesFireDescription"":""N/A"",""vulnerability"":""N/A"",""protectedInNSW"":""false"",""bfmcs"":""N/A"",""potentialImpact"":""N/A"",""observationType"":""Flora Record"",""profileID"":""N/A"",""reserve"":""N/A"",""sourceDatasetName"":""DPIE Data from Scientific Licences dataset"",""ibra"":""Sydney Basin (NSW)"",""stateForest"":""N/A"",""status"":""Valid and accepted without modification""}","urn:catalog:NSW Dept of Planning, Industry and Environment:BioNet Atlas of NSW Wildlife:SJJSI0830013","SJJSI0830013","","OIXR15013005","","","","","","","","","PRESENT","","","","","","","occurrenceRemarks withheld","","","","","","","","","","2018-05-23T00:00:00Z","","143","143","2018","5","23","","","","","","","","","LJJSI0150207","","","","","","Australia","AU","New South Wales","CANTERBURY-BANKSTOWN","","locality withheld","","","","","","","","","","","locationRemarks withheld","-33.909909","150.979481","EPSG:4326","20.0","1.0E-9","","","","","","","","","","","","","","","","","","","","","","","","","","","","","","","","","","","","","","","","8802","","","","","https://id.biodiversity.org.au/taxon/apni/51431567","Lomandra multiflora subsp. multiflora","Lomandra multiflora subsp. multiflora","","","","","","","","Plantae","Charophyta","Equisetopsida","Asparagales","Asparagaceae","Lomandra","","multiflora","multiflora","subspecies","","","Lomandra","ICBN","","","","","","","","Lomandra multiflora","","","","","","","","","","Published dataset","","118b9bd1-ed4c-45e0-b963-7e809e6d31a4","Unknown","","","","","","","","","","Event"
"dr368","NSW BioNet Atlas","","2024-03-15T11:43:02.633+11:00","en","CC-BY 4.0 (Int)","NSW National Parks and Wildlife Service","","BioNet Atlas of NSW Wildlife 19/03/2024 1:00 AM +11:00","","","","1155.0","NSW Dept of Planning, Industry and Environment","BioNet Atlas of NSW Wildlife","DPIE Data from Scientific Licences dataset","NSW National Parks and Wildlife Service","HUMAN_OBSERVATION","","","{""mechanicalHazardReductionDescription"":""N/A"",""geogExtent"":""N/A"",""mapSheetNumber"":""9030 - PENRITH"",""botanicalDivision"":""Central Coast"",""floraReserve"":""N/A"",""speciesFireDescription"":""N/A"",""vulnerability"":""N/A"",""protectedInNSW"":""false"",""bfmcs"":""N/A"",""potentialImpact"":""N/A"",""observationType"":""Flora Record"",""profileID"":""N/A"",""reserve"":""N/A"",""sourceDatasetName"":""DPIE Data from Scientific Licences dataset"",""ibra"":""Sydney Basin (NSW)"",""stateForest"":""N/A"",""status"":""Valid and accepted without modification""}","urn:catalog:NSW Dept of Planning, Industry and Environment:BioNet Atlas of NSW Wildlife:SIXRI1603470","SIXRI1603470","","OIXR13102801","","","","","","","","introduced","PRESENT","","","","Meredith Brainwood 2016, <i>Flora And Fauna Assessment Report ?GARRISON POINT</i>","","","occurrenceRemarks withheld","","","","","","","","","","2015-12-10T00:00:00Z","","344","344","2015","12","10","","","","","","","","","LIXRI0116989","","","","","","Australia","AU","New South Wales","CANTERBURY-BANKSTOWN","","locality withheld","","","","","","","","","","","locationRemarks withheld","-33.908598","150.974971","EPSG:4326","50.0","1.0E-9","","","","","","","","","","","","","","","","","","","","","","","","","","","","","","","","","","","","","","","","1979","","","","","https://id.biodiversity.org.au/taxon/apni/51270276","Polycarpon tetraphyllum","Polycarpon tetraphyllum","","","","","","","","Plantae","Charophyta","Equisetopsida","Caryophyllales","Caryophyllaceae","Polycarpon","","tetraphyllum","","species","","(L.) L.","Four-leaf Allseed","ICBN","","","","","","","","Polycarpon tetraphyllum","","","","","","","","","","Published dataset","","9c3059b6-030a-4327-831c-6f9ea37f22cc","Unknown","","","","","","","","","","Event"
"dr368","NSW BioNet Atlas","","2022-07-19T17:22:32.070+10:00","en","CC-BY 4.0 (Int)","NSW Dept of Planning and Environment","","BioNet Atlas of NSW Wildlife 28/07/2022 1:00 AM +10:00","","","","2132.0","NSW Dept of Planning, Industry and Environment","BioNet Atlas of NSW Wildlife","GEORGES Vegetation Survey","NSW Dept of Planning and Environment","HUMAN_OBSERVATION","","","{""mechanicalHazardReductionDescription"":""N/A"",""geogExtent"":""N/A"",""mapSheetNumber"":""9030 - PENRITH"",""botanicalDivision"":""Central Coast"",""floraReserve"":""N/A"",""speciesFireDescription"":""N/A"",""vulnerability"":""N/A"",""protectedInNSW"":""false"",""bfmcs"":""N/A"",""potentialImpact"":""N/A"",""observationType"":""Floristics Record from Systematic Flora Survey"",""profileID"":""N/A"",""reserve"":""N/A"",""sourceDatasetName"":""GEORGES Vegetation Survey"",""ibra"":""Sydney Basin (NSW)"",""stateForest"":""N/A"",""status"":""Valid and accepted without modification""}","urn:catalog:NSW Dept of Planning, Industry and Environment:BioNet Atlas of NSW Wildlife:SPJGI3265404","SPJGI3265404","","OVLU99062101;OSLS05031800","","","","","","","","introduced","PRESENT","","","","","","","occurrenceRemarks withheld","","","","","","","CPJGI0079626","","","1999-06-28T00:00:00Z","","179","179","1999","6","28","","","Floristic Data","","","","","Clayey loam.","LPJGI0199207","","","","","","Australia","AU","New South Wales","CANTERBURY-BANKSTOWN","","locality withheld","","8.0","8.0","","","","","","","","locationRemarks withheld","-33.909506","150.979817","EPSG:4326","100.0","1.0E-9","","","","","","","","","","","","","","","","","","","","","","","","","","","","","","","","","","","","","","","11784","11784","","","","","https://id.biodiversity.org.au/taxon/apni/51737689","Asparagus aethiopicus","Asparagus aethiopicus","","","","","","","","Plantae","Charophyta","Equisetopsida","Asparagales","Asparagaceae","Asparagus","","aethiopicus","","species","","L.","Asparagus Fern","ICBN","","","","","","","","Asparagus aethiopicus","","","","","","","","","","Published dataset","","60db1f50-68a5-4643-a391-5a8e57ddf564","CC-BY 4.0","","","","","","","","","","Event"
"dr368","NSW BioNet Atlas","","2022-07-19T17:22:55.160+10:00","en","CC-BY 4.0 (Int)","NSW National Parks and Wildlife Service","","BioNet Atlas of NSW Wildlife 28/07/2022 1:00 AM +10:00","","","","1155.0","NSW Dept of Planning, Industry and Environment","BioNet Atlas of NSW Wildlife","DPIE Data from Scientific Licences dataset","NSW National Parks and Wildlife Service","HUMAN_OBSERVATION","","","{""mechanicalHazardReductionDescription"":""N/A"",""geogExtent"":""N/A"",""mapSheetNumber"":""9030 - PENRITH"",""botanicalDivision"":""Central Coast"",""floraReserve"":""N/A"",""speciesFireDescription"":""N/A"",""vulnerability"":""N/A"",""protectedInNSW"":""false"",""bfmcs"":""N/A"",""potentialImpact"":""N/A"",""observationType"":""Flora Record"",""profileID"":""N/A"",""reserve"":""N/A"",""sourceDatasetName"":""DPIE Data from Scientific Licences dataset"",""ibra"":""Sydney Basin (NSW)"",""stateForest"":""N/A"",""status"":""Valid and accepted without modification""}","urn:catalog:NSW Dept of Planning, Industry and Environment:BioNet Atlas of NSW Wildlife:SJJSI0830006","SJJSI0830006","","OIXR15013005","","","","","","","","introduced","PRESENT","","","","","","","occurrenceRemarks withheld","","","","","","","","","","2018-05-23T00:00:00Z","","143","143","2018","5","23","","","","","","","","","LJJSI0150207","","","","","","Australia","AU","New South Wales","CANTERBURY-BANKSTOWN","","locality withheld","","","","","","","","","","","locationRemarks withheld","-33.909909","150.979481","EPSG:4326","20.0","1.0E-9","","","","","","","","","","","","","","","","","","","","","","","","","","","","","","","","","","","","","","","","4952","","","","","https://id.biodiversity.org.au/node/apni/2889922","Eragrostis curvula","Eragrostis curvula","","","","","","","","Plantae","Charophyta","Equisetopsida","Poales","Poaceae","Eragrostis","","curvula","","species","","(Schrad.) Nees","African Love-grass","ICBN","","","","","","","","Eragrostis curvula","","","","","","","","","","Published dataset","","3700cd44-f824-461f-8ba2-a5f98616a0c8","Unknown","","","","","","","","","","Event"
"dr368","NSW BioNet Atlas","","2022-04-21T14:19:30.280+10:00","en","CC-BY 4.0 (Int)","NSW Dept of Planning and Environment","","BioNet Atlas of NSW Wildlife 12/05/2022 1:00 AM +10:00","","","","2132.0","NSW Dept of Planning, Industry and Environment","BioNet Atlas of NSW Wildlife","GEORGES Vegetation Survey","NSW Dept of Planning and Environment","HUMAN_OBSERVATION","","","{""mechanicalHazardReductionDescription"":""N/A"",""geogExtent"":""N/A"",""mapSheetNumber"":""9030 - PENRITH"",""botanicalDivision"":""Central Coast"",""floraReserve"":""N/A"",""speciesFireDescription"":""N/A"",""vulnerability"":""N/A"",""protectedInNSW"":""false"",""bfmcs"":""N/A"",""potentialImpact"":""N/A"",""observationType"":""Floristics Record from Systematic Flora Survey"",""profileID"":""N/A"",""reserve"":""N/A"",""sourceDatasetName"":""GEORGES Vegetation Survey"",""ibra"":""Sydney Basin (NSW)"",""stateForest"":""N/A"",""status"":""Valid and accepted without modification""}","urn:catalog:NSW Dept of Planning, Industry and Environment:BioNet Atlas of NSW Wildlife:SPJGI3932337","SPJGI3932337","","OVLU99062101;OSLS05031800","","","","","","","","introduced","PRESENT","","","","","","","occurrenceRemarks withheld","","","160b77f5-aeb3-47eb-86d1-b4f833a0eacc","","","","CPJGI0079626","","","1999-06-28T00:00:00Z","","179","179","1999","6","28","","","Floristic Data","","","","","Clayey loam.","LPJGI0199207","","","","","","Australia","AU","New South Wales","CANTERBURY-BANKSTOWN","","locality withheld","","8.0","8.0","","","","","","","","locationRemarks withheld","-33.909506","150.979817","EPSG:4326","100.0","1.0E-9","","","","","","","","","","","","","","","","","","","","","","","","","","","","","","","","","","","","","","","7267","7267","","","","","https://id.biodiversity.org.au/node/apni/2887385","Pavonia hastata","Pavonia hastata","","","","","","","","Plantae","Charophyta","Equisetopsida","Malvales","Malvaceae","Pavonia","","hastata","","species","","Cav.","Pink Pavonia","ICBN","","","","","","","","Pavonia hastata","","","","","","","","","","Published dataset","","5c4ced19-a7e5-484b-86d8-e5ba9c261e2a","CC-BY 4.0","","","","","","","","","","Event"
"dr368","NSW BioNet Atlas","","2020-04-22T10:26:07.863+10:00","en","CC-BY 4.0 (Int)","NSW National Parks and Wildlife Service","","BioNet Atlas of NSW Wildlife 5/06/2020 1:00 AM +10:00","","","","1155.0","NSW Dept of Planning, Industry and Environment","BioNet Atlas of NSW Wildlife","DPIE Data from Scientific Licences dataset","NSW National Parks and Wildlife Service","HUMAN_OBSERVATION","","","{""mechanicalHazardReductionDescription"":""N/A"",""geogExtent"":""N/A"",""mapSheetNumber"":""9030 - PENRITH"",""botanicalDivision"":""Central Coast"",""floraReserve"":""N/A"",""speciesFireDescription"":""N/A"",""vulnerability"":""N/A"",""protectedInNSW"":""false"",""bfmcs"":""N/A"",""potentialImpact"":""N/A"",""observationType"":""Flora Record"",""profileID"":""N/A"",""reserve"":""N/A"",""sourceDatasetName"":""DPIE Data from Scientific Licences dataset"",""ibra"":""Sydney Basin (NSW)"",""stateForest"":""N/A"",""status"":""Valid and accepted without modification""}","urn:catalog:NSW Dept of Planning, Industry and Environment:BioNet Atlas of NSW Wildlife:SJJSI0830018","SJJSI0830018","","OIXR15013005","","","","","","","","introduced","PRESENT","","","","","","","occurrenceRemarks withheld","","","","","","","","","","2018-05-23T00:00:00Z","","143","143","2018","5","23","","","","","","","","","LJJSI0150207","","","","","","Australia","AU","New South Wales","CANTERBURY-BANKSTOWN","","locality withheld","","","","","","","","","","","locationRemarks withheld","-33.909909","150.979481","EPSG:4326","20.0","1.0E-9","","","","","","","","","","","","","","","","","","","","","","","","","","","","","","","","","","","","","","","","7267","","","","","https://id.biodiversity.org.au/node/apni/2887385","Pavonia hastata","Pavonia hastata","","","","","","","","Plantae","Charophyta","Equisetopsida","Malvales","Malvaceae","Pavonia","","hastata","","species","","Cav.","Pink Pavonia","ICBN","","","","","","","","Pavonia hastata","","","","","","","","","","Published dataset","","55ddf5fa-e5e8-415c-8a9f-177d534d3e27","Unknown","","","","","","","","","","Event"
"dr368","NSW BioNet Atlas","","2020-08-05T02:07:30.407+10:00","en","CC-BY 4.0 (Int)","NSW National Parks and Wildlife Service","","BioNet Atlas of NSW Wildlife 12/08/2020 1:00 AM +10:00","","","","1155.0","NSW Dept of Planning, Industry and Environment","BioNet Atlas of NSW Wildlife","DPIE Data from Scientific Licences dataset","NSW National Parks and Wildlife Service","HUMAN_OBSERVATION","","","{""mechanicalHazardReductionDescription"":""N/A"",""geogExtent"":""N/A"",""mapSheetNumber"":""9030 - PENRITH"",""botanicalDivision"":""Central Coast"",""floraReserve"":""N/A"",""speciesFireDescription"":""N/A"",""vulnerability"":""N/A"",""protectedInNSW"":""false"",""bfmcs"":""N/A"",""potentialImpact"":""N/A"",""observationType"":""Flora Record"",""profileID"":""N/A"",""reserve"":""N/A"",""sourceDatasetName"":""DPIE Data from Scientific Licences dataset"",""ibra"":""Sydney Basin (NSW)"",""stateForest"":""N/A"",""status"":""Valid and accepted without modification""}","urn:catalog:NSW Dept of Planning, Industry and Environment:BioNet Atlas of NSW Wildlife:SJJSI1282718","SJJSI1282718","","OPUR19032102","","","","","","","","introduced","PRESENT","","","","","","","occurrenceRemarks withheld","","","","","","","","","","2019-05-15T00:00:00Z","","135","135","2019","5","15","","","","","","","","","LJJSI0254435","","","","","","Australia","AU","New South Wales","CANTERBURY-BANKSTOWN","","locality withheld","","","","","","","","","","","locationRemarks withheld","-33.908406","150.980748","EPSG:4326","300.0","1.0E-9","","","","","","","","","","","","","","","","","","","","","","","","","","","","","","","","","","","","","","","","3660","","","","","https://id.biodiversity.org.au/node/apni/2914881","Modiola caroliniana","Modiola caroliniana","","","","","","","","Plantae","Charophyta","Equisetopsida","Malvales","Malvaceae","Modiola","","caroliniana","","species","","(L.) G.Don","Red-flowered Mallow","ICBN","","","","","","","","Modiola caroliniana","","","","","","","","","","Published dataset","","6cea7e39-3a1a-490d-be08-664ada89d118","Unknown","","","","","","","","","","Event"
"dr368","NSW BioNet Atlas","","2024-03-15T11:43:02.633+11:00","en","CC-BY 4.0 (Int)","NSW National Parks and Wildlife Service","","BioNet Atlas of NSW Wildlife 19/03/2024 1:00 AM +11:00","","","","1155.0","NSW Dept of Planning, Industry and Environment","BioNet Atlas of NSW Wildlife","DPIE Data from Scientific Licences dataset","NSW National Parks and Wildlife Service","HUMAN_OBSERVATION","","","{""mechanicalHazardReductionDescription"":""N/A"",""geogExtent"":""N/A"",""mapSheetNumber"":""9030 - PENRITH"",""botanicalDivision"":""Central Coast"",""floraReserve"":""N/A"",""speciesFireDescription"":""N/A"",""vulnerability"":""N/A"",""protectedInNSW"":""false"",""bfmcs"":""N/A"",""potentialImpact"":""N/A"",""observationType"":""Flora Record"",""profileID"":""N/A"",""reserve"":""N/A"",""sourceDatasetName"":""DPIE Data from Scientific Licences dataset"",""ibra"":""Sydney Basin (NSW)"",""stateForest"":""N/A"",""status"":""Valid and accepted without modification""}","urn:catalog:NSW Dept of Planning, Industry and Environment:BioNet Atlas of NSW Wildlife:SIXRI1603444","SIXRI1603444","","OIXR13102801","","","","","","","","","PRESENT","","","","Meredith Brainwood 2016, <i>Flora And Fauna Assessment Report ?GARRISON POINT</i>","","","occurrenceRemarks withheld","","","","","","","","","","2015-12-10T00:00:00Z","","344","344","2015","12","10","","","","","","","","","LIXRI0116989","","","","","","Australia","AU","New South Wales","CANTERBURY-BANKSTOWN","","locality withheld","","","","","","","","","","","locationRemarks withheld","-33.908598","150.974971","EPSG:4326","50.0","1.0E-9","","","","","","","","","","","","","","","","","","","","","","","","","","","","","","","","","","","","","","","","2110","","","","","https://id.biodiversity.org.au/taxon/apni/51433167","Einadia hastata","Einadia hastata","","","","","","","","Plantae","Charophyta","Equisetopsida","Caryophyllales","Chenopodiaceae","Einadia","","hastata","","species","","(R.Br.) A.J.Scott","Saloop","ICBN","","","","","","","","Einadia hastata","","","","","","","","","","Published dataset","","cbdbc352-fe5b-432e-8041-c420cbc5b2a0","Unknown","","","","","","","","","","Event"
"dr368","NSW BioNet Atlas","","2022-07-19T17:22:32.070+10:00","en","CC-BY 4.0 (Int)","NSW National Parks and Wildlife Service","","BioNet Atlas of NSW Wildlife 28/07/2022 1:00 AM +10:00","","","","1155.0","NSW Dept of Planning, Industry and Environment","BioNet Atlas of NSW Wildlife","DPIE Data from Scientific Licences dataset","NSW National Parks and Wildlife Service","HUMAN_OBSERVATION","","","{""mechanicalHazardReductionDescription"":""N/A"",""geogExtent"":""N/A"",""mapSheetNumber"":""9030 - PENRITH"",""botanicalDivision"":""Central Coast"",""floraReserve"":""N/A"",""speciesFireDescription"":""N/A"",""vulnerability"":""N/A"",""protectedInNSW"":""false"",""bfmcs"":""N/A"",""potentialImpact"":""N/A"",""observationType"":""Flora Record"",""profileID"":""N/A"",""reserve"":""N/A"",""sourceDatasetName"":""DPIE Data from Scientific Licences dataset"",""ibra"":""Sydney Basin (NSW)"",""stateForest"":""N/A"",""status"":""Valid and accepted without modification""}","urn:catalog:NSW Dept of Planning, Industry and Environment:BioNet Atlas of NSW Wildlife:SJJSI0829993","SJJSI0829993","","OIXR15013005","","","","","","","","introduced","PRESENT","","","","","","","occurrenceRemarks withheld","","","","","","","","","","2018-05-23T00:00:00Z","","143","143","2018","5","23","","","","","","","","","LJJSI0150207","","","","","","Australia","AU","New South Wales","CANTERBURY-BANKSTOWN","","locality withheld","","","","","","","","","","","locationRemarks withheld","-33.909909","150.979481","EPSG:4326","20.0","1.0E-9","","","","","","","","","","","","","","","","","","","","","","","","","","","","","","","","","","","","","","","","11784","","","","","https://id.biodiversity.org.au/taxon/apni/51737689","Asparagus aethiopicus","Asparagus aethiopicus","","","","","","","","Plantae","Charophyta","Equisetopsida","Asparagales","Asparagaceae","Asparagus","","aethiopicus","","species","","L.","Asparagus Fern","ICBN","","","","","","","","Asparagus aethiopicus","","","","","","","","","","Published dataset","","a85fea05-469f-4942-ad86-e825582be13e","Unknown","","","","","","","","","","Event"
"dr368","NSW BioNet Atlas","","2022-04-21T14:19:30.280+10:00","en","CC-BY 4.0 (Int)","NSW Dept of Planning and Environment","","BioNet Atlas of NSW Wildlife 11/05/2022 1:00 AM +10:00","","","","1.0","NSW Dept of Planning, Industry and Environment","BioNet Atlas of NSW Wildlife","DPIE Default Sightings","NSW Dept of Planning and Environment","HUMAN_OBSERVATION","","","{""mechanicalHazardReductionDescription"":""N/A"",""geogExtent"":""N/A"",""mapSheetNumber"":""9030 - PENRITH"",""botanicalDivision"":""Central Coast"",""floraReserve"":""N/A"",""speciesFireDescription"":""N/A"",""vulnerability"":""N/A"",""protectedInNSW"":""false"",""bfmcs"":""N/A"",""potentialImpact"":""N/A"",""observationType"":""Flora Record"",""profileID"":""N/A"",""reserve"":""N/A"",""sourceDatasetName"":""DPIE Default Sightings"",""ibra"":""Sydney Basin (NSW)"",""stateForest"":""N/A"",""status"":""Valid and accepted without modification""}","urn:catalog:NSW Dept of Planning, Industry and Environment:BioNet Atlas of NSW Wildlife:SJJSI0127085","SJJSI0127085","","OEMM09102201","","","","","","","","","PRESENT","","","","","","","occurrenceRemarks withheld","","","33f8edd0-3699-4c24-ac96-591326ccc9fc","","","","","","","2010-02-25T00:00:00Z","","56","56","2010","2","25","","","","","","","","","LJJSI0030093","","","","","","Australia","AU","New South Wales","CANTERBURY-BANKSTOWN","","locality withheld","","","","","","","","","","","locationRemarks withheld","-33.90917","150.98064","EPSG:4326","20.0","1.0E-9","","","","","","","","","","","","","","","","","","","","","","","","","","","","","","","","","","","","","","","6128","6128","","","","","https://id.biodiversity.org.au/taxon/apni/51777365","Brachychiton populneus","Brachychiton populneus","","","","","","","","Plantae","Charophyta","Equisetopsida","Malvales","Malvaceae","Brachychiton","","populneus","","species","","(Schott & Endl.) R.Br.","Kurrajong","ICBN","","","","","","","","Brachychiton populneus","","","","","","","","","","Published dataset","","9ba94da0-81a0-4c0e-a510-82aa9086faf5","CC-BY 4.0","","","","","","","","","","Event"
"dr368","NSW BioNet Atlas","","2024-03-15T11:43:02.633+11:00","en","CC-BY 4.0 (Int)","NSW National Parks and Wildlife Service","","BioNet Atlas of NSW Wildlife 19/03/2024 1:00 AM +11:00","","","","1155.0","NSW Dept of Planning, Industry and Environment","BioNet Atlas of NSW Wildlife","DPIE Data from Scientific Licences dataset","NSW National Parks and Wildlife Service","HUMAN_OBSERVATION","","","{""mechanicalHazardReductionDescription"":""N/A"",""geogExtent"":""N/A"",""mapSheetNumber"":""9030 - PENRITH"",""botanicalDivision"":""Central Coast"",""floraReserve"":""N/A"",""speciesFireDescription"":""N/A"",""vulnerability"":""N/A"",""protectedInNSW"":""false"",""bfmcs"":""N/A"",""potentialImpact"":""N/A"",""observationType"":""Flora Record"",""profileID"":""N/A"",""reserve"":""N/A"",""sourceDatasetName"":""DPIE Data from Scientific Licences dataset"",""ibra"":""Sydney Basin (NSW)"",""stateForest"":""N/A"",""status"":""Valid and accepted without modification""}","urn:catalog:NSW Dept of Planning, Industry and Environment:BioNet Atlas of NSW Wildlife:SIXRI1603443","SIXRI1603443","","OIXR13102801","","","","","","","","","PRESENT","","","","Meredith Brainwood 2016, <i>Flora And Fauna Assessment Report ?GARRISON POINT</i>","","","occurrenceRemarks withheld","","","","","","","","","","2015-12-10T00:00:00Z","","344","344","2015","12","10","","","","","","","","","LIXRI0116989","","","","","","Australia","AU","New South Wales","CANTERBURY-BANKSTOWN","","locality withheld","","","","","","","","","","","locationRemarks withheld","-33.908598","150.974971","EPSG:4326","50.0","1.0E-9","","","","","","","","","","","","","","","","","","","","","","","","","","","","","","","","","","","","","","","","4934","","","","","https://id.biodiversity.org.au/node/apni/2910214","Echinopogon ovatus","Echinopogon ovatus","","","","","","","","Plantae","Charophyta","Equisetopsida","Poales","Poaceae","Echinopogon","","ovatus","","species","","(G.Forst.) P.Beauv.","Common Hedgehog-grass","ICBN","","","","","","","","Echinopogon ovatus","","","","","","","","","","Published dataset","","d8c2d02c-0a77-444a-94b3-060b4bbcdb07","Unknown","","","","","","","","","","Event"
"dr368","NSW BioNet Atlas","","2024-03-15T11:43:02.633+11:00","en","CC-BY 4.0 (Int)","NSW National Parks and Wildlife Service","","BioNet Atlas of NSW Wildlife 19/03/2024 1:00 AM +11:00","","","","1155.0","NSW Dept of Planning, Industry and Environment","BioNet Atlas of NSW Wildlife","DPIE Data from Scientific Licences dataset","NSW National Parks and Wildlife Service","HUMAN_OBSERVATION","","","{""mechanicalHazardReductionDescription"":""N/A"",""geogExtent"":""N/A"",""mapSheetNumber"":""9030 - PENRITH"",""botanicalDivision"":""Central Coast"",""floraReserve"":""N/A"",""speciesFireDescription"":""N/A"",""vulnerability"":""N/A"",""protectedInNSW"":""false"",""bfmcs"":""N/A"",""potentialImpact"":""N/A"",""observationType"":""Flora Record"",""profileID"":""N/A"",""reserve"":""N/A"",""sourceDatasetName"":""DPIE Data from Scientific Licences dataset"",""ibra"":""Sydney Basin (NSW)"",""stateForest"":""N/A"",""status"":""Valid and accepted without modification""}","urn:catalog:NSW Dept of Planning, Industry and Environment:BioNet Atlas of NSW Wildlife:SIXRI1603464","SIXRI1603464","","OIXR13102801","","","","","","","","introduced","PRESENT","","","","Meredith Brainwood 2016, <i>Flora And Fauna Assessment Report ?GARRISON POINT</i>","","","occurrenceRemarks withheld","","","","","","","","","","2015-12-10T00:00:00Z","","344","344","2015","12","10","","","","","","","","","LIXRI0116989","","","","","","Australia","AU","New South Wales","CANTERBURY-BANKSTOWN","","locality withheld","","","","","","","","","","","locationRemarks withheld","-33.908598","150.974971","EPSG:4326","50.0","1.0E-9","","","","","","","","","","","","","","","","","","","","","","","","","","","","","","","","","","","","","","","","12748","","","","","https://id.biodiversity.org.au/node/apni/2906438","Gamochaeta purpurea","Gamochaeta purpurea","","","","","","","","Plantae","Charophyta","Equisetopsida","Asterales","Asteraceae","Gamochaeta","","purpurea","","species","","(L.) Cabrera","Spiked Cudweed","ICBN","","","","","","","","Gamochaeta purpurea","","","","","","","","","","Published dataset","","bcfd4d71-634a-4859-858f-3f8bf2cbb9d9","Unknown","","","","","","","","","","Event"
"dr368","NSW BioNet Atlas","","2022-07-19T17:22:55.160+10:00","en","CC-BY 4.0 (Int)","NSW National Parks and Wildlife Service","","BioNet Atlas of NSW Wildlife 28/07/2022 1:00 AM +10:00","","","","1155.0","NSW Dept of Planning, Industry and Environment","BioNet Atlas of NSW Wildlife","DPIE Data from Scientific Licences dataset","NSW National Parks and Wildlife Service","HUMAN_OBSERVATION","","","{""mechanicalHazardReductionDescription"":""N/A"",""geogExtent"":""N/A"",""mapSheetNumber"":""9030 - PENRITH"",""botanicalDivision"":""Central Coast"",""floraReserve"":""N/A"",""speciesFireDescription"":""N/A"",""vulnerability"":""N/A"",""protectedInNSW"":""false"",""bfmcs"":""N/A"",""potentialImpact"":""N/A"",""observationType"":""Flora Record"",""profileID"":""N/A"",""reserve"":""N/A"",""sourceDatasetName"":""DPIE Data from Scientific Licences dataset"",""ibra"":""Sydney Basin (NSW)"",""stateForest"":""N/A"",""status"":""Valid and accepted without modification""}","urn:catalog:NSW Dept of Planning, Industry and Environment:BioNet Atlas of NSW Wildlife:SJJSI1282715","SJJSI1282715","","OPUR19032102","","","","","","","","introduced","PRESENT","","","","","","","occurrenceRemarks withheld","","","","","","","","","","2019-05-15T00:00:00Z","","135","135","2019","5","15","","","","","","","","","LJJSI0254435","","","","","","Australia","AU","New South Wales","CANTERBURY-BANKSTOWN","","locality withheld","","","","","","","","","","","locationRemarks withheld","-33.908406","150.980748","EPSG:4326","300.0","1.0E-9","","","","","","","","","","","","","","","","","","","","","","","","","","","","","","","","","","","","","","","","4952","","","","","https://id.biodiversity.org.au/node/apni/2889922","Eragrostis curvula","Eragrostis curvula","","","","","","","","Plantae","Charophyta","Equisetopsida","Poales","Poaceae","Eragrostis","","curvula","","species","","(Schrad.) Nees","African Love-grass","ICBN","","","","","","","","Eragrostis curvula","","","","","","","","","","Published dataset","","34c6c359-678b-451f-ae6f-939a2733abc6","Unknown","","","","","","","","","","Event"
"dr368","NSW BioNet Atlas","","2022-04-21T14:19:30.280+10:00","en","CC-BY 4.0 (Int)","NSW Dept of Planning and Environment","","BioNet Atlas of NSW Wildlife 12/05/2022 1:00 AM +10:00","","","","2132.0","NSW Dept of Planning, Industry and Environment","BioNet Atlas of NSW Wildlife","GEORGES Vegetation Survey","NSW Dept of Planning and Environment","HUMAN_OBSERVATION","","","{""mechanicalHazardReductionDescription"":""N/A"",""geogExtent"":""N/A"",""mapSheetNumber"":""9030 - PENRITH"",""botanicalDivision"":""Central Coast"",""floraReserve"":""N/A"",""speciesFireDescription"":""N/A"",""vulnerability"":""N/A"",""protectedInNSW"":""false"",""bfmcs"":""N/A"",""potentialImpact"":""N/A"",""observationType"":""Floristics Record from Systematic Flora Survey"",""profileID"":""N/A"",""reserve"":""N/A"",""sourceDatasetName"":""GEORGES Vegetation Survey"",""ibra"":""Sydney Basin (NSW)"",""stateForest"":""N/A"",""status"":""Valid and accepted without modification""}","urn:catalog:NSW Dept of Planning, Industry and Environment:BioNet Atlas of NSW Wildlife:SPJGI3931656","SPJGI3931656","","OVLU99062101;OSLS05031800","","","","","","","","","PRESENT","","","","","","","occurrenceRemarks withheld","","","cf20e052-aac1-47b5-93bf-ddf04473dc9c","","","","CPJGI0079626","","","1999-06-28T00:00:00Z","","179","179","1999","6","28","","","Floristic Data","","","","","Clayey loam.","LPJGI0199207","","","","","","Australia","AU","New South Wales","CANTERBURY-BANKSTOWN","","locality withheld","","8.0","8.0","","","","","","","","locationRemarks withheld","-33.909506","150.979817","EPSG:4326","100.0","1.0E-9","","","","","","","","","","","","","","","","","","","","","","","","","","","","","","","","","","","","","","","4129","4129","","","","","https://id.biodiversity.org.au/taxon/apni/51289954","Eucalyptus moluccana","Eucalyptus moluccana","","","","","","","","Plantae","Charophyta","Equisetopsida","Myrtales","Myrtaceae","Eucalyptus","","moluccana","","species","","Roxb.","Gum-topped Box","ICBN","","","","","","","","Eucalyptus moluccana","","","","","","","","","","Published dataset","","85f8cfd2-4d83-44c9-9f72-19768d0627d7","CC-BY 4.0","","","","","","","","","","Event"
"dr368","NSW BioNet Atlas","","2020-08-05T02:07:30.407+10:00","en","CC-BY 4.0 (Int)","NSW National Parks and Wildlife Service","","BioNet Atlas of NSW Wildlife 12/08/2020 1:00 AM +10:00","","","","1155.0","NSW Dept of Planning, Industry and Environment","BioNet Atlas of NSW Wildlife","DPIE Data from Scientific Licences dataset","NSW National Parks and Wildlife Service","HUMAN_OBSERVATION","","","{""mechanicalHazardReductionDescription"":""N/A"",""geogExtent"":""N/A"",""mapSheetNumber"":""9030 - PENRITH"",""botanicalDivision"":""Central Coast"",""floraReserve"":""N/A"",""speciesFireDescription"":""N/A"",""vulnerability"":""N/A"",""protectedInNSW"":""false"",""bfmcs"":""N/A"",""potentialImpact"":""N/A"",""observationType"":""Flora Record"",""profileID"":""N/A"",""reserve"":""N/A"",""sourceDatasetName"":""DPIE Data from Scientific Licences dataset"",""ibra"":""Sydney Basin (NSW)"",""stateForest"":""N/A"",""status"":""Valid and accepted without modification""}","urn:catalog:NSW Dept of Planning, Industry and Environment:BioNet Atlas of NSW Wildlife:SJJSI1282714","SJJSI1282714","","OPUR19032102","","","","","","","","","PRESENT","","","","","","","occurrenceRemarks withheld","","","","","","","","","","2019-05-15T00:00:00Z","","135","135","2019","5","15","","","","","","","","","LJJSI0254435","","","","","","Australia","AU","New South Wales","CANTERBURY-BANKSTOWN","","locality withheld","","","","","","","","","","","locationRemarks withheld","-33.908406","150.980748","EPSG:4326","300.0","1.0E-9","","","","","","","","","","","","","","","","","","","","","","","","","","","","","","","","","","","","","","","","6540","","","","","https://id.biodiversity.org.au/node/apni/2915319","Cynodon dactylon","Cynodon dactylon","","","","","","","","Plantae","Charophyta","Equisetopsida","Poales","Poaceae","Cynodon","","dactylon","","species","","(L.) Pers.","Couch","ICBN","","","","","","","","Cynodon dactylon","","","","","","","","","","Published dataset","","89870281-c566-4eb1-9ddf-e6947e6b45df","Unknown","","","","","","","","","","Event"
"dr368","NSW BioNet Atlas","","2022-04-21T14:19:30.280+10:00","en","CC-BY 4.0 (Int)","NSW Dept of Planning and Environment","","BioNet Atlas of NSW Wildlife 11/05/2022 1:00 AM +10:00","","","","1.0","NSW Dept of Planning, Industry and Environment","BioNet Atlas of NSW Wildlife","DPIE Default Sightings","NSW Dept of Planning and Environment","HUMAN_OBSERVATION","","","{""mechanicalHazardReductionDescription"":""N/A"",""geogExtent"":""N/A"",""mapSheetNumber"":""9030 - PENRITH"",""botanicalDivision"":""Central Coast"",""floraReserve"":""N/A"",""speciesFireDescription"":""N/A"",""vulnerability"":""N/A"",""protectedInNSW"":""false"",""bfmcs"":""N/A"",""potentialImpact"":""N/A"",""observationType"":""Flora Record"",""profileID"":""N/A"",""reserve"":""N/A"",""sourceDatasetName"":""DPIE Default Sightings"",""ibra"":""Sydney Basin (NSW)"",""stateForest"":""N/A"",""status"":""Valid and accepted without modification""}","urn:catalog:NSW Dept of Planning, Industry and Environment:BioNet Atlas of NSW Wildlife:SJJSI0127102","SJJSI0127102","","OEMM09102201","","","","","","","","","PRESENT","","","","","","","occurrenceRemarks withheld","","","9ba94da0-81a0-4c0e-a510-82aa9086faf5","","","","","","","2010-03-01T00:00:00Z","","60","60","2010","3","1","","","","","","","","","LJJSI0030100","","","","","","Australia","AU","New South Wales","CANTERBURY-BANKSTOWN","","locality withheld","","","","","","","","","","","locationRemarks withheld","-33.90917","150.98064","EPSG:4326","200.0","1.0E-9","","","","","","","","","","","","","","","","","","","","","","","","","","","","","","","","","","","","","","","6128","6128","","","","","https://id.biodiversity.org.au/taxon/apni/51777365","Brachychiton populneus","Brachychiton populneus","","","","","","","","Plantae","Charophyta","Equisetopsida","Malvales","Malvaceae","Brachychiton","","populneus","","species","","(Schott & Endl.) R.Br.","Kurrajong","ICBN","","","","","","","","Brachychiton populneus","","","","","","","","","","Published dataset","","33f8edd0-3699-4c24-ac96-591326ccc9fc","CC-BY 4.0","","","","","","","","","","Event"
"dr368","NSW BioNet Atlas","","2020-04-22T10:26:07.863+10:00","en","CC-BY 4.0 (Int)","NSW National Parks and Wildlife Service","","BioNet Atlas of NSW Wildlife 5/06/2020 1:00 AM +10:00","","","","1155.0","NSW Dept of Planning, Industry and Environment","BioNet Atlas of NSW Wildlife","DPIE Data from Scientific Licences dataset","NSW National Parks and Wildlife Service","HUMAN_OBSERVATION","","","{""mechanicalHazardReductionDescription"":""N/A"",""geogExtent"":""N/A"",""mapSheetNumber"":""9030 - PENRITH"",""botanicalDivision"":""Central Coast"",""floraReserve"":""N/A"",""speciesFireDescription"":""N/A"",""vulnerability"":""N/A"",""protectedInNSW"":""false"",""bfmcs"":""N/A"",""potentialImpact"":""N/A"",""observationType"":""Flora Record"",""profileID"":""N/A"",""reserve"":""N/A"",""sourceDatasetName"":""DPIE Data from Scientific Licences dataset"",""ibra"":""Sydney Basin (NSW)"",""stateForest"":""N/A"",""status"":""Valid and accepted without modification""}","urn:catalog:NSW Dept of Planning, Industry and Environment:BioNet Atlas of NSW Wildlife:SJJSI0830001","SJJSI0830001","","OIXR15013005","","","","","","","","","PRESENT","","","","","","","occurrenceRemarks withheld","","","","","","","","","","2018-05-23T00:00:00Z","","143","143","2018","5","23","","","","","","","","","LJJSI0150207","","","","","","Australia","AU","New South Wales","CANTERBURY-BANKSTOWN","","locality withheld","","","","","","","","","","","locationRemarks withheld","-33.909909","150.979481","EPSG:4326","20.0","1.0E-9","","","","","","","","","","","","","","","","","","","","","","","","","","","","","","","","","","","","","","","","6540","","","","","https://id.biodiversity.org.au/node/apni/2915319","Cynodon dactylon","Cynodon dactylon","","","","","","","","Plantae","Charophyta","Equisetopsida","Poales","Poaceae","Cynodon","","dactylon","","species","","(L.) Pers.","Couch","ICBN","","","","","","","","Cynodon dactylon","","","","","","","","","","Published dataset","","c106685b-0f45-483a-9293-f7685f625a68","Unknown","","","","","","","","","","Event"
"dr368","NSW BioNet Atlas","","2022-04-21T14:19:30.280+10:00","en","CC-BY 4.0 (Int)","NSW Dept of Planning and Environment","","BioNet Atlas of NSW Wildlife 11/05/2022 1:00 AM +10:00","","","","1.0","NSW Dept of Planning, Industry and Environment","BioNet Atlas of NSW Wildlife","DPIE Default Sightings","NSW Dept of Planning and Environment","HUMAN_OBSERVATION","","","{""mechanicalHazardReductionDescription"":""N/A"",""geogExtent"":""N/A"",""mapSheetNumber"":""9030 - PENRITH"",""botanicalDivision"":""Central Coast"",""floraReserve"":""N/A"",""speciesFireDescription"":""N/A"",""vulnerability"":""N/A"",""protectedInNSW"":""false"",""bfmcs"":""N/A"",""potentialImpact"":""N/A"",""observationType"":""Flora Record"",""profileID"":""N/A"",""reserve"":""N/A"",""sourceDatasetName"":""DPIE Default Sightings"",""ibra"":""Sydney Basin (NSW)"",""stateForest"":""N/A"",""status"":""Valid and accepted without modification""}","urn:catalog:NSW Dept of Planning, Industry and Environment:BioNet Atlas of NSW Wildlife:SJJSI0127302","SJJSI0127302","","OEMM09102201","","","","","","","","","PRESENT","","","","","","","occurrenceRemarks withheld","","","","","","","","","","2010-04-27T00:00:00Z","","117","117","2010","4","27","","","","","","","","","LJJSI0030100","","","","","","Australia","AU","New South Wales","CANTERBURY-BANKSTOWN","","locality withheld","","","","","","","","","","","locationRemarks withheld","-33.90917","150.98064","EPSG:4326","200.0","1.0E-9","","","","","","","","","","","","","","","","","","","","","","","","","","","","","","","","","","","","","","","4770","4770","","","","","https://id.biodiversity.org.au/node/apni/2921221","Aristida ramosa","Aristida ramosa","","","","","","","","Plantae","Charophyta","Equisetopsida","Poales","Poaceae","Aristida","","ramosa","","species","","R.Br.","Cane Wire-grass","ICBN","","","","","","","","Aristida ramosa","","","","","","","","","","Published dataset","","922e7e13-77b7-4758-afdc-71508ec0aebd","CC-BY 4.0","","","","","","","","","","Event"
"dr368","NSW BioNet Atlas","","2020-04-22T10:26:07.863+10:00","en","CC-BY 4.0 (Int)","NSW National Parks and Wildlife Service","","BioNet Atlas of NSW Wildlife 5/06/2020 1:00 AM +10:00","","","","1155.0","NSW Dept of Planning, Industry and Environment","BioNet Atlas of NSW Wildlife","DPIE Data from Scientific Licences dataset","NSW National Parks and Wildlife Service","HUMAN_OBSERVATION","","","{""mechanicalHazardReductionDescription"":""N/A"",""geogExtent"":""N/A"",""mapSheetNumber"":""9030 - PENRITH"",""botanicalDivision"":""Central Coast"",""floraReserve"":""N/A"",""speciesFireDescription"":""N/A"",""vulnerability"":""N/A"",""protectedInNSW"":""false"",""bfmcs"":""N/A"",""potentialImpact"":""N/A"",""observationType"":""Flora Record"",""profileID"":""N/A"",""reserve"":""N/A"",""sourceDatasetName"":""DPIE Data from Scientific Licences dataset"",""ibra"":""Sydney Basin (NSW)"",""stateForest"":""N/A"",""status"":""Valid and accepted without modification""}","urn:catalog:NSW Dept of Planning, Industry and Environment:BioNet Atlas of NSW Wildlife:SJJSI0830026","SJJSI0830026","","OIXR15013005","","","","","","","","","PRESENT","","","","","","","occurrenceRemarks withheld","","","","","","","","","","2018-05-23T00:00:00Z","","143","143","2018","5","23","","","","","","","","","LJJSI0150207","","","","","","Australia","AU","New South Wales","CANTERBURY-BANKSTOWN","","locality withheld","","","","","","","","","","","locationRemarks withheld","-33.909909","150.979481","EPSG:4326","20.0","1.0E-9","","","","","","","","","","","","","","","","","","","","","","","","","","","","","","","","","","","","","","","","6737","","","","","https://id.biodiversity.org.au/node/apni/2909796","Vittadinia cuneata var. cuneata","Vittadinia cuneata var. cuneata","","","","","","","","Plantae","Charophyta","Equisetopsida","Asterales","Asteraceae","Vittadinia","","cuneata","cuneata","variety","","","Fuzzy New Holland Daisy","ICBN","","","","","","","","Vittadinia cuneata","","","","","","","","","","Published dataset","","5a9cdb35-9af5-4a76-a33a-1d17431ed422","Unknown","","","","","","","","","","Event"
"dr368","NSW BioNet Atlas","","2022-04-21T14:19:30.280+10:00","en","CC-BY 4.0 (Int)","NSW Dept of Planning and Environment","","BioNet Atlas of NSW Wildlife 12/05/2022 1:00 AM +10:00","","","","2132.0","NSW Dept of Planning, Industry and Environment","BioNet Atlas of NSW Wildlife","GEORGES Vegetation Survey","NSW Dept of Planning and Environment","HUMAN_OBSERVATION","","","{""mechanicalHazardReductionDescription"":""N/A"",""geogExtent"":""N/A"",""mapSheetNumber"":""9030 - PENRITH"",""botanicalDivision"":""Central Coast"",""floraReserve"":""N/A"",""speciesFireDescription"":""N/A"",""vulnerability"":""N/A"",""protectedInNSW"":""false"",""bfmcs"":""N/A"",""potentialImpact"":""N/A"",""observationType"":""Floristics Record from Systematic Flora Survey"",""profileID"":""N/A"",""reserve"":""N/A"",""sourceDatasetName"":""GEORGES Vegetation Survey"",""ibra"":""Sydney Basin (NSW)"",""stateForest"":""N/A"",""status"":""Valid and accepted without modification""}","urn:catalog:NSW Dept of Planning, Industry and Environment:BioNet Atlas of NSW Wildlife:SPJGI3265395","SPJGI3265395","","OVLU99062101;OSLS05031800","","","","","","","","introduced","PRESENT","","","","","","","occurrenceRemarks withheld","","","5c4ced19-a7e5-484b-86d8-e5ba9c261e2a","","","","CPJGI0079626","","","1999-06-28T00:00:00Z","","179","179","1999","6","28","","","Floristic Data","","","","","Clayey loam.","LPJGI0199207","","","","","","Australia","AU","New South Wales","CANTERBURY-BANKSTOWN","","locality withheld","","8.0","8.0","","","","","","","","locationRemarks withheld","-33.909506","150.979817","EPSG:4326","100.0","1.0E-9","","","","","","","","","","","","","","","","","","","","","","","","","","","","","","","","","","","","","","","7267","7267","","","","","https://id.biodiversity.org.au/node/apni/2887385","Pavonia hastata","Pavonia hastata","","","","","","","","Plantae","Charophyta","Equisetopsida","Malvales","Malvaceae","Pavonia","","hastata","","species","","Cav.","Pink Pavonia","ICBN","","","","","","","","Pavonia hastata","","","","","","","","","","Published dataset","","160b77f5-aeb3-47eb-86d1-b4f833a0eacc","CC-BY 4.0","","","","","","","","","","Event"
"dr368","NSW BioNet Atlas","","2024-03-15T11:43:02.633+11:00","en","CC-BY 4.0 (Int)","NSW National Parks and Wildlife Service","","BioNet Atlas of NSW Wildlife 19/03/2024 1:00 AM +11:00","","","","1155.0","NSW Dept of Planning, Industry and Environment","BioNet Atlas of NSW Wildlife","DPIE Data from Scientific Licences dataset","NSW National Parks and Wildlife Service","HUMAN_OBSERVATION","","","{""mechanicalHazardReductionDescription"":""N/A"",""geogExtent"":""N/A"",""mapSheetNumber"":""9030 - PENRITH"",""botanicalDivision"":""Central Coast"",""floraReserve"":""N/A"",""speciesFireDescription"":""N/A"",""vulnerability"":""N/A"",""protectedInNSW"":""false"",""bfmcs"":""N/A"",""potentialImpact"":""N/A"",""observationType"":""Flora Record"",""profileID"":""N/A"",""reserve"":""N/A"",""sourceDatasetName"":""DPIE Data from Scientific Licences dataset"",""ibra"":""Sydney Basin (NSW)"",""stateForest"":""N/A"",""status"":""Valid and accepted without modification""}","urn:catalog:NSW Dept of Planning, Industry and Environment:BioNet Atlas of NSW Wildlife:SIXRI1603450","SIXRI1603450","","OIXR13102801","","","","","","","","","PRESENT","","","","Meredith Brainwood 2016, <i>Flora And Fauna Assessment Report ?GARRISON POINT</i>","","","occurrenceRemarks withheld","","","","","","","","","","2015-12-10T00:00:00Z","","344","344","2015","12","10","","","","","","","","","LIXRI0116989","","","","","","Australia","AU","New South Wales","CANTERBURY-BANKSTOWN","","locality withheld","","","","","","","","","","","locationRemarks withheld","-33.908598","150.974971","EPSG:4326","50.0","1.0E-9","","","","","","","","","","","","","","","","","","","","","","","","","","","","","","","","","","","","","","","","5113","","","","","https://id.biodiversity.org.au/node/apni/2901931","Phragmites australis","Phragmites australis","","","","","","","","Plantae","Charophyta","Equisetopsida","Poales","Poaceae","Phragmites","","australis","","species","","(Cav.) Trin. ex Steud.","Common Reed","ICBN","","","","","","","","Phragmites australis","","","","","","","","","","Published dataset","","f2e243a9-ccf5-44f9-b450-2122d74b4283","Unknown","","","","","","","","","","Event"
"dr368","NSW BioNet Atlas","","2022-04-21T14:19:30.280+10:00","en","CC-BY 4.0 (Int)","NSW Dept of Planning and Environment","","BioNet Atlas of NSW Wildlife 12/05/2022 1:00 AM +10:00","","","","2132.0","NSW Dept of Planning, Industry and Environment","BioNet Atlas of NSW Wildlife","GEORGES Vegetation Survey","NSW Dept of Planning and Environment","HUMAN_OBSERVATION","","","{""mechanicalHazardReductionDescription"":""N/A"",""geogExtent"":""N/A"",""mapSheetNumber"":""9030 - PENRITH"",""botanicalDivision"":""Central Coast"",""floraReserve"":""N/A"",""speciesFireDescription"":""N/A"",""vulnerability"":""N/A"",""protectedInNSW"":""false"",""bfmcs"":""N/A"",""potentialImpact"":""N/A"",""observationType"":""Floristics Record from Systematic Flora Survey"",""profileID"":""N/A"",""reserve"":""N/A"",""sourceDatasetName"":""GEORGES Vegetation Survey"",""ibra"":""Sydney Basin (NSW)"",""stateForest"":""N/A"",""status"":""Valid and accepted without modification""}","urn:catalog:NSW Dept of Planning, Industry and Environment:BioNet Atlas of NSW Wildlife:SPJGI3870383","SPJGI3870383","","OVLU99062101;OSLS05031800","","","","","","","","introduced","PRESENT","","","","","","","occurrenceRemarks withheld","","","2a085738-15e9-4f73-a109-2d4cef00116d","","","","CPJGI0079626","","","1999-06-28T00:00:00Z","","179","179","1999","6","28","","","Floristic Data","","","","","Clayey loam.","LPJGI0199207","","","","","","Australia","AU","New South Wales","CANTERBURY-BANKSTOWN","","locality withheld","","8.0","8.0","","","","","","","","locationRemarks withheld","-33.909506","150.979817","EPSG:4326","100.0","1.0E-9","","","","","","","","","","","","","","","","","","","","","","","","","","","","","","","","","","","","","","","3673","3673","","","","","https://id.biodiversity.org.au/node/apni/2909922","Sida rhombifolia","Sida rhombifolia","","","","","","","","Plantae","Charophyta","Equisetopsida","Malvales","Malvaceae","Sida","","rhombifolia","","species","","L.","Jelly Leaf","ICBN","","","","","","","","Sida rhombifolia","","","","","","","","","","Published dataset","","4241f21e-7578-440e-b4e9-aa36be78d0d1","CC-BY 4.0","","","","","","","","","","Event"
"dr368","NSW BioNet Atlas","","2022-07-19T17:22:32.687+10:00","en","CC-BY 4.0 (Int)","NSW National Parks and Wildlife Service","","BioNet Atlas of NSW Wildlife 28/07/2022 1:00 AM +10:00","","","","1155.0","NSW Dept of Planning, Industry and Environment","BioNet Atlas of NSW Wildlife","DPIE Data from Scientific Licences dataset","NSW National Parks and Wildlife Service","HUMAN_OBSERVATION","","","{""mechanicalHazardReductionDescription"":""N/A"",""geogExtent"":""N/A"",""mapSheetNumber"":""9030 - PENRITH"",""botanicalDivision"":""Central Coast"",""floraReserve"":""N/A"",""speciesFireDescription"":""N/A"",""vulnerability"":""N/A"",""protectedInNSW"":""false"",""bfmcs"":""N/A"",""potentialImpact"":""N/A"",""observationType"":""Flora Record"",""profileID"":""N/A"",""reserve"":""N/A"",""sourceDatasetName"":""DPIE Data from Scientific Licences dataset"",""ibra"":""Sydney Basin (NSW)"",""stateForest"":""N/A"",""status"":""Valid and accepted without modification""}","urn:catalog:NSW Dept of Planning, Industry and Environment:BioNet Atlas of NSW Wildlife:SJJSI0829994","SJJSI0829994","","OIXR15013005","","","","","","","","introduced","PRESENT","","","","","","","occurrenceRemarks withheld","","","","","","","","","","2018-05-23T00:00:00Z","","143","143","2018","5","23","","","","","","","","","LJJSI0150207","","","","","","Australia","AU","New South Wales","CANTERBURY-BANKSTOWN","","locality withheld","","","","","","","","","","","locationRemarks withheld","-33.909909","150.979481","EPSG:4326","20.0","1.0E-9","","","","","","","","","","","","","","","","","","","","","","","","","","","","","","","","","","","","","","","","3519","","","","","https://id.biodiversity.org.au/node/apni/2895458","Asparagus asparagoides","Asparagus asparagoides","","","","","","","","Plantae","Charophyta","Equisetopsida","Asparagales","Asparagaceae","Asparagus","","asparagoides","","species","","(L.) W.Wight","Bridal Creeper","ICBN","","","","","","","","Asparagus asparagoides","","","","","","","","","","Published dataset","","de140fbf-c7be-46ad-9a21-83d1b6f36939","Unknown","","","","","","","","","","Event"
"dr368","NSW BioNet Atlas","","2022-04-21T14:19:30.280+10:00","en","CC-BY 4.0 (Int)","NSW Dept of Planning and Environment","","BioNet Atlas of NSW Wildlife 12/05/2022 1:00 AM +10:00","","","","2132.0","NSW Dept of Planning, Industry and Environment","BioNet Atlas of NSW Wildlife","GEORGES Vegetation Survey","NSW Dept of Planning and Environment","HUMAN_OBSERVATION","","","{""mechanicalHazardReductionDescription"":""N/A"",""geogExtent"":""N/A"",""mapSheetNumber"":""9030 - PENRITH"",""botanicalDivision"":""Central Coast"",""floraReserve"":""N/A"",""speciesFireDescription"":""N/A"",""vulnerability"":""N/A"",""protectedInNSW"":""false"",""bfmcs"":""N/A"",""potentialImpact"":""N/A"",""observationType"":""Floristics Record from Systematic Flora Survey"",""profileID"":""N/A"",""reserve"":""N/A"",""sourceDatasetName"":""GEORGES Vegetation Survey"",""ibra"":""Sydney Basin (NSW)"",""stateForest"":""N/A"",""status"":""Valid and accepted without modification""}","urn:catalog:NSW Dept of Planning, Industry and Environment:BioNet Atlas of NSW Wildlife:SPJGI3265376","SPJGI3265376","","OVLU99062101;OSLS05031800","","","","","","","","","PRESENT","","","","","","","occurrenceRemarks withheld","","","","","","","CPJGI0079626","","","1999-06-28T00:00:00Z","","179","179","1999","6","28","","","Floristic Data","","","","","Clayey loam.","LPJGI0199207","","","","","","Australia","AU","New South Wales","CANTERBURY-BANKSTOWN","","locality withheld","","8.0","8.0","","","","","","","","locationRemarks withheld","-33.909506","150.979817","EPSG:4326","100.0","1.0E-9","","","","","","","","","","","","","","","","","","","","","","","","","","","","","","","","","","","","","","","2222","2222","","","","","https://id.biodiversity.org.au/node/apni/2886410","Dichondra repens","Dichondra repens","","","","","","","","Plantae","Charophyta","Equisetopsida","Solanales","Convolvulaceae","Dichondra","","repens","","species","","J.R.Forst. & G.Forst.","Kidney-weed","ICBN","","","","","","","","Dichondra repens","","","","","","","","","","Published dataset","","14acab42-0a99-47ff-8432-0cbb93310a26","CC-BY 4.0","","","","","","","","","","Event"
"dr368","NSW BioNet Atlas","","2020-04-22T10:26:07.863+10:00","en","CC-BY 4.0 (Int)","NSW National Parks and Wildlife Service","","BioNet Atlas of NSW Wildlife 5/06/2020 1:00 AM +10:00","","","","1155.0","NSW Dept of Planning, Industry and Environment","BioNet Atlas of NSW Wildlife","DPIE Data from Scientific Licences dataset","NSW National Parks and Wildlife Service","HUMAN_OBSERVATION","","","{""mechanicalHazardReductionDescription"":""N/A"",""geogExtent"":""N/A"",""mapSheetNumber"":""9030 - PENRITH"",""botanicalDivision"":""Central Coast"",""floraReserve"":""N/A"",""speciesFireDescription"":""N/A"",""vulnerability"":""N/A"",""protectedInNSW"":""false"",""bfmcs"":""N/A"",""potentialImpact"":""N/A"",""observationType"":""Flora Record"",""profileID"":""N/A"",""reserve"":""N/A"",""sourceDatasetName"":""DPIE Data from Scientific Licences dataset"",""ibra"":""Sydney Basin (NSW)"",""stateForest"":""N/A"",""status"":""Valid and accepted without modification""}","urn:catalog:NSW Dept of Planning, Industry and Environment:BioNet Atlas of NSW Wildlife:SJJSI0829996","SJJSI0829996","","OIXR15013005","","","","","","","","","PRESENT","","","","","","","occurrenceRemarks withheld","","","","","","","","","","2018-05-23T00:00:00Z","","143","143","2018","5","23","","","","","","","","","LJJSI0150207","","","","","","Australia","AU","New South Wales","CANTERBURY-BANKSTOWN","","locality withheld","","","","","","","","","","","locationRemarks withheld","-33.909909","150.979481","EPSG:4326","20.0","1.0E-9","","","","","","","","","","","","","","","","","","","","","","","","","","","","","","","","","","","","","","","","1003","","","","","https://id.biodiversity.org.au/node/apni/2906157","Brunoniella australis","Brunoniella australis","","","","","","","","Plantae","Charophyta","Equisetopsida","Lamiales","Acanthaceae","Brunoniella","","australis","","species","","(Cav.) Bremek.","Blue Trumpet","ICBN","","","","","","","","Brunoniella australis","","","","","","","","","","Published dataset","","236f0f40-6934-4fec-87c9-4e7b56a2c9ed","Unknown","","","","","","","","","","Event"
"dr368","NSW BioNet Atlas","","2022-07-19T17:22:31.150+10:00","en","CC-BY 4.0 (Int)","NSW National Parks and Wildlife Service","","BioNet Atlas of NSW Wildlife 28/07/2022 1:00 AM +10:00","","","","1155.0","NSW Dept of Planning, Industry and Environment","BioNet Atlas of NSW Wildlife","DPIE Data from Scientific Licences dataset","NSW National Parks and Wildlife Service","HUMAN_OBSERVATION","","","{""mechanicalHazardReductionDescription"":""N/A"",""geogExtent"":""N/A"",""mapSheetNumber"":""9030 - PENRITH"",""botanicalDivision"":""Central Coast"",""floraReserve"":""N/A"",""speciesFireDescription"":""N/A"",""vulnerability"":""N/A"",""protectedInNSW"":""false"",""bfmcs"":""N/A"",""potentialImpact"":""N/A"",""observationType"":""Flora Record"",""profileID"":""N/A"",""reserve"":""N/A"",""sourceDatasetName"":""DPIE Data from Scientific Licences dataset"",""ibra"":""Sydney Basin (NSW)"",""stateForest"":""N/A"",""status"":""Valid and accepted without modification""}","urn:catalog:NSW Dept of Planning, Industry and Environment:BioNet Atlas of NSW Wildlife:SJJSI0829990","SJJSI0829990","","OIXR15013005","","","","","","","","introduced","PRESENT","","","","","","","occurrenceRemarks withheld","","","","","","","","","","2018-05-23T00:00:00Z","","143","143","2018","5","23","","","","","","","","","LJJSI0150207","","","","","","Australia","AU","New South Wales","CANTERBURY-BANKSTOWN","","locality withheld","","","","","","","","","","","locationRemarks withheld","-33.909909","150.979481","EPSG:4326","20.0","1.0E-9","","","","","","","","","","","","","","","","","","","","","","","","","","","","","","","","","","","","","","","","11047","","","","","https://id.biodiversity.org.au/node/apni/2897514","Araujia sericifera","Araujia sericifera","","","","","","","","Plantae","Charophyta","Equisetopsida","Gentianales","Apocynaceae","Araujia","","sericifera","","species","","Brot.","White Bladder-flower","ICBN","","","","","","","","Araujia sericifera","","","","","","","","","","Published dataset","","e0f66230-a154-44b0-83a4-9f002674b1a4","Unknown","","","","","","","","","","Event"
"dr368","NSW BioNet Atlas","","2022-04-21T14:19:30.280+10:00","en","CC-BY 4.0 (Int)","NSW Dept of Planning and Environment","","BioNet Atlas of NSW Wildlife 11/05/2022 1:00 AM +10:00","","","","1.0","NSW Dept of Planning, Industry and Environment","BioNet Atlas of NSW Wildlife","DPIE Default Sightings","NSW Dept of Planning and Environment","HUMAN_OBSERVATION","","","{""mechanicalHazardReductionDescription"":""N/A"",""geogExtent"":""N/A"",""mapSheetNumber"":""9030 - PENRITH"",""botanicalDivision"":""Central Coast"",""floraReserve"":""N/A"",""speciesFireDescription"":""N/A"",""vulnerability"":""N/A"",""protectedInNSW"":""false"",""bfmcs"":""N/A"",""potentialImpact"":""N/A"",""observationType"":""Flora Record"",""profileID"":""N/A"",""reserve"":""N/A"",""sourceDatasetName"":""DPIE Default Sightings"",""ibra"":""Sydney Basin (NSW)"",""stateForest"":""N/A"",""status"":""Valid and accepted without modification""}","urn:catalog:NSW Dept of Planning, Industry and Environment:BioNet Atlas of NSW Wildlife:SJJSI0127084","SJJSI0127084","","OEMM09102201","","","","","","","","","PRESENT","","","","","","","occurrenceRemarks withheld","","","","","","","","","","2010-02-25T00:00:00Z","","56","56","2010","2","25","","","","","","","","","LJJSI0030093","","","","","","Australia","AU","New South Wales","CANTERBURY-BANKSTOWN","","locality withheld","","","","","","","","","","","locationRemarks withheld","-33.90917","150.98064","EPSG:4326","20.0","1.0E-9","","","","","","","","","","","","","","","","","","","","","","","","","","","","","","","","","","","","","","","14323","14323","","","","","https://id.biodiversity.org.au/node/apni/2893169","Rytidosperma tenuius","Rytidosperma tenuius","","","","","","","","Plantae","Charophyta","Equisetopsida","Poales","Poaceae","Rytidosperma","","tenuius","","species","","(Steud.) A.Hansen & Sunding","Short-awn Wallaby-grass","ICBN","","","","","","","","Rytidosperma tenuius","","","","","","","","","","Published dataset","","1a6dda22-893a-4f6f-98a2-01adbfff4091","CC-BY 4.0","","","","","","","","","","Event"
"dr368","NSW BioNet Atlas","","2024-03-15T11:43:02.633+11:00","en","CC-BY 4.0 (Int)","NSW National Parks and Wildlife Service","","BioNet Atlas of NSW Wildlife 19/03/2024 1:00 AM +11:00","","","","1155.0","NSW Dept of Planning, Industry and Environment","BioNet Atlas of NSW Wildlife","DPIE Data from Scientific Licences dataset","NSW National Parks and Wildlife Service","HUMAN_OBSERVATION","","","{""mechanicalHazardReductionDescription"":""N/A"",""geogExtent"":""N/A"",""mapSheetNumber"":""9030 - PENRITH"",""botanicalDivision"":""Central Coast"",""floraReserve"":""N/A"",""speciesFireDescription"":""N/A"",""vulnerability"":""N/A"",""protectedInNSW"":""false"",""bfmcs"":""N/A"",""potentialImpact"":""N/A"",""observationType"":""Flora Record"",""profileID"":""N/A"",""reserve"":""N/A"",""sourceDatasetName"":""DPIE Data from Scientific Licences dataset"",""ibra"":""Sydney Basin (NSW)"",""stateForest"":""N/A"",""status"":""Valid and accepted without modification""}","urn:catalog:NSW Dept of Planning, Industry and Environment:BioNet Atlas of NSW Wildlife:SIXRI1603452","SIXRI1603452","","OIXR13102801","","","","","","","","","PRESENT","","","","Meredith Brainwood 2016, <i>Flora And Fauna Assessment Report ?GARRISON POINT</i>","","","occurrenceRemarks withheld","","","","","","","","","","2015-12-10T00:00:00Z","","344","344","2015","12","10","","","","","","","","","LIXRI0116989","","","","","","Australia","AU","New South Wales","CANTERBURY-BANKSTOWN","","locality withheld","","","","","","","","","","","locationRemarks withheld","-33.908598","150.974971","EPSG:4326","50.0","1.0E-9","","","","","","","","","","","","","","","","","","","","","","","","","","","","","","","","","","","","","","","","11185","","","","","https://id.biodiversity.org.au/node/apni/6881039","Tetragonia tetragonioides","Tetragonia tetragonoides","","","","","","","","Plantae","Charophyta","Equisetopsida","Caryophyllales","Aizoaceae","Tetragonia","","tetragonioides","","species","","(Pall.) Kuntze","New Zealand Spinach","ICBN","","","","","","","","Tetragonia tetragonoides","","","","","","","","","","Published dataset","","fae62d29-46dc-4075-857e-76c6d3745f2b","Unknown","","","","","","","","","","Event"
"dr368","NSW BioNet Atlas","","2024-03-15T11:43:02.633+11:00","en","CC-BY 4.0 (Int)","NSW National Parks and Wildlife Service","","BioNet Atlas of NSW Wildlife 19/03/2024 1:00 AM +11:00","","","","1155.0","NSW Dept of Planning, Industry and Environment","BioNet Atlas of NSW Wildlife","DPIE Data from Scientific Licences dataset","NSW National Parks and Wildlife Service","HUMAN_OBSERVATION","","","{""mechanicalHazardReductionDescription"":""N/A"",""geogExtent"":""N/A"",""mapSheetNumber"":""9030 - PENRITH"",""botanicalDivision"":""Central Coast"",""floraReserve"":""N/A"",""speciesFireDescription"":""N/A"",""vulnerability"":""N/A"",""protectedInNSW"":""false"",""bfmcs"":""N/A"",""potentialImpact"":""N/A"",""observationType"":""Flora Record"",""profileID"":""N/A"",""reserve"":""N/A"",""sourceDatasetName"":""DPIE Data from Scientific Licences dataset"",""ibra"":""Sydney Basin (NSW)"",""stateForest"":""N/A"",""status"":""Valid and accepted without modification""}","urn:catalog:NSW Dept of Planning, Industry and Environment:BioNet Atlas of NSW Wildlife:SIXRI1603469","SIXRI1603469","","OIXR13102801","","","","","","","","introduced","PRESENT","","","","Meredith Brainwood 2016, <i>Flora And Fauna Assessment Report ?GARRISON POINT</i>","","","occurrenceRemarks withheld","","","","","","","","","","2015-12-10T00:00:00Z","","344","344","2015","12","10","","","","","","","","","LIXRI0116989","","","","","","Australia","AU","New South Wales","CANTERBURY-BANKSTOWN","","locality withheld","","","","","","","","","","","locationRemarks withheld","-33.908598","150.974971","EPSG:4326","50.0","1.0E-9","","","","","","","","","","","","","","","","","","","","","","","","","","","","","","","","","","","","","","","","14903","","","","","https://id.biodiversity.org.au/node/apni/2902145","Cenchrus clandestinus","Cenchrus clandestinus","","","","","","","","Plantae","Charophyta","Equisetopsida","Poales","Poaceae","Cenchrus","","clandestinus","","species","","(Hochst. ex Chiov.) Morrone","Kikuyu","ICBN","","","","","","","","Cenchrus clandestinus","","","","","","","","","","Published dataset","","9196f727-6b2a-4762-9818-2efbf05bf25f","Unknown","","","","","","","","","","Event"
"dr368","NSW BioNet Atlas","","2022-04-21T14:19:30.280+10:00","en","CC-BY 4.0 (Int)","NSW Dept of Planning and Environment","","BioNet Atlas of NSW Wildlife 12/05/2022 1:00 AM +10:00","","","","2132.0","NSW Dept of Planning, Industry and Environment","BioNet Atlas of NSW Wildlife","GEORGES Vegetation Survey","NSW Dept of Planning and Environment","HUMAN_OBSERVATION","","","{""mechanicalHazardReductionDescription"":""N/A"",""geogExtent"":""N/A"",""mapSheetNumber"":""9030 - PENRITH"",""botanicalDivision"":""Central Coast"",""floraReserve"":""N/A"",""speciesFireDescription"":""N/A"",""vulnerability"":""N/A"",""protectedInNSW"":""false"",""bfmcs"":""N/A"",""potentialImpact"":""N/A"",""observationType"":""Floristics Record from Systematic Flora Survey"",""profileID"":""N/A"",""reserve"":""N/A"",""sourceDatasetName"":""GEORGES Vegetation Survey"",""ibra"":""Sydney Basin (NSW)"",""stateForest"":""N/A"",""status"":""Valid and accepted without modification""}","urn:catalog:NSW Dept of Planning, Industry and Environment:BioNet Atlas of NSW Wildlife:SPJGI3265386","SPJGI3265386","","OVLU99062101;OSLS05031800","","","","","","","","","PRESENT","","","","","","","occurrenceRemarks withheld","","","","","","","CPJGI0079626","","","1999-06-28T00:00:00Z","","179","179","1999","6","28","","","Floristic Data","","","","","Clayey loam.","LPJGI0199207","","","","","","Australia","AU","New South Wales","CANTERBURY-BANKSTOWN","","locality withheld","","8.0","8.0","","","","","","","","locationRemarks withheld","-33.909506","150.979817","EPSG:4326","100.0","1.0E-9","","","","","","","","","","","","","","","","","","","","","","","","","","","","","","","","","","","","","","","4899","4899","","","","","https://id.biodiversity.org.au/node/apni/2918710","Dichelachne rara","Dichelachne rara","","","","","","","","Plantae","Charophyta","Equisetopsida","Poales","Poaceae","Dichelachne","","rara","","species","","(R.Br.) Vickery","Common Plume-grass","ICBN","","","","","","","","Dichelachne rara","","","","","","","","","","Published dataset","","134ae744-ab43-4f66-a3b2-b99fcdbb2f7c","CC-BY 4.0","","","","","","","","","","Event"
"dr368","NSW BioNet Atlas","","2022-07-19T17:23:18.843+10:00","en","CC-BY 4.0 (Int)","NSW Dept of Planning and Environment","","BioNet Atlas of NSW Wildlife 28/07/2022 1:00 AM +10:00","","","","2132.0","NSW Dept of Planning, Industry and Environment","BioNet Atlas of NSW Wildlife","GEORGES Vegetation Survey","NSW Dept of Planning and Environment","HUMAN_OBSERVATION","","","{""mechanicalHazardReductionDescription"":""N/A"",""geogExtent"":""N/A"",""mapSheetNumber"":""9030 - PENRITH"",""botanicalDivision"":""Central Coast"",""floraReserve"":""N/A"",""speciesFireDescription"":""N/A"",""vulnerability"":""N/A"",""protectedInNSW"":""false"",""bfmcs"":""N/A"",""potentialImpact"":""N/A"",""observationType"":""Floristics Record from Systematic Flora Survey"",""profileID"":""N/A"",""reserve"":""N/A"",""sourceDatasetName"":""GEORGES Vegetation Survey"",""ibra"":""Sydney Basin (NSW)"",""stateForest"":""N/A"",""status"":""Valid and accepted without modification""}","urn:catalog:NSW Dept of Planning, Industry and Environment:BioNet Atlas of NSW Wildlife:SPJGI3265388","SPJGI3265388","","OVLU99062101;OSLS05031800","","","","","","","","introduced","PRESENT","","","","","","","occurrenceRemarks withheld","","","","","","","CPJGI0079626","","","1999-06-28T00:00:00Z","","179","179","1999","6","28","","","Floristic Data","","","","","Clayey loam.","LPJGI0199207","","","","","","Australia","AU","New South Wales","CANTERBURY-BANKSTOWN","","locality withheld","","8.0","8.0","","","","","","","","locationRemarks withheld","-33.909506","150.979817","EPSG:4326","100.0","1.0E-9","","","","","","","","","","","","","","","","","","","","","","","","","","","","","","","","","","","","","","","5086","5086","","","","","https://id.biodiversity.org.au/node/apni/2888864","Paspalum dilatatum","Paspalum dilatatum","","","","","","","","Plantae","Charophyta","Equisetopsida","Poales","Poaceae","Paspalum","","dilatatum","","species","","Poir.","Paspalum","ICBN","","","","","","","","Paspalum dilatatum","","","","","","","","","","Published dataset","","e5f7bfff-a947-4082-90fe-925622b1ee67","CC-BY 4.0","","","","","","","","","","Event"
"dr368","NSW BioNet Atlas","","2020-04-22T10:26:07.863+10:00","en","CC-BY 4.0 (Int)","NSW National Parks and Wildlife Service","","BioNet Atlas of NSW Wildlife 5/06/2020 1:00 AM +10:00","","","","1155.0","NSW Dept of Planning, Industry and Environment","BioNet Atlas of NSW Wildlife","DPIE Data from Scientific Licences dataset","NSW National Parks and Wildlife Service","HUMAN_OBSERVATION","","","{""mechanicalHazardReductionDescription"":""N/A"",""geogExtent"":""N/A"",""mapSheetNumber"":""9030 - PENRITH"",""botanicalDivision"":""Central Coast"",""floraReserve"":""N/A"",""speciesFireDescription"":""N/A"",""vulnerability"":""N/A"",""protectedInNSW"":""false"",""bfmcs"":""N/A"",""potentialImpact"":""N/A"",""observationType"":""Flora Record"",""profileID"":""N/A"",""reserve"":""N/A"",""sourceDatasetName"":""DPIE Data from Scientific Licences dataset"",""ibra"":""Sydney Basin (NSW)"",""stateForest"":""N/A"",""status"":""Valid and accepted without modification""}","urn:catalog:NSW Dept of Planning, Industry and Environment:BioNet Atlas of NSW Wildlife:SJJSI0829997","SJJSI0829997","","OIXR15013005","","","","","","","","","PRESENT","","","","","","","occurrenceRemarks withheld","","","","","","","","","","2018-05-23T00:00:00Z","","143","143","2018","5","23","","","","","","","","","LJJSI0150207","","","","","","Australia","AU","New South Wales","CANTERBURY-BANKSTOWN","","locality withheld","","","","","","","","","","","locationRemarks withheld","-33.909909","150.979481","EPSG:4326","20.0","1.0E-9","","","","","","","","","","","","","","","","","","","","","","","","","","","","","","","","","","","","","","","","11018","","","","","https://id.biodiversity.org.au/taxon/apni/51442337","Bursaria spinosa subsp. spinosa","Bursaria spinosa subsp. spinosa","","","","","","","","Plantae","Charophyta","Equisetopsida","Apiales","Pittosporaceae","Bursaria","","spinosa","spinosa","subspecies","","","Sweet Native Blackthorn","ICBN","","","","","","","","Bursaria spinosa","","","","","","","","","","Published dataset","","482ee163-d9e1-46d7-9295-47876413ea01","Unknown","","","","","","","","","","Event"
"dr368","NSW BioNet Atlas","","2022-04-21T14:19:30.280+10:00","en","CC-BY 4.0 (Int)","NSW Dept of Planning and Environment","","BioNet Atlas of NSW Wildlife 12/05/2022 1:00 AM +10:00","","","","2132.0","NSW Dept of Planning, Industry and Environment","BioNet Atlas of NSW Wildlife","GEORGES Vegetation Survey","NSW Dept of Planning and Environment","HUMAN_OBSERVATION","","","{""mechanicalHazardReductionDescription"":""N/A"",""geogExtent"":""N/A"",""mapSheetNumber"":""9030 - PENRITH"",""botanicalDivision"":""Central Coast"",""floraReserve"":""N/A"",""speciesFireDescription"":""N/A"",""vulnerability"":""N/A"",""protectedInNSW"":""false"",""bfmcs"":""N/A"",""potentialImpact"":""N/A"",""observationType"":""Floristics Record from Systematic Flora Survey"",""profileID"":""N/A"",""reserve"":""N/A"",""sourceDatasetName"":""GEORGES Vegetation Survey"",""ibra"":""Sydney Basin (NSW)"",""stateForest"":""N/A"",""status"":""Valid and accepted without modification""}","urn:catalog:NSW Dept of Planning, Industry and Environment:BioNet Atlas of NSW Wildlife:SPJGI3265400","SPJGI3265400","","OVLU99062101;OSLS05031800","","","","","","","","","PRESENT","","","","","","","occurrenceRemarks withheld","","","","","","","CPJGI0079626","","","1999-06-28T00:00:00Z","","179","179","1999","6","28","","","Floristic Data","","","","","Clayey loam.","LPJGI0199207","","","","","","Australia","AU","New South Wales","CANTERBURY-BANKSTOWN","","locality withheld","","8.0","8.0","","","","","","","","locationRemarks withheld","-33.909506","150.979817","EPSG:4326","100.0","1.0E-9","","","","","","","","","","","","","","","","","","","","","","","","","","","","","","","","","","","","","","","4770","4770","","","","","https://id.biodiversity.org.au/node/apni/2921221","Aristida ramosa","Aristida ramosa","","","","","","","","Plantae","Charophyta","Equisetopsida","Poales","Poaceae","Aristida","","ramosa","","species","","R.Br.","Cane Wire-grass","ICBN","","","","","","","","Aristida ramosa","","","","","","","","","","Published dataset","","a7fb616f-dcdb-45a2-a860-7f61db2b3c89","CC-BY 4.0","","","","","","","","","","Event"
"dr368","NSW BioNet Atlas","","2022-04-21T14:19:30.280+10:00","en","CC-BY 4.0 (Int)","NSW Dept of Planning and Environment","","BioNet Atlas of NSW Wildlife 12/05/2022 1:00 AM +10:00","","","","2132.0","NSW Dept of Planning, Industry and Environment","BioNet Atlas of NSW Wildlife","GEORGES Vegetation Survey","NSW Dept of Planning and Environment","HUMAN_OBSERVATION","","","{""mechanicalHazardReductionDescription"":""N/A"",""geogExtent"":""N/A"",""mapSheetNumber"":""9030 - PENRITH"",""botanicalDivision"":""Central Coast"",""floraReserve"":""N/A"",""speciesFireDescription"":""N/A"",""vulnerability"":""N/A"",""protectedInNSW"":""false"",""bfmcs"":""N/A"",""potentialImpact"":""N/A"",""observationType"":""Floristics Record from Systematic Flora Survey"",""profileID"":""N/A"",""reserve"":""N/A"",""sourceDatasetName"":""GEORGES Vegetation Survey"",""ibra"":""Sydney Basin (NSW)"",""stateForest"":""N/A"",""status"":""Valid and accepted without modification""}","urn:catalog:NSW Dept of Planning, Industry and Environment:BioNet Atlas of NSW Wildlife:SPJGI3265369","SPJGI3265369","","OVLU99062101;OSLS05031800","","","","","","","","","PRESENT","","","","","","","occurrenceRemarks withheld","","","","","","","CPJGI0079626","","","1999-06-28T00:00:00Z","","179","179","1999","6","28","","","Floristic Data","","","","","Clayey loam.","LPJGI0199207","","","","","","Australia","AU","New South Wales","CANTERBURY-BANKSTOWN","","locality withheld","","8.0","8.0","","","","","","","","locationRemarks withheld","-33.909506","150.979817","EPSG:4326","100.0","1.0E-9","","","","","","","","","","","","","","","","","","","","","","","","","","","","","","","","","","","","","","","1003","1003","","","","","https://id.biodiversity.org.au/node/apni/2906157","Brunoniella australis","Brunoniella australis","","","","","","","","Plantae","Charophyta","Equisetopsida","Lamiales","Acanthaceae","Brunoniella","","australis","","species","","(Cav.) Bremek.","Blue Trumpet","ICBN","","","","","","","","Brunoniella australis","","","","","","","","","","Published dataset","","529a0a4d-0d20-423e-bbd6-09143f0f3861","CC-BY 4.0","","","","","","","","","","Event"
"dr368","NSW BioNet Atlas","","2024-03-15T11:43:02.633+11:00","en","CC-BY 4.0 (Int)","NSW National Parks and Wildlife Service","","BioNet Atlas of NSW Wildlife 19/03/2024 1:00 AM +11:00","","","","1155.0","NSW Dept of Planning, Industry and Environment","BioNet Atlas of NSW Wildlife","DPIE Data from Scientific Licences dataset","NSW National Parks and Wildlife Service","HUMAN_OBSERVATION","","","{""mechanicalHazardReductionDescription"":""N/A"",""geogExtent"":""N/A"",""mapSheetNumber"":""9030 - PENRITH"",""botanicalDivision"":""Central Coast"",""floraReserve"":""N/A"",""speciesFireDescription"":""N/A"",""vulnerability"":""N/A"",""protectedInNSW"":""false"",""bfmcs"":""N/A"",""potentialImpact"":""N/A"",""observationType"":""Flora Record"",""profileID"":""N/A"",""reserve"":""N/A"",""sourceDatasetName"":""DPIE Data from Scientific Licences dataset"",""ibra"":""Sydney Basin (NSW)"",""stateForest"":""N/A"",""status"":""Valid and accepted without modification""}","urn:catalog:NSW Dept of Planning, Industry and Environment:BioNet Atlas of NSW Wildlife:SIXRI1603447","SIXRI1603447","","OIXR13102801","","","","","","","","","PRESENT","","","","Meredith Brainwood 2016, <i>Flora And Fauna Assessment Report ?GARRISON POINT</i>","","","occurrenceRemarks withheld","","","","","","","","","","2015-12-10T00:00:00Z","","344","344","2015","12","10","","","","","","","","","LIXRI0116989","","","","","","Australia","AU","New South Wales","CANTERBURY-BANKSTOWN","","locality withheld","","","","","","","","","","","locationRemarks withheld","-33.908598","150.974971","EPSG:4326","50.0","1.0E-9","","","","","","","","","","","","","","","","","","","","","","","","","","","","","","","","","","","","","","","","7430","","","","","https://id.biodiversity.org.au/node/apni/2898086","Juncus kraussii subsp. australiensis","Juncus kraussii subsp. australiensis","","","","","","","","Plantae","Charophyta","Equisetopsida","Poales","Juncaceae","Juncus","","kraussii","australiensis","subspecies","","(Buchenau) Snogerup","Juncus","ICBN","","","","","","","","Juncus kraussii","","","","","","","","","","Published dataset","","a79b5fb4-3fc6-4e2b-84b1-6593a9842151","Unknown","","","","","","","","","","Event"
"dr368","NSW BioNet Atlas","","2024-03-15T11:43:02.633+11:00","en","CC-BY 4.0 (Int)","NSW National Parks and Wildlife Service","","BioNet Atlas of NSW Wildlife 19/03/2024 1:00 AM +11:00","","","","1155.0","NSW Dept of Planning, Industry and Environment","BioNet Atlas of NSW Wildlife","DPIE Data from Scientific Licences dataset","NSW National Parks and Wildlife Service","HUMAN_OBSERVATION","","","{""mechanicalHazardReductionDescription"":""N/A"",""geogExtent"":""N/A"",""mapSheetNumber"":""9030 - PENRITH"",""botanicalDivision"":""Central Coast"",""floraReserve"":""N/A"",""speciesFireDescription"":""N/A"",""vulnerability"":""N/A"",""protectedInNSW"":""false"",""bfmcs"":""N/A"",""potentialImpact"":""N/A"",""observationType"":""Flora Record"",""profileID"":""N/A"",""reserve"":""N/A"",""sourceDatasetName"":""DPIE Data from Scientific Licences dataset"",""ibra"":""Sydney Basin (NSW)"",""stateForest"":""N/A"",""status"":""Valid and accepted without modification""}","urn:catalog:NSW Dept of Planning, Industry and Environment:BioNet Atlas of NSW Wildlife:SIXRI1603460","SIXRI1603460","","OIXR13102801","","","","","","","","introduced","PRESENT","","","","Meredith Brainwood 2016, <i>Flora And Fauna Assessment Report ?GARRISON POINT</i>","","","occurrenceRemarks withheld","","","","","","","","","","2015-12-10T00:00:00Z","","344","344","2015","12","10","","","","","","","","","LIXRI0116989","","","","","","Australia","AU","New South Wales","CANTERBURY-BANKSTOWN","","locality withheld","","","","","","","","","","","locationRemarks withheld","-33.908598","150.974971","EPSG:4326","50.0","1.0E-9","","","","","","","","","","","","","","","","","","","","","","","","","","","","","","","","","","","","","","","","5882","","","","","https://id.biodiversity.org.au/node/apni/2904154","Cardiospermum grandiflorum","Cardiospermum grandiflorum","","","","","","","","Plantae","Charophyta","Equisetopsida","Sapindales","Sapindaceae","Cardiospermum","","grandiflorum","","species","","Sw.","Balloon Vine","ICBN","","","","","","","","Cardiospermum grandiflorum","","","","","","","","","","Published dataset","","f8d73241-261a-4f85-9e53-bcf1d1112a2a","Unknown","","","","","","","","","","Event"
"dr368","NSW BioNet Atlas","","2022-04-21T14:19:30.280+10:00","en","CC-BY 4.0 (Int)","NSW Dept of Planning and Environment","","BioNet Atlas of NSW Wildlife 12/05/2022 1:00 AM +10:00","","","","2132.0","NSW Dept of Planning, Industry and Environment","BioNet Atlas of NSW Wildlife","GEORGES Vegetation Survey","NSW Dept of Planning and Environment","HUMAN_OBSERVATION","","","{""mechanicalHazardReductionDescription"":""N/A"",""geogExtent"":""N/A"",""mapSheetNumber"":""9030 - PENRITH"",""botanicalDivision"":""Central Coast"",""floraReserve"":""N/A"",""speciesFireDescription"":""N/A"",""vulnerability"":""N/A"",""protectedInNSW"":""false"",""bfmcs"":""N/A"",""potentialImpact"":""N/A"",""observationType"":""Floristics Record from Systematic Flora Survey"",""profileID"":""N/A"",""reserve"":""N/A"",""sourceDatasetName"":""GEORGES Vegetation Survey"",""ibra"":""Sydney Basin (NSW)"",""stateForest"":""N/A"",""status"":""Valid and accepted without modification""}","urn:catalog:NSW Dept of Planning, Industry and Environment:BioNet Atlas of NSW Wildlife:SPJGI3265383","SPJGI3265383","","OVLU99062101;OSLS05031800","","","","","","","","introduced","PRESENT","","","","","","","occurrenceRemarks withheld","","","","","","","CPJGI0079626","","","1999-06-28T00:00:00Z","","179","179","1999","6","28","","","Floristic Data","","","","","Clayey loam.","LPJGI0199207","","","","","","Australia","AU","New South Wales","CANTERBURY-BANKSTOWN","","locality withheld","","8.0","8.0","","","","","","","","locationRemarks withheld","-33.909506","150.979817","EPSG:4326","100.0","1.0E-9","","","","","","","","","","","","","","","","","","","","","","","","","","","","","","","","","","","","","","","4699","4699","","","","","https://id.biodiversity.org.au/node/apni/2899343","Plantago lanceolata","Plantago lanceolata","","","","","","","","Plantae","Charophyta","Equisetopsida","Lamiales","Plantaginaceae","Plantago","","lanceolata","","species","","L.","Ribwort","ICBN","","","","","","","","Plantago lanceolata","","","","","","","","","","Published dataset","","b9265397-9ae7-4d7a-bb3c-f590a4358ed2","CC-BY 4.0","","","","","","","","","","Event"
"dr368","NSW BioNet Atlas","","2020-04-22T10:26:07.863+10:00","en","CC-BY 4.0 (Int)","NSW National Parks and Wildlife Service","","BioNet Atlas of NSW Wildlife 5/06/2020 1:00 AM +10:00","","","","1155.0","NSW Dept of Planning, Industry and Environment","BioNet Atlas of NSW Wildlife","DPIE Data from Scientific Licences dataset","NSW National Parks and Wildlife Service","HUMAN_OBSERVATION","","","{""mechanicalHazardReductionDescription"":""N/A"",""geogExtent"":""N/A"",""mapSheetNumber"":""9030 - PENRITH"",""botanicalDivision"":""Central Coast"",""floraReserve"":""N/A"",""speciesFireDescription"":""N/A"",""vulnerability"":""N/A"",""protectedInNSW"":""false"",""bfmcs"":""N/A"",""potentialImpact"":""N/A"",""observationType"":""Flora Record"",""profileID"":""N/A"",""reserve"":""N/A"",""sourceDatasetName"":""DPIE Data from Scientific Licences dataset"",""ibra"":""Sydney Basin (NSW)"",""stateForest"":""N/A"",""status"":""Valid and accepted without modification""}","urn:catalog:NSW Dept of Planning, Industry and Environment:BioNet Atlas of NSW Wildlife:SJJSI0830000","SJJSI0830000","","OIXR15013005","","","","","","","","","PRESENT","","","","","","","occurrenceRemarks withheld","","","","","","","","","","2018-05-23T00:00:00Z","","143","143","2018","5","23","","","","","","","","","LJJSI0150207","","","","","","Australia","AU","New South Wales","CANTERBURY-BANKSTOWN","","locality withheld","","","","","","","","","","","locationRemarks withheld","-33.909909","150.979481","EPSG:4326","20.0","1.0E-9","","","","","","","","","","","","","","","","","","","","","","","","","","","","","","","","","","","","","","","","4834","","","","","https://id.biodiversity.org.au/node/apni/2893989","Chloris ventricosa","Chloris ventricosa","","","","","","","","Plantae","Charophyta","Equisetopsida","Poales","Poaceae","Chloris","","ventricosa","","species","","R.Br.","Tall Windmill Grass","ICBN","","","","","","","","Chloris ventricosa","","","","","","","","","","Published dataset","","2805944f-f359-4e78-a8f6-89405731803f","Unknown","","","","","","","","","","Event"
"dr368","NSW BioNet Atlas","","2022-04-21T14:19:30.280+10:00","en","CC-BY 4.0 (Int)","NSW Dept of Planning and Environment","","BioNet Atlas of NSW Wildlife 12/05/2022 1:00 AM +10:00","","","","2132.0","NSW Dept of Planning, Industry and Environment","BioNet Atlas of NSW Wildlife","GEORGES Vegetation Survey","NSW Dept of Planning and Environment","HUMAN_OBSERVATION","","","{""mechanicalHazardReductionDescription"":""N/A"",""geogExtent"":""N/A"",""mapSheetNumber"":""9030 - PENRITH"",""botanicalDivision"":""Central Coast"",""floraReserve"":""N/A"",""speciesFireDescription"":""N/A"",""vulnerability"":""N/A"",""protectedInNSW"":""false"",""bfmcs"":""N/A"",""potentialImpact"":""N/A"",""observationType"":""Floristics Record from Systematic Flora Survey"",""profileID"":""N/A"",""reserve"":""N/A"",""sourceDatasetName"":""GEORGES Vegetation Survey"",""ibra"":""Sydney Basin (NSW)"",""stateForest"":""N/A"",""status"":""Valid and accepted without modification""}","urn:catalog:NSW Dept of Planning, Industry and Environment:BioNet Atlas of NSW Wildlife:SPJGI3265378","SPJGI3265378","","OVLU99062101;OSLS05031800","","","","","","","","introduced","PRESENT","","","","","","","occurrenceRemarks withheld","","","4241f21e-7578-440e-b4e9-aa36be78d0d1","","","","CPJGI0079626","","","1999-06-28T00:00:00Z","","179","179","1999","6","28","","","Floristic Data","","","","","Clayey loam.","LPJGI0199207","","","","","","Australia","AU","New South Wales","CANTERBURY-BANKSTOWN","","locality withheld","","8.0","8.0","","","","","","","","locationRemarks withheld","-33.909506","150.979817","EPSG:4326","100.0","1.0E-9","","","","","","","","","","","","","","","","","","","","","","","","","","","","","","","","","","","","","","","3673","3673","","","","","https://id.biodiversity.org.au/node/apni/2909922","Sida rhombifolia","Sida rhombifolia","","","","","","","","Plantae","Charophyta","Equisetopsida","Malvales","Malvaceae","Sida","","rhombifolia","","species","","L.","Jelly Leaf","ICBN","","","","","","","","Sida rhombifolia","","","","","","","","","","Published dataset","","2a085738-15e9-4f73-a109-2d4cef00116d","CC-BY 4.0","","","","","","","","","","Event"
"dr368","NSW BioNet Atlas","","2022-04-21T14:19:30.280+10:00","en","CC-BY 4.0 (Int)","NSW Dept of Planning and Environment","","BioNet Atlas of NSW Wildlife 12/05/2022 1:00 AM +10:00","","","","2132.0","NSW Dept of Planning, Industry and Environment","BioNet Atlas of NSW Wildlife","GEORGES Vegetation Survey","NSW Dept of Planning and Environment","HUMAN_OBSERVATION","","","{""mechanicalHazardReductionDescription"":""N/A"",""geogExtent"":""N/A"",""mapSheetNumber"":""9030 - PENRITH"",""botanicalDivision"":""Central Coast"",""floraReserve"":""N/A"",""speciesFireDescription"":""N/A"",""vulnerability"":""N/A"",""protectedInNSW"":""false"",""bfmcs"":""N/A"",""potentialImpact"":""N/A"",""observationType"":""Floristics Record from Systematic Flora Survey"",""profileID"":""N/A"",""reserve"":""N/A"",""sourceDatasetName"":""GEORGES Vegetation Survey"",""ibra"":""Sydney Basin (NSW)"",""stateForest"":""N/A"",""status"":""Valid and accepted without modification""}","urn:catalog:NSW Dept of Planning, Industry and Environment:BioNet Atlas of NSW Wildlife:SPJGI3265390","SPJGI3265390","","OVLU99062101;OSLS05031800","","","","","","","","","PRESENT","","","","","","","occurrenceRemarks withheld","","","","","","","CPJGI0079626","","","1999-06-28T00:00:00Z","","179","179","1999","6","28","","","Floristic Data","","","","","Clayey loam.","LPJGI0199207","","","","","","Australia","AU","New South Wales","CANTERBURY-BANKSTOWN","","locality withheld","","8.0","8.0","","","","","","","","locationRemarks withheld","-33.909506","150.979817","EPSG:4326","100.0","1.0E-9","","","","","","","","","","","","","","","","","","","","","","","","","","","","","","","","","","","","","","","5179","5179","","","","","https://id.biodiversity.org.au/node/apni/2910977","Sporobolus creber","Sporobolus creber","","","","","","","","Plantae","Charophyta","Equisetopsida","Poales","Poaceae","Sporobolus","","creber","","species","","De Nardi","Western Rat-tail Grass","ICBN","","","","","","","","Sporobolus creber","","","","","","","","","","Published dataset","","8020bc54-c4f1-4f53-915e-f7261cd2bd03","CC-BY 4.0","","","","","","","","","","Event"
"dr368","NSW BioNet Atlas","","2020-08-05T02:07:30.407+10:00","en","CC-BY 4.0 (Int)","NSW National Parks and Wildlife Service","","BioNet Atlas of NSW Wildlife 12/08/2020 1:00 AM +10:00","","","","1155.0","NSW Dept of Planning, Industry and Environment","BioNet Atlas of NSW Wildlife","DPIE Data from Scientific Licences dataset","NSW National Parks and Wildlife Service","HUMAN_OBSERVATION","","","{""mechanicalHazardReductionDescription"":""N/A"",""geogExtent"":""N/A"",""mapSheetNumber"":""9030 - PENRITH"",""botanicalDivision"":""Central Coast"",""floraReserve"":""N/A"",""speciesFireDescription"":""N/A"",""vulnerability"":""N/A"",""protectedInNSW"":""false"",""bfmcs"":""N/A"",""potentialImpact"":""N/A"",""observationType"":""Flora Record"",""profileID"":""N/A"",""reserve"":""N/A"",""sourceDatasetName"":""DPIE Data from Scientific Licences dataset"",""ibra"":""Sydney Basin (NSW)"",""stateForest"":""N/A"",""status"":""Valid and accepted without modification""}","urn:catalog:NSW Dept of Planning, Industry and Environment:BioNet Atlas of NSW Wildlife:SJJSI1282713","SJJSI1282713","","OPUR19032102","","","","","","","","","PRESENT","","","","","","","occurrenceRemarks withheld","","","","","","","","","","2019-05-15T00:00:00Z","","135","135","2019","5","15","","","","","","","","","LJJSI0254435","","","","","","Australia","AU","New South Wales","CANTERBURY-BANKSTOWN","","locality withheld","","","","","","","","","","","locationRemarks withheld","-33.908406","150.980748","EPSG:4326","300.0","1.0E-9","","","","","","","","","","","","","","","","","","","","","","","","","","","","","","","","","","","","","","","","2022","","","","","https://id.biodiversity.org.au/node/apni/2893120","Casuarina glauca","Casuarina glauca","","","","","","","","Plantae","Charophyta","Equisetopsida","Fagales","Casuarinaceae","Casuarina","","glauca","","species","","Sieber ex Spreng.","Swamp Oak","ICBN","","","","","","","","Casuarina glauca","","","","","","","","","","Published dataset","","f459b8a5-b5df-4ab7-9f3a-bdd5e50e8938","Unknown","","","","","","","","","","Event"
"dr368","NSW BioNet Atlas","","2024-03-15T11:43:02.633+11:00","en","CC-BY 4.0 (Int)","NSW National Parks and Wildlife Service","","BioNet Atlas of NSW Wildlife 19/03/2024 1:00 AM +11:00","","","","1155.0","NSW Dept of Planning, Industry and Environment","BioNet Atlas of NSW Wildlife","DPIE Data from Scientific Licences dataset","NSW National Parks and Wildlife Service","HUMAN_OBSERVATION","","","{""mechanicalHazardReductionDescription"":""N/A"",""geogExtent"":""N/A"",""mapSheetNumber"":""9030 - PENRITH"",""botanicalDivision"":""Central Coast"",""floraReserve"":""N/A"",""speciesFireDescription"":""N/A"",""vulnerability"":""N/A"",""protectedInNSW"":""false"",""bfmcs"":""N/A"",""potentialImpact"":""N/A"",""observationType"":""Flora Record"",""profileID"":""N/A"",""reserve"":""N/A"",""sourceDatasetName"":""DPIE Data from Scientific Licences dataset"",""ibra"":""Sydney Basin (NSW)"",""stateForest"":""N/A"",""status"":""Valid and accepted without modification""}","urn:catalog:NSW Dept of Planning, Industry and Environment:BioNet Atlas of NSW Wildlife:SIXRI1603461","SIXRI1603461","","OIXR13102801","","","","","","","","introduced","PRESENT","","","","Meredith Brainwood 2016, <i>Flora And Fauna Assessment Report ?GARRISON POINT</i>","","","occurrenceRemarks withheld","","","","","","","","","","2015-12-10T00:00:00Z","","344","344","2015","12","10","","","","","","","","","LIXRI0116989","","","","","","Australia","AU","New South Wales","CANTERBURY-BANKSTOWN","","locality withheld","","","","","","","","","","","locationRemarks withheld","-33.908598","150.974971","EPSG:4326","50.0","1.0E-9","","","","","","","","","","","","","","","","","","","","","","","","","","","","","","","","","","","","","","","","6027","","","","","https://id.biodiversity.org.au/node/apni/2915438","Cestrum parqui","Cestrum parqui","","","","","","","","Plantae","Charophyta","Equisetopsida","Solanales","Solanaceae","Cestrum","","parqui","","species","","L'Hér.","Green Poison-berry","ICBN","","","","","","","","Cestrum parqui","","","","","","","","","","Published dataset","","88c73389-2ae8-4e16-9511-5d97677b25d4","Unknown","","","","","","","","","","Event"
"dr368","NSW BioNet Atlas","","2022-04-21T14:19:30.280+10:00","en","CC-BY 4.0 (Int)","NSW Dept of Planning and Environment","","BioNet Atlas of NSW Wildlife 12/05/2022 1:00 AM +10:00","","","","2132.0","NSW Dept of Planning, Industry and Environment","BioNet Atlas of NSW Wildlife","GEORGES Vegetation Survey","NSW Dept of Planning and Environment","HUMAN_OBSERVATION","","","{""mechanicalHazardReductionDescription"":""N/A"",""geogExtent"":""N/A"",""mapSheetNumber"":""9030 - PENRITH"",""botanicalDivision"":""Central Coast"",""floraReserve"":""N/A"",""speciesFireDescription"":""N/A"",""vulnerability"":""N/A"",""protectedInNSW"":""false"",""bfmcs"":""N/A"",""potentialImpact"":""N/A"",""observationType"":""Floristics Record from Systematic Flora Survey"",""profileID"":""N/A"",""reserve"":""N/A"",""sourceDatasetName"":""GEORGES Vegetation Survey"",""ibra"":""Sydney Basin (NSW)"",""stateForest"":""N/A"",""status"":""Valid and accepted without modification""}","urn:catalog:NSW Dept of Planning, Industry and Environment:BioNet Atlas of NSW Wildlife:SPJGI3265397","SPJGI3265397","","OVLU99062101;OSLS05031800","","","","","","","","introduced","PRESENT","","","","","","","occurrenceRemarks withheld","","","","","","","CPJGI0079626","","","1999-06-28T00:00:00Z","","179","179","1999","6","28","","","Floristic Data","","","","","Clayey loam.","LPJGI0199207","","","","","","Australia","AU","New South Wales","CANTERBURY-BANKSTOWN","","locality withheld","","8.0","8.0","","","","","","","","locationRemarks withheld","-33.909506","150.979817","EPSG:4326","100.0","1.0E-9","","","","","","","","","","","","","","","","","","","","","","","","","","","","","","","","","","","","","","","13468","13468","","","","","https://id.biodiversity.org.au/node/apni/2901308","Setaria parviflora","Setaria parviflora","","","","","","","","Plantae","Charophyta","Equisetopsida","Poales","Poaceae","Setaria","","parviflora","","species","","(Poir.) Kerguelen","Slender Pigeon Grass","ICBN","","","","","","","","Setaria parviflora","","","","","","","","","","Published dataset","","ae5e76d7-bd52-4e74-96d9-610812eaf308","CC-BY 4.0","","","","","","","","","","Event"
"dr368","NSW BioNet Atlas","","2022-04-21T14:19:30.280+10:00","en","CC-BY 4.0 (Int)","NSW Dept of Planning and Environment","","BioNet Atlas of NSW Wildlife 12/05/2022 1:00 AM +10:00","","","","2132.0","NSW Dept of Planning, Industry and Environment","BioNet Atlas of NSW Wildlife","GEORGES Vegetation Survey","NSW Dept of Planning and Environment","HUMAN_OBSERVATION","","","{""mechanicalHazardReductionDescription"":""N/A"",""geogExtent"":""N/A"",""mapSheetNumber"":""9030 - PENRITH"",""botanicalDivision"":""Central Coast"",""floraReserve"":""N/A"",""speciesFireDescription"":""N/A"",""vulnerability"":""N/A"",""protectedInNSW"":""false"",""bfmcs"":""N/A"",""potentialImpact"":""N/A"",""observationType"":""Floristics Record from Systematic Flora Survey"",""profileID"":""N/A"",""reserve"":""N/A"",""sourceDatasetName"":""GEORGES Vegetation Survey"",""ibra"":""Sydney Basin (NSW)"",""stateForest"":""N/A"",""status"":""Valid and accepted without modification""}","urn:catalog:NSW Dept of Planning, Industry and Environment:BioNet Atlas of NSW Wildlife:SPJGI3265396","SPJGI3265396","","OVLU99062101;OSLS05031800","","","","","","","","","PRESENT","","","","","","","occurrenceRemarks withheld","","","","","","","CPJGI0079626","","","1999-06-28T00:00:00Z","","179","179","1999","6","28","","","Floristic Data","","","","","Clayey loam.","LPJGI0199207","","","","","","Australia","AU","New South Wales","CANTERBURY-BANKSTOWN","","locality withheld","","8.0","8.0","","","","","","","","locationRemarks withheld","-33.909506","150.979817","EPSG:4326","100.0","1.0E-9","","","","","","","","","","","","","","","","","","","","","","","","","","","","","","","","","","","","","","","7395","7395","","","","","https://id.biodiversity.org.au/node/apni/2905928","Poranthera microphylla","Poranthera microphylla","","","","","","","","Plantae","Charophyta","Equisetopsida","Malpighiales","Phyllanthaceae","Poranthera","","microphylla","","species","","Brongn.","Small Poranthera","ICBN","","","","","","","","Poranthera microphylla","","","","","","","","","","Published dataset","","0ff8d026-3f35-4016-824f-cdf52feeb26f","CC-BY 4.0","","","","","","","","","","Event"
"dr368","NSW BioNet Atlas","","2022-04-21T14:19:30.280+10:00","en","CC-BY 4.0 (Int)","NSW Dept of Planning and Environment","","BioNet Atlas of NSW Wildlife 12/05/2022 1:00 AM +10:00","","","","2132.0","NSW Dept of Planning, Industry and Environment","BioNet Atlas of NSW Wildlife","GEORGES Vegetation Survey","NSW Dept of Planning and Environment","HUMAN_OBSERVATION","","","{""mechanicalHazardReductionDescription"":""N/A"",""geogExtent"":""N/A"",""mapSheetNumber"":""9030 - PENRITH"",""botanicalDivision"":""Central Coast"",""floraReserve"":""N/A"",""speciesFireDescription"":""N/A"",""vulnerability"":""N/A"",""protectedInNSW"":""false"",""bfmcs"":""N/A"",""potentialImpact"":""N/A"",""observationType"":""Floristics Record from Systematic Flora Survey"",""profileID"":""N/A"",""reserve"":""N/A"",""sourceDatasetName"":""GEORGES Vegetation Survey"",""ibra"":""Sydney Basin (NSW)"",""stateForest"":""N/A"",""status"":""Valid and accepted without modification""}","urn:catalog:NSW Dept of Planning, Industry and Environment:BioNet Atlas of NSW Wildlife:SPJGI3265372","SPJGI3265372","","OVLU99062101;OSLS05031800","","","","","","","","introduced","PRESENT","","","","","","","occurrenceRemarks withheld","","","","","","","CPJGI0079626","","","1999-06-28T00:00:00Z","","179","179","1999","6","28","","","Floristic Data","","","","","Clayey loam.","LPJGI0199207","","","","","","Australia","AU","New South Wales","CANTERBURY-BANKSTOWN","","locality withheld","","8.0","8.0","","","","","","","","locationRemarks withheld","-33.909506","150.979817","EPSG:4326","100.0","1.0E-9","","","","","","","","","","","","","","","","","","","","","","","","","","","","","","","","","","","","","","","10442","10442","","","","","https://id.biodiversity.org.au/taxon/apni/51432117","Conyza sumatrensis","Erigeron sumatrensis","","","","","","","","Plantae","Charophyta","Equisetopsida","Asterales","Asteraceae","Erigeron","","sumatrensis","","species","","Retz.","Tall Fleabane","ICBN","","","","","","","","Erigeron sumatrensis","","","","","","","","","","Published dataset","","61184da9-8b13-45d8-b7dc-071258eba657","CC-BY 4.0","","","","","","","","","","Event"
"dr368","NSW BioNet Atlas","","2022-04-21T14:19:30.280+10:00","en","CC-BY 4.0 (Int)","NSW Dept of Planning and Environment","","BioNet Atlas of NSW Wildlife 12/05/2022 1:00 AM +10:00","","","","2132.0","NSW Dept of Planning, Industry and Environment","BioNet Atlas of NSW Wildlife","GEORGES Vegetation Survey","NSW Dept of Planning and Environment","HUMAN_OBSERVATION","","","{""mechanicalHazardReductionDescription"":""N/A"",""geogExtent"":""N/A"",""mapSheetNumber"":""9030 - PENRITH"",""botanicalDivision"":""Central Coast"",""floraReserve"":""N/A"",""speciesFireDescription"":""N/A"",""vulnerability"":""N/A"",""protectedInNSW"":""false"",""bfmcs"":""N/A"",""potentialImpact"":""N/A"",""observationType"":""Floristics Record from Systematic Flora Survey"",""profileID"":""N/A"",""reserve"":""N/A"",""sourceDatasetName"":""GEORGES Vegetation Survey"",""ibra"":""Sydney Basin (NSW)"",""stateForest"":""N/A"",""status"":""Valid and accepted without modification""}","urn:catalog:NSW Dept of Planning, Industry and Environment:BioNet Atlas of NSW Wildlife:SPJGI3945823","SPJGI3945823","","OVLU99062101;OSLS05031800","","","","","","","","","PRESENT","","","","","","","occurrenceRemarks withheld","","","0ddfd819-c83a-41da-9360-4c9869310375","","","","CPJGI0079626","","","1999-06-28T00:00:00Z","","179","179","1999","6","28","","","Floristic Data","","","","","Clayey loam.","LPJGI0199207","","","","","","Australia","AU","New South Wales","CANTERBURY-BANKSTOWN","","locality withheld","","8.0","8.0","","","","","","","","locationRemarks withheld","-33.909506","150.979817","EPSG:4326","100.0","1.0E-9","","","","","","","","","","","","","","","","","","","","","","","","","","","","","","","","","","","","","","","7707","7707","","","","","https://id.biodiversity.org.au/node/apni/2888535","Microlaena stipoides var. stipoides","Microlaena stipoides var. stipoides","","","","","","","","Plantae","Charophyta","Equisetopsida","Poales","Poaceae","Microlaena","","stipoides","stipoides","variety","","","Weeping Rice-grass","ICBN","","","","","","","","Microlaena stipoides","","","","","","","","","","Published dataset","","cd8f522f-c78f-4ab3-9521-4357717d1201","CC-BY 4.0","","","","","","","","","","Event"
"dr368","NSW BioNet Atlas","","2020-04-22T10:26:07.863+10:00","en","CC-BY 4.0 (Int)","NSW National Parks and Wildlife Service","","BioNet Atlas of NSW Wildlife 5/06/2020 1:00 AM +10:00","","","","1155.0","NSW Dept of Planning, Industry and Environment","BioNet Atlas of NSW Wildlife","DPIE Data from Scientific Licences dataset","NSW National Parks and Wildlife Service","HUMAN_OBSERVATION","","","{""mechanicalHazardReductionDescription"":""N/A"",""geogExtent"":""N/A"",""mapSheetNumber"":""9030 - PENRITH"",""botanicalDivision"":""Central Coast"",""floraReserve"":""N/A"",""speciesFireDescription"":""N/A"",""vulnerability"":""N/A"",""protectedInNSW"":""false"",""bfmcs"":""N/A"",""potentialImpact"":""N/A"",""observationType"":""Flora Record"",""profileID"":""N/A"",""reserve"":""N/A"",""sourceDatasetName"":""DPIE Data from Scientific Licences dataset"",""ibra"":""Sydney Basin (NSW)"",""stateForest"":""N/A"",""status"":""Valid and accepted without modification""}","urn:catalog:NSW Dept of Planning, Industry and Environment:BioNet Atlas of NSW Wildlife:SJJSI0829988","SJJSI0829988","","OIXR15013005","","","","","","","","","PRESENT","","","","","","","occurrenceRemarks withheld","","","","","","","","","","2018-05-23T00:00:00Z","","143","143","2018","5","23","","","","","","","","","LJJSI0150207","","","","","","Australia","AU","New South Wales","CANTERBURY-BANKSTOWN","","locality withheld","","","","","","","","","","","locationRemarks withheld","-33.909909","150.979481","EPSG:4326","20.0","1.0E-9","","","","","","","","","","","","","","","","","","","","","","","","","","","","","","","","","","","","","","","","3762","","","","","https://id.biodiversity.org.au/taxon/apni/51770501","Acacia decurrens","Acacia decurrens","","","","","","","","Plantae","Charophyta","Equisetopsida","Fabales","Fabaceae","Acacia","","decurrens","","species","","Willd.","Early Black-wattle","ICBN","","","","","","","","Acacia decurrens","","","","","","","","","","Published dataset","","ba20a6b8-77df-45fc-addc-555be8b18409","Unknown","","","","","","","","","","Event"
"dr368","NSW BioNet Atlas","","2022-04-21T14:19:30.280+10:00","en","CC-BY 4.0 (Int)","NSW Dept of Planning and Environment","","BioNet Atlas of NSW Wildlife 12/05/2022 1:00 AM +10:00","","","","2132.0","NSW Dept of Planning, Industry and Environment","BioNet Atlas of NSW Wildlife","GEORGES Vegetation Survey","NSW Dept of Planning and Environment","HUMAN_OBSERVATION","","","{""mechanicalHazardReductionDescription"":""N/A"",""geogExtent"":""N/A"",""mapSheetNumber"":""9030 - PENRITH"",""botanicalDivision"":""Central Coast"",""floraReserve"":""N/A"",""speciesFireDescription"":""N/A"",""vulnerability"":""N/A"",""protectedInNSW"":""false"",""bfmcs"":""N/A"",""potentialImpact"":""N/A"",""observationType"":""Floristics Record from Systematic Flora Survey"",""profileID"":""N/A"",""reserve"":""N/A"",""sourceDatasetName"":""GEORGES Vegetation Survey"",""ibra"":""Sydney Basin (NSW)"",""stateForest"":""N/A"",""status"":""Valid and accepted without modification""}","urn:catalog:NSW Dept of Planning, Industry and Environment:BioNet Atlas of NSW Wildlife:SPJGI3265374","SPJGI3265374","","OVLU99062101;OSLS05031800","","","","","","","","","PRESENT","","","","","","","occurrenceRemarks withheld","","","","","","","CPJGI0079626","","","1999-06-28T00:00:00Z","","179","179","1999","6","28","","","Floristic Data","","","","","Clayey loam.","LPJGI0199207","","","","","","Australia","AU","New South Wales","CANTERBURY-BANKSTOWN","","locality withheld","","8.0","8.0","","","","","","","","locationRemarks withheld","-33.909506","150.979817","EPSG:4326","100.0","1.0E-9","","","","","","","","","","","","","","","","","","","","","","","","","","","","","","","","","","","","","","","1934","1934","","","","","https://id.biodiversity.org.au/node/apni/2912378","Wahlenbergia gracilis","Wahlenbergia gracilis","","","","","","","","Plantae","Charophyta","Equisetopsida","Asterales","Campanulaceae","Wahlenbergia","","gracilis","","species","","(G.Forst.) A.DC.","Australian Bluebell","ICBN","","","","","","","","Wahlenbergia gracilis","","","","","","","","","","Published dataset","","4beaefcc-99fe-4681-835a-4a153a8b48df","CC-BY 4.0","","","","","","","","","","Event"
"dr368","NSW BioNet Atlas","","2020-04-22T10:26:07.863+10:00","en","CC-BY 4.0 (Int)","NSW National Parks and Wildlife Service","","BioNet Atlas of NSW Wildlife 5/06/2020 1:00 AM +10:00","","","","1155.0","NSW Dept of Planning, Industry and Environment","BioNet Atlas of NSW Wildlife","DPIE Data from Scientific Licences dataset","NSW National Parks and Wildlife Service","HUMAN_OBSERVATION","","","{""mechanicalHazardReductionDescription"":""N/A"",""geogExtent"":""N/A"",""mapSheetNumber"":""9030 - PENRITH"",""botanicalDivision"":""Central Coast"",""floraReserve"":""N/A"",""speciesFireDescription"":""N/A"",""vulnerability"":""N/A"",""protectedInNSW"":""false"",""bfmcs"":""N/A"",""potentialImpact"":""N/A"",""observationType"":""Flora Record"",""profileID"":""N/A"",""reserve"":""N/A"",""sourceDatasetName"":""DPIE Data from Scientific Licences dataset"",""ibra"":""Sydney Basin (NSW)"",""stateForest"":""N/A"",""status"":""Valid and accepted without modification""}","urn:catalog:NSW Dept of Planning, Industry and Environment:BioNet Atlas of NSW Wildlife:SJJSI0829998","SJJSI0829998","","OIXR15013005","","","","","","","","","PRESENT","","","","","","","occurrenceRemarks withheld","","","","","","","","","","2018-05-23T00:00:00Z","","143","143","2018","5","23","","","","","","","","","LJJSI0150207","","","","","","Australia","AU","New South Wales","CANTERBURY-BANKSTOWN","","locality withheld","","","","","","","","","","","locationRemarks withheld","-33.909909","150.979481","EPSG:4326","20.0","1.0E-9","","","","","","","","","","","","","","","","","","","","","","","","","","","","","","","","","","","","","","","","1360","","","","","https://id.biodiversity.org.au/node/apni/2892486","Cassinia aculeata","Cassinia aculeata","","","","","","","","Plantae","Charophyta","Equisetopsida","Asterales","Asteraceae","Cassinia","","aculeata","","species","","(Labill.) R.Br.","Dolly Bush","ICBN","","","","","","","","Cassinia aculeata","","","","","","","","","","Published dataset","","178e7441-0d8b-4f40-8c56-07447acd1ef5","Unknown","","","","","","","","","","Event"
"dr368","NSW BioNet Atlas","","2022-07-19T17:22:35.130+10:00","en","CC-BY 4.0 (Int)","NSW National Parks and Wildlife Service","","BioNet Atlas of NSW Wildlife 28/07/2022 1:00 AM +10:00","","","","1155.0","NSW Dept of Planning, Industry and Environment","BioNet Atlas of NSW Wildlife","DPIE Data from Scientific Licences dataset","NSW National Parks and Wildlife Service","HUMAN_OBSERVATION","","","{""mechanicalHazardReductionDescription"":""N/A"",""geogExtent"":""N/A"",""mapSheetNumber"":""9030 - PENRITH"",""botanicalDivision"":""Central Coast"",""floraReserve"":""N/A"",""speciesFireDescription"":""N/A"",""vulnerability"":""N/A"",""protectedInNSW"":""false"",""bfmcs"":""N/A"",""potentialImpact"":""N/A"",""observationType"":""Flora Record"",""profileID"":""N/A"",""reserve"":""N/A"",""sourceDatasetName"":""DPIE Data from Scientific Licences dataset"",""ibra"":""Sydney Basin (NSW)"",""stateForest"":""N/A"",""status"":""Valid and accepted without modification""}","urn:catalog:NSW Dept of Planning, Industry and Environment:BioNet Atlas of NSW Wildlife:SJJSI1282709","SJJSI1282709","","OPUR19032102","","","","","","","","introduced","PRESENT","","","","","","","occurrenceRemarks withheld","","","","","","","","","","2019-05-15T00:00:00Z","","135","135","2019","5","15","","","","","","","","","LJJSI0254435","","","","","","Australia","AU","New South Wales","CANTERBURY-BANKSTOWN","","locality withheld","","","","","","","","","","","locationRemarks withheld","-33.908406","150.980748","EPSG:4326","300.0","1.0E-9","","","","","","","","","","","","","","","","","","","","","","","","","","","","","","","","","","","","","","","","1283","","","","","https://id.biodiversity.org.au/taxon/apni/51741635","Bidens pilosa","Bidens pilosa","","","","","","","","Plantae","Charophyta","Equisetopsida","Asterales","Asteraceae","Bidens","","pilosa","","species","","L.","Cobbler's Pegs","ICBN","","","","","","","","Bidens pilosa","","","","","","","","","","Published dataset","","a0e2c1a5-5269-4cc6-b71d-cdbbe637c4a3","Unknown","","","","","","","","","","Event"
"dr368","NSW BioNet Atlas","","2022-04-21T14:19:30.280+10:00","en","CC-BY 4.0 (Int)","NSW Dept of Planning and Environment","","BioNet Atlas of NSW Wildlife 12/05/2022 1:00 AM +10:00","","","","2132.0","NSW Dept of Planning, Industry and Environment","BioNet Atlas of NSW Wildlife","GEORGES Vegetation Survey","NSW Dept of Planning and Environment","HUMAN_OBSERVATION","","","{""mechanicalHazardReductionDescription"":""N/A"",""geogExtent"":""N/A"",""mapSheetNumber"":""9030 - PENRITH"",""botanicalDivision"":""Central Coast"",""floraReserve"":""N/A"",""speciesFireDescription"":""N/A"",""vulnerability"":""N/A"",""protectedInNSW"":""false"",""bfmcs"":""N/A"",""potentialImpact"":""N/A"",""observationType"":""Floristics Record from Systematic Flora Survey"",""profileID"":""N/A"",""reserve"":""N/A"",""sourceDatasetName"":""GEORGES Vegetation Survey"",""ibra"":""Sydney Basin (NSW)"",""stateForest"":""N/A"",""status"":""Valid and accepted without modification""}","urn:catalog:NSW Dept of Planning, Industry and Environment:BioNet Atlas of NSW Wildlife:SPJGI3265375","SPJGI3265375","","OVLU99062101;OSLS05031800","","","","","","","","","PRESENT","","","","","","","occurrenceRemarks withheld","","","","","","","CPJGI0079626","","","1999-06-28T00:00:00Z","","179","179","1999","6","28","","","Floristic Data","","","","","Clayey loam.","LPJGI0199207","","","","","","Australia","AU","New South Wales","CANTERBURY-BANKSTOWN","","locality withheld","","8.0","8.0","","","","","","","","locationRemarks withheld","-33.909506","150.979817","EPSG:4326","100.0","1.0E-9","","","","","","","","","","","","","","","","","","","","","","","","","","","","","","","","","","","","","","","2110","2110","","","","","https://id.biodiversity.org.au/taxon/apni/51433167","Einadia hastata","Einadia hastata","","","","","","","","Plantae","Charophyta","Equisetopsida","Caryophyllales","Chenopodiaceae","Einadia","","hastata","","species","","(R.Br.) A.J.Scott","Saloop","ICBN","","","","","","","","Einadia hastata","","","","","","","","","","Published dataset","","ec198328-86fa-4d17-b0eb-dbd12fd4e553","CC-BY 4.0","","","","","","","","","","Event"
"dr368","NSW BioNet Atlas","","2022-07-19T17:22:35.130+10:00","en","CC-BY 4.0 (Int)","NSW National Parks and Wildlife Service","","BioNet Atlas of NSW Wildlife 28/07/2022 1:00 AM +10:00","","","","1155.0","NSW Dept of Planning, Industry and Environment","BioNet Atlas of NSW Wildlife","DPIE Data from Scientific Licences dataset","NSW National Parks and Wildlife Service","HUMAN_OBSERVATION","","","{""mechanicalHazardReductionDescription"":""N/A"",""geogExtent"":""N/A"",""mapSheetNumber"":""9030 - PENRITH"",""botanicalDivision"":""Central Coast"",""floraReserve"":""N/A"",""speciesFireDescription"":""N/A"",""vulnerability"":""N/A"",""protectedInNSW"":""false"",""bfmcs"":""N/A"",""potentialImpact"":""N/A"",""observationType"":""Flora Record"",""profileID"":""N/A"",""reserve"":""N/A"",""sourceDatasetName"":""DPIE Data from Scientific Licences dataset"",""ibra"":""Sydney Basin (NSW)"",""stateForest"":""N/A"",""status"":""Valid and accepted without modification""}","urn:catalog:NSW Dept of Planning, Industry and Environment:BioNet Atlas of NSW Wildlife:SJJSI0829995","SJJSI0829995","","OIXR15013005","","","","","","","","introduced","PRESENT","","","","","","","occurrenceRemarks withheld","","","","","","","","","","2018-05-23T00:00:00Z","","143","143","2018","5","23","","","","","","","","","LJJSI0150207","","","","","","Australia","AU","New South Wales","CANTERBURY-BANKSTOWN","","locality withheld","","","","","","","","","","","locationRemarks withheld","-33.909909","150.979481","EPSG:4326","20.0","1.0E-9","","","","","","","","","","","","","","","","","","","","","","","","","","","","","","","","","","","","","","","","1283","","","","","https://id.biodiversity.org.au/taxon/apni/51741635","Bidens pilosa","Bidens pilosa","","","","","","","","Plantae","Charophyta","Equisetopsida","Asterales","Asteraceae","Bidens","","pilosa","","species","","L.","Cobbler's Pegs","ICBN","","","","","","","","Bidens pilosa","","","","","","","","","","Published dataset","","3d1d9236-a55a-4c2f-aa22-8faf9362da36","Unknown","","","","","","","","","","Event"
"dr368","NSW BioNet Atlas","","2020-04-22T10:26:07.863+10:00","en","CC-BY 4.0 (Int)","NSW National Parks and Wildlife Service","","BioNet Atlas of NSW Wildlife 5/06/2020 1:00 AM +10:00","","","","1155.0","NSW Dept of Planning, Industry and Environment","BioNet Atlas of NSW Wildlife","DPIE Data from Scientific Licences dataset","NSW National Parks and Wildlife Service","HUMAN_OBSERVATION","","","{""mechanicalHazardReductionDescription"":""N/A"",""geogExtent"":""N/A"",""mapSheetNumber"":""9030 - PENRITH"",""botanicalDivision"":""Central Coast"",""floraReserve"":""N/A"",""speciesFireDescription"":""N/A"",""vulnerability"":""N/A"",""protectedInNSW"":""false"",""bfmcs"":""N/A"",""potentialImpact"":""N/A"",""observationType"":""Flora Record"",""profileID"":""N/A"",""reserve"":""N/A"",""sourceDatasetName"":""DPIE Data from Scientific Licences dataset"",""ibra"":""Sydney Basin (NSW)"",""stateForest"":""N/A"",""status"":""Valid and accepted without modification""}","urn:catalog:NSW Dept of Planning, Industry and Environment:BioNet Atlas of NSW Wildlife:SJJSI0830005","SJJSI0830005","","OIXR15013005","","","","","","","","","PRESENT","","","","","","","occurrenceRemarks withheld","","","","","","","","","","2018-05-23T00:00:00Z","","143","143","2018","5","23","","","","","","","","","LJJSI0150207","","","","","","Australia","AU","New South Wales","CANTERBURY-BANKSTOWN","","locality withheld","","","","","","","","","","","locationRemarks withheld","-33.909909","150.979481","EPSG:4326","20.0","1.0E-9","","","","","","","","","","","","","","","","","","","","","","","","","","","","","","","","","","","","","","","","2110","","","","","https://id.biodiversity.org.au/taxon/apni/51433167","Einadia hastata","Einadia hastata","","","","","","","","Plantae","Charophyta","Equisetopsida","Caryophyllales","Chenopodiaceae","Einadia","","hastata","","species","","(R.Br.) A.J.Scott","Saloop","ICBN","","","","","","","","Einadia hastata","","","","","","","","","","Published dataset","","1937a5d9-6e4c-4652-b4db-3180f8035efa","Unknown","","","","","","","","","","Event"
"dr368","NSW BioNet Atlas","","2020-08-05T02:07:30.407+10:00","en","CC-BY 4.0 (Int)","NSW National Parks and Wildlife Service","","BioNet Atlas of NSW Wildlife 12/08/2020 1:00 AM +10:00","","","","1155.0","NSW Dept of Planning, Industry and Environment","BioNet Atlas of NSW Wildlife","DPIE Data from Scientific Licences dataset","NSW National Parks and Wildlife Service","HUMAN_OBSERVATION","","","{""mechanicalHazardReductionDescription"":""N/A"",""geogExtent"":""N/A"",""mapSheetNumber"":""9030 - PENRITH"",""botanicalDivision"":""Central Coast"",""floraReserve"":""N/A"",""speciesFireDescription"":""N/A"",""vulnerability"":""N/A"",""protectedInNSW"":""false"",""bfmcs"":""N/A"",""potentialImpact"":""N/A"",""observationType"":""Flora Record"",""profileID"":""N/A"",""reserve"":""N/A"",""sourceDatasetName"":""DPIE Data from Scientific Licences dataset"",""ibra"":""Sydney Basin (NSW)"",""stateForest"":""N/A"",""status"":""Valid and accepted without modification""}","urn:catalog:NSW Dept of Planning, Industry and Environment:BioNet Atlas of NSW Wildlife:SJJSI1282716","SJJSI1282716","","OPUR19032102","","","","","","","","","PRESENT","","","","","","","occurrenceRemarks withheld","","","","","","","","","","2019-05-15T00:00:00Z","","135","135","2019","5","15","","","","","","","","","LJJSI0254435","","","","","","Australia","AU","New South Wales","CANTERBURY-BANKSTOWN","","locality withheld","","","","","","","","","","","locationRemarks withheld","-33.908406","150.980748","EPSG:4326","300.0","1.0E-9","","","","","","","","","","","","","","","","","","","","","","","","","","","","","","","","","","","","","","","","4191","","","","","https://id.biodiversity.org.au/taxon/apni/51440747","Eucalyptus tereticornis","Eucalyptus tereticornis","","","","","","","","Plantae","Charophyta","Equisetopsida","Myrtales","Myrtaceae","Eucalyptus","","tereticornis","","species","","Sm.","Forest Red Gum","ICBN","","","","","","","","Eucalyptus tereticornis","","","","","","","","","","Published dataset","","c7e9bc7b-5326-4931-a235-c9c3d6effa5c","Unknown","","","","","","","","","","Event"
"dr368","NSW BioNet Atlas","","2020-04-22T10:26:07.863+10:00","en","CC-BY 4.0 (Int)","NSW National Parks and Wildlife Service","","BioNet Atlas of NSW Wildlife 5/06/2020 1:00 AM +10:00","","","","1155.0","NSW Dept of Planning, Industry and Environment","BioNet Atlas of NSW Wildlife","DPIE Data from Scientific Licences dataset","NSW National Parks and Wildlife Service","HUMAN_OBSERVATION","","","{""mechanicalHazardReductionDescription"":""N/A"",""geogExtent"":""N/A"",""mapSheetNumber"":""9030 - PENRITH"",""botanicalDivision"":""Central Coast"",""floraReserve"":""N/A"",""speciesFireDescription"":""N/A"",""vulnerability"":""N/A"",""protectedInNSW"":""false"",""bfmcs"":""N/A"",""potentialImpact"":""N/A"",""observationType"":""Flora Record"",""profileID"":""N/A"",""reserve"":""N/A"",""sourceDatasetName"":""DPIE Data from Scientific Licences dataset"",""ibra"":""Sydney Basin (NSW)"",""stateForest"":""N/A"",""status"":""Valid and accepted without modification""}","urn:catalog:NSW Dept of Planning, Industry and Environment:BioNet Atlas of NSW Wildlife:SJJSI0830019","SJJSI0830019","","OIXR15013005","","","","","","","","introduced","PRESENT","","","","","","","occurrenceRemarks withheld","","","","","","","","","","2018-05-23T00:00:00Z","","143","143","2018","5","23","","","","","","","","","LJJSI0150207","","","","","","Australia","AU","New South Wales","CANTERBURY-BANKSTOWN","","locality withheld","","","","","","","","","","","locationRemarks withheld","-33.909909","150.979481","EPSG:4326","20.0","1.0E-9","","","","","","","","","","","","","","","","","","","","","","","","","","","","","","","","","","","","","","","","4699","","","","","https://id.biodiversity.org.au/node/apni/2899343","Plantago lanceolata","Plantago lanceolata","","","","","","","","Plantae","Charophyta","Equisetopsida","Lamiales","Plantaginaceae","Plantago","","lanceolata","","species","","L.","Ribwort","ICBN","","","","","","","","Plantago lanceolata","","","","","","","","","","Published dataset","","03622eb0-1c41-4d59-832a-990248f1d4b5","Unknown","","","","","","","","","","Event"
"dr368","NSW BioNet Atlas","","2022-04-21T14:19:30.280+10:00","en","CC-BY 4.0 (Int)","NSW Dept of Planning and Environment","","BioNet Atlas of NSW Wildlife 12/05/2022 1:00 AM +10:00","","","","2132.0","NSW Dept of Planning, Industry and Environment","BioNet Atlas of NSW Wildlife","GEORGES Vegetation Survey","NSW Dept of Planning and Environment","HUMAN_OBSERVATION","","","{""mechanicalHazardReductionDescription"":""N/A"",""geogExtent"":""N/A"",""mapSheetNumber"":""9030 - PENRITH"",""botanicalDivision"":""Central Coast"",""floraReserve"":""N/A"",""speciesFireDescription"":""N/A"",""vulnerability"":""N/A"",""protectedInNSW"":""false"",""bfmcs"":""N/A"",""potentialImpact"":""N/A"",""observationType"":""Floristics Record from Systematic Flora Survey"",""profileID"":""N/A"",""reserve"":""N/A"",""sourceDatasetName"":""GEORGES Vegetation Survey"",""ibra"":""Sydney Basin (NSW)"",""stateForest"":""N/A"",""status"":""Valid and accepted without modification""}","urn:catalog:NSW Dept of Planning, Industry and Environment:BioNet Atlas of NSW Wildlife:SPJGI3265381","SPJGI3265381","","OVLU99062101;OSLS05031800","","","","","","","","","PRESENT","","","","","","","occurrenceRemarks withheld","","","4215bb86-3a80-4e75-b03c-34600dfc867f","","","","CPJGI0079626","","","1999-06-28T00:00:00Z","","179","179","1999","6","28","","","Floristic Data","","","","","Clayey loam.","LPJGI0199207","","","","","","Australia","AU","New South Wales","CANTERBURY-BANKSTOWN","","locality withheld","","8.0","8.0","","","","","","","","locationRemarks withheld","-33.909506","150.979817","EPSG:4326","100.0","1.0E-9","","","","","","","","","","","","","","","","","","","","","","","","","","","","","","","","","","","","","","","4191","4191","","","","","https://id.biodiversity.org.au/taxon/apni/51440747","Eucalyptus tereticornis","Eucalyptus tereticornis","","","","","","","","Plantae","Charophyta","Equisetopsida","Myrtales","Myrtaceae","Eucalyptus","","tereticornis","","species","","Sm.","Forest Red Gum","ICBN","","","","","","","","Eucalyptus tereticornis","","","","","","","","","","Published dataset","","7f905bd2-1b30-49e3-bc53-2ff88b0c5e3b","CC-BY 4.0","","","","","","","","","","Event"
"dr368","NSW BioNet Atlas","","2020-04-22T10:26:07.863+10:00","en","CC-BY 4.0 (Int)","NSW National Parks and Wildlife Service","","BioNet Atlas of NSW Wildlife 5/06/2020 1:00 AM +10:00","","","","1155.0","NSW Dept of Planning, Industry and Environment","BioNet Atlas of NSW Wildlife","DPIE Data from Scientific Licences dataset","NSW National Parks and Wildlife Service","HUMAN_OBSERVATION","","","{""mechanicalHazardReductionDescription"":""N/A"",""geogExtent"":""N/A"",""mapSheetNumber"":""9030 - PENRITH"",""botanicalDivision"":""Central Coast"",""floraReserve"":""N/A"",""speciesFireDescription"":""N/A"",""vulnerability"":""N/A"",""protectedInNSW"":""false"",""bfmcs"":""N/A"",""potentialImpact"":""N/A"",""observationType"":""Flora Record"",""profileID"":""N/A"",""reserve"":""N/A"",""sourceDatasetName"":""DPIE Data from Scientific Licences dataset"",""ibra"":""Sydney Basin (NSW)"",""stateForest"":""N/A"",""status"":""Valid and accepted without modification""}","urn:catalog:NSW Dept of Planning, Industry and Environment:BioNet Atlas of NSW Wildlife:SJJSI0830007","SJJSI0830007","","OIXR15013005","","","","","","","","","PRESENT","","","","","","","occurrenceRemarks withheld","","","","","","","","","","2018-05-23T00:00:00Z","","143","143","2018","5","23","","","","","","","","","LJJSI0150207","","","","","","Australia","AU","New South Wales","CANTERBURY-BANKSTOWN","","locality withheld","","","","","","","","","","","locationRemarks withheld","-33.909909","150.979481","EPSG:4326","20.0","1.0E-9","","","","","","","","","","","","","","","","","","","","","","","","","","","","","","","","","","","","","","","","4960","","","","","https://id.biodiversity.org.au/node/apni/2887210","Eragrostis leptostachya","Eragrostis leptostachya","","","","","","","","Plantae","Charophyta","Equisetopsida","Poales","Poaceae","Eragrostis","","leptostachya","","species","","(R.Br.) Steud.","Paddock Lovegrass","ICBN","","","","","","","","Eragrostis leptostachya","","","","","","","","","","Published dataset","","94a89033-34ee-47f2-82ce-d67382e3d7e8","Unknown","","","","","","","","","","Event"
"dr368","NSW BioNet Atlas","","2024-03-15T11:43:02.633+11:00","en","CC-BY 4.0 (Int)","NSW National Parks and Wildlife Service","","BioNet Atlas of NSW Wildlife 19/03/2024 1:00 AM +11:00","","","","1155.0","NSW Dept of Planning, Industry and Environment","BioNet Atlas of NSW Wildlife","DPIE Data from Scientific Licences dataset","NSW National Parks and Wildlife Service","HUMAN_OBSERVATION","","","{""mechanicalHazardReductionDescription"":""N/A"",""geogExtent"":""N/A"",""mapSheetNumber"":""9030 - PENRITH"",""botanicalDivision"":""Central Coast"",""floraReserve"":""N/A"",""speciesFireDescription"":""N/A"",""vulnerability"":""N/A"",""protectedInNSW"":""false"",""bfmcs"":""N/A"",""potentialImpact"":""N/A"",""observationType"":""Flora Record"",""profileID"":""N/A"",""reserve"":""N/A"",""sourceDatasetName"":""DPIE Data from Scientific Licences dataset"",""ibra"":""Sydney Basin (NSW)"",""stateForest"":""N/A"",""status"":""Valid and accepted without modification""}","urn:catalog:NSW Dept of Planning, Industry and Environment:BioNet Atlas of NSW Wildlife:SIXRI1603448","SIXRI1603448","","OIXR13102801","","","","","","","","","PRESENT","","","","Meredith Brainwood 2016, <i>Flora And Fauna Assessment Report ?GARRISON POINT</i>","","","occurrenceRemarks withheld","","","","","","","","","","2015-12-10T00:00:00Z","","344","344","2015","12","10","","","","","","","","","LIXRI0116989","","","","","","Australia","AU","New South Wales","CANTERBURY-BANKSTOWN","","locality withheld","","","","","","","","","","","locationRemarks withheld","-33.908598","150.974971","EPSG:4326","50.0","1.0E-9","","","","","","","","","","","","","","","","","","","","","","","","","","","","","","","","","","","","","","","","3583","","","","","https://id.biodiversity.org.au/node/apni/2891182","Linum marginale","Linum marginale","","","","","","","","Plantae","Charophyta","Equisetopsida","Malpighiales","Linaceae","Linum","","marginale","","species","","A.Cunn.","Native Flax","ICBN","","","","","","","","Linum marginale","","","","","","","","","","Published dataset","","c631cea6-64e6-40a7-be5b-d23217d8dc03","Unknown","","","","","","","","","","Event"
"dr368","NSW BioNet Atlas","","2020-04-22T10:26:07.863+10:00","en","CC-BY 4.0 (Int)","NSW National Parks and Wildlife Service","","BioNet Atlas of NSW Wildlife 5/06/2020 1:00 AM +10:00","","","","1155.0","NSW Dept of Planning, Industry and Environment","BioNet Atlas of NSW Wildlife","DPIE Data from Scientific Licences dataset","NSW National Parks and Wildlife Service","HUMAN_OBSERVATION","","","{""mechanicalHazardReductionDescription"":""N/A"",""geogExtent"":""N/A"",""mapSheetNumber"":""9030 - PENRITH"",""botanicalDivision"":""Central Coast"",""floraReserve"":""N/A"",""speciesFireDescription"":""N/A"",""vulnerability"":""N/A"",""protectedInNSW"":""false"",""bfmcs"":""N/A"",""potentialImpact"":""N/A"",""observationType"":""Flora Record"",""profileID"":""N/A"",""reserve"":""N/A"",""sourceDatasetName"":""DPIE Data from Scientific Licences dataset"",""ibra"":""Sydney Basin (NSW)"",""stateForest"":""N/A"",""status"":""Valid and accepted without modification""}","urn:catalog:NSW Dept of Planning, Industry and Environment:BioNet Atlas of NSW Wildlife:SJJSI0829991","SJJSI0829991","","OIXR15013005","","","","","","","","","PRESENT","","","","","","","occurrenceRemarks withheld","","","","","","","","","","2018-05-23T00:00:00Z","","143","143","2018","5","23","","","","","","","","","LJJSI0150207","","","","","","Australia","AU","New South Wales","CANTERBURY-BANKSTOWN","","locality withheld","","","","","","","","","","","locationRemarks withheld","-33.909909","150.979481","EPSG:4326","20.0","1.0E-9","","","","","","","","","","","","","","","","","","","","","","","","","","","","","","","","","","","","","","","","4770","","","","","https://id.biodiversity.org.au/node/apni/2921221","Aristida ramosa","Aristida ramosa","","","","","","","","Plantae","Charophyta","Equisetopsida","Poales","Poaceae","Aristida","","ramosa","","species","","R.Br.","Cane Wire-grass","ICBN","","","","","","","","Aristida ramosa","","","","","","","","","","Published dataset","","eb4e7e35-7aca-471c-8a65-770f9c5d4aa0","Unknown","","","","","","","","","","Event"
"dr368","NSW BioNet Atlas","","2020-04-22T10:26:07.863+10:00","en","CC-BY 4.0 (Int)","NSW National Parks and Wildlife Service","","BioNet Atlas of NSW Wildlife 5/06/2020 1:00 AM +10:00","","","","1155.0","NSW Dept of Planning, Industry and Environment","BioNet Atlas of NSW Wildlife","DPIE Data from Scientific Licences dataset","NSW National Parks and Wildlife Service","HUMAN_OBSERVATION","","","{""mechanicalHazardReductionDescription"":""N/A"",""geogExtent"":""N/A"",""mapSheetNumber"":""9030 - PENRITH"",""botanicalDivision"":""Central Coast"",""floraReserve"":""N/A"",""speciesFireDescription"":""N/A"",""vulnerability"":""N/A"",""protectedInNSW"":""false"",""bfmcs"":""N/A"",""potentialImpact"":""N/A"",""observationType"":""Flora Record"",""profileID"":""N/A"",""reserve"":""N/A"",""sourceDatasetName"":""DPIE Data from Scientific Licences dataset"",""ibra"":""Sydney Basin (NSW)"",""stateForest"":""N/A"",""status"":""Valid and accepted without modification""}","urn:catalog:NSW Dept of Planning, Industry and Environment:BioNet Atlas of NSW Wildlife:SJJSI0830023","SJJSI0830023","","OIXR15013005","","","","","","","","","PRESENT","","","","","","","occurrenceRemarks withheld","","","","","","","","","","2018-05-23T00:00:00Z","","143","143","2018","5","23","","","","","","","","","LJJSI0150207","","","","","","Australia","AU","New South Wales","CANTERBURY-BANKSTOWN","","locality withheld","","","","","","","","","","","locationRemarks withheld","-33.909909","150.979481","EPSG:4326","20.0","1.0E-9","","","","","","","","","","","","","","","","","","","","","","","","","","","","","","","","","","","","","","","","5179","","","","","https://id.biodiversity.org.au/node/apni/2910977","Sporobolus creber","Sporobolus creber","","","","","","","","Plantae","Charophyta","Equisetopsida","Poales","Poaceae","Sporobolus","","creber","","species","","De Nardi","Western Rat-tail Grass","ICBN","","","","","","","","Sporobolus creber","","","","","","","","","","Published dataset","","da2dcf02-629c-4c1d-807f-fe3dd2ae6f35","Unknown","","","","","","","","","","Event"
"dr368","NSW BioNet Atlas","","2022-04-21T14:19:30.280+10:00","en","CC-BY 4.0 (Int)","NSW Dept of Planning and Environment","","BioNet Atlas of NSW Wildlife 12/05/2022 1:00 AM +10:00","","","","2132.0","NSW Dept of Planning, Industry and Environment","BioNet Atlas of NSW Wildlife","GEORGES Vegetation Survey","NSW Dept of Planning and Environment","HUMAN_OBSERVATION","","","{""mechanicalHazardReductionDescription"":""N/A"",""geogExtent"":""N/A"",""mapSheetNumber"":""9030 - PENRITH"",""botanicalDivision"":""Central Coast"",""floraReserve"":""N/A"",""speciesFireDescription"":""N/A"",""vulnerability"":""N/A"",""protectedInNSW"":""false"",""bfmcs"":""N/A"",""potentialImpact"":""N/A"",""observationType"":""Floristics Record from Systematic Flora Survey"",""profileID"":""N/A"",""reserve"":""N/A"",""sourceDatasetName"":""GEORGES Vegetation Survey"",""ibra"":""Sydney Basin (NSW)"",""stateForest"":""N/A"",""status"":""Valid and accepted without modification""}","urn:catalog:NSW Dept of Planning, Industry and Environment:BioNet Atlas of NSW Wildlife:SPJGI3265398","SPJGI3265398","","OVLU99062101;OSLS05031800","","","","","","","","","PRESENT","","","","","","","occurrenceRemarks withheld","","","cd8f522f-c78f-4ab3-9521-4357717d1201","","","","CPJGI0079626","","","1999-06-28T00:00:00Z","","179","179","1999","6","28","","","Floristic Data","","","","","Clayey loam.","LPJGI0199207","","","","","","Australia","AU","New South Wales","CANTERBURY-BANKSTOWN","","locality withheld","","8.0","8.0","","","","","","","","locationRemarks withheld","-33.909506","150.979817","EPSG:4326","100.0","1.0E-9","","","","","","","","","","","","","","","","","","","","","","","","","","","","","","","","","","","","","","","7707","7707","","","","","https://id.biodiversity.org.au/node/apni/2888535","Microlaena stipoides var. stipoides","Microlaena stipoides var. stipoides","","","","","","","","Plantae","Charophyta","Equisetopsida","Poales","Poaceae","Microlaena","","stipoides","stipoides","variety","","","Weeping Rice-grass","ICBN","","","","","","","","Microlaena stipoides","","","","","","","","","","Published dataset","","0ddfd819-c83a-41da-9360-4c9869310375","CC-BY 4.0","","","","","","","","","","Event"
"dr368","NSW BioNet Atlas","","2020-04-22T10:26:07.863+10:00","en","CC-BY 4.0 (Int)","NSW National Parks and Wildlife Service","","BioNet Atlas of NSW Wildlife 5/06/2020 1:00 AM +10:00","","","","1155.0","NSW Dept of Planning, Industry and Environment","BioNet Atlas of NSW Wildlife","DPIE Data from Scientific Licences dataset","NSW National Parks and Wildlife Service","HUMAN_OBSERVATION","","","{""mechanicalHazardReductionDescription"":""N/A"",""geogExtent"":""N/A"",""mapSheetNumber"":""9030 - PENRITH"",""botanicalDivision"":""Central Coast"",""floraReserve"":""N/A"",""speciesFireDescription"":""N/A"",""vulnerability"":""N/A"",""protectedInNSW"":""false"",""bfmcs"":""N/A"",""potentialImpact"":""N/A"",""observationType"":""Flora Record"",""profileID"":""N/A"",""reserve"":""N/A"",""sourceDatasetName"":""DPIE Data from Scientific Licences dataset"",""ibra"":""Sydney Basin (NSW)"",""stateForest"":""N/A"",""status"":""Valid and accepted without modification""}","urn:catalog:NSW Dept of Planning, Industry and Environment:BioNet Atlas of NSW Wildlife:SJJSI0830020","SJJSI0830020","","OIXR15013005","","","","","","","","","PRESENT","","","","","","","occurrenceRemarks withheld","","","","","","","","","","2018-05-23T00:00:00Z","","143","143","2018","5","23","","","","","","","","","LJJSI0150207","","","","","","Australia","AU","New South Wales","CANTERBURY-BANKSTOWN","","locality withheld","","","","","","","","","","","locationRemarks withheld","-33.909909","150.979481","EPSG:4326","20.0","1.0E-9","","","","","","","","","","","","","","","","","","","","","","","","","","","","","","","","","","","","","","","","14305","","","","","https://id.biodiversity.org.au/node/apni/2900814","Rytidosperma caespitosum","Rytidosperma caespitosum","","","","","","","","Plantae","Charophyta","Equisetopsida","Poales","Poaceae","Rytidosperma","","caespitosum","","species","","(Gaudich.) Connor & Edgar","Common Wallaby-grass","ICBN","","","","","","","","Rytidosperma caespitosum","","","","","","","","","","Published dataset","","ad133d52-654c-4eaf-9fdd-81e74dcd06f7","Unknown","","","","","","","","","","Event"
"dr368","NSW BioNet Atlas","","2022-04-21T14:19:30.280+10:00","en","CC-BY 4.0 (Int)","NSW Dept of Planning and Environment","","BioNet Atlas of NSW Wildlife 12/05/2022 1:00 AM +10:00","","","","2132.0","NSW Dept of Planning, Industry and Environment","BioNet Atlas of NSW Wildlife","GEORGES Vegetation Survey","NSW Dept of Planning and Environment","HUMAN_OBSERVATION","","","{""mechanicalHazardReductionDescription"":""N/A"",""geogExtent"":""N/A"",""mapSheetNumber"":""9030 - PENRITH"",""botanicalDivision"":""Central Coast"",""floraReserve"":""N/A"",""speciesFireDescription"":""N/A"",""vulnerability"":""N/A"",""protectedInNSW"":""false"",""bfmcs"":""N/A"",""potentialImpact"":""N/A"",""observationType"":""Floristics Record from Systematic Flora Survey"",""profileID"":""N/A"",""reserve"":""N/A"",""sourceDatasetName"":""GEORGES Vegetation Survey"",""ibra"":""Sydney Basin (NSW)"",""stateForest"":""N/A"",""status"":""Valid and accepted without modification""}","urn:catalog:NSW Dept of Planning, Industry and Environment:BioNet Atlas of NSW Wildlife:SPJGI3265377","SPJGI3265377","","OVLU99062101;OSLS05031800","","","","","","","","","PRESENT","","","","","","","occurrenceRemarks withheld","","","","","","","CPJGI0079626","","","1999-06-28T00:00:00Z","","179","179","1999","6","28","","","Floristic Data","","","","","Clayey loam.","LPJGI0199207","","","","","","Australia","AU","New South Wales","CANTERBURY-BANKSTOWN","","locality withheld","","8.0","8.0","","","","","","","","locationRemarks withheld","-33.909506","150.979817","EPSG:4326","100.0","1.0E-9","","","","","","","","","","","","","","","","","","","","","","","","","","","","","","","","","","","","","","","2861","2861","","","","","https://id.biodiversity.org.au/taxon/apni/51285791","Glycine tabacina","Glycine tabacina","","","","","","","","Plantae","Charophyta","Equisetopsida","Fabales","Fabaceae","Glycine","","tabacina","","species","","(Labill.) Benth.","Variable Glycine","ICBN","","","","","","","","Glycine tabacina","","","","","","","","","","Published dataset","","92c65a00-129b-4ce9-819f-4bf8cb967aec","CC-BY 4.0","","","","","","","","","","Event"
"dr368","NSW BioNet Atlas","","2020-04-22T10:26:07.863+10:00","en","CC-BY 4.0 (Int)","NSW National Parks and Wildlife Service","","BioNet Atlas of NSW Wildlife 5/06/2020 1:00 AM +10:00","","","","1155.0","NSW Dept of Planning, Industry and Environment","BioNet Atlas of NSW Wildlife","DPIE Data from Scientific Licences dataset","NSW National Parks and Wildlife Service","HUMAN_OBSERVATION","","","{""mechanicalHazardReductionDescription"":""N/A"",""geogExtent"":""N/A"",""mapSheetNumber"":""9030 - PENRITH"",""botanicalDivision"":""Central Coast"",""floraReserve"":""N/A"",""speciesFireDescription"":""N/A"",""vulnerability"":""N/A"",""protectedInNSW"":""false"",""bfmcs"":""N/A"",""potentialImpact"":""N/A"",""observationType"":""Flora Record"",""profileID"":""N/A"",""reserve"":""N/A"",""sourceDatasetName"":""DPIE Data from Scientific Licences dataset"",""ibra"":""Sydney Basin (NSW)"",""stateForest"":""N/A"",""status"":""Valid and accepted without modification""}","urn:catalog:NSW Dept of Planning, Industry and Environment:BioNet Atlas of NSW Wildlife:SJJSI0830025","SJJSI0830025","","OIXR15013005","","","","","","","","","PRESENT","","","","","","","occurrenceRemarks withheld","","","","","","","","","","2018-05-23T00:00:00Z","","143","143","2018","5","23","","","","","","","","","LJJSI0150207","","","","","","Australia","AU","New South Wales","CANTERBURY-BANKSTOWN","","locality withheld","","","","","","","","","","","locationRemarks withheld","-33.909909","150.979481","EPSG:4326","20.0","1.0E-9","","","","","","","","","","","","","","","","","","","","","","","","","","","","","","","","","","","","","","","","7770","","","","","https://id.biodiversity.org.au/taxon/apni/51291519","Themeda triandra","Themeda triandra","","","","","","","","Plantae","Charophyta","Equisetopsida","Poales","Poaceae","Themeda","","triandra","","species","","Forssk.","Kangaroo Grass","ICBN","","","","","","","","Themeda triandra","","","","","","","","","","Published dataset","","4611aeb3-0656-4914-82d7-8b6fb4cb6117","Unknown","","","","","","","","","","Event"
"dr368","NSW BioNet Atlas","","2024-03-15T11:43:02.633+11:00","en","CC-BY 4.0 (Int)","NSW National Parks and Wildlife Service","","BioNet Atlas of NSW Wildlife 19/03/2024 1:00 AM +11:00","","","","1155.0","NSW Dept of Planning, Industry and Environment","BioNet Atlas of NSW Wildlife","DPIE Data from Scientific Licences dataset","NSW National Parks and Wildlife Service","HUMAN_OBSERVATION","","","{""mechanicalHazardReductionDescription"":""N/A"",""geogExtent"":""N/A"",""mapSheetNumber"":""9030 - PENRITH"",""botanicalDivision"":""Central Coast"",""floraReserve"":""N/A"",""speciesFireDescription"":""N/A"",""vulnerability"":""N/A"",""protectedInNSW"":""false"",""bfmcs"":""N/A"",""potentialImpact"":""N/A"",""observationType"":""Flora Record"",""profileID"":""N/A"",""reserve"":""N/A"",""sourceDatasetName"":""DPIE Data from Scientific Licences dataset"",""ibra"":""Sydney Basin (NSW)"",""stateForest"":""N/A"",""status"":""Valid and accepted without modification""}","urn:catalog:NSW Dept of Planning, Industry and Environment:BioNet Atlas of NSW Wildlife:SIXRI1603475","SIXRI1603475","","OIXR13102801","","","","","","","","introduced","PRESENT","","","","Meredith Brainwood 2016, <i>Flora And Fauna Assessment Report ?GARRISON POINT</i>","","","occurrenceRemarks withheld","","","","","","","","","","2015-12-10T00:00:00Z","","344","344","2015","12","10","","","","","","","","","LIXRI0116989","","","","","","Australia","AU","New South Wales","CANTERBURY-BANKSTOWN","","locality withheld","","","","","","","","","","","locationRemarks withheld","-33.908598","150.974971","EPSG:4326","50.0","1.0E-9","","","","","","","","","","","","","","","","","","","","","","","","","","","","","","","","","","","","","","","","10508","","","","","https://id.biodiversity.org.au/taxon/apni/51433812","Tradescantia fluminensis","Tradescantia fluminensis","","","","","","","","Plantae","Charophyta","Equisetopsida","Commelinales","Commelinaceae","Tradescantia","","fluminensis","","species","","Vell.","Wandering Jew","ICBN","","","","","","","","Tradescantia fluminensis","","","","","","","","","","Published dataset","","4e298b22-324e-4d31-b23d-a059d6d652eb","Unknown","","","","","","","","","","Event"
"dr368","NSW BioNet Atlas","","2022-11-16T10:56:15.567+11:00","en","CC-BY 4.0 (Int)","NSW National Parks and Wildlife Service","","BioNet Atlas of NSW Wildlife 29/11/2022 1:00 AM +11:00","","","","1155.0","NSW Dept of Planning, Industry and Environment","BioNet Atlas of NSW Wildlife","DPIE Data from Scientific Licences dataset","NSW National Parks and Wildlife Service","HUMAN_OBSERVATION","","","{""mechanicalHazardReductionDescription"":""N/A"",""geogExtent"":""N/A"",""mapSheetNumber"":""9030 - PENRITH"",""botanicalDivision"":""Central Coast"",""floraReserve"":""N/A"",""speciesFireDescription"":""N/A"",""vulnerability"":""N/A"",""protectedInNSW"":""false"",""bfmcs"":""N/A"",""potentialImpact"":""N/A"",""observationType"":""Flora Record"",""profileID"":""N/A"",""reserve"":""N/A"",""sourceDatasetName"":""DPIE Data from Scientific Licences dataset"",""ibra"":""Sydney Basin (NSW)"",""stateForest"":""N/A"",""status"":""Valid and accepted without modification""}","urn:catalog:NSW Dept of Planning, Industry and Environment:BioNet Atlas of NSW Wildlife:SJJSI0830002","SJJSI0830002","","OIXR15013005","","","","","","","","","PRESENT","","","","","","","occurrenceRemarks withheld","","","","","","","","","","2018-05-23T00:00:00Z","","143","143","2018","5","23","","","","","","","","","LJJSI0150207","","","","","","Australia","AU","New South Wales","CANTERBURY-BANKSTOWN","","locality withheld","","","","","","","","","","","locationRemarks withheld","-33.909909","150.979481","EPSG:4326","20.0","1.0E-9","","","","","","","","","","","","","","","","","","","","","","","","","","","","","","","","","","","","","","","","15314","","","","","https://id.biodiversity.org.au/node/apni/2920730","Grona varians","Desmodium varians","","","","","","","","Plantae","Charophyta","Equisetopsida","Fabales","Fabaceae","Desmodium","","varians","","species","","(Labill.) G.Don","Slender Tick-trefoil","ICBN","","","","","","","","Desmodium varians","","","","","","","","","","Published dataset","","233290e0-6573-4e07-944c-8c2f96e751f4","Unknown","","","","","","","","","","Event"
"dr368","NSW BioNet Atlas","","2020-04-22T10:26:07.863+10:00","en","CC-BY 4.0 (Int)","NSW National Parks and Wildlife Service","","BioNet Atlas of NSW Wildlife 5/06/2020 1:00 AM +10:00","","","","1155.0","NSW Dept of Planning, Industry and Environment","BioNet Atlas of NSW Wildlife","DPIE Data from Scientific Licences dataset","NSW National Parks and Wildlife Service","HUMAN_OBSERVATION","","","{""mechanicalHazardReductionDescription"":""N/A"",""geogExtent"":""N/A"",""mapSheetNumber"":""9030 - PENRITH"",""botanicalDivision"":""Central Coast"",""floraReserve"":""N/A"",""speciesFireDescription"":""N/A"",""vulnerability"":""N/A"",""protectedInNSW"":""false"",""bfmcs"":""N/A"",""potentialImpact"":""N/A"",""observationType"":""Flora Record"",""profileID"":""N/A"",""reserve"":""N/A"",""sourceDatasetName"":""DPIE Data from Scientific Licences dataset"",""ibra"":""Sydney Basin (NSW)"",""stateForest"":""N/A"",""status"":""Valid and accepted without modification""}","urn:catalog:NSW Dept of Planning, Industry and Environment:BioNet Atlas of NSW Wildlife:SJJSI0830010","SJJSI0830010","","OIXR15013005","","","","","","","","","PRESENT","","","","","","","occurrenceRemarks withheld","","","","","","","","","","2018-05-23T00:00:00Z","","143","143","2018","5","23","","","","","","","","","LJJSI0150207","","","","","","Australia","AU","New South Wales","CANTERBURY-BANKSTOWN","","locality withheld","","","","","","","","","","","locationRemarks withheld","-33.909909","150.979481","EPSG:4326","20.0","1.0E-9","","","","","","","","","","","","","","","","","","","","","","","","","","","","","","","","","","","","","","","","4191","","","","","https://id.biodiversity.org.au/taxon/apni/51440747","Eucalyptus tereticornis","Eucalyptus tereticornis","","","","","","","","Plantae","Charophyta","Equisetopsida","Myrtales","Myrtaceae","Eucalyptus","","tereticornis","","species","","Sm.","Forest Red Gum","ICBN","","","","","","","","Eucalyptus tereticornis","","","","","","","","","","Published dataset","","7df17560-6b48-4feb-a632-32daa7048179","Unknown","","","","","","","","","","Event"
"dr368","NSW BioNet Atlas","","2020-04-22T10:26:07.863+10:00","en","CC-BY 4.0 (Int)","NSW National Parks and Wildlife Service","","BioNet Atlas of NSW Wildlife 5/06/2020 1:00 AM +10:00","","","","1155.0","NSW Dept of Planning, Industry and Environment","BioNet Atlas of NSW Wildlife","DPIE Data from Scientific Licences dataset","NSW National Parks and Wildlife Service","HUMAN_OBSERVATION","","","{""mechanicalHazardReductionDescription"":""N/A"",""geogExtent"":""N/A"",""mapSheetNumber"":""9030 - PENRITH"",""botanicalDivision"":""Central Coast"",""floraReserve"":""N/A"",""speciesFireDescription"":""N/A"",""vulnerability"":""N/A"",""protectedInNSW"":""false"",""bfmcs"":""N/A"",""potentialImpact"":""N/A"",""observationType"":""Flora Record"",""profileID"":""N/A"",""reserve"":""N/A"",""sourceDatasetName"":""DPIE Data from Scientific Licences dataset"",""ibra"":""Sydney Basin (NSW)"",""stateForest"":""N/A"",""status"":""Valid and accepted without modification""}","urn:catalog:NSW Dept of Planning, Industry and Environment:BioNet Atlas of NSW Wildlife:SJJSI0829992","SJJSI0829992","","OIXR15013005","","","","","","","","","PRESENT","","","","","","","occurrenceRemarks withheld","","","","","","","","","","2018-05-23T00:00:00Z","","143","143","2018","5","23","","","","","","","","","LJJSI0150207","","","","","","Australia","AU","New South Wales","CANTERBURY-BANKSTOWN","","locality withheld","","","","","","","","","","","locationRemarks withheld","-33.909909","150.979481","EPSG:4326","20.0","1.0E-9","","","","","","","","","","","","","","","","","","","","","","","","","","","","","","","","","","","","","","","","4773","","","","","https://id.biodiversity.org.au/node/apni/2911261","Aristida vagans","Aristida vagans","","","","","","","","Plantae","Charophyta","Equisetopsida","Poales","Poaceae","Aristida","","vagans","","species","","Cav.","Threeawn Speargrass","ICBN","","","","","","","","Aristida vagans","","","","","","","","","","Published dataset","","5717c2a1-0a66-464b-8a52-46d37e07da0e","Unknown","","","","","","","","","","Event"
"dr368","NSW BioNet Atlas","","2020-08-05T02:07:30.407+10:00","en","CC-BY 4.0 (Int)","NSW National Parks and Wildlife Service","","BioNet Atlas of NSW Wildlife 12/08/2020 1:00 AM +10:00","","","","1155.0","NSW Dept of Planning, Industry and Environment","BioNet Atlas of NSW Wildlife","DPIE Data from Scientific Licences dataset","NSW National Parks and Wildlife Service","HUMAN_OBSERVATION","","","{""mechanicalHazardReductionDescription"":""N/A"",""geogExtent"":""N/A"",""mapSheetNumber"":""9030 - PENRITH"",""botanicalDivision"":""Central Coast"",""floraReserve"":""N/A"",""speciesFireDescription"":""N/A"",""vulnerability"":""N/A"",""protectedInNSW"":""false"",""bfmcs"":""N/A"",""potentialImpact"":""N/A"",""observationType"":""Flora Record"",""profileID"":""N/A"",""reserve"":""N/A"",""sourceDatasetName"":""DPIE Data from Scientific Licences dataset"",""ibra"":""Sydney Basin (NSW)"",""stateForest"":""N/A"",""status"":""Valid and accepted without modification""}","urn:catalog:NSW Dept of Planning, Industry and Environment:BioNet Atlas of NSW Wildlife:SJJSI1282710","SJJSI1282710","","OPUR19032102","","","","","","","","introduced","PRESENT","","","","","","","occurrenceRemarks withheld","","","","","","","","","","2019-05-15T00:00:00Z","","135","135","2019","5","15","","","","","","","","","LJJSI0254435","","","","","","Australia","AU","New South Wales","CANTERBURY-BANKSTOWN","","locality withheld","","","","","","","","","","","locationRemarks withheld","-33.908406","150.980748","EPSG:4326","300.0","1.0E-9","","","","","","","","","","","","","","","","","","","","","","","","","","","","","","","","","","","","","","","","3673","","","","","https://id.biodiversity.org.au/node/apni/2909922","Sida rhombifolia","Sida rhombifolia","","","","","","","","Plantae","Charophyta","Equisetopsida","Malvales","Malvaceae","Sida","","rhombifolia","","species","","L.","Jelly Leaf","ICBN","","","","","","","","Sida rhombifolia","","","","","","","","","","Published dataset","","eab1111f-77be-4be0-b183-fbf0af3a2786","Unknown","","","","","","","","","","Event"
"dr368","NSW BioNet Atlas","","2020-04-22T10:26:07.863+10:00","en","CC-BY 4.0 (Int)","NSW National Parks and Wildlife Service","","BioNet Atlas of NSW Wildlife 5/06/2020 1:00 AM +10:00","","","","1155.0","NSW Dept of Planning, Industry and Environment","BioNet Atlas of NSW Wildlife","DPIE Data from Scientific Licences dataset","NSW National Parks and Wildlife Service","HUMAN_OBSERVATION","","","{""mechanicalHazardReductionDescription"":""N/A"",""geogExtent"":""N/A"",""mapSheetNumber"":""9030 - PENRITH"",""botanicalDivision"":""Central Coast"",""floraReserve"":""N/A"",""speciesFireDescription"":""N/A"",""vulnerability"":""N/A"",""protectedInNSW"":""false"",""bfmcs"":""N/A"",""potentialImpact"":""N/A"",""observationType"":""Flora Record"",""profileID"":""N/A"",""reserve"":""N/A"",""sourceDatasetName"":""DPIE Data from Scientific Licences dataset"",""ibra"":""Sydney Basin (NSW)"",""stateForest"":""N/A"",""status"":""Valid and accepted without modification""}","urn:catalog:NSW Dept of Planning, Industry and Environment:BioNet Atlas of NSW Wildlife:SJJSI0830009","SJJSI0830009","","OIXR15013005","","","","","","","","","PRESENT","","","","","","","occurrenceRemarks withheld","","","","","","","","","","2018-05-23T00:00:00Z","","143","143","2018","5","23","","","","","","","","","LJJSI0150207","","","","","","Australia","AU","New South Wales","CANTERBURY-BANKSTOWN","","locality withheld","","","","","","","","","","","locationRemarks withheld","-33.909909","150.979481","EPSG:4326","20.0","1.0E-9","","","","","","","","","","","","","","","","","","","","","","","","","","","","","","","","","","","","","","","","4129","","","","","https://id.biodiversity.org.au/taxon/apni/51289954","Eucalyptus moluccana","Eucalyptus moluccana","","","","","","","","Plantae","Charophyta","Equisetopsida","Myrtales","Myrtaceae","Eucalyptus","","moluccana","","species","","Roxb.","Gum-topped Box","ICBN","","","","","","","","Eucalyptus moluccana","","","","","","","","","","Published dataset","","05ac57de-7e36-43f8-9c6f-10ed845140f6","Unknown","","","","","","","","","","Event"
"dr368","NSW BioNet Atlas","","2022-04-21T14:19:30.280+10:00","en","CC-BY 4.0 (Int)","NSW Dept of Planning and Environment","","BioNet Atlas of NSW Wildlife 12/05/2022 1:00 AM +10:00","","","","2132.0","NSW Dept of Planning, Industry and Environment","BioNet Atlas of NSW Wildlife","GEORGES Vegetation Survey","NSW Dept of Planning and Environment","HUMAN_OBSERVATION","","","{""mechanicalHazardReductionDescription"":""N/A"",""geogExtent"":""N/A"",""mapSheetNumber"":""9030 - PENRITH"",""botanicalDivision"":""Central Coast"",""floraReserve"":""N/A"",""speciesFireDescription"":""N/A"",""vulnerability"":""N/A"",""protectedInNSW"":""false"",""bfmcs"":""N/A"",""potentialImpact"":""N/A"",""observationType"":""Floristics Record from Systematic Flora Survey"",""profileID"":""N/A"",""reserve"":""N/A"",""sourceDatasetName"":""GEORGES Vegetation Survey"",""ibra"":""Sydney Basin (NSW)"",""stateForest"":""N/A"",""status"":""Valid and accepted without modification""}","urn:catalog:NSW Dept of Planning, Industry and Environment:BioNet Atlas of NSW Wildlife:SPJGI3265384","SPJGI3265384","","OVLU99062101;OSLS05031800","","","","","","","","","PRESENT","","","","","","","occurrenceRemarks withheld","","","","","","","CPJGI0079626","","","1999-06-28T00:00:00Z","","179","179","1999","6","28","","","Floristic Data","","","","","Clayey loam.","LPJGI0199207","","","","","","Australia","AU","New South Wales","CANTERBURY-BANKSTOWN","","locality withheld","","8.0","8.0","","","","","","","","locationRemarks withheld","-33.909506","150.979817","EPSG:4326","100.0","1.0E-9","","","","","","","","","","","","","","","","","","","","","","","","","","","","","","","","","","","","","","","4773","4773","","","","","https://id.biodiversity.org.au/node/apni/2911261","Aristida vagans","Aristida vagans","","","","","","","","Plantae","Charophyta","Equisetopsida","Poales","Poaceae","Aristida","","vagans","","species","","Cav.","Threeawn Speargrass","ICBN","","","","","","","","Aristida vagans","","","","","","","","","","Published dataset","","a9110c83-54d1-48c1-91c1-13dc8a1a43e7","CC-BY 4.0","","","","","","","","","","Event"
"dr368","NSW BioNet Atlas","","2020-04-22T10:26:07.863+10:00","en","CC-BY 4.0 (Int)","NSW National Parks and Wildlife Service","","BioNet Atlas of NSW Wildlife 5/06/2020 1:00 AM +10:00","","","","1155.0","NSW Dept of Planning, Industry and Environment","BioNet Atlas of NSW Wildlife","DPIE Data from Scientific Licences dataset","NSW National Parks and Wildlife Service","HUMAN_OBSERVATION","","","{""mechanicalHazardReductionDescription"":""N/A"",""geogExtent"":""N/A"",""mapSheetNumber"":""9030 - PENRITH"",""botanicalDivision"":""Central Coast"",""floraReserve"":""N/A"",""speciesFireDescription"":""N/A"",""vulnerability"":""N/A"",""protectedInNSW"":""false"",""bfmcs"":""N/A"",""potentialImpact"":""N/A"",""observationType"":""Flora Record"",""profileID"":""N/A"",""reserve"":""N/A"",""sourceDatasetName"":""DPIE Data from Scientific Licences dataset"",""ibra"":""Sydney Basin (NSW)"",""stateForest"":""N/A"",""status"":""Valid and accepted without modification""}","urn:catalog:NSW Dept of Planning, Industry and Environment:BioNet Atlas of NSW Wildlife:SJJSI0829999","SJJSI0829999","","OIXR15013005","","","","","","","","","PRESENT","","","","","","","occurrenceRemarks withheld","","","","","","","","","","2018-05-23T00:00:00Z","","143","143","2018","5","23","","","","","","","","","LJJSI0150207","","","","","","Australia","AU","New South Wales","CANTERBURY-BANKSTOWN","","locality withheld","","","","","","","","","","","locationRemarks withheld","-33.909909","150.979481","EPSG:4326","20.0","1.0E-9","","","","","","","","","","","","","","","","","","","","","","","","","","","","","","","","","","","","","","","","8007","","","","","https://id.biodiversity.org.au/node/apni/2895598","Cheilanthes sieberi subsp. sieberi","Cheilanthes sieberi subsp. sieberi","","","","","","","","Plantae","Charophyta","Equisetopsida","","Pteridaceae","Cheilanthes","","sieberi","sieberi","subspecies","","","Rock Fern","ICBN","","","","","","","","Cheilanthes sieberi","","","","","","","","","","Published dataset","","3d0300cb-5f1c-4d20-8a07-fc221c1f883e","Unknown","","","","","","","","","","Event"
"dr368","NSW BioNet Atlas","","2020-08-05T02:07:30.407+10:00","en","CC-BY 4.0 (Int)","NSW National Parks and Wildlife Service","","BioNet Atlas of NSW Wildlife 12/08/2020 1:00 AM +10:00","","","","1155.0","NSW Dept of Planning, Industry and Environment","BioNet Atlas of NSW Wildlife","DPIE Data from Scientific Licences dataset","NSW National Parks and Wildlife Service","HUMAN_OBSERVATION","","","{""mechanicalHazardReductionDescription"":""N/A"",""geogExtent"":""N/A"",""mapSheetNumber"":""9030 - PENRITH"",""botanicalDivision"":""Central Coast"",""floraReserve"":""N/A"",""speciesFireDescription"":""N/A"",""vulnerability"":""N/A"",""protectedInNSW"":""false"",""bfmcs"":""N/A"",""potentialImpact"":""N/A"",""observationType"":""Flora Record"",""profileID"":""N/A"",""reserve"":""N/A"",""sourceDatasetName"":""DPIE Data from Scientific Licences dataset"",""ibra"":""Sydney Basin (NSW)"",""stateForest"":""N/A"",""status"":""Valid and accepted without modification""}","urn:catalog:NSW Dept of Planning, Industry and Environment:BioNet Atlas of NSW Wildlife:SJJSI1282712","SJJSI1282712","","OPUR19032102","","","","","","","","","PRESENT","","","","","","","occurrenceRemarks withheld","","","","","","","","","","2019-05-15T00:00:00Z","","135","135","2019","5","15","","","","","","","","","LJJSI0254435","","","","","","Australia","AU","New South Wales","CANTERBURY-BANKSTOWN","","locality withheld","","","","","","","","","","","locationRemarks withheld","-33.908406","150.980748","EPSG:4326","300.0","1.0E-9","","","","","","","","","","","","","","","","","","","","","","","","","","","","","","","","","","","","","","","","4019","","","","","https://id.biodiversity.org.au/taxon/apni/51781738","Callistemon viminalis","Callistemon viminalis","","","","","","","","Plantae","Charophyta","Equisetopsida","Myrtales","Myrtaceae","Callistemon","","viminalis","","species","","(Sol. ex Gaertn.) G.Don","Weeping Bottlebrush","ICBN","","","","","","","","Callistemon viminalis","","","","","","","","","","Published dataset","","2f107f9f-f43f-4a71-b13d-a0e4c6907432","Unknown","","","","","","","","","","Event"
"dr368","NSW BioNet Atlas","","2020-08-05T02:07:30.407+10:00","en","CC-BY 4.0 (Int)","NSW National Parks and Wildlife Service","","BioNet Atlas of NSW Wildlife 12/08/2020 1:00 AM +10:00","","","","1155.0","NSW Dept of Planning, Industry and Environment","BioNet Atlas of NSW Wildlife","DPIE Data from Scientific Licences dataset","NSW National Parks and Wildlife Service","HUMAN_OBSERVATION","","","{""mechanicalHazardReductionDescription"":""N/A"",""geogExtent"":""N/A"",""mapSheetNumber"":""9030 - PENRITH"",""botanicalDivision"":""Central Coast"",""floraReserve"":""N/A"",""speciesFireDescription"":""N/A"",""vulnerability"":""N/A"",""protectedInNSW"":""false"",""bfmcs"":""N/A"",""potentialImpact"":""N/A"",""observationType"":""Flora Record"",""profileID"":""N/A"",""reserve"":""N/A"",""sourceDatasetName"":""DPIE Data from Scientific Licences dataset"",""ibra"":""Sydney Basin (NSW)"",""stateForest"":""N/A"",""status"":""Valid and accepted without modification""}","urn:catalog:NSW Dept of Planning, Industry and Environment:BioNet Atlas of NSW Wildlife:SJJSI1282719","SJJSI1282719","","OPUR19032102","","","","","","","","introduced","PRESENT","","","","","","","occurrenceRemarks withheld","","","","","","","","","","2019-05-15T00:00:00Z","","135","135","2019","5","15","","","","","","","","","LJJSI0254435","","","","","","Australia","AU","New South Wales","CANTERBURY-BANKSTOWN","","locality withheld","","","","","","","","","","","locationRemarks withheld","-33.908406","150.980748","EPSG:4326","300.0","1.0E-9","","","","","","","","","","","","","","","","","","","","","","","","","","","","","","","","","","","","","","","","11220","","","","","https://id.biodiversity.org.au/node/apni/2899463","Olea europaea subsp. cuspidata","Olea europaea subsp. cuspidata","","","","","","","","Plantae","Charophyta","Equisetopsida","Lamiales","Oleaceae","Olea","","europaea","cuspidata","subspecies","","(Wall. ex G.Don) Cif.","African Olive","ICBN","","","","","","","","Olea europaea","","","","","","","","","","Published dataset","","ffe51ce0-2e72-42b0-b8d8-81cd47293b67","Unknown","","","","","","","","","","Event"
"dr368","NSW BioNet Atlas","","2024-03-15T11:43:02.633+11:00","en","CC-BY 4.0 (Int)","NSW National Parks and Wildlife Service","","BioNet Atlas of NSW Wildlife 19/03/2024 1:00 AM +11:00","","","","1155.0","NSW Dept of Planning, Industry and Environment","BioNet Atlas of NSW Wildlife","DPIE Data from Scientific Licences dataset","NSW National Parks and Wildlife Service","HUMAN_OBSERVATION","","","{""mechanicalHazardReductionDescription"":""N/A"",""geogExtent"":""N/A"",""mapSheetNumber"":""9030 - PENRITH"",""botanicalDivision"":""Central Coast"",""floraReserve"":""N/A"",""speciesFireDescription"":""N/A"",""vulnerability"":""N/A"",""protectedInNSW"":""false"",""bfmcs"":""N/A"",""potentialImpact"":""N/A"",""observationType"":""Flora Record"",""profileID"":""N/A"",""reserve"":""N/A"",""sourceDatasetName"":""DPIE Data from Scientific Licences dataset"",""ibra"":""Sydney Basin (NSW)"",""stateForest"":""N/A"",""status"":""Valid and accepted without modification""}","urn:catalog:NSW Dept of Planning, Industry and Environment:BioNet Atlas of NSW Wildlife:SIXRI1603440","SIXRI1603440","","OIXR13102801","","","","","","","","","PRESENT","","","","Meredith Brainwood 2016, <i>Flora And Fauna Assessment Report ?GARRISON POINT</i>","","","occurrenceRemarks withheld","","","","","","","","","","2015-12-10T00:00:00Z","","344","344","2015","12","10","","","","","","","","","LIXRI0116989","","","","","","Australia","AU","New South Wales","CANTERBURY-BANKSTOWN","","locality withheld","","","","","","","","","","","locationRemarks withheld","-33.908598","150.974971","EPSG:4326","50.0","1.0E-9","","","","","","","","","","","","","","","","","","","","","","","","","","","","","","","","","","","","","","","","10427","","","","","https://id.biodiversity.org.au/node/apni/2916200","Avicennia marina subsp. australasica","Avicennia marina subsp. australasica","","","","","","","","Plantae","Charophyta","Equisetopsida","Lamiales","Acanthaceae","Avicennia","","marina","australasica","subspecies","","(Walp.) J.Everett","Grey Mangrove","ICBN","","","","","","","","Avicennia marina","","","","","","","","","","Published dataset","","887267ab-b2c5-4c06-9895-da145ffaadc7","Unknown","","","","","","","","","","Event"
"dr368","NSW BioNet Atlas","","2022-04-21T14:19:30.280+10:00","en","CC-BY 4.0 (Int)","NSW Dept of Planning and Environment","","BioNet Atlas of NSW Wildlife 11/05/2022 1:00 AM +10:00","","","","1.0","NSW Dept of Planning, Industry and Environment","BioNet Atlas of NSW Wildlife","DPIE Default Sightings","NSW Dept of Planning and Environment","HUMAN_OBSERVATION","","","{""mechanicalHazardReductionDescription"":""N/A"",""geogExtent"":""N/A"",""mapSheetNumber"":""9030 - PENRITH"",""botanicalDivision"":""Central Coast"",""floraReserve"":""N/A"",""speciesFireDescription"":""N/A"",""vulnerability"":""N/A"",""protectedInNSW"":""false"",""bfmcs"":""N/A"",""potentialImpact"":""N/A"",""observationType"":""Flora Record"",""profileID"":""N/A"",""reserve"":""N/A"",""sourceDatasetName"":""DPIE Default Sightings"",""ibra"":""Sydney Basin (NSW)"",""stateForest"":""N/A"",""status"":""Valid and accepted without modification""}","urn:catalog:NSW Dept of Planning, Industry and Environment:BioNet Atlas of NSW Wildlife:SJJSI0127303","SJJSI0127303","","OEMM09102201","","","","","","","","","PRESENT","","","","","","","occurrenceRemarks withheld","","","","","","","","","","2010-04-27T00:00:00Z","","117","117","2010","4","27","","","","","","","","","LJJSI0030100","","","","","","Australia","AU","New South Wales","CANTERBURY-BANKSTOWN","","locality withheld","","","","","","","","","","","locationRemarks withheld","-33.90917","150.98064","EPSG:4326","200.0","1.0E-9","","","","","","","","","","","","","","","","","","","","","","","","","","","","","","","","","","","","","","","4834","4834","","","","","https://id.biodiversity.org.au/node/apni/2893989","Chloris ventricosa","Chloris ventricosa","","","","","","","","Plantae","Charophyta","Equisetopsida","Poales","Poaceae","Chloris","","ventricosa","","species","","R.Br.","Tall Windmill Grass","ICBN","","","","","","","","Chloris ventricosa","","","","","","","","","","Published dataset","","53d5f9ac-e2e9-4b55-8f95-a72704a57388","CC-BY 4.0","","","","","","","","","","Event"
"dr368","NSW BioNet Atlas","","2022-04-21T14:19:30.280+10:00","en","CC-BY 4.0 (Int)","NSW Dept of Planning and Environment","","BioNet Atlas of NSW Wildlife 12/05/2022 1:00 AM +10:00","","","","2132.0","NSW Dept of Planning, Industry and Environment","BioNet Atlas of NSW Wildlife","GEORGES Vegetation Survey","NSW Dept of Planning and Environment","HUMAN_OBSERVATION","","","{""mechanicalHazardReductionDescription"":""N/A"",""geogExtent"":""N/A"",""mapSheetNumber"":""9030 - PENRITH"",""botanicalDivision"":""Central Coast"",""floraReserve"":""N/A"",""speciesFireDescription"":""N/A"",""vulnerability"":""N/A"",""protectedInNSW"":""false"",""bfmcs"":""N/A"",""potentialImpact"":""N/A"",""observationType"":""Floristics Record from Systematic Flora Survey"",""profileID"":""N/A"",""reserve"":""N/A"",""sourceDatasetName"":""GEORGES Vegetation Survey"",""ibra"":""Sydney Basin (NSW)"",""stateForest"":""N/A"",""status"":""Valid and accepted without modification""}","urn:catalog:NSW Dept of Planning, Industry and Environment:BioNet Atlas of NSW Wildlife:SPJGI3265392","SPJGI3265392","","OVLU99062101;OSLS05031800","","","","","","","","introduced","PRESENT","","","","","","","occurrenceRemarks withheld","","","","","","","CPJGI0079626","","","1999-06-28T00:00:00Z","","179","179","1999","6","28","","","Floristic Data","","","","","Clayey loam.","LPJGI0199207","","","","","","Australia","AU","New South Wales","CANTERBURY-BANKSTOWN","","locality withheld","","8.0","8.0","","","","","","","","locationRemarks withheld","-33.909506","150.979817","EPSG:4326","100.0","1.0E-9","","","","","","","","","","","","","","","","","","","","","","","","","","","","","","","","","","","","","","","14614","14614","","","","","https://id.biodiversity.org.au/taxon/apni/51291824","Lysimachia arvensis","Lysimachia arvensis","","","","","","","","Plantae","Charophyta","Equisetopsida","Ericales","Primulaceae","Lysimachia","","arvensis","","species","","(L.) U.Manns & Anderb.","Pimpernel","ICBN","","","","","","","","Lysimachia arvensis","","","","","","","","","","Published dataset","","719e8a6c-792d-44f9-a652-47d3689e7c34","CC-BY 4.0","","","","","","","","","","Event"
"dr368","NSW BioNet Atlas","","2020-04-22T10:26:07.863+10:00","en","CC-BY 4.0 (Int)","NSW National Parks and Wildlife Service","","BioNet Atlas of NSW Wildlife 5/06/2020 1:00 AM +10:00","","","","1155.0","NSW Dept of Planning, Industry and Environment","BioNet Atlas of NSW Wildlife","DPIE Data from Scientific Licences dataset","NSW National Parks and Wildlife Service","HUMAN_OBSERVATION","","","{""mechanicalHazardReductionDescription"":""N/A"",""geogExtent"":""N/A"",""mapSheetNumber"":""9030 - PENRITH"",""botanicalDivision"":""Central Coast"",""floraReserve"":""N/A"",""speciesFireDescription"":""N/A"",""vulnerability"":""N/A"",""protectedInNSW"":""false"",""bfmcs"":""N/A"",""potentialImpact"":""N/A"",""observationType"":""Flora Record"",""profileID"":""N/A"",""reserve"":""N/A"",""sourceDatasetName"":""DPIE Data from Scientific Licences dataset"",""ibra"":""Sydney Basin (NSW)"",""stateForest"":""N/A"",""status"":""Valid and accepted without modification""}","urn:catalog:NSW Dept of Planning, Industry and Environment:BioNet Atlas of NSW Wildlife:SJJSI0830012","SJJSI0830012","","OIXR15013005","","","","","","","","","PRESENT","","","","","","","occurrenceRemarks withheld","","","","","","","","","","2018-05-23T00:00:00Z","","143","143","2018","5","23","","","","","","","","","LJJSI0150207","","","","","","Australia","AU","New South Wales","CANTERBURY-BANKSTOWN","","locality withheld","","","","","","","","","","","locationRemarks withheld","-33.909909","150.979481","EPSG:4326","20.0","1.0E-9","","","","","","","","","","","","","","","","","","","","","","","","","","","","","","","","","","","","","","","","2882","","","","","https://id.biodiversity.org.au/node/apni/2899160","Indigofera australis","Indigofera australis","","","","","","","","Plantae","Charophyta","Equisetopsida","Fabales","Fabaceae","Indigofera","","australis","","species","","Willd.","Australian Indigo","ICBN","","","","","","","","Indigofera australis","","","","","","","","","","Published dataset","","d59ffd8c-f380-4947-b65f-7cb658fa0b8a","Unknown","","","","","","","","","","Event"
