Species Name,Family,Genus,Local Status,Fire Traits
Abutilon grandifolium,Malvaceae,Abutilon,exotic,"{'post_fire_recruitment': 'post_fire_recruitment (1)', 'resprouting_capacity': 'fire_killed (1)'}"
Abutilon oxycarpum,Malvaceae,Abutilon,native,"{'post_fire_recruitment': 'post_fire_recruitment (2); post_fire_recruitment_absent (2)', 'resprouting_capacity': 'fire_killed (5)'}"
Abutilon theophrasti,Malvaceae,Abutilon,exotic,{'resprouting_capacity': 'fire_killed (f)'}
Acacia baileyana,Fabaceae,Acacia,native,"{'post_fire_recruitment': 'post_fire_recruitment (2)', 'resprouting_capacity': 'fire_killed (5)', 'resprouting_capacity_non_fire_disturbance': 'resprouts_non_fire_disturbance (f)', 'resprouting_capacity_juvenile': 'juvenile_fire_killed (1)', 'fire_time_from_fire_to_fruiting': '46.046511627907 (1)', 'fire_time_from_fire_to_flowering': '31.3953488372093 (1); 36.2790697674419 (1); 48.3720930232558 (1)'}"
Acacia binervia,Fabaceae,Acacia,native,"{'post_fire_recruitment': 'post_fire_recruitment (g)', 'resprouting_capacity': 'fire_killed (4)', 'resprouting_capacity_non_fire_disturbance': 'resprouts_non_fire_disturbance (f)', 'resprouting_capacity_juvenile': 'juvenile_fire_killed (g)', 'fire_time_from_fire_to_fruiting': '46.046511627907 (1)', 'fire_time_from_fire_to_flowering': '33.0232558139535 (1); 36.2790697674419 (1); 48.3720930232558 (1)'}"
Acacia boormanii,Fabaceae,Acacia,native,"{'post_fire_recruitment': 'post_fire_recruitment (g)', 'resprouting_capacity': 'fire_killed (1)', 'resprouting_capacity_non_fire_disturbance': 'resprouts_non_fire_disturbance (f)', 'resprouting_capacity_juvenile': 'juvenile_fire_killed (g)'}"
Acacia brownii,Fabaceae,Acacia,native,"{'post_fire_recruitment': 'post_fire_recruitment (1)', 'resprouting_capacity': 'fire_killed (V)', 'resprouting_capacity_non_fire_disturbance': 'resprouts_non_fire_disturbance (f)', 'resprouting_capacity_juvenile': 'juvenile_fire_killed (g)'}"
Acacia burkittii,Fabaceae,Acacia,native,"{'post_fire_recruitment': 'post_fire_recruitment (1)', 'resprouting_capacity': 'fire_killed (V)', 'resprouting_capacity_non_fire_disturbance': 'resprouts_non_fire_disturbance (f)', 'resprouting_capacity_juvenile': 'juvenile_fire_killed (g)'}"
Acacia buxifolia,Fabaceae,Acacia,native,"{'post_fire_recruitment': 'post_fire_recruitment (4)', 'resprouting_capacity': 'resprouts (V)', 'resprouting_capacity_non_fire_disturbance': 'resprouts_non_fire_disturbance (f)', 'resprouting_capacity_juvenile': 'juvenile_fire_killed (1)', 'fire_time_from_fire_to_flowering': '24 (2)'}"
Acacia bynoeana,Fabaceae,Acacia,native,"{'post_fire_recruitment': 'post_fire_recruitment (g)', 'resprouting_capacity': 'fire_killed (g)', 'resprouting_capacity_non_fire_disturbance': 'resprouts_non_fire_disturbance (f)', 'resprouting_capacity_juvenile': 'juvenile_fire_killed (g)'}"
Acacia cultriformis,Fabaceae,Acacia,native,"{'post_fire_recruitment': 'post_fire_recruitment (1)', 'resprouting_capacity': 'resprouts (1)', 'resprouting_capacity_non_fire_disturbance': 'resprouts_non_fire_disturbance (f)', 'resprouting_capacity_juvenile': 'juvenile_fire_killed (g)'}"
Acacia dealbata,Fabaceae,Acacia,native,"{'post_fire_recruitment': 'post_fire_recruitment (V)', 'resprouting_capacity': 'fire_killed (V)', 'resprouting_capacity_non_fire_disturbance': 'resprouts_non_fire_disturbance (1)', 'resprouting_capacity_juvenile': 'juvenile_fire_killed (1)', 'resprouting_capacity_proportion_individuals': '0 (V)'}"
Acacia decurrens,Fabaceae,Acacia,native,"{'post_fire_recruitment': 'post_fire_recruitment (2)', 'resprouting_capacity': 'fire_killed (V)', 'resprouting_capacity_non_fire_disturbance': 'resprouts_non_fire_disturbance (f)', 'resprouting_capacity_juvenile': 'juvenile_fire_killed (1)'}"
Acacia echinula,Fabaceae,Acacia,native,"{'post_fire_recruitment': 'post_fire_recruitment (g)', 'resprouting_capacity': 'fire_killed (3)', 'resprouting_capacity_non_fire_disturbance': 'resprouts_non_fire_disturbance (f)', 'resprouting_capacity_juvenile': 'juvenile_fire_killed (g)', 'fire_time_from_fire_to_flowering': '43.2558139534884 (1)'}"
Acacia elata,Fabaceae,Acacia,native,"{'post_fire_recruitment': 'post_fire_recruitment (3)', 'resprouting_capacity': 'fire_killed (V)', 'resprouting_capacity_non_fire_disturbance': 'resprouts_non_fire_disturbance (f)', 'resprouting_capacity_juvenile': 'juvenile_fire_killed (g)'}"
Acacia elongata,Fabaceae,Acacia,native,"{'post_fire_recruitment': 'post_fire_recruitment (g)', 'resprouting_capacity': 'fire_killed (V)', 'resprouting_capacity_non_fire_disturbance': 'resprouts_non_fire_disturbance (f)', 'resprouting_capacity_juvenile': 'juvenile_fire_killed (g)'}"
Acacia falcata,Fabaceae,Acacia,native,"{'post_fire_recruitment': 'post_fire_recruitment (1)', 'resprouting_capacity': 'fire_killed (4)', 'resprouting_capacity_non_fire_disturbance': 'resprouts_non_fire_disturbance (f)', 'resprouting_capacity_juvenile': 'juvenile_fire_killed (g)', 'fire_time_from_fire_to_fruiting': '20.9302325581395 (1)', 'fire_time_from_fire_to_flowering': '24.1860465116279 (1); 36.2790697674419 (1)'}"
Acacia falciformis,Fabaceae,Acacia,native,"{'post_fire_recruitment': 'post_fire_recruitment (4)', 'resprouting_capacity': 'resprouts (V)', 'resprouting_capacity_non_fire_disturbance': 'resprouts_non_fire_disturbance (f)', 'resprouting_capacity_juvenile': 'juvenile_fire_killed (1)'}"
Acacia filicifolia,Fabaceae,Acacia,native,"{'post_fire_recruitment': 'post_fire_recruitment (1); post_fire_recruitment_absent (1)', 'resprouting_capacity': 'fire_killed (1); partial_resprouting (1); resprouts (1)', 'resprouting_capacity_non_fire_disturbance': 'resprouts_non_fire_disturbance (f)', 'resprouting_capacity_juvenile': 'juvenile_fire_killed (g)'}"
Acacia fimbriata,Fabaceae,Acacia,native,"{'post_fire_recruitment': 'post_fire_recruitment (1); post_fire_recruitment_absent (1)', 'resprouting_capacity': 'fire_killed (3)', 'resprouting_capacity_non_fire_disturbance': 'resprouts_non_fire_disturbance (f)', 'resprouting_capacity_juvenile': 'juvenile_fire_killed (1)'}"
Acacia floribunda,Fabaceae,Acacia,native,"{'post_fire_recruitment': 'post_fire_recruitment (3)', 'resprouting_capacity': 'resprouts (V)', 'resprouting_capacity_non_fire_disturbance': 'resprouts_non_fire_disturbance (f)', 'resprouting_capacity_juvenile': 'juvenile_fire_killed (1)', 'fire_time_from_fire_to_flowering': '30 (1); 31.3953488372093 (1)'}"
Acacia genistifolia,Fabaceae,Acacia,native,"{'post_fire_recruitment': 'post_fire_recruitment (2)', 'resprouting_capacity': 'fire_killed (5)', 'resprouting_capacity_non_fire_disturbance': 'resprouts_non_fire_disturbance (f)', 'resprouting_capacity_juvenile': 'juvenile_fire_killed (g)', 'fire_time_from_fire_to_flowering': '36 (1)'}"
Acacia hispidula,Fabaceae,Acacia,native,"{'post_fire_recruitment': 'post_fire_recruitment (1)', 'resprouting_capacity': 'fire_killed (3)', 'resprouting_capacity_non_fire_disturbance': 'resprouts_non_fire_disturbance (f)', 'resprouting_capacity_juvenile': 'juvenile_fire_killed (g)', 'fire_time_from_fire_to_fruiting': '28.8372093023256 (1)', 'fire_time_from_fire_to_flowering': '14.1860465116279 (1); 36.2790697674419 (1)'}"
Acacia implexa,Fabaceae,Acacia,native,"{'post_fire_recruitment': 'post_fire_recruitment (2)', 'resprouting_capacity': 'resprouts (V)', 'resprouting_capacity_non_fire_disturbance': 'resprouts_non_fire_disturbance (1)', 'resprouting_capacity_juvenile': 'juvenile_fire_killed (1)'}"
Acacia irrorata,Fabaceae,Acacia,native,"{'post_fire_recruitment': 'post_fire_recruitment (1)', 'resprouting_capacity': 'fire_killed (3)', 'resprouting_capacity_non_fire_disturbance': 'resprouts_non_fire_disturbance (f)', 'resprouting_capacity_juvenile': 'juvenile_fire_killed (g)'}"
Acacia iteaphylla,Fabaceae,Acacia,native,"{'post_fire_recruitment': 'post_fire_recruitment (1)', 'resprouting_capacity': 'fire_killed (1)', 'resprouting_capacity_non_fire_disturbance': 'resprouts_non_fire_disturbance (f)', 'resprouting_capacity_juvenile': 'juvenile_fire_killed (g)'}"
Acacia linearifolia,Fabaceae,Acacia,native,"{'post_fire_recruitment': 'post_fire_recruitment (g)', 'resprouting_capacity': 'fire_killed (2)', 'resprouting_capacity_non_fire_disturbance': 'resprouts_non_fire_disturbance (f)', 'resprouting_capacity_juvenile': 'juvenile_fire_killed (g)'}"
Acacia linifolia,Fabaceae,Acacia,native,"{'post_fire_recruitment': 'post_fire_recruitment (1)', 'resprouting_capacity': 'fire_killed (4)', 'resprouting_capacity_non_fire_disturbance': 'resprouts_non_fire_disturbance (f)', 'resprouting_capacity_juvenile': 'juvenile_fire_killed (g)', 'fire_time_from_fire_to_fruiting': '22.5581395348837 (1)', 'fire_time_from_fire_to_flowering': '13.0232558139535 (1); 24.1860465116279 (1); 36.2790697674419 (1)'}"
Acacia longifolia,Fabaceae,Acacia,native,"{'post_fire_recruitment': 'post_fire_recruitment (3)', 'resprouting_capacity': 'fire_killed (5)', 'resprouting_capacity_non_fire_disturbance': 'resprouts_non_fire_disturbance (f)', 'resprouting_capacity_juvenile': 'juvenile_fire_killed (1)'}"
Acacia longissima,Fabaceae,Acacia,native,"{'post_fire_recruitment': 'post_fire_recruitment (g)', 'resprouting_capacity': 'fire_killed (3)', 'resprouting_capacity_non_fire_disturbance': 'resprouts_non_fire_disturbance (f)', 'resprouting_capacity_juvenile': 'juvenile_fire_killed (g)', 'fire_time_from_fire_to_fruiting': '39.3023255813954 (1)', 'fire_time_from_fire_to_flowering': '35.5813953488372 (1)'}"
Acacia maidenii,Fabaceae,Acacia,native,"{'post_fire_recruitment': 'post_fire_recruitment (3)', 'resprouting_capacity': 'resprouts (V)', 'resprouting_capacity_non_fire_disturbance': 'resprouts_non_fire_disturbance (1)', 'resprouting_capacity_juvenile': 'juvenile_fire_killed (g)'}"
Acacia mearnsii,Fabaceae,Acacia,native,"{'post_fire_recruitment': 'post_fire_recruitment (3)', 'resprouting_capacity': 'fire_killed (V); resprouts (V)', 'resprouting_capacity_non_fire_disturbance': 'resprouts_non_fire_disturbance (f)', 'resprouting_capacity_juvenile': 'juvenile_fire_killed (1)'}"
Acacia myrtifolia,Fabaceae,Acacia,native,"{'post_fire_recruitment': 'post_fire_recruitment (4)', 'resprouting_capacity': 'fire_killed (V)', 'resprouting_capacity_non_fire_disturbance': 'resprouts_non_fire_disturbance (f)', 'resprouting_capacity_juvenile': 'juvenile_fire_killed (1)', 'fire_time_from_fire_to_fruiting': '34.6511627906977 (1)', 'fire_time_from_fire_to_flowering': '21 (1); 30.4651162790698 (1); 36.2790697674419 (1)', 'fire_time_from_fire_to_flowering_decline': '72 (1)', 'fire_time_from_fire_to_peak_flowering': '48 (1)'}"
Acacia parramattensis,Fabaceae,Acacia,native,"{'post_fire_recruitment': 'post_fire_recruitment (1)', 'resprouting_capacity': 'fire_killed (4)', 'resprouting_capacity_non_fire_disturbance': 'resprouts_non_fire_disturbance (f)', 'resprouting_capacity_juvenile': 'juvenile_fire_killed (g)'}"
Acacia parvipinnula,Fabaceae,Acacia,native,"{'post_fire_recruitment': 'post_fire_recruitment (g)', 'resprouting_capacity': 'fire_killed (3)', 'resprouting_capacity_non_fire_disturbance': 'resprouts_non_fire_disturbance (f)', 'resprouting_capacity_juvenile': 'juvenile_fire_killed (g)', 'fire_time_from_fire_to_flowering': '31.3953488372093 (1)'}"
Acacia podalyriifolia,Fabaceae,Acacia,native,"{'post_fire_recruitment': 'post_fire_recruitment (3)', 'resprouting_capacity': 'fire_killed (5)', 'resprouting_capacity_non_fire_disturbance': 'resprouts_non_fire_disturbance (f)', 'resprouting_capacity_juvenile': 'juvenile_fire_killed (g)', 'fire_time_from_fire_to_fruiting': '35.8139534883721 (1)', 'fire_time_from_fire_to_flowering': '28.8372093023256 (1); 36.2790697674419 (1)'}"
Acacia pravissima,Fabaceae,Acacia,native,"{'post_fire_recruitment': 'post_fire_recruitment (2)', 'resprouting_capacity': 'fire_killed (2); resprouts (2)', 'resprouting_capacity_non_fire_disturbance': 'resprouts_non_fire_disturbance (f)', 'resprouting_capacity_juvenile': 'juvenile_fire_killed (1)'}"
Acacia prominens,Fabaceae,Acacia,native,"{'post_fire_recruitment': 'post_fire_recruitment (1)', 'resprouting_capacity': 'fire_killed (2)', 'resprouting_capacity_non_fire_disturbance': 'resprouts_non_fire_disturbance (f)', 'resprouting_capacity_juvenile': 'juvenile_fire_killed (g)'}"
Acacia pubescens,Fabaceae,Acacia,native,"{'post_fire_recruitment': 'post_fire_recruitment (g)', 'resprouting_capacity': 'fire_killed (1); resprouts (1)', 'resprouting_capacity_non_fire_disturbance': 'resprouts_non_fire_disturbance (f)', 'resprouting_capacity_juvenile': 'juvenile_fire_killed (g)'}"
Acacia pycnantha,Fabaceae,Acacia,native,"{'post_fire_recruitment': 'post_fire_recruitment (4)', 'resprouting_capacity': 'fire_killed (V)', 'resprouting_capacity_non_fire_disturbance': 'resprouts_non_fire_disturbance (f)', 'resprouting_capacity_juvenile': 'juvenile_fire_killed (1)'}"
Acacia rubida,Fabaceae,Acacia,native,"{'post_fire_recruitment': 'post_fire_recruitment (2)', 'resprouting_capacity': 'resprouts (V)', 'resprouting_capacity_non_fire_disturbance': 'resprouts_non_fire_disturbance (1)', 'resprouting_capacity_juvenile': 'juvenile_fire_killed (1)'}"
Acacia saliciformis,Fabaceae,Acacia,native,"{'post_fire_recruitment': 'post_fire_recruitment (g)', 'resprouting_capacity': 'fire_killed (3)', 'resprouting_capacity_non_fire_disturbance': 'resprouts_non_fire_disturbance (f)', 'resprouting_capacity_juvenile': 'juvenile_fire_killed (g)'}"
Acacia saligna,Fabaceae,Acacia,exotic,"{'post_fire_recruitment': 'post_fire_recruitment (2)', 'resprouting_capacity': 'resprouts (V)', 'resprouting_capacity_non_fire_disturbance': 'resprouts_non_fire_disturbance (f)', 'resprouting_capacity_juvenile': 'juvenile_fire_killed (1)', 'fire_time_from_fire_to_fruiting': '33.7209302325581 (1)', 'fire_time_from_fire_to_flowering': '32.5581395348837 (1); 36 (1)', 'fire_time_from_fire_to_flowering_decline': '72 (1)', 'fire_time_from_fire_to_peak_flowering': '48 (1)'}"
Acacia schinoides,Fabaceae,Acacia,native,"{'post_fire_recruitment': 'post_fire_recruitment (1)', 'resprouting_capacity': 'fire_killed (3)', 'resprouting_capacity_non_fire_disturbance': 'resprouts_non_fire_disturbance (f)', 'resprouting_capacity_juvenile': 'juvenile_fire_killed (g)', 'fire_time_from_fire_to_fruiting': '54.6511627906977 (1)', 'fire_time_from_fire_to_flowering': '35.8139534883721 (1); 60.4651162790698 (1)'}"
Acacia stricta,Fabaceae,Acacia,native,"{'post_fire_recruitment': 'post_fire_recruitment (2)', 'resprouting_capacity': 'fire_killed (V)', 'resprouting_capacity_non_fire_disturbance': 'resprouts_non_fire_disturbance (f)', 'resprouting_capacity_juvenile': 'juvenile_fire_killed (1)'}"
Acacia suaveolens,Fabaceae,Acacia,native,"{'post_fire_recruitment': 'post_fire_recruitment (2)', 'resprouting_capacity': 'fire_killed (V)', 'resprouting_capacity_non_fire_disturbance': 'resprouts_non_fire_disturbance (f)', 'resprouting_capacity_juvenile': 'juvenile_fire_killed (1)', 'fire_time_from_fire_to_fruiting': '22.5581395348837 (1)', 'fire_time_from_fire_to_flowering': '16.5116279069767 (1); 24.1860465116279 (1)', 'fire_time_from_fire_to_peak_flowering': '24 (1); 48 (1)'}"
Acacia terminalis,Fabaceae,Acacia,native,"{'post_fire_recruitment': 'post_fire_recruitment (3)', 'resprouting_capacity': 'fire_killed (V)', 'resprouting_capacity_non_fire_disturbance': 'resprouts_non_fire_disturbance (f)', 'resprouting_capacity_juvenile': 'juvenile_fire_killed (1)', 'fire_time_from_fire_to_fruiting': '34.6511627906977 (1)', 'fire_time_from_fire_to_flowering': '21.1627906976744 (1); 36.2790697674419 (1)', 'fire_time_from_fire_to_peak_flowering': '36 (1); 48 (1)'}"
Acacia ulicifolia,Fabaceae,Acacia,native,"{'post_fire_recruitment': 'post_fire_recruitment (3)', 'resprouting_capacity': 'fire_killed (V)', 'resprouting_capacity_non_fire_disturbance': 'resprouts_non_fire_disturbance (f)', 'resprouting_capacity_juvenile': 'juvenile_fire_killed (1)', 'fire_time_from_fire_to_fruiting': '23.4883720930233 (1)', 'fire_time_from_fire_to_flowering': '15.5813953488372 (1); 24.1860465116279 (1); 36.2790697674419 (1)', 'fire_time_from_fire_to_peak_flowering': '36 (1); 60 (1)'}"
Acacia vestita,Fabaceae,Acacia,native,"{'post_fire_recruitment': 'post_fire_recruitment (g)', 'resprouting_capacity': 'fire_killed (1)', 'resprouting_capacity_non_fire_disturbance': 'resprouts_non_fire_disturbance (f)', 'resprouting_capacity_juvenile': 'juvenile_fire_killed (g)'}"
Acer negundo,Sapindaceae,Acer,Exotic,{'resprouting_capacity': 'resprouts (1)'}
Acianthus caudatus,Orchidaceae,Acianthus,native,"{'post_fire_recruitment': 'post_fire_recruitment_absent (1)', 'post_fire_flowering': 'fire_enhanced_flowering (1)', 'resprouting_capacity': 'resprouts (4)', 'resprouting_capacity_non_fire_disturbance': 'resprouts_non_fire_disturbance (1)', 'resprouting_capacity_juvenile': 'juvenile_resprout (1)', 'fire_time_from_fire_to_fruiting': '8.83720930232558 (1)', 'fire_time_from_fire_to_flowering': '12 (1); 6.51162790697674 (1)'}"
Acianthus exsertus,Orchidaceae,Acianthus,native,"{'post_fire_recruitment': 'post_fire_recruitment_absent (1)', 'post_fire_flowering': 'fire_enhanced_flowering (f)', 'resprouting_capacity': 'resprouts (4)', 'resprouting_capacity_non_fire_disturbance': 'resprouts_non_fire_disturbance (2)', 'resprouting_capacity_juvenile': 'juvenile_resprout (1)', 'fire_time_from_fire_to_flowering': '12 (f)'}"
Acianthus fornicatus,Orchidaceae,Acianthus,native,"{'post_fire_recruitment': 'post_fire_recruitment_absent (f)', 'post_fire_flowering': 'fire_enhanced_flowering (f)', 'resprouting_capacity': 'resprouts (4)', 'resprouting_capacity_non_fire_disturbance': 'resprouts_non_fire_disturbance (2)', 'resprouting_capacity_juvenile': 'juvenile_resprout (f)', 'fire_time_from_fire_to_fruiting': '7.67441860465116 (1)', 'fire_time_from_fire_to_flowering': '5.34883720930233 (1); 9 (1)'}"
Acianthus pusillus,Orchidaceae,Acianthus,native,"{'post_fire_recruitment': 'post_fire_recruitment_absent (1)', 'post_fire_flowering': 'fire_enhanced_flowering (1)', 'resprouting_capacity': 'resprouts (4)', 'resprouting_capacity_non_fire_disturbance': 'resprouts_non_fire_disturbance (1)', 'resprouting_capacity_juvenile': 'juvenile_resprout (1)', 'fire_time_from_fire_to_fruiting': '6.04651162790698 (1)', 'fire_time_from_fire_to_flowering': '12 (1); 3.72093023255814 (1)'}"
Actinotus helianthi,Apiaceae,Actinotus,native,"{'resprouting_capacity': 'fire_killed (4)', 'fire_time_from_fire_to_fruiting': '13.0232558139535 (1)', 'fire_time_from_fire_to_flowering': '13.0232558139535 (1); 9.53488372093023 (1)', 'fire_time_from_fire_to_peak_flowering': '24 (1); 36 (1)'}"
Actinotus minor,Apiaceae,Actinotus,native,"{'resprouting_capacity': 'fire_killed (V)', 'fire_time_from_fire_to_flowering': '12 (1); 9.76744186046512 (1)'}"
Adansonia gregorii,Malvaceae,Adansonia,native,"{'post_fire_recruitment': 'post_fire_recruitment (2)', 'resprouting_capacity': 'resprouts (5)', 'fire_time_from_fire_to_flowering': '--120 (1)'}"
Adenanthos sericeus,Proteaceae,Adenanthos,native,"{'post_fire_recruitment': 'post_fire_recruitment (f)', 'resprouting_capacity': 'resprouts (f)', 'resprouting_capacity_non_fire_disturbance': 'resprouts_non_fire_disturbance (f)'}"
Aegiceras corniculatum,Primulaceae,Aegiceras,native,{'resprouting_capacity': 'resprouts (V)'}
Agave americana,Asparagaceae,Agave,Exotic,"{'resprouting_capacity': 'resprouts (2)', 'resprouting_capacity_non_fire_disturbance': 'resprouts_non_fire_disturbance (f)', 'resprouting_capacity_juvenile': 'juvenile_resprout (1)', 'fire_time_from_fire_to_flowering': '4.41860465116279 (1)'}"
Agave attenuata,Asparagaceae,Agave,exotic,"{'resprouting_capacity': 'resprouts (f)', 'resprouting_capacity_non_fire_disturbance': 'resprouts_non_fire_disturbance (f)'}"
Ageratina adenophora,Asteraceae,Ageratina,Exotic,"{'post_fire_recruitment': 'post_fire_recruitment (f)', 'resprouting_capacity': 'resprouts (3)', 'resprouting_capacity_non_fire_disturbance': 'resprouts_non_fire_disturbance (f)', 'resprouting_capacity_juvenile': 'juvenile_fire_killed (f)', 'fire_time_from_fire_to_fruiting': '10.2325581395349 (1)', 'fire_time_from_fire_to_flowering': '10.2325581395349 (1); 12 (1); 8.83720930232558 (1)'}"
Ageratina riparia,Asteraceae,Ageratina,Exotic,"{'post_fire_recruitment': 'post_fire_recruitment (f)', 'resprouting_capacity': 'resprouts (2)', 'resprouting_capacity_non_fire_disturbance': 'resprouts_non_fire_disturbance (f)', 'resprouting_capacity_juvenile': 'juvenile_fire_killed (f)', 'fire_time_from_fire_to_fruiting': '8.83720930232558 (1)', 'fire_time_from_fire_to_flowering': '12 (1); 7.90697674418605 (1); 9.30232558139535 (1)'}"
Ageratum houstonianum,,,Exotic,"{'resprouting_capacity': 'fire_killed (1)', 'fire_time_from_fire_to_flowering': '8.83720930232558 (1)'}"
Agonis flexuosa,Myrtaceae,Agonis,Exotic,"{'post_fire_recruitment': 'post_fire_recruitment (f)', 'resprouting_capacity': 'resprouts (1)', 'resprouting_capacity_non_fire_disturbance': 'resprouts_non_fire_disturbance (f)', 'resprouting_capacity_juvenile': 'juvenile_fire_killed (f)', 'fire_time_from_fire_to_flowering': '30 (1)'}"
Agrostis capillaris,Poaceae,Agrostis,Exotic,"{'post_fire_recruitment': 'post_fire_recruitment (1)', 'resprouting_capacity': 'resprouts (1)', 'resprouting_capacity_non_fire_disturbance': 'resprouts_non_fire_disturbance (f)', 'resprouting_capacity_juvenile': 'juvenile_fire_killed (1)', 'resprouting_capacity_proportion_individuals': '1 (f)', 'fire_time_from_fire_to_flowering': '10 (1)'}"
Ailanthus altissima,Simaroubaceae,Ailanthus,Exotic,"{'post_fire_recruitment': 'post_fire_recruitment (1)', 'resprouting_capacity': 'resprouts (3)'}"
Aira caryophyllea,Poaceae,Aira,Exotic,"{'post_fire_recruitment': 'post_fire_recruitment (1)', 'resprouting_capacity': 'fire_killed (4)', 'resprouting_capacity_non_fire_disturbance': 'resprouts_non_fire_disturbance (f)', 'resprouting_capacity_juvenile': 'juvenile_fire_killed (1)', 'resprouting_capacity_proportion_individuals': '1 (f)', 'fire_time_from_fire_to_flowering': '12 (1)'}"
Aira cupaniana,Poaceae,Aira,Exotic,"{'post_fire_recruitment': 'post_fire_recruitment (2)', 'resprouting_capacity': 'fire_killed (4)', 'resprouting_capacity_non_fire_disturbance': 'resprouts_non_fire_disturbance (f)', 'resprouting_capacity_juvenile': 'juvenile_fire_killed (1)', 'resprouting_capacity_proportion_individuals': '1 (f)', 'fire_time_from_fire_to_flowering': '12 (1)'}"
Ajuga australis,Lamiaceae,Ajuga,native,"{'post_fire_recruitment': 'post_fire_recruitment (1)', 'resprouting_capacity': 'resprouts (V)', 'resprouting_capacity_non_fire_disturbance': 'resprouts_non_fire_disturbance (3)', 'resprouting_capacity_juvenile': 'juvenile_resprout (1)'}"
Alchornea ilicifolia,Euphorbiaceae,Alchornea,native,{'resprouting_capacity': 'resprouts (2)'}
Alisma plantago-aquatica,Alismataceae,Alisma,native,"{'resprouting_capacity': 'resprouts (1)', 'resprouting_capacity_juvenile': 'juvenile_resprout (1)'}"
Allium triquetrum,Alliaceae,Allium,Exotic,{'resprouting_capacity': 'resprouts (1)'}
Allocasuarina littoralis,Casuarinaceae,Allocasuarina,native,"{'post_fire_recruitment': 'post_fire_recruitment (4)', 'resprouting_capacity': 'fire_killed (5); resprouts (5)', 'resprouting_capacity_non_fire_disturbance': 'resprouts_non_fire_disturbance (1)', 'resprouting_capacity_juvenile': 'juvenile_fire_killed (1)', 'resprouting_capacity_proportion_individuals': '0 (2)', 'fire_time_from_fire_to_fruiting': '36 (1); 41.6279069767442 (1)', 'fire_time_from_fire_to_flowering': '28.8372093023256 (1); 36 (1)'}"
Allocasuarina paludosa,Casuarinaceae,Allocasuarina,native,"{'post_fire_recruitment': 'post_fire_recruitment (2)', 'resprouting_capacity': 'resprouts (4)', 'resprouting_capacity_non_fire_disturbance': 'resprouts_non_fire_disturbance (1)', 'resprouting_capacity_juvenile': 'juvenile_fire_killed (1)'}"
Allocasuarina torulosa,Casuarinaceae,Allocasuarina,native,"{'post_fire_recruitment': 'post_fire_recruitment (2)', 'resprouting_capacity': 'resprouts (5)'}"
Almaleea paludosa,Fabaceae,Almaleea,native,"{'post_fire_recruitment': 'post_fire_recruitment (f)', 'resprouting_capacity': 'fire_killed (3)', 'resprouting_capacity_non_fire_disturbance': 'resprouts_non_fire_disturbance (f)', 'resprouting_capacity_juvenile': 'juvenile_fire_killed (f)'}"
Alphitonia excelsa,Rhamnaceae,Alphitonia,native,"{'post_fire_recruitment': 'post_fire_recruitment (3)', 'resprouting_capacity': 'resprouts (V)', 'resprouting_capacity_non_fire_disturbance': 'resprouts_non_fire_disturbance (1)'}"
Alstroemeria psittacina,Alstroemeriaceae,Alstroemeria,Exotic,"{'post_fire_recruitment': 'post_fire_recruitment (1)', 'resprouting_capacity': 'resprouts (1)', 'fire_time_from_fire_to_fruiting': '11.3953488372093 (1)', 'fire_time_from_fire_to_flowering': '11.3953488372093 (1)'}"
Alternanthera denticulata,Amaranthaceae,Alternanthera,native,"{'post_fire_recruitment': 'post_fire_recruitment (1)', 'resprouting_capacity': 'fire_killed (V)', 'fire_time_from_fire_to_flowering': '2.32558139534884 (1)'}"
Alyogyne huegelii,Malvaceae,Alyogyne,native,{'resprouting_capacity': 'fire_killed (f)'}
Amaranthus hybridus,Amaranthaceae,Amaranthus,Exotic,"{'resprouting_capacity': 'fire_killed (1)', 'fire_time_from_fire_to_fruiting': '4.41860465116279 (1)', 'fire_time_from_fire_to_flowering': '2.7906976744186 (1)'}"
Amaranthus macrocarpus,Amaranthaceae,Amaranthus,native,{'resprouting_capacity': 'fire_killed (3)'}
Amaranthus viridis,Amaranthaceae,Amaranthus,Exotic,{'resprouting_capacity': 'fire_killed (1)'}
Ambrosia artemisiifolia,Asteraceae,Ambrosia,Exotic,"{'post_fire_recruitment': 'post_fire_recruitment (f)', 'resprouting_capacity': 'resprouts (2)', 'resprouting_capacity_non_fire_disturbance': 'resprouts_non_fire_disturbance (f)', 'resprouting_capacity_juvenile': 'juvenile_fire_killed (f)', 'fire_time_from_fire_to_flowering': '3.02325581395349 (1)'}"
Ambrosia psilostachya,Asteraceae,Ambrosia,Exotic,"{'post_fire_recruitment': 'post_fire_recruitment (f)', 'resprouting_capacity': 'resprouts (1)', 'resprouting_capacity_non_fire_disturbance': 'resprouts_non_fire_disturbance (f)', 'resprouting_capacity_juvenile': 'juvenile_fire_killed (f)', 'fire_time_from_fire_to_flowering': '12 (f)'}"
Amphibromus neesii,Poaceae,Amphibromus,native,"{'post_fire_recruitment': 'post_fire_recruitment (f)', 'resprouting_capacity': 'fire_killed (1)', 'resprouting_capacity_non_fire_disturbance': 'resprouts_non_fire_disturbance (f)', 'resprouting_capacity_juvenile': 'juvenile_fire_killed (1)', 'resprouting_capacity_proportion_individuals': '1 (f)', 'fire_time_from_fire_to_flowering': '12 (f)'}"
Amyema congener,Loranthaceae,Amyema,native,"{'post_fire_recruitment': 'post_fire_recruitment_absent (2)', 'resprouting_capacity': 'fire_killed (3)'}"
Amyema gaudichaudii,Loranthaceae,Amyema,native,{'resprouting_capacity': 'fire_killed (1)'}
Amyema miquelii,Loranthaceae,Amyema,native,"{'post_fire_recruitment': 'post_fire_recruitment_absent (V)', 'resprouting_capacity': 'fire_killed (V)'}"
Amyema pendula,Loranthaceae,Amyema,native,"{'post_fire_recruitment': 'post_fire_recruitment (1); post_fire_recruitment_absent (1)', 'resprouting_capacity': 'fire_killed (2)'}"
Andropogon virginicus,Poaceae,Andropogon,Exotic,"{'post_fire_recruitment': 'post_fire_recruitment (f)', 'resprouting_capacity': 'resprouts (3)', 'resprouting_capacity_non_fire_disturbance': 'resprouts_non_fire_disturbance (f)', 'resprouting_capacity_juvenile': 'juvenile_resprout (f)', 'resprouting_capacity_proportion_individuals': '1 (f)', 'fire_time_from_fire_to_fruiting': '4.65116279069767 (1)', 'fire_time_from_fire_to_flowering': '12 (1); 3.48837209302326 (1); 4.65116279069767 (1)'}"
Angophora bakeri,Myrtaceae,Angophora,native,"{'post_fire_recruitment': 'post_fire_recruitment (2)', 'resprouting_capacity': 'resprouts (4)', 'resprouting_capacity_non_fire_disturbance': 'resprouts_non_fire_disturbance (f)', 'resprouting_capacity_juvenile': 'juvenile_fire_killed (f)', 'fire_time_from_fire_to_fruiting': '14.1860465116279 (1)', 'fire_time_from_fire_to_flowering': '11.6279069767442 (1); 12 (1); 14.1860465116279 (1); 15.5813953488372 (1)'}"
Angophora costata,Myrtaceae,Angophora,native,"{'post_fire_recruitment': 'post_fire_recruitment (2)', 'resprouting_capacity': 'resprouts (3)', 'resprouting_capacity_non_fire_disturbance': 'resprouts_non_fire_disturbance (f)', 'resprouting_capacity_juvenile': 'juvenile_fire_killed (f)'}"
Angophora floribunda,Myrtaceae,Angophora,native,"{'post_fire_recruitment': 'post_fire_recruitment (2)', 'resprouting_capacity': 'resprouts (4)', 'resprouting_capacity_non_fire_disturbance': 'resprouts_non_fire_disturbance (f)', 'resprouting_capacity_juvenile': 'juvenile_fire_killed (f)'}"
Angophora hispida,Myrtaceae,Angophora,native,"{'post_fire_recruitment': 'post_fire_recruitment (1)', 'resprouting_capacity': 'resprouts (5)', 'resprouting_capacity_non_fire_disturbance': 'resprouts_non_fire_disturbance (f)', 'resprouting_capacity_juvenile': 'juvenile_fire_killed (f)', 'fire_time_from_fire_to_fruiting': '14.1860465116279 (1)', 'fire_time_from_fire_to_flowering': '12 (1); 14.1860465116279 (1); 18 (1); 7.44186046511628 (1)', 'fire_time_from_fire_to_50_percent_flowering': '11.3953488372093 (1)', 'fire_time_from_fire_to_peak_flowering': '12 (1); 24 (1)'}"
Angophora subvelutina,Myrtaceae,Angophora,native,"{'post_fire_recruitment': 'post_fire_recruitment (f)', 'resprouting_capacity': 'resprouts (2)', 'resprouting_capacity_non_fire_disturbance': 'resprouts_non_fire_disturbance (f)', 'resprouting_capacity_juvenile': 'juvenile_fire_killed (f)'}"
Anigozanthos flavidus,Haemodoraceae,Anigozanthos,native,"{'resprouting_capacity': 'resprouts (1)', 'fire_time_from_fire_to_flowering': '6 (1)'}"
Anisopogon avenaceus,Poaceae,Anisopogon,native,"{'post_fire_recruitment': 'post_fire_recruitment (2)', 'resprouting_capacity': 'resprouts (6)', 'resprouting_capacity_non_fire_disturbance': 'resprouts_non_fire_disturbance (1)', 'resprouting_capacity_juvenile': 'juvenile_fire_killed (1)', 'resprouting_capacity_proportion_individuals': '1 (f)', 'fire_time_from_fire_to_fruiting': '11.3953488372093 (1)', 'fire_time_from_fire_to_flowering': '12 (1); 12.093023255814 (1); 9.53488372093023 (1)', 'fire_time_from_fire_to_peak_flowering': '12 (1); 24 (1)'}"
Anredera cordifolia,Basellaceae,Anredera,Exotic,{'resprouting_capacity': 'resprouts (V)'}
Anthosachne kingiana,,,native,"{'resprouting_capacity': 'resprouts (1)', 'resprouting_capacity_non_fire_disturbance': 'resprouts_non_fire_disturbance (1)'}"
Anthosachne scabra,Poaceae,Anthosachne,native,"{'post_fire_recruitment': 'post_fire_recruitment (f)', 'resprouting_capacity': 'partial_resprouting (15); resprouts (15)', 'resprouting_capacity_non_fire_disturbance': 'resprouts_non_fire_disturbance (8)', 'resprouting_capacity_juvenile': 'juvenile_resprout (1)', 'resprouting_capacity_proportion_individuals': '1 (3)', 'fire_time_from_fire_to_flowering': '12 (1)'}"
Anthoxanthum odoratum,Poaceae,Anthoxanthum,Exotic,"{'post_fire_recruitment': 'post_fire_recruitment (1)', 'resprouting_capacity': 'resprouts (V)', 'resprouting_capacity_non_fire_disturbance': 'resprouts_non_fire_disturbance (f)', 'resprouting_capacity_juvenile': 'juvenile_resprout (1)', 'resprouting_capacity_proportion_individuals': '1 (f)', 'fire_time_from_fire_to_flowering': '12 (f)'}"
Aotus ericoides,Fabaceae,Aotus,native,"{'post_fire_recruitment': 'post_fire_recruitment (2)', 'resprouting_capacity': 'resprouts (V)', 'resprouting_capacity_non_fire_disturbance': 'resprouts_non_fire_disturbance (f)', 'resprouting_capacity_juvenile': 'juvenile_fire_killed (1)', 'fire_time_from_fire_to_fruiting': '24 (1)', 'fire_time_from_fire_to_flowering': '24 (1); 36 (1)'}"
Aphanopetalum resinosum,Aphanopetalaceae,Aphanopetalum,native,"{'post_fire_recruitment': 'post_fire_recruitment_absent (1)', 'resprouting_capacity': 'resprouts (V)', 'resprouting_capacity_non_fire_disturbance': 'resprouts_non_fire_disturbance (1)'}"
Apium prostratum,Apiaceae,Apium,native,{'resprouting_capacity': 'fire_killed (1)'}
Araujia sericifera,Apocynaceae,Araujia,Exotic,"{'resprouting_capacity': 'resprouts (V)', 'fire_time_from_fire_to_fruiting': '14.1860465116279 (1)'}"
Archontophoenix cunninghamiana,Arecaceae,Archontophoenix,native,{'resprouting_capacity': 'fire_killed (2)'}
Arctotheca calendula,Asteraceae,Arctotheca,Exotic,"{'post_fire_recruitment': 'post_fire_recruitment (2)', 'resprouting_capacity': 'fire_killed (4)', 'resprouting_capacity_non_fire_disturbance': 'resprouts_non_fire_disturbance (f)', 'resprouting_capacity_juvenile': 'juvenile_fire_killed (f)', 'fire_time_from_fire_to_flowering': '12 (V)'}"
Aristea ecklonii,Iridaceae,Aristea,Exotic,"{'resprouting_capacity': 'resprouts (3)', 'fire_time_from_fire_to_fruiting': '10.2325581395349 (1)', 'fire_time_from_fire_to_flowering': '12 (1); 9.53488372093023 (1)'}"
Aristida calycina,Poaceae,Aristida,native,"{'post_fire_recruitment': 'post_fire_recruitment (f)', 'resprouting_capacity': 'resprouts (1)', 'resprouting_capacity_non_fire_disturbance': 'resprouts_non_fire_disturbance (f)', 'resprouting_capacity_juvenile': 'juvenile_resprout (f)', 'resprouting_capacity_proportion_individuals': '1 (f)', 'fire_time_from_fire_to_flowering': '12 (f)'}"
Aristida ramosa,Poaceae,Aristida,native,"{'post_fire_recruitment': 'post_fire_recruitment (f)', 'resprouting_capacity': 'resprouts (8)', 'resprouting_capacity_non_fire_disturbance': 'resprouts_non_fire_disturbance (2)', 'resprouting_capacity_juvenile': 'juvenile_fire_killed (1)', 'resprouting_capacity_proportion_individuals': '1 (f)', 'fire_time_from_fire_to_fruiting': '3.95348837209302 (1)', 'fire_time_from_fire_to_flowering': '12 (V)'}"
Aristida vagans,Poaceae,Aristida,native,"{'post_fire_recruitment': 'post_fire_recruitment (f)', 'resprouting_capacity': 'resprouts (3)', 'resprouting_capacity_non_fire_disturbance': 'resprouts_non_fire_disturbance (f)', 'resprouting_capacity_juvenile': 'juvenile_resprout (f)', 'resprouting_capacity_proportion_individuals': '1 (f)', 'fire_time_from_fire_to_fruiting': '3.48837209302326 (1)', 'fire_time_from_fire_to_flowering': '1.3953488372093 (1); 3.48837209302326 (1); 3.6 (1)'}"
Aristida warburgii,Poaceae,Aristida,native,"{'post_fire_recruitment': 'post_fire_recruitment (f)', 'resprouting_capacity': 'resprouts (3)', 'resprouting_capacity_non_fire_disturbance': 'resprouts_non_fire_disturbance (f)', 'resprouting_capacity_juvenile': 'juvenile_resprout (f)', 'resprouting_capacity_proportion_individuals': '1 (f)', 'fire_time_from_fire_to_fruiting': '3.72093023255814 (1)', 'fire_time_from_fire_to_flowering': '12 (1); 2.55813953488372 (1); 3.72093023255814 (1)'}"
Artemisia verlotiorum,Asteraceae,Artemisia,Exotic,"{'post_fire_recruitment': 'post_fire_recruitment (f)', 'resprouting_capacity': 'fire_killed (f)', 'resprouting_capacity_non_fire_disturbance': 'resprouts_non_fire_disturbance (f)', 'resprouting_capacity_juvenile': 'juvenile_fire_killed (f)', 'fire_time_from_fire_to_flowering': '12 (f)'}"
Arthropodium milleflorum,Asparagaceae,Arthropodium,native,"{'post_fire_recruitment': 'post_fire_recruitment (2)', 'resprouting_capacity': 'resprouts (6)', 'resprouting_capacity_non_fire_disturbance': 'resprouts_non_fire_disturbance (2)', 'resprouting_capacity_juvenile': 'juvenile_resprout (2)'}"
Arthropodium minus,Asparagaceae,Arthropodium,native,"{'post_fire_recruitment': 'post_fire_recruitment (2)', 'resprouting_capacity': 'resprouts (3)', 'resprouting_capacity_non_fire_disturbance': 'resprouts_non_fire_disturbance (1)', 'resprouting_capacity_juvenile': 'juvenile_resprout (1)'}"
Arundo donax,Poaceae,Arundo,Exotic,"{'post_fire_recruitment': 'post_fire_recruitment (f)', 'resprouting_capacity': 'resprouts (4)', 'resprouting_capacity_non_fire_disturbance': 'resprouts_non_fire_disturbance (f)', 'resprouting_capacity_juvenile': 'juvenile_resprout (f)', 'resprouting_capacity_proportion_individuals': '1 (f)', 'fire_time_from_fire_to_flowering': '12 (f)'}"
Asparagus aethiopicus,Asparagaceae,Asparagus,Exotic,"{'resprouting_capacity': 'resprouts (3)', 'resprouting_capacity_non_fire_disturbance': 'resprouts_non_fire_disturbance (f)', 'fire_time_from_fire_to_flowering': '11.6279069767442 (1); 12 (1)'}"
Asparagus africanus,Asparagaceae,Asparagus,Exotic,"{'resprouting_capacity': 'resprouts (f)', 'resprouting_capacity_non_fire_disturbance': 'resprouts_non_fire_disturbance (f)'}"
Asparagus asparagoides,Asparagaceae,Asparagus,Exotic,"{'resprouting_capacity': 'resprouts (6)', 'resprouting_capacity_non_fire_disturbance': 'resprouts_non_fire_disturbance (f)', 'resprouting_capacity_juvenile': 'juvenile_resprout (1)', 'fire_time_from_fire_to_fruiting': '10.6976744186047 (1)', 'fire_time_from_fire_to_flowering': '12 (1); 12.093023255814 (1)'}"
Asparagus macowanii,Asparagaceae,Asparagus,exotic,"{'resprouting_capacity': 'resprouts (f)', 'resprouting_capacity_non_fire_disturbance': 'resprouts_non_fire_disturbance (f)'}"
Asparagus officinalis,Asparagaceae,Asparagus,Exotic,"{'resprouting_capacity': 'resprouts (1)', 'resprouting_capacity_non_fire_disturbance': 'resprouts_non_fire_disturbance (f)', 'fire_time_from_fire_to_fruiting': '4.18604651162791 (1)'}"
Asparagus plumosus,Asparagaceae,Asparagus,Exotic,"{'resprouting_capacity': 'resprouts (f)', 'resprouting_capacity_non_fire_disturbance': 'resprouts_non_fire_disturbance (f)'}"
Asparagus scandens,Asparagaceae,Asparagus,Exotic,"{'resprouting_capacity': 'resprouts (3)', 'resprouting_capacity_non_fire_disturbance': 'resprouts_non_fire_disturbance (f)'}"
Asparagus virgatus,Asparagaceae,Asparagus,Exotic,"{'resprouting_capacity': 'resprouts (f)', 'resprouting_capacity_non_fire_disturbance': 'resprouts_non_fire_disturbance (f)'}"
Asperula conferta,Rubiaceae,Asperula,native,"{'post_fire_recruitment': 'post_fire_recruitment (1)', 'resprouting_capacity': 'resprouts (V)', 'resprouting_capacity_non_fire_disturbance': 'resprouts_non_fire_disturbance (1)', 'resprouting_capacity_juvenile': 'juvenile_fire_killed (1)', 'fire_time_from_fire_to_flowering': '12 (1)'}"
Asphodelus fistulosus,Asphodelaceae,Asphodelus,Exotic,{'resprouting_capacity': 'resprouts (1)'}
Asterolasia correifolia,Rutaceae,Asterolasia,native,"{'post_fire_recruitment': 'post_fire_recruitment (2)', 'resprouting_capacity': 'fire_killed (4)'}"
Astroloma humifusum,Ericaceae,Astroloma,native,"{'post_fire_recruitment': 'post_fire_recruitment (2)', 'resprouting_capacity': 'resprouts (5)', 'resprouting_capacity_juvenile': 'juvenile_fire_killed (1)', 'fire_time_from_fire_to_flowering': '24 (1)'}"
Atriplex australasica,Chenopodiaceae,Atriplex,native,{'resprouting_capacity': 'fire_killed (1)'}
Atriplex prostrata,Chenopodiaceae,Atriplex,Exotic,{'resprouting_capacity': 'fire_killed (2)'}
Atriplex semibaccata,Chenopodiaceae,Atriplex,native,"{'post_fire_recruitment': 'post_fire_recruitment_absent (1)', 'resprouting_capacity': 'fire_killed (6)'}"
Auranticarpa rhombifolia,Pittosporaceae,Auranticarpa,native,"{'resprouting_capacity': 'fire_killed (2)', 'resprouting_capacity_non_fire_disturbance': 'resprouts_non_fire_disturbance (2)'}"
Austromyrtus dulcis,Myrtaceae,Austromyrtus,native,"{'post_fire_recruitment': 'post_fire_recruitment (f)', 'resprouting_capacity': 'fire_killed (1)', 'resprouting_capacity_non_fire_disturbance': 'resprouts_non_fire_disturbance (f)', 'resprouting_capacity_juvenile': 'juvenile_fire_killed (f)'}"
Austromyrtus tenuifolia,Myrtaceae,Austromyrtus,native,"{'post_fire_recruitment': 'post_fire_recruitment (f)', 'resprouting_capacity': 'resprouts (4)', 'resprouting_capacity_non_fire_disturbance': 'resprouts_non_fire_disturbance (f)', 'resprouting_capacity_juvenile': 'juvenile_fire_killed (f)', 'fire_time_from_fire_to_fruiting': '37.906976744186 (1)', 'fire_time_from_fire_to_flowering': '34.8837209302326 (1); 36 (1); 36.2790697674419 (1)', 'fire_time_from_fire_to_peak_flowering': '36 (1)'}"
Austrostipa elegantissima,Poaceae,Austrostipa,native,"{'post_fire_recruitment': 'post_fire_recruitment (f)', 'resprouting_capacity': 'resprouts (V)', 'resprouting_capacity_non_fire_disturbance': 'resprouts_non_fire_disturbance (2)', 'resprouting_capacity_juvenile': 'juvenile_fire_killed (1)', 'resprouting_capacity_proportion_individuals': '1 (f)', 'fire_time_from_fire_to_flowering': '6 (1)'}"
Austrostipa pubescens,Poaceae,Austrostipa,native,"{'post_fire_recruitment': 'post_fire_recruitment (f)', 'resprouting_capacity': 'resprouts (5)', 'resprouting_capacity_non_fire_disturbance': 'resprouts_non_fire_disturbance (2)', 'resprouting_capacity_juvenile': 'juvenile_resprout (f)', 'resprouting_capacity_proportion_individuals': '1 (f)', 'fire_time_from_fire_to_fruiting': '11.3953488372093 (1)', 'fire_time_from_fire_to_flowering': '12 (1); 12.093023255814 (1)'}"
Austrostipa ramosissima,Poaceae,Austrostipa,native,"{'post_fire_recruitment': 'post_fire_recruitment (f)', 'resprouting_capacity': 'resprouts (f)', 'resprouting_capacity_non_fire_disturbance': 'resprouts_non_fire_disturbance (f)', 'resprouting_capacity_juvenile': 'juvenile_resprout (f)', 'resprouting_capacity_proportion_individuals': '1 (f)', 'fire_time_from_fire_to_flowering': '12 (f)'}"
Austrostipa rudis,Poaceae,Austrostipa,native,"{'post_fire_recruitment': 'post_fire_recruitment (1)', 'resprouting_capacity': 'resprouts (4)', 'resprouting_capacity_non_fire_disturbance': 'resprouts_non_fire_disturbance (2)', 'resprouting_capacity_juvenile': 'juvenile_resprout (1)', 'resprouting_capacity_proportion_individuals': '1 (f)', 'fire_time_from_fire_to_flowering': '12 (1)'}"
Austrostipa setacea,Poaceae,Austrostipa,native,"{'post_fire_recruitment': 'post_fire_recruitment (f)', 'resprouting_capacity': 'resprouts (1)', 'resprouting_capacity_non_fire_disturbance': 'resprouts_non_fire_disturbance (f)', 'resprouting_capacity_juvenile': 'juvenile_resprout (f)', 'resprouting_capacity_proportion_individuals': '1 (f)', 'fire_time_from_fire_to_flowering': '12 (1)'}"
Austrostipa verticillata,Poaceae,Austrostipa,native,"{'post_fire_recruitment': 'post_fire_recruitment (f)', 'resprouting_capacity': 'resprouts (2)', 'resprouting_capacity_non_fire_disturbance': 'resprouts_non_fire_disturbance (2)', 'resprouting_capacity_juvenile': 'juvenile_resprout (f)', 'resprouting_capacity_proportion_individuals': '1 (f)', 'fire_time_from_fire_to_flowering': '12 (f)'}"
Avena barbata,Poaceae,Avena, Exotic,"{'post_fire_recruitment': 'post_fire_recruitment (1)', 'resprouting_capacity': 'fire_killed (1)', 'resprouting_capacity_non_fire_disturbance': 'resprouts_non_fire_disturbance (f)', 'resprouting_capacity_juvenile': 'juvenile_resprout (f)', 'resprouting_capacity_proportion_individuals': '1 (f)', 'fire_time_from_fire_to_flowering': '12 (f)'}"
Avena fatua,Poaceae,Avena,Exotic,"{'post_fire_recruitment': 'post_fire_recruitment (2)', 'resprouting_capacity': 'fire_killed (V)', 'resprouting_capacity_non_fire_disturbance': 'resprouts_non_fire_disturbance (f)', 'resprouting_capacity_juvenile': 'juvenile_resprout (1)', 'resprouting_capacity_proportion_individuals': '1 (f)', 'fire_time_from_fire_to_flowering': '12 (f)'}"
Avena sativa,Poaceae,Avena,Exotic,"{'post_fire_recruitment': 'post_fire_recruitment (f)', 'resprouting_capacity': 'resprouts (f)', 'resprouting_capacity_non_fire_disturbance': 'resprouts_non_fire_disturbance (f)', 'resprouting_capacity_juvenile': 'juvenile_resprout (f)', 'resprouting_capacity_proportion_individuals': '1 (f)', 'fire_time_from_fire_to_fruiting': '10 (1)', 'fire_time_from_fire_to_flowering': '5.34883720930233 (1)'}"
Avena sterilis,Poaceae,Avena,Exotic,"{'post_fire_recruitment': 'post_fire_recruitment (f)', 'resprouting_capacity': 'resprouts (f)', 'resprouting_capacity_non_fire_disturbance': 'resprouts_non_fire_disturbance (f)', 'resprouting_capacity_juvenile': 'juvenile_resprout (f)', 'resprouting_capacity_proportion_individuals': '1 (f)', 'fire_time_from_fire_to_flowering': '12 (f)'}"
Axonopus compressus,Poaceae,Axonopus,Exotic,"{'post_fire_recruitment': 'post_fire_recruitment (f)', 'resprouting_capacity': 'resprouts (f)', 'resprouting_capacity_non_fire_disturbance': 'resprouts_non_fire_disturbance (f)', 'resprouting_capacity_juvenile': 'juvenile_resprout (f)', 'resprouting_capacity_proportion_individuals': '1 (f)', 'fire_time_from_fire_to_flowering': '12 (f)'}"
Axonopus fissifolius,Poaceae,Axonopus,Exotic,"{'post_fire_recruitment': 'post_fire_recruitment (f)', 'resprouting_capacity': 'resprouts (3)', 'resprouting_capacity_non_fire_disturbance': 'resprouts_non_fire_disturbance (f)', 'resprouting_capacity_juvenile': 'juvenile_resprout (f)', 'resprouting_capacity_proportion_individuals': '1 (f)', 'fire_time_from_fire_to_flowering': '12 (f)'}"
Backhousia myrtifolia,Myrtaceae,Backhousia,native,"{'post_fire_recruitment': 'post_fire_recruitment_absent (1)', 'resprouting_capacity': 'resprouts (V)', 'resprouting_capacity_non_fire_disturbance': 'resprouts_non_fire_disturbance (f)', 'resprouting_capacity_juvenile': 'juvenile_fire_killed (f)'}"
Baeckea diosmifolia,Myrtaceae,Baeckea,native,"{'post_fire_recruitment': 'post_fire_recruitment (2)', 'resprouting_capacity': 'resprouts (5)', 'resprouting_capacity_non_fire_disturbance': 'resprouts_non_fire_disturbance (f)', 'resprouting_capacity_juvenile': 'juvenile_fire_killed (f)', 'fire_time_from_fire_to_fruiting': '13.0232558139535 (1)', 'fire_time_from_fire_to_flowering': '10.6976744186047 (1); 12 (1); 13.0232558139535 (1)'}"
Baeckea linifolia,Myrtaceae,Baeckea,native,"{'post_fire_recruitment': 'post_fire_recruitment (f)', 'resprouting_capacity': 'resprouts (4)', 'resprouting_capacity_non_fire_disturbance': 'resprouts_non_fire_disturbance (f)', 'resprouting_capacity_juvenile': 'juvenile_fire_killed (f)', 'fire_time_from_fire_to_fruiting': '44.1860465116279 (1)', 'fire_time_from_fire_to_flowering': '36.2790697674419 (1); 37.4418604651163 (1); 42 (1); 48.3720930232558 (1)'}"
Banksia aemula,Proteaceae,Banksia,native,"{'post_fire_recruitment': 'post_fire_recruitment (3)', 'resprouting_capacity': 'resprouts (3)', 'resprouting_capacity_non_fire_disturbance': 'resprouts_non_fire_disturbance (f)'}"
Banksia coccinea,Proteaceae,Banksia,native,"{'post_fire_recruitment': 'post_fire_recruitment (2)', 'resprouting_capacity': 'fire_killed (5)', 'resprouting_capacity_non_fire_disturbance': 'resprouts_non_fire_disturbance (f)', 'fire_time_from_fire_to_fruiting': '36 (1)', 'fire_time_from_fire_to_flowering': '24 (1); 36 (1)'}"
Banksia ericifolia,Proteaceae,Banksia,native,"{'post_fire_recruitment': 'post_fire_recruitment (2)', 'resprouting_capacity': 'fire_killed (5)', 'resprouting_capacity_non_fire_disturbance': 'resprouts_non_fire_disturbance (f)', 'fire_time_from_fire_to_fruiting': '54.4186046511628 (1)', 'fire_time_from_fire_to_flowering': '41.1627906976744 (1); 48.3720930232558 (1); 60.4651162790698 (1)'}"
Banksia integrifolia,Proteaceae,Banksia,native,"{'post_fire_recruitment': 'post_fire_recruitment (3)', 'resprouting_capacity': 'resprouts (4)', 'resprouting_capacity_non_fire_disturbance': 'resprouts_non_fire_disturbance (f)', 'resprouting_capacity_juvenile': 'juvenile_fire_killed (1)'}"
Banksia marginata,Proteaceae,Banksia,native,"{'post_fire_recruitment': 'post_fire_recruitment (V)', 'resprouting_capacity': 'fire_killed (V)', 'resprouting_capacity_non_fire_disturbance': 'resprouts_non_fire_disturbance (1)', 'resprouting_capacity_juvenile': 'juvenile_fire_killed (1)', 'resprouting_capacity_proportion_individuals': '0 (V)', 'fire_time_from_fire_to_fruiting': '50.6976744186047 (1)', 'fire_time_from_fire_to_flowering': '24 (1); 39.3023255813954 (1); 48.3720930232558 (1); 60.4651162790698 (1); 84 (1)', 'fire_time_from_fire_to_peak_flowering': '120 (1)'}"
Banksia oblongifolia,Proteaceae,Banksia,native,"{'post_fire_recruitment': 'post_fire_recruitment (3)', 'resprouting_capacity': 'resprouts (7)', 'resprouting_capacity_non_fire_disturbance': 'resprouts_non_fire_disturbance (f)', 'fire_time_from_fire_to_fruiting': '54.4186046511628 (1)', 'fire_time_from_fire_to_flowering': '24 (1); 26.5116279069767 (1); 48.3720930232558 (1); 60 (1); 60.4651162790698 (1)'}"
Banksia plagiocarpa,Proteaceae,Banksia,native,"{'post_fire_recruitment': 'post_fire_recruitment (1)', 'resprouting_capacity': 'resprouts (V)', 'resprouting_capacity_non_fire_disturbance': 'resprouts_non_fire_disturbance (f)'}"
Banksia robur,Proteaceae,Banksia,native,"{'post_fire_recruitment': 'post_fire_recruitment (2)', 'resprouting_capacity': 'resprouts (4)', 'resprouting_capacity_non_fire_disturbance': 'resprouts_non_fire_disturbance (f)'}"
Banksia serrata,Proteaceae,Banksia,native,"{'post_fire_recruitment': 'post_fire_recruitment (5)', 'resprouting_capacity': 'resprouts (V)', 'resprouting_capacity_non_fire_disturbance': 'resprouts_non_fire_disturbance (f)', 'resprouting_capacity_juvenile': 'juvenile_fire_killed (1)', 'fire_time_from_fire_to_fruiting': '41.1627906976744 (1)', 'fire_time_from_fire_to_flowering': '24 (1); 25.1162790697674 (1); 36 (1); 36.2790697674419 (1); 48.3720930232558 (1)'}"
Banksia spinulosa,Proteaceae,Banksia,native,"{'post_fire_recruitment': 'post_fire_recruitment (2)', 'resprouting_capacity': 'resprouts (V)', 'resprouting_capacity_non_fire_disturbance': 'resprouts_non_fire_disturbance (f)', 'fire_time_from_fire_to_fruiting': '46.7441860465116 (1)', 'fire_time_from_fire_to_flowering': '28.3720930232558 (1); 36 (1); 36.2790697674419 (1); 48 (1); 48.3720930232558 (1)'}"
Banksia undata,Proteaceae,Banksia,native,"{'post_fire_recruitment': 'post_fire_recruitment (g)', 'resprouting_capacity': 'fire_killed (1)', 'resprouting_capacity_non_fire_disturbance': 'resprouts_non_fire_disturbance (f)'}"
Bauera rubioides,Cunoniaceae,Bauera,native,"{'post_fire_recruitment': 'post_fire_recruitment (1)', 'resprouting_capacity': 'resprouts (V)', 'resprouting_capacity_non_fire_disturbance': 'resprouts_non_fire_disturbance (2)', 'resprouting_capacity_juvenile': 'juvenile_fire_killed (1)', 'fire_time_from_fire_to_fruiting': '46.046511627907 (1)', 'fire_time_from_fire_to_flowering': '20.9302325581395 (1); 48.3720930232558 (1)'}"
Bauhinia variegata,Fabaceae,Bauhinia,Exotic,"{'post_fire_recruitment': 'post_fire_recruitment (f)', 'resprouting_capacity': 'fire_killed (f)', 'resprouting_capacity_non_fire_disturbance': 'resprouts_non_fire_disturbance (f)', 'resprouting_capacity_juvenile': 'juvenile_fire_killed (f)'}"
Bidens alba,Asteraceae,Bidens,Exotic,"{'post_fire_recruitment': 'post_fire_recruitment (f)', 'resprouting_capacity': 'fire_killed (f)', 'resprouting_capacity_non_fire_disturbance': 'resprouts_non_fire_disturbance (f)', 'resprouting_capacity_juvenile': 'juvenile_fire_killed (f)', 'fire_time_from_fire_to_flowering': '12 (f)'}"
Bidens pilosa,Asteraceae,Bidens,Exotic,"{'post_fire_recruitment': 'post_fire_recruitment (f)', 'resprouting_capacity': 'fire_killed (5)', 'resprouting_capacity_non_fire_disturbance': 'resprouts_non_fire_disturbance (f)', 'resprouting_capacity_juvenile': 'juvenile_fire_killed (f)', 'fire_time_from_fire_to_fruiting': '4.41860465116279 (1)', 'fire_time_from_fire_to_flowering': '3.02325581395349 (1); 4.41860465116279 (1)'}"
Bidens subalternans,Asteraceae,Bidens,Exotic,"{'post_fire_recruitment': 'post_fire_recruitment (f)', 'resprouting_capacity': 'fire_killed (2)', 'resprouting_capacity_non_fire_disturbance': 'resprouts_non_fire_disturbance (f)', 'resprouting_capacity_juvenile': 'juvenile_fire_killed (f)', 'fire_time_from_fire_to_fruiting': '3.72093023255814 (1)', 'fire_time_from_fire_to_flowering': '2.7906976744186 (1)'}"
Bidens tripartita,Asteraceae,Bidens,Exotic,"{'post_fire_recruitment': 'post_fire_recruitment (f)', 'resprouting_capacity': 'fire_killed (2)', 'resprouting_capacity_non_fire_disturbance': 'resprouts_non_fire_disturbance (f)', 'resprouting_capacity_juvenile': 'juvenile_fire_killed (f)', 'fire_time_from_fire_to_fruiting': '3.48837209302326 (1)', 'fire_time_from_fire_to_flowering': '3.48837209302326 (1)'}"
Billardiera scandens,Pittosporaceae,Billardiera,native,"{'post_fire_recruitment': 'post_fire_recruitment (V)', 'resprouting_capacity': 'resprouts (V)', 'resprouting_capacity_juvenile': 'juvenile_fire_killed (2)', 'fire_time_from_fire_to_fruiting': '23.4883720930233 (1)', 'fire_time_from_fire_to_flowering': '22.8 (1); 24 (1); 24.1860465116279 (1); 8.83720930232558 (1)', 'fire_time_from_fire_to_peak_flowering': '48 (1); 60 (1)'}"
Blandfordia grandiflora,Blandfordiaceae,Blandfordia,native,{'resprouting_capacity': 'resprouts (1)'}
Bolboschoenus caldwellii,Cyperaceae,Bolboschoenus,native,"{'resprouting_capacity': 'resprouts (4)', 'resprouting_capacity_non_fire_disturbance': 'resprouts_non_fire_disturbance (2)', 'resprouting_capacity_juvenile': 'juvenile_fire_killed (f)'}"
Bolboschoenus fluviatilis,Cyperaceae,Bolboschoenus,native,"{'resprouting_capacity': 'resprouts (3)', 'resprouting_capacity_non_fire_disturbance': 'resprouts_non_fire_disturbance (3)', 'resprouting_capacity_juvenile': 'juvenile_fire_killed (f)'}"
Boronia anemonifolia,,,native,{'resprouting_capacity': 'fire_killed (2)'}
Boronia barkeriana,,,native,{'resprouting_capacity': 'resprouts (1)'}
Boronia ledifolia,Rutaceae,Boronia,native,"{'post_fire_recruitment': 'post_fire_recruitment (1); post_fire_recruitment_absent (1)', 'resprouting_capacity': 'fire_killed (V)', 'fire_time_from_fire_to_fruiting': '24.1860465116279 (1)', 'fire_time_from_fire_to_flowering': '19.7674418604651 (1); 22.5581395348837 (1); 3.6 (1)', 'fire_time_from_fire_to_peak_flowering': '48 (1); 60 (1)'}"
Boronia pinnata,Rutaceae,Boronia,native,"{'post_fire_recruitment': 'post_fire_recruitment (1)', 'resprouting_capacity': 'resprouts (V)', 'fire_time_from_fire_to_fruiting': '22.5581395348837 (1)', 'fire_time_from_fire_to_flowering': '24 (1); 24.1860465116279 (1); 3.6 (1); 8.6046511627907 (1)', 'fire_time_from_fire_to_50_percent_flowering': '20.6976744186047 (1)', 'fire_time_from_fire_to_peak_flowering': '36 (1)'}"
Bossiaea buxifolia,Fabaceae,Bossiaea,native,"{'post_fire_recruitment': 'post_fire_recruitment (1)', 'resprouting_capacity': 'resprouts (2)', 'resprouting_capacity_non_fire_disturbance': 'resprouts_non_fire_disturbance (1)', 'resprouting_capacity_juvenile': 'juvenile_fire_killed (f)'}"
Bossiaea ensata,Fabaceae,Bossiaea,native,"{'post_fire_recruitment': 'post_fire_recruitment (1); post_fire_recruitment_absent (1)', 'resprouting_capacity': 'resprouts (V)', 'resprouting_capacity_non_fire_disturbance': 'resprouts_non_fire_disturbance (f)', 'resprouting_capacity_juvenile': 'juvenile_fire_killed (f)', 'fire_time_from_fire_to_flowering': '3.6 (1)'}"
Bossiaea heterophylla,Fabaceae,Bossiaea,native,"{'post_fire_recruitment': 'post_fire_recruitment (3)', 'resprouting_capacity': 'fire_killed (V)', 'resprouting_capacity_non_fire_disturbance': 'resprouts_non_fire_disturbance (f)', 'resprouting_capacity_juvenile': 'juvenile_fire_killed (1)', 'fire_time_from_fire_to_fruiting': '22.5581395348837 (1)', 'fire_time_from_fire_to_flowering': '15.5813953488372 (1); 24.1860465116279 (1)'}"
Bossiaea prostrata,Fabaceae,Bossiaea,native,"{'post_fire_recruitment': 'post_fire_recruitment (1)', 'resprouting_capacity': 'resprouts (V)', 'resprouting_capacity_non_fire_disturbance': 'resprouts_non_fire_disturbance (f)', 'resprouting_capacity_juvenile': 'juvenile_fire_killed (1)'}"
Bossiaea rhombifolia,Fabaceae,Bossiaea,native,"{'post_fire_recruitment': 'post_fire_recruitment (1)', 'resprouting_capacity': 'fire_killed (V)', 'resprouting_capacity_non_fire_disturbance': 'resprouts_non_fire_disturbance (f)', 'resprouting_capacity_juvenile': 'juvenile_fire_killed (f)'}"
Bossiaea scolopendria,Fabaceae,Bossiaea,native,"{'post_fire_recruitment': 'post_fire_recruitment (2)', 'resprouting_capacity': 'resprouts (V)', 'resprouting_capacity_non_fire_disturbance': 'resprouts_non_fire_disturbance (f)', 'resprouting_capacity_juvenile': 'juvenile_fire_killed (f)', 'fire_time_from_fire_to_fruiting': '24.1860465116279 (1)', 'fire_time_from_fire_to_flowering': '20 (1); 24 (1); 24.1860465116279 (1)'}"
Bothriochloa decipiens,Poaceae,Bothriochloa,native,"{'post_fire_recruitment': 'post_fire_recruitment (f)', 'resprouting_capacity': 'resprouts (1)', 'resprouting_capacity_non_fire_disturbance': 'resprouts_non_fire_disturbance (1)', 'resprouting_capacity_juvenile': 'juvenile_resprout (f)', 'resprouting_capacity_proportion_individuals': '1 (f)', 'fire_time_from_fire_to_flowering': '12 (f)'}"
Bothriochloa macra,Poaceae,Bothriochloa,native,"{'post_fire_recruitment': 'post_fire_recruitment (1)', 'resprouting_capacity': 'partial_resprouting (V)', 'resprouting_capacity_non_fire_disturbance': 'resprouts_non_fire_disturbance (1)', 'resprouting_capacity_juvenile': 'juvenile_resprout (1)', 'resprouting_capacity_proportion_individuals': '0.8 (V)', 'fire_time_from_fire_to_flowering': '12 (1)'}"
Brachychiton acerifolius,Malvaceae,Brachychiton,native,{'resprouting_capacity': 'resprouts (1)'}
Brachychiton populneus,Malvaceae,Brachychiton,native,"{'post_fire_recruitment': 'post_fire_recruitment_absent (1)', 'resprouting_capacity': 'resprouts (4)', 'resprouting_capacity_non_fire_disturbance': 'resprouts_non_fire_disturbance (1)', 'resprouting_capacity_juvenile': 'juvenile_resprout (1)'}"
Brachyloma daphnoides,Ericaceae,Brachyloma,native,"{'post_fire_recruitment': 'post_fire_recruitment (V)', 'resprouting_capacity': 'resprouts (V)', 'resprouting_capacity_juvenile': 'juvenile_fire_killed (1)', 'fire_time_from_fire_to_flowering': '24 (V)', 'fire_time_from_fire_to_50_percent_flowering': '20 (1)', 'fire_time_from_fire_to_peak_flowering': '36 (1); 60 (1)'}"
Brachyscome graminea,Asteraceae,Brachyscome,native,"{'post_fire_recruitment': 'post_fire_recruitment (f)', 'resprouting_capacity': 'resprouts (7)', 'resprouting_capacity_non_fire_disturbance': 'resprouts_non_fire_disturbance (6)', 'resprouting_capacity_juvenile': 'juvenile_fire_killed (f)', 'fire_time_from_fire_to_fruiting': '3.72093023255814 (1)', 'fire_time_from_fire_to_flowering': '2.55813953488372 (1); 3.72093023255814 (1)'}"
Brachyscome multifida,Asteraceae,Brachyscome,native,"{'post_fire_recruitment': 'post_fire_recruitment (f)', 'resprouting_capacity': 'resprouts (4)', 'resprouting_capacity_non_fire_disturbance': 'resprouts_non_fire_disturbance (2)', 'resprouting_capacity_juvenile': 'juvenile_fire_killed (1)', 'fire_time_from_fire_to_flowering': '12 (f)'}"
Brachyscome triloba,Asteraceae,Brachyscome,native,"{'post_fire_recruitment': 'post_fire_recruitment (f)', 'resprouting_capacity': 'resprouts (V)', 'resprouting_capacity_non_fire_disturbance': 'resprouts_non_fire_disturbance (2)', 'resprouting_capacity_juvenile': 'juvenile_fire_killed (f)', 'fire_time_from_fire_to_flowering': '3.6 (1)'}"
Brassica fruticulosa,Brassicaceae,Brassica,Exotic,"{'resprouting_capacity': 'fire_killed (2)', 'fire_time_from_fire_to_fruiting': '6.51162790697674 (1)', 'fire_time_from_fire_to_flowering': '2.7906976744186 (1); 6.51162790697674 (1)'}"
Brassica rapa,Brassicaceae,Brassica,Exotic,{'resprouting_capacity': 'fire_killed (1)'}
Breynia oblongifolia,Phyllanthaceae,Breynia,native,"{'post_fire_recruitment': 'post_fire_recruitment_absent (2)', 'resprouting_capacity': 'resprouts (V)', 'fire_time_from_fire_to_fruiting': '14.6511627906977 (1)', 'fire_time_from_fire_to_flowering': '10.6976744186047 (1); 12 (1); 14.6511627906977 (1); 60 (1)', 'fire_time_from_fire_to_peak_flowering': '36 (1); 48 (1)'}"
Briza maxima,Poaceae,Briza,Exotic,"{'post_fire_recruitment': 'post_fire_recruitment (2)', 'resprouting_capacity': 'fire_killed (6)', 'resprouting_capacity_non_fire_disturbance': 'resprouts_non_fire_disturbance (f)', 'resprouting_capacity_juvenile': 'juvenile_resprout (f)', 'resprouting_capacity_proportion_individuals': '1 (f)', 'fire_time_from_fire_to_fruiting': '11.6279069767442 (1)', 'fire_time_from_fire_to_flowering': '10 (1); 12.093023255814 (1); 6 (1)'}"
Briza minor,Poaceae,Briza,Exotic,"{'post_fire_recruitment': 'post_fire_recruitment (3)', 'resprouting_capacity': 'fire_killed (6)', 'resprouting_capacity_non_fire_disturbance': 'resprouts_non_fire_disturbance (f)', 'resprouting_capacity_juvenile': 'juvenile_resprout (f)', 'resprouting_capacity_proportion_individuals': '1 (f)', 'fire_time_from_fire_to_fruiting': '10 (1)', 'fire_time_from_fire_to_flowering': '10 (1); 12 (1); 6 (1); 6.51162790697674 (1)'}"
Bromus brevis,Poaceae,Bromus,Exotic,"{'post_fire_recruitment': 'post_fire_recruitment (f)', 'resprouting_capacity': 'resprouts (f)', 'resprouting_capacity_non_fire_disturbance': 'resprouts_non_fire_disturbance (f)', 'resprouting_capacity_juvenile': 'juvenile_resprout (f)', 'resprouting_capacity_proportion_individuals': '1 (f)', 'fire_time_from_fire_to_flowering': '12 (f)'}"
Bromus catharticus,Poaceae,Bromus,Exotic,"{'post_fire_recruitment': 'post_fire_recruitment (f)', 'resprouting_capacity': 'resprouts (1)', 'resprouting_capacity_non_fire_disturbance': 'resprouts_non_fire_disturbance (f)', 'resprouting_capacity_juvenile': 'juvenile_resprout (1)', 'resprouting_capacity_proportion_individuals': '1 (f)', 'fire_time_from_fire_to_flowering': '9.06976744186047 (1)'}"
Bromus diandrus,Poaceae,Bromus,Exotic,"{'post_fire_recruitment': 'post_fire_recruitment (1)', 'resprouting_capacity': 'fire_killed (2)', 'resprouting_capacity_non_fire_disturbance': 'resprouts_non_fire_disturbance (f)', 'resprouting_capacity_juvenile': 'juvenile_resprout (f)', 'resprouting_capacity_proportion_individuals': '1 (f)', 'fire_time_from_fire_to_flowering': '9.53488372093023 (1)'}"
Bromus rubens,Poaceae,Bromus,Exotic,"{'post_fire_recruitment': 'post_fire_recruitment (1)', 'resprouting_capacity': 'fire_killed (2)', 'resprouting_capacity_non_fire_disturbance': 'resprouts_non_fire_disturbance (f)', 'resprouting_capacity_juvenile': 'juvenile_resprout (f)', 'resprouting_capacity_proportion_individuals': '1 (f)', 'fire_time_from_fire_to_flowering': '12 (f)'}"
Brunoniella australis,Acanthaceae,Brunoniella,native,"{'resprouting_capacity': 'resprouts (4)', 'resprouting_capacity_non_fire_disturbance': 'resprouts_non_fire_disturbance (1)'}"
Brunoniella pumilio,Acanthaceae,Brunoniella,native,"{'post_fire_recruitment': 'post_fire_recruitment (1)', 'resprouting_capacity': 'resprouts (3)', 'resprouting_capacity_non_fire_disturbance': 'resprouts_non_fire_disturbance (1)', 'fire_time_from_fire_to_fruiting': '2.55813953488372 (1)', 'fire_time_from_fire_to_flowering': '1.3953488372093 (1); 12 (1); 6.04651162790698 (1)', 'fire_time_from_fire_to_peak_flowering': '12 (1)'}"
Bulbophyllum globuliforme,Orchidaceae,Bulbophyllum,native,"{'post_fire_recruitment': 'post_fire_recruitment_absent (f)', 'post_fire_flowering': 'fire_enhanced_flowering (f)', 'resprouting_capacity': 'fire_killed (1)', 'resprouting_capacity_non_fire_disturbance': 'resprouts_non_fire_disturbance (f)', 'resprouting_capacity_juvenile': 'juvenile_resprout (f)', 'fire_time_from_fire_to_flowering': '12 (f)'}"
Burchardia umbellata,Colchicaceae,Burchardia,native,"{'post_fire_recruitment': 'post_fire_recruitment_absent (2)', 'resprouting_capacity': 'resprouts (8)', 'resprouting_capacity_non_fire_disturbance': 'resprouts_non_fire_disturbance (1)', 'resprouting_capacity_juvenile': 'juvenile_resprout (1)', 'fire_time_from_fire_to_fruiting': '10.6976744186047 (1)', 'fire_time_from_fire_to_flowering': '0--24 (1); 10.6976744186047 (1); 12 (1); 18 (1); 24 (1); 8.37209302325581 (1)'}"
Bursaria spinosa,Pittosporaceae,Bursaria,native,"{'post_fire_recruitment': 'post_fire_recruitment_absent (1)', 'resprouting_capacity': 'resprouts (7)', 'resprouting_capacity_non_fire_disturbance': 'resprouts_non_fire_disturbance (1)', 'resprouting_capacity_proportion_individuals': '1 (V)', 'fire_time_from_fire_to_fruiting': '16.5116279069767 (1)', 'fire_time_from_fire_to_flowering': '11.8604651162791 (1); 12.093023255814 (1); 24 (1); 24.1860465116279 (1)', 'fire_time_from_fire_to_peak_flowering': '60 (1)'}"
Caesia parviflora,Hemerocallidaceae,Caesia,native,"{'post_fire_recruitment': 'post_fire_recruitment_absent (1)', 'resprouting_capacity': 'resprouts (6)', 'resprouting_capacity_non_fire_disturbance': 'resprouts_non_fire_disturbance (1)', 'resprouting_capacity_juvenile': 'juvenile_resprout (1)', 'fire_time_from_fire_to_fruiting': '11.3953488372093 (1)', 'fire_time_from_fire_to_flowering': '12 (1); 12.093023255814 (1); 6 (1); 8.6046511627907 (1)', 'fire_time_from_fire_to_50_percent_flowering': '9.76744186046512 (1)'}"
Caladenia alata,Orchidaceae,Caladenia,native,"{'post_fire_recruitment': 'post_fire_recruitment_absent (f)', 'post_fire_flowering': 'fire_enhanced_flowering (f)', 'resprouting_capacity': 'resprouts (4)', 'resprouting_capacity_non_fire_disturbance': 'resprouts_non_fire_disturbance (2)', 'resprouting_capacity_juvenile': 'juvenile_resprout (1)', 'fire_time_from_fire_to_flowering': '12 (f)'}"
Caladenia capillata,Orchidaceae,Caladenia,native,"{'post_fire_recruitment': 'post_fire_recruitment_absent (1)', 'post_fire_flowering': 'fire_enhanced_flowering (f)', 'resprouting_capacity': 'resprouts (2)', 'resprouting_capacity_non_fire_disturbance': 'resprouts_non_fire_disturbance (1)', 'resprouting_capacity_juvenile': 'juvenile_resprout (f)', 'fire_time_from_fire_to_flowering': '12 (1)'}"
Caladenia carnea,Orchidaceae,Caladenia,native,"{'post_fire_recruitment': 'post_fire_recruitment_absent (1)', 'post_fire_flowering': 'fire_enhanced_flowering (f)', 'resprouting_capacity': 'resprouts (11)', 'resprouting_capacity_non_fire_disturbance': 'resprouts_non_fire_disturbance (7)', 'resprouting_capacity_juvenile': 'juvenile_resprout (1)', 'fire_time_from_fire_to_flowering': '12 (V)'}"
Caladenia catenata,Orchidaceae,Caladenia,native,"{'post_fire_recruitment': 'post_fire_recruitment_absent (1)', 'post_fire_flowering': 'fire_enhanced_flowering (f)', 'resprouting_capacity': 'resprouts (6)', 'resprouting_capacity_non_fire_disturbance': 'resprouts_non_fire_disturbance (4)', 'resprouting_capacity_juvenile': 'juvenile_resprout (f)', 'fire_time_from_fire_to_fruiting': '9.06976744186047 (1)', 'fire_time_from_fire_to_flowering': '12 (1); 7.90697674418605 (1)'}"
Caladenia fuscata,Orchidaceae,Caladenia,native,"{'post_fire_recruitment': 'post_fire_recruitment_absent (f)', 'post_fire_flowering': 'fire_enhanced_flowering (1)', 'resprouting_capacity': 'resprouts (2)', 'resprouting_capacity_non_fire_disturbance': 'resprouts_non_fire_disturbance (1)', 'resprouting_capacity_juvenile': 'juvenile_resprout (1)', 'fire_time_from_fire_to_flowering': '12 (f)'}"
Caladenia picta,Orchidaceae,Caladenia,native,"{'post_fire_recruitment': 'post_fire_recruitment_absent (f)', 'post_fire_flowering': 'fire_enhanced_flowering (1)', 'resprouting_capacity': 'resprouts (f)', 'resprouting_capacity_non_fire_disturbance': 'resprouts_non_fire_disturbance (f)', 'resprouting_capacity_juvenile': 'juvenile_resprout (f)', 'fire_time_from_fire_to_flowering': '12 (f)'}"
Caladenia tessellata,Orchidaceae,Caladenia,native,"{'post_fire_recruitment': 'post_fire_recruitment (1)', 'post_fire_flowering': 'fire_enhanced_flowering (1)', 'resprouting_capacity': 'resprouts (3)', 'resprouting_capacity_non_fire_disturbance': 'resprouts_non_fire_disturbance (1)', 'resprouting_capacity_juvenile': 'juvenile_resprout (1)', 'fire_time_from_fire_to_flowering': '12 (f)'}"
Calandrinia pickeringii,Portulacaceae,Calandrinia,native,"{'post_fire_recruitment': 'post_fire_recruitment (1)', 'resprouting_capacity': 'fire_killed (1); resprouts (1)', 'fire_time_from_fire_to_flowering': '3.6 (1)'}"
Caleana major,Orchidaceae,Caleana,native,"{'post_fire_recruitment': 'post_fire_recruitment_absent (f)', 'post_fire_flowering': 'fire_enhanced_flowering (1)', 'resprouting_capacity': 'resprouts (5)', 'resprouting_capacity_non_fire_disturbance': 'resprouts_non_fire_disturbance (1)', 'resprouting_capacity_juvenile': 'juvenile_resprout (1)', 'fire_time_from_fire_to_fruiting': '11.3953488372093 (1)', 'fire_time_from_fire_to_flowering': '12 (1); 8.6046511627907 (1)'}"
Callicoma serratifolia,Cunoniaceae,Callicoma,native,"{'post_fire_recruitment': 'post_fire_recruitment_absent (V)', 'resprouting_capacity': 'resprouts (5)', 'fire_time_from_fire_to_fruiting': '25.1162790697674 (1)', 'fire_time_from_fire_to_flowering': '21.1627906976744 (1); 24 (1); 24.1860465116279 (1)', 'fire_time_from_fire_to_peak_flowering': '36 (1)'}"
Callistemon citrinus,Myrtaceae,Callistemon,native,"{'post_fire_recruitment': 'post_fire_recruitment (1)', 'resprouting_capacity': 'resprouts (6)', 'resprouting_capacity_non_fire_disturbance': 'resprouts_non_fire_disturbance (1)', 'resprouting_capacity_juvenile': 'juvenile_resprout (1)', 'fire_time_from_fire_to_flowering': '22.5581395348837 (1); 24 (1)'}"
Callistemon comboynensis,Myrtaceae,Callistemon,native,"{'post_fire_recruitment': 'post_fire_recruitment (1)', 'resprouting_capacity': 'resprouts (3)', 'resprouting_capacity_non_fire_disturbance': 'resprouts_non_fire_disturbance (f)', 'resprouting_capacity_juvenile': 'juvenile_fire_killed (f)'}"
Callistemon linearifolius,Myrtaceae,Callistemon,native,"{'post_fire_recruitment': 'post_fire_recruitment (f)', 'resprouting_capacity': 'resprouts (g)', 'resprouting_capacity_non_fire_disturbance': 'resprouts_non_fire_disturbance (f)', 'resprouting_capacity_juvenile': 'juvenile_fire_killed (f)'}"
Callistemon linearis,Myrtaceae,Callistemon,native,"{'post_fire_recruitment': 'post_fire_recruitment (1)', 'resprouting_capacity': 'resprouts (8)', 'resprouting_capacity_non_fire_disturbance': 'resprouts_non_fire_disturbance (f)', 'resprouting_capacity_juvenile': 'juvenile_fire_killed (f)', 'fire_time_from_fire_to_fruiting': '33.4883720930233 (1)', 'fire_time_from_fire_to_flowering': '21.3953488372093 (1); 36 (1); 36.2790697674419 (1)'}"
Callistemon pachyphyllus,Myrtaceae,Callistemon,native,"{'post_fire_recruitment': 'post_fire_recruitment_absent (1)', 'resprouting_capacity': 'resprouts (2)', 'resprouting_capacity_non_fire_disturbance': 'resprouts_non_fire_disturbance (f)', 'resprouting_capacity_juvenile': 'juvenile_fire_killed (f)'}"
Callistemon pallidus,Myrtaceae,Callistemon,native,"{'post_fire_recruitment': 'post_fire_recruitment_absent (V)', 'resprouting_capacity': 'resprouts (V)', 'resprouting_capacity_non_fire_disturbance': 'resprouts_non_fire_disturbance (f)', 'resprouting_capacity_juvenile': 'juvenile_fire_killed (1)'}"
Callistemon pinifolius,Myrtaceae,Callistemon,native,"{'post_fire_recruitment': 'post_fire_recruitment (f)', 'resprouting_capacity': 'resprouts (2)', 'resprouting_capacity_non_fire_disturbance': 'resprouts_non_fire_disturbance (f)', 'resprouting_capacity_juvenile': 'juvenile_fire_killed (f)'}"
Callistemon salignus,Myrtaceae,Callistemon,native,"{'post_fire_recruitment': 'post_fire_recruitment (1)', 'resprouting_capacity': 'resprouts (2)', 'resprouting_capacity_non_fire_disturbance': 'resprouts_non_fire_disturbance (f)', 'resprouting_capacity_juvenile': 'juvenile_fire_killed (f)', 'fire_time_from_fire_to_flowering': '12 (1)'}"
Callistemon sieberi,Myrtaceae,Callistemon,native,"{'post_fire_recruitment': 'post_fire_recruitment (1)', 'resprouting_capacity': 'resprouts (4)', 'resprouting_capacity_non_fire_disturbance': 'resprouts_non_fire_disturbance (f)', 'resprouting_capacity_juvenile': 'juvenile_fire_killed (f)', 'fire_time_from_fire_to_fruiting': '48 (1)', 'fire_time_from_fire_to_flowering': '48 (1)'}"
Callistemon subulatus,Myrtaceae,Callistemon,native,"{'post_fire_recruitment': 'post_fire_recruitment (f)', 'resprouting_capacity': 'resprouts (2)', 'resprouting_capacity_non_fire_disturbance': 'resprouts_non_fire_disturbance (f)', 'resprouting_capacity_juvenile': 'juvenile_fire_killed (f)'}"
Callistemon viminalis,Myrtaceae,Callistemon,native,"{'post_fire_recruitment': 'post_fire_recruitment (1)', 'resprouting_capacity': 'resprouts (1)', 'resprouting_capacity_non_fire_disturbance': 'resprouts_non_fire_disturbance (f)', 'resprouting_capacity_juvenile': 'juvenile_fire_killed (f)'}"
Callitriche stagnalis,Plantaginaceae,Callitriche,Exotic,{'post_fire_recruitment': 'post_fire_recruitment (1)'}
Calochilus campestris,Orchidaceae,Calochilus,native,"{'post_fire_recruitment': 'post_fire_recruitment_absent (f)', 'post_fire_flowering': 'fire_enhanced_flowering (f)', 'resprouting_capacity': 'resprouts (5)', 'resprouting_capacity_non_fire_disturbance': 'resprouts_non_fire_disturbance (1)', 'resprouting_capacity_juvenile': 'juvenile_resprout (1)', 'fire_time_from_fire_to_fruiting': '9.76744186046512 (1)', 'fire_time_from_fire_to_flowering': '8.6046511627907 (1)'}"
Calochilus gracillimus,Orchidaceae,Calochilus,native,"{'post_fire_recruitment': 'post_fire_recruitment_absent (f)', 'post_fire_flowering': 'fire_enhanced_flowering (f)', 'resprouting_capacity': 'fire_killed (1)', 'resprouting_capacity_non_fire_disturbance': 'resprouts_non_fire_disturbance (f)', 'resprouting_capacity_juvenile': 'juvenile_resprout (f)', 'fire_time_from_fire_to_flowering': '12 (f)'}"
Calochilus paludosus,Orchidaceae,Calochilus,native,"{'post_fire_recruitment': 'post_fire_recruitment_absent (f)', 'post_fire_flowering': 'fire_enhanced_flowering (f)', 'resprouting_capacity': 'resprouts (5)', 'resprouting_capacity_non_fire_disturbance': 'resprouts_non_fire_disturbance (1)', 'resprouting_capacity_juvenile': 'juvenile_resprout (1)', 'fire_time_from_fire_to_fruiting': '9.53488372093023 (1)', 'fire_time_from_fire_to_flowering': '8.6046511627907 (1)'}"
Calochilus robertsonii,Orchidaceae,Calochilus,native,"{'post_fire_recruitment': 'post_fire_recruitment_absent (f)', 'post_fire_flowering': 'fire_enhanced_flowering (f)', 'resprouting_capacity': 'resprouts (5)', 'resprouting_capacity_non_fire_disturbance': 'resprouts_non_fire_disturbance (1)', 'resprouting_capacity_juvenile': 'juvenile_resprout (1)', 'fire_time_from_fire_to_flowering': '12 (1); 9.06976744186047 (1)'}"
Calothamnus pinifolius,Myrtaceae,Calothamnus,native,"{'post_fire_recruitment': 'post_fire_recruitment (f)', 'resprouting_capacity': 'resprouts (f)', 'resprouting_capacity_non_fire_disturbance': 'resprouts_non_fire_disturbance (f)', 'resprouting_capacity_juvenile': 'juvenile_fire_killed (f)'}"
Calotis cuneata,Asteraceae,Calotis,native,"{'post_fire_recruitment': 'post_fire_recruitment (f)', 'resprouting_capacity': 'resprouts (2)', 'resprouting_capacity_non_fire_disturbance': 'resprouts_non_fire_disturbance (2)', 'resprouting_capacity_juvenile': 'juvenile_fire_killed (f)', 'fire_time_from_fire_to_flowering': '12 (f)'}"
Calotis cuneifolia,Asteraceae,Calotis,native,"{'post_fire_recruitment': 'post_fire_recruitment (f)', 'resprouting_capacity': 'fire_killed (V)', 'resprouting_capacity_non_fire_disturbance': 'resprouts_non_fire_disturbance (1)', 'resprouting_capacity_juvenile': 'juvenile_fire_killed (f)', 'fire_time_from_fire_to_flowering': '12 (f)'}"
Calotis dentex,Asteraceae,Calotis,native,"{'post_fire_recruitment': 'post_fire_recruitment (f)', 'resprouting_capacity': 'fire_killed (3)', 'resprouting_capacity_non_fire_disturbance': 'resprouts_non_fire_disturbance (f)', 'resprouting_capacity_juvenile': 'juvenile_fire_killed (f)', 'fire_time_from_fire_to_flowering': '12 (f)'}"
Calotis lappulacea,Asteraceae,Calotis,native,"{'post_fire_recruitment': 'post_fire_recruitment (f)', 'resprouting_capacity': 'resprouts (V)', 'resprouting_capacity_non_fire_disturbance': 'resprouts_non_fire_disturbance (f)', 'resprouting_capacity_juvenile': 'juvenile_fire_killed (f)', 'fire_time_from_fire_to_flowering': '12 (f)'}"
Calystegia marginata,Convolvulaceae,Calystegia,native,"{'post_fire_recruitment': 'post_fire_recruitment (1)', 'resprouting_capacity': 'fire_killed (V)', 'resprouting_capacity_non_fire_disturbance': 'resprouts_non_fire_disturbance (1)', 'fire_time_from_fire_to_fruiting': '10.6976744186047 (1)', 'fire_time_from_fire_to_flowering': '10.6976744186047 (1); 9.53488372093023 (1)'}"
Calytrix tetragona,Myrtaceae,Calytrix,native,"{'post_fire_recruitment': 'post_fire_recruitment (2)', 'resprouting_capacity': 'resprouts (V)', 'resprouting_capacity_non_fire_disturbance': 'resprouts_non_fire_disturbance (5)', 'resprouting_capacity_juvenile': 'juvenile_fire_killed (1)', 'fire_time_from_fire_to_flowering': '32.3255813953488 (1); 36.2790697674419 (1); 48.3720930232558 (1)', 'fire_time_from_fire_to_peak_flowering': '48 (1)'}"
Canna indica,Cannaceae,Canna,Exotic,"{'resprouting_capacity': 'resprouts (3)', 'fire_time_from_fire_to_flowering': '8.83720930232558 (1)'}"
Capillipedium parviflorum,Poaceae,Capillipedium,native,"{'post_fire_recruitment': 'post_fire_recruitment (f)', 'resprouting_capacity': 'fire_killed (2)', 'resprouting_capacity_non_fire_disturbance': 'resprouts_non_fire_disturbance (f)', 'resprouting_capacity_juvenile': 'juvenile_resprout (f)', 'resprouting_capacity_proportion_individuals': '1 (f)', 'fire_time_from_fire_to_flowering': '12 (f)'}"
Capillipedium spicigerum,Poaceae,Capillipedium,native,"{'post_fire_recruitment': 'post_fire_recruitment (f)', 'resprouting_capacity': 'resprouts (1)', 'resprouting_capacity_non_fire_disturbance': 'resprouts_non_fire_disturbance (1)', 'resprouting_capacity_juvenile': 'juvenile_resprout (f)', 'resprouting_capacity_proportion_individuals': '1 (f)', 'fire_time_from_fire_to_flowering': '12 (f)'}"
Capparis mitchellii,Capparaceae,Capparis,native,"{'post_fire_recruitment': 'post_fire_recruitment_absent (2)', 'resprouting_capacity': 'resprouts (V)'}"
Capsella bursa-pastoris,Brassicaceae,Capsella,Exotic,"{'resprouting_capacity': 'fire_killed (3)', 'fire_time_from_fire_to_fruiting': '4.65116279069767 (1)', 'fire_time_from_fire_to_flowering': '4.65116279069767 (2)'}"
Cardamine flexuosa,Brassicaceae,Cardamine,Exotic,"{'resprouting_capacity': 'fire_killed (2)', 'fire_time_from_fire_to_fruiting': '3.48837209302326 (1)', 'fire_time_from_fire_to_flowering': '3.48837209302326 (1)'}"
Cardamine hirsuta,Brassicaceae,Cardamine,Exotic,"{'resprouting_capacity': 'fire_killed (2)', 'fire_time_from_fire_to_fruiting': '5.58139534883721 (1)', 'fire_time_from_fire_to_flowering': '5.58139534883721 (2)'}"
Cardamine occulta,Brassicaceae,Cardamine,Exotic,{'resprouting_capacity': 'fire_killed (f)'}
Cardiospermum grandiflorum,Sapindaceae,Cardiospermum,Exotic,"{'resprouting_capacity': 'resprouts (1)', 'fire_time_from_fire_to_fruiting': '20.6976744186047 (1)', 'fire_time_from_fire_to_flowering': '14.6511627906977 (1)'}"
Carduus nutans,Asteraceae,Carduus,native,"{'post_fire_recruitment': 'post_fire_recruitment (f)', 'resprouting_capacity': 'fire_killed (f)', 'resprouting_capacity_non_fire_disturbance': 'resprouts_non_fire_disturbance (f)', 'resprouting_capacity_juvenile': 'juvenile_fire_killed (f)', 'fire_time_from_fire_to_flowering': '12 (f)'}"
Carex appressa,Cyperaceae,Carex,native,"{'resprouting_capacity': 'resprouts (4)', 'resprouting_capacity_non_fire_disturbance': 'resprouts_non_fire_disturbance (2)', 'resprouting_capacity_juvenile': 'juvenile_fire_killed (1)'}"
Carex breviculmis,Cyperaceae,Carex,native,"{'post_fire_recruitment': 'post_fire_recruitment (1); post_fire_recruitment_absent (1)', 'resprouting_capacity': 'fire_killed (V)', 'resprouting_capacity_non_fire_disturbance': 'resprouts_non_fire_disturbance (1)', 'resprouting_capacity_juvenile': 'juvenile_fire_killed (1)', 'fire_time_from_fire_to_flowering': '12 (1)'}"
Carex fascicularis,Cyperaceae,Carex,native,"{'resprouting_capacity': 'resprouts (2)', 'resprouting_capacity_non_fire_disturbance': 'resprouts_non_fire_disturbance (1)', 'resprouting_capacity_juvenile': 'juvenile_fire_killed (1)'}"
Carex inversa,Cyperaceae,Carex,native,"{'resprouting_capacity': 'resprouts (9)', 'resprouting_capacity_non_fire_disturbance': 'resprouts_non_fire_disturbance (5)', 'resprouting_capacity_juvenile': 'juvenile_fire_killed (1)', 'fire_time_from_fire_to_flowering': '12 (1); 3.48837209302326 (1)'}"
Carex pumila,Cyperaceae,Carex,native,"{'resprouting_capacity': 'resprouts (1)', 'resprouting_capacity_non_fire_disturbance': 'resprouts_non_fire_disturbance (1)', 'resprouting_capacity_juvenile': 'juvenile_fire_killed (f)'}"
Carpobrotus glaucescens,Aizoaceae,Carpobrotus,native,{'resprouting_capacity': 'fire_killed (1)'}
Cassinia aculeata,Asteraceae,Cassinia,native,"{'post_fire_recruitment': 'post_fire_recruitment (V)', 'resprouting_capacity': 'fire_killed (V)', 'resprouting_capacity_non_fire_disturbance': 'resprouts_non_fire_disturbance (f)', 'resprouting_capacity_juvenile': 'juvenile_fire_killed (1)', 'fire_time_from_fire_to_fruiting': '31.6279069767442 (1)', 'fire_time_from_fire_to_flowering': '36.2790697674419 (1)'}"
Cassinia aureonitens,Asteraceae,Cassinia,native,"{'post_fire_recruitment': 'post_fire_recruitment (f)', 'resprouting_capacity': 'fire_killed (2)', 'resprouting_capacity_non_fire_disturbance': 'resprouts_non_fire_disturbance (f)', 'resprouting_capacity_juvenile': 'juvenile_fire_killed (f)', 'fire_time_from_fire_to_flowering': '12 (f)'}"
Cassinia denticulata,Asteraceae,Cassinia,native,"{'post_fire_recruitment': 'post_fire_recruitment (f)', 'resprouting_capacity': 'fire_killed (3)', 'resprouting_capacity_non_fire_disturbance': 'resprouts_non_fire_disturbance (f)', 'resprouting_capacity_juvenile': 'juvenile_fire_killed (f)', 'fire_time_from_fire_to_flowering': '12 (f)'}"
Cassinia laevis,Asteraceae,Cassinia,native,"{'post_fire_recruitment': 'post_fire_recruitment (1); post_fire_recruitment_absent (1)', 'resprouting_capacity': 'fire_killed (V)', 'resprouting_capacity_non_fire_disturbance': 'resprouts_non_fire_disturbance (f)', 'resprouting_capacity_juvenile': 'juvenile_fire_killed (f)', 'fire_time_from_fire_to_flowering': '12 (f)'}"
Cassinia longifolia,Asteraceae,Cassinia,native,"{'post_fire_recruitment': 'post_fire_recruitment (3)', 'resprouting_capacity': 'fire_killed (V)', 'resprouting_capacity_non_fire_disturbance': 'resprouts_non_fire_disturbance (f)', 'resprouting_capacity_juvenile': 'juvenile_fire_killed (1)', 'fire_time_from_fire_to_flowering': '46.9767441860465 (1)'}"
Cassinia ochracea,Asteraceae,Cassinia,native,"{'post_fire_recruitment': 'post_fire_recruitment (f)', 'resprouting_capacity': 'fire_killed (f)', 'resprouting_capacity_non_fire_disturbance': 'resprouts_non_fire_disturbance (f)', 'resprouting_capacity_juvenile': 'juvenile_fire_killed (f)', 'fire_time_from_fire_to_flowering': '12 (f)'}"
Cassinia sifton,Asteraceae,Cassinia,native,"{'post_fire_recruitment': 'post_fire_recruitment (1)', 'resprouting_capacity': 'fire_killed (f)', 'resprouting_capacity_non_fire_disturbance': 'resprouts_non_fire_disturbance (f)', 'resprouting_capacity_juvenile': 'juvenile_fire_killed (f)', 'fire_time_from_fire_to_flowering': '12 (f)'}"
Cassinia trinerva,Asteraceae,Cassinia,native,"{'post_fire_recruitment': 'post_fire_recruitment (f)', 'resprouting_capacity': 'fire_killed (V)', 'resprouting_capacity_non_fire_disturbance': 'resprouts_non_fire_disturbance (f)', 'resprouting_capacity_juvenile': 'juvenile_fire_killed (f)', 'fire_time_from_fire_to_flowering': '12 (f)'}"
Cassinia uncata,Asteraceae,Cassinia,native,"{'post_fire_recruitment': 'post_fire_recruitment (1); post_fire_recruitment_absent (1)', 'resprouting_capacity': 'fire_killed (3)', 'resprouting_capacity_non_fire_disturbance': 'resprouts_non_fire_disturbance (f)', 'resprouting_capacity_juvenile': 'juvenile_fire_killed (1)', 'fire_time_from_fire_to_flowering': '12 (f)'}"
Cassytha glabella,Lauraceae,Cassytha,native,"{'post_fire_recruitment': 'post_fire_recruitment (1); post_fire_recruitment_absent (1)', 'resprouting_capacity': 'fire_killed (5)', 'resprouting_capacity_juvenile': 'juvenile_fire_killed (1)', 'fire_time_from_fire_to_fruiting': '21.1627906976744 (1)', 'fire_time_from_fire_to_flowering': '14.1860465116279 (1); 24.1860465116279 (1); 36.2790697674419 (1)', 'fire_time_from_fire_to_peak_flowering': '36 (1); 72 (1)'}"
Cassytha phaeolasia,Lauraceae,Cassytha,native,"{'post_fire_recruitment': 'post_fire_recruitment (1)', 'resprouting_capacity': 'fire_killed (1)'}"
Cassytha pubescens,Lauraceae,Cassytha,native,"{'post_fire_recruitment': 'post_fire_recruitment (4)', 'resprouting_capacity': 'fire_killed (8)', 'resprouting_capacity_juvenile': 'juvenile_fire_killed (1)', 'fire_time_from_fire_to_fruiting': '44.4186046511628 (1)', 'fire_time_from_fire_to_flowering': '34.8837209302326 (1); 36.2790697674419 (1); 48.3720930232558 (1)'}"
Castanospermum australe,Fabaceae,Castanospermum,native,"{'post_fire_recruitment': 'post_fire_recruitment (f)', 'resprouting_capacity': 'resprouts (1)', 'resprouting_capacity_non_fire_disturbance': 'resprouts_non_fire_disturbance (f)', 'resprouting_capacity_juvenile': 'juvenile_fire_killed (f)'}"
Casuarina cunninghamiana,Casuarinaceae,Casuarina,native,"{'post_fire_recruitment': 'post_fire_recruitment (1)', 'resprouting_capacity': 'resprouts (V)', 'resprouting_capacity_juvenile': 'juvenile_resprout (2)'}"
Casuarina glauca,Casuarinaceae,Casuarina,native,"{'post_fire_recruitment': 'post_fire_recruitment_absent (1)', 'resprouting_capacity': 'resprouts (V)', 'resprouting_capacity_proportion_individuals': '1'}"
Caustis flexuosa,Cyperaceae,Caustis,native,"{'resprouting_capacity': 'resprouts (V)', 'resprouting_capacity_non_fire_disturbance': 'resprouts_non_fire_disturbance (3)', 'resprouting_capacity_juvenile': 'juvenile_fire_killed (f)', 'fire_time_from_fire_to_flowering': '24.1860465116279 (1); 36.2790697674419 (1)'}"
Cayratia clematidea,Vitaceae,Cayratia,native,"{'post_fire_recruitment': 'post_fire_recruitment_absent (2)', 'resprouting_capacity': 'resprouts (V)', 'fire_time_from_fire_to_fruiting': '11.8604651162791 (1)', 'fire_time_from_fire_to_flowering': '11.8604651162791 (1); 12 (1); 12.093023255814 (1)'}"
Celtis australis,Cannabaceae,Celtis,Exotic,{'resprouting_capacity': 'resprouts (1)'}
Cenchrus clandestinus,Poaceae,Cenchrus,Exotic,"{'post_fire_recruitment': 'post_fire_recruitment (f)', 'resprouting_capacity': 'resprouts (5)', 'resprouting_capacity_non_fire_disturbance': 'resprouts_non_fire_disturbance (f)', 'resprouting_capacity_juvenile': 'juvenile_resprout (f)', 'resprouting_capacity_proportion_individuals': '1 (f)', 'fire_time_from_fire_to_flowering': '12 (f)'}"
Cenchrus longisetus,Poaceae,Cenchrus,Exotic,"{'post_fire_recruitment': 'post_fire_recruitment (f)', 'resprouting_capacity': 'resprouts (1)', 'resprouting_capacity_non_fire_disturbance': 'resprouts_non_fire_disturbance (f)', 'resprouting_capacity_juvenile': 'juvenile_resprout (f)', 'resprouting_capacity_proportion_individuals': '1 (f)', 'fire_time_from_fire_to_flowering': '12 (f)'}"
Cenchrus purpurascens,Poaceae,Cenchrus,native,"{'post_fire_recruitment': 'post_fire_recruitment (f)', 'resprouting_capacity': 'resprouts (f)', 'resprouting_capacity_non_fire_disturbance': 'resprouts_non_fire_disturbance (f)', 'resprouting_capacity_juvenile': 'juvenile_resprout (f)', 'resprouting_capacity_proportion_individuals': '1 (f)', 'fire_time_from_fire_to_flowering': '12 (f)'}"
Cenchrus setaceus,Poaceae,Cenchrus,Exotic,"{'post_fire_recruitment': 'post_fire_recruitment (f)', 'resprouting_capacity': 'resprouts (1)', 'resprouting_capacity_non_fire_disturbance': 'resprouts_non_fire_disturbance (f)', 'resprouting_capacity_juvenile': 'juvenile_resprout (f)', 'resprouting_capacity_proportion_individuals': '1 (f)', 'fire_time_from_fire_to_flowering': '12 (f)'}"
Centaurea cyanus,Asteraceae,Centaurea,Exotic,"{'post_fire_recruitment': 'post_fire_recruitment (f)', 'resprouting_capacity': 'fire_killed (f)', 'resprouting_capacity_non_fire_disturbance': 'resprouts_non_fire_disturbance (f)', 'resprouting_capacity_juvenile': 'juvenile_fire_killed (f)', 'fire_time_from_fire_to_flowering': '12 (f)'}"
Centaurea melitensis,Asteraceae,Centaurea,Exotic,"{'post_fire_recruitment': 'post_fire_recruitment (1)', 'resprouting_capacity': 'fire_killed (2)', 'resprouting_capacity_non_fire_disturbance': 'resprouts_non_fire_disturbance (f)', 'resprouting_capacity_juvenile': 'juvenile_fire_killed (1)', 'fire_time_from_fire_to_flowering': '12 (f)'}"
Centaurium erythraea,Gentianaceae,Centaurium,Exotic,"{'post_fire_recruitment': 'post_fire_recruitment (1)', 'resprouting_capacity': 'fire_killed (V)', 'fire_time_from_fire_to_flowering': '24 (1)'}"
Centaurium tenuiflorum,Gentianaceae,Centaurium,Exotic,"{'post_fire_recruitment': 'post_fire_recruitment (1)', 'resprouting_capacity': 'fire_killed (2)', 'fire_time_from_fire_to_flowering': '10 (1)'}"
Centella asiatica,Apiaceae,Centella,native,"{'resprouting_capacity': 'resprouts (V)', 'resprouting_capacity_non_fire_disturbance': 'resprouts_non_fire_disturbance (1)', 'fire_time_from_fire_to_fruiting': '2.32558139534884 (1)'}"
Centella cordifolia,Apiaceae,Centella,native,"{'resprouting_capacity': 'resprouts (2)', 'resprouting_capacity_non_fire_disturbance': 'resprouts_non_fire_disturbance (1)', 'resprouting_capacity_juvenile': 'juvenile_fire_killed (1)'}"
Centipeda minima,Asteraceae,Centipeda,native,"{'post_fire_recruitment': 'post_fire_recruitment (f)', 'resprouting_capacity': 'fire_killed (3)', 'resprouting_capacity_non_fire_disturbance': 'resprouts_non_fire_disturbance (f)', 'resprouting_capacity_juvenile': 'juvenile_fire_killed (f)', 'fire_time_from_fire_to_flowering': '12 (f)'}"
Cerastium glomeratum,Caryophyllaceae,Cerastium,Exotic,"{'post_fire_recruitment': 'post_fire_recruitment (1)', 'resprouting_capacity': 'fire_killed (5)', 'fire_time_from_fire_to_fruiting': '5.34883720930233 (1)', 'fire_time_from_fire_to_flowering': '5.34883720930233 (2)'}"
Ceratopetalum apetalum,Cunoniaceae,Ceratopetalum,native,"{'post_fire_recruitment': 'post_fire_recruitment_absent (1)', 'resprouting_capacity': 'resprouts (3)'}"
Ceratopetalum gummiferum,Cunoniaceae,Ceratopetalum,native,"{'post_fire_recruitment': 'post_fire_recruitment_absent (1)', 'resprouting_capacity': 'resprouts (4)', 'fire_time_from_fire_to_flowering': '11.6279069767442 (1); 12 (1); 24.1860465116279 (1); 36 (1); 36.2790697674419 (1)'}"
Cestrum parqui,Solanaceae,Cestrum,Exotic,"{'resprouting_capacity': 'resprouts (2)', 'fire_time_from_fire_to_fruiting': '11.8604651162791 (1)', 'fire_time_from_fire_to_flowering': '12 (1); 12.093023255814 (1); 9.53488372093023 (1)'}"
Chamelaucium uncinatum,Myrtaceae,Chamelaucium,native,"{'post_fire_recruitment': 'post_fire_recruitment (1)', 'resprouting_capacity': 'resprouts (2)', 'resprouting_capacity_non_fire_disturbance': 'resprouts_non_fire_disturbance (f)', 'resprouting_capacity_juvenile': 'juvenile_fire_killed (f)', 'fire_time_from_fire_to_flowering': '24 (1)'}"
Chascolytrum subaristatum,Poaceae,Chascolytrum,Exotic,"{'post_fire_recruitment': 'post_fire_recruitment (f)', 'resprouting_capacity': 'resprouts (f)', 'resprouting_capacity_non_fire_disturbance': 'resprouts_non_fire_disturbance (f)', 'resprouting_capacity_juvenile': 'juvenile_resprout (f)', 'resprouting_capacity_proportion_individuals': '1 (f)', 'fire_time_from_fire_to_fruiting': '11.8604651162791 (1)', 'fire_time_from_fire_to_flowering': '12 (f)'}"
Chenopodium album,Chenopodiaceae,Chenopodium,Exotic,"{'resprouting_capacity': 'fire_killed (3)', 'fire_time_from_fire_to_fruiting': '4.65116279069767 (1)'}"
Chenopodium murale,Chenopodiaceae,Chenopodium,Exotic,{'resprouting_capacity': 'fire_killed (f)'}
Chiloglottis diphylla,Orchidaceae,Chiloglottis,native,"{'post_fire_recruitment': 'post_fire_recruitment_absent (f)', 'post_fire_flowering': 'fire_enhanced_flowering (f)', 'resprouting_capacity': 'resprouts (f)', 'resprouting_capacity_non_fire_disturbance': 'resprouts_non_fire_disturbance (f)', 'resprouting_capacity_juvenile': 'juvenile_resprout (f)', 'fire_time_from_fire_to_flowering': '12 (f)'}"
Chiloglottis formicifera,Orchidaceae,Chiloglottis,native,"{'post_fire_recruitment': 'post_fire_recruitment_absent (f)', 'post_fire_flowering': 'fire_enhanced_flowering (f)', 'resprouting_capacity': 'resprouts (f)', 'resprouting_capacity_non_fire_disturbance': 'resprouts_non_fire_disturbance (f)', 'resprouting_capacity_juvenile': 'juvenile_resprout (f)', 'fire_time_from_fire_to_flowering': '12 (f)'}"
Chloris barbata,Poaceae,Chloris,Exotic,"{'post_fire_recruitment': 'post_fire_recruitment (f)', 'resprouting_capacity': 'resprouts (f)', 'resprouting_capacity_non_fire_disturbance': 'resprouts_non_fire_disturbance (f)', 'resprouting_capacity_juvenile': 'juvenile_resprout (f)', 'resprouting_capacity_proportion_individuals': '1 (f)', 'fire_time_from_fire_to_flowering': '12 (f)'}"
Chloris gayana,Poaceae,Chloris,Exotic,"{'post_fire_recruitment': 'post_fire_recruitment (f)', 'resprouting_capacity': 'resprouts (3)', 'resprouting_capacity_non_fire_disturbance': 'resprouts_non_fire_disturbance (f)', 'resprouting_capacity_juvenile': 'juvenile_resprout (f)', 'resprouting_capacity_proportion_individuals': '1 (f)', 'fire_time_from_fire_to_fruiting': '8.13953488372093 (1)', 'fire_time_from_fire_to_flowering': '12 (1); 3.02325581395349 (1)'}"
Chloris truncata,Poaceae,Chloris,native,"{'post_fire_recruitment': 'post_fire_recruitment (1)', 'resprouting_capacity': 'partial_resprouting (V)', 'resprouting_capacity_non_fire_disturbance': 'resprouts_non_fire_disturbance (f)', 'resprouting_capacity_juvenile': 'juvenile_fire_killed (1)', 'resprouting_capacity_proportion_individuals': '1 (3)', 'fire_time_from_fire_to_flowering': '12 (1)'}"
Chloris ventricosa,Poaceae,Chloris,native,"{'post_fire_recruitment': 'post_fire_recruitment (f)', 'resprouting_capacity': 'resprouts (2)', 'resprouting_capacity_non_fire_disturbance': 'resprouts_non_fire_disturbance (f)', 'resprouting_capacity_juvenile': 'juvenile_resprout (f)', 'resprouting_capacity_proportion_individuals': '1 (f)', 'fire_time_from_fire_to_flowering': '12 (f)'}"
Chloris virgata,Poaceae,Chloris,Exotic,"{'post_fire_recruitment': 'post_fire_recruitment (f)', 'resprouting_capacity': 'fire_killed (2)', 'resprouting_capacity_non_fire_disturbance': 'resprouts_non_fire_disturbance (f)', 'resprouting_capacity_juvenile': 'juvenile_resprout (f)', 'resprouting_capacity_proportion_individuals': '1 (f)', 'fire_time_from_fire_to_flowering': '12 (f)'}"
Chlorophytum comosum,Asparagaceae,Chlorophytum,Exotic,"{'resprouting_capacity': 'resprouts (2)', 'resprouting_capacity_non_fire_disturbance': 'resprouts_non_fire_disturbance (f)', 'fire_time_from_fire_to_flowering': '12 (1); 12.093023255814 (1); 3.72093023255814 (1)'}"
Chorilaena quercifolia,Rutaceae,Chorilaena,native,"{'post_fire_recruitment': 'post_fire_recruitment (f)', 'resprouting_capacity': 'fire_killed (1)', 'fire_time_from_fire_to_flowering': '28 (1)'}"
Chorizema cordatum,Fabaceae,Chorizema,native,"{'post_fire_recruitment': 'post_fire_recruitment (f)', 'resprouting_capacity': 'resprouts (1)', 'resprouting_capacity_non_fire_disturbance': 'resprouts_non_fire_disturbance (f)', 'resprouting_capacity_juvenile': 'juvenile_fire_killed (f)'}"
Chorizema parviflorum,Fabaceae,Chorizema,native,"{'post_fire_recruitment': 'post_fire_recruitment (f)', 'resprouting_capacity': 'resprouts (V)', 'resprouting_capacity_non_fire_disturbance': 'resprouts_non_fire_disturbance (f)', 'resprouting_capacity_juvenile': 'juvenile_fire_killed (f)'}"
Chrysanthemoides monilifera,Asteraceae,Chrysanthemoides,Exotic,"{'post_fire_recruitment': 'post_fire_recruitment (1)', 'resprouting_capacity': 'fire_killed (V)', 'resprouting_capacity_non_fire_disturbance': 'resprouts_non_fire_disturbance (f)', 'resprouting_capacity_juvenile': 'juvenile_fire_killed (f)', 'fire_time_from_fire_to_flowering': '12 (f)'}"
Chrysocephalum apiculatum,Asteraceae,Chrysocephalum,native,"{'post_fire_recruitment': 'post_fire_recruitment (1); post_fire_recruitment_absent (1)', 'resprouting_capacity': 'resprouts (V)', 'resprouting_capacity_non_fire_disturbance': 'resprouts_non_fire_disturbance (f)', 'resprouting_capacity_juvenile': 'juvenile_resprout (1)', 'fire_time_from_fire_to_flowering': '12 (1)'}"
Chrysocephalum semipapposum,Asteraceae,Chrysocephalum,native,"{'post_fire_recruitment': 'post_fire_recruitment (1)', 'post_fire_flowering': 'fire_enhanced_flowering (1)', 'resprouting_capacity': 'resprouts (V)', 'resprouting_capacity_non_fire_disturbance': 'resprouts_non_fire_disturbance (2)', 'resprouting_capacity_juvenile': 'juvenile_resprout (1)', 'fire_time_from_fire_to_flowering': '6 (1)'}"
Cichorium intybus,Asteraceae,Cichorium,Exotic,"{'post_fire_recruitment': 'post_fire_recruitment (f)', 'resprouting_capacity': 'fire_killed (f)', 'resprouting_capacity_non_fire_disturbance': 'resprouts_non_fire_disturbance (f)', 'resprouting_capacity_juvenile': 'juvenile_fire_killed (f)', 'fire_time_from_fire_to_flowering': '12 (f)'}"
Cinnamomum camphora,Lauraceae,Cinnamomum,Exotic,"{'resprouting_capacity': 'resprouts (5)', 'fire_time_from_fire_to_flowering': '21.8604651162791 (1)'}"
Cirsium vulgare,Asteraceae,Cirsium,Exotic,"{'post_fire_recruitment': 'post_fire_recruitment (V)', 'resprouting_capacity': 'fire_killed (V)', 'resprouting_capacity_non_fire_disturbance': 'resprouts_non_fire_disturbance (f)', 'resprouting_capacity_juvenile': 'juvenile_fire_killed (f)', 'fire_time_from_fire_to_fruiting': '10.6976744186047 (1); 11.8604651162791 (1)', 'fire_time_from_fire_to_flowering': '12 (V)'}"
Cissus antarctica,Vitaceae,Cissus,native,"{'post_fire_recruitment': 'post_fire_recruitment_absent (1)', 'resprouting_capacity': 'resprouts (1)'}"
Cissus hypoglauca,Vitaceae,Cissus,native,"{'post_fire_recruitment': 'post_fire_recruitment_absent (2)', 'resprouting_capacity': 'resprouts (6)'}"
Cladium procerum,Cyperaceae,Cladium,native,"{'resprouting_capacity': 'resprouts (1)', 'resprouting_capacity_non_fire_disturbance': 'resprouts_non_fire_disturbance (1)', 'resprouting_capacity_juvenile': 'juvenile_fire_killed (f)'}"
Clematis aristata,Ranunculaceae,Clematis,native,"{'post_fire_recruitment': 'post_fire_recruitment_absent (2)', 'resprouting_capacity': 'resprouts (V)', 'resprouting_capacity_non_fire_disturbance': 'resprouts_non_fire_disturbance (3)', 'resprouting_capacity_juvenile': 'juvenile_fire_killed (1)', 'fire_time_from_fire_to_flowering': '12 (1); 8.83720930232558 (1)'}"
Clematis glycinoides,Ranunculaceae,Clematis,native,"{'post_fire_recruitment': 'post_fire_recruitment_absent (1)', 'resprouting_capacity': 'resprouts (V)', 'resprouting_capacity_non_fire_disturbance': 'resprouts_non_fire_disturbance (1)'}"
Clerodendrum tomentosum,Lamiaceae,Clerodendrum,native,"{'post_fire_recruitment': 'post_fire_recruitment_absent (1)', 'resprouting_capacity': 'resprouts (4)', 'fire_time_from_fire_to_fruiting': '48.3720930232558 (1)', 'fire_time_from_fire_to_flowering': '33.2558139534884 (1)'}"
Cochlospermum fraseri,Bixaceae,Cochlospermum,native,"{'post_fire_recruitment': 'post_fire_recruitment (1)', 'resprouting_capacity': 'resprouts (V)'}"
Coleonema pulchellum,Rutaceae,Coleonema,Exotic,"{'post_fire_recruitment': 'post_fire_recruitment (f)', 'resprouting_capacity': 'fire_killed (f)'}"
Colocasia esculenta,Araceae,Colocasia,exotic,{'resprouting_capacity': 'resprouts (5)'}
Comesperma ericinum,Polygalaceae,Comesperma,native,"{'post_fire_recruitment': 'post_fire_recruitment (1); post_fire_recruitment_absent (1)', 'resprouting_capacity': 'resprouts (V)', 'resprouting_capacity_non_fire_disturbance': 'resprouts_non_fire_disturbance (4)', 'resprouting_capacity_juvenile': 'juvenile_fire_killed (1)', 'fire_time_from_fire_to_fruiting': '23.4883720930233 (1)', 'fire_time_from_fire_to_flowering': '20.2325581395349 (1); 24.1860465116279 (1)', 'fire_time_from_fire_to_peak_flowering': '36 (1); 60 (1)'}"
Comesperma sphaerocarpum,Polygalaceae,Comesperma,native,"{'resprouting_capacity': 'resprouts (4)', 'resprouting_capacity_non_fire_disturbance': 'resprouts_non_fire_disturbance (1)', 'fire_time_from_fire_to_fruiting': '3.72093023255814 (1)', 'fire_time_from_fire_to_flowering': '12.093023255814 (1); 3.6 (1); 3.72093023255814 (1); 4.8 (1)'}"
Commelina cyanea,Commelinaceae,Commelina,native,"{'resprouting_capacity': 'resprouts (V)', 'fire_time_from_fire_to_flowering': '2.32558139534884 (1)'}"
Commersonia dasyphylla,Malvaceae,Commersonia,native,"{'post_fire_recruitment': 'post_fire_recruitment (3)', 'resprouting_capacity': 'fire_killed (2)', 'fire_time_from_fire_to_fruiting': '21.3953488372093 (1)', 'fire_time_from_fire_to_flowering': '24.1860465116279 (1); 8.83720930232558 (1)', 'fire_time_from_fire_to_peak_flowering': '36 (1); 48 (1)'}"
Commersonia hermanniifolia,Malvaceae,Commersonia,native,{'resprouting_capacity': 'fire_killed (1)'}
Commersonia salviifolia,Malvaceae,Commersonia,native,"{'post_fire_recruitment': 'post_fire_recruitment (1)', 'resprouting_capacity': 'fire_killed (f)'}"
Conospermum ericifolium,Proteaceae,Conospermum,native,"{'post_fire_recruitment': 'post_fire_recruitment (f)', 'resprouting_capacity': 'fire_killed (3)', 'resprouting_capacity_non_fire_disturbance': 'resprouts_non_fire_disturbance (f)', 'fire_time_from_fire_to_fruiting': '22.5581395348837 (1)', 'fire_time_from_fire_to_flowering': '21.1627906976744 (1); 24.1860465116279 (1)', 'fire_time_from_fire_to_peak_flowering': '36 (1); 60 (1)'}"
Conospermum longifolium,Proteaceae,Conospermum,native,"{'post_fire_recruitment': 'post_fire_recruitment (f)', 'resprouting_capacity': 'resprouts (V)', 'resprouting_capacity_non_fire_disturbance': 'resprouts_non_fire_disturbance (f)', 'fire_time_from_fire_to_flowering': '24 (1)'}"
Conospermum taxifolium,Proteaceae,Conospermum,native,"{'post_fire_recruitment': 'post_fire_recruitment (V)', 'resprouting_capacity': 'resprouts (V)', 'resprouting_capacity_non_fire_disturbance': 'resprouts_non_fire_disturbance (f)'}"
Convolvulus angustissimus,Convolvulaceae,Convolvulus,native,"{'resprouting_capacity': 'resprouts (1)', 'resprouting_capacity_non_fire_disturbance': 'resprouts_non_fire_disturbance (1)'}"
Convolvulus arvensis,,,native,{'resprouting_capacity': 'resprouts (1)'}
Convolvulus erubescens,Convolvulaceae,Convolvulus,native,"{'post_fire_recruitment': 'post_fire_recruitment (1); post_fire_recruitment_absent (1)', 'resprouting_capacity': 'resprouts (V)', 'resprouting_capacity_non_fire_disturbance': 'resprouts_non_fire_disturbance (1)', 'resprouting_capacity_juvenile': 'juvenile_resprout (1)', 'fire_time_from_fire_to_fruiting': '11.8604651162791 (1)', 'fire_time_from_fire_to_flowering': '12 (1)'}"
Coprosma repens,,,Exotic,{'resprouting_capacity': 'resprouts (1)'}
Cordyline petiolaris,Asparagaceae,Cordyline,native,"{'post_fire_recruitment': 'post_fire_recruitment_absent (1)', 'resprouting_capacity': 'fire_killed (1)', 'resprouting_capacity_non_fire_disturbance': 'resprouts_non_fire_disturbance (f)'}"
Cordyline stricta,Asparagaceae,Cordyline,native,"{'post_fire_recruitment': 'post_fire_recruitment_absent (1)', 'resprouting_capacity': 'resprouts (2)', 'resprouting_capacity_non_fire_disturbance': 'resprouts_non_fire_disturbance (f)'}"
Coreopsis lanceolata,Asteraceae,Coreopsis,Exotic,"{'post_fire_recruitment': 'post_fire_recruitment (f)', 'resprouting_capacity': 'partial_resprouting (1); resprouts (1)', 'resprouting_capacity_non_fire_disturbance': 'resprouts_non_fire_disturbance (f)', 'resprouting_capacity_juvenile': 'juvenile_fire_killed (f)', 'fire_time_from_fire_to_flowering': '9.76744186046512 (1)', 'fire_time_from_fire_to_peak_flowering': '24 (1); 36 (1)'}"
Coronidium elatum,Asteraceae,Coronidium,native,"{'post_fire_recruitment': 'post_fire_recruitment (f)', 'resprouting_capacity': 'fire_killed (4)', 'resprouting_capacity_non_fire_disturbance': 'resprouts_non_fire_disturbance (f)', 'resprouting_capacity_juvenile': 'juvenile_fire_killed (f)', 'fire_time_from_fire_to_fruiting': '22.5581395348837 (1)', 'fire_time_from_fire_to_flowering': '20.2325581395349 (1); 24.1860465116279 (1)', 'fire_time_from_fire_to_peak_flowering': '36 (1)'}"
Coronidium oxylepis,Asteraceae,Coronidium,native,"{'post_fire_recruitment': 'post_fire_recruitment (1)', 'resprouting_capacity': 'resprouts (V)', 'resprouting_capacity_non_fire_disturbance': 'resprouts_non_fire_disturbance (2)', 'resprouting_capacity_juvenile': 'juvenile_fire_killed (f)', 'fire_time_from_fire_to_flowering': '12 (f)'}"
Coronidium scorpioides,Asteraceae,Coronidium,native,"{'post_fire_recruitment': 'post_fire_recruitment (1)', 'resprouting_capacity': 'resprouts (V)', 'resprouting_capacity_non_fire_disturbance': 'resprouts_non_fire_disturbance (4)', 'resprouting_capacity_juvenile': 'juvenile_fire_killed (1)', 'fire_time_from_fire_to_fruiting': '5.34883720930233 (1)', 'fire_time_from_fire_to_flowering': '10 (1); 12 (1); 3.72093023255814 (1); 6 (1)'}"
Correa alba,Rutaceae,Correa,native,"{'post_fire_recruitment': 'post_fire_recruitment (1)', 'resprouting_capacity': 'fire_killed (2)', 'resprouting_capacity_juvenile': 'juvenile_fire_killed (1)'}"
Correa baeuerlenii,,,native,{'resprouting_capacity': 'fire_killed (2)'}
Correa reflexa,Rutaceae,Correa,native,"{'post_fire_recruitment': 'post_fire_recruitment (2)', 'resprouting_capacity': 'fire_killed (6); resprouts (6)', 'resprouting_capacity_juvenile': 'juvenile_fire_killed (1)', 'fire_time_from_fire_to_fruiting': '20.6976744186047 (1); 60 (1)', 'fire_time_from_fire_to_flowering': '24 (1); 24.1860465116279 (1); 30.4651162790698 (1)', 'fire_time_from_fire_to_peak_flowering': '48 (1); 60 (1)'}"
Cortaderia selloana,Poaceae,Cortaderia,Exotic,"{'post_fire_recruitment': 'post_fire_recruitment (f)', 'resprouting_capacity': 'resprouts (6)', 'resprouting_capacity_non_fire_disturbance': 'resprouts_non_fire_disturbance (f)', 'resprouting_capacity_juvenile': 'juvenile_resprout (f)', 'resprouting_capacity_proportion_individuals': '1 (f)', 'fire_time_from_fire_to_fruiting': '4.65116279069767 (1)', 'fire_time_from_fire_to_flowering': '4.18604651162791 (1)'}"
Corunastylis filiformis,Orchidaceae,Corunastylis,native,"{'post_fire_recruitment': 'post_fire_recruitment_absent (f)', 'post_fire_flowering': 'fire_enhanced_flowering (f)', 'resprouting_capacity': 'resprouts (f)', 'resprouting_capacity_non_fire_disturbance': 'resprouts_non_fire_disturbance (f)', 'resprouting_capacity_juvenile': 'juvenile_resprout (f)', 'fire_time_from_fire_to_flowering': '12 (f)'}"
Corunastylis fimbriata,Orchidaceae,Corunastylis,native,"{'post_fire_recruitment': 'post_fire_recruitment_absent (f)', 'post_fire_flowering': 'fire_enhanced_flowering (f)', 'resprouting_capacity': 'resprouts (4)', 'resprouting_capacity_non_fire_disturbance': 'resprouts_non_fire_disturbance (3)', 'resprouting_capacity_juvenile': 'juvenile_resprout (f)', 'fire_time_from_fire_to_fruiting': '4.88372093023256 (1)', 'fire_time_from_fire_to_flowering': '2.32558139534884 (1)'}"
Corunastylis rufa,Orchidaceae,Corunastylis,native,"{'post_fire_recruitment': 'post_fire_recruitment_absent (1)', 'post_fire_flowering': 'fire_enhanced_flowering (f)', 'resprouting_capacity': 'resprouts (9)', 'resprouting_capacity_non_fire_disturbance': 'resprouts_non_fire_disturbance (5)', 'resprouting_capacity_juvenile': 'juvenile_resprout (f)', 'fire_time_from_fire_to_fruiting': '5.58139534883721 (1)', 'fire_time_from_fire_to_flowering': '12 (V)'}"
Corybas aconitiflorus,Orchidaceae,Corybas,native,"{'post_fire_recruitment': 'post_fire_recruitment_absent (f)', 'post_fire_flowering': 'fire_enhanced_flowering (f)', 'resprouting_capacity': 'resprouts (2)', 'resprouting_capacity_non_fire_disturbance': 'resprouts_non_fire_disturbance (1)', 'resprouting_capacity_juvenile': 'juvenile_resprout (f)', 'fire_time_from_fire_to_flowering': '12 (f)'}"
Corybas fimbriatus,Orchidaceae,Corybas,native,"{'post_fire_recruitment': 'post_fire_recruitment_absent (f)', 'post_fire_flowering': 'fire_enhanced_flowering (f)', 'resprouting_capacity': 'resprouts (1)', 'resprouting_capacity_non_fire_disturbance': 'resprouts_non_fire_disturbance (1)', 'resprouting_capacity_juvenile': 'juvenile_resprout (f)', 'fire_time_from_fire_to_flowering': '12 (f)'}"
Corymbia calophylla,Myrtaceae,Corymbia,native,"{'post_fire_recruitment': 'post_fire_recruitment (1)', 'resprouting_capacity': 'resprouts (V)', 'resprouting_capacity_non_fire_disturbance': 'resprouts_non_fire_disturbance (f)', 'resprouting_capacity_juvenile': 'juvenile_fire_killed (f)', 'fire_time_from_fire_to_flowering': '48 (1)', 'fire_time_from_fire_to_50_percent_flowering': '48 (1)'}"
Corymbia citriodora,Myrtaceae,Corymbia,Exotic,"{'post_fire_recruitment': 'post_fire_recruitment (1); post_fire_recruitment_absent (1)', 'resprouting_capacity': 'resprouts (4)', 'resprouting_capacity_non_fire_disturbance': 'resprouts_non_fire_disturbance (f)', 'resprouting_capacity_juvenile': 'juvenile_fire_killed (f)'}"
Corymbia eximia,Myrtaceae,Corymbia,native,"{'post_fire_recruitment': 'post_fire_recruitment (1)', 'resprouting_capacity': 'resprouts (3)', 'resprouting_capacity_non_fire_disturbance': 'resprouts_non_fire_disturbance (f)', 'resprouting_capacity_juvenile': 'juvenile_fire_killed (f)'}"
Corymbia ficifolia,Myrtaceae,Corymbia,Exotic,"{'post_fire_recruitment': 'post_fire_recruitment (f)', 'resprouting_capacity': 'resprouts (2)', 'resprouting_capacity_non_fire_disturbance': 'resprouts_non_fire_disturbance (f)', 'resprouting_capacity_juvenile': 'juvenile_fire_killed (f)', 'fire_time_from_fire_to_flowering': '42 (1)'}"
Corymbia gummifera,Myrtaceae,Corymbia,native,"{'post_fire_recruitment': 'post_fire_recruitment (2)', 'resprouting_capacity': 'resprouts (5)', 'resprouting_capacity_non_fire_disturbance': 'resprouts_non_fire_disturbance (f)', 'resprouting_capacity_juvenile': 'juvenile_fire_killed (f)', 'fire_time_from_fire_to_fruiting': '37.906976744186 (1)', 'fire_time_from_fire_to_flowering': '36 (1); 36.2790697674419 (1)'}"
Corymbia maculata,Myrtaceae,Corymbia,native,"{'post_fire_recruitment': 'post_fire_recruitment (V)', 'resprouting_capacity': 'resprouts (5)', 'resprouting_capacity_non_fire_disturbance': 'resprouts_non_fire_disturbance (f)', 'resprouting_capacity_juvenile': 'juvenile_fire_killed (f)'}"
Corymbia torelliana,Myrtaceae,Corymbia,Exotic,"{'post_fire_recruitment': 'post_fire_recruitment (f)', 'resprouting_capacity': 'resprouts (1)', 'resprouting_capacity_non_fire_disturbance': 'resprouts_non_fire_disturbance (f)', 'resprouting_capacity_juvenile': 'juvenile_fire_killed (f)'}"
Cosmos sulphureus,Asteraceae,Cosmos,Exotic,"{'post_fire_recruitment': 'post_fire_recruitment (f)', 'resprouting_capacity': 'fire_killed (f)', 'resprouting_capacity_non_fire_disturbance': 'resprouts_non_fire_disturbance (f)', 'resprouting_capacity_juvenile': 'juvenile_fire_killed (f)', 'fire_time_from_fire_to_flowering': '12 (f)'}"
Cotoneaster coriaceus,Rosaceae,Cotoneaster,exotic,{'resprouting_capacity': 'resprouts (f)'}
Cotoneaster glaucophyllus,Rosaceae,Cotoneaster,Exotic,"{'resprouting_capacity': 'resprouts (3)', 'fire_time_from_fire_to_fruiting': '28.3720930232558 (1)', 'fire_time_from_fire_to_flowering': '24 (1); 24.1860465116279 (1); 36 (1); 36.2790697674419 (1)'}"
Cotoneaster pannosus,Rosaceae,Cotoneaster,Exotic,{'resprouting_capacity': 'resprouts (f)'}
Cotula australis,Asteraceae,Cotula,native,"{'post_fire_recruitment': 'post_fire_recruitment (1)', 'resprouting_capacity': 'fire_killed (4)', 'resprouting_capacity_non_fire_disturbance': 'resprouts_non_fire_disturbance (f)', 'resprouting_capacity_juvenile': 'juvenile_fire_killed (f)', 'fire_time_from_fire_to_fruiting': '3.48837209302326 (1)', 'fire_time_from_fire_to_flowering': '12 (f)'}"
Cotula coronopifolia,Asteraceae,Cotula,Exotic,"{'post_fire_recruitment': 'post_fire_recruitment (f)', 'resprouting_capacity': 'fire_killed (1)', 'resprouting_capacity_non_fire_disturbance': 'resprouts_non_fire_disturbance (f)', 'resprouting_capacity_juvenile': 'juvenile_fire_killed (f)', 'fire_time_from_fire_to_flowering': '12 (f)'}"
Crassocephalum crepidioides,Asteraceae,Crassocephalum,Exotic,"{'post_fire_recruitment': 'post_fire_recruitment (f)', 'resprouting_capacity': 'fire_killed (3)', 'resprouting_capacity_non_fire_disturbance': 'resprouts_non_fire_disturbance (f)', 'resprouting_capacity_juvenile': 'juvenile_fire_killed (f)', 'fire_time_from_fire_to_fruiting': '3.48837209302326 (1)', 'fire_time_from_fire_to_flowering': '3.48837209302326 (1); 9.06976744186047 (1)'}"
Crassula helmsii,Crassulaceae,Crassula,Native,"{'post_fire_recruitment': 'post_fire_recruitment (1)', 'resprouting_capacity': 'fire_killed (1)'}"
Crassula multicava,Crassulaceae,Crassula,Exotic,"{'resprouting_capacity': 'resprouts (2)', 'fire_time_from_fire_to_flowering': '8.83720930232558 (1)'}"
Crassula sieberiana,Crassulaceae,Crassula,Exotic,"{'post_fire_recruitment': 'post_fire_recruitment (2)', 'resprouting_capacity': 'fire_killed (V)', 'resprouting_capacity_juvenile': 'juvenile_fire_killed (1)', 'fire_time_from_fire_to_fruiting': '6.04651162790698 (1)', 'fire_time_from_fire_to_flowering': '12 (1); 6.04651162790698 (1)'}"
Crepis capillaris,Asteraceae,Crepis,Exotic,"{'post_fire_recruitment': 'post_fire_recruitment (f)', 'resprouting_capacity': 'partial_resprouting (1)', 'resprouting_capacity_non_fire_disturbance': 'resprouts_non_fire_disturbance (f)', 'resprouting_capacity_juvenile': 'juvenile_fire_killed (f)', 'fire_time_from_fire_to_flowering': '12 (1)'}"
Crinum pedunculatum,Amaryllidaceae,Crinum,native,"{'resprouting_capacity': 'resprouts (1)', 'resprouting_capacity_non_fire_disturbance': 'resprouts_non_fire_disturbance (1)'}"
Crowea saligna,Rutaceae,Crowea,native,"{'post_fire_recruitment': 'post_fire_recruitment (1)', 'resprouting_capacity': 'fire_killed (3)'}"
Cryptandra amara,Rhamnaceae,Cryptandra,native,"{'post_fire_recruitment': 'post_fire_recruitment (V)', 'resprouting_capacity': 'fire_killed (V)', 'resprouting_capacity_juvenile': 'juvenile_fire_killed (1)', 'fire_time_from_fire_to_fruiting': '17.4418604651163 (1); 36 (1)', 'fire_time_from_fire_to_flowering': '16.5116279069767 (1)', 'fire_time_from_fire_to_peak_flowering': '36 (1); 60 (1)'}"
Cryptandra ericoides,Rhamnaceae,Cryptandra,native,"{'resprouting_capacity': 'fire_killed (4)', 'fire_time_from_fire_to_flowering': '14.8837209302326 (1)'}"
Cryptandra propinqua,Rhamnaceae,Cryptandra,native,{'resprouting_capacity': 'fire_killed (1)'}
Cryptandra spinescens,Rhamnaceae,Cryptandra,native,{'resprouting_capacity': 'fire_killed (f)'}
Cryptostylis erecta,Orchidaceae,Cryptostylis,native,"{'post_fire_recruitment': 'post_fire_recruitment_absent (f)', 'post_fire_flowering': 'fire_suppressed_flowering (1)', 'resprouting_capacity': 'resprouts (V)', 'resprouting_capacity_non_fire_disturbance': 'resprouts_non_fire_disturbance (1)', 'resprouting_capacity_juvenile': 'juvenile_resprout (f)', 'fire_time_from_fire_to_fruiting': '25.1162790697674 (1)', 'fire_time_from_fire_to_flowering': '10.6976744186047 (1)'}"
Cryptostylis subulata,,,native,"{'resprouting_capacity': 'resprouts (V)', 'resprouting_capacity_non_fire_disturbance': 'resprouts_non_fire_disturbance (1)', 'resprouting_capacity_juvenile': 'juvenile_resprout (1)', 'fire_time_from_fire_to_fruiting': '23.4883720930233 (1)', 'fire_time_from_fire_to_flowering': '23.4883720930233 (1); 24 (1)'}"
Cupaniopsis anacardioides,Sapindaceae,Cupaniopsis,native,"{'post_fire_recruitment': 'post_fire_recruitment_absent (1)', 'resprouting_capacity': 'resprouts (V)'}"
Cyanicula caerulea,Orchidaceae,Cyanicula,native,"{'post_fire_recruitment': 'post_fire_recruitment_absent (1)', 'post_fire_flowering': 'fire_enhanced_flowering (f)', 'resprouting_capacity': 'resprouts (7)', 'resprouting_capacity_non_fire_disturbance': 'resprouts_non_fire_disturbance (4)', 'resprouting_capacity_juvenile': 'juvenile_resprout (1)', 'fire_time_from_fire_to_flowering': '12 (2)'}"
Cyanthillium cinereum,Asteraceae,Cyanthillium,Exotic,"{'post_fire_recruitment': 'post_fire_recruitment (f)', 'resprouting_capacity': 'fire_killed (4)', 'resprouting_capacity_non_fire_disturbance': 'resprouts_non_fire_disturbance (f)', 'resprouting_capacity_juvenile': 'juvenile_fire_killed (f)', 'fire_time_from_fire_to_flowering': '12 (f)'}"
Cyathochaeta diandra,Cyperaceae,Cyathochaeta,native,"{'post_fire_recruitment': 'post_fire_recruitment (1)', 'resprouting_capacity': 'resprouts (4)', 'resprouting_capacity_non_fire_disturbance': 'resprouts_non_fire_disturbance (1)', 'resprouting_capacity_juvenile': 'juvenile_fire_killed (f)', 'fire_time_from_fire_to_fruiting': '13.0232558139535 (1)', 'fire_time_from_fire_to_flowering': '10.4651162790698 (1); 3.6 (1)', 'fire_time_from_fire_to_peak_flowering': '12 (1)'}"
Cyclospermum leptophyllum,Apiaceae,Cyclospermum,Exotic,"{'resprouting_capacity': 'fire_killed (2)', 'fire_time_from_fire_to_fruiting': '10 (1)', 'fire_time_from_fire_to_flowering': '6.51162790697674 (1)'}"
Cycnogeton multifructum,Juncaginaceae,Cycnogeton,native,"{'resprouting_capacity': 'resprouts (1)', 'resprouting_capacity_non_fire_disturbance': 'resprouts_non_fire_disturbance (1)'}"
Cycnogeton procerum,Juncaginaceae,Cycnogeton,native,"{'resprouting_capacity': 'resprouts (9)', 'resprouting_capacity_non_fire_disturbance': 'resprouts_non_fire_disturbance (7)', 'fire_time_from_fire_to_fruiting': '4.65116279069767 (1)', 'fire_time_from_fire_to_flowering': '4.65116279069767 (V)'}"
Cymbidium canaliculatum,Orchidaceae,Cymbidium,native,"{'post_fire_recruitment': 'post_fire_recruitment_absent (f)', 'post_fire_flowering': 'fire_enhanced_flowering (f)', 'resprouting_capacity': 'resprouts (V)', 'resprouting_capacity_non_fire_disturbance': 'resprouts_non_fire_disturbance (f)', 'resprouting_capacity_juvenile': 'juvenile_resprout (f)', 'fire_time_from_fire_to_flowering': '12 (f)'}"
Cymbidium suave,Orchidaceae,Cymbidium,native,"{'post_fire_recruitment': 'post_fire_recruitment_absent (f)', 'post_fire_flowering': 'fire_enhanced_flowering (f)', 'resprouting_capacity': 'fire_killed (3); resprouts (3)', 'resprouting_capacity_non_fire_disturbance': 'resprouts_non_fire_disturbance (f)', 'resprouting_capacity_juvenile': 'juvenile_fire_killed (1)', 'fire_time_from_fire_to_flowering': '21.3953488372093 (1)'}"
Cymbonotus lawsonianus,Asteraceae,Cymbonotus,native,"{'post_fire_recruitment': 'post_fire_recruitment (f)', 'resprouting_capacity': 'fire_killed (1); resprouts (1)', 'resprouting_capacity_non_fire_disturbance': 'resprouts_non_fire_disturbance (1)', 'resprouting_capacity_juvenile': 'juvenile_fire_killed (f)', 'fire_time_from_fire_to_flowering': '12 (f)'}"
Cymbopogon refractus,Poaceae,Cymbopogon,native,"{'post_fire_recruitment': 'post_fire_recruitment_absent (1)', 'resprouting_capacity': 'partial_resprouting (V)', 'resprouting_capacity_non_fire_disturbance': 'resprouts_non_fire_disturbance (f)', 'resprouting_capacity_juvenile': 'juvenile_resprout (1)', 'resprouting_capacity_proportion_individuals': '1 (3)', 'fire_time_from_fire_to_fruiting': '4.41860465116279 (1)', 'fire_time_from_fire_to_flowering': '2.09302325581395 (1); 3.6 (1); 4.41860465116279 (1)'}"
Cynodon dactylon,Poaceae,Cynodon,native,"{'post_fire_recruitment': 'post_fire_recruitment (f)', 'resprouting_capacity': 'resprouts (V)', 'resprouting_capacity_non_fire_disturbance': 'resprouts_non_fire_disturbance (1)', 'resprouting_capacity_juvenile': 'juvenile_resprout (f)', 'resprouting_capacity_proportion_individuals': '1 (f)', 'fire_time_from_fire_to_flowering': '12 (f)'}"
Cyperus aggregatus,Cyperaceae,Cyperus,Exotic,"{'resprouting_capacity': 'resprouts (f)', 'resprouting_capacity_non_fire_disturbance': 'resprouts_non_fire_disturbance (f)', 'resprouting_capacity_juvenile': 'juvenile_fire_killed (f)'}"
Cyperus albostriatus,Cyperaceae,Cyperus,Exotic,"{'resprouting_capacity': 'resprouts (3)', 'resprouting_capacity_non_fire_disturbance': 'resprouts_non_fire_disturbance (f)', 'resprouting_capacity_juvenile': 'juvenile_fire_killed (f)', 'fire_time_from_fire_to_flowering': '12 (1); 6.04651162790698 (1)'}"
Cyperus alterniflorus,Cyperaceae,Cyperus,native,"{'resprouting_capacity': 'resprouts (f)', 'resprouting_capacity_non_fire_disturbance': 'resprouts_non_fire_disturbance (f)', 'resprouting_capacity_juvenile': 'juvenile_fire_killed (f)'}"
Cyperus brevifolius,Cyperaceae,Cyperus,Exotic,"{'resprouting_capacity': 'resprouts (2)', 'resprouting_capacity_non_fire_disturbance': 'resprouts_non_fire_disturbance (f)', 'resprouting_capacity_juvenile': 'juvenile_fire_killed (f)', 'fire_time_from_fire_to_fruiting': '2.32558139534884 (1)', 'fire_time_from_fire_to_flowering': '2.32558139534884 (1); 2.4 (1)'}"
Cyperus congestus,Cyperaceae,Cyperus,Exotic,"{'resprouting_capacity': 'fire_killed (1)', 'resprouting_capacity_non_fire_disturbance': 'resprouts_non_fire_disturbance (f)', 'resprouting_capacity_juvenile': 'juvenile_fire_killed (f)'}"
Cyperus difformis,Cyperaceae,Cyperus,native,"{'resprouting_capacity': 'fire_killed (1)', 'resprouting_capacity_non_fire_disturbance': 'resprouts_non_fire_disturbance (f)', 'resprouting_capacity_juvenile': 'juvenile_fire_killed (f)'}"
Cyperus enervis,Cyperaceae,Cyperus,native,"{'resprouting_capacity': 'resprouts (f)', 'resprouting_capacity_non_fire_disturbance': 'resprouts_non_fire_disturbance (f)', 'resprouting_capacity_juvenile': 'juvenile_fire_killed (f)'}"
Cyperus eragrostis,Cyperaceae,Cyperus,Exotic,"{'resprouting_capacity': 'resprouts (V)', 'resprouting_capacity_non_fire_disturbance': 'resprouts_non_fire_disturbance (f)', 'resprouting_capacity_juvenile': 'juvenile_fire_killed (1)', 'fire_time_from_fire_to_fruiting': '2.32558139534884 (1)', 'fire_time_from_fire_to_flowering': '2.32558139534884 (1); 4.8 (1)'}"
Cyperus gracilis,Cyperaceae,Cyperus,native,"{'resprouting_capacity': 'fire_killed (1); resprouts (1)', 'resprouting_capacity_non_fire_disturbance': 'resprouts_non_fire_disturbance (f)', 'resprouting_capacity_juvenile': 'juvenile_fire_killed (f)'}"
Cyperus imbecillis,Cyperaceae,Cyperus,native,"{'resprouting_capacity': 'resprouts (f)', 'resprouting_capacity_non_fire_disturbance': 'resprouts_non_fire_disturbance (f)', 'resprouting_capacity_juvenile': 'juvenile_fire_killed (f)'}"
Cyperus involucratus,Cyperaceae,Cyperus,Exotic,"{'resprouting_capacity': 'resprouts (f)', 'resprouting_capacity_non_fire_disturbance': 'resprouts_non_fire_disturbance (f)', 'resprouting_capacity_juvenile': 'juvenile_fire_killed (f)'}"
Cyperus laevis,Cyperaceae,Cyperus,native,"{'resprouting_capacity': 'resprouts (f)', 'resprouting_capacity_non_fire_disturbance': 'resprouts_non_fire_disturbance (f)', 'resprouting_capacity_juvenile': 'juvenile_fire_killed (f)'}"
Cyperus mirus,Cyperaceae,Cyperus,native,"{'resprouting_capacity': 'resprouts (f)', 'resprouting_capacity_non_fire_disturbance': 'resprouts_non_fire_disturbance (f)', 'resprouting_capacity_juvenile': 'juvenile_fire_killed (f)'}"
Cyperus odoratus,Cyperaceae,Cyperus,native,"{'resprouting_capacity': 'resprouts (f)', 'resprouting_capacity_non_fire_disturbance': 'resprouts_non_fire_disturbance (f)', 'resprouting_capacity_juvenile': 'juvenile_fire_killed (f)'}"
Cyperus platystylis,Cyperaceae,Cyperus,native,"{'resprouting_capacity': 'fire_killed (2)', 'resprouting_capacity_non_fire_disturbance': 'resprouts_non_fire_disturbance (f)', 'resprouting_capacity_juvenile': 'juvenile_fire_killed (f)'}"
Cyperus polystachyos,Cyperaceae,Cyperus,native,"{'resprouting_capacity': 'fire_killed (V)', 'resprouting_capacity_non_fire_disturbance': 'resprouts_non_fire_disturbance (f)', 'resprouting_capacity_juvenile': 'juvenile_fire_killed (f)', 'fire_time_from_fire_to_flowering': '2.32558139534884 (1)'}"
Cyperus reflexus,Cyperaceae,Cyperus,Exotic,"{'resprouting_capacity': 'resprouts (f)', 'resprouting_capacity_non_fire_disturbance': 'resprouts_non_fire_disturbance (f)', 'resprouting_capacity_juvenile': 'juvenile_fire_killed (f)'}"
Cyperus rotundus,Cyperaceae,Cyperus,Exotic,"{'resprouting_capacity': 'resprouts (f)', 'resprouting_capacity_non_fire_disturbance': 'resprouts_non_fire_disturbance (f)', 'resprouting_capacity_juvenile': 'juvenile_fire_killed (f)'}"
Cyperus sesquiflorus,Cyperaceae,Cyperus,Exotic,"{'resprouting_capacity': 'resprouts (f)', 'resprouting_capacity_non_fire_disturbance': 'resprouts_non_fire_disturbance (f)', 'resprouting_capacity_juvenile': 'juvenile_fire_killed (f)'}"
Cyperus tetraphyllus,Cyperaceae,Cyperus,native,"{'resprouting_capacity': 'resprouts (f)', 'resprouting_capacity_non_fire_disturbance': 'resprouts_non_fire_disturbance (f)', 'resprouting_capacity_juvenile': 'juvenile_fire_killed (f)'}"
Cytisus scoparius,Fabaceae,Cytisus,Exotic,"{'post_fire_recruitment': 'post_fire_recruitment (1)', 'resprouting_capacity': 'fire_killed (2)', 'resprouting_capacity_non_fire_disturbance': 'resprouts_non_fire_disturbance (f)', 'resprouting_capacity_juvenile': 'juvenile_fire_killed (1)'}"
Dactylis glomerata,Poaceae,Dactylis,Exotic,"{'post_fire_recruitment': 'post_fire_recruitment (f)', 'resprouting_capacity': 'fire_killed (1); resprouts (1)', 'resprouting_capacity_non_fire_disturbance': 'resprouts_non_fire_disturbance (f)', 'resprouting_capacity_juvenile': 'juvenile_resprout (f)', 'resprouting_capacity_proportion_individuals': '1 (f)', 'fire_time_from_fire_to_flowering': '12 (f)'}"
Dactyloctenium aegyptium,Poaceae,Dactyloctenium,Exotic,"{'post_fire_recruitment': 'post_fire_recruitment (f)', 'resprouting_capacity': 'fire_killed (2)', 'resprouting_capacity_non_fire_disturbance': 'resprouts_non_fire_disturbance (f)', 'resprouting_capacity_juvenile': 'juvenile_resprout (f)', 'resprouting_capacity_proportion_individuals': '1 (f)', 'fire_time_from_fire_to_flowering': '12 (f)'}"
Dampiera stricta,Goodeniaceae,Dampiera,native,"{'post_fire_recruitment': 'post_fire_recruitment (2)', 'resprouting_capacity': 'resprouts (7)', 'resprouting_capacity_non_fire_disturbance': 'resprouts_non_fire_disturbance (2)', 'resprouting_capacity_juvenile': 'juvenile_fire_killed (1)', 'fire_time_from_fire_to_fruiting': '14.8837209302326 (1)', 'fire_time_from_fire_to_flowering': '12 (1); 7.2093023255814 (1)', 'fire_time_from_fire_to_peak_flowering': '24 (1); 36 (1)'}"
Darwinia fascicularis,,,native,{'resprouting_capacity': 'fire_killed (1)'}
Datura stramonium,Solanaceae,Datura,Exotic,"{'fire_time_from_fire_to_fruiting': '2.7906976744186 (1)', 'fire_time_from_fire_to_flowering': '1.86046511627907 (1)'}"
Daviesia acicularis,Fabaceae,Daviesia,native,"{'post_fire_recruitment': 'post_fire_recruitment (1)', 'resprouting_capacity': 'fire_killed (2)', 'resprouting_capacity_non_fire_disturbance': 'resprouts_non_fire_disturbance (f)', 'resprouting_capacity_juvenile': 'juvenile_fire_killed (f)'}"
Daviesia corymbosa,Fabaceae,Daviesia,native,"{'post_fire_recruitment': 'post_fire_recruitment (1)', 'resprouting_capacity': 'resprouts (V)', 'resprouting_capacity_non_fire_disturbance': 'resprouts_non_fire_disturbance (f)', 'resprouting_capacity_juvenile': 'juvenile_fire_killed (f)'}"
Daviesia genistifolia,Fabaceae,Daviesia,native,"{'post_fire_recruitment': 'post_fire_recruitment (1)', 'resprouting_capacity': 'fire_killed (V)', 'resprouting_capacity_non_fire_disturbance': 'resprouts_non_fire_disturbance (f)', 'resprouting_capacity_juvenile': 'juvenile_fire_killed (f)'}"
Daviesia squarrosa,Fabaceae,Daviesia,native,"{'post_fire_recruitment': 'post_fire_recruitment (f)', 'resprouting_capacity': 'fire_killed (1); partial_resprouting (1)', 'resprouting_capacity_non_fire_disturbance': 'resprouts_non_fire_disturbance (f)', 'resprouting_capacity_juvenile': 'juvenile_fire_killed (f)'}"
Daviesia ulicifolia,Fabaceae,Daviesia,native,"{'post_fire_recruitment': 'post_fire_recruitment (2)', 'resprouting_capacity': 'fire_killed (3); resprouts (3)', 'resprouting_capacity_non_fire_disturbance': 'resprouts_non_fire_disturbance (f)', 'resprouting_capacity_juvenile': 'juvenile_fire_killed (1)', 'fire_time_from_fire_to_fruiting': '48.3720930232558 (1)', 'fire_time_from_fire_to_flowering': '8.6046511627907 (1)'}"
Delairea odorata,Asteraceae,Delairea,Exotic,"{'post_fire_recruitment': 'post_fire_recruitment (f)', 'resprouting_capacity': 'fire_killed (1)', 'resprouting_capacity_non_fire_disturbance': 'resprouts_non_fire_disturbance (f)', 'resprouting_capacity_juvenile': 'juvenile_fire_killed (f)', 'fire_time_from_fire_to_flowering': '29.0697674418605 (1)'}"
Dendrobium kingianum,Orchidaceae,Dendrobium,native,"{'post_fire_recruitment': 'post_fire_recruitment_absent (f)', 'post_fire_flowering': 'fire_enhanced_flowering (f)', 'resprouting_capacity': 'resprouts (f)', 'resprouting_capacity_non_fire_disturbance': 'resprouts_non_fire_disturbance (f)', 'resprouting_capacity_juvenile': 'juvenile_resprout (f)', 'fire_time_from_fire_to_flowering': '12 (f)'}"
Dendrobium speciosum,Orchidaceae,Dendrobium,native,"{'post_fire_recruitment': 'post_fire_recruitment_absent (f)', 'post_fire_flowering': 'fire_enhanced_flowering (f)', 'resprouting_capacity': 'fire_killed (V)', 'resprouting_capacity_non_fire_disturbance': 'resprouts_non_fire_disturbance (2)', 'resprouting_capacity_juvenile': 'juvenile_resprout (f)', 'fire_time_from_fire_to_flowering': '12 (f)'}"
Dendrophthoe vitellina,Loranthaceae,Dendrophthoe,native,"{'post_fire_recruitment': 'post_fire_recruitment_absent (1)', 'resprouting_capacity': 'fire_killed (2)'}"
Denhamia silvestris,Celastraceae,Denhamia,native,"{'post_fire_recruitment': 'post_fire_recruitment_absent (1)', 'resprouting_capacity': 'resprouts (5)', 'resprouting_capacity_non_fire_disturbance': 'resprouts_non_fire_disturbance (1)', 'fire_time_from_fire_to_fruiting': '28.8372093023256 (1)', 'fire_time_from_fire_to_flowering': '24 (1); 24.1860465116279 (1); 36 (1); 36.2790697674419 (1)'}"
Desmodium rhytidophyllum,Fabaceae,Desmodium,native,"{'post_fire_recruitment': 'post_fire_recruitment (1)', 'resprouting_capacity': 'resprouts (V)', 'resprouting_capacity_non_fire_disturbance': 'resprouts_non_fire_disturbance (f)', 'resprouting_capacity_juvenile': 'juvenile_fire_killed (f)', 'fire_time_from_fire_to_fruiting': '3.02325581395349 (1)', 'fire_time_from_fire_to_flowering': '3.02325581395349 (1); 3.6 (1)'}"
Desmodium varians,Fabaceae,Desmodium,native,"{'post_fire_recruitment': 'post_fire_recruitment (2)', 'resprouting_capacity': 'resprouts (3)', 'resprouting_capacity_non_fire_disturbance': 'resprouts_non_fire_disturbance (f)', 'resprouting_capacity_juvenile': 'juvenile_fire_killed (1)', 'fire_time_from_fire_to_flowering': '12 (1)'}"
Deyeuxia appressa,Poaceae,Deyeuxia,native,"{'post_fire_recruitment': 'post_fire_recruitment (f)', 'resprouting_capacity': 'resprouts (f)', 'resprouting_capacity_non_fire_disturbance': 'resprouts_non_fire_disturbance (f)', 'resprouting_capacity_juvenile': 'juvenile_resprout (f)', 'resprouting_capacity_proportion_individuals': '1 (f)', 'fire_time_from_fire_to_flowering': '12 (f)'}"
Deyeuxia quadriseta,Poaceae,Deyeuxia,native,"{'post_fire_recruitment': 'post_fire_recruitment (f)', 'resprouting_capacity': 'partial_resprouting (V)', 'resprouting_capacity_non_fire_disturbance': 'resprouts_non_fire_disturbance (f)', 'resprouting_capacity_juvenile': 'juvenile_resprout (f)', 'resprouting_capacity_proportion_individuals': '1 (V)', 'fire_time_from_fire_to_fruiting': '10.2325581395349 (1)', 'fire_time_from_fire_to_flowering': '12 (V)'}"
Dianella caerulea,Hemerocallidaceae,Dianella,native,"{'resprouting_capacity': 'resprouts (V)', 'resprouting_capacity_non_fire_disturbance': 'resprouts_non_fire_disturbance (1)', 'resprouting_capacity_juvenile': 'juvenile_fire_killed (1)', 'fire_time_from_fire_to_fruiting': '11.3953488372093 (1)', 'fire_time_from_fire_to_flowering': '12 (1); 12.093023255814 (1); 9.53488372093023 (1)'}"
Dianella longifolia,Hemerocallidaceae,Dianella,native,"{'resprouting_capacity': 'resprouts (3)', 'resprouting_capacity_non_fire_disturbance': 'resprouts_non_fire_disturbance (2)'}"
Dianella prunina,Hemerocallidaceae,Dianella,native,"{'resprouting_capacity': 'resprouts (3)', 'fire_time_from_fire_to_fruiting': '11.8604651162791 (1)', 'fire_time_from_fire_to_flowering': '10 (1); 12 (1); 12.093023255814 (1)'}"
Dianella revoluta,Hemerocallidaceae,Dianella,native,"{'post_fire_recruitment': 'post_fire_recruitment_absent (2)', 'resprouting_capacity': 'resprouts (9)', 'resprouting_capacity_non_fire_disturbance': 'resprouts_non_fire_disturbance (1)', 'resprouting_capacity_juvenile': 'juvenile_resprout (1)', 'fire_time_from_fire_to_flowering': '24 (V)'}"
Dichanthium sericeum,Poaceae,Dichanthium,native,"{'post_fire_recruitment': 'post_fire_recruitment (f)', 'resprouting_capacity': 'partial_resprouting (V)', 'resprouting_capacity_non_fire_disturbance': 'resprouts_non_fire_disturbance (f)', 'resprouting_capacity_juvenile': 'juvenile_resprout (1)', 'resprouting_capacity_proportion_individuals': '1 (V)', 'fire_time_from_fire_to_flowering': '12 (f)'}"
Dichelachne crinita,Poaceae,Dichelachne,native,"{'post_fire_recruitment': 'post_fire_recruitment_absent (1)', 'resprouting_capacity': 'resprouts (V)', 'resprouting_capacity_non_fire_disturbance': 'resprouts_non_fire_disturbance (f)', 'resprouting_capacity_juvenile': 'juvenile_fire_killed (1)', 'resprouting_capacity_proportion_individuals': '1 (f)', 'fire_time_from_fire_to_fruiting': '11.3953488372093 (1)', 'fire_time_from_fire_to_flowering': '12 (1); 12.093023255814 (1); 30 (1); 8.6046511627907 (1)'}"
Dichelachne inaequiglumis,Poaceae,Dichelachne,native,"{'post_fire_recruitment': 'post_fire_recruitment (1)', 'resprouting_capacity': 'resprouts (2)', 'resprouting_capacity_non_fire_disturbance': 'resprouts_non_fire_disturbance (f)', 'resprouting_capacity_juvenile': 'juvenile_fire_killed (1)', 'resprouting_capacity_proportion_individuals': '1 (f)', 'fire_time_from_fire_to_flowering': '12 (f)'}"
Dichelachne micrantha,Poaceae,Dichelachne,native,"{'post_fire_recruitment': 'post_fire_recruitment (1)', 'resprouting_capacity': 'resprouts (4)', 'resprouting_capacity_non_fire_disturbance': 'resprouts_non_fire_disturbance (f)', 'resprouting_capacity_juvenile': 'juvenile_resprout (f)', 'resprouting_capacity_proportion_individuals': '1 (f)', 'fire_time_from_fire_to_flowering': '12 (V)'}"
Dichelachne parva,Poaceae,Dichelachne,native,"{'post_fire_recruitment': 'post_fire_recruitment (f)', 'resprouting_capacity': 'resprouts (f)', 'resprouting_capacity_non_fire_disturbance': 'resprouts_non_fire_disturbance (f)', 'resprouting_capacity_juvenile': 'juvenile_resprout (f)', 'resprouting_capacity_proportion_individuals': '1 (f)', 'fire_time_from_fire_to_flowering': '9.06976744186047 (1)'}"
Dichelachne rara,Poaceae,Dichelachne,native,"{'post_fire_recruitment': 'post_fire_recruitment (f)', 'resprouting_capacity': 'resprouts (V)', 'resprouting_capacity_non_fire_disturbance': 'resprouts_non_fire_disturbance (f)', 'resprouting_capacity_juvenile': 'juvenile_fire_killed (1)', 'resprouting_capacity_proportion_individuals': '1 (f)', 'fire_time_from_fire_to_flowering': '12 (1); 9.53488372093023 (1)'}"
Dichelachne sieberiana,Poaceae,Dichelachne,native,"{'post_fire_recruitment': 'post_fire_recruitment (f)', 'resprouting_capacity': 'partial_resprouting (V)', 'resprouting_capacity_non_fire_disturbance': 'resprouts_non_fire_disturbance (f)', 'resprouting_capacity_juvenile': 'juvenile_resprout (f)', 'resprouting_capacity_proportion_individuals': '0 (3)', 'fire_time_from_fire_to_flowering': '12 (f)'}"
Dichondra repens,Convolvulaceae,Dichondra,native,"{'post_fire_recruitment': 'post_fire_recruitment (1)', 'resprouting_capacity': 'resprouts (V)', 'resprouting_capacity_non_fire_disturbance': 'resprouts_non_fire_disturbance (1)', 'resprouting_capacity_juvenile': 'juvenile_fire_killed (1)', 'fire_time_from_fire_to_fruiting': '4.18604651162791 (1)'}"
Dietes grandiflora,Iridaceae,Dietes,Exotic,{'resprouting_capacity': 'resprouts (f)'}
Dietes robinsoniana,Iridaceae,Dietes,Exotic,{'resprouting_capacity': 'resprouts (f)'}
Digitaria aequiglumis,Poaceae,Digitaria,Exotic,"{'post_fire_recruitment': 'post_fire_recruitment (f)', 'resprouting_capacity': 'resprouts (f)', 'resprouting_capacity_non_fire_disturbance': 'resprouts_non_fire_disturbance (f)', 'resprouting_capacity_juvenile': 'juvenile_resprout (f)', 'resprouting_capacity_proportion_individuals': '1 (f)', 'fire_time_from_fire_to_flowering': '12 (f)'}"
Digitaria ciliaris,Poaceae,Digitaria,Exotic,"{'post_fire_recruitment': 'post_fire_recruitment (f)', 'resprouting_capacity': 'fire_killed (2)', 'resprouting_capacity_non_fire_disturbance': 'resprouts_non_fire_disturbance (f)', 'resprouting_capacity_juvenile': 'juvenile_resprout (f)', 'resprouting_capacity_proportion_individuals': '1 (f)', 'fire_time_from_fire_to_flowering': '12 (f)'}"
Digitaria didactyla,Poaceae,Digitaria,native,"{'post_fire_recruitment': 'post_fire_recruitment (f)', 'resprouting_capacity': 'fire_killed (1); resprouts (1)', 'resprouting_capacity_non_fire_disturbance': 'resprouts_non_fire_disturbance (1)', 'resprouting_capacity_juvenile': 'juvenile_resprout (f)', 'resprouting_capacity_proportion_individuals': '1 (f)', 'fire_time_from_fire_to_flowering': '12 (f)'}"
Digitaria diffusa,Poaceae,Digitaria,native,"{'post_fire_recruitment': 'post_fire_recruitment (f)', 'resprouting_capacity': 'fire_killed (V)', 'resprouting_capacity_non_fire_disturbance': 'resprouts_non_fire_disturbance (1)', 'resprouting_capacity_juvenile': 'juvenile_resprout (f)', 'resprouting_capacity_proportion_individuals': '1 (f)', 'fire_time_from_fire_to_flowering': '12 (f)'}"
Digitaria eriantha,Poaceae,Digitaria,Exotic,"{'post_fire_recruitment': 'post_fire_recruitment (f)', 'resprouting_capacity': 'resprouts (f)', 'resprouting_capacity_non_fire_disturbance': 'resprouts_non_fire_disturbance (f)', 'resprouting_capacity_juvenile': 'juvenile_resprout (f)', 'resprouting_capacity_proportion_individuals': '1 (f)', 'fire_time_from_fire_to_flowering': '12 (f)'}"
Digitaria parviflora,Poaceae,Digitaria,native,"{'post_fire_recruitment': 'post_fire_recruitment (f)', 'resprouting_capacity': 'resprouts (5)', 'resprouting_capacity_non_fire_disturbance': 'resprouts_non_fire_disturbance (1)', 'resprouting_capacity_juvenile': 'juvenile_resprout (f)', 'resprouting_capacity_proportion_individuals': '1 (f)', 'fire_time_from_fire_to_fruiting': '6.97674418604651 (1)', 'fire_time_from_fire_to_flowering': '12 (1); 3.02325581395349 (1); 6.97674418604651 (1)'}"
Digitaria ramularis,Poaceae,Digitaria,native,"{'post_fire_recruitment': 'post_fire_recruitment (f)', 'resprouting_capacity': 'resprouts (1)', 'resprouting_capacity_non_fire_disturbance': 'resprouts_non_fire_disturbance (1)', 'resprouting_capacity_juvenile': 'juvenile_resprout (f)', 'resprouting_capacity_proportion_individuals': '1 (f)', 'fire_time_from_fire_to_flowering': '12 (f)'}"
Digitaria sanguinalis,Poaceae,Digitaria,Exotic,"{'post_fire_recruitment': 'post_fire_recruitment (f)', 'resprouting_capacity': 'resprouts (1)', 'resprouting_capacity_non_fire_disturbance': 'resprouts_non_fire_disturbance (f)', 'resprouting_capacity_juvenile': 'juvenile_resprout (f)', 'resprouting_capacity_proportion_individuals': '1 (f)', 'fire_time_from_fire_to_flowering': '12 (f)'}"
Digitaria velutina,Poaceae,Digitaria,Exotic,"{'post_fire_recruitment': 'post_fire_recruitment (f)', 'resprouting_capacity': 'resprouts (f)', 'resprouting_capacity_non_fire_disturbance': 'resprouts_non_fire_disturbance (f)', 'resprouting_capacity_juvenile': 'juvenile_resprout (f)', 'resprouting_capacity_proportion_individuals': '1 (f)', 'fire_time_from_fire_to_flowering': '12 (f)'}"
Digitaria violascens,Poaceae,Digitaria,Exotic,"{'post_fire_recruitment': 'post_fire_recruitment (f)', 'resprouting_capacity': 'resprouts (f)', 'resprouting_capacity_non_fire_disturbance': 'resprouts_non_fire_disturbance (f)', 'resprouting_capacity_juvenile': 'juvenile_resprout (f)', 'resprouting_capacity_proportion_individuals': '1 (f)', 'fire_time_from_fire_to_flowering': '12 (f)'}"
Dillwynia elegans,Fabaceae,Dillwynia,native,"{'post_fire_recruitment': 'post_fire_recruitment (1)', 'resprouting_capacity': 'fire_killed (2)', 'resprouting_capacity_non_fire_disturbance': 'resprouts_non_fire_disturbance (f)', 'resprouting_capacity_juvenile': 'juvenile_fire_killed (f)'}"
Dillwynia floribunda,Fabaceae,Dillwynia,native,"{'post_fire_recruitment': 'post_fire_recruitment (1)', 'resprouting_capacity': 'fire_killed (4)', 'resprouting_capacity_non_fire_disturbance': 'resprouts_non_fire_disturbance (f)', 'resprouting_capacity_juvenile': 'juvenile_fire_killed (f)', 'fire_time_from_fire_to_flowering': '20.9302325581395 (1)'}"
Dillwynia parvifolia,Fabaceae,Dillwynia,native,"{'post_fire_recruitment': 'post_fire_recruitment (f)', 'resprouting_capacity': 'fire_killed (f)', 'resprouting_capacity_non_fire_disturbance': 'resprouts_non_fire_disturbance (f)', 'resprouting_capacity_juvenile': 'juvenile_fire_killed (f)'}"
Dillwynia phylicoides,Fabaceae,Dillwynia,native,"{'post_fire_recruitment': 'post_fire_recruitment (V)', 'resprouting_capacity': 'fire_killed (V)', 'resprouting_capacity_non_fire_disturbance': 'resprouts_non_fire_disturbance (f)', 'resprouting_capacity_juvenile': 'juvenile_fire_killed (1)'}"
Dillwynia retorta,Fabaceae,Dillwynia,native,"{'post_fire_recruitment': 'post_fire_recruitment (3)', 'resprouting_capacity': 'fire_killed (9)', 'resprouting_capacity_non_fire_disturbance': 'resprouts_non_fire_disturbance (f)', 'resprouting_capacity_juvenile': 'juvenile_fire_killed (f)', 'fire_time_from_fire_to_fruiting': '34.8837209302326 (1)', 'fire_time_from_fire_to_flowering': '19.7674418604651 (1); 36 (1); 36.2790697674419 (1)', 'fire_time_from_fire_to_peak_flowering': '60 (1)'}"
Dillwynia rudis,Fabaceae,Dillwynia,native,"{'post_fire_recruitment': 'post_fire_recruitment (f)', 'resprouting_capacity': 'fire_killed (3)', 'resprouting_capacity_non_fire_disturbance': 'resprouts_non_fire_disturbance (f)', 'resprouting_capacity_juvenile': 'juvenile_fire_killed (f)', 'fire_time_from_fire_to_fruiting': '20.9302325581395 (1)', 'fire_time_from_fire_to_flowering': '24.1860465116279 (1)'}"
Dillwynia sericea,Fabaceae,Dillwynia,native,"{'post_fire_recruitment': 'post_fire_recruitment (2)', 'resprouting_capacity': 'fire_killed (V); resprouts (V)', 'resprouting_capacity_non_fire_disturbance': 'resprouts_non_fire_disturbance (1)', 'resprouting_capacity_juvenile': 'juvenile_fire_killed (1)', 'fire_time_from_fire_to_flowering': '24 (1)'}"
Dillwynia sieberi,Fabaceae,Dillwynia,native,"{'post_fire_recruitment': 'post_fire_recruitment (1)', 'resprouting_capacity': 'fire_killed (V)', 'resprouting_capacity_non_fire_disturbance': 'resprouts_non_fire_disturbance (f)', 'resprouting_capacity_juvenile': 'juvenile_fire_killed (f)'}"
Dimorphotheca ecklonis,Asteraceae,Dimorphotheca,Exotic,"{'post_fire_recruitment': 'post_fire_recruitment (f)', 'resprouting_capacity': 'fire_killed (f)', 'resprouting_capacity_non_fire_disturbance': 'resprouts_non_fire_disturbance (f)', 'resprouting_capacity_juvenile': 'juvenile_fire_killed (f)', 'fire_time_from_fire_to_flowering': '12 (f)'}"
Dimorphotheca fruticosa,Asteraceae,Dimorphotheca,Exotic,"{'post_fire_recruitment': 'post_fire_recruitment (f)', 'resprouting_capacity': 'fire_killed (f)', 'resprouting_capacity_non_fire_disturbance': 'resprouts_non_fire_disturbance (f)', 'resprouting_capacity_juvenile': 'juvenile_fire_killed (f)', 'fire_time_from_fire_to_flowering': '12 (f)'}"
Dimorphotheca pluvialis,,,Exotic,{'fire_time_from_fire_to_flowering': '8.37209302325581 (1)'}
Diplachne fusca,,,native,"{'resprouting_capacity': 'partial_resprouting (1); resprouts (1)', 'resprouting_capacity_non_fire_disturbance': 'resprouts_non_fire_disturbance (1)'}"
Diploglottis australis,Sapindaceae,Diploglottis,native,"{'post_fire_recruitment': 'post_fire_recruitment_absent (1)', 'resprouting_capacity': 'fire_killed (1)'}"
Dipodium punctatum,Orchidaceae,Dipodium,native,"{'post_fire_recruitment': 'post_fire_recruitment_absent (1)', 'post_fire_flowering': 'fire_enhanced_flowering (f)', 'resprouting_capacity': 'resprouts (4)', 'resprouting_capacity_non_fire_disturbance': 'resprouts_non_fire_disturbance (2)', 'resprouting_capacity_juvenile': 'juvenile_resprout (1)', 'fire_time_from_fire_to_flowering': '12 (1)'}"
Dipodium roseum,Orchidaceae,Dipodium,native,"{'post_fire_recruitment': 'post_fire_recruitment_absent (f)', 'post_fire_flowering': 'fire_enhanced_flowering (f)', 'resprouting_capacity': 'resprouts (4)', 'resprouting_capacity_non_fire_disturbance': 'resprouts_non_fire_disturbance (2)', 'resprouting_capacity_juvenile': 'juvenile_resprout (1)', 'fire_time_from_fire_to_flowering': '23.4883720930233 (1)'}"
Dipodium variegatum,Orchidaceae,Dipodium,native,"{'post_fire_recruitment': 'post_fire_recruitment_absent (f)', 'post_fire_flowering': 'fire_enhanced_flowering (f)', 'resprouting_capacity': 'resprouts (3)', 'resprouting_capacity_non_fire_disturbance': 'resprouts_non_fire_disturbance (1)', 'resprouting_capacity_juvenile': 'juvenile_resprout (f)', 'fire_time_from_fire_to_flowering': '11.3953488372093 (1)'}"
Dipogon lignosus,Fabaceae,Dipogon,Exotic,"{'post_fire_recruitment': 'post_fire_recruitment (1)', 'resprouting_capacity': 'fire_killed (V)', 'resprouting_capacity_non_fire_disturbance': 'resprouts_non_fire_disturbance (f)', 'resprouting_capacity_juvenile': 'juvenile_fire_killed (f)', 'fire_time_from_fire_to_fruiting': '11.6279069767442 (1)', 'fire_time_from_fire_to_flowering': '12 (1); 12.093023255814 (1); 8.83720930232558 (1)'}"
Diuris aurea,Orchidaceae,Diuris,native,"{'post_fire_recruitment': 'post_fire_recruitment_absent (f)', 'post_fire_flowering': 'fire_enhanced_flowering (f)', 'resprouting_capacity': 'resprouts (1)', 'resprouting_capacity_non_fire_disturbance': 'resprouts_non_fire_disturbance (f)', 'resprouting_capacity_juvenile': 'juvenile_resprout (f)', 'fire_time_from_fire_to_fruiting': '9.76744186046512 (1)', 'fire_time_from_fire_to_flowering': '8.6046511627907 (1)'}"
Diuris maculata,Orchidaceae,Diuris,native,"{'post_fire_recruitment': 'post_fire_recruitment_absent (1)', 'post_fire_flowering': 'fire_enhanced_flowering (f)', 'resprouting_capacity': 'resprouts (4)', 'resprouting_capacity_non_fire_disturbance': 'resprouts_non_fire_disturbance (1)', 'resprouting_capacity_juvenile': 'juvenile_resprout (f)', 'fire_time_from_fire_to_fruiting': '8.37209302325581 (1)', 'fire_time_from_fire_to_flowering': '12 (V)', 'fire_time_from_fire_to_peak_flowering': '12 (1)'}"
Diuris punctata,Orchidaceae,Diuris,native,"{'post_fire_recruitment': 'post_fire_recruitment_absent (f)', 'post_fire_flowering': 'fire_enhanced_flowering (f)', 'resprouting_capacity': 'resprouts (2)', 'resprouting_capacity_non_fire_disturbance': 'resprouts_non_fire_disturbance (2)', 'resprouting_capacity_juvenile': 'juvenile_resprout (f)', 'fire_time_from_fire_to_flowering': '12 (f)'}"
Diuris sulphurea,Orchidaceae,Diuris,native,"{'post_fire_recruitment': 'post_fire_recruitment_absent (1)', 'post_fire_flowering': 'fire_enhanced_flowering (1)', 'resprouting_capacity': 'resprouts (3)', 'resprouting_capacity_non_fire_disturbance': 'resprouts_non_fire_disturbance (1)', 'resprouting_capacity_juvenile': 'juvenile_resprout (1)', 'fire_time_from_fire_to_flowering': '12 (f)'}"
Dockrillia linguiformis,Orchidaceae,Dockrillia,native,"{'post_fire_recruitment': 'post_fire_recruitment_absent (f)', 'post_fire_flowering': 'fire_enhanced_flowering (f)', 'resprouting_capacity': 'fire_killed (2)', 'resprouting_capacity_non_fire_disturbance': 'resprouts_non_fire_disturbance (f)', 'resprouting_capacity_juvenile': 'juvenile_resprout (f)', 'fire_time_from_fire_to_flowering': '33.2558139534884 (1)'}"
Dodonaea multijuga,Sapindaceae,Dodonaea,native,{'resprouting_capacity': 'fire_killed (3)'}
Dodonaea triquetra,Sapindaceae,Dodonaea,native,"{'post_fire_recruitment': 'post_fire_recruitment (V)', 'resprouting_capacity': 'fire_killed (V)', 'fire_time_from_fire_to_fruiting': '20.2325581395349 (1); 36 (1)', 'fire_time_from_fire_to_flowering': '14.6511627906977 (1); 24.1860465116279 (1); 36.2790697674419 (1)'}"
Dodonaea viscosa,Sapindaceae,Dodonaea,native,"{'post_fire_recruitment': 'post_fire_recruitment (4)', 'resprouting_capacity': 'fire_killed (V)', 'resprouting_capacity_proportion_individuals': '0 (2)', 'fire_time_from_fire_to_flowering': '48 (1)'}"
Dolichandra unguis-cati,Bignoniaceae,Dolichandra,Exotic,{'resprouting_capacity': 'resprouts (1)'}
Doryanthes excelsa,Doryanthaceae,Doryanthes,native,"{'resprouting_capacity': 'resprouts (1)', 'fire_time_from_fire_to_fruiting': '25.2 (1)', 'fire_time_from_fire_to_flowering': '19.2 (1)'}"
Dracophyllum secundum,Ericaceae,Dracophyllum,native,"{'post_fire_recruitment': 'post_fire_recruitment (1)', 'resprouting_capacity': 'fire_killed (V)', 'fire_time_from_fire_to_fruiting': '36.2790697674419 (1)', 'fire_time_from_fire_to_flowering': '36.2790697674419 (1); 48.3720930232558 (1)'}"
Drosera auriculata,Droseraceae,Drosera,native,"{'post_fire_recruitment': 'post_fire_recruitment (1); post_fire_recruitment_absent (1)', 'resprouting_capacity': 'resprouts (V)', 'resprouting_capacity_non_fire_disturbance': 'resprouts_non_fire_disturbance (1)', 'resprouting_capacity_juvenile': 'juvenile_resprout (1)', 'fire_time_from_fire_to_fruiting': '6.04651162790698 (1)', 'fire_time_from_fire_to_flowering': '6.04651162790698 (V)'}"
Drosera binata,Droseraceae,Drosera,native,"{'resprouting_capacity': 'resprouts (4)', 'resprouting_capacity_non_fire_disturbance': 'resprouts_non_fire_disturbance (1)', 'fire_time_from_fire_to_flowering': '1.2 (1); 3.95348837209302 (1)'}"
Drosera glanduligera,Droseraceae,Drosera,native,"{'post_fire_recruitment': 'post_fire_recruitment (1); post_fire_recruitment_absent (1)', 'resprouting_capacity': 'resprouts (V)', 'resprouting_capacity_non_fire_disturbance': 'resprouts_non_fire_disturbance (1)', 'fire_time_from_fire_to_flowering': '12 (V)'}"
Drosera peltata,Droseraceae,Drosera,native,"{'post_fire_recruitment': 'post_fire_recruitment (V)', 'resprouting_capacity': 'resprouts (V)', 'resprouting_capacity_non_fire_disturbance': 'resprouts_non_fire_disturbance (2)', 'resprouting_capacity_juvenile': 'juvenile_resprout (1)', 'fire_time_from_fire_to_fruiting': '7.44186046511628 (1)', 'fire_time_from_fire_to_flowering': '24 (1); 3.6 (1); 3.95348837209302 (1); 7.44186046511628 (1)'}"
Drosera pygmaea,Droseraceae,Drosera,native,"{'post_fire_recruitment': 'post_fire_recruitment (1); post_fire_recruitment_absent (1)', 'resprouting_capacity': 'fire_killed (V)', 'fire_time_from_fire_to_flowering': '12 (1)'}"
Drosera spatulata,Droseraceae,Drosera,native,"{'resprouting_capacity': 'resprouts (V)', 'resprouting_capacity_non_fire_disturbance': 'resprouts_non_fire_disturbance (1)', 'fire_time_from_fire_to_fruiting': '14.6511627906977 (1)', 'fire_time_from_fire_to_flowering': '12 (1); 14.6511627906977 (1); 9.53488372093023 (1)'}"
Dysphania ambrosioides,Chenopodiaceae,Dysphania,Exotic,{'resprouting_capacity': 'fire_killed (1)'}
Dysphania carinata,Chenopodiaceae,Dysphania,native,{'resprouting_capacity': 'fire_killed (1)'}
Dysphania glomulifera,Chenopodiaceae,Dysphania,native,{'resprouting_capacity': 'fire_killed (1)'}
Dysphania pumilio,Chenopodiaceae,Dysphania,native,{'resprouting_capacity': 'fire_killed (2)'}
Echinochloa crus-galli,Poaceae,Echinochloa,Exotic,"{'post_fire_recruitment': 'post_fire_recruitment (1)', 'resprouting_capacity': 'fire_killed (2)', 'resprouting_capacity_non_fire_disturbance': 'resprouts_non_fire_disturbance (f)', 'resprouting_capacity_juvenile': 'juvenile_resprout (f)', 'resprouting_capacity_proportion_individuals': '1 (f)', 'fire_time_from_fire_to_flowering': '12 (1)'}"
Echinopogon caespitosus,Poaceae,Echinopogon,native,"{'post_fire_recruitment': 'post_fire_recruitment (f)', 'resprouting_capacity': 'resprouts (2)', 'resprouting_capacity_non_fire_disturbance': 'resprouts_non_fire_disturbance (f)', 'resprouting_capacity_juvenile': 'juvenile_resprout (f)', 'resprouting_capacity_proportion_individuals': '1 (f)', 'fire_time_from_fire_to_fruiting': '3.48837209302326 (1)', 'fire_time_from_fire_to_flowering': '1.86046511627907 (1); 3.48837209302326 (1)'}"
Echinopogon ovatus,Poaceae,Echinopogon,native,"{'post_fire_recruitment': 'post_fire_recruitment (f)', 'resprouting_capacity': 'partial_resprouting (V)', 'resprouting_capacity_non_fire_disturbance': 'resprouts_non_fire_disturbance (2)', 'resprouting_capacity_juvenile': 'juvenile_resprout (1)', 'resprouting_capacity_proportion_individuals': '1 (3)', 'fire_time_from_fire_to_flowering': '21 (1)'}"
Echium plantagineum,Boraginaceae,Echium,Exotic,"{'post_fire_recruitment': 'post_fire_recruitment (2)', 'resprouting_capacity': 'fire_killed (2)', 'fire_time_from_fire_to_fruiting': '8.83720930232558 (1)', 'fire_time_from_fire_to_flowering': '8.83720930232558 (1)'}"
Eclipta prostrata,Asteraceae,Eclipta,native,"{'post_fire_recruitment': 'post_fire_recruitment (f)', 'resprouting_capacity': 'fire_killed (1)', 'resprouting_capacity_non_fire_disturbance': 'resprouts_non_fire_disturbance (f)', 'resprouting_capacity_juvenile': 'juvenile_fire_killed (f)', 'fire_time_from_fire_to_flowering': '12 (f)'}"
Ehrharta erecta,Poaceae,Ehrharta,Exotic,"{'post_fire_recruitment': 'post_fire_recruitment (1)', 'resprouting_capacity': 'resprouts (4)', 'resprouting_capacity_non_fire_disturbance': 'resprouts_non_fire_disturbance (f)', 'resprouting_capacity_juvenile': 'juvenile_resprout (f)', 'resprouting_capacity_proportion_individuals': '1 (f)', 'fire_time_from_fire_to_fruiting': '8.83720930232558 (1)', 'fire_time_from_fire_to_flowering': '2.7906976744186 (1)'}"
Ehrharta longiflora,Poaceae,Ehrharta,Exotic,"{'post_fire_recruitment': 'post_fire_recruitment (1)', 'resprouting_capacity': 'fire_killed (3)', 'resprouting_capacity_non_fire_disturbance': 'resprouts_non_fire_disturbance (f)', 'resprouting_capacity_juvenile': 'juvenile_resprout (f)', 'resprouting_capacity_proportion_individuals': '1 (f)', 'fire_time_from_fire_to_flowering': '12 (1)'}"
Einadia hastata,Chenopodiaceae,Einadia,native,"{'post_fire_recruitment': 'post_fire_recruitment_absent (V)', 'resprouting_capacity': 'fire_killed (3)', 'resprouting_capacity_juvenile': 'juvenile_fire_killed (1)'}"
Einadia nutans,Chenopodiaceae,Einadia,native,"{'post_fire_recruitment': 'post_fire_recruitment (2)', 'resprouting_capacity': 'fire_killed (5)', 'resprouting_capacity_juvenile': 'juvenile_fire_killed (1)'}"
Einadia polygonoides,Chenopodiaceae,Einadia,native,"{'post_fire_recruitment': 'post_fire_recruitment_absent (1)', 'resprouting_capacity': 'fire_killed (1)'}"
Einadia trigonos,Chenopodiaceae,Einadia,native,"{'post_fire_recruitment': 'post_fire_recruitment_absent (1)', 'resprouting_capacity': 'fire_killed (3)', 'resprouting_capacity_juvenile': 'juvenile_fire_killed (1)'}"
Elaeocarpus reticulatus,Elaeocarpaceae,Elaeocarpus,native,"{'post_fire_recruitment': 'post_fire_recruitment (V)', 'resprouting_capacity': 'resprouts (V)', 'fire_time_from_fire_to_fruiting': '60.4651162790698 (1)', 'fire_time_from_fire_to_flowering': '46.7441860465116 (1); 60 (1); 60.4651162790698 (1)'}"
Eleocharis gracilis,Cyperaceae,Eleocharis,native,"{'resprouting_capacity': 'resprouts (2)', 'resprouting_capacity_non_fire_disturbance': 'resprouts_non_fire_disturbance (1)', 'resprouting_capacity_juvenile': 'juvenile_resprout (1)'}"
Eleocharis minuta,Cyperaceae,Eleocharis,Exotic,"{'resprouting_capacity': 'resprouts (f)', 'resprouting_capacity_non_fire_disturbance': 'resprouts_non_fire_disturbance (f)', 'resprouting_capacity_juvenile': 'juvenile_fire_killed (f)'}"
Eleocharis sphacelata,Cyperaceae,Eleocharis,native,"{'resprouting_capacity': 'resprouts (5)', 'resprouting_capacity_non_fire_disturbance': 'resprouts_non_fire_disturbance (1)', 'resprouting_capacity_juvenile': 'juvenile_fire_killed (1)'}"
Eleusine indica,Poaceae,Eleusine,Exotic,"{'post_fire_recruitment': 'post_fire_recruitment (f)', 'resprouting_capacity': 'resprouts (f)', 'resprouting_capacity_non_fire_disturbance': 'resprouts_non_fire_disturbance (f)', 'resprouting_capacity_juvenile': 'juvenile_resprout (f)', 'resprouting_capacity_proportion_individuals': '1 (f)', 'fire_time_from_fire_to_flowering': '3.48837209302326 (1)'}"
Eleusine tristachya,Poaceae,Eleusine,Exotic,"{'post_fire_recruitment': 'post_fire_recruitment (f)', 'resprouting_capacity': 'resprouts (f)', 'resprouting_capacity_non_fire_disturbance': 'resprouts_non_fire_disturbance (f)', 'resprouting_capacity_juvenile': 'juvenile_resprout (f)', 'resprouting_capacity_proportion_individuals': '1 (f)', 'fire_time_from_fire_to_flowering': '12 (f)'}"
Emmenosperma alphitonioides,Rhamnaceae,Emmenosperma,native,{'resprouting_capacity': 'fire_killed (f)'}
Enteropogon acicularis,Poaceae,Enteropogon,native,"{'post_fire_recruitment': 'post_fire_recruitment (1)', 'resprouting_capacity': 'resprouts (5)', 'resprouting_capacity_non_fire_disturbance': 'resprouts_non_fire_disturbance (f)', 'resprouting_capacity_juvenile': 'juvenile_resprout (1)', 'resprouting_capacity_proportion_individuals': '1 (f)', 'fire_time_from_fire_to_flowering': '12 (f)'}"
Entolasia marginata,Poaceae,Entolasia,native,"{'post_fire_recruitment': 'post_fire_recruitment (1)', 'resprouting_capacity': 'resprouts (4)', 'resprouting_capacity_non_fire_disturbance': 'resprouts_non_fire_disturbance (1)', 'resprouting_capacity_juvenile': 'juvenile_resprout (f)', 'resprouting_capacity_proportion_individuals': '1 (f)', 'fire_time_from_fire_to_fruiting': '6.51162790697674 (1)', 'fire_time_from_fire_to_flowering': '12 (1); 2.09302325581395 (1); 6.51162790697674 (1)'}"
Entolasia stricta,Poaceae,Entolasia,native,"{'post_fire_recruitment': 'post_fire_recruitment (1)', 'resprouting_capacity': 'resprouts (6)', 'resprouting_capacity_non_fire_disturbance': 'resprouts_non_fire_disturbance (2)', 'resprouting_capacity_juvenile': 'juvenile_resprout (f)', 'resprouting_capacity_proportion_individuals': '1 (f)', 'fire_time_from_fire_to_fruiting': '5.11627906976744 (1)', 'fire_time_from_fire_to_flowering': '1.86046511627907 (1); 3.6 (1); 5.11627906976744 (1)'}"
Entolasia whiteana,Poaceae,Entolasia,native,"{'post_fire_recruitment': 'post_fire_recruitment (f)', 'resprouting_capacity': 'resprouts (f)', 'resprouting_capacity_non_fire_disturbance': 'resprouts_non_fire_disturbance (f)', 'resprouting_capacity_juvenile': 'juvenile_resprout (f)', 'resprouting_capacity_proportion_individuals': '1 (f)', 'fire_time_from_fire_to_flowering': '12 (f)'}"
Epacris longiflora,Ericaceae,Epacris,native,"{'post_fire_recruitment': 'post_fire_recruitment (2)', 'resprouting_capacity': 'fire_killed (5)', 'fire_time_from_fire_to_flowering': '28.8372093023256 (1)'}"
Epacris microphylla,Ericaceae,Epacris,native,"{'post_fire_recruitment': 'post_fire_recruitment (2)', 'post_fire_flowering': 'fire_enhanced_flowering (1)', 'resprouting_capacity': 'fire_killed (V)', 'fire_time_from_fire_to_flowering': '20 (1); 24 (1)', 'fire_time_from_fire_to_peak_flowering': '48 (1); 72 (1)'}"
Epacris obtusifolia,Ericaceae,Epacris,native,"{'post_fire_recruitment': 'post_fire_recruitment (3)', 'resprouting_capacity': 'fire_killed (V)'}"
Epacris pulchella,Ericaceae,Epacris,native,"{'post_fire_recruitment': 'post_fire_recruitment (1)', 'resprouting_capacity': 'fire_killed (V)', 'fire_time_from_fire_to_fruiting': '28.3720930232558 (1); 34.8 (1)', 'fire_time_from_fire_to_flowering': '24.1860465116279 (1); 27.906976744186 (1); 32.4 (1); 36.2790697674419 (1)'}"
Epacris purpurascens,Ericaceae,Epacris,native,"{'post_fire_recruitment': 'post_fire_recruitment (f)', 'resprouting_capacity': 'fire_killed (1)'}"
Epidendrum radicans,Orchidaceae,Epidendrum,native,"{'post_fire_recruitment': 'post_fire_recruitment_absent (f)', 'post_fire_flowering': 'fire_enhanced_flowering (f)', 'resprouting_capacity': 'resprouts (f)', 'resprouting_capacity_non_fire_disturbance': 'resprouts_non_fire_disturbance (f)', 'resprouting_capacity_juvenile': 'juvenile_resprout (f)', 'fire_time_from_fire_to_flowering': '12 (f)'}"
Epilobium billardiereanum,,,native,{'resprouting_capacity': 'fire_killed (V)'}
Epilobium ciliatum,Onagraceae,Epilobium,Exotic,"{'fire_time_from_fire_to_fruiting': '8.83720930232558 (1)', 'fire_time_from_fire_to_flowering': '8.83720930232558 (1)'}"
Epilobium hirtigerum,Onagraceae,Epilobium,native,{'resprouting_capacity': 'fire_killed (1)'}
Eragrostis brownii,Poaceae,Eragrostis,native,"{'post_fire_recruitment': 'post_fire_recruitment (2)', 'resprouting_capacity': 'partial_resprouting (V)', 'resprouting_capacity_non_fire_disturbance': 'resprouts_non_fire_disturbance (f)', 'resprouting_capacity_juvenile': 'juvenile_resprout (1)', 'resprouting_capacity_proportion_individuals': '1 (3)', 'fire_time_from_fire_to_flowering': '1.86046511627907 (1); 3.6 (1)'}"
Eragrostis cilianensis,Poaceae,Eragrostis,Exotic,"{'post_fire_recruitment': 'post_fire_recruitment (f)', 'resprouting_capacity': 'resprouts (f)', 'resprouting_capacity_non_fire_disturbance': 'resprouts_non_fire_disturbance (f)', 'resprouting_capacity_juvenile': 'juvenile_resprout (f)', 'resprouting_capacity_proportion_individuals': '1 (f)', 'fire_time_from_fire_to_flowering': '12 (f)'}"
Eragrostis curvula,Poaceae,Eragrostis,Exotic,"{'post_fire_recruitment': 'post_fire_recruitment (f)', 'resprouting_capacity': 'resprouts (V)', 'resprouting_capacity_non_fire_disturbance': 'resprouts_non_fire_disturbance (f)', 'resprouting_capacity_juvenile': 'juvenile_resprout (f)', 'resprouting_capacity_proportion_individuals': '1 (f)', 'fire_time_from_fire_to_flowering': '12 (f)'}"
Eragrostis elongata,Poaceae,Eragrostis,native,"{'post_fire_recruitment': 'post_fire_recruitment (f)', 'resprouting_capacity': 'fire_killed (1)', 'resprouting_capacity_non_fire_disturbance': 'resprouts_non_fire_disturbance (f)', 'resprouting_capacity_juvenile': 'juvenile_resprout (f)', 'resprouting_capacity_proportion_individuals': '1 (f)', 'fire_time_from_fire_to_flowering': '12 (f)'}"
Eragrostis laniflora,Poaceae,Eragrostis,native,"{'post_fire_recruitment': 'post_fire_recruitment (f)', 'resprouting_capacity': 'resprouts (3)', 'resprouting_capacity_non_fire_disturbance': 'resprouts_non_fire_disturbance (1)', 'resprouting_capacity_juvenile': 'juvenile_resprout (f)', 'resprouting_capacity_proportion_individuals': '1 (f)', 'fire_time_from_fire_to_flowering': '12 (f)'}"
Eragrostis leptostachya,Poaceae,Eragrostis,native,"{'post_fire_recruitment': 'post_fire_recruitment (f)', 'resprouting_capacity': 'resprouts (3)', 'resprouting_capacity_non_fire_disturbance': 'resprouts_non_fire_disturbance (f)', 'resprouting_capacity_juvenile': 'juvenile_resprout (f)', 'resprouting_capacity_proportion_individuals': '1 (f)', 'fire_time_from_fire_to_flowering': '2.09302325581395 (1); 3.6 (1)'}"
Eragrostis mexicana,Poaceae,Eragrostis,Exotic,"{'post_fire_recruitment': 'post_fire_recruitment (f)', 'resprouting_capacity': 'resprouts (f)', 'resprouting_capacity_non_fire_disturbance': 'resprouts_non_fire_disturbance (f)', 'resprouting_capacity_juvenile': 'juvenile_resprout (f)', 'resprouting_capacity_proportion_individuals': '1 (f)', 'fire_time_from_fire_to_flowering': '12 (f)'}"
Eragrostis parviflora,Poaceae,Eragrostis,native,"{'post_fire_recruitment': 'post_fire_recruitment (f)', 'resprouting_capacity': 'fire_killed (1)', 'resprouting_capacity_non_fire_disturbance': 'resprouts_non_fire_disturbance (f)', 'resprouting_capacity_juvenile': 'juvenile_resprout (f)', 'resprouting_capacity_proportion_individuals': '1 (f)', 'fire_time_from_fire_to_flowering': '12 (f)'}"
Erechtites valerianifolius,Asteraceae,Erechtites,Exotic,"{'post_fire_recruitment': 'post_fire_recruitment (f)', 'resprouting_capacity': 'fire_killed (2)', 'resprouting_capacity_non_fire_disturbance': 'resprouts_non_fire_disturbance (f)', 'resprouting_capacity_juvenile': 'juvenile_fire_killed (f)', 'fire_time_from_fire_to_fruiting': '6.97674418604651 (1)', 'fire_time_from_fire_to_flowering': '6.51162790697674 (1); 9.06976744186047 (1)'}"
Eremophila debilis,Scrophulariaceae,Eremophila,native,"{'post_fire_recruitment': 'post_fire_recruitment_absent (3)', 'resprouting_capacity': 'resprouts (V)', 'resprouting_capacity_non_fire_disturbance': 'resprouts_non_fire_disturbance (2)'}"
Erica lusitanica,Ericaceae,Erica,Exotic,"{'post_fire_recruitment': 'post_fire_recruitment (f)', 'resprouting_capacity': 'fire_killed (f)'}"
Erigeron bonariensis,Asteraceae,Erigeron,Exotic,"{'post_fire_recruitment': 'post_fire_recruitment (1)', 'resprouting_capacity': 'fire_killed (V)', 'resprouting_capacity_non_fire_disturbance': 'resprouts_non_fire_disturbance (f)', 'resprouting_capacity_juvenile': 'juvenile_fire_killed (1)', 'fire_time_from_fire_to_fruiting': '11.6279069767442 (1)', 'fire_time_from_fire_to_flowering': '12 (V)'}"
Erigeron canadensis,Asteraceae,Erigeron,Exotic,"{'post_fire_recruitment': 'post_fire_recruitment (f)', 'resprouting_capacity': 'fire_killed (V)', 'resprouting_capacity_non_fire_disturbance': 'resprouts_non_fire_disturbance (f)', 'resprouting_capacity_juvenile': 'juvenile_fire_killed (f)', 'fire_time_from_fire_to_flowering': '12 (f)'}"
Erigeron karvinskianus,Asteraceae,Erigeron,Exotic,"{'post_fire_recruitment': 'post_fire_recruitment (f)', 'resprouting_capacity': 'resprouts (2)', 'resprouting_capacity_non_fire_disturbance': 'resprouts_non_fire_disturbance (f)', 'resprouting_capacity_juvenile': 'juvenile_fire_killed (f)', 'fire_time_from_fire_to_fruiting': '6.27906976744186 (1)', 'fire_time_from_fire_to_flowering': '12 (1); 2.32558139534884 (1); 6.27906976744186 (1)'}"
Erigeron sumatrensis,Asteraceae,Erigeron,native,"{'post_fire_recruitment': 'post_fire_recruitment (1)', 'resprouting_capacity': 'fire_killed (5)', 'resprouting_capacity_non_fire_disturbance': 'resprouts_non_fire_disturbance (f)', 'resprouting_capacity_juvenile': 'juvenile_fire_killed (1)', 'fire_time_from_fire_to_flowering': '12 (1)'}"
Eriobotrya japonica,Rosaceae,Eriobotrya,Exotic,{'resprouting_capacity': 'resprouts (1)'}
Eriocaulon scariosum,Eriocaulaceae,Eriocaulon,native,{'resprouting_capacity': 'fire_killed (1)'}
Eriocephalus africanus,Asteraceae,Eriocephalus,Exotic,"{'post_fire_recruitment': 'post_fire_recruitment (f)', 'resprouting_capacity': 'fire_killed (f)', 'resprouting_capacity_non_fire_disturbance': 'resprouts_non_fire_disturbance (f)', 'resprouting_capacity_juvenile': 'juvenile_fire_killed (f)', 'fire_time_from_fire_to_flowering': '12 (f)'}"
Eriochilus petricola,Orchidaceae,Eriochilus,native,"{'post_fire_recruitment': 'post_fire_recruitment_absent (f)', 'post_fire_flowering': 'fire_enhanced_flowering (f)', 'resprouting_capacity': 'resprouts (1)', 'resprouting_capacity_non_fire_disturbance': 'resprouts_non_fire_disturbance (f)', 'resprouting_capacity_juvenile': 'juvenile_resprout (f)', 'fire_time_from_fire_to_flowering': '14.8837209302326 (1)'}"
Eriochloa pseudoacrotricha,Poaceae,Eriochloa,native,"{'post_fire_recruitment': 'post_fire_recruitment (f)', 'resprouting_capacity': 'fire_killed (1)', 'resprouting_capacity_non_fire_disturbance': 'resprouts_non_fire_disturbance (f)', 'resprouting_capacity_juvenile': 'juvenile_resprout (f)', 'resprouting_capacity_proportion_individuals': '1 (f)', 'fire_time_from_fire_to_flowering': '12 (f)'}"
Eriostemon australasius,Rutaceae,Eriostemon,native,"{'post_fire_recruitment': 'post_fire_recruitment (1)', 'resprouting_capacity': 'fire_killed (V)', 'fire_time_from_fire_to_fruiting': '60 (1)'}"
Erythrina crista-galli,Fabaceae,Erythrina,Exotic,"{'post_fire_recruitment': 'post_fire_recruitment (f)', 'resprouting_capacity': 'resprouts (2)', 'resprouting_capacity_non_fire_disturbance': 'resprouts_non_fire_disturbance (f)', 'resprouting_capacity_juvenile': 'juvenile_fire_killed (f)', 'fire_time_from_fire_to_flowering': '3.02325581395349 (1)'}"
Erythrorchis cassythoides,Orchidaceae,Erythrorchis,native,"{'post_fire_recruitment': 'post_fire_recruitment_absent (f)', 'post_fire_flowering': 'fire_enhanced_flowering (f)', 'resprouting_capacity': 'resprouts (f)', 'resprouting_capacity_non_fire_disturbance': 'resprouts_non_fire_disturbance (f)', 'resprouting_capacity_juvenile': 'juvenile_resprout (f)', 'fire_time_from_fire_to_flowering': '12 (f)'}"
Eucalyptus acmenoides,Myrtaceae,Eucalyptus,native,"{'post_fire_recruitment': 'post_fire_recruitment (2)', 'resprouting_capacity': 'resprouts (5)', 'resprouting_capacity_non_fire_disturbance': 'resprouts_non_fire_disturbance (f)', 'resprouting_capacity_juvenile': 'juvenile_fire_killed (f)'}"
Eucalyptus amplifolia,Myrtaceae,Eucalyptus,native,"{'post_fire_recruitment': 'post_fire_recruitment (g)', 'resprouting_capacity': 'resprouts (1)', 'resprouting_capacity_non_fire_disturbance': 'resprouts_non_fire_disturbance (f)', 'resprouting_capacity_juvenile': 'juvenile_fire_killed (f)'}"
Eucalyptus baueriana,Myrtaceae,Eucalyptus,native,"{'post_fire_recruitment': 'post_fire_recruitment (g)', 'resprouting_capacity': 'resprouts (3)', 'resprouting_capacity_non_fire_disturbance': 'resprouts_non_fire_disturbance (f)', 'resprouting_capacity_juvenile': 'juvenile_fire_killed (f)'}"
Eucalyptus beyeriana,Myrtaceae,Eucalyptus,native,"{'post_fire_recruitment': 'post_fire_recruitment (g)', 'resprouting_capacity': 'resprouts (2)', 'resprouting_capacity_non_fire_disturbance': 'resprouts_non_fire_disturbance (f)', 'resprouting_capacity_juvenile': 'juvenile_fire_killed (f)'}"
Eucalyptus bosistoana,Myrtaceae,Eucalyptus,native,"{'post_fire_recruitment': 'post_fire_recruitment (g)', 'resprouting_capacity': 'resprouts (3)', 'resprouting_capacity_non_fire_disturbance': 'resprouts_non_fire_disturbance (f)', 'resprouting_capacity_juvenile': 'juvenile_fire_killed (f)'}"
Eucalyptus botryoides,Myrtaceae,Eucalyptus,native,"{'post_fire_recruitment': 'post_fire_recruitment (1)', 'resprouting_capacity': 'resprouts (5)', 'resprouting_capacity_non_fire_disturbance': 'resprouts_non_fire_disturbance (f)', 'resprouting_capacity_juvenile': 'juvenile_fire_killed (f)'}"
Eucalyptus caleyi,Myrtaceae,Eucalyptus,native,"{'post_fire_recruitment': 'post_fire_recruitment (1)', 'resprouting_capacity': 'resprouts (1)', 'resprouting_capacity_non_fire_disturbance': 'resprouts_non_fire_disturbance (f)', 'resprouting_capacity_juvenile': 'juvenile_fire_killed (f)'}"
Eucalyptus camaldulensis,Myrtaceae,Eucalyptus,native,"{'post_fire_recruitment': 'post_fire_recruitment (4)', 'resprouting_capacity': 'resprouts (V)', 'resprouting_capacity_non_fire_disturbance': 'resprouts_non_fire_disturbance (f)', 'resprouting_capacity_juvenile': 'juvenile_fire_killed (1)'}"
Eucalyptus camfieldii,Myrtaceae,Eucalyptus,native,"{'post_fire_recruitment': 'post_fire_recruitment (g)', 'resprouting_capacity': 'resprouts (3)', 'resprouting_capacity_non_fire_disturbance': 'resprouts_non_fire_disturbance (f)', 'resprouting_capacity_juvenile': 'juvenile_fire_killed (f)'}"
Eucalyptus canaliculata,Myrtaceae,Eucalyptus,native,"{'post_fire_recruitment': 'post_fire_recruitment (g)', 'resprouting_capacity': 'resprouts (1)', 'resprouting_capacity_non_fire_disturbance': 'resprouts_non_fire_disturbance (f)', 'resprouting_capacity_juvenile': 'juvenile_fire_killed (f)'}"
Eucalyptus capitellata,Myrtaceae,Eucalyptus,native,"{'post_fire_recruitment': 'post_fire_recruitment (g)', 'resprouting_capacity': 'resprouts (3)', 'resprouting_capacity_non_fire_disturbance': 'resprouts_non_fire_disturbance (f)', 'resprouting_capacity_juvenile': 'juvenile_fire_killed (f)'}"
Eucalyptus chlorophylla,Myrtaceae,Eucalyptus,native,"{'post_fire_recruitment': 'post_fire_recruitment (g)', 'resprouting_capacity': 'resprouts (1)', 'resprouting_capacity_non_fire_disturbance': 'resprouts_non_fire_disturbance (f)', 'resprouting_capacity_juvenile': 'juvenile_fire_killed (f)'}"
Eucalyptus cladocalyx,Myrtaceae,Eucalyptus,Exotic,"{'post_fire_recruitment': 'post_fire_recruitment (1)', 'resprouting_capacity': 'resprouts (1)', 'resprouting_capacity_non_fire_disturbance': 'resprouts_non_fire_disturbance (f)', 'resprouting_capacity_juvenile': 'juvenile_fire_killed (f)'}"
Eucalyptus consideniana,Myrtaceae,Eucalyptus,native,"{'post_fire_recruitment': 'post_fire_recruitment (g)', 'resprouting_capacity': 'resprouts (3)', 'resprouting_capacity_non_fire_disturbance': 'resprouts_non_fire_disturbance (f)', 'resprouting_capacity_juvenile': 'juvenile_fire_killed (f)'}"
Eucalyptus crebra,Myrtaceae,Eucalyptus,native,"{'post_fire_recruitment': 'post_fire_recruitment (2)', 'resprouting_capacity': 'resprouts (5)', 'resprouting_capacity_non_fire_disturbance': 'resprouts_non_fire_disturbance (f)', 'resprouting_capacity_juvenile': 'juvenile_fire_killed (f)'}"
Eucalyptus elata,Myrtaceae,Eucalyptus,native,"{'post_fire_recruitment': 'post_fire_recruitment (g)', 'resprouting_capacity': 'fire_killed (1); partial_resprouting (1); resprouts (1)', 'resprouting_capacity_non_fire_disturbance': 'resprouts_non_fire_disturbance (f)', 'resprouting_capacity_juvenile': 'juvenile_fire_killed (f)'}"
Eucalyptus eugenioides,Myrtaceae,Eucalyptus,native,"{'post_fire_recruitment': 'post_fire_recruitment (2)', 'resprouting_capacity': 'resprouts (3)', 'resprouting_capacity_non_fire_disturbance': 'resprouts_non_fire_disturbance (f)', 'resprouting_capacity_juvenile': 'juvenile_fire_killed (f)'}"
Eucalyptus fibrosa,Myrtaceae,Eucalyptus,native,"{'post_fire_recruitment': 'post_fire_recruitment (1)', 'resprouting_capacity': 'resprouts (3)', 'resprouting_capacity_non_fire_disturbance': 'resprouts_non_fire_disturbance (f)', 'resprouting_capacity_juvenile': 'juvenile_fire_killed (f)'}"
Eucalyptus globoidea,Myrtaceae,Eucalyptus,native,"{'post_fire_recruitment': 'post_fire_recruitment (V)', 'resprouting_capacity': 'resprouts (7)', 'resprouting_capacity_non_fire_disturbance': 'resprouts_non_fire_disturbance (f)', 'resprouting_capacity_juvenile': 'juvenile_fire_killed (f)'}"
Eucalyptus globulus,,,native,"{'post_fire_recruitment': 'post_fire_recruitment (2)', 'resprouting_capacity': 'resprouts (4)', 'resprouting_capacity_juvenile': 'juvenile_fire_killed (1)', 'resprouting_capacity_proportion_individuals': '0.00466666667 (1); 0.29 (1); 0.466666667 (1); 0.64 (1); 1 (1)'}"
Eucalyptus grandis,Myrtaceae,Eucalyptus,native,"{'post_fire_recruitment': 'post_fire_recruitment (2)', 'resprouting_capacity': 'resprouts (V)', 'resprouting_capacity_non_fire_disturbance': 'resprouts_non_fire_disturbance (f)', 'resprouting_capacity_juvenile': 'juvenile_fire_killed (f)'}"
Eucalyptus haemastoma,Myrtaceae,Eucalyptus,native,"{'post_fire_recruitment': 'post_fire_recruitment (1)', 'resprouting_capacity': 'resprouts (4)', 'resprouting_capacity_non_fire_disturbance': 'resprouts_non_fire_disturbance (f)', 'resprouting_capacity_juvenile': 'juvenile_fire_killed (f)', 'fire_time_from_fire_to_fruiting': '41.1627906976744 (1)', 'fire_time_from_fire_to_flowering': '32.3255813953488 (1); 36.2790697674419 (1); 42 (1); 48.3720930232558 (1)'}"
Eucalyptus longifolia,Myrtaceae,Eucalyptus,native,"{'post_fire_recruitment': 'post_fire_recruitment (g)', 'resprouting_capacity': 'resprouts (3)', 'resprouting_capacity_non_fire_disturbance': 'resprouts_non_fire_disturbance (f)', 'resprouting_capacity_juvenile': 'juvenile_fire_killed (f)'}"
Eucalyptus macrorhyncha,Myrtaceae,Eucalyptus,native,"{'post_fire_recruitment': 'post_fire_recruitment (3)', 'resprouting_capacity': 'resprouts (5)', 'resprouting_capacity_non_fire_disturbance': 'resprouts_non_fire_disturbance (f)', 'resprouting_capacity_juvenile': 'juvenile_fire_killed (1)'}"
Eucalyptus major,Myrtaceae,Eucalyptus,native,"{'post_fire_recruitment': 'post_fire_recruitment (g)', 'resprouting_capacity': 'resprouts (1)', 'resprouting_capacity_non_fire_disturbance': 'resprouts_non_fire_disturbance (f)', 'resprouting_capacity_juvenile': 'juvenile_fire_killed (f)'}"
Eucalyptus mannifera,Myrtaceae,Eucalyptus,native,"{'post_fire_recruitment': 'post_fire_recruitment (g)', 'resprouting_capacity': 'resprouts (1)', 'resprouting_capacity_non_fire_disturbance': 'resprouts_non_fire_disturbance (f)', 'resprouting_capacity_juvenile': 'juvenile_fire_killed (f)'}"
Eucalyptus melliodora,Myrtaceae,Eucalyptus,native,"{'post_fire_recruitment': 'post_fire_recruitment (2)', 'resprouting_capacity': 'resprouts (5)', 'resprouting_capacity_non_fire_disturbance': 'resprouts_non_fire_disturbance (f)', 'resprouting_capacity_juvenile': 'juvenile_fire_killed (1)'}"
Eucalyptus microcorys,Myrtaceae,Eucalyptus,native,"{'post_fire_recruitment': 'post_fire_recruitment (1)', 'resprouting_capacity': 'resprouts (4)', 'resprouting_capacity_non_fire_disturbance': 'resprouts_non_fire_disturbance (f)', 'resprouting_capacity_juvenile': 'juvenile_fire_killed (f)'}"
Eucalyptus moluccana,Myrtaceae,Eucalyptus,native,"{'post_fire_recruitment': 'post_fire_recruitment (1)', 'resprouting_capacity': 'resprouts (3)', 'resprouting_capacity_non_fire_disturbance': 'resprouts_non_fire_disturbance (f)', 'resprouting_capacity_juvenile': 'juvenile_fire_killed (f)'}"
Eucalyptus nicholii,Myrtaceae,Eucalyptus,native,"{'post_fire_recruitment': 'post_fire_recruitment (1)', 'resprouting_capacity': 'resprouts (3)', 'resprouting_capacity_non_fire_disturbance': 'resprouts_non_fire_disturbance (f)', 'resprouting_capacity_juvenile': 'juvenile_fire_killed (f)'}"
Eucalyptus obstans,Myrtaceae,Eucalyptus,native,"{'post_fire_recruitment': 'post_fire_recruitment (g)', 'resprouting_capacity': 'resprouts (3)', 'resprouting_capacity_non_fire_disturbance': 'resprouts_non_fire_disturbance (f)', 'resprouting_capacity_juvenile': 'juvenile_fire_killed (f)', 'fire_time_from_fire_to_flowering': '48 (1)'}"
Eucalyptus paniculata,Myrtaceae,Eucalyptus,native,"{'post_fire_recruitment': 'post_fire_recruitment (2)', 'resprouting_capacity': 'resprouts (12)', 'resprouting_capacity_non_fire_disturbance': 'resprouts_non_fire_disturbance (f)', 'resprouting_capacity_juvenile': 'juvenile_fire_killed (f)'}"
Eucalyptus parramattensis,Myrtaceae,Eucalyptus,native,"{'post_fire_recruitment': 'post_fire_recruitment (g)', 'resprouting_capacity': 'resprouts (1)', 'resprouting_capacity_non_fire_disturbance': 'resprouts_non_fire_disturbance (f)', 'resprouting_capacity_juvenile': 'juvenile_fire_killed (f)'}"
Eucalyptus pilularis,Myrtaceae,Eucalyptus,native,"{'post_fire_recruitment': 'post_fire_recruitment (1)', 'resprouting_capacity': 'resprouts (3)', 'resprouting_capacity_non_fire_disturbance': 'resprouts_non_fire_disturbance (f)', 'resprouting_capacity_juvenile': 'juvenile_fire_killed (f)', 'fire_time_from_fire_to_flowering': '48.3720930232558 (1); 60.4651162790698 (1)'}"
Eucalyptus piperita,Myrtaceae,Eucalyptus,native,"{'post_fire_recruitment': 'post_fire_recruitment (1)', 'resprouting_capacity': 'resprouts (5)', 'resprouting_capacity_non_fire_disturbance': 'resprouts_non_fire_disturbance (f)', 'resprouting_capacity_juvenile': 'juvenile_fire_killed (f)', 'fire_time_from_fire_to_flowering': '36.2790697674419 (1); 60.4651162790698 (1)'}"
Eucalyptus polyanthemos,Myrtaceae,Eucalyptus,native,"{'post_fire_recruitment': 'post_fire_recruitment (g)', 'resprouting_capacity': 'resprouts (1)', 'resprouting_capacity_non_fire_disturbance': 'resprouts_non_fire_disturbance (f)', 'resprouting_capacity_juvenile': 'juvenile_fire_killed (f)'}"
Eucalyptus punctata,Myrtaceae,Eucalyptus,native,"{'post_fire_recruitment': 'post_fire_recruitment (1); post_fire_recruitment_absent (1)', 'resprouting_capacity': 'resprouts (4)', 'resprouting_capacity_non_fire_disturbance': 'resprouts_non_fire_disturbance (f)', 'resprouting_capacity_juvenile': 'juvenile_fire_killed (f)'}"
Eucalyptus racemosa,Myrtaceae,Eucalyptus,native,"{'post_fire_recruitment': 'post_fire_recruitment (1)', 'resprouting_capacity': 'resprouts (7)', 'resprouting_capacity_non_fire_disturbance': 'resprouts_non_fire_disturbance (f)', 'resprouting_capacity_juvenile': 'juvenile_fire_killed (f)'}"
Eucalyptus resinifera,Myrtaceae,Eucalyptus,native,"{'post_fire_recruitment': 'post_fire_recruitment (3)', 'resprouting_capacity': 'resprouts (4)', 'resprouting_capacity_non_fire_disturbance': 'resprouts_non_fire_disturbance (f)', 'resprouting_capacity_juvenile': 'juvenile_fire_killed (2)', 'fire_time_from_fire_to_flowering': '44.1860465116279 (1)'}"
Eucalyptus robusta,Myrtaceae,Eucalyptus,native,"{'post_fire_recruitment': 'post_fire_recruitment (g)', 'resprouting_capacity': 'resprouts (3)', 'resprouting_capacity_non_fire_disturbance': 'resprouts_non_fire_disturbance (f)', 'resprouting_capacity_juvenile': 'juvenile_fire_killed (f)'}"
Eucalyptus saligna,Myrtaceae,Eucalyptus,native,"{'post_fire_recruitment': 'post_fire_recruitment (1)', 'resprouting_capacity': 'resprouts (4)', 'resprouting_capacity_non_fire_disturbance': 'resprouts_non_fire_disturbance (f)', 'resprouting_capacity_juvenile': 'juvenile_fire_killed (f)'}"
Eucalyptus scoparia,Myrtaceae,Eucalyptus,native,"{'post_fire_recruitment': 'post_fire_recruitment (g)', 'resprouting_capacity': 'resprouts (1)', 'resprouting_capacity_non_fire_disturbance': 'resprouts_non_fire_disturbance (f)', 'resprouting_capacity_juvenile': 'juvenile_fire_killed (f)'}"
Eucalyptus siderophloia,Myrtaceae,Eucalyptus,native,"{'post_fire_recruitment': 'post_fire_recruitment (1)', 'resprouting_capacity': 'resprouts (V)', 'resprouting_capacity_non_fire_disturbance': 'resprouts_non_fire_disturbance (f)', 'resprouting_capacity_juvenile': 'juvenile_fire_killed (f)'}"
Eucalyptus sideroxylon,Myrtaceae,Eucalyptus,native,"{'post_fire_recruitment': 'post_fire_recruitment (1)', 'resprouting_capacity': 'resprouts (3)', 'resprouting_capacity_non_fire_disturbance': 'resprouts_non_fire_disturbance (f)', 'resprouting_capacity_juvenile': 'juvenile_fire_killed (f)', 'fire_time_from_fire_to_flowering': '36 (1)'}"
Eucalyptus sieberi,Myrtaceae,Eucalyptus,native,"{'post_fire_recruitment': 'post_fire_recruitment (g)', 'resprouting_capacity': 'resprouts (3)', 'resprouting_capacity_non_fire_disturbance': 'resprouts_non_fire_disturbance (f)', 'resprouting_capacity_juvenile': 'juvenile_fire_killed (f)', 'fire_time_from_fire_to_flowering': '48 (1)'}"
Eucalyptus squamosa,Myrtaceae,Eucalyptus,native,"{'post_fire_recruitment': 'post_fire_recruitment (1)', 'resprouting_capacity': 'resprouts (3)', 'resprouting_capacity_non_fire_disturbance': 'resprouts_non_fire_disturbance (f)', 'resprouting_capacity_juvenile': 'juvenile_fire_killed (f)'}"
Eucalyptus tereticornis,Myrtaceae,Eucalyptus,native,"{'post_fire_recruitment': 'post_fire_recruitment (1)', 'resprouting_capacity': 'resprouts (3)', 'resprouting_capacity_non_fire_disturbance': 'resprouts_non_fire_disturbance (f)', 'resprouting_capacity_juvenile': 'juvenile_fire_killed (f)'}"
Eucalyptus umbra,Myrtaceae,Eucalyptus,native,"{'post_fire_recruitment': 'post_fire_recruitment (g)', 'resprouting_capacity': 'resprouts (4)', 'resprouting_capacity_non_fire_disturbance': 'resprouts_non_fire_disturbance (f)', 'resprouting_capacity_juvenile': 'juvenile_fire_killed (f)'}"
Eucalyptus umbrawarrensis,,,,{'resprouting_capacity': 'resprouts (2)'}
Eucalyptus viminalis,Myrtaceae,Eucalyptus,native,"{'post_fire_recruitment': 'post_fire_recruitment (2)', 'resprouting_capacity': 'resprouts (V)', 'resprouting_capacity_non_fire_disturbance': 'resprouts_non_fire_disturbance (f)', 'resprouting_capacity_juvenile': 'juvenile_fire_killed (f)', 'resprouting_capacity_proportion_individuals': '0.125 (1)', 'fire_time_from_fire_to_flowering': '120 (1); 36 (1)'}"
Euchiton involucratus,Asteraceae,Euchiton,native,"{'post_fire_recruitment': 'post_fire_recruitment (2)', 'resprouting_capacity': 'fire_killed (6)', 'resprouting_capacity_non_fire_disturbance': 'resprouts_non_fire_disturbance (f)', 'resprouting_capacity_juvenile': 'juvenile_fire_killed (f)', 'fire_time_from_fire_to_flowering': '12 (1)'}"
Euchiton sphaericus,Asteraceae,Euchiton,native,"{'post_fire_recruitment': 'post_fire_recruitment (1); post_fire_recruitment_absent (1)', 'resprouting_capacity': 'fire_killed (10)', 'resprouting_capacity_non_fire_disturbance': 'resprouts_non_fire_disturbance (f)', 'resprouting_capacity_juvenile': 'juvenile_fire_killed (1)', 'fire_time_from_fire_to_fruiting': '10 (1)', 'fire_time_from_fire_to_flowering': '10 (1); 6 (1)'}"
Euphorbia dallachyana,Euphorbiaceae,Euphorbia,Native,{'resprouting_capacity': 'fire_killed (2)'}
Euphorbia lathyris,Euphorbiaceae,Euphorbia,Exotic,{'post_fire_recruitment': 'post_fire_recruitment (1)'}
Euphorbia maculata,Euphorbiaceae,Euphorbia,Exotic,"{'resprouting_capacity': 'fire_killed (1)', 'fire_time_from_fire_to_fruiting': '2.09302325581395 (1)'}"
Euphorbia oblongata,Euphorbiaceae,Euphorbia,Exotic,"{'resprouting_capacity': 'fire_killed (1)', 'fire_time_from_fire_to_flowering': '10 (1)'}"
Euphorbia paralias,Euphorbiaceae,Euphorbia,Exotic,{'resprouting_capacity': 'fire_killed (1); resprouts (1)'}
Euphorbia peplus,Euphorbiaceae,Euphorbia,Exotic,"{'post_fire_recruitment': 'post_fire_recruitment (1)', 'resprouting_capacity': 'fire_killed (4)', 'resprouting_capacity_juvenile': 'juvenile_fire_killed (1)', 'fire_time_from_fire_to_fruiting': '2.09302325581395 (1)', 'fire_time_from_fire_to_flowering': '2.09302325581395 (1)'}"
Eupomatia bennettii,Eupomatiaceae,Eupomatia,native,"{'post_fire_recruitment': 'post_fire_recruitment_absent (1)', 'resprouting_capacity': 'resprouts (1)'}"
Euryomyrtus ramosissima,Myrtaceae,Euryomyrtus,native,"{'post_fire_recruitment': 'post_fire_recruitment (1); post_fire_recruitment_absent (1)', 'resprouting_capacity': 'resprouts (V)', 'resprouting_capacity_non_fire_disturbance': 'resprouts_non_fire_disturbance (2)', 'resprouting_capacity_juvenile': 'juvenile_fire_killed (1)', 'fire_time_from_fire_to_flowering': '32.3255813953488 (1)'}"
Euryops chrysanthemoides,Asteraceae,Euryops,Exotic,"{'post_fire_recruitment': 'post_fire_recruitment (f)', 'resprouting_capacity': 'fire_killed (f)', 'resprouting_capacity_non_fire_disturbance': 'resprouts_non_fire_disturbance (f)', 'resprouting_capacity_juvenile': 'juvenile_fire_killed (f)', 'fire_time_from_fire_to_flowering': '12 (f)'}"
Eustrephus latifolius,Asparagaceae,Eustrephus,native,"{'post_fire_recruitment': 'post_fire_recruitment (2); post_fire_recruitment_absent (2)', 'resprouting_capacity': 'resprouts (V)', 'resprouting_capacity_non_fire_disturbance': 'resprouts_non_fire_disturbance (3)', 'fire_time_from_fire_to_fruiting': '8.13953488372093 (1)', 'fire_time_from_fire_to_flowering': '12 (1); 3.48837209302326 (1); 8.13953488372093 (1)'}"
Exocarpos cupressiformis,Santalaceae,Exocarpos,native,"{'post_fire_recruitment': 'post_fire_recruitment (V)', 'resprouting_capacity': 'resprouts (V)', 'resprouting_capacity_non_fire_disturbance': 'resprouts_non_fire_disturbance (1)', 'resprouting_capacity_juvenile': 'juvenile_fire_killed (1)', 'fire_time_from_fire_to_fruiting': '44.1860465116279 (1)', 'fire_time_from_fire_to_flowering': '120 (1); 14.1860465116279 (1); 36 (1)'}"
Exocarpos strictus,Santalaceae,Exocarpos,native,"{'post_fire_recruitment': 'post_fire_recruitment (1); post_fire_recruitment_absent (1)', 'resprouting_capacity': 'resprouts (4)', 'resprouting_capacity_non_fire_disturbance': 'resprouts_non_fire_disturbance (1)', 'resprouting_capacity_juvenile': 'juvenile_fire_killed (1)'}"
Facelis retusa,Asteraceae,Facelis,Exotic,"{'post_fire_recruitment': 'post_fire_recruitment (f)', 'resprouting_capacity': 'fire_killed (f)', 'resprouting_capacity_non_fire_disturbance': 'resprouts_non_fire_disturbance (f)', 'resprouting_capacity_juvenile': 'juvenile_fire_killed (f)', 'fire_time_from_fire_to_fruiting': '10 (1)', 'fire_time_from_fire_to_flowering': '12 (f)'}"
Ficinia nodosa,Cyperaceae,Ficinia,native,"{'resprouting_capacity': 'resprouts (7)', 'resprouting_capacity_non_fire_disturbance': 'resprouts_non_fire_disturbance (3)', 'resprouting_capacity_juvenile': 'juvenile_fire_killed (1)', 'fire_time_from_fire_to_flowering': '6 (1)'}"
Ficus benjamina,Moraceae,Ficus,Exotic,{'resprouting_capacity': 'fire_killed (V); resprouts (V)'}
Ficus coronata,Moraceae,Ficus,native,"{'post_fire_recruitment': 'post_fire_recruitment_absent (1)', 'resprouting_capacity': 'resprouts (4)', 'resprouting_capacity_non_fire_disturbance': 'resprouts_non_fire_disturbance (1)'}"
Ficus macrophylla,Moraceae,Ficus,native,"{'resprouting_capacity': 'resprouts (1)', 'resprouting_capacity_non_fire_disturbance': 'resprouts_non_fire_disturbance (1)'}"
Ficus obliqua,Moraceae,Ficus,native,"{'post_fire_recruitment': 'post_fire_recruitment_absent (1)', 'resprouting_capacity': 'resprouts (1)'}"
Ficus pumila,,,Exotic,{'resprouting_capacity': 'fire_killed (1); partial_resprouting (1)'}
Ficus rubiginosa,Moraceae,Ficus,native,"{'post_fire_recruitment': 'post_fire_recruitment (1)', 'resprouting_capacity': 'resprouts (5)', 'resprouting_capacity_non_fire_disturbance': 'resprouts_non_fire_disturbance (1)', 'fire_time_from_fire_to_fruiting': '32.5581395348837 (1)', 'fire_time_from_fire_to_flowering': '32.4 (1)'}"
Fimbristylis dichotoma,Cyperaceae,Fimbristylis,native,"{'resprouting_capacity': 'resprouts (V)', 'resprouting_capacity_non_fire_disturbance': 'resprouts_non_fire_disturbance (f)', 'resprouting_capacity_juvenile': 'juvenile_fire_killed (f)', 'fire_time_from_fire_to_fruiting': '16.5116279069767 (1)'}"
Foeniculum vulgare,Apiaceae,Foeniculum,Exotic,"{'resprouting_capacity': 'resprouts (4)', 'fire_time_from_fire_to_fruiting': '14.6511627906977 (1)', 'fire_time_from_fire_to_flowering': '11.6279069767442 (1); 14.6511627906977 (1)'}"
Freesia laxa,Iridaceae,Freesia,Exotic,"{'resprouting_capacity': 'resprouts (1)', 'fire_time_from_fire_to_flowering': '9.30232558139535 (1)'}"
Freesia leichtlinii,Iridaceae,Freesia,Exotic,{'resprouting_capacity': 'resprouts (f)'}
Fumaria capreolata,Papaveraceae,Fumaria,Exotic,"{'resprouting_capacity': 'fire_killed (2)', 'fire_time_from_fire_to_fruiting': '2.7906976744186 (1)', 'fire_time_from_fire_to_flowering': '2.7906976744186 (1)'}"
Fumaria muralis,Papaveraceae,Fumaria,Exotic,{'post_fire_recruitment': 'post_fire_recruitment (1)'}
Gahnia aspera,Cyperaceae,Gahnia,native,"{'resprouting_capacity': 'resprouts (2)', 'resprouting_capacity_non_fire_disturbance': 'resprouts_non_fire_disturbance (1)', 'resprouting_capacity_juvenile': 'juvenile_fire_killed (f)'}"
Gahnia clarkei,Cyperaceae,Gahnia,native,"{'resprouting_capacity': 'resprouts (3)', 'resprouting_capacity_non_fire_disturbance': 'resprouts_non_fire_disturbance (1)', 'resprouting_capacity_juvenile': 'juvenile_fire_killed (f)', 'fire_time_from_fire_to_fruiting': '36.9767441860465 (1)', 'fire_time_from_fire_to_flowering': '36 (1); 36.2790697674419 (1)'}"
Gahnia erythrocarpa,Cyperaceae,Gahnia,native,"{'resprouting_capacity': 'resprouts (3)', 'resprouting_capacity_non_fire_disturbance': 'resprouts_non_fire_disturbance (f)', 'resprouting_capacity_juvenile': 'juvenile_fire_killed (f)', 'fire_time_from_fire_to_fruiting': '46.7441860465116 (1)', 'fire_time_from_fire_to_flowering': '21.1627906976744 (1); 24 (1); 36.2790697674419 (1); 48.3720930232558 (1)'}"
Gahnia filum,Cyperaceae,Gahnia,native,"{'resprouting_capacity': 'resprouts (1)', 'resprouting_capacity_non_fire_disturbance': 'resprouts_non_fire_disturbance (1)', 'resprouting_capacity_juvenile': 'juvenile_fire_killed (f)'}"
Gahnia melanocarpa,Cyperaceae,Gahnia,native,"{'resprouting_capacity': 'resprouts (4)', 'resprouting_capacity_non_fire_disturbance': 'resprouts_non_fire_disturbance (1)', 'resprouting_capacity_juvenile': 'juvenile_fire_killed (1)', 'fire_time_from_fire_to_fruiting': '29.0697674418605 (1)', 'fire_time_from_fire_to_flowering': '24 (1); 24.1860465116279 (1); 36.2790697674419 (1)'}"
Gahnia sieberiana,Cyperaceae,Gahnia,native,"{'post_fire_recruitment': 'post_fire_recruitment (V)', 'resprouting_capacity': 'resprouts (4)', 'resprouting_capacity_non_fire_disturbance': 'resprouts_non_fire_disturbance (1)', 'resprouting_capacity_juvenile': 'juvenile_fire_killed (1)', 'fire_time_from_fire_to_flowering': '24 (1)'}"
Galinsoga parviflora,Asteraceae,Galinsoga,Exotic,"{'post_fire_recruitment': 'post_fire_recruitment (f)', 'resprouting_capacity': 'fire_killed (2)', 'resprouting_capacity_non_fire_disturbance': 'resprouts_non_fire_disturbance (f)', 'resprouting_capacity_juvenile': 'juvenile_fire_killed (f)', 'fire_time_from_fire_to_fruiting': '3.48837209302326 (1)', 'fire_time_from_fire_to_flowering': '2.7906976744186 (1); 3.48837209302326 (1)'}"
Galium aparine,Rubiaceae,Galium,Exotic,"{'post_fire_recruitment': 'post_fire_recruitment (1)', 'resprouting_capacity': 'fire_killed (1)', 'fire_time_from_fire_to_fruiting': '10.2325581395349 (1)', 'fire_time_from_fire_to_flowering': '10.2325581395349 (1); 12.093023255814 (1)'}"
Galium gaudichaudii,Rubiaceae,Galium,native,"{'resprouting_capacity': 'resprouts (V)', 'resprouting_capacity_non_fire_disturbance': 'resprouts_non_fire_disturbance (2)', 'resprouting_capacity_juvenile': 'juvenile_fire_killed (1)'}"
Galium leiocarpum,Rubiaceae,Galium,native,"{'resprouting_capacity': 'resprouts (2)', 'resprouting_capacity_non_fire_disturbance': 'resprouts_non_fire_disturbance (1)'}"
Galium liratum,Rubiaceae,Galium,native,{'resprouting_capacity': 'fire_killed (2)'}
Gamochaeta americana,Asteraceae,Gamochaeta,Exotic,"{'post_fire_recruitment': 'post_fire_recruitment (f)', 'resprouting_capacity': 'fire_killed (1); partial_resprouting (1); resprouts (1)', 'resprouting_capacity_non_fire_disturbance': 'resprouts_non_fire_disturbance (f)', 'resprouting_capacity_juvenile': 'juvenile_fire_killed (f)', 'fire_time_from_fire_to_fruiting': '2.32558139534884 (1)', 'fire_time_from_fire_to_flowering': '12 (1); 2.32558139534884 (1)'}"
Gamochaeta calviceps,Asteraceae,Gamochaeta,Exotic,"{'post_fire_recruitment': 'post_fire_recruitment (f)', 'resprouting_capacity': 'fire_killed (2)', 'resprouting_capacity_non_fire_disturbance': 'resprouts_non_fire_disturbance (f)', 'resprouting_capacity_juvenile': 'juvenile_fire_killed (f)', 'fire_time_from_fire_to_flowering': '12 (f)'}"
Gamochaeta coarctata,Asteraceae,Gamochaeta,Exotic,"{'post_fire_recruitment': 'post_fire_recruitment (f)', 'resprouting_capacity': 'fire_killed (3)', 'resprouting_capacity_non_fire_disturbance': 'resprouts_non_fire_disturbance (f)', 'resprouting_capacity_juvenile': 'juvenile_fire_killed (f)', 'fire_time_from_fire_to_fruiting': '6.27906976744186 (1)', 'fire_time_from_fire_to_flowering': '6.27906976744186 (1)'}"
Gamochaeta purpurea,Asteraceae,Gamochaeta,Exotic,"{'post_fire_recruitment': 'post_fire_recruitment (1)', 'resprouting_capacity': 'fire_killed (f)', 'resprouting_capacity_non_fire_disturbance': 'resprouts_non_fire_disturbance (f)', 'resprouting_capacity_juvenile': 'juvenile_fire_killed (f)', 'fire_time_from_fire_to_flowering': '12 (f)'}"
Gazania rigens,Asteraceae,Gazania,Exotic,"{'post_fire_recruitment': 'post_fire_recruitment (f)', 'resprouting_capacity': 'fire_killed (f)', 'resprouting_capacity_non_fire_disturbance': 'resprouts_non_fire_disturbance (f)', 'resprouting_capacity_juvenile': 'juvenile_fire_killed (f)', 'fire_time_from_fire_to_flowering': '12 (f)'}"
Geitonoplesium cymosum,Hemerocallidaceae,Geitonoplesium,native,"{'post_fire_recruitment': 'post_fire_recruitment_absent (1)', 'resprouting_capacity': 'resprouts (5)', 'resprouting_capacity_non_fire_disturbance': 'resprouts_non_fire_disturbance (1)', 'fire_time_from_fire_to_flowering': '8.13953488372093 (1)'}"
Genista linifolia,Fabaceae,Genista,Exotic,"{'post_fire_recruitment': 'post_fire_recruitment (f)', 'resprouting_capacity': 'fire_killed (f)', 'resprouting_capacity_non_fire_disturbance': 'resprouts_non_fire_disturbance (f)', 'resprouting_capacity_juvenile': 'juvenile_fire_killed (f)'}"
Genista monspessulana,Fabaceae,Genista,Exotic,"{'post_fire_recruitment': 'post_fire_recruitment (2)', 'resprouting_capacity': 'fire_killed (V)', 'resprouting_capacity_non_fire_disturbance': 'resprouts_non_fire_disturbance (f)', 'resprouting_capacity_juvenile': 'juvenile_fire_killed (1)', 'fire_time_from_fire_to_fruiting': '24.1860465116279 (1)', 'fire_time_from_fire_to_flowering': '20 (1); 24.1860465116279 (1)'}"
Geranium brevicaule,Geraniaceae,Geranium,native,"{'resprouting_capacity': 'resprouts (1)', 'resprouting_capacity_non_fire_disturbance': 'resprouts_non_fire_disturbance (1)'}"
Geranium homeanum,Geraniaceae,Geranium,native,"{'resprouting_capacity': 'resprouts (V)', 'resprouting_capacity_non_fire_disturbance': 'resprouts_non_fire_disturbance (1)', 'fire_time_from_fire_to_fruiting': '4.41860465116279 (1)', 'fire_time_from_fire_to_flowering': '4.41860465116279 (1)'}"
Geranium molle,Geraniaceae,Geranium,Exotic,{'post_fire_recruitment': 'post_fire_recruitment (1)'}
Geranium solanderi,Geraniaceae,Geranium,native,"{'resprouting_capacity': 'fire_killed (2); resprouts (2)', 'resprouting_capacity_non_fire_disturbance': 'resprouts_non_fire_disturbance (1)', 'resprouting_capacity_juvenile': 'juvenile_resprout (1)', 'fire_time_from_fire_to_flowering': '6 (1)'}"
Gladiolus carneus,Iridaceae,Gladiolus,Exotic,"{'resprouting_capacity': 'resprouts (1)', 'fire_time_from_fire_to_flowering': '12 (1)'}"
Gladiolus dalenii,Iridaceae,Gladiolus,Exotic,{'resprouting_capacity': 'resprouts (f)'}
Gladiolus undulatus,Iridaceae,Gladiolus,Exotic,"{'post_fire_recruitment': 'post_fire_recruitment (1)', 'resprouting_capacity': 'resprouts (V)', 'resprouting_capacity_juvenile': 'juvenile_resprout (1)', 'fire_time_from_fire_to_flowering': '12 (1)'}"
Gleditsia triacanthos,Fabaceae,Gleditsia,Exotic,"{'post_fire_recruitment': 'post_fire_recruitment (f)', 'resprouting_capacity': 'fire_killed (f)', 'resprouting_capacity_non_fire_disturbance': 'resprouts_non_fire_disturbance (f)', 'resprouting_capacity_juvenile': 'juvenile_fire_killed (f)'}"
Glochidion ferdinandi,Phyllanthaceae,Glochidion,native,"{'post_fire_recruitment': 'post_fire_recruitment (1)', 'resprouting_capacity': 'resprouts (3)', 'fire_time_from_fire_to_fruiting': '17.6744186046512 (1)', 'fire_time_from_fire_to_flowering': '24.1860465116279 (1); 36.2790697674419 (1)'}"
Glossocardia bidens,Asteraceae,Glossocardia,native,"{'post_fire_recruitment': 'post_fire_recruitment (f)', 'resprouting_capacity': 'fire_killed (3)', 'resprouting_capacity_non_fire_disturbance': 'resprouts_non_fire_disturbance (f)', 'resprouting_capacity_juvenile': 'juvenile_fire_killed (f)', 'fire_time_from_fire_to_flowering': '12 (f)'}"
Glossodia major,Orchidaceae,Glossodia,native,"{'post_fire_recruitment': 'post_fire_recruitment_absent (1)', 'post_fire_flowering': 'fire_enhanced_flowering (1)', 'resprouting_capacity': 'resprouts (V)', 'resprouting_capacity_non_fire_disturbance': 'resprouts_non_fire_disturbance (1)', 'resprouting_capacity_juvenile': 'juvenile_resprout (1)', 'fire_time_from_fire_to_flowering': '12 (V)'}"
Glossodia minor,Orchidaceae,Glossodia,native,"{'post_fire_recruitment': 'post_fire_recruitment_absent (f)', 'post_fire_flowering': 'fire_enhanced_flowering (1)', 'resprouting_capacity': 'resprouts (4)', 'resprouting_capacity_non_fire_disturbance': 'resprouts_non_fire_disturbance (1)', 'resprouting_capacity_juvenile': 'juvenile_resprout (f)', 'fire_time_from_fire_to_fruiting': '8.37209302325581 (1)', 'fire_time_from_fire_to_flowering': '7.2093023255814 (1); 9 (1)'}"
Glycine clandestina,Fabaceae,Glycine,native,"{'post_fire_recruitment': 'post_fire_recruitment (2)', 'resprouting_capacity': 'resprouts (V)', 'resprouting_capacity_non_fire_disturbance': 'resprouts_non_fire_disturbance (3)', 'resprouting_capacity_juvenile': 'juvenile_fire_killed (1)', 'fire_time_from_fire_to_flowering': '3.6 (1); 8.13953488372093 (1)'}"
Glycine microphylla,Fabaceae,Glycine,native,"{'post_fire_recruitment': 'post_fire_recruitment (1)', 'resprouting_capacity': 'resprouts (3)', 'resprouting_capacity_non_fire_disturbance': 'resprouts_non_fire_disturbance (1)', 'resprouting_capacity_juvenile': 'juvenile_fire_killed (f)'}"
Glycine tabacina,Fabaceae,Glycine,native,"{'post_fire_recruitment': 'post_fire_recruitment (1)', 'resprouting_capacity': 'resprouts (7)', 'resprouting_capacity_non_fire_disturbance': 'resprouts_non_fire_disturbance (3)', 'resprouting_capacity_juvenile': 'juvenile_fire_killed (f)', 'fire_time_from_fire_to_fruiting': '6.97674418604651 (1)', 'fire_time_from_fire_to_flowering': '2.32558139534884 (1); 6 (1); 6.97674418604651 (1)'}"
Gnaphalium polycaulon,Asteraceae,Gnaphalium,Exotic,"{'post_fire_recruitment': 'post_fire_recruitment (f)', 'resprouting_capacity': 'fire_killed (1)', 'resprouting_capacity_non_fire_disturbance': 'resprouts_non_fire_disturbance (f)', 'resprouting_capacity_juvenile': 'juvenile_fire_killed (f)', 'fire_time_from_fire_to_flowering': '12 (f)'}"
Gomphocarpus fruticosus,Apocynaceae,Gomphocarpus,Exotic,"{'resprouting_capacity': 'fire_killed (2)', 'fire_time_from_fire_to_flowering': '8.83720930232558 (1)'}"
Gompholobium glabratum,Fabaceae,Gompholobium,native,"{'post_fire_recruitment': 'post_fire_recruitment (3)', 'resprouting_capacity': 'fire_killed (V)', 'resprouting_capacity_non_fire_disturbance': 'resprouts_non_fire_disturbance (1)', 'resprouting_capacity_juvenile': 'juvenile_fire_killed (f)', 'fire_time_from_fire_to_fruiting': '20.6976744186047 (1)', 'fire_time_from_fire_to_flowering': '24.1860465116279 (1)'}"
Gompholobium grandiflorum,Fabaceae,Gompholobium,native,"{'post_fire_recruitment': 'post_fire_recruitment (2)', 'resprouting_capacity': 'resprouts (V)', 'resprouting_capacity_non_fire_disturbance': 'resprouts_non_fire_disturbance (f)', 'resprouting_capacity_juvenile': 'juvenile_fire_killed (f)', 'fire_time_from_fire_to_fruiting': '29.0697674418605 (1)', 'fire_time_from_fire_to_flowering': '20.9302325581395 (1); 24.1860465116279 (1); 30 (1); 36.2790697674419 (1)'}"
Gompholobium inconspicuum,Fabaceae,Gompholobium,native,"{'post_fire_recruitment': 'post_fire_recruitment (1)', 'resprouting_capacity': 'fire_killed (V)', 'resprouting_capacity_non_fire_disturbance': 'resprouts_non_fire_disturbance (2)', 'resprouting_capacity_juvenile': 'juvenile_fire_killed (f)'}"
Gonocarpus longifolius,Haloragaceae,Gonocarpus,native,{'resprouting_capacity': 'fire_killed (2)'}
Gonocarpus micranthus,,,native,"{'post_fire_recruitment': 'post_fire_recruitment (1)', 'resprouting_capacity': 'resprouts (V)', 'resprouting_capacity_non_fire_disturbance': 'resprouts_non_fire_disturbance (1)', 'resprouting_capacity_juvenile': 'juvenile_fire_killed (1)'}"
Gonocarpus tetragynus,Haloragaceae,Gonocarpus,native,"{'post_fire_recruitment': 'post_fire_recruitment (V)', 'resprouting_capacity': 'resprouts (V)', 'resprouting_capacity_non_fire_disturbance': 'resprouts_non_fire_disturbance (1)', 'resprouting_capacity_juvenile': 'juvenile_fire_killed (1)', 'fire_time_from_fire_to_flowering': '12 (2); 24 (2)'}"
Gonocarpus teucrioides,Haloragaceae,Gonocarpus,native,"{'post_fire_recruitment': 'post_fire_recruitment (1)', 'resprouting_capacity': 'fire_killed (V); resprouts (V)', 'resprouting_capacity_non_fire_disturbance': 'resprouts_non_fire_disturbance (2)', 'resprouting_capacity_juvenile': 'juvenile_fire_killed (1)', 'fire_time_from_fire_to_fruiting': '23.2558139534884 (1)', 'fire_time_from_fire_to_flowering': '21.8604651162791 (1); 24.1860465116279 (1)', 'fire_time_from_fire_to_peak_flowering': '24 (1); 36 (1)'}"
Goodenia bellidifolia,Goodeniaceae,Goodenia,native,"{'resprouting_capacity': 'resprouts (3)', 'fire_time_from_fire_to_fruiting': '11.8604651162791 (1)', 'fire_time_from_fire_to_flowering': '12.093023255814 (1); 7.2093023255814 (1)'}"
Goodenia hederacea,Goodeniaceae,Goodenia,native,"{'post_fire_recruitment': 'post_fire_recruitment (1); post_fire_recruitment_absent (1)', 'resprouting_capacity': 'resprouts (6)', 'resprouting_capacity_non_fire_disturbance': 'resprouts_non_fire_disturbance (1)', 'resprouting_capacity_juvenile': 'juvenile_resprout (1)', 'fire_time_from_fire_to_fruiting': '11.3953488372093 (1)', 'fire_time_from_fire_to_flowering': '12 (1); 12.093023255814 (1); 9.06976744186047 (1)'}"
Goodenia heterophylla,Goodeniaceae,Goodenia,native,"{'resprouting_capacity': 'resprouts (V)', 'fire_time_from_fire_to_fruiting': '10.6976744186047 (1)', 'fire_time_from_fire_to_flowering': '10.6976744186047 (1); 4.65116279069767 (1)', 'fire_time_from_fire_to_peak_flowering': '24 (1); 36 (1)'}"
Goodenia ovata,Goodeniaceae,Goodenia,native,"{'post_fire_recruitment': 'post_fire_recruitment (1)', 'resprouting_capacity': 'fire_killed (V)', 'resprouting_capacity_juvenile': 'juvenile_resprout (1)', 'fire_time_from_fire_to_fruiting': '33.953488372093 (1)', 'fire_time_from_fire_to_flowering': '24.1860465116279 (1); 33.2558139534884 (1); 36.2790697674419 (1)'}"
Goodenia paniculata,Goodeniaceae,Goodenia,native,"{'resprouting_capacity': 'resprouts (3)', 'resprouting_capacity_non_fire_disturbance': 'resprouts_non_fire_disturbance (1)', 'fire_time_from_fire_to_flowering': '2.32558139534884 (1); 4.65116279069767 (1); 6 (1)'}"
Grastidium baileyi,Orchidaceae,Grastidium,native,"{'post_fire_recruitment': 'post_fire_recruitment_absent (f)', 'post_fire_flowering': 'fire_enhanced_flowering (f)', 'resprouting_capacity': 'resprouts (f)', 'resprouting_capacity_non_fire_disturbance': 'resprouts_non_fire_disturbance (f)', 'resprouting_capacity_juvenile': 'juvenile_resprout (f)', 'fire_time_from_fire_to_flowering': '12 (f)'}"
Gratiola pedunculata,Plantaginaceae,Gratiola,native,"{'resprouting_capacity': 'fire_killed (1); resprouts (1)', 'resprouting_capacity_non_fire_disturbance': 'resprouts_non_fire_disturbance (1)'}"
Grevillea banksii,Proteaceae,Grevillea,Exotic,"{'post_fire_recruitment': 'post_fire_recruitment (f)', 'resprouting_capacity': 'resprouts (f)', 'resprouting_capacity_non_fire_disturbance': 'resprouts_non_fire_disturbance (f)'}"
Grevillea biternata,Proteaceae,Grevillea,native,"{'post_fire_recruitment': 'post_fire_recruitment (f)', 'resprouting_capacity': 'resprouts (f)', 'resprouting_capacity_non_fire_disturbance': 'resprouts_non_fire_disturbance (f)'}"
Grevillea buxifolia,Proteaceae,Grevillea,native,"{'post_fire_recruitment': 'post_fire_recruitment_absent (1)', 'resprouting_capacity': 'fire_killed (V)', 'resprouting_capacity_non_fire_disturbance': 'resprouts_non_fire_disturbance (f)', 'fire_time_from_fire_to_fruiting': '26.5116279069767 (1)', 'fire_time_from_fire_to_flowering': '20 (1); 24.1860465116279 (1); 36.2790697674419 (1)', 'fire_time_from_fire_to_peak_flowering': '48 (1); 72 (1)'}"
Grevillea diffusa,,,native,{'resprouting_capacity': 'fire_killed (1)'}
Grevillea insignis,Proteaceae,Grevillea,native,"{'post_fire_recruitment': 'post_fire_recruitment (f)', 'resprouting_capacity': 'resprouts (f)', 'resprouting_capacity_non_fire_disturbance': 'resprouts_non_fire_disturbance (f)'}"
Grevillea juniperina,Proteaceae,Grevillea,native,"{'post_fire_recruitment': 'post_fire_recruitment (f)', 'resprouting_capacity': 'fire_killed (1); resprouts (1)', 'resprouting_capacity_non_fire_disturbance': 'resprouts_non_fire_disturbance (1)'}"
Grevillea lanigera,Proteaceae,Grevillea,native,"{'post_fire_recruitment': 'post_fire_recruitment_absent (2)', 'resprouting_capacity': 'resprouts (4)', 'resprouting_capacity_non_fire_disturbance': 'resprouts_non_fire_disturbance (1)', 'resprouting_capacity_juvenile': 'juvenile_fire_killed (1)'}"
Grevillea linearifolia,Proteaceae,Grevillea,native,"{'post_fire_recruitment': 'post_fire_recruitment (1)', 'resprouting_capacity': 'fire_killed (V)', 'resprouting_capacity_non_fire_disturbance': 'resprouts_non_fire_disturbance (f)', 'fire_time_from_fire_to_fruiting': '27.906976744186 (1)', 'fire_time_from_fire_to_flowering': '20.2325581395349 (1); 24.1860465116279 (1); 36.2790697674419 (1)', 'fire_time_from_fire_to_peak_flowering': '60 (1); 72 (1)'}"
Grevillea linearifolia Northern form,,,,{'resprouting_capacity': 'fire_killed (1)'}
Grevillea mucronulata,Proteaceae,Grevillea,native,"{'post_fire_recruitment': 'post_fire_recruitment (1)', 'resprouting_capacity': 'fire_killed (1); partial_resprouting (1)', 'resprouting_capacity_non_fire_disturbance': 'resprouts_non_fire_disturbance (f)'}"
Grevillea parviflora,,,native,{'resprouting_capacity': 'fire_killed (1); partial_resprouting (1)'}
Grevillea petrophiloides,Proteaceae,Grevillea,native,"{'post_fire_recruitment': 'post_fire_recruitment (f)', 'resprouting_capacity': 'fire_killed (1)', 'resprouting_capacity_non_fire_disturbance': 'resprouts_non_fire_disturbance (f)'}"
Grevillea robusta,Proteaceae,Grevillea,native,"{'post_fire_recruitment': 'post_fire_recruitment (f)', 'resprouting_capacity': 'resprouts (f)', 'resprouting_capacity_non_fire_disturbance': 'resprouts_non_fire_disturbance (f)'}"
Grevillea rosmarinifolia,Proteaceae,Grevillea,native,"{'post_fire_recruitment': 'post_fire_recruitment (2)', 'resprouting_capacity': 'fire_killed (1); resprouts (1)', 'resprouting_capacity_non_fire_disturbance': 'resprouts_non_fire_disturbance (1)'}"
Grevillea sericea,Proteaceae,Grevillea,native,"{'post_fire_recruitment': 'post_fire_recruitment (1)', 'resprouting_capacity': 'fire_killed (V)', 'resprouting_capacity_non_fire_disturbance': 'resprouts_non_fire_disturbance (f)', 'fire_time_from_fire_to_fruiting': '26.5116279069767 (1)', 'fire_time_from_fire_to_flowering': '13.0232558139535 (1); 24.1860465116279 (1); 36.2790697674419 (1)', 'fire_time_from_fire_to_50_percent_flowering': '24.1860465116279 (1)', 'fire_time_from_fire_to_peak_flowering': '48 (1); 72 (1)'}"
Grevillea speciosa,Proteaceae,Grevillea,native,"{'post_fire_recruitment': 'post_fire_recruitment (1)', 'resprouting_capacity': 'fire_killed (V)', 'resprouting_capacity_non_fire_disturbance': 'resprouts_non_fire_disturbance (f)', 'fire_time_from_fire_to_flowering': '31.6279069767442 (1)', 'fire_time_from_fire_to_peak_flowering': '60 (1)'}"
Grevillea sphacelata,Proteaceae,Grevillea,native,"{'post_fire_recruitment': 'post_fire_recruitment (f)', 'resprouting_capacity': 'resprouts (V)', 'resprouting_capacity_non_fire_disturbance': 'resprouts_non_fire_disturbance (f)'}"
Grevillea stenomera,Proteaceae,Grevillea,native,"{'post_fire_recruitment': 'post_fire_recruitment (f)', 'resprouting_capacity': 'resprouts (f)', 'resprouting_capacity_non_fire_disturbance': 'resprouts_non_fire_disturbance (f)'}"
Grevillea tenuiloba,Proteaceae,Grevillea,native,"{'post_fire_recruitment': 'post_fire_recruitment (f)', 'resprouting_capacity': 'resprouts (f)', 'resprouting_capacity_non_fire_disturbance': 'resprouts_non_fire_disturbance (f)'}"
Grevillea venusta,Proteaceae,Grevillea,native,"{'post_fire_recruitment': 'post_fire_recruitment (f)', 'resprouting_capacity': 'resprouts (f)', 'resprouting_capacity_non_fire_disturbance': 'resprouts_non_fire_disturbance (f)'}"
Grevillea victoriae,Proteaceae,Grevillea,native,"{'post_fire_recruitment': 'post_fire_recruitment (f)', 'resprouting_capacity': 'fire_killed (2)', 'resprouting_capacity_non_fire_disturbance': 'resprouts_non_fire_disturbance (f)'}"
Guichenotia macrantha,Malvaceae,Guichenotia,native,{'resprouting_capacity': 'fire_killed (f)'}
Guioa semiglauca,Sapindaceae,Guioa,native,"{'post_fire_recruitment': 'post_fire_recruitment_absent (1)', 'resprouting_capacity': 'resprouts (3)'}"
Haemodorum planifolium,Haemodoraceae,Haemodorum,native,"{'resprouting_capacity': 'resprouts (4)', 'resprouting_capacity_non_fire_disturbance': 'resprouts_non_fire_disturbance (1)', 'fire_time_from_fire_to_fruiting': '13.0232558139535 (1)', 'fire_time_from_fire_to_flowering': '13.0232558139535 (1); 18 (1); 9.76744186046512 (1)', 'fire_time_from_fire_to_peak_flowering': '12 (1)'}"
Hakea archaeoides,Proteaceae,Hakea,native,"{'post_fire_recruitment': 'post_fire_recruitment (1)', 'resprouting_capacity': 'resprouts (f)', 'resprouting_capacity_non_fire_disturbance': 'resprouts_non_fire_disturbance (f)'}"
Hakea dactyloides,Proteaceae,Hakea,native,"{'post_fire_recruitment': 'post_fire_recruitment (4)', 'resprouting_capacity': 'resprouts (V)', 'resprouting_capacity_non_fire_disturbance': 'resprouts_non_fire_disturbance (3)', 'resprouting_capacity_juvenile': 'juvenile_fire_killed (1)', 'fire_time_from_fire_to_fruiting': '78.6046511627907 (1)', 'fire_time_from_fire_to_flowering': '78.6046511627907 (1)'}"
Hakea eriantha,Proteaceae,Hakea,native,"{'post_fire_recruitment': 'post_fire_recruitment (5)', 'resprouting_capacity': 'resprouts (V)', 'resprouting_capacity_non_fire_disturbance': 'resprouts_non_fire_disturbance (1)', 'resprouting_capacity_juvenile': 'juvenile_resprout (1)'}"
Hakea gibbosa,Proteaceae,Hakea,native,"{'post_fire_recruitment': 'post_fire_recruitment (2)', 'resprouting_capacity': 'fire_killed (5)', 'resprouting_capacity_non_fire_disturbance': 'resprouts_non_fire_disturbance (f)', 'fire_time_from_fire_to_fruiting': '36.9767441860465 (1)', 'fire_time_from_fire_to_flowering': '30 (1); 36.2790697674419 (1); 48.3720930232558 (1)'}"
Hakea laevipes,Proteaceae,Hakea,native,"{'post_fire_recruitment': 'post_fire_recruitment (1)', 'resprouting_capacity': 'resprouts (1)', 'resprouting_capacity_non_fire_disturbance': 'resprouts_non_fire_disturbance (f)'}"
Hakea laurina,Proteaceae,Hakea,native,"{'post_fire_recruitment': 'post_fire_recruitment (2)', 'resprouting_capacity': 'fire_killed (5)', 'resprouting_capacity_non_fire_disturbance': 'resprouts_non_fire_disturbance (f)', 'fire_time_from_fire_to_flowering': '36 (1)'}"
Hakea lorea,Proteaceae,Hakea,native,"{'post_fire_recruitment': 'post_fire_recruitment (1)', 'resprouting_capacity': 'partial_resprouting (1); resprouts (1)', 'resprouting_capacity_non_fire_disturbance': 'resprouts_non_fire_disturbance (f)'}"
Hakea propinqua,Proteaceae,Hakea,native,"{'post_fire_recruitment': 'post_fire_recruitment (1)', 'resprouting_capacity': 'fire_killed (4)', 'resprouting_capacity_non_fire_disturbance': 'resprouts_non_fire_disturbance (f)', 'fire_time_from_fire_to_fruiting': '41.1627906976744 (1)', 'fire_time_from_fire_to_flowering': '28.8372093023256 (1); 36.2790697674419 (1); 60.4651162790698 (1)'}"
Hakea salicifolia,Proteaceae,Hakea,native,"{'post_fire_recruitment': 'post_fire_recruitment (2)', 'resprouting_capacity': 'fire_killed (3)', 'resprouting_capacity_non_fire_disturbance': 'resprouts_non_fire_disturbance (f)', 'fire_time_from_fire_to_fruiting': '78.6046511627907 (1)', 'fire_time_from_fire_to_flowering': '68.6046511627907 (1); 78.6046511627907 (1)'}"
Hakea sericea,Proteaceae,Hakea,native,"{'post_fire_recruitment': 'post_fire_recruitment (3)', 'resprouting_capacity': 'fire_killed (4)', 'resprouting_capacity_non_fire_disturbance': 'resprouts_non_fire_disturbance (f)', 'resprouting_capacity_juvenile': 'juvenile_fire_killed (1)', 'fire_time_from_fire_to_fruiting': '37.906976744186 (1)', 'fire_time_from_fire_to_flowering': '30 (1); 36.2790697674419 (1); 48.3720930232558 (1)'}"
Hakea teretifolia,Proteaceae,Hakea,native,"{'post_fire_recruitment': 'post_fire_recruitment (3)', 'resprouting_capacity': 'fire_killed (V)', 'resprouting_capacity_non_fire_disturbance': 'resprouts_non_fire_disturbance (1)', 'resprouting_capacity_juvenile': 'juvenile_fire_killed (1)', 'resprouting_capacity_proportion_individuals': '0 (5)', 'fire_time_from_fire_to_fruiting': '42.7906976744186 (1)', 'fire_time_from_fire_to_flowering': '35.5813953488372 (1); 36.2790697674419 (1); 60.4651162790698 (1)'}"
Hardenbergia violacea,Fabaceae,Hardenbergia,native,"{'post_fire_recruitment': 'post_fire_recruitment (4)', 'resprouting_capacity': 'resprouts (V)', 'resprouting_capacity_non_fire_disturbance': 'resprouts_non_fire_disturbance (f)', 'resprouting_capacity_juvenile': 'juvenile_fire_killed (f)', 'fire_time_from_fire_to_fruiting': '9.30232558139535 (1)', 'fire_time_from_fire_to_flowering': '12 (V)', 'fire_time_from_fire_to_peak_flowering': '36 (1); 60 (1)'}"
Harmogia densifolia,Myrtaceae,Harmogia,native,"{'post_fire_recruitment': 'post_fire_recruitment (V)', 'resprouting_capacity': 'fire_killed (V)', 'resprouting_capacity_non_fire_disturbance': 'resprouts_non_fire_disturbance (f)', 'resprouting_capacity_juvenile': 'juvenile_fire_killed (f)', 'fire_time_from_fire_to_fruiting': '38.1395348837209 (1)', 'fire_time_from_fire_to_flowering': '24.1860465116279 (1); 36.2790697674419 (1); 48.3720930232558 (1)', 'fire_time_from_fire_to_50_percent_flowering': '36.2790697674419 (1)'}"
Hedera helix,Araliaceae,Hedera,Exotic,{'resprouting_capacity': 'resprouts (V)'}
Hedychium gardnerianum,Zingiberaceae,Hedychium,Exotic,"{'resprouting_capacity': 'resprouts (2)', 'fire_time_from_fire_to_fruiting': '20.4651162790698 (1)'}"
Hemarthria uncinata,Poaceae,Hemarthria,native,"{'post_fire_recruitment': 'post_fire_recruitment (f)', 'resprouting_capacity': 'partial_resprouting (V)', 'resprouting_capacity_non_fire_disturbance': 'resprouts_non_fire_disturbance (1)', 'resprouting_capacity_juvenile': 'juvenile_resprout (1)', 'resprouting_capacity_proportion_individuals': '1 (3)', 'fire_time_from_fire_to_flowering': '2.55813953488372 (1)'}"
Hemigenia purpurea,Lamiaceae,Hemigenia,native,"{'post_fire_recruitment': 'post_fire_recruitment (1)', 'resprouting_capacity': 'fire_killed (V)', 'fire_time_from_fire_to_fruiting': '24.1860465116279 (1)', 'fire_time_from_fire_to_flowering': '23.2558139534884 (1); 24.1860465116279 (1)'}"
Heptapleurum actinophyllum,Araliaceae,Heptapleurum,native,{'resprouting_capacity': 'resprouts (V)'}
Hibbertia acicularis,Dilleniaceae,Hibbertia,native,"{'post_fire_recruitment': 'post_fire_recruitment (V)', 'resprouting_capacity': 'resprouts (V)', 'resprouting_capacity_non_fire_disturbance': 'resprouts_non_fire_disturbance (1)', 'resprouting_capacity_juvenile': 'juvenile_fire_killed (1)', 'fire_time_from_fire_to_fruiting': '36 (2)'}"
Hibbertia aspera,Dilleniaceae,Hibbertia,native,"{'resprouting_capacity': 'resprouts (V)', 'resprouting_capacity_non_fire_disturbance': 'resprouts_non_fire_disturbance (1)', 'fire_time_from_fire_to_flowering': '11.6279069767442 (1)'}"
Hibbertia circumdans,Dilleniaceae,Hibbertia,native,"{'resprouting_capacity': 'resprouts (1)', 'resprouting_capacity_non_fire_disturbance': 'resprouts_non_fire_disturbance (1)'}"
Hibbertia dentata,Dilleniaceae,Hibbertia,native,"{'post_fire_recruitment': 'post_fire_recruitment (1)', 'resprouting_capacity': 'resprouts (6)', 'resprouting_capacity_non_fire_disturbance': 'resprouts_non_fire_disturbance (3)', 'fire_time_from_fire_to_flowering': '12 (1); 8.83720930232558 (1)', 'fire_time_from_fire_to_peak_flowering': '48 (1); 60 (1)'}"
Hibbertia diffusa,Dilleniaceae,Hibbertia,native,"{'post_fire_recruitment': 'post_fire_recruitment (1)', 'resprouting_capacity': 'resprouts (V)', 'resprouting_capacity_non_fire_disturbance': 'resprouts_non_fire_disturbance (1)', 'fire_time_from_fire_to_flowering': '5.34883720930233 (1); 6 (1)'}"
Hibbertia empetrifolia,,,native,"{'resprouting_capacity': 'resprouts (4)', 'resprouting_capacity_non_fire_disturbance': 'resprouts_non_fire_disturbance (1)', 'resprouting_capacity_juvenile': 'juvenile_resprout (1)', 'fire_time_from_fire_to_fruiting': '12 (1)', 'fire_time_from_fire_to_flowering': '12 (1)'}"
Hibbertia fumana,Dilleniaceae,Hibbertia,native,"{'resprouting_capacity': 'resprouts (g)', 'resprouting_capacity_non_fire_disturbance': 'resprouts_non_fire_disturbance (g)'}"
Hibbertia hypericoides,Dilleniaceae,Hibbertia,native,"{'post_fire_recruitment': 'post_fire_recruitment (34)', 'resprouting_capacity': 'resprouts (38)', 'resprouting_capacity_non_fire_disturbance': 'resprouts_non_fire_disturbance (g)', 'fire_time_from_fire_to_flowering': '0--24 (1); 22 (1)'}"
Hibbertia linearis,Dilleniaceae,Hibbertia,native,"{'post_fire_recruitment': 'post_fire_recruitment (1); post_fire_recruitment_absent (1)', 'resprouting_capacity': 'fire_killed (V)', 'resprouting_capacity_non_fire_disturbance': 'resprouts_non_fire_disturbance (1)', 'fire_time_from_fire_to_flowering': '16.7441860465116 (1)', 'fire_time_from_fire_to_50_percent_flowering': '20 (1)', 'fire_time_from_fire_to_peak_flowering': '48 (1); 72 (1)'}"
Hibbertia monogyna,Dilleniaceae,Hibbertia,native,"{'post_fire_recruitment': 'post_fire_recruitment (1)', 'resprouting_capacity': 'fire_killed (V)', 'resprouting_capacity_non_fire_disturbance': 'resprouts_non_fire_disturbance (1)'}"
Hibbertia nitida,Dilleniaceae,Hibbertia,native,"{'resprouting_capacity': 'fire_killed (3)', 'resprouting_capacity_non_fire_disturbance': 'resprouts_non_fire_disturbance (g)'}"
Hibbertia pedunculata,Dilleniaceae,Hibbertia,native,"{'resprouting_capacity': 'resprouts (3)', 'resprouting_capacity_non_fire_disturbance': 'resprouts_non_fire_disturbance (1)'}"
Hibbertia puberula,Dilleniaceae,Hibbertia,native,"{'resprouting_capacity': 'resprouts (g)', 'resprouting_capacity_non_fire_disturbance': 'resprouts_non_fire_disturbance (g)'}"
Hibbertia riparia,Dilleniaceae,Hibbertia,native,"{'post_fire_recruitment': 'post_fire_recruitment (2)', 'resprouting_capacity': 'resprouts (14)', 'resprouting_capacity_non_fire_disturbance': 'resprouts_non_fire_disturbance (3)', 'resprouting_capacity_juvenile': 'juvenile_resprout (1)', 'fire_time_from_fire_to_fruiting': '24 (V)', 'fire_time_from_fire_to_flowering': '20.6976744186047 (1); 24 (1)'}"
Hibbertia scandens,Dilleniaceae,Hibbertia,native,"{'post_fire_recruitment': 'post_fire_recruitment (1)', 'resprouting_capacity': 'resprouts (V)', 'resprouting_capacity_non_fire_disturbance': 'resprouts_non_fire_disturbance (g)'}"
Hibbertia serpyllifolia,Dilleniaceae,Hibbertia,native,"{'post_fire_recruitment': 'post_fire_recruitment (V)', 'resprouting_capacity': 'resprouts (V)', 'resprouting_capacity_non_fire_disturbance': 'resprouts_non_fire_disturbance (1)', 'fire_time_from_fire_to_flowering': '24 (1)'}"
Hibbertia stricta,Dilleniaceae,Hibbertia,native,"{'post_fire_recruitment': 'post_fire_recruitment (1)', 'resprouting_capacity': 'resprouts (3)', 'resprouting_capacity_non_fire_disturbance': 'resprouts_non_fire_disturbance (2)'}"
Hibbertia vestita,Dilleniaceae,Hibbertia,native,"{'post_fire_recruitment': 'post_fire_recruitment (1); post_fire_recruitment_absent (1)', 'resprouting_capacity': 'resprouts (5)', 'resprouting_capacity_non_fire_disturbance': 'resprouts_non_fire_disturbance (g)'}"
Hibiscus brachysiphonius,Malvaceae,Hibiscus,native,"{'post_fire_recruitment': 'post_fire_recruitment (1)', 'resprouting_capacity': 'fire_killed (3)'}"
Hibiscus mutabilis,Malvaceae,Hibiscus,Exotic,{'resprouting_capacity': 'fire_killed (f)'}
Hibiscus rosa-sinensis,Malvaceae,Hibiscus,Exotic,{'resprouting_capacity': 'fire_killed (f)'}
Hirschfeldia incana,Brassicaceae,Hirschfeldia,Exotic,{'resprouting_capacity': 'fire_killed (f)'}
Holcus lanatus,Poaceae,Holcus,Exotic,"{'post_fire_recruitment': 'post_fire_recruitment (2)', 'resprouting_capacity': 'resprouts (V)', 'resprouting_capacity_non_fire_disturbance': 'resprouts_non_fire_disturbance (f)', 'resprouting_capacity_juvenile': 'juvenile_fire_killed (1)', 'resprouting_capacity_proportion_individuals': '1 (f)', 'fire_time_from_fire_to_flowering': '12 (f)'}"
Homalanthus populifolius,Euphorbiaceae,Homalanthus,native,"{'post_fire_recruitment': 'post_fire_recruitment (1)', 'resprouting_capacity': 'resprouts (V)'}"
Hordeum glaucum,Poaceae,Hordeum,Exotic,"{'post_fire_recruitment': 'post_fire_recruitment (1)', 'resprouting_capacity': 'fire_killed (1)', 'resprouting_capacity_non_fire_disturbance': 'resprouts_non_fire_disturbance (f)', 'resprouting_capacity_juvenile': 'juvenile_fire_killed (1)', 'resprouting_capacity_proportion_individuals': '1 (f)', 'fire_time_from_fire_to_flowering': '12 (f)'}"
Hordeum hystrix,Poaceae,Hordeum,Exotic,"{'post_fire_recruitment': 'post_fire_recruitment (1)', 'resprouting_capacity': 'fire_killed (1)', 'resprouting_capacity_non_fire_disturbance': 'resprouts_non_fire_disturbance (f)', 'resprouting_capacity_juvenile': 'juvenile_fire_killed (1)', 'resprouting_capacity_proportion_individuals': '1 (f)', 'fire_time_from_fire_to_flowering': '12 (f)'}"
Hovea heterophylla,Fabaceae,Hovea,native,"{'post_fire_recruitment': 'post_fire_recruitment (V)', 'resprouting_capacity': 'resprouts (V)', 'resprouting_capacity_non_fire_disturbance': 'resprouts_non_fire_disturbance (f)', 'resprouting_capacity_juvenile': 'juvenile_fire_killed (1)', 'fire_time_from_fire_to_flowering': '24 (V)'}"
Hovea linearis,Fabaceae,Hovea,native,"{'post_fire_recruitment': 'post_fire_recruitment (2)', 'resprouting_capacity': 'resprouts (V)', 'resprouting_capacity_non_fire_disturbance': 'resprouts_non_fire_disturbance (f)', 'resprouting_capacity_juvenile': 'juvenile_fire_killed (f)', 'fire_time_from_fire_to_fruiting': '23.2558139534884 (1)', 'fire_time_from_fire_to_flowering': '24 (1); 24.1860465116279 (1); 36 (1); 7.2093023255814 (1)'}"
Hovea longifolia,Fabaceae,Hovea,native,"{'post_fire_recruitment': 'post_fire_recruitment (f)', 'resprouting_capacity': 'fire_killed (V)', 'resprouting_capacity_non_fire_disturbance': 'resprouts_non_fire_disturbance (1)', 'resprouting_capacity_juvenile': 'juvenile_fire_killed (f)', 'fire_time_from_fire_to_fruiting': '46.046511627907 (1)', 'fire_time_from_fire_to_flowering': '44.1860465116279 (1); 48.3720930232558 (1)'}"
Hovea purpurea,Fabaceae,Hovea,native,"{'post_fire_recruitment': 'post_fire_recruitment (2)', 'resprouting_capacity': 'fire_killed (6)', 'resprouting_capacity_non_fire_disturbance': 'resprouts_non_fire_disturbance (f)', 'resprouting_capacity_juvenile': 'juvenile_fire_killed (f)'}"
Hovea speciosa,Fabaceae,Hovea,native,"{'post_fire_recruitment': 'post_fire_recruitment (f)', 'resprouting_capacity': 'fire_killed (f)', 'resprouting_capacity_non_fire_disturbance': 'resprouts_non_fire_disturbance (f)', 'resprouting_capacity_juvenile': 'juvenile_fire_killed (f)'}"
Hydrocotyle acutiloba,Araliaceae,Hydrocotyle,native,"{'resprouting_capacity': 'resprouts (2)', 'resprouting_capacity_non_fire_disturbance': 'resprouts_non_fire_disturbance (1)'}"
Hydrocotyle bonariensis,Araliaceae,Hydrocotyle,Exotic,"{'resprouting_capacity': 'resprouts (3)', 'fire_time_from_fire_to_fruiting': '4.65116279069767 (1)', 'fire_time_from_fire_to_flowering': '2.55813953488372 (1)'}"
Hydrocotyle laxiflora,Araliaceae,Hydrocotyle,native,"{'post_fire_recruitment': 'post_fire_recruitment (1); post_fire_recruitment_absent (1)', 'resprouting_capacity': 'resprouts (V)', 'resprouting_capacity_non_fire_disturbance': 'resprouts_non_fire_disturbance (1)', 'resprouting_capacity_juvenile': 'juvenile_fire_killed (1)'}"
Hydrocotyle sibthorpioides,Araliaceae,Hydrocotyle,native,"{'post_fire_recruitment': 'post_fire_recruitment (1)', 'resprouting_capacity': 'resprouts (4)', 'resprouting_capacity_non_fire_disturbance': 'resprouts_non_fire_disturbance (2)', 'fire_time_from_fire_to_fruiting': '3.72093023255814 (1)', 'fire_time_from_fire_to_flowering': '2.32558139534884 (1)'}"
Hydrocotyle tripartita,Araliaceae,Hydrocotyle,native,"{'resprouting_capacity': 'resprouts (V)', 'resprouting_capacity_non_fire_disturbance': 'resprouts_non_fire_disturbance (1)', 'resprouting_capacity_juvenile': 'juvenile_fire_killed (1)'}"
Hymenosporum flavum,Pittosporaceae,Hymenosporum,native,"{'post_fire_recruitment': 'post_fire_recruitment_absent (1)', 'resprouting_capacity': 'resprouts (5)'}"
Hyparrhenia hirta,Poaceae,Hyparrhenia,Exotic,"{'post_fire_recruitment': 'post_fire_recruitment (1)', 'resprouting_capacity': 'resprouts (1)', 'resprouting_capacity_non_fire_disturbance': 'resprouts_non_fire_disturbance (f)', 'resprouting_capacity_juvenile': 'juvenile_resprout (f)', 'resprouting_capacity_proportion_individuals': '1 (f)', 'fire_time_from_fire_to_flowering': '12 (f)'}"
Hypericum gramineum,Hypericaceae,Hypericum,native,"{'post_fire_recruitment': 'post_fire_recruitment (2)', 'resprouting_capacity': 'resprouts (V)', 'resprouting_capacity_non_fire_disturbance': 'resprouts_non_fire_disturbance (1)', 'resprouting_capacity_juvenile': 'juvenile_fire_killed (1)', 'fire_time_from_fire_to_fruiting': '8.83720930232558 (1)', 'fire_time_from_fire_to_flowering': '12 (V)'}"
Hypericum japonicum,Hypericaceae,Hypericum,native,"{'post_fire_recruitment': 'post_fire_recruitment (1)', 'resprouting_capacity': 'resprouts (V)', 'resprouting_capacity_non_fire_disturbance': 'resprouts_non_fire_disturbance (1)', 'resprouting_capacity_juvenile': 'juvenile_fire_killed (1)'}"
Hypericum perforatum,Hypericaceae,Hypericum,Exotic,"{'post_fire_recruitment': 'post_fire_recruitment (2)', 'resprouting_capacity': 'resprouts (4)', 'fire_time_from_fire_to_fruiting': '11.6279069767442 (1)', 'fire_time_from_fire_to_flowering': '10 (1); 14.6511627906977 (1); 15 (1)'}"
Hypochaeris albiflora,Asteraceae,Hypochaeris,Exotic,"{'post_fire_recruitment': 'post_fire_recruitment (f)', 'resprouting_capacity': 'fire_killed (f)', 'resprouting_capacity_non_fire_disturbance': 'resprouts_non_fire_disturbance (f)', 'resprouting_capacity_juvenile': 'juvenile_fire_killed (f)', 'fire_time_from_fire_to_flowering': '12 (f)'}"
Hypochaeris glabra,Asteraceae,Hypochaeris,Exotic,"{'post_fire_recruitment': 'post_fire_recruitment (3)', 'resprouting_capacity': 'fire_killed (5)', 'resprouting_capacity_non_fire_disturbance': 'resprouts_non_fire_disturbance (f)', 'resprouting_capacity_juvenile': 'juvenile_fire_killed (1)', 'fire_time_from_fire_to_flowering': '12 (1); 24 (1)'}"
Hypochaeris radicata,Asteraceae,Hypochaeris,Exotic,"{'post_fire_recruitment': 'post_fire_recruitment (3)', 'resprouting_capacity': 'resprouts (V)', 'resprouting_capacity_non_fire_disturbance': 'resprouts_non_fire_disturbance (f)', 'resprouting_capacity_juvenile': 'juvenile_fire_killed (1)', 'fire_time_from_fire_to_fruiting': '2.32558139534884 (1)', 'fire_time_from_fire_to_flowering': '12 (V)'}"
Hypolaena fastigiata,Restionaceae,Hypolaena,native,"{'post_fire_recruitment': 'post_fire_recruitment (1); post_fire_recruitment_absent (1)', 'resprouting_capacity': 'resprouts (4)', 'resprouting_capacity_non_fire_disturbance': 'resprouts_non_fire_disturbance (1)', 'resprouting_capacity_juvenile': 'juvenile_resprout (1)', 'fire_time_from_fire_to_flowering': '24 (1)'}"
Hypoxis hygrometrica,Hypoxidaceae,Hypoxis,native,"{'resprouting_capacity': 'resprouts (6)', 'resprouting_capacity_non_fire_disturbance': 'resprouts_non_fire_disturbance (3)', 'resprouting_capacity_juvenile': 'juvenile_resprout (1)', 'fire_time_from_fire_to_flowering': '3.72093023255814 (1)'}"
Impatiens walleriana,Balsaminaceae,Impatiens,Exotic,"{'resprouting_capacity': 'fire_killed (2)', 'fire_time_from_fire_to_flowering': '4.18604651162791 (1)'}"
Imperata cylindrica,Poaceae,Imperata,native,"{'post_fire_recruitment': 'post_fire_recruitment (f)', 'post_fire_flowering': 'fire_enhanced_flowering (1)', 'resprouting_capacity': 'partial_resprouting (V)', 'resprouting_capacity_non_fire_disturbance': 'resprouts_non_fire_disturbance (2)', 'resprouting_capacity_juvenile': 'juvenile_resprout (1)', 'resprouting_capacity_proportion_individuals': '1 (3)', 'fire_time_from_fire_to_fruiting': '2.55813953488372 (1)', 'fire_time_from_fire_to_flowering': '1.3953488372093 (1); 2.55813953488372 (1); 3.6 (1)'}"
Indigofera australis,Fabaceae,Indigofera,native,"{'post_fire_recruitment': 'post_fire_recruitment (V)', 'resprouting_capacity': 'resprouts (V)', 'resprouting_capacity_non_fire_disturbance': 'resprouts_non_fire_disturbance (f)', 'resprouting_capacity_juvenile': 'juvenile_fire_killed (f)', 'resprouting_capacity_proportion_individuals': '0.6', 'fire_time_from_fire_to_flowering': '24 (2)'}"
Ipheion uniflorum,Alliaceae,Ipheion,Exotic,{'resprouting_capacity': 'resprouts (1)'}
Ipomoea cairica,Convolvulaceae,Ipomoea,Exotic,{'resprouting_capacity': 'resprouts (2)'}
Ipomoea indica,Convolvulaceae,Ipomoea,Exotic,"{'resprouting_capacity': 'resprouts (3)', 'fire_time_from_fire_to_flowering': '3.48837209302326 (1)'}"
Ipomoea muelleri,Convolvulaceae,Ipomoea,native,{'resprouting_capacity': 'resprouts (2)'}
Ipomoea purpurea,Convolvulaceae,Ipomoea,Exotic,{'resprouting_capacity': 'resprouts (1)'}
Iris germanica,Iridaceae,Iris,Exotic,{'resprouting_capacity': 'resprouts (f)'}
Isolepis cernua,Cyperaceae,Isolepis,native,"{'resprouting_capacity': 'fire_killed (V)', 'resprouting_capacity_non_fire_disturbance': 'resprouts_non_fire_disturbance (f)', 'resprouting_capacity_juvenile': 'juvenile_fire_killed (1)', 'fire_time_from_fire_to_flowering': '2.32558139534884 (1)'}"
Isolepis inundata,Cyperaceae,Isolepis,native,"{'post_fire_recruitment': 'post_fire_recruitment_absent (1)', 'resprouting_capacity': 'fire_killed (2); resprouts (2)', 'resprouting_capacity_non_fire_disturbance': 'resprouts_non_fire_disturbance (f)', 'resprouting_capacity_juvenile': 'juvenile_fire_killed (1)', 'fire_time_from_fire_to_flowering': '12 (1); 6.51162790697674 (1)'}"
Isolepis levynsiana,Cyperaceae,Isolepis,Exotic,"{'post_fire_recruitment': 'post_fire_recruitment (1)', 'resprouting_capacity': 'fire_killed (1)', 'resprouting_capacity_non_fire_disturbance': 'resprouts_non_fire_disturbance (f)', 'resprouting_capacity_juvenile': 'juvenile_fire_killed (f)'}"
Isolepis marginata,Cyperaceae,Isolepis,Exotic,"{'post_fire_recruitment': 'post_fire_recruitment (1)', 'resprouting_capacity': 'fire_killed (V)', 'resprouting_capacity_non_fire_disturbance': 'resprouts_non_fire_disturbance (f)', 'resprouting_capacity_juvenile': 'juvenile_fire_killed (1)', 'fire_time_from_fire_to_flowering': '12 (1); 6 (1)'}"
Isolepis prolifera,Cyperaceae,Isolepis,Exotic,"{'resprouting_capacity': 'resprouts (1)', 'resprouting_capacity_non_fire_disturbance': 'resprouts_non_fire_disturbance (f)', 'resprouting_capacity_juvenile': 'juvenile_fire_killed (f)', 'fire_time_from_fire_to_fruiting': '14.6511627906977 (1)'}"
Isolepis sepulcralis,Cyperaceae,Isolepis,Exotic,"{'resprouting_capacity': 'resprouts (f)', 'resprouting_capacity_non_fire_disturbance': 'resprouts_non_fire_disturbance (f)', 'resprouting_capacity_juvenile': 'juvenile_fire_killed (f)'}"
Isopogon anemonifolius,Proteaceae,Isopogon,native,"{'post_fire_recruitment': 'post_fire_recruitment (V)', 'resprouting_capacity': 'resprouts (V)', 'resprouting_capacity_non_fire_disturbance': 'resprouts_non_fire_disturbance (1)', 'fire_time_from_fire_to_fruiting': '45.5813953488372 (1)', 'fire_time_from_fire_to_flowering': '20.9302325581395 (1); 24 (1); 36.2790697674419 (1); 48 (1); 48.3720930232558 (1)'}"
Isopogon anethifolius,Proteaceae,Isopogon,native,"{'post_fire_recruitment': 'post_fire_recruitment (1)', 'resprouting_capacity': 'resprouts (V)', 'resprouting_capacity_non_fire_disturbance': 'resprouts_non_fire_disturbance (1)', 'fire_time_from_fire_to_fruiting': '56.2790697674419 (1)', 'fire_time_from_fire_to_flowering': '33.0232558139535 (1); 46.046511627907 (1); 48.3720930232558 (1); 60.4651162790698 (1)'}"
Jacksonia scoparia,Fabaceae,Jacksonia,native,"{'post_fire_recruitment': 'post_fire_recruitment (1); post_fire_recruitment_absent (1)', 'resprouting_capacity': 'resprouts (2)', 'resprouting_capacity_non_fire_disturbance': 'resprouts_non_fire_disturbance (f)', 'resprouting_capacity_juvenile': 'juvenile_fire_killed (f)'}"
Jasminum polyanthum,Oleaceae,Jasminum,Exotic,"{'resprouting_capacity': 'resprouts (1)', 'fire_time_from_fire_to_flowering': '20.2325581395349 (1)'}"
Juncus acutus,,,Exotic,"{'resprouting_capacity': 'resprouts (2)', 'resprouting_capacity_juvenile': 'juvenile_resprout (1)'}"
Juncus aridicola,Juncaceae,Juncus,native,"{'resprouting_capacity': 'resprouts (1)', 'resprouting_capacity_non_fire_disturbance': 'resprouts_non_fire_disturbance (1)'}"
Juncus capillaceus,Juncaceae,Juncus,Exotic,"{'resprouting_capacity': 'resprouts (g)', 'resprouting_capacity_non_fire_disturbance': 'resprouts_non_fire_disturbance (g)'}"
Juncus continuus,Juncaceae,Juncus,native,"{'resprouting_capacity': 'resprouts (3)', 'resprouting_capacity_non_fire_disturbance': 'resprouts_non_fire_disturbance (1)', 'fire_time_from_fire_to_flowering': '12 (1); 9.76744186046512 (1)'}"
Juncus flavidus,Juncaceae,Juncus,native,"{'resprouting_capacity': 'resprouts (2)', 'resprouting_capacity_non_fire_disturbance': 'resprouts_non_fire_disturbance (1)', 'resprouting_capacity_juvenile': 'juvenile_resprout (1)'}"
Juncus homalocaulis,Juncaceae,Juncus,native,"{'post_fire_recruitment': 'post_fire_recruitment (1)', 'resprouting_capacity': 'resprouts (3)', 'resprouting_capacity_non_fire_disturbance': 'resprouts_non_fire_disturbance (1)', 'resprouting_capacity_juvenile': 'juvenile_resprout (1)'}"
Juncus kraussii,Juncaceae,Juncus,native,"{'resprouting_capacity': 'resprouts (1)', 'resprouting_capacity_non_fire_disturbance': 'resprouts_non_fire_disturbance (1)', 'fire_time_from_fire_to_flowering': '33 (1)'}"
Juncus mollis,Juncaceae,Juncus,native,"{'resprouting_capacity': 'resprouts (g)', 'resprouting_capacity_non_fire_disturbance': 'resprouts_non_fire_disturbance (g)'}"
Juncus pallidus,Juncaceae,Juncus,native,"{'resprouting_capacity': 'resprouts (4)', 'resprouting_capacity_non_fire_disturbance': 'resprouts_non_fire_disturbance (1)', 'resprouting_capacity_juvenile': 'juvenile_resprout (1)'}"
Juncus planifolius,Juncaceae,Juncus,native,"{'post_fire_recruitment': 'post_fire_recruitment (1)', 'resprouting_capacity': 'fire_killed (2); resprouts (2)', 'resprouting_capacity_non_fire_disturbance': 'resprouts_non_fire_disturbance (g)', 'resprouting_capacity_juvenile': 'juvenile_fire_killed (1)', 'fire_time_from_fire_to_fruiting': '9.30232558139535 (1)', 'fire_time_from_fire_to_flowering': '12 (1); 24 (1)'}"
Juncus polyanthemus,Juncaceae,Juncus,native,"{'resprouting_capacity': 'resprouts (1)', 'resprouting_capacity_non_fire_disturbance': 'resprouts_non_fire_disturbance (1)'}"
Juncus remotiflorus,Juncaceae,Juncus,native,"{'resprouting_capacity': 'resprouts (3)', 'resprouting_capacity_non_fire_disturbance': 'resprouts_non_fire_disturbance (1)', 'resprouting_capacity_juvenile': 'juvenile_resprout (1)'}"
Juncus subsecundus,Juncaceae,Juncus,native,"{'resprouting_capacity': 'resprouts (6)', 'resprouting_capacity_non_fire_disturbance': 'resprouts_non_fire_disturbance (2)', 'resprouting_capacity_juvenile': 'juvenile_resprout (1)', 'fire_time_from_fire_to_flowering': '12 (1); 24 (1)'}"
Juncus tenuis,Juncaceae,Juncus,Exotic,"{'resprouting_capacity': 'resprouts (g)', 'resprouting_capacity_non_fire_disturbance': 'resprouts_non_fire_disturbance (g)'}"
Juncus usitatus,Juncaceae,Juncus,native,"{'post_fire_recruitment': 'post_fire_recruitment_absent (1)', 'resprouting_capacity': 'resprouts (2)', 'resprouting_capacity_non_fire_disturbance': 'resprouts_non_fire_disturbance (1)'}"
Juncus vaginatus,Juncaceae,Juncus,native,"{'resprouting_capacity': 'resprouts (1)', 'resprouting_capacity_non_fire_disturbance': 'resprouts_non_fire_disturbance (1)'}"
Kennedia prostrata,Fabaceae,Kennedia,native,"{'post_fire_recruitment': 'post_fire_recruitment (5)', 'resprouting_capacity': 'fire_killed (V)', 'resprouting_capacity_non_fire_disturbance': 'resprouts_non_fire_disturbance (f)', 'resprouting_capacity_juvenile': 'juvenile_fire_killed (1)', 'fire_time_from_fire_to_flowering': '19 (1); 30 (1)'}"
Kennedia rubicunda,Fabaceae,Kennedia,native,"{'post_fire_recruitment': 'post_fire_recruitment (2)', 'resprouting_capacity': 'fire_killed (V)', 'resprouting_capacity_non_fire_disturbance': 'resprouts_non_fire_disturbance (f)', 'resprouting_capacity_juvenile': 'juvenile_fire_killed (f)', 'fire_time_from_fire_to_fruiting': '10.6976744186047 (1)', 'fire_time_from_fire_to_flowering': '12.093023255814 (1); 8.13953488372093 (1)'}"
Kunzea ambigua,Myrtaceae,Kunzea,native,"{'post_fire_recruitment': 'post_fire_recruitment (f)', 'resprouting_capacity': 'fire_killed (6)', 'resprouting_capacity_non_fire_disturbance': 'resprouts_non_fire_disturbance (f)', 'resprouting_capacity_juvenile': 'juvenile_fire_killed (f)', 'fire_time_from_fire_to_fruiting': '23.2558139534884 (1)', 'fire_time_from_fire_to_flowering': '22.5581395348837 (1); 24.1860465116279 (1); 48.3720930232558 (1)'}"
Kunzea capitata,Myrtaceae,Kunzea,native,"{'post_fire_recruitment': 'post_fire_recruitment (2)', 'resprouting_capacity': 'fire_killed (V)', 'resprouting_capacity_non_fire_disturbance': 'resprouts_non_fire_disturbance (f)', 'resprouting_capacity_juvenile': 'juvenile_fire_killed (f)', 'fire_time_from_fire_to_flowering': '21.1627906976744 (1); 24 (1)'}"
Lachnagrostis aemula,Poaceae,Lachnagrostis,native,"{'post_fire_recruitment': 'post_fire_recruitment (1)', 'resprouting_capacity': 'fire_killed (V)', 'resprouting_capacity_non_fire_disturbance': 'resprouts_non_fire_disturbance (f)', 'resprouting_capacity_juvenile': 'juvenile_fire_killed (1)', 'resprouting_capacity_proportion_individuals': '1 (f)', 'fire_time_from_fire_to_flowering': '12 (f)'}"
Lachnagrostis filiformis,Poaceae,Lachnagrostis,native,"{'post_fire_recruitment': 'post_fire_recruitment (1)', 'resprouting_capacity': 'partial_resprouting (V)', 'resprouting_capacity_non_fire_disturbance': 'resprouts_non_fire_disturbance (f)', 'resprouting_capacity_juvenile': 'juvenile_resprout (f)', 'resprouting_capacity_proportion_individuals': '0.2 (1); 0.4 (1); 0.6 (1)', 'fire_time_from_fire_to_fruiting': '10.2325581395349 (1)', 'fire_time_from_fire_to_flowering': '12 (V)'}"
Lactuca sativa,Asteraceae,Lactuca,Exotic,"{'post_fire_recruitment': 'post_fire_recruitment (f)', 'resprouting_capacity': 'fire_killed (f)', 'resprouting_capacity_non_fire_disturbance': 'resprouts_non_fire_disturbance (f)', 'resprouting_capacity_juvenile': 'juvenile_fire_killed (f)', 'fire_time_from_fire_to_flowering': '12 (f)'}"
Lactuca serriola,Asteraceae,Lactuca,Exotic,"{'post_fire_recruitment': 'post_fire_recruitment (3)', 'resprouting_capacity': 'fire_killed (5)', 'resprouting_capacity_non_fire_disturbance': 'resprouts_non_fire_disturbance (f)', 'resprouting_capacity_juvenile': 'juvenile_fire_killed (1)', 'fire_time_from_fire_to_fruiting': '11.6279069767442 (1)', 'fire_time_from_fire_to_flowering': '11.6279069767442 (1); 12 (1)'}"
Lagenophora gracilis,Asteraceae,Lagenophora,native,"{'post_fire_recruitment': 'post_fire_recruitment (f)', 'resprouting_capacity': 'resprouts (5)', 'resprouting_capacity_non_fire_disturbance': 'resprouts_non_fire_disturbance (2)', 'resprouting_capacity_juvenile': 'juvenile_resprout (1)', 'fire_time_from_fire_to_fruiting': '2.7906976744186 (1)', 'fire_time_from_fire_to_flowering': '12 (1); 2.09302325581395 (1); 2.7906976744186 (1)'}"
Lagenophora stipitata,Asteraceae,Lagenophora,native,"{'post_fire_recruitment': 'post_fire_recruitment_absent (1)', 'resprouting_capacity': 'resprouts (V)', 'resprouting_capacity_non_fire_disturbance': 'resprouts_non_fire_disturbance (2)', 'resprouting_capacity_juvenile': 'juvenile_resprout (1)', 'fire_time_from_fire_to_flowering': '12 (1); 2.4 (1)'}"
Lagunaria patersonia,Malvaceae,Lagunaria,Exotic,{'resprouting_capacity': 'fire_killed (f)'}
Lagurus ovatus,Poaceae,Lagurus,Exotic,"{'post_fire_recruitment': 'post_fire_recruitment (f)', 'resprouting_capacity': 'resprouts (f)', 'resprouting_capacity_non_fire_disturbance': 'resprouts_non_fire_disturbance (f)', 'resprouting_capacity_juvenile': 'juvenile_resprout (f)', 'resprouting_capacity_proportion_individuals': '1 (f)', 'fire_time_from_fire_to_flowering': '12 (f)'}"
Lambertia formosa,Proteaceae,Lambertia,native,"{'post_fire_recruitment': 'post_fire_recruitment (2)', 'resprouting_capacity': 'resprouts (3)', 'resprouting_capacity_non_fire_disturbance': 'resprouts_non_fire_disturbance (f)', 'fire_time_from_fire_to_fruiting': '45.3488372093023 (1)', 'fire_time_from_fire_to_flowering': '16.5116279069767 (1); 24 (1); 36.2790697674419 (1); 48.3720930232558 (1)', 'fire_time_from_fire_to_50_percent_flowering': '21.8604651162791 (1)', 'fire_time_from_fire_to_peak_flowering': '24 (1); 36 (1)'}"
Lantana camara,Verbenaceae,Lantana,Exotic,"{'post_fire_recruitment': 'post_fire_recruitment (1)', 'resprouting_capacity': 'resprouts (V)', 'fire_time_from_fire_to_fruiting': '4.65116279069767 (1)', 'fire_time_from_fire_to_flowering': '3.72093023255814 (1)'}"
Lasiopetalum ferrugineum,Malvaceae,Lasiopetalum,native,"{'post_fire_recruitment': 'post_fire_recruitment (2)', 'resprouting_capacity': 'fire_killed (V)', 'fire_time_from_fire_to_fruiting': '22.5581395348837 (1)', 'fire_time_from_fire_to_flowering': '12 (1); 20.2325581395349 (1); 24.1860465116279 (1)', 'fire_time_from_fire_to_peak_flowering': '48 (1); 60 (1)'}"
Lasiopetalum macrophyllum,Malvaceae,Lasiopetalum,native,"{'post_fire_recruitment': 'post_fire_recruitment (1)', 'resprouting_capacity': 'partial_resprouting (1); resprouts (1)'}"
Lasiopetalum parviflorum,Malvaceae,Lasiopetalum,native,"{'resprouting_capacity': 'fire_killed (V)', 'fire_time_from_fire_to_flowering': '33.4883720930233 (1)'}"
Lasiopetalum rufum,Malvaceae,Lasiopetalum,native,{'resprouting_capacity': 'fire_killed (f)'}
Laxmannia gracilis,Asparagaceae,Laxmannia,native,"{'resprouting_capacity': 'fire_killed (V)', 'resprouting_capacity_non_fire_disturbance': 'resprouts_non_fire_disturbance (f)', 'fire_time_from_fire_to_fruiting': '11.8604651162791 (1)', 'fire_time_from_fire_to_flowering': '10 (1); 3.6 (1)', 'fire_time_from_fire_to_50_percent_flowering': '10.6976744186047 (1)'}"
Lechenaultia biloba,Goodeniaceae,Lechenaultia,native,"{'resprouting_capacity': 'resprouts (V)', 'fire_time_from_fire_to_flowering': '0--24 (1); 24 (1); 30 (1)'}"
Leichhardtia flavescens,Apocynaceae,Leichhardtia,native,"{'post_fire_recruitment': 'post_fire_recruitment_absent (1)', 'resprouting_capacity': 'fire_killed (1); resprouts (1)'}"
Leichhardtia rostrata,Apocynaceae,Leichhardtia,native,"{'post_fire_recruitment': 'post_fire_recruitment_absent (2)', 'resprouting_capacity': 'resprouts (3)'}"
Leichhardtia suaveolens,Apocynaceae,Leichhardtia,native,"{'post_fire_recruitment': 'post_fire_recruitment_absent (1)', 'resprouting_capacity': 'resprouts (5)', 'resprouting_capacity_non_fire_disturbance': 'resprouts_non_fire_disturbance (1)', 'fire_time_from_fire_to_fruiting': '7.44186046511628 (1)', 'fire_time_from_fire_to_flowering': '2.32558139534884 (1); 4.8 (1); 7.44186046511628 (1)'}"
Leichhardtia viridiflora,Apocynaceae,Leichhardtia,native,"{'post_fire_recruitment': 'post_fire_recruitment_absent (1)', 'resprouting_capacity': 'resprouts (2)', 'resprouting_capacity_non_fire_disturbance': 'resprouts_non_fire_disturbance (1)'}"
Leionema dentatum,Rutaceae,Leionema,native,"{'post_fire_recruitment': 'post_fire_recruitment (f)', 'resprouting_capacity': 'fire_killed (3)', 'fire_time_from_fire_to_fruiting': '57.4418604651163 (1)', 'fire_time_from_fire_to_flowering': '43.953488372093 (1); 48.3720930232558 (1); 60.4651162790698 (1)', 'fire_time_from_fire_to_peak_flowering': '120 (1)'}"
Lemna disperma,Araceae,Lemna,native,"{'resprouting_capacity': 'fire_killed (2)', 'resprouting_capacity_juvenile': 'juvenile_fire_killed (1)'}"
Leontodon rhagadioloides,Asteraceae,Leontodon,Exotic,"{'post_fire_recruitment': 'post_fire_recruitment (f)', 'resprouting_capacity': 'fire_killed (1)', 'resprouting_capacity_non_fire_disturbance': 'resprouts_non_fire_disturbance (f)', 'resprouting_capacity_juvenile': 'juvenile_fire_killed (f)', 'fire_time_from_fire_to_flowering': '12 (f)'}"
Leontodon saxatilis,Asteraceae,Leontodon,native,"{'post_fire_recruitment': 'post_fire_recruitment (1)', 'resprouting_capacity': 'fire_killed (f)', 'resprouting_capacity_non_fire_disturbance': 'resprouts_non_fire_disturbance (f)', 'resprouting_capacity_juvenile': 'juvenile_fire_killed (f)', 'fire_time_from_fire_to_flowering': '12 (f)'}"
Lepidium africanum,Brassicaceae,Lepidium,Exotic,{'resprouting_capacity': 'fire_killed (f)'}
Lepidium bonariense,Brassicaceae,Lepidium,Exotic,{'resprouting_capacity': 'fire_killed (f)'}
Lepidium didymum,Brassicaceae,Lepidium,Exotic,"{'resprouting_capacity': 'fire_killed (2)', 'fire_time_from_fire_to_fruiting': '3.48837209302326 (1)', 'fire_time_from_fire_to_flowering': '3.48837209302326 (1)'}"
Lepidium pseudohyssopifolium,Brassicaceae,Lepidium,native,{'resprouting_capacity': 'fire_killed (1)'}
Lepidosperma concavum,Cyperaceae,Lepidosperma,native,"{'post_fire_recruitment': 'post_fire_recruitment (1); post_fire_recruitment_absent (1)', 'resprouting_capacity': 'resprouts (3)', 'resprouting_capacity_non_fire_disturbance': 'resprouts_non_fire_disturbance (1)', 'resprouting_capacity_juvenile': 'juvenile_fire_killed (1)', 'fire_time_from_fire_to_flowering': '24 (1)'}"
Lepidosperma filiforme,Cyperaceae,Lepidosperma,native,"{'post_fire_recruitment': 'post_fire_recruitment (1)', 'resprouting_capacity': 'resprouts (V)', 'resprouting_capacity_non_fire_disturbance': 'resprouts_non_fire_disturbance (1)', 'resprouting_capacity_juvenile': 'juvenile_fire_killed (1)', 'fire_time_from_fire_to_flowering': '24 (1); 7.2 (1)'}"
Lepidosperma gunnii,Cyperaceae,Lepidosperma,native,"{'resprouting_capacity': 'resprouts (3)', 'resprouting_capacity_non_fire_disturbance': 'resprouts_non_fire_disturbance (1)', 'resprouting_capacity_juvenile': 'juvenile_fire_killed (f)', 'fire_time_from_fire_to_fruiting': '14.1860465116279 (1)', 'fire_time_from_fire_to_flowering': '12 (1)'}"
Lepidosperma latens,Cyperaceae,Lepidosperma,native,"{'resprouting_capacity': 'resprouts (f)', 'resprouting_capacity_non_fire_disturbance': 'resprouts_non_fire_disturbance (f)', 'resprouting_capacity_juvenile': 'juvenile_fire_killed (f)'}"
Lepidosperma laterale,Cyperaceae,Lepidosperma,native,"{'post_fire_recruitment': 'post_fire_recruitment (1); post_fire_recruitment_absent (1)', 'resprouting_capacity': 'resprouts (7)', 'resprouting_capacity_non_fire_disturbance': 'resprouts_non_fire_disturbance (3)', 'resprouting_capacity_juvenile': 'juvenile_fire_killed (1)', 'fire_time_from_fire_to_fruiting': '13.0232558139535 (1)', 'fire_time_from_fire_to_flowering': '11.3953488372093 (1); 13.0232558139535 (1); 15 (1)'}"
Lepidosperma urophorum,Cyperaceae,Lepidosperma,native,"{'post_fire_recruitment': 'post_fire_recruitment (1)', 'resprouting_capacity': 'resprouts (3)', 'resprouting_capacity_non_fire_disturbance': 'resprouts_non_fire_disturbance (1)', 'resprouting_capacity_juvenile': 'juvenile_fire_killed (1)'}"
Leptinella longipes,Asteraceae,Leptinella,native,"{'post_fire_recruitment': 'post_fire_recruitment (f)', 'resprouting_capacity': 'resprouts (2)', 'resprouting_capacity_non_fire_disturbance': 'resprouts_non_fire_disturbance (2)', 'resprouting_capacity_juvenile': 'juvenile_fire_killed (f)', 'fire_time_from_fire_to_flowering': '12 (f)'}"
Leptomeria acida,Santalaceae,Leptomeria,native,"{'post_fire_recruitment': 'post_fire_recruitment (1); post_fire_recruitment_absent (1)', 'resprouting_capacity': 'fire_killed (V); resprouts (V)', 'resprouting_capacity_non_fire_disturbance': 'resprouts_non_fire_disturbance (2)', 'fire_time_from_fire_to_fruiting': '44.1860465116279 (1)', 'fire_time_from_fire_to_flowering': '36.2790697674419 (1); 37.906976744186 (1); 60.4651162790698 (1)'}"
Leptospermum arachnoides,Myrtaceae,Leptospermum,native,"{'post_fire_recruitment': 'post_fire_recruitment (1)', 'resprouting_capacity': 'resprouts (V)', 'resprouting_capacity_non_fire_disturbance': 'resprouts_non_fire_disturbance (f)', 'resprouting_capacity_juvenile': 'juvenile_fire_killed (f)', 'fire_time_from_fire_to_fruiting': '28.8372093023256 (1)', 'fire_time_from_fire_to_flowering': '22.5581395348837 (1); 24.1860465116279 (1); 30 (1); 36.2790697674419 (1)', 'fire_time_from_fire_to_peak_flowering': '24 (1); 36 (1)'}"
Leptospermum grandifolium,Myrtaceae,Leptospermum,native,"{'post_fire_recruitment': 'post_fire_recruitment (2)', 'resprouting_capacity': 'resprouts (V)', 'resprouting_capacity_non_fire_disturbance': 'resprouts_non_fire_disturbance (f)', 'resprouting_capacity_juvenile': 'juvenile_fire_killed (1)', 'fire_time_from_fire_to_flowering': '36 (1)'}"
Leptospermum juniperinum,Myrtaceae,Leptospermum,native,"{'post_fire_recruitment': 'post_fire_recruitment (1)', 'resprouting_capacity': 'resprouts (V)', 'resprouting_capacity_non_fire_disturbance': 'resprouts_non_fire_disturbance (1)', 'resprouting_capacity_juvenile': 'juvenile_fire_killed (f)', 'fire_time_from_fire_to_flowering': '24 (1)'}"
Leptospermum laevigatum,Myrtaceae,Leptospermum,native,"{'post_fire_recruitment': 'post_fire_recruitment (2)', 'resprouting_capacity': 'fire_killed (V)', 'resprouting_capacity_non_fire_disturbance': 'resprouts_non_fire_disturbance (f)', 'resprouting_capacity_juvenile': 'juvenile_fire_killed (1)', 'resprouting_capacity_proportion_individuals': '0 (V)'}"
Leptospermum lanigerum,Myrtaceae,Leptospermum,native,"{'post_fire_recruitment': 'post_fire_recruitment (1)', 'resprouting_capacity': 'resprouts (V)', 'resprouting_capacity_non_fire_disturbance': 'resprouts_non_fire_disturbance (1)', 'resprouting_capacity_juvenile': 'juvenile_fire_killed (f)', 'resprouting_capacity_proportion_individuals': '0.222222222222222 (1); 0.481481481481481 (1); 0.575 (1); 0.722222222222222 (1)'}"
Leptospermum parvifolium,Myrtaceae,Leptospermum,native,"{'post_fire_recruitment': 'post_fire_recruitment (f)', 'resprouting_capacity': 'resprouts (V)', 'resprouting_capacity_non_fire_disturbance': 'resprouts_non_fire_disturbance (1)', 'resprouting_capacity_juvenile': 'juvenile_fire_killed (f)', 'fire_time_from_fire_to_fruiting': '25.1162790697674 (1)', 'fire_time_from_fire_to_flowering': '20.9302325581395 (1); 36.2790697674419 (1); 48 (1); 48.3720930232558 (1)'}"
Leptospermum petersonii,Myrtaceae,Leptospermum,native,"{'post_fire_recruitment': 'post_fire_recruitment (f)', 'resprouting_capacity': 'resprouts (V)', 'resprouting_capacity_non_fire_disturbance': 'resprouts_non_fire_disturbance (f)', 'resprouting_capacity_juvenile': 'juvenile_fire_killed (f)', 'fire_time_from_fire_to_flowering': '36 (1)'}"
Leptospermum polyanthum,Myrtaceae,Leptospermum,native,"{'post_fire_recruitment': 'post_fire_recruitment (f)', 'resprouting_capacity': 'resprouts (f)', 'resprouting_capacity_non_fire_disturbance': 'resprouts_non_fire_disturbance (f)', 'resprouting_capacity_juvenile': 'juvenile_fire_killed (f)'}"
Leptospermum polygalifolium,Myrtaceae,Leptospermum,native,"{'post_fire_recruitment': 'post_fire_recruitment (1); post_fire_recruitment_absent (1)', 'resprouting_capacity': 'resprouts (3)', 'resprouting_capacity_non_fire_disturbance': 'resprouts_non_fire_disturbance (f)', 'resprouting_capacity_juvenile': 'juvenile_fire_killed (f)', 'fire_time_from_fire_to_fruiting': '33.2558139534884 (1)', 'fire_time_from_fire_to_flowering': '21.8604651162791 (1); 36.2790697674419 (1)', 'fire_time_from_fire_to_peak_flowering': '48 (1)'}"
Leptospermum scoparium,Myrtaceae,Leptospermum,native,"{'post_fire_recruitment': 'post_fire_recruitment (2)', 'resprouting_capacity': 'resprouts (V)', 'resprouting_capacity_non_fire_disturbance': 'resprouts_non_fire_disturbance (f)', 'resprouting_capacity_juvenile': 'juvenile_fire_killed (1)', 'resprouting_capacity_proportion_individuals': '0 (V)'}"
Leptospermum trinervium,Myrtaceae,Leptospermum,native,"{'post_fire_recruitment': 'post_fire_recruitment (2)', 'resprouting_capacity': 'resprouts (5)', 'resprouting_capacity_non_fire_disturbance': 'resprouts_non_fire_disturbance (f)', 'resprouting_capacity_juvenile': 'juvenile_fire_killed (f)', 'fire_time_from_fire_to_fruiting': '8.6046511627907 (1)', 'fire_time_from_fire_to_flowering': '24.1860465116279 (1); 3.95348837209302 (1); 6 (1); 7.2093023255814 (1)', 'fire_time_from_fire_to_peak_flowering': '48 (1)'}"
Lepyrodia scariosa,Restionaceae,Lepyrodia,native,"{'resprouting_capacity': 'resprouts (5)', 'resprouting_capacity_non_fire_disturbance': 'resprouts_non_fire_disturbance (1)', 'fire_time_from_fire_to_flowering': '12 (1); 13.0232558139535 (1)'}"
Leucopogon affinis,Ericaceae,Leucopogon,native,"{'post_fire_recruitment': 'post_fire_recruitment (V)', 'resprouting_capacity': 'resprouts (11)', 'resprouting_capacity_juvenile': 'juvenile_fire_killed (1)', 'fire_time_from_fire_to_fruiting': '36 (V)', 'fire_time_from_fire_to_flowering': '20.4651162790698 (1); 24.1860465116279 (1); 36 (1); 36.2790697674419 (1); 4.8 (1)'}"
Leucopogon amplexicaulis,Ericaceae,Leucopogon,native,"{'post_fire_recruitment': 'post_fire_recruitment (1)', 'resprouting_capacity': 'fire_killed (5)', 'fire_time_from_fire_to_fruiting': '33.0232558139535 (1)', 'fire_time_from_fire_to_flowering': '20.2325581395349 (1); 36.2790697674419 (1); 48.3720930232558 (1)'}"
Leucopogon attenuatus,Ericaceae,Leucopogon,native,"{'post_fire_recruitment': 'post_fire_recruitment (1)', 'resprouting_capacity': 'resprouts (2)'}"
Leucopogon ericoides,Ericaceae,Leucopogon,native,"{'post_fire_recruitment': 'post_fire_recruitment (3)', 'resprouting_capacity': 'fire_killed (V)', 'resprouting_capacity_juvenile': 'juvenile_fire_killed (1)', 'fire_time_from_fire_to_fruiting': '33.2558139534884 (1)', 'fire_time_from_fire_to_flowering': '31.3953488372093 (1); 36.2790697674419 (1)', 'fire_time_from_fire_to_peak_flowering': '48 (1); 72 (1)'}"
Leucopogon juniperinus,Ericaceae,Leucopogon,native,"{'post_fire_recruitment': 'post_fire_recruitment (1)', 'resprouting_capacity': 'fire_killed (V)', 'fire_time_from_fire_to_flowering': '36.2790697674419 (1); 48.3720930232558 (1)'}"
Leucopogon microphyllus,Ericaceae,Leucopogon,native,"{'post_fire_recruitment': 'post_fire_recruitment (2)', 'resprouting_capacity': 'fire_killed (4)', 'fire_time_from_fire_to_flowering': '17.4418604651163 (1)', 'fire_time_from_fire_to_peak_flowering': '48 (1); 72 (1)'}"
Leucopogon virgatus,Ericaceae,Leucopogon,native,"{'post_fire_recruitment': 'post_fire_recruitment (1); post_fire_recruitment_absent (1)', 'resprouting_capacity': 'resprouts (5)', 'fire_time_from_fire_to_flowering': '24 (1)'}"
Ligustrum lucidum,Oleaceae,Ligustrum,Exotic,"{'post_fire_recruitment': 'post_fire_recruitment (1)', 'resprouting_capacity': 'resprouts (1)', 'fire_time_from_fire_to_flowering': '36.2790697674419 (1)'}"
Ligustrum sinense,Oleaceae,Ligustrum,Exotic,"{'resprouting_capacity': 'resprouts (3)', 'fire_time_from_fire_to_fruiting': '28.3720930232558 (1)', 'fire_time_from_fire_to_flowering': '21.3953488372093 (1); 24 (1); 24.1860465116279 (1); 36 (1); 36.2790697674419 (1)', 'fire_time_from_fire_to_peak_flowering': '60 (1)'}"
Ligustrum vulgare,Oleaceae,Ligustrum,Exotic,{'post_fire_recruitment': 'post_fire_recruitment (1)'}
Lilium formosanum,Liliaceae,Lilium,Exotic,"{'resprouting_capacity': 'resprouts (3)', 'fire_time_from_fire_to_fruiting': '6.74418604651163 (1)', 'fire_time_from_fire_to_flowering': '6.04651162790698 (1); 9 (1)'}"
Linospadix monostachyos,Arecaceae,Linospadix,native,"{'post_fire_recruitment': 'post_fire_recruitment_absent (1)', 'resprouting_capacity': 'resprouts (1)'}"
Linum marginale,Linaceae,Linum,native,"{'post_fire_recruitment': 'post_fire_recruitment (1)', 'resprouting_capacity': 'resprouts (V)', 'resprouting_capacity_juvenile': 'juvenile_fire_killed (1)', 'resprouting_capacity_proportion_individuals': '1', 'fire_time_from_fire_to_flowering': '12 (1); 21 (1)'}"
Linum trigynum,Linaceae,Linum,Exotic,"{'resprouting_capacity': 'fire_killed (3)', 'fire_time_from_fire_to_fruiting': '8.83720930232558 (1)', 'fire_time_from_fire_to_flowering': '8.83720930232558 (1)'}"
Liquidambar styraciflua,Hamamelidaceae,Liquidambar,Exotic,{'resprouting_capacity': 'resprouts (1)'}
Lissanthe strigosa,Ericaceae,Lissanthe,native,"{'post_fire_recruitment': 'post_fire_recruitment (1)', 'resprouting_capacity': 'resprouts (2)', 'resprouting_capacity_juvenile': 'juvenile_fire_killed (1)'}"
Litsea leefeana,Lauraceae,Litsea,native,"{'post_fire_recruitment': 'post_fire_recruitment (1)', 'resprouting_capacity': 'resprouts (3)'}"
Livistona australis,Arecaceae,Livistona,native,"{'post_fire_recruitment': 'post_fire_recruitment_absent (1)', 'resprouting_capacity': 'resprouts (3)', 'fire_time_from_fire_to_flowering': '8.13953488372093 (1)'}"
Lobelia anceps,Campanulaceae,Lobelia,native,"{'post_fire_recruitment': 'post_fire_recruitment (1)', 'resprouting_capacity': 'fire_killed (V)', 'fire_time_from_fire_to_fruiting': '14.6511627906977 (1)', 'fire_time_from_fire_to_flowering': '11.3953488372093 (1); 12 (1)', 'fire_time_from_fire_to_peak_flowering': '36 (1)'}"
Lobelia andrewsii,Campanulaceae,Lobelia,native,"{'resprouting_capacity': 'fire_killed (1)', 'fire_time_from_fire_to_fruiting': '15.5813953488372 (1)', 'fire_time_from_fire_to_flowering': '11.3953488372093 (1)'}"
Lobelia dentata,Campanulaceae,Lobelia,native,"{'post_fire_recruitment': 'post_fire_recruitment (1)', 'resprouting_capacity': 'fire_killed (2); resprouts (2)', 'fire_time_from_fire_to_fruiting': '11.3953488372093 (1)', 'fire_time_from_fire_to_flowering': '12 (1); 4.41860465116279 (1); 6 (1)', 'fire_time_from_fire_to_peak_flowering': '12 (1)'}"
Lobelia purpurascens,Campanulaceae,Lobelia,native,"{'resprouting_capacity': 'resprouts (4)', 'resprouting_capacity_non_fire_disturbance': 'resprouts_non_fire_disturbance (1)', 'fire_time_from_fire_to_fruiting': '3.48837209302326 (1)', 'fire_time_from_fire_to_flowering': '1.3953488372093 (1); 3.48837209302326 (1); 3.6 (1)'}"
Lobularia maritima,Brassicaceae,Lobularia,Exotic,"{'resprouting_capacity': 'fire_killed (2)', 'fire_time_from_fire_to_flowering': '5.34883720930233 (1)'}"
Logania albiflora,Loganiaceae,Logania,native,"{'post_fire_recruitment': 'post_fire_recruitment_absent (1)', 'resprouting_capacity': 'resprouts (V)', 'resprouting_capacity_non_fire_disturbance': 'resprouts_non_fire_disturbance (6)', 'fire_time_from_fire_to_fruiting': '37.906976744186 (1); 48.3720930232558 (1)', 'fire_time_from_fire_to_flowering': '12 (1); 20.2325581395349 (1); 36 (1); 36.2790697674419 (1)', 'fire_time_from_fire_to_peak_flowering': '48 (1); 72 (1)'}"
Lolium arundinaceum,Poaceae,Lolium,Exotic,"{'post_fire_recruitment': 'post_fire_recruitment (f)', 'resprouting_capacity': 'resprouts (f)', 'resprouting_capacity_non_fire_disturbance': 'resprouts_non_fire_disturbance (f)', 'resprouting_capacity_juvenile': 'juvenile_resprout (f)', 'resprouting_capacity_proportion_individuals': '1 (f)', 'fire_time_from_fire_to_flowering': '12 (f)'}"
Lolium multiflorum,Poaceae,Lolium,Exotic,"{'post_fire_recruitment': 'post_fire_recruitment (f)', 'resprouting_capacity': 'resprouts (f)', 'resprouting_capacity_non_fire_disturbance': 'resprouts_non_fire_disturbance (f)', 'resprouting_capacity_juvenile': 'juvenile_resprout (f)', 'resprouting_capacity_proportion_individuals': '1 (f)', 'fire_time_from_fire_to_flowering': '8.83720930232558 (1)'}"
Lolium perenne,Poaceae,Lolium,Exotic,"{'post_fire_recruitment': 'post_fire_recruitment (1)', 'resprouting_capacity': 'fire_killed (2)', 'resprouting_capacity_non_fire_disturbance': 'resprouts_non_fire_disturbance (f)', 'resprouting_capacity_juvenile': 'juvenile_resprout (f)', 'resprouting_capacity_proportion_individuals': '1 (f)', 'fire_time_from_fire_to_flowering': '10.2325581395349 (1)'}"
Lolium rigidum,Poaceae,Lolium,Exotic,"{'post_fire_recruitment': 'post_fire_recruitment (2)', 'resprouting_capacity': 'fire_killed (4)', 'resprouting_capacity_non_fire_disturbance': 'resprouts_non_fire_disturbance (f)', 'resprouting_capacity_juvenile': 'juvenile_resprout (f)', 'resprouting_capacity_proportion_individuals': '1 (f)', 'fire_time_from_fire_to_flowering': '12 (1)'}"
Lomandra brevis,Asparagaceae,Lomandra,native,"{'resprouting_capacity': 'resprouts (1)', 'resprouting_capacity_non_fire_disturbance': 'resprouts_non_fire_disturbance (f)', 'fire_time_from_fire_to_flowering': '12 (1); 24 (1)'}"
Lomandra confertifolia,Asparagaceae,Lomandra,native,"{'post_fire_recruitment': 'post_fire_recruitment_absent (1)', 'resprouting_capacity': 'resprouts (2)', 'resprouting_capacity_non_fire_disturbance': 'resprouts_non_fire_disturbance (1)'}"
Lomandra cylindrica,Asparagaceae,Lomandra,native,"{'post_fire_recruitment': 'post_fire_recruitment (1)', 'resprouting_capacity': 'resprouts (3)', 'resprouting_capacity_non_fire_disturbance': 'resprouts_non_fire_disturbance (1)', 'fire_time_from_fire_to_fruiting': '13.0232558139535 (1)', 'fire_time_from_fire_to_flowering': '13.0232558139535 (1); 15 (1); 9.30232558139535 (1)'}"
Lomandra filiformis,Asparagaceae,Lomandra,native,"{'post_fire_recruitment': 'post_fire_recruitment_absent (V)', 'resprouting_capacity': 'resprouts (5)', 'resprouting_capacity_non_fire_disturbance': 'resprouts_non_fire_disturbance (1)', 'resprouting_capacity_juvenile': 'juvenile_resprout (1)', 'fire_time_from_fire_to_flowering': '12 (2)'}"
Lomandra fluviatilis,Asparagaceae,Lomandra,native,"{'resprouting_capacity': 'resprouts (2)', 'resprouting_capacity_non_fire_disturbance': 'resprouts_non_fire_disturbance (f)'}"
Lomandra glauca,Asparagaceae,Lomandra,native,"{'post_fire_recruitment': 'post_fire_recruitment_absent (2)', 'resprouting_capacity': 'resprouts (7)', 'resprouting_capacity_non_fire_disturbance': 'resprouts_non_fire_disturbance (3)', 'resprouting_capacity_juvenile': 'juvenile_fire_killed (1)', 'fire_time_from_fire_to_fruiting': '11.3953488372093 (1)', 'fire_time_from_fire_to_flowering': '12.093023255814 (1); 7.2 (1); 8.37209302325581 (1)'}"
Lomandra gracilis,Asparagaceae,Lomandra,native,"{'resprouting_capacity': 'resprouts (3)', 'resprouting_capacity_non_fire_disturbance': 'resprouts_non_fire_disturbance (f)', 'fire_time_from_fire_to_fruiting': '11.8604651162791 (1)', 'fire_time_from_fire_to_flowering': '12 (1); 12.093023255814 (1); 8.83720930232558 (1)'}"
Lomandra hystrix,Asparagaceae,Lomandra,native,"{'resprouting_capacity': 'resprouts (g)', 'resprouting_capacity_non_fire_disturbance': 'resprouts_non_fire_disturbance (f)'}"
Lomandra longifolia,Asparagaceae,Lomandra,native,"{'post_fire_recruitment': 'post_fire_recruitment_absent (1)', 'resprouting_capacity': 'resprouts (10)', 'resprouting_capacity_non_fire_disturbance': 'resprouts_non_fire_disturbance (3)', 'resprouting_capacity_juvenile': 'juvenile_fire_killed (2)', 'fire_time_from_fire_to_fruiting': '11.6279069767442 (1)', 'fire_time_from_fire_to_flowering': '12 (V)'}"
Lomandra micrantha,,,native,"{'resprouting_capacity': 'resprouts (4)', 'resprouting_capacity_non_fire_disturbance': 'resprouts_non_fire_disturbance (2)', 'fire_time_from_fire_to_flowering': '14.8837209302326 (1)'}"
Lomandra multiflora,Asparagaceae,Lomandra,native,"{'resprouting_capacity': 'resprouts (4)', 'resprouting_capacity_non_fire_disturbance': 'resprouts_non_fire_disturbance (1)', 'fire_time_from_fire_to_fruiting': '11.8604651162791 (1)', 'fire_time_from_fire_to_flowering': '12.093023255814 (1); 24 (1); 9.53488372093023 (1)'}"
Lomandra obliqua,Asparagaceae,Lomandra,native,"{'post_fire_recruitment': 'post_fire_recruitment (1)', 'resprouting_capacity': 'resprouts (V)', 'resprouting_capacity_non_fire_disturbance': 'resprouts_non_fire_disturbance (f)', 'fire_time_from_fire_to_fruiting': '11.3953488372093 (1); 12 (1); 3.6 (1)', 'fire_time_from_fire_to_flowering': '12.093023255814 (1); 9.53488372093023 (1)'}"
Lomatia silaifolia,Proteaceae,Lomatia,native,"{'post_fire_recruitment': 'post_fire_recruitment (V)', 'post_fire_flowering': 'fire_enhanced_flowering (1)', 'resprouting_capacity': 'resprouts (7)', 'resprouting_capacity_non_fire_disturbance': 'resprouts_non_fire_disturbance (1)', 'fire_time_from_fire_to_fruiting': '14.6511627906977 (1)', 'fire_time_from_fire_to_flowering': '11.3953488372093 (1); 12 (1); 12.093023255814 (1); 24.1860465116279 (1)', 'fire_time_from_fire_to_peak_flowering': '12 (1)'}"
Lonicera japonica,Caprifoliaceae,Lonicera,Exotic,{'resprouting_capacity': 'resprouts (4)'}
Lophostemon confertus,Myrtaceae,Lophostemon,native,"{'post_fire_recruitment': 'post_fire_recruitment (1); post_fire_recruitment_absent (1)', 'resprouting_capacity': 'resprouts (3)', 'resprouting_capacity_non_fire_disturbance': 'resprouts_non_fire_disturbance (f)', 'resprouting_capacity_juvenile': 'juvenile_fire_killed (f)'}"
Lotus angustissimus,Fabaceae,Lotus,Exotic,"{'post_fire_recruitment': 'post_fire_recruitment (f)', 'resprouting_capacity': 'fire_killed (3)', 'resprouting_capacity_non_fire_disturbance': 'resprouts_non_fire_disturbance (f)', 'resprouting_capacity_juvenile': 'juvenile_fire_killed (f)', 'fire_time_from_fire_to_fruiting': '10 (1)', 'fire_time_from_fire_to_flowering': '10 (1); 8.6046511627907 (1)'}"
Lotus corniculatus,Fabaceae,Lotus,Exotic,"{'post_fire_recruitment': 'post_fire_recruitment (f)', 'resprouting_capacity': 'fire_killed (f)', 'resprouting_capacity_non_fire_disturbance': 'resprouts_non_fire_disturbance (f)', 'resprouting_capacity_juvenile': 'juvenile_fire_killed (f)'}"
Lotus subbiflorus,Fabaceae,Lotus,Exotic,"{'post_fire_recruitment': 'post_fire_recruitment (f)', 'resprouting_capacity': 'fire_killed (f)', 'resprouting_capacity_non_fire_disturbance': 'resprouts_non_fire_disturbance (f)', 'resprouting_capacity_juvenile': 'juvenile_fire_killed (f)'}"
Ludwigia peploides,Onagraceae,Ludwigia,native,"{'post_fire_recruitment': 'post_fire_recruitment_absent (1)', 'resprouting_capacity': 'resprouts (1)', 'resprouting_capacity_non_fire_disturbance': 'resprouts_non_fire_disturbance (1)'}"
Ludwigia peruviana,Onagraceae,Ludwigia,Exotic,"{'resprouting_capacity': 'resprouts (1)', 'fire_time_from_fire_to_fruiting': '4.65116279069767 (1)'}"
Luzula densiflora,Juncaceae,Luzula,native,"{'post_fire_recruitment': 'post_fire_recruitment (1)', 'resprouting_capacity': 'resprouts (f)', 'resprouting_capacity_non_fire_disturbance': 'resprouts_non_fire_disturbance (f)'}"
Lycium ferocissimum,Solanaceae,Lycium,Exotic,"{'post_fire_recruitment': 'post_fire_recruitment (1)', 'resprouting_capacity': 'resprouts (5)', 'resprouting_capacity_juvenile': 'juvenile_resprout (1)'}"
Lyperanthus suaveolens,Orchidaceae,Lyperanthus,native,"{'post_fire_recruitment': 'post_fire_recruitment_absent (f)', 'post_fire_flowering': 'fire_enhanced_flowering (f)', 'resprouting_capacity': 'resprouts (3)', 'resprouting_capacity_non_fire_disturbance': 'resprouts_non_fire_disturbance (1)', 'resprouting_capacity_juvenile': 'juvenile_resprout (f)', 'fire_time_from_fire_to_flowering': '8.37209302325581 (1); 9 (1)'}"
Lysimachia arvensis,Primulaceae,Lysimachia,Exotic,"{'post_fire_recruitment': 'post_fire_recruitment (1)', 'resprouting_capacity': 'fire_killed (4)', 'resprouting_capacity_juvenile': 'juvenile_fire_killed (1)', 'fire_time_from_fire_to_fruiting': '11.6279069767442 (1)', 'fire_time_from_fire_to_flowering': '10 (1); 8.6046511627907 (1)'}"
Lysiosepalum involucratum,Malvaceae,Lysiosepalum,native,{'resprouting_capacity': 'fire_killed (f)'}
Lythrum hyssopifolia,Lythraceae,Lythrum,native,"{'post_fire_recruitment': 'post_fire_recruitment (1)', 'resprouting_capacity': 'fire_killed (3)'}"
Macadamia integrifolia,Proteaceae,Macadamia,native,"{'post_fire_recruitment': 'post_fire_recruitment (f)', 'resprouting_capacity': 'resprouts (f)', 'resprouting_capacity_non_fire_disturbance': 'resprouts_non_fire_disturbance (f)'}"
Macadamia tetraphylla,Proteaceae,Macadamia,native,"{'post_fire_recruitment': 'post_fire_recruitment (f)', 'resprouting_capacity': 'resprouts (f)', 'resprouting_capacity_non_fire_disturbance': 'resprouts_non_fire_disturbance (f)'}"
Machaerina acuta,Cyperaceae,Machaerina,native,"{'post_fire_recruitment': 'post_fire_recruitment (1)', 'resprouting_capacity': 'resprouts (3)', 'resprouting_capacity_non_fire_disturbance': 'resprouts_non_fire_disturbance (1)', 'resprouting_capacity_juvenile': 'juvenile_resprout (1)', 'fire_time_from_fire_to_flowering': '12 (1)'}"
Machaerina articulata,Cyperaceae,Machaerina,native,"{'resprouting_capacity': 'resprouts (f)', 'resprouting_capacity_non_fire_disturbance': 'resprouts_non_fire_disturbance (f)', 'resprouting_capacity_juvenile': 'juvenile_fire_killed (f)'}"
Machaerina juncea,Cyperaceae,Machaerina,native,"{'post_fire_recruitment': 'post_fire_recruitment_absent (1)', 'resprouting_capacity': 'resprouts (5)', 'resprouting_capacity_non_fire_disturbance': 'resprouts_non_fire_disturbance (1)', 'resprouting_capacity_juvenile': 'juvenile_fire_killed (f)', 'fire_time_from_fire_to_fruiting': '11.8604651162791 (1)', 'fire_time_from_fire_to_flowering': '11.3953488372093 (1); 6 (1)'}"
Malus domestica,Rosaceae,Malus,Exotic,{'resprouting_capacity': 'resprouts (f)'}
Malva neglecta,Malvaceae,Malva,Exotic,{'resprouting_capacity': 'fire_killed (f)'}
Malva nicaeensis,Malvaceae,Malva,Exotic,{'resprouting_capacity': 'fire_killed (f)'}
Malva parviflora,Malvaceae,Malva,Exotic,"{'resprouting_capacity': 'fire_killed (4)', 'fire_time_from_fire_to_fruiting': '2.55813953488372 (1)', 'fire_time_from_fire_to_flowering': '2.55813953488372 (1)'}"
Malva sylvestris,Malvaceae,Malva,Exotic,{'resprouting_capacity': 'fire_killed (f)'}
Medicago arabica,Fabaceae,Medicago,Exotic,"{'post_fire_recruitment': 'post_fire_recruitment (1)', 'resprouting_capacity': 'fire_killed (1)', 'resprouting_capacity_non_fire_disturbance': 'resprouts_non_fire_disturbance (f)', 'resprouting_capacity_juvenile': 'juvenile_fire_killed (f)', 'fire_time_from_fire_to_fruiting': '8.83720930232558 (1)', 'fire_time_from_fire_to_flowering': '8.83720930232558 (1)'}"
Medicago lupulina,Fabaceae,Medicago,Exotic,"{'post_fire_recruitment': 'post_fire_recruitment (f)', 'resprouting_capacity': 'fire_killed (f)', 'resprouting_capacity_non_fire_disturbance': 'resprouts_non_fire_disturbance (f)', 'resprouting_capacity_juvenile': 'juvenile_fire_killed (f)'}"
Medicago minima,Fabaceae,Medicago,Exotic,"{'post_fire_recruitment': 'post_fire_recruitment (f)', 'resprouting_capacity': 'fire_killed (2)', 'resprouting_capacity_non_fire_disturbance': 'resprouts_non_fire_disturbance (f)', 'resprouting_capacity_juvenile': 'juvenile_fire_killed (f)'}"
Medicago polymorpha,Fabaceae,Medicago,Exotic,"{'post_fire_recruitment': 'post_fire_recruitment (1)', 'resprouting_capacity': 'fire_killed (2)', 'resprouting_capacity_non_fire_disturbance': 'resprouts_non_fire_disturbance (f)', 'resprouting_capacity_juvenile': 'juvenile_fire_killed (f)', 'fire_time_from_fire_to_fruiting': '8.83720930232558 (1)', 'fire_time_from_fire_to_flowering': '7.67441860465116 (1)'}"
Medicago sativa,Fabaceae,Medicago,Exotic,"{'post_fire_recruitment': 'post_fire_recruitment (f)', 'resprouting_capacity': 'fire_killed (f)', 'resprouting_capacity_non_fire_disturbance': 'resprouts_non_fire_disturbance (f)', 'resprouting_capacity_juvenile': 'juvenile_fire_killed (f)'}"
Medicago truncatula,Fabaceae,Medicago,Exotic,"{'post_fire_recruitment': 'post_fire_recruitment (f)', 'resprouting_capacity': 'fire_killed (1)', 'resprouting_capacity_non_fire_disturbance': 'resprouts_non_fire_disturbance (f)', 'resprouting_capacity_juvenile': 'juvenile_fire_killed (f)'}"
Megathyrsus maximus,Poaceae,Megathyrsus,Exotic,"{'post_fire_recruitment': 'post_fire_recruitment (f)', 'resprouting_capacity': 'resprouts (1)', 'resprouting_capacity_non_fire_disturbance': 'resprouts_non_fire_disturbance (f)', 'resprouting_capacity_juvenile': 'juvenile_resprout (f)', 'resprouting_capacity_proportion_individuals': '1 (f)', 'fire_time_from_fire_to_flowering': '12 (f)'}"
Melaleuca armillaris,Myrtaceae,Melaleuca,native,"{'post_fire_recruitment': 'post_fire_recruitment (f)', 'resprouting_capacity': 'resprouts (1)', 'resprouting_capacity_non_fire_disturbance': 'resprouts_non_fire_disturbance (f)', 'resprouting_capacity_juvenile': 'juvenile_fire_killed (f)', 'resprouting_capacity_proportion_individuals': '0 (1); 0.00279069767 (1); 0.14 (1); 0.279069767 (1); 0.31 (1); 0.63 (1)'}"
Melaleuca bracteata,Myrtaceae,Melaleuca,native,"{'post_fire_recruitment': 'post_fire_recruitment (2)', 'resprouting_capacity': 'resprouts (7)', 'resprouting_capacity_non_fire_disturbance': 'resprouts_non_fire_disturbance (1)', 'resprouting_capacity_juvenile': 'juvenile_fire_killed (f)'}"
Melaleuca deanei,Myrtaceae,Melaleuca,native,"{'post_fire_recruitment': 'post_fire_recruitment (f)', 'resprouting_capacity': 'resprouts (3)', 'resprouting_capacity_non_fire_disturbance': 'resprouts_non_fire_disturbance (f)', 'resprouting_capacity_juvenile': 'juvenile_fire_killed (f)', 'fire_time_from_fire_to_flowering': '20.9302325581395 (1); 24 (1)'}"
Melaleuca decora,Myrtaceae,Melaleuca,native,"{'post_fire_recruitment': 'post_fire_recruitment (f)', 'resprouting_capacity': 'resprouts (1)', 'resprouting_capacity_non_fire_disturbance': 'resprouts_non_fire_disturbance (f)', 'resprouting_capacity_juvenile': 'juvenile_fire_killed (f)'}"
Melaleuca decussata,Myrtaceae,Melaleuca,native,"{'post_fire_recruitment': 'post_fire_recruitment (1)', 'resprouting_capacity': 'resprouts (2)', 'resprouting_capacity_non_fire_disturbance': 'resprouts_non_fire_disturbance (1)', 'resprouting_capacity_juvenile': 'juvenile_resprout (1)'}"
Melaleuca diosmatifolia,Myrtaceae,Melaleuca,native,"{'post_fire_recruitment': 'post_fire_recruitment (f)', 'resprouting_capacity': 'resprouts (1)', 'resprouting_capacity_non_fire_disturbance': 'resprouts_non_fire_disturbance (1)', 'resprouting_capacity_juvenile': 'juvenile_fire_killed (f)'}"
Melaleuca ericifolia,Myrtaceae,Melaleuca,native,"{'post_fire_recruitment': 'post_fire_recruitment_absent (1)', 'resprouting_capacity': 'resprouts (V)', 'resprouting_capacity_non_fire_disturbance': 'resprouts_non_fire_disturbance (1)', 'resprouting_capacity_juvenile': 'juvenile_fire_killed (f)', 'resprouting_capacity_proportion_individuals': '0 (2)'}"
Melaleuca hypericifolia,Myrtaceae,Melaleuca,native,"{'post_fire_recruitment': 'post_fire_recruitment (f)', 'resprouting_capacity': 'partial_resprouting (V)', 'resprouting_capacity_non_fire_disturbance': 'resprouts_non_fire_disturbance (1)', 'resprouting_capacity_juvenile': 'juvenile_fire_killed (f)'}"
Melaleuca leucadendra,Myrtaceae,Melaleuca,native,"{'post_fire_recruitment': 'post_fire_recruitment (1)', 'resprouting_capacity': 'resprouts (4)', 'resprouting_capacity_non_fire_disturbance': 'resprouts_non_fire_disturbance (f)', 'resprouting_capacity_juvenile': 'juvenile_fire_killed (f)'}"
Melaleuca linariifolia,Myrtaceae,Melaleuca,native,"{'post_fire_recruitment': 'post_fire_recruitment (2)', 'resprouting_capacity': 'resprouts (V)', 'resprouting_capacity_non_fire_disturbance': 'resprouts_non_fire_disturbance (f)', 'resprouting_capacity_juvenile': 'juvenile_fire_killed (f)', 'fire_time_from_fire_to_flowering': '21.8604651162791 (1); 48 (1)', 'fire_time_from_fire_to_peak_flowering': '48 (1)'}"
Melaleuca nodosa,Myrtaceae,Melaleuca,native,"{'post_fire_recruitment': 'post_fire_recruitment (1)', 'resprouting_capacity': 'resprouts (4)', 'resprouting_capacity_non_fire_disturbance': 'resprouts_non_fire_disturbance (f)', 'resprouting_capacity_juvenile': 'juvenile_fire_killed (f)', 'fire_time_from_fire_to_fruiting': '23.2558139534884 (1)', 'fire_time_from_fire_to_flowering': '21.1627906976744 (1); 24.1860465116279 (1); 48 (1)'}"
Melaleuca quinquenervia,Myrtaceae,Melaleuca,native,"{'post_fire_recruitment': 'post_fire_recruitment (f)', 'resprouting_capacity': 'fire_killed (1); resprouts (1)', 'resprouting_capacity_non_fire_disturbance': 'resprouts_non_fire_disturbance (f)', 'resprouting_capacity_juvenile': 'juvenile_fire_killed (f)', 'fire_time_from_fire_to_flowering': '2.4 (1)'}"
Melaleuca sieberi,Myrtaceae,Melaleuca,native,"{'post_fire_recruitment': 'post_fire_recruitment (1)', 'resprouting_capacity': 'resprouts (3)', 'resprouting_capacity_non_fire_disturbance': 'resprouts_non_fire_disturbance (f)', 'resprouting_capacity_juvenile': 'juvenile_fire_killed (f)', 'fire_time_from_fire_to_flowering': '24 (1); 36 (1)'}"
Melaleuca squarrosa,Myrtaceae,Melaleuca,native,"{'post_fire_recruitment': 'post_fire_recruitment (2)', 'resprouting_capacity': 'resprouts (V)', 'resprouting_capacity_non_fire_disturbance': 'resprouts_non_fire_disturbance (f)', 'resprouting_capacity_juvenile': 'juvenile_fire_killed (1)', 'resprouting_capacity_proportion_individuals': '0 (V)', 'fire_time_from_fire_to_flowering': '24 (1); 36 (1)'}"
Melaleuca styphelioides,Myrtaceae,Melaleuca,native,"{'post_fire_recruitment': 'post_fire_recruitment_absent (1)', 'resprouting_capacity': 'resprouts (3)', 'resprouting_capacity_non_fire_disturbance': 'resprouts_non_fire_disturbance (f)', 'resprouting_capacity_juvenile': 'juvenile_fire_killed (f)'}"
Melaleuca thymifolia,Myrtaceae,Melaleuca,native,"{'post_fire_recruitment': 'post_fire_recruitment (1)', 'resprouting_capacity': 'resprouts (3)', 'resprouting_capacity_non_fire_disturbance': 'resprouts_non_fire_disturbance (f)', 'resprouting_capacity_juvenile': 'juvenile_fire_killed (f)', 'fire_time_from_fire_to_flowering': '4.8 (1)'}"
Melastoma affine,Melastomataceae,Melastoma,native,"{'post_fire_recruitment': 'post_fire_recruitment (3)', 'resprouting_capacity': 'resprouts (3)'}"
Melia azedarach,Meliaceae,Melia,native,"{'post_fire_recruitment': 'post_fire_recruitment (1)', 'resprouting_capacity': 'resprouts (7)'}"
Melichrus procumbens,Ericaceae,Melichrus,native,"{'post_fire_recruitment': 'post_fire_recruitment (1); post_fire_recruitment_absent (1)', 'resprouting_capacity': 'resprouts (V)', 'fire_time_from_fire_to_flowering': '36.2790697674419 (1); 48.3720930232558 (1)'}"
Melicope micrococca,Rutaceae,Melicope,native,"{'post_fire_recruitment': 'post_fire_recruitment (1); post_fire_recruitment_absent (1)', 'resprouting_capacity': 'resprouts (3)'}"
Melilotus albus,Fabaceae,Melilotus,Exotic,"{'post_fire_recruitment': 'post_fire_recruitment (f)', 'resprouting_capacity': 'fire_killed (f)', 'resprouting_capacity_non_fire_disturbance': 'resprouts_non_fire_disturbance (f)', 'resprouting_capacity_juvenile': 'juvenile_fire_killed (f)'}"
Melilotus indicus,Fabaceae,Melilotus,Exotic,"{'post_fire_recruitment': 'post_fire_recruitment (1)', 'resprouting_capacity': 'fire_killed (3)', 'resprouting_capacity_non_fire_disturbance': 'resprouts_non_fire_disturbance (f)', 'resprouting_capacity_juvenile': 'juvenile_fire_killed (f)', 'fire_time_from_fire_to_fruiting': '8.83720930232558 (1)', 'fire_time_from_fire_to_flowering': '6.04651162790698 (1)'}"
Melinis repens,Poaceae,Melinis,Exotic,"{'post_fire_recruitment': 'post_fire_recruitment (f)', 'post_fire_flowering': 'fire_enhanced_flowering (1)', 'resprouting_capacity': 'resprouts (V)', 'resprouting_capacity_non_fire_disturbance': 'resprouts_non_fire_disturbance (f)', 'resprouting_capacity_juvenile': 'juvenile_resprout (f)', 'resprouting_capacity_proportion_individuals': '1 (f)', 'fire_time_from_fire_to_fruiting': '6.04651162790698 (1)', 'fire_time_from_fire_to_flowering': '4.41860465116279 (1)'}"
Mentha diemenica,Lamiaceae,Mentha,native,"{'post_fire_recruitment': 'post_fire_recruitment (1)', 'resprouting_capacity': 'resprouts (4)', 'resprouting_capacity_non_fire_disturbance': 'resprouts_non_fire_disturbance (3)', 'resprouting_capacity_juvenile': 'juvenile_resprout (1)'}"
Mentha satureioides,Lamiaceae,Mentha,native,"{'post_fire_recruitment': 'post_fire_recruitment (1)', 'resprouting_capacity': 'resprouts (2)', 'resprouting_capacity_non_fire_disturbance': 'resprouts_non_fire_disturbance (1)'}"
Metrosideros excelsa,Myrtaceae,Metrosideros,Exotic,"{'post_fire_recruitment': 'post_fire_recruitment (f)', 'resprouting_capacity': 'resprouts (f)', 'resprouting_capacity_non_fire_disturbance': 'resprouts_non_fire_disturbance (f)', 'resprouting_capacity_juvenile': 'juvenile_fire_killed (f)'}"
Micrantheum ericoides,Picrodendraceae,Micrantheum,native,"{'post_fire_recruitment': 'post_fire_recruitment (1)', 'resprouting_capacity': 'fire_killed (V)', 'resprouting_capacity_non_fire_disturbance': 'resprouts_non_fire_disturbance (1)', 'fire_time_from_fire_to_fruiting': '20 (1)', 'fire_time_from_fire_to_flowering': '19.7674418604651 (1); 24.1860465116279 (1); 36.2790697674419 (1)', 'fire_time_from_fire_to_peak_flowering': '60 (1); 72 (1)'}"
Microlaena stipoides,Poaceae,Microlaena,native,"{'post_fire_recruitment': 'post_fire_recruitment (f)', 'resprouting_capacity': 'partial_resprouting (V)', 'resprouting_capacity_non_fire_disturbance': 'resprouts_non_fire_disturbance (1)', 'resprouting_capacity_juvenile': 'juvenile_resprout (f)', 'resprouting_capacity_proportion_individuals': '1 (3)', 'fire_time_from_fire_to_fruiting': '3.48837209302326 (1)', 'fire_time_from_fire_to_flowering': '1.86046511627907 (1); 12 (1); 18 (1); 24 (1); 3.48837209302326 (1)'}"
Micromyrtus ciliata,Myrtaceae,Micromyrtus,native,"{'post_fire_recruitment': 'post_fire_recruitment (2)', 'resprouting_capacity': 'fire_killed (V)', 'resprouting_capacity_non_fire_disturbance': 'resprouts_non_fire_disturbance (f)', 'resprouting_capacity_juvenile': 'juvenile_resprout (1)', 'fire_time_from_fire_to_flowering': '20.4651162790698 (1); 48 (1)', 'fire_time_from_fire_to_peak_flowering': '48 (1)'}"
Microtis parviflora,Orchidaceae,Microtis,native,"{'post_fire_recruitment': 'post_fire_recruitment_absent (1)', 'post_fire_flowering': 'fire_enhanced_flowering (f)', 'resprouting_capacity': 'resprouts (4)', 'resprouting_capacity_non_fire_disturbance': 'resprouts_non_fire_disturbance (1)', 'resprouting_capacity_juvenile': 'juvenile_resprout (1)', 'fire_time_from_fire_to_flowering': '12 (2)'}"
Microtis unifolia,Orchidaceae,Microtis,native,"{'post_fire_recruitment': 'post_fire_recruitment_absent (1)', 'post_fire_flowering': 'fire_enhanced_flowering (f)', 'resprouting_capacity': 'resprouts (6)', 'resprouting_capacity_non_fire_disturbance': 'resprouts_non_fire_disturbance (1)', 'resprouting_capacity_juvenile': 'juvenile_resprout (1)', 'fire_time_from_fire_to_fruiting': '10 (1)', 'fire_time_from_fire_to_flowering': '12 (1); 6 (1); 8.37209302325581 (1)'}"
Mirbelia baueri,Fabaceae,Mirbelia,native,"{'post_fire_recruitment': 'post_fire_recruitment (f)', 'resprouting_capacity': 'fire_killed (f)', 'resprouting_capacity_non_fire_disturbance': 'resprouts_non_fire_disturbance (f)', 'resprouting_capacity_juvenile': 'juvenile_fire_killed (f)'}"
Mirbelia rubiifolia,Fabaceae,Mirbelia,native,"{'post_fire_recruitment': 'post_fire_recruitment (1)', 'resprouting_capacity': 'fire_killed (V)', 'resprouting_capacity_non_fire_disturbance': 'resprouts_non_fire_disturbance (f)', 'resprouting_capacity_juvenile': 'juvenile_fire_killed (f)', 'fire_time_from_fire_to_fruiting': '36 (V)', 'fire_time_from_fire_to_flowering': '32.7906976744186 (1); 36.2790697674419 (1); 48.3720930232558 (1)'}"
Mirbelia speciosa,Fabaceae,Mirbelia,native,"{'post_fire_recruitment': 'post_fire_recruitment (1)', 'resprouting_capacity': 'fire_killed (1)', 'resprouting_capacity_non_fire_disturbance': 'resprouts_non_fire_disturbance (f)', 'resprouting_capacity_juvenile': 'juvenile_fire_killed (f)'}"
Mitrasacme paludosa,Loganiaceae,Mitrasacme,native,{'resprouting_capacity': 'fire_killed (2)'}
Mitrasacme polymorpha,Loganiaceae,Mitrasacme,native,"{'post_fire_recruitment': 'post_fire_recruitment (1)', 'resprouting_capacity': 'fire_killed (V)', 'fire_time_from_fire_to_flowering': '10 (1); 12.093023255814 (1)', 'fire_time_from_fire_to_peak_flowering': '36 (1)'}"
Modiola caroliniana,Malvaceae,Modiola,Exotic,"{'resprouting_capacity': 'fire_killed (V)', 'resprouting_capacity_juvenile': 'juvenile_fire_killed (1)', 'fire_time_from_fire_to_fruiting': '11.6279069767442 (1)', 'fire_time_from_fire_to_flowering': '12.093023255814 (1); 8.83720930232558 (1)'}"
Monotoca elliptica,Ericaceae,Monotoca,native,"{'post_fire_recruitment': 'post_fire_recruitment (V)', 'resprouting_capacity': 'fire_killed (V)'}"
Monotoca scoparia,Ericaceae,Monotoca,native,"{'post_fire_recruitment': 'post_fire_recruitment (V)', 'resprouting_capacity': 'resprouts (V)', 'resprouting_capacity_juvenile': 'juvenile_fire_killed (1)', 'fire_time_from_fire_to_flowering': '15.5813953488372 (1); 16.8 (1); 24 (1)'}"
Moraea flaccida,Iridaceae,Moraea,Exotic,"{'post_fire_flowering': 'fire_enhanced_flowering (1)', 'resprouting_capacity': 'resprouts (1)'}"
Morus alba,Moraceae,Morus,Exotic,"{'resprouting_capacity': 'resprouts (3)', 'fire_time_from_fire_to_fruiting': '10.2325581395349 (1)', 'fire_time_from_fire_to_flowering': '12 (1); 12.093023255814 (1); 24 (1); 24.1860465116279 (1)'}"
Muehlenbeckia gracillima,Polygonaceae,Muehlenbeckia,native,{'resprouting_capacity': 'fire_killed (1)'}
Muellerina celastroides,Loranthaceae,Muellerina,native,{'resprouting_capacity': 'fire_killed (1)'}
Muellerina eucalyptoides,Loranthaceae,Muellerina,native,"{'post_fire_recruitment': 'post_fire_recruitment (1); post_fire_recruitment_absent (1)', 'resprouting_capacity': 'fire_killed (V)'}"
Murraya koenigii,Rutaceae,Murraya,Exotic,"{'post_fire_recruitment': 'post_fire_recruitment (f)', 'resprouting_capacity': 'fire_killed (f)'}"
Murraya paniculata,Rutaceae,Murraya,Exotic,"{'post_fire_recruitment': 'post_fire_recruitment (f)', 'resprouting_capacity': 'fire_killed (1); partial_resprouting (1); resprouts (1)'}"
Myoporum acuminatum,Scrophulariaceae,Myoporum,native,"{'post_fire_recruitment': 'post_fire_recruitment_absent (1)', 'resprouting_capacity': 'resprouts (V)'}"
Myoporum boninense,,,native,{'resprouting_capacity': 'fire_killed (1)'}
Myoporum insulare,Scrophulariaceae,Myoporum,native,"{'post_fire_recruitment': 'post_fire_recruitment (1)', 'resprouting_capacity': 'fire_killed (V)'}"
Myriophyllum variifolium,Haloragaceae,Myriophyllum,native,"{'resprouting_capacity': 'resprouts (1)', 'resprouting_capacity_non_fire_disturbance': 'resprouts_non_fire_disturbance (1)'}"
Myrsine howittiana,Primulaceae,Myrsine,native,"{'post_fire_recruitment': 'post_fire_recruitment_absent (2)', 'resprouting_capacity': 'resprouts (V)'}"
Myrsine variabilis,Primulaceae,Myrsine,native,"{'post_fire_recruitment': 'post_fire_recruitment_absent (2)', 'resprouting_capacity': 'resprouts (7)', 'fire_time_from_fire_to_flowering': '28.3720930232558 (1); 30 (1)'}"
Najas tenuifolia,Hydrocharitaceae,Najas,native,"{'resprouting_capacity': 'resprouts (1)', 'resprouting_capacity_non_fire_disturbance': 'resprouts_non_fire_disturbance (1)'}"
Narcissus tazetta,Amaryllidaceae,Narcissus,Exotic,{'resprouting_capacity': 'resprouts (1)'}
Nassella neesiana,Poaceae,Nassella,Exotic,"{'post_fire_recruitment': 'post_fire_recruitment (1)', 'resprouting_capacity': 'resprouts (3)', 'resprouting_capacity_non_fire_disturbance': 'resprouts_non_fire_disturbance (f)', 'resprouting_capacity_juvenile': 'juvenile_resprout (1)', 'resprouting_capacity_proportion_individuals': '1 (f)', 'fire_time_from_fire_to_flowering': '12 (f)'}"
Nerium oleander,Apocynaceae,Nerium,Exotic,"{'resprouting_capacity': 'resprouts (2)', 'fire_time_from_fire_to_flowering': '34.8837209302326 (1)'}"
Notelaea longifolia,Oleaceae,Notelaea,native,"{'post_fire_recruitment': 'post_fire_recruitment_absent (1)', 'resprouting_capacity': 'resprouts (4)', 'fire_time_from_fire_to_fruiting': '23.4883720930233 (1)', 'fire_time_from_fire_to_flowering': '24.1860465116279 (1)'}"
Notelaea ovata,Oleaceae,Notelaea,native,{'resprouting_capacity': 'resprouts (2)'}
Notelaea venosa,Oleaceae,Notelaea,native,"{'post_fire_recruitment': 'post_fire_recruitment_absent (1)', 'resprouting_capacity': 'resprouts (2)'}"
Nothoscordum borbonicum,Alliaceae,Nothoscordum,Exotic,"{'resprouting_capacity': 'resprouts (3)', 'fire_time_from_fire_to_fruiting': '4.18604651162791 (1)', 'fire_time_from_fire_to_flowering': '2.09302325581395 (1)'}"
Notothixos subaureus,Santalaceae,Notothixos,native,"{'post_fire_recruitment': 'post_fire_recruitment (1); post_fire_recruitment_absent (1)', 'resprouting_capacity': 'fire_killed (V)'}"
Nymphoides crenata,Menyanthaceae,Nymphoides,native,"{'resprouting_capacity': 'resprouts (1)', 'resprouting_capacity_non_fire_disturbance': 'resprouts_non_fire_disturbance (1)'}"
Nymphoides montana,Menyanthaceae,Nymphoides,native,"{'resprouting_capacity': 'resprouts (1)', 'resprouting_capacity_non_fire_disturbance': 'resprouts_non_fire_disturbance (1)'}"
Ochna serrulata,Ochnaceae,Ochna,Exotic,"{'resprouting_capacity': 'resprouts (3)', 'fire_time_from_fire_to_fruiting': '21.6279069767442 (1)'}"
Oenothera mollissima,Onagraceae,Oenothera,Exotic,{'fire_time_from_fire_to_fruiting': '9.06976744186047 (1)'}
Olea europaea,Oleaceae,Olea,Exotic,"{'resprouting_capacity': 'resprouts (1)', 'resprouting_capacity_juvenile': 'juvenile_fire_killed (1)'}"
Olearia elliptica,Asteraceae,Olearia,native,"{'post_fire_recruitment': 'post_fire_recruitment_absent (1)', 'resprouting_capacity': 'fire_killed (1); resprouts (1)', 'resprouting_capacity_non_fire_disturbance': 'resprouts_non_fire_disturbance (f)', 'resprouting_capacity_juvenile': 'juvenile_fire_killed (f)', 'fire_time_from_fire_to_flowering': '12 (f)'}"
Olearia microphylla,Asteraceae,Olearia,native,"{'post_fire_recruitment': 'post_fire_recruitment_absent (1)', 'resprouting_capacity': 'fire_killed (V)', 'resprouting_capacity_non_fire_disturbance': 'resprouts_non_fire_disturbance (f)', 'resprouting_capacity_juvenile': 'juvenile_fire_killed (f)', 'fire_time_from_fire_to_fruiting': '21.8604651162791 (1)', 'fire_time_from_fire_to_flowering': '19.7674418604651 (1); 24.1860465116279 (1); 36.2790697674419 (1)', 'fire_time_from_fire_to_peak_flowering': '48 (1); 60 (1)'}"
Olearia viscidula,Asteraceae,Olearia,native,"{'post_fire_recruitment': 'post_fire_recruitment_absent (1)', 'resprouting_capacity': 'resprouts (V)', 'resprouting_capacity_non_fire_disturbance': 'resprouts_non_fire_disturbance (f)', 'resprouting_capacity_juvenile': 'juvenile_fire_killed (f)', 'fire_time_from_fire_to_flowering': '12 (f)'}"
Omphacomeria acerba,Santalaceae,Omphacomeria,native,"{'resprouting_capacity': 'resprouts (3)', 'resprouting_capacity_non_fire_disturbance': 'resprouts_non_fire_disturbance (1)'}"
Onopordum acanthium,Asteraceae,Onopordum,Exotic,"{'post_fire_recruitment': 'post_fire_recruitment (f)', 'resprouting_capacity': 'fire_killed (f)', 'resprouting_capacity_non_fire_disturbance': 'resprouts_non_fire_disturbance (f)', 'resprouting_capacity_juvenile': 'juvenile_fire_killed (f)', 'fire_time_from_fire_to_flowering': '12 (f)'}"
Opercularia aspera,Rubiaceae,Opercularia,native,"{'post_fire_recruitment': 'post_fire_recruitment (1)', 'resprouting_capacity': 'resprouts (V)', 'resprouting_capacity_non_fire_disturbance': 'resprouts_non_fire_disturbance (1)', 'resprouting_capacity_juvenile': 'juvenile_fire_killed (1)', 'fire_time_from_fire_to_fruiting': '5.34883720930233 (1)', 'fire_time_from_fire_to_flowering': '12 (1)'}"
Opercularia diphylla,Rubiaceae,Opercularia,native,{'resprouting_capacity': 'fire_killed (1); partial_resprouting (1)'}
Opercularia hispida,Rubiaceae,Opercularia,native,"{'post_fire_recruitment': 'post_fire_recruitment (1)', 'resprouting_capacity': 'resprouts (1)', 'resprouting_capacity_non_fire_disturbance': 'resprouts_non_fire_disturbance (1)'}"
Opercularia varia,Rubiaceae,Opercularia,native,"{'post_fire_recruitment': 'post_fire_recruitment (2)', 'resprouting_capacity': 'resprouts (V)', 'resprouting_capacity_non_fire_disturbance': 'resprouts_non_fire_disturbance (1)', 'resprouting_capacity_juvenile': 'juvenile_fire_killed (1)', 'fire_time_from_fire_to_fruiting': '7.67441860465116 (1)', 'fire_time_from_fire_to_flowering': '7.67441860465116 (1)'}"
Oplismenus hirtellus,Poaceae,Oplismenus,native,"{'post_fire_recruitment': 'post_fire_recruitment (1)', 'resprouting_capacity': 'partial_resprouting (V)', 'resprouting_capacity_non_fire_disturbance': 'resprouts_non_fire_disturbance (f)', 'resprouting_capacity_juvenile': 'juvenile_fire_killed (1)', 'resprouting_capacity_proportion_individuals': '0.2 (V)', 'fire_time_from_fire_to_flowering': '4.41860465116279 (1)'}"
Opuntia stricta,Cactaceae,Opuntia,Exotic,"{'resprouting_capacity': 'resprouts (2)', 'resprouting_capacity_juvenile': 'juvenile_fire_killed (2)'}"
Orianthera pusilla,Loganiaceae,Orianthera,native,"{'post_fire_recruitment': 'post_fire_recruitment (1); post_fire_recruitment_absent (1)', 'resprouting_capacity': 'resprouts (V)', 'resprouting_capacity_non_fire_disturbance': 'resprouts_non_fire_disturbance (1)'}"
Orthrosanthus multiflorus,Iridaceae,Orthrosanthus,native,"{'resprouting_capacity': 'resprouts (2)', 'resprouting_capacity_non_fire_disturbance': 'resprouts_non_fire_disturbance (1)'}"
Oxalis chnoodes,Oxalidaceae,Oxalis,native,{'resprouting_capacity': 'fire_killed (1)'}
Oxalis corniculata,Oxalidaceae,Oxalis,Exotic,"{'post_fire_recruitment': 'post_fire_recruitment (2)', 'resprouting_capacity': 'resprouts (V)', 'resprouting_capacity_non_fire_disturbance': 'resprouts_non_fire_disturbance (1)', 'resprouting_capacity_juvenile': 'juvenile_fire_killed (1)', 'fire_time_from_fire_to_fruiting': '2.7906976744186 (1)', 'fire_time_from_fire_to_flowering': '10 (1); 2.32558139534884 (1)'}"
Oxalis exilis,Oxalidaceae,Oxalis,native,"{'post_fire_recruitment': 'post_fire_recruitment (1)', 'resprouting_capacity': 'resprouts (V)', 'resprouting_capacity_non_fire_disturbance': 'resprouts_non_fire_disturbance (1)', 'resprouting_capacity_juvenile': 'juvenile_fire_killed (1)'}"
Oxalis latifolia,Oxalidaceae,Oxalis,Exotic,"{'resprouting_capacity': 'resprouts (1)', 'fire_time_from_fire_to_flowering': '1.86046511627907 (1)'}"
Oxalis perennans,Oxalidaceae,Oxalis,native,"{'post_fire_recruitment': 'post_fire_recruitment (V)', 'resprouting_capacity': 'resprouts (V)', 'resprouting_capacity_non_fire_disturbance': 'resprouts_non_fire_disturbance (1)', 'resprouting_capacity_juvenile': 'juvenile_resprout (1)', 'fire_time_from_fire_to_flowering': '12 (1)'}"
Oxalis pes-caprae,Oxalidaceae,Oxalis,Exotic,"{'resprouting_capacity': 'resprouts (2)', 'fire_time_from_fire_to_flowering': '6.04651162790698 (1)'}"
Oxalis purpurea,Oxalidaceae,Oxalis,Exotic,"{'resprouting_capacity': 'resprouts (3)', 'resprouting_capacity_juvenile': 'juvenile_fire_killed (1)'}"
Oxalis thompsoniae,Oxalidaceae,Oxalis,Exotic,{'resprouting_capacity': 'fire_killed (1)'}
Oxytes brachypoda,Fabaceae,Oxytes,native,"{'post_fire_recruitment': 'post_fire_recruitment (1)', 'resprouting_capacity': 'resprouts (2)', 'resprouting_capacity_non_fire_disturbance': 'resprouts_non_fire_disturbance (f)', 'resprouting_capacity_juvenile': 'juvenile_fire_killed (f)'}"
Ozothamnus diosmifolius,Asteraceae,Ozothamnus,native,"{'post_fire_recruitment': 'post_fire_recruitment_absent (3)', 'resprouting_capacity': 'fire_killed (V)', 'resprouting_capacity_non_fire_disturbance': 'resprouts_non_fire_disturbance (f)', 'resprouting_capacity_juvenile': 'juvenile_fire_killed (f)', 'fire_time_from_fire_to_fruiting': '24.1860465116279 (1)', 'fire_time_from_fire_to_flowering': '23.2558139534884 (1); 24.1860465116279 (1)', 'fire_time_from_fire_to_peak_flowering': '36 (1); 48 (1)'}"
Palmeria scandens,Monimiaceae,Palmeria,native,"{'post_fire_recruitment': 'post_fire_recruitment_absent (1)', 'resprouting_capacity': 'resprouts (3)'}"
Pandorea pandorana,Bignoniaceae,Pandorea,native,"{'post_fire_recruitment': 'post_fire_recruitment (1); post_fire_recruitment_absent (1)', 'post_fire_flowering': 'fire_enhanced_flowering (1)', 'resprouting_capacity': 'resprouts (V)', 'fire_time_from_fire_to_fruiting': '11.6279069767442 (1); 3.6 (1); 7.2 (1)', 'fire_time_from_fire_to_flowering': '12.093023255814 (1); 6.04651162790698 (1)'}"
Panicum effusum,Poaceae,Panicum,native,"{'post_fire_recruitment': 'post_fire_recruitment (f)', 'resprouting_capacity': 'partial_resprouting (V)', 'resprouting_capacity_non_fire_disturbance': 'resprouts_non_fire_disturbance (2)', 'resprouting_capacity_juvenile': 'juvenile_resprout (1)', 'resprouting_capacity_proportion_individuals': '1 (3)', 'fire_time_from_fire_to_flowering': '12 (f)'}"
Panicum simile,Poaceae,Panicum,native,"{'post_fire_recruitment': 'post_fire_recruitment (f)', 'resprouting_capacity': 'resprouts (4)', 'resprouting_capacity_non_fire_disturbance': 'resprouts_non_fire_disturbance (2)', 'resprouting_capacity_juvenile': 'juvenile_resprout (f)', 'resprouting_capacity_proportion_individuals': '1 (f)', 'fire_time_from_fire_to_fruiting': '3.72093023255814 (1)', 'fire_time_from_fire_to_flowering': '3.48837209302326 (1); 3.6 (1)'}"
Papaver hybridum,Papaveraceae,Papaver,Exotic,{'resprouting_capacity': 'fire_killed (1)'}
Parapholis incurva,Poaceae,Parapholis,Exotic,"{'post_fire_recruitment': 'post_fire_recruitment (f)', 'resprouting_capacity': 'resprouts (f)', 'resprouting_capacity_non_fire_disturbance': 'resprouts_non_fire_disturbance (f)', 'resprouting_capacity_juvenile': 'juvenile_resprout (f)', 'resprouting_capacity_proportion_individuals': '1 (f)', 'fire_time_from_fire_to_flowering': '12 (f)'}"
Paraserianthes lophantha,Fabaceae,Paraserianthes,Exotic,"{'post_fire_recruitment': 'post_fire_recruitment (f)', 'resprouting_capacity': 'fire_killed (2)', 'resprouting_capacity_non_fire_disturbance': 'resprouts_non_fire_disturbance (f)', 'resprouting_capacity_juvenile': 'juvenile_fire_killed (f)', 'fire_time_from_fire_to_flowering': '24 (1)'}"
Paronychia brasiliana,Caryophyllaceae,Paronychia,Exotic,{'resprouting_capacity': 'fire_killed (f)'}
Parsonsia lanceolata,Apocynaceae,Parsonsia,native,"{'post_fire_recruitment': 'post_fire_recruitment_absent (1)', 'resprouting_capacity': 'resprouts (3)', 'resprouting_capacity_non_fire_disturbance': 'resprouts_non_fire_disturbance (1)'}"
Parsonsia straminea,Apocynaceae,Parsonsia,native,"{'post_fire_recruitment': 'post_fire_recruitment (1)', 'resprouting_capacity': 'resprouts (V)', 'resprouting_capacity_non_fire_disturbance': 'resprouts_non_fire_disturbance (1)'}"
Paspalidium caespitosum,Poaceae,Paspalidium,native,"{'post_fire_recruitment': 'post_fire_recruitment (f)', 'resprouting_capacity': 'resprouts (1)', 'resprouting_capacity_non_fire_disturbance': 'resprouts_non_fire_disturbance (1)', 'resprouting_capacity_juvenile': 'juvenile_resprout (f)', 'resprouting_capacity_proportion_individuals': '1 (f)', 'fire_time_from_fire_to_flowering': '12 (f)'}"
Paspalidium criniforme,Poaceae,Paspalidium,native,"{'post_fire_recruitment': 'post_fire_recruitment (f)', 'resprouting_capacity': 'resprouts (1)', 'resprouting_capacity_non_fire_disturbance': 'resprouts_non_fire_disturbance (1)', 'resprouting_capacity_juvenile': 'juvenile_resprout (f)', 'resprouting_capacity_proportion_individuals': '1 (f)', 'fire_time_from_fire_to_flowering': '12 (f)'}"
Paspalidium distans,Poaceae,Paspalidium,native,"{'post_fire_recruitment': 'post_fire_recruitment (f)', 'resprouting_capacity': 'resprouts (1)', 'resprouting_capacity_non_fire_disturbance': 'resprouts_non_fire_disturbance (1)', 'resprouting_capacity_juvenile': 'juvenile_resprout (f)', 'resprouting_capacity_proportion_individuals': '1 (f)', 'fire_time_from_fire_to_flowering': '12 (f)'}"
Paspalidium gracile,Poaceae,Paspalidium,native,"{'post_fire_recruitment': 'post_fire_recruitment (f)', 'resprouting_capacity': 'resprouts (1)', 'resprouting_capacity_non_fire_disturbance': 'resprouts_non_fire_disturbance (1)', 'resprouting_capacity_juvenile': 'juvenile_resprout (f)', 'resprouting_capacity_proportion_individuals': '1 (f)', 'fire_time_from_fire_to_flowering': '12 (f)'}"
Paspalum dilatatum,Poaceae,Paspalum,Exotic,"{'post_fire_recruitment': 'post_fire_recruitment (f)', 'resprouting_capacity': 'resprouts (4)', 'resprouting_capacity_non_fire_disturbance': 'resprouts_non_fire_disturbance (f)', 'resprouting_capacity_juvenile': 'juvenile_fire_killed (1)', 'resprouting_capacity_proportion_individuals': '1 (f)', 'fire_time_from_fire_to_fruiting': '3.48837209302326 (1)', 'fire_time_from_fire_to_flowering': '12 (1); 2.32558139534884 (1); 3.48837209302326 (1)'}"
Paspalum notatum,Poaceae,Paspalum,Exotic,"{'post_fire_recruitment': 'post_fire_recruitment (f)', 'resprouting_capacity': 'resprouts (f)', 'resprouting_capacity_non_fire_disturbance': 'resprouts_non_fire_disturbance (f)', 'resprouting_capacity_juvenile': 'juvenile_resprout (f)', 'resprouting_capacity_proportion_individuals': '1 (f)', 'fire_time_from_fire_to_flowering': '12 (f)'}"
Paspalum quadrifarium,Poaceae,Paspalum,Exotic,"{'post_fire_recruitment': 'post_fire_recruitment (f)', 'resprouting_capacity': 'resprouts (3)', 'resprouting_capacity_non_fire_disturbance': 'resprouts_non_fire_disturbance (f)', 'resprouting_capacity_juvenile': 'juvenile_resprout (f)', 'resprouting_capacity_proportion_individuals': '1 (f)', 'fire_time_from_fire_to_fruiting': '6.51162790697674 (1)', 'fire_time_from_fire_to_flowering': '12 (1); 2.55813953488372 (1); 6.51162790697674 (1)'}"
Paspalum urvillei,Poaceae,Paspalum,Exotic,"{'post_fire_recruitment': 'post_fire_recruitment (f)', 'resprouting_capacity': 'resprouts (3)', 'resprouting_capacity_non_fire_disturbance': 'resprouts_non_fire_disturbance (f)', 'resprouting_capacity_juvenile': 'juvenile_resprout (f)', 'resprouting_capacity_proportion_individuals': '1 (f)', 'fire_time_from_fire_to_fruiting': '2.09302325581395 (1)', 'fire_time_from_fire_to_flowering': '12 (1); 2.09302325581395 (1)'}"
Paspalum vaginatum,Poaceae,Paspalum,native,"{'post_fire_recruitment': 'post_fire_recruitment (f)', 'resprouting_capacity': 'resprouts (f)', 'resprouting_capacity_non_fire_disturbance': 'resprouts_non_fire_disturbance (f)', 'resprouting_capacity_juvenile': 'juvenile_resprout (f)', 'resprouting_capacity_proportion_individuals': '1 (f)', 'fire_time_from_fire_to_flowering': '12 (f)'}"
Passiflora edulis,Passifloraceae,Passiflora,Exotic,{'fire_time_from_fire_to_fruiting': '34.8837209302326 (1)'}
Passiflora foetida,Passifloraceae,Passiflora,Exotic,{'resprouting_capacity': 'fire_killed (2)'}
Passiflora herbertiana,Passifloraceae,Passiflora,native,"{'resprouting_capacity': 'resprouts (2)', 'fire_time_from_fire_to_fruiting': '28.3720930232558 (1)', 'fire_time_from_fire_to_flowering': '28.3720930232558 (1)', 'fire_time_from_fire_to_peak_flowering': '48 (1)'}"
Passiflora suberosa,Passifloraceae,Passiflora,Exotic,"{'post_fire_recruitment': 'post_fire_recruitment (1)', 'resprouting_capacity': 'fire_killed (V)', 'fire_time_from_fire_to_fruiting': '60.9302325581395 (1)'}"
Passiflora subpeltata,Passifloraceae,Passiflora,Exotic,"{'post_fire_recruitment': 'post_fire_recruitment (1)', 'resprouting_capacity': 'resprouts (1)'}"
Patersonia glabrata,Iridaceae,Patersonia,native,"{'post_fire_recruitment': 'post_fire_recruitment_absent (1)', 'resprouting_capacity': 'resprouts (6)', 'resprouting_capacity_non_fire_disturbance': 'resprouts_non_fire_disturbance (1)', 'resprouting_capacity_juvenile': 'juvenile_resprout (1)', 'fire_time_from_fire_to_fruiting': '11.3953488372093 (1)', 'fire_time_from_fire_to_flowering': '12.093023255814 (1); 3.6 (1); 8.83720930232558 (1)'}"
Patersonia sericea,Iridaceae,Patersonia,native,"{'post_fire_recruitment': 'post_fire_recruitment (1)', 'resprouting_capacity': 'resprouts (5)', 'resprouting_capacity_non_fire_disturbance': 'resprouts_non_fire_disturbance (1)', 'fire_time_from_fire_to_fruiting': '10.2325581395349 (1)', 'fire_time_from_fire_to_flowering': '12 (1); 12.093023255814 (1); 24 (1); 6 (1); 7.2093023255814 (1)'}"
Pavonia hastata,Malvaceae,Pavonia,Exotic,"{'resprouting_capacity': 'fire_killed (3)', 'fire_time_from_fire_to_fruiting': '10.2325581395349 (1)'}"
Pelargonium australe,Geraniaceae,Pelargonium,native,"{'post_fire_recruitment': 'post_fire_recruitment (2)', 'resprouting_capacity': 'fire_killed (V)', 'resprouting_capacity_juvenile': 'juvenile_fire_killed (1)', 'fire_time_from_fire_to_flowering': '12 (1); 6 (1)'}"
Pelargonium inodorum,Geraniaceae,Pelargonium,native,"{'post_fire_recruitment': 'post_fire_recruitment (1)', 'resprouting_capacity': 'fire_killed (2)', 'fire_time_from_fire_to_fruiting': '10.2325581395349 (1)', 'fire_time_from_fire_to_flowering': '8.13953488372093 (1)', 'fire_time_from_fire_to_peak_flowering': '12 (1)'}"
Pennantia cunninghamii,Pennantiaceae,Pennantia,native,"{'post_fire_recruitment': 'post_fire_recruitment_absent (1)', 'resprouting_capacity': 'fire_killed (1)'}"
Persicaria capitata,Polygonaceae,Persicaria,Exotic,"{'resprouting_capacity': 'resprouts (1)', 'fire_time_from_fire_to_flowering': '4.41860465116279 (1)'}"
Persicaria decipiens,Polygonaceae,Persicaria,native,"{'post_fire_recruitment': 'post_fire_recruitment (1)', 'resprouting_capacity': 'resprouts (3)', 'resprouting_capacity_non_fire_disturbance': 'resprouts_non_fire_disturbance (2)', 'fire_time_from_fire_to_flowering': '4.65116279069767 (1); 4.8 (1)'}"
Persicaria hydropiper,Polygonaceae,Persicaria,native,"{'post_fire_recruitment': 'post_fire_recruitment (1)', 'resprouting_capacity': 'fire_killed (1)'}"
Persicaria lapathifolia,Polygonaceae,Persicaria,native,"{'resprouting_capacity': 'fire_killed (V)', 'fire_time_from_fire_to_fruiting': '4.65116279069767 (1)', 'fire_time_from_fire_to_flowering': '4.65116279069767 (1); 4.8 (1)'}"
Persicaria strigosa,Polygonaceae,Persicaria,native,"{'resprouting_capacity': 'fire_killed (1); resprouts (1)', 'fire_time_from_fire_to_flowering': '4.65116279069767 (1); 4.8 (1)'}"
Persoonia lanceolata,Proteaceae,Persoonia,native,"{'post_fire_recruitment': 'post_fire_recruitment_absent (1)', 'resprouting_capacity': 'fire_killed (4)', 'resprouting_capacity_non_fire_disturbance': 'resprouts_non_fire_disturbance (f)', 'fire_time_from_fire_to_fruiting': '45.5813953488372 (1)', 'fire_time_from_fire_to_flowering': '25.1162790697674 (1); 36.2790697674419 (1); 48.3720930232558 (1)'}"
Persoonia laurina,,,native,"{'resprouting_capacity': 'resprouts (3)', 'fire_time_from_fire_to_fruiting': '30.4651162790698 (1)', 'fire_time_from_fire_to_flowering': '23.4883720930233 (1); 24 (1); 24.1860465116279 (1); 36 (1); 36.2790697674419 (1)'}"
Persoonia levis,Proteaceae,Persoonia,native,"{'post_fire_recruitment': 'post_fire_recruitment (2)', 'resprouting_capacity': 'resprouts (4)', 'resprouting_capacity_non_fire_disturbance': 'resprouts_non_fire_disturbance (f)', 'fire_time_from_fire_to_fruiting': '23.2558139534884 (1)', 'fire_time_from_fire_to_flowering': '11.6279069767442 (1); 12 (1); 24.1860465116279 (1); 48 (1)'}"
Persoonia linearis,Proteaceae,Persoonia,native,"{'post_fire_recruitment': 'post_fire_recruitment (2)', 'resprouting_capacity': 'resprouts (6)', 'resprouting_capacity_non_fire_disturbance': 'resprouts_non_fire_disturbance (f)', 'resprouting_capacity_juvenile': 'juvenile_fire_killed (1)', 'fire_time_from_fire_to_fruiting': '30.9302325581395 (1)', 'fire_time_from_fire_to_flowering': '24.1860465116279 (1); 25.1162790697674 (1); 36.2790697674419 (1)'}"
Persoonia nutans,Proteaceae,Persoonia,native,"{'post_fire_recruitment': 'post_fire_recruitment (f)', 'resprouting_capacity': 'fire_killed (1)', 'resprouting_capacity_non_fire_disturbance': 'resprouts_non_fire_disturbance (f)'}"
Persoonia pinifolia,Proteaceae,Persoonia,native,"{'post_fire_recruitment': 'post_fire_recruitment (1)', 'resprouting_capacity': 'fire_killed (V)', 'resprouting_capacity_non_fire_disturbance': 'resprouts_non_fire_disturbance (f)', 'fire_time_from_fire_to_fruiting': '68.6046511627907 (1)', 'fire_time_from_fire_to_flowering': '60.4651162790698 (1); 62.7906976744186 (1); 72.5581395348837 (1)'}"
Petrophile canescens,Proteaceae,Petrophile,native,"{'post_fire_recruitment': 'post_fire_recruitment (1); post_fire_recruitment_absent (1)', 'resprouting_capacity': 'resprouts (4)', 'resprouting_capacity_non_fire_disturbance': 'resprouts_non_fire_disturbance (f)'}"
Petrophile pulchella,Proteaceae,Petrophile,native,"{'post_fire_recruitment': 'post_fire_recruitment (1)', 'resprouting_capacity': 'fire_killed (V)', 'resprouting_capacity_non_fire_disturbance': 'resprouts_non_fire_disturbance (f)', 'fire_time_from_fire_to_fruiting': '44.4186046511628 (1)', 'fire_time_from_fire_to_flowering': '36.2790697674419 (1); 60.4651162790698 (1)'}"
Petrophile sessilis,Proteaceae,Petrophile,native,"{'post_fire_recruitment': 'post_fire_recruitment (1)', 'resprouting_capacity': 'fire_killed (1); partial_resprouting (1)', 'resprouting_capacity_non_fire_disturbance': 'resprouts_non_fire_disturbance (f)'}"
Petrorhagia dubia,Caryophyllaceae,Petrorhagia,Exotic,"{'post_fire_recruitment': 'post_fire_recruitment (1)', 'resprouting_capacity': 'fire_killed (3)', 'fire_time_from_fire_to_fruiting': '8.83720930232558 (1)', 'fire_time_from_fire_to_flowering': '10.2325581395349 (1); 8.83720930232558 (1)'}"
Petrorhagia nanteuilii,Caryophyllaceae,Petrorhagia,Exotic,"{'post_fire_recruitment': 'post_fire_recruitment (1)', 'resprouting_capacity': 'fire_killed (1)'}"
Petroselinum crispum,Apiaceae,Petroselinum,native,"{'resprouting_capacity': 'fire_killed (1)', 'resprouting_capacity_juvenile': 'juvenile_fire_killed (1)'}"
Phaius australis,Orchidaceae,Phaius,native,"{'post_fire_recruitment': 'post_fire_recruitment_absent (f)', 'post_fire_flowering': 'fire_enhanced_flowering (f)', 'resprouting_capacity': 'resprouts (f)', 'resprouting_capacity_non_fire_disturbance': 'resprouts_non_fire_disturbance (f)', 'resprouting_capacity_juvenile': 'juvenile_resprout (f)', 'fire_time_from_fire_to_flowering': '12 (f)'}"
Phalaris aquatica,Poaceae,Phalaris,Exotic,"{'post_fire_recruitment': 'post_fire_recruitment (f)', 'resprouting_capacity': 'resprouts (f)', 'resprouting_capacity_non_fire_disturbance': 'resprouts_non_fire_disturbance (f)', 'resprouting_capacity_juvenile': 'juvenile_resprout (f)', 'resprouting_capacity_proportion_individuals': '1 (f)', 'fire_time_from_fire_to_flowering': '12 (f)'}"
Phalaris canariensis,Poaceae,Phalaris,Exotic,"{'post_fire_recruitment': 'post_fire_recruitment (f)', 'resprouting_capacity': 'resprouts (f)', 'resprouting_capacity_non_fire_disturbance': 'resprouts_non_fire_disturbance (f)', 'resprouting_capacity_juvenile': 'juvenile_resprout (f)', 'resprouting_capacity_proportion_individuals': '1 (f)', 'fire_time_from_fire_to_flowering': '12 (f)'}"
Phaseolus vulgaris,Fabaceae,Phaseolus,Exotic,"{'post_fire_recruitment': 'post_fire_recruitment (f)', 'resprouting_capacity': 'fire_killed (f)', 'resprouting_capacity_non_fire_disturbance': 'resprouts_non_fire_disturbance (f)', 'resprouting_capacity_juvenile': 'juvenile_fire_killed (f)'}"
Phebalium whitei,Rutaceae,Phebalium,native,"{'post_fire_recruitment': 'post_fire_recruitment (f)', 'resprouting_capacity': 'fire_killed (f)'}"
Philotheca buxifolia,,,native,{'resprouting_capacity': 'fire_killed (1); partial_resprouting (1)'}
Philotheca difformis,,,native,{'resprouting_capacity': 'fire_killed (2)'}
Philotheca hispidula,Rutaceae,Philotheca,native,"{'post_fire_recruitment': 'post_fire_recruitment (f)', 'resprouting_capacity': 'fire_killed (1); partial_resprouting (1)'}"
Philotheca myoporoides,Rutaceae,Philotheca,native,"{'post_fire_recruitment': 'post_fire_recruitment (1)', 'resprouting_capacity': 'fire_killed (V)'}"
Philotheca obovalis,Rutaceae,Philotheca,native,"{'post_fire_recruitment': 'post_fire_recruitment (f)', 'resprouting_capacity': 'fire_killed (1); partial_resprouting (1)'}"
Philotheca salsolifolia,Rutaceae,Philotheca,native,"{'post_fire_recruitment': 'post_fire_recruitment (1)', 'resprouting_capacity': 'resprouts (1)'}"
Philotheca scabra,Rutaceae,Philotheca,native,"{'post_fire_recruitment': 'post_fire_recruitment (f)', 'resprouting_capacity': 'fire_killed (1)'}"
Philotheca trachyphylla,Rutaceae,Philotheca,native,"{'post_fire_recruitment': 'post_fire_recruitment (f)', 'resprouting_capacity': 'fire_killed (2)'}"
Philydrum lanuginosum,Philydraceae,Philydrum,native,"{'post_fire_recruitment': 'post_fire_recruitment (1)', 'resprouting_capacity': 'resprouts (2)', 'resprouting_capacity_non_fire_disturbance': 'resprouts_non_fire_disturbance (1)', 'fire_time_from_fire_to_fruiting': '4.65116279069767 (1)'}"
Phoenix canariensis,Arecaceae,Phoenix,Exotic,{'resprouting_capacity': 'resprouts (1)'}
Photinia serratifolia,Rosaceae,Photinia,Exotic,{'resprouting_capacity': 'resprouts (f)'}
Phragmites australis,Poaceae,Phragmites,native,"{'post_fire_recruitment': 'post_fire_recruitment (1)', 'resprouting_capacity': 'partial_resprouting (V)', 'resprouting_capacity_non_fire_disturbance': 'resprouts_non_fire_disturbance (1)', 'resprouting_capacity_juvenile': 'juvenile_resprout (1)', 'resprouting_capacity_proportion_individuals': '1 (3)', 'fire_time_from_fire_to_fruiting': '16.5116279069767 (1)', 'fire_time_from_fire_to_flowering': '12 (1); 12.093023255814 (1); 24 (1); 24.1860465116279 (1)'}"
Phyllanthus gunnii,Phyllanthaceae,Phyllanthus,native,"{'post_fire_recruitment': 'post_fire_recruitment (V)', 'resprouting_capacity': 'resprouts (V)'}"
Phyllanthus hirtellus,Phyllanthaceae,Phyllanthus,native,"{'post_fire_recruitment': 'post_fire_recruitment (2)', 'resprouting_capacity': 'fire_killed (V)', 'fire_time_from_fire_to_fruiting': '8.83720930232558 (1)', 'fire_time_from_fire_to_flowering': '10 (1); 12 (1); 5.34883720930233 (1)'}"
Phyllanthus tenellus,Phyllanthaceae,Phyllanthus,Exotic,"{'resprouting_capacity': 'fire_killed (1)', 'fire_time_from_fire_to_flowering': '4.18604651162791 (1)'}"
Phyllanthus virgatus,Phyllanthaceae,Phyllanthus,native,"{'post_fire_recruitment': 'post_fire_recruitment (1)', 'resprouting_capacity': 'resprouts (V)', 'resprouting_capacity_non_fire_disturbance': 'resprouts_non_fire_disturbance (1)', 'fire_time_from_fire_to_flowering': '12 (1)'}"
Phyllostachys nigra,Poaceae,Phyllostachys,Exotic,"{'post_fire_recruitment': 'post_fire_recruitment (f)', 'resprouting_capacity': 'resprouts (f)', 'resprouting_capacity_non_fire_disturbance': 'resprouts_non_fire_disturbance (f)', 'resprouting_capacity_juvenile': 'juvenile_resprout (f)', 'resprouting_capacity_proportion_individuals': '1 (f)', 'fire_time_from_fire_to_flowering': '12 (f)'}"
Phyllota grandiflora,Fabaceae,Phyllota,native,"{'post_fire_recruitment': 'post_fire_recruitment (f)', 'resprouting_capacity': 'resprouts (2)', 'resprouting_capacity_non_fire_disturbance': 'resprouts_non_fire_disturbance (f)', 'resprouting_capacity_juvenile': 'juvenile_fire_killed (f)', 'fire_time_from_fire_to_flowering': '8.6046511627907 (1)'}"
Phyllota phylicoides,Fabaceae,Phyllota,native,"{'post_fire_recruitment': 'post_fire_recruitment (1)', 'resprouting_capacity': 'resprouts (V)', 'resprouting_capacity_non_fire_disturbance': 'resprouts_non_fire_disturbance (f)', 'resprouting_capacity_juvenile': 'juvenile_fire_killed (f)', 'fire_time_from_fire_to_fruiting': '36 (1)', 'fire_time_from_fire_to_flowering': '20 (1)', 'fire_time_from_fire_to_peak_flowering': '48 (1); 60 (1)'}"
Physalis angulata,,,Exotic,{'resprouting_capacity': 'fire_killed (2)'}
Physalis peruviana,Solanaceae,Physalis,Exotic,"{'post_fire_recruitment': 'post_fire_recruitment (1)', 'resprouting_capacity': 'partial_resprouting (1)', 'fire_time_from_fire_to_fruiting': '32.5581395348837 (1)', 'fire_time_from_fire_to_flowering': '32.5581395348837 (1)'}"
Phytolacca octandra,Phytolaccaceae,Phytolacca,Exotic,"{'post_fire_recruitment': 'post_fire_recruitment (2)', 'resprouting_capacity': 'resprouts (V)', 'fire_time_from_fire_to_fruiting': '6.74418604651163 (1)', 'fire_time_from_fire_to_flowering': '3.48837209302326 (1); 6.74418604651163 (1)'}"
Pilea microphylla,Urticaceae,Pilea,Exotic,{'resprouting_capacity': 'fire_killed (1)'}
Pimelea linifolia,Thymelaeaceae,Pimelea,native,"{'post_fire_recruitment': 'post_fire_recruitment (4)', 'resprouting_capacity': 'fire_killed (V)', 'resprouting_capacity_non_fire_disturbance': 'resprouts_non_fire_disturbance (2)', 'resprouting_capacity_juvenile': 'juvenile_fire_killed (1)', 'fire_time_from_fire_to_fruiting': '17.4418604651163 (1)', 'fire_time_from_fire_to_flowering': '13.0232558139535 (1); 24 (1); 24.1860465116279 (1)', 'fire_time_from_fire_to_peak_flowering': '36 (1); 60 (1)'}"
Pimelea spicata,Thymelaeaceae,Pimelea,native,"{'post_fire_recruitment': 'post_fire_recruitment (1)', 'resprouting_capacity': 'resprouts (1)', 'fire_time_from_fire_to_flowering': '2.4 (1); 3.6 (1)'}"
Pittosporum revolutum,Pittosporaceae,Pittosporum,native,"{'post_fire_recruitment': 'post_fire_recruitment_absent (1)', 'resprouting_capacity': 'resprouts (V)', 'fire_time_from_fire_to_fruiting': '9.53488372093023 (1)', 'fire_time_from_fire_to_flowering': '20.4651162790698 (1); 24 (1); 36 (1); 8.37209302325581 (1)', 'fire_time_from_fire_to_peak_flowering': '60 (1)'}"
Pittosporum undulatum,Pittosporaceae,Pittosporum,native,"{'post_fire_recruitment': 'post_fire_recruitment_absent (V)', 'resprouting_capacity': 'resprouts (V)', 'fire_time_from_fire_to_fruiting': '60.9302325581395 (1)', 'fire_time_from_fire_to_flowering': '56.2790697674419 (1); 60.4651162790698 (1)'}"
Plantago coronopus,,,Exotic,{'resprouting_capacity': 'fire_killed (1)'}
Plantago debilis,Plantaginaceae,Plantago,native,"{'resprouting_capacity': 'resprouts (V)', 'resprouting_capacity_non_fire_disturbance': 'resprouts_non_fire_disturbance (1)'}"
Plantago gaudichaudii,Plantaginaceae,Plantago,native,"{'post_fire_recruitment': 'post_fire_recruitment (1)', 'resprouting_capacity': 'resprouts (3)', 'resprouting_capacity_non_fire_disturbance': 'resprouts_non_fire_disturbance (1)', 'resprouting_capacity_juvenile': 'juvenile_resprout (1)', 'fire_time_from_fire_to_flowering': '12 (1)'}"
Plantago lanceolata,Plantaginaceae,Plantago,Exotic,"{'post_fire_recruitment': 'post_fire_recruitment_absent (1)', 'resprouting_capacity': 'resprouts (V)', 'resprouting_capacity_juvenile': 'juvenile_resprout (1)', 'fire_time_from_fire_to_fruiting': '2.32558139534884 (1)', 'fire_time_from_fire_to_flowering': '11.6279069767442 (1); 12 (1); 2.32558139534884 (1)'}"
Plantago major,Plantaginaceae,Plantago,native,"{'post_fire_recruitment': 'post_fire_recruitment (1)', 'fire_time_from_fire_to_fruiting': '11.6279069767442 (1)', 'fire_time_from_fire_to_flowering': '11.6279069767442 (1)'}"
Platylobium formosum,Fabaceae,Platylobium,native,"{'post_fire_recruitment': 'post_fire_recruitment (1)', 'resprouting_capacity': 'resprouts (V)', 'resprouting_capacity_non_fire_disturbance': 'resprouts_non_fire_disturbance (2)', 'resprouting_capacity_juvenile': 'juvenile_fire_killed (f)', 'fire_time_from_fire_to_fruiting': '23.4883720930233 (1)', 'fire_time_from_fire_to_flowering': '24 (1); 24.1860465116279 (1); 8.37209302325581 (1)', 'fire_time_from_fire_to_50_percent_flowering': '20.2325581395349 (1)', 'fire_time_from_fire_to_peak_flowering': '36 (1); 60 (1)'}"
Platysace ericoides,Apiaceae,Platysace,native,"{'post_fire_recruitment': 'post_fire_recruitment (3)', 'resprouting_capacity': 'resprouts (V)', 'resprouting_capacity_non_fire_disturbance': 'resprouts_non_fire_disturbance (1)', 'resprouting_capacity_juvenile': 'juvenile_fire_killed (1)', 'fire_time_from_fire_to_fruiting': '24 (1)', 'fire_time_from_fire_to_flowering': '12 (1)'}"
Platysace lanceolata,Apiaceae,Platysace,native,"{'post_fire_recruitment': 'post_fire_recruitment (1); post_fire_recruitment_absent (1)', 'resprouting_capacity': 'resprouts (V)', 'resprouting_capacity_non_fire_disturbance': 'resprouts_non_fire_disturbance (2)', 'resprouting_capacity_juvenile': 'juvenile_fire_killed (1)', 'fire_time_from_fire_to_fruiting': '14.6511627906977 (1)', 'fire_time_from_fire_to_flowering': '13.0232558139535 (1); 14.6511627906977 (1); 18 (1)', 'fire_time_from_fire_to_peak_flowering': '36 (1); 60 (1)'}"
Platysace linearifolia,Apiaceae,Platysace,native,"{'resprouting_capacity': 'resprouts (V)', 'fire_time_from_fire_to_fruiting': '14.8837209302326 (1)', 'fire_time_from_fire_to_flowering': '14.6511627906977 (1); 3.6 (1)', 'fire_time_from_fire_to_peak_flowering': '24 (1); 36 (1)'}"
Plectranthus intraterraneus,Lamiaceae,Plectranthus,native,{'resprouting_capacity': 'fire_killed (1)'}
Plectranthus parviflorus,Lamiaceae,Plectranthus,native,"{'resprouting_capacity': 'fire_killed (5)', 'fire_time_from_fire_to_fruiting': '11.3953488372093 (1)', 'fire_time_from_fire_to_flowering': '11.3953488372093 (1)'}"
Plumbago zeylanica,,,native,"{'post_fire_recruitment': 'post_fire_recruitment (1)', 'resprouting_capacity': 'fire_killed (4)'}"
Poa affinis,Poaceae,Poa,native,"{'post_fire_recruitment': 'post_fire_recruitment (f)', 'resprouting_capacity': 'resprouts (1)', 'resprouting_capacity_non_fire_disturbance': 'resprouts_non_fire_disturbance (1)', 'resprouting_capacity_juvenile': 'juvenile_resprout (f)', 'resprouting_capacity_proportion_individuals': '1 (f)', 'fire_time_from_fire_to_flowering': '12 (f)'}"
Poa annua,Poaceae,Poa,Exotic,"{'post_fire_recruitment': 'post_fire_recruitment (f)', 'resprouting_capacity': 'fire_killed (4)', 'resprouting_capacity_non_fire_disturbance': 'resprouts_non_fire_disturbance (f)', 'resprouting_capacity_juvenile': 'juvenile_resprout (f)', 'resprouting_capacity_proportion_individuals': '1 (f)', 'fire_time_from_fire_to_flowering': '6.97674418604651 (1)'}"
Poa labillardierei,Poaceae,Poa,native,"{'post_fire_recruitment': 'post_fire_recruitment (f)', 'resprouting_capacity': 'partial_resprouting (V)', 'resprouting_capacity_non_fire_disturbance': 'resprouts_non_fire_disturbance (f)', 'resprouting_capacity_juvenile': 'juvenile_resprout (1)', 'resprouting_capacity_proportion_individuals': '1 (3)', 'fire_time_from_fire_to_flowering': '12 (f)'}"
Poa pratensis,Poaceae,Poa,Exotic,"{'post_fire_recruitment': 'post_fire_recruitment (f)', 'resprouting_capacity': 'resprouts (1)', 'resprouting_capacity_non_fire_disturbance': 'resprouts_non_fire_disturbance (f)', 'resprouting_capacity_juvenile': 'juvenile_resprout (f)', 'resprouting_capacity_proportion_individuals': '1 (f)', 'fire_time_from_fire_to_flowering': '12 (f)'}"
Poa sieberiana,Poaceae,Poa,native,"{'post_fire_recruitment': 'post_fire_recruitment (f)', 'resprouting_capacity': 'partial_resprouting (V)', 'resprouting_capacity_non_fire_disturbance': 'resprouts_non_fire_disturbance (f)', 'resprouting_capacity_juvenile': 'juvenile_resprout (1)', 'resprouting_capacity_proportion_individuals': '0.6 (V)', 'fire_time_from_fire_to_flowering': '12 (f)'}"
Podolobium ilicifolium,Fabaceae,Podolobium,native,"{'post_fire_recruitment': 'post_fire_recruitment (V)', 'resprouting_capacity': 'resprouts (V)', 'resprouting_capacity_non_fire_disturbance': 'resprouts_non_fire_disturbance (f)', 'resprouting_capacity_juvenile': 'juvenile_fire_killed (1)', 'fire_time_from_fire_to_flowering': '8.83720930232558 (1)'}"
Polycarpon tetraphyllum,Caryophyllaceae,Polycarpon,Exotic,"{'resprouting_capacity': 'fire_killed (3)', 'fire_time_from_fire_to_fruiting': '10.2325581395349 (1)', 'fire_time_from_fire_to_flowering': '10 (1); 10.2325581395349 (1)'}"
Polygala myrtifolia,Polygalaceae,Polygala,Exotic,"{'post_fire_recruitment': 'post_fire_recruitment (2)', 'resprouting_capacity': 'fire_killed (2)', 'fire_time_from_fire_to_flowering': '33.0232558139535 (1)'}"
Polygala virgata,Polygalaceae,Polygala,Exotic,"{'resprouting_capacity': 'fire_killed (2)', 'fire_time_from_fire_to_fruiting': '33.0232558139535 (1)', 'fire_time_from_fire_to_flowering': '24.1860465116279 (1); 33.0232558139535 (1); 36.2790697674419 (1)'}"
Polygonum arenastrum,Polygonaceae,Polygonum,Exotic,"{'resprouting_capacity': 'fire_killed (2)', 'resprouting_capacity_juvenile': 'juvenile_fire_killed (1)'}"
Polygonum aviculare,Polygonaceae,Polygonum,Exotic,"{'post_fire_recruitment': 'post_fire_recruitment (1)', 'resprouting_capacity': 'fire_killed (1); resprouts (1)', 'resprouting_capacity_juvenile': 'juvenile_fire_killed (1)'}"
Polymeria calycina,Convolvulaceae,Polymeria,native,"{'resprouting_capacity': 'resprouts (4)', 'resprouting_capacity_non_fire_disturbance': 'resprouts_non_fire_disturbance (1)', 'fire_time_from_fire_to_fruiting': '13.0232558139535 (1)', 'fire_time_from_fire_to_flowering': '13.2 (1); 8.83720930232558 (1)'}"
Polypogon lutosus,Poaceae,Polypogon,Exotic,"{'post_fire_recruitment': 'post_fire_recruitment (f)', 'resprouting_capacity': 'resprouts (f)', 'resprouting_capacity_non_fire_disturbance': 'resprouts_non_fire_disturbance (f)', 'resprouting_capacity_juvenile': 'juvenile_resprout (f)', 'resprouting_capacity_proportion_individuals': '1 (f)', 'fire_time_from_fire_to_flowering': '12 (f)'}"
Polypogon monspeliensis,Poaceae,Polypogon,native,"{'post_fire_recruitment': 'post_fire_recruitment (f)', 'resprouting_capacity': 'fire_killed (4)', 'resprouting_capacity_non_fire_disturbance': 'resprouts_non_fire_disturbance (f)', 'resprouting_capacity_juvenile': 'juvenile_resprout (f)', 'resprouting_capacity_proportion_individuals': '1 (f)', 'fire_time_from_fire_to_flowering': '12 (f)'}"
Polypogon viridis,Poaceae,Polypogon,Exotic,"{'post_fire_recruitment': 'post_fire_recruitment (f)', 'resprouting_capacity': 'resprouts (f)', 'resprouting_capacity_non_fire_disturbance': 'resprouts_non_fire_disturbance (f)', 'resprouting_capacity_juvenile': 'juvenile_resprout (f)', 'resprouting_capacity_proportion_individuals': '1 (f)', 'fire_time_from_fire_to_flowering': '12 (f)'}"
Polyscias sambucifolia,Araliaceae,Polyscias,native,"{'post_fire_recruitment': 'post_fire_recruitment (2); post_fire_recruitment_absent (2)', 'resprouting_capacity': 'resprouts (V)', 'resprouting_capacity_non_fire_disturbance': 'resprouts_non_fire_disturbance (1)', 'resprouting_capacity_juvenile': 'juvenile_fire_killed (1)', 'fire_time_from_fire_to_fruiting': '26.5116279069767 (1)', 'fire_time_from_fire_to_flowering': '11.8604651162791 (1); 23.4883720930233 (1); 24 (1); 24.1860465116279 (1); 36 (1); 36.2790697674419 (1)'}"
Pomaderris brunnea,Rhamnaceae,Pomaderris,native,"{'post_fire_recruitment': 'post_fire_recruitment (1)', 'resprouting_capacity': 'fire_killed (3)', 'resprouting_capacity_juvenile': 'juvenile_fire_killed (1)'}"
Pomaderris discolor,Rhamnaceae,Pomaderris,native,"{'post_fire_recruitment': 'post_fire_recruitment (1)', 'resprouting_capacity': 'fire_killed (4)', 'fire_time_from_fire_to_fruiting': '57.906976744186 (1)', 'fire_time_from_fire_to_flowering': '32.5581395348837 (1)', 'fire_time_from_fire_to_peak_flowering': '48 (1); 72 (1)'}"
Pomaderris elliptica,Rhamnaceae,Pomaderris,native,"{'resprouting_capacity': 'fire_killed (3)', 'fire_time_from_fire_to_flowering': '45.3488372093023 (1)'}"
Pomaderris ferruginea,Rhamnaceae,Pomaderris,native,"{'post_fire_recruitment': 'post_fire_recruitment (1)', 'resprouting_capacity': 'fire_killed (4)', 'fire_time_from_fire_to_fruiting': '34.6511627906977 (1)', 'fire_time_from_fire_to_flowering': '24.1860465116279 (1); 32.5581395348837 (1); 36.2790697674419 (1)', 'fire_time_from_fire_to_peak_flowering': '48 (1); 72 (1)'}"
Pomaderris intermedia,Rhamnaceae,Pomaderris,native,"{'post_fire_recruitment': 'post_fire_recruitment (1)', 'resprouting_capacity': 'fire_killed (6)', 'fire_time_from_fire_to_fruiting': '33.2558139534884 (1)', 'fire_time_from_fire_to_flowering': '20.6976744186047 (1)', 'fire_time_from_fire_to_peak_flowering': '48 (1); 72 (1)'}"
Pomaderris lanigera,Rhamnaceae,Pomaderris,native,"{'post_fire_recruitment': 'post_fire_recruitment (1); post_fire_recruitment_absent (1)', 'resprouting_capacity': 'fire_killed (V)'}"
Pomaderris ligustrina,Rhamnaceae,Pomaderris,native,{'resprouting_capacity': 'fire_killed (f)'}
Pomaderris prunifolia,Rhamnaceae,Pomaderris,native,{'resprouting_capacity': 'fire_killed (2)'}
Pomax umbellata,Rubiaceae,Pomax,native,"{'resprouting_capacity': 'fire_killed (6)', 'fire_time_from_fire_to_fruiting': '11.3953488372093 (1)', 'fire_time_from_fire_to_flowering': '12.093023255814 (1); 8.83720930232558 (1)'}"
Populus alba,Salicaceae,Populus,Exotic,{'resprouting_capacity': 'resprouts (1)'}
Poranthera corymbosa,Phyllanthaceae,Poranthera,native,"{'post_fire_recruitment': 'post_fire_recruitment (2)', 'resprouting_capacity': 'fire_killed (4)', 'fire_time_from_fire_to_flowering': '21.8604651162791 (1)'}"
Poranthera ericifolia,Phyllanthaceae,Poranthera,native,"{'resprouting_capacity': 'fire_killed (5)', 'fire_time_from_fire_to_fruiting': '10 (1)', 'fire_time_from_fire_to_flowering': '11.6279069767442 (1); 8.83720930232558 (1)'}"
Poranthera microphylla,Phyllanthaceae,Poranthera,native,"{'post_fire_recruitment': 'post_fire_recruitment (2)', 'resprouting_capacity': 'fire_killed (V)', 'resprouting_capacity_juvenile': 'juvenile_fire_killed (1)', 'fire_time_from_fire_to_fruiting': '4.18604651162791 (1)', 'fire_time_from_fire_to_flowering': '12 (V); 4.18604651162791 (V)'}"
Portulaca oleracea,Portulacaceae,Portulaca,native,"{'resprouting_capacity': 'fire_killed (V)', 'fire_time_from_fire_to_fruiting': '3.48837209302326 (1)'}"
Potamogeton crispus,Potamogetonaceae,Potamogeton,native,"{'resprouting_capacity': 'resprouts (1)', 'resprouting_capacity_non_fire_disturbance': 'resprouts_non_fire_disturbance (1)'}"
Potamogeton ochreatus,Potamogetonaceae,Potamogeton,native,"{'resprouting_capacity': 'resprouts (1)', 'resprouting_capacity_non_fire_disturbance': 'resprouts_non_fire_disturbance (1)'}"
Potamogeton sulcatus,Potamogetonaceae,Potamogeton,native,"{'resprouting_capacity': 'resprouts (1)', 'resprouting_capacity_non_fire_disturbance': 'resprouts_non_fire_disturbance (1)'}"
Potentilla indica,Rosaceae,Potentilla,Exotic,"{'resprouting_capacity': 'resprouts (2)', 'fire_time_from_fire_to_fruiting': '5.34883720930233 (1)', 'fire_time_from_fire_to_flowering': '6 (1)'}"
Prasophyllum elatum,Orchidaceae,Prasophyllum,native,"{'post_fire_recruitment': 'post_fire_recruitment_absent (1)', 'post_fire_flowering': 'fire_enhanced_flowering (3)', 'resprouting_capacity': 'resprouts (7)', 'resprouting_capacity_non_fire_disturbance': 'resprouts_non_fire_disturbance (1)', 'resprouting_capacity_juvenile': 'juvenile_resprout (1)', 'fire_time_from_fire_to_fruiting': '10 (1)', 'fire_time_from_fire_to_flowering': '8.37209302325581 (1); 9 (1)'}"
Prostanthera scutellarioides,Lamiaceae,Prostanthera,native,"{'post_fire_recruitment': 'post_fire_recruitment (1); post_fire_recruitment_absent (1)', 'resprouting_capacity': 'resprouts (V)', 'fire_time_from_fire_to_fruiting': '12 (1); 36 (1)', 'fire_time_from_fire_to_flowering': '12 (1); 36 (1)'}"
Prostanthera teretifolia,Lamiaceae,Prostanthera,native,"{'post_fire_recruitment': 'post_fire_recruitment (1)', 'resprouting_capacity': 'fire_killed (2)', 'fire_time_from_fire_to_fruiting': '96 (1)'}"
Prunus armeniaca,Rosaceae,Prunus,Exotic,{'resprouting_capacity': 'resprouts (f)'}
Prunus cerasifera,,,Exotic,{'post_fire_recruitment': 'post_fire_recruitment (1)'}
Prunus persica,Rosaceae,Prunus,Exotic,"{'post_fire_recruitment': 'post_fire_recruitment (1)', 'resprouting_capacity': 'resprouts (2)'}"
Pseudanthus pimeleoides,Euphorbiaceae,Pseudanthus,native,"{'post_fire_recruitment': 'post_fire_recruitment (1)', 'resprouting_capacity': 'resprouts (2)'}"
Pseuderanthemum variabile,Acanthaceae,Pseuderanthemum,native,"{'resprouting_capacity': 'resprouts (V)', 'resprouting_capacity_non_fire_disturbance': 'resprouts_non_fire_disturbance (1)', 'fire_time_from_fire_to_fruiting': '2.32558139534884 (1)', 'fire_time_from_fire_to_flowering': '1.62790697674419 (1); 12 (1); 4.65116279069767 (1)'}"
Pseudognaphalium luteoalbum,Asteraceae,Pseudognaphalium,native,"{'post_fire_recruitment': 'post_fire_recruitment (1)', 'resprouting_capacity': 'fire_killed (7)', 'resprouting_capacity_non_fire_disturbance': 'resprouts_non_fire_disturbance (f)', 'resprouting_capacity_juvenile': 'juvenile_fire_killed (f)', 'fire_time_from_fire_to_fruiting': '10 (1)', 'fire_time_from_fire_to_flowering': '10 (1); 9.53488372093023 (1)'}"
Psidium guajava,Myrtaceae,Psidium,Exotic,"{'post_fire_recruitment': 'post_fire_recruitment (f)', 'resprouting_capacity': 'resprouts (1)', 'resprouting_capacity_non_fire_disturbance': 'resprouts_non_fire_disturbance (f)', 'resprouting_capacity_juvenile': 'juvenile_fire_killed (f)'}"
Psychotria loniceroides,Rubiaceae,Psychotria,native,"{'post_fire_recruitment': 'post_fire_recruitment (1); post_fire_recruitment_absent (1)', 'resprouting_capacity': 'resprouts (V)'}"
Pterostylis acuminata,Orchidaceae,Pterostylis,native,"{'post_fire_recruitment': 'post_fire_recruitment_absent (f)', 'post_fire_flowering': 'fire_enhanced_flowering (f)', 'resprouting_capacity': 'resprouts (2)', 'resprouting_capacity_non_fire_disturbance': 'resprouts_non_fire_disturbance (g)', 'resprouting_capacity_juvenile': 'juvenile_resprout (f)', 'fire_time_from_fire_to_flowering': '4.18604651162791 (1)'}"
Pterostylis ampliata,Orchidaceae,Pterostylis,native,"{'post_fire_recruitment': 'post_fire_recruitment_absent (f)', 'post_fire_flowering': 'fire_enhanced_flowering (f)', 'resprouting_capacity': 'resprouts (g)', 'resprouting_capacity_non_fire_disturbance': 'resprouts_non_fire_disturbance (g)', 'resprouting_capacity_juvenile': 'juvenile_resprout (f)', 'fire_time_from_fire_to_flowering': '12 (f)'}"
Pterostylis bicolor,Orchidaceae,Pterostylis,native,"{'post_fire_recruitment': 'post_fire_recruitment_absent (f)', 'post_fire_flowering': 'fire_enhanced_flowering (f)', 'resprouting_capacity': 'resprouts (3)', 'resprouting_capacity_non_fire_disturbance': 'resprouts_non_fire_disturbance (1)', 'resprouting_capacity_juvenile': 'juvenile_resprout (1)', 'fire_time_from_fire_to_flowering': '12 (f)'}"
Pterostylis chaetophora,Orchidaceae,Pterostylis,native,"{'post_fire_recruitment': 'post_fire_recruitment_absent (f)', 'post_fire_flowering': 'fire_enhanced_flowering (f)', 'resprouting_capacity': 'resprouts (1)', 'resprouting_capacity_non_fire_disturbance': 'resprouts_non_fire_disturbance (g)', 'resprouting_capacity_juvenile': 'juvenile_resprout (f)', 'fire_time_from_fire_to_flowering': '12 (f)'}"
Pterostylis concinna,Orchidaceae,Pterostylis,native,"{'post_fire_recruitment': 'post_fire_recruitment_absent (f)', 'post_fire_flowering': 'fire_enhanced_flowering (f)', 'resprouting_capacity': 'resprouts (4)', 'resprouting_capacity_non_fire_disturbance': 'resprouts_non_fire_disturbance (1)', 'resprouting_capacity_juvenile': 'juvenile_resprout (1)', 'fire_time_from_fire_to_fruiting': '6.97674418604651 (1)', 'fire_time_from_fire_to_flowering': '6.74418604651163 (1)'}"
Pterostylis curta,Orchidaceae,Pterostylis,native,"{'post_fire_recruitment': 'post_fire_recruitment_absent (f)', 'post_fire_flowering': 'fire_enhanced_flowering (f)', 'resprouting_capacity': 'resprouts (3)', 'resprouting_capacity_non_fire_disturbance': 'resprouts_non_fire_disturbance (1)', 'resprouting_capacity_juvenile': 'juvenile_resprout (1)', 'fire_time_from_fire_to_flowering': '12 (f)'}"
Pterostylis erecta,Orchidaceae,Pterostylis,native,"{'post_fire_recruitment': 'post_fire_recruitment_absent (f)', 'post_fire_flowering': 'fire_enhanced_flowering (f)', 'resprouting_capacity': 'resprouts (g)', 'resprouting_capacity_non_fire_disturbance': 'resprouts_non_fire_disturbance (g)', 'resprouting_capacity_juvenile': 'juvenile_resprout (f)', 'fire_time_from_fire_to_flowering': '12 (f)'}"
Pterostylis gibbosa,Orchidaceae,Pterostylis,native,"{'post_fire_recruitment': 'post_fire_recruitment_absent (f)', 'post_fire_flowering': 'fire_enhanced_flowering (f)', 'resprouting_capacity': 'resprouts (1)', 'resprouting_capacity_non_fire_disturbance': 'resprouts_non_fire_disturbance (g)', 'resprouting_capacity_juvenile': 'juvenile_resprout (f)', 'fire_time_from_fire_to_flowering': '12 (f)'}"
Pterostylis grandiflora,Orchidaceae,Pterostylis,native,"{'post_fire_recruitment': 'post_fire_recruitment_absent (f)', 'post_fire_flowering': 'fire_enhanced_flowering (f)', 'resprouting_capacity': 'resprouts (3)', 'resprouting_capacity_non_fire_disturbance': 'resprouts_non_fire_disturbance (2)', 'resprouting_capacity_juvenile': 'juvenile_resprout (f)', 'fire_time_from_fire_to_flowering': '12 (f)'}"
Pterostylis longifolia,Orchidaceae,Pterostylis,native,"{'post_fire_recruitment': 'post_fire_recruitment_absent (1)', 'post_fire_flowering': 'fire_enhanced_flowering (f)', 'resprouting_capacity': 'resprouts (4)', 'resprouting_capacity_non_fire_disturbance': 'resprouts_non_fire_disturbance (1)', 'resprouting_capacity_juvenile': 'juvenile_resprout (1)', 'fire_time_from_fire_to_flowering': '12 (1); 5.58139534883721 (1)'}"
Pterostylis mutica,Orchidaceae,Pterostylis,native,"{'post_fire_recruitment': 'post_fire_recruitment_absent (1)', 'post_fire_flowering': 'fire_enhanced_flowering (f)', 'resprouting_capacity': 'resprouts (3)', 'resprouting_capacity_non_fire_disturbance': 'resprouts_non_fire_disturbance (1)', 'resprouting_capacity_juvenile': 'juvenile_resprout (1)', 'fire_time_from_fire_to_flowering': '12 (f)'}"
Pterostylis nutans,Orchidaceae,Pterostylis,native,"{'post_fire_recruitment': 'post_fire_recruitment_absent (1)', 'post_fire_flowering': 'fire_enhanced_flowering (f)', 'resprouting_capacity': 'resprouts (6)', 'resprouting_capacity_non_fire_disturbance': 'resprouts_non_fire_disturbance (2)', 'resprouting_capacity_juvenile': 'juvenile_resprout (1)', 'fire_time_from_fire_to_fruiting': '8.37209302325581 (1)', 'fire_time_from_fire_to_flowering': '12 (1); 6.97674418604651 (1)'}"
Pterostylis oblonga,Orchidaceae,Pterostylis,native,"{'post_fire_recruitment': 'post_fire_recruitment_absent (f)', 'post_fire_flowering': 'fire_enhanced_flowering (f)', 'resprouting_capacity': 'resprouts (g)', 'resprouting_capacity_non_fire_disturbance': 'resprouts_non_fire_disturbance (g)', 'resprouting_capacity_juvenile': 'juvenile_resprout (f)', 'fire_time_from_fire_to_flowering': '12 (f)'}"
Pterostylis obtusa,Orchidaceae,Pterostylis,native,"{'post_fire_recruitment': 'post_fire_recruitment_absent (f)', 'post_fire_flowering': 'fire_enhanced_flowering (f)', 'resprouting_capacity': 'resprouts (g)', 'resprouting_capacity_non_fire_disturbance': 'resprouts_non_fire_disturbance (g)', 'resprouting_capacity_juvenile': 'juvenile_resprout (f)', 'fire_time_from_fire_to_flowering': '12 (f)'}"
Pterostylis pedunculata,Orchidaceae,Pterostylis,native,"{'post_fire_recruitment': 'post_fire_recruitment_absent (f)', 'post_fire_flowering': 'fire_enhanced_flowering (f)', 'resprouting_capacity': 'resprouts (3)', 'resprouting_capacity_non_fire_disturbance': 'resprouts_non_fire_disturbance (1)', 'resprouting_capacity_juvenile': 'juvenile_resprout (1)', 'fire_time_from_fire_to_flowering': '12 (f)'}"
Pterostylis revoluta,Orchidaceae,Pterostylis,native,"{'post_fire_recruitment': 'post_fire_recruitment_absent (f)', 'post_fire_flowering': 'fire_enhanced_flowering (f)', 'resprouting_capacity': 'resprouts (1)', 'resprouting_capacity_non_fire_disturbance': 'resprouts_non_fire_disturbance (1)', 'resprouting_capacity_juvenile': 'juvenile_resprout (f)', 'fire_time_from_fire_to_flowering': '12 (f)'}"
Pterostylis rufa,Orchidaceae,Pterostylis,native,"{'post_fire_recruitment': 'post_fire_recruitment_absent (f)', 'post_fire_flowering': 'fire_enhanced_flowering (f)', 'resprouting_capacity': 'resprouts (g)', 'resprouting_capacity_non_fire_disturbance': 'resprouts_non_fire_disturbance (g)', 'resprouting_capacity_juvenile': 'juvenile_resprout (f)', 'fire_time_from_fire_to_flowering': '12 (f)'}"
Pterostylis saxicola,Orchidaceae,Pterostylis,native,"{'post_fire_recruitment': 'post_fire_recruitment_absent (f)', 'post_fire_flowering': 'fire_enhanced_flowering (f)', 'resprouting_capacity': 'resprouts (g)', 'resprouting_capacity_non_fire_disturbance': 'resprouts_non_fire_disturbance (g)', 'resprouting_capacity_juvenile': 'juvenile_resprout (f)', 'fire_time_from_fire_to_flowering': '12 (f)'}"
Pterostylis truncata,Orchidaceae,Pterostylis,native,"{'post_fire_recruitment': 'post_fire_recruitment (1)', 'post_fire_flowering': 'fire_enhanced_flowering (f)', 'resprouting_capacity': 'resprouts (2)', 'resprouting_capacity_non_fire_disturbance': 'resprouts_non_fire_disturbance (1)', 'resprouting_capacity_juvenile': 'juvenile_resprout (f)', 'fire_time_from_fire_to_flowering': '12 (f)'}"
Ptilotus seminudus,Amaranthaceae,Ptilotus,native,"{'post_fire_recruitment': 'post_fire_recruitment (1)', 'resprouting_capacity': 'resprouts (2)', 'resprouting_capacity_non_fire_disturbance': 'resprouts_non_fire_disturbance (1)', 'resprouting_capacity_juvenile': 'juvenile_resprout (1)'}"
Pultenaea daphnoides,Fabaceae,Pultenaea,native,"{'post_fire_recruitment': 'post_fire_recruitment (3)', 'resprouting_capacity': 'fire_killed (7)', 'resprouting_capacity_non_fire_disturbance': 'resprouts_non_fire_disturbance (f)', 'resprouting_capacity_juvenile': 'juvenile_fire_killed (1)', 'fire_time_from_fire_to_fruiting': '34.8837209302326 (1)', 'fire_time_from_fire_to_flowering': '20 (1); 36.2790697674419 (1)', 'fire_time_from_fire_to_peak_flowering': '36 (1); 60 (1)'}"
Pultenaea flexilis,Fabaceae,Pultenaea,native,"{'post_fire_recruitment': 'post_fire_recruitment (1)', 'resprouting_capacity': 'fire_killed (5)', 'resprouting_capacity_non_fire_disturbance': 'resprouts_non_fire_disturbance (f)', 'resprouting_capacity_juvenile': 'juvenile_fire_killed (f)', 'fire_time_from_fire_to_flowering': '20.4651162790698 (1)', 'fire_time_from_fire_to_peak_flowering': '60 (1)'}"
Pultenaea hispidula,Fabaceae,Pultenaea,native,"{'post_fire_recruitment': 'post_fire_recruitment (2)', 'resprouting_capacity': 'fire_killed (4)', 'resprouting_capacity_non_fire_disturbance': 'resprouts_non_fire_disturbance (f)', 'resprouting_capacity_juvenile': 'juvenile_fire_killed (1)'}"
Pultenaea linophylla,Fabaceae,Pultenaea,native,"{'post_fire_recruitment': 'post_fire_recruitment (1)', 'resprouting_capacity': 'fire_killed (V)', 'resprouting_capacity_non_fire_disturbance': 'resprouts_non_fire_disturbance (f)', 'resprouting_capacity_juvenile': 'juvenile_fire_killed (f)'}"
Pultenaea microphylla,Fabaceae,Pultenaea,native,"{'post_fire_recruitment': 'post_fire_recruitment (1); post_fire_recruitment_absent (1)', 'resprouting_capacity': 'fire_killed (V); resprouts (V)', 'resprouting_capacity_non_fire_disturbance': 'resprouts_non_fire_disturbance (f)', 'resprouting_capacity_juvenile': 'juvenile_fire_killed (f)', 'fire_time_from_fire_to_fruiting': '36 (1)'}"
Pultenaea mollis,Fabaceae,Pultenaea,native,"{'post_fire_recruitment': 'post_fire_recruitment (2)', 'resprouting_capacity': 'fire_killed (5)', 'resprouting_capacity_non_fire_disturbance': 'resprouts_non_fire_disturbance (f)', 'resprouting_capacity_juvenile': 'juvenile_fire_killed (1)', 'fire_time_from_fire_to_fruiting': '35.8139534883721 (1)', 'fire_time_from_fire_to_flowering': '32.5581395348837 (1); 36.2790697674419 (1)', 'fire_time_from_fire_to_peak_flowering': '36 (1); 60 (1)'}"
Pultenaea paleacea,Fabaceae,Pultenaea,native,"{'post_fire_recruitment': 'post_fire_recruitment (f)', 'resprouting_capacity': 'fire_killed (3)', 'resprouting_capacity_non_fire_disturbance': 'resprouts_non_fire_disturbance (f)', 'resprouting_capacity_juvenile': 'juvenile_fire_killed (f)'}"
Pultenaea parviflora,Fabaceae,Pultenaea,native,"{'post_fire_recruitment': 'post_fire_recruitment (f)', 'resprouting_capacity': 'fire_killed (1)', 'resprouting_capacity_non_fire_disturbance': 'resprouts_non_fire_disturbance (f)', 'resprouting_capacity_juvenile': 'juvenile_fire_killed (f)'}"
Pultenaea pedunculata,Fabaceae,Pultenaea,native,"{'post_fire_recruitment': 'post_fire_recruitment (f)', 'resprouting_capacity': 'fire_killed (1); resprouts (1)', 'resprouting_capacity_non_fire_disturbance': 'resprouts_non_fire_disturbance (f)', 'resprouting_capacity_juvenile': 'juvenile_fire_killed (f)'}"
Pultenaea retusa,Fabaceae,Pultenaea,native,"{'post_fire_recruitment': 'post_fire_recruitment (2)', 'resprouting_capacity': 'fire_killed (6)', 'resprouting_capacity_non_fire_disturbance': 'resprouts_non_fire_disturbance (f)', 'resprouting_capacity_juvenile': 'juvenile_fire_killed (1)', 'fire_time_from_fire_to_fruiting': '20.9302325581395 (1)', 'fire_time_from_fire_to_flowering': '20 (1); 24.1860465116279 (1)'}"
Pultenaea scabra,Fabaceae,Pultenaea,native,"{'post_fire_recruitment': 'post_fire_recruitment (1)', 'resprouting_capacity': 'fire_killed (7)', 'resprouting_capacity_non_fire_disturbance': 'resprouts_non_fire_disturbance (f)', 'resprouting_capacity_juvenile': 'juvenile_fire_killed (1)'}"
Pultenaea stipularis,Fabaceae,Pultenaea,native,"{'post_fire_recruitment': 'post_fire_recruitment (f)', 'resprouting_capacity': 'fire_killed (4)', 'resprouting_capacity_non_fire_disturbance': 'resprouts_non_fire_disturbance (f)', 'resprouting_capacity_juvenile': 'juvenile_fire_killed (f)', 'fire_time_from_fire_to_fruiting': '24.1860465116279 (1)', 'fire_time_from_fire_to_flowering': '20.9302325581395 (1); 24.1860465116279 (1); 36.2790697674419 (1)', 'fire_time_from_fire_to_peak_flowering': '36 (1); 60 (1)'}"
Pultenaea tuberculata,Fabaceae,Pultenaea,native,"{'post_fire_recruitment': 'post_fire_recruitment (1)', 'resprouting_capacity': 'fire_killed (V)', 'resprouting_capacity_non_fire_disturbance': 'resprouts_non_fire_disturbance (f)', 'resprouting_capacity_juvenile': 'juvenile_fire_killed (f)', 'fire_time_from_fire_to_flowering': '14.1860465116279 (1); 24 (1)', 'fire_time_from_fire_to_50_percent_flowering': '24.1860465116279 (1)', 'fire_time_from_fire_to_peak_flowering': '60 (1); 72 (1)'}"
Pultenaea villosa,Fabaceae,Pultenaea,native,"{'post_fire_recruitment': 'post_fire_recruitment (f)', 'resprouting_capacity': 'fire_killed (4)', 'resprouting_capacity_non_fire_disturbance': 'resprouts_non_fire_disturbance (f)', 'resprouting_capacity_juvenile': 'juvenile_fire_killed (f)'}"
Pyracantha angustifolia,Rosaceae,Pyracantha,Exotic,"{'resprouting_capacity': 'resprouts (2)', 'fire_time_from_fire_to_fruiting': '28.3720930232558 (1)', 'fire_time_from_fire_to_flowering': '24 (1); 24.1860465116279 (1); 36 (1); 36.2790697674419 (1)'}"
Pyracantha crenulata,Rosaceae,Pyracantha,native,"{'resprouting_capacity': 'resprouts (2)', 'fire_time_from_fire_to_fruiting': '29.0697674418605 (1)', 'fire_time_from_fire_to_flowering': '24 (1); 24.1860465116279 (1); 36 (1); 36.2790697674419 (1)'}"
Pyrorchis nigricans,Orchidaceae,Pyrorchis,native,"{'post_fire_recruitment': 'post_fire_recruitment_absent (V)', 'post_fire_flowering': 'fire_enhanced_flowering (V)', 'resprouting_capacity': 'resprouts (V)', 'resprouting_capacity_non_fire_disturbance': 'resprouts_non_fire_disturbance (2)', 'resprouting_capacity_juvenile': 'juvenile_fire_killed (1)', 'fire_time_from_fire_to_flowering': '12 (V)'}"
Pyrus communis,Rosaceae,Pyrus,Exotic,{'resprouting_capacity': 'resprouts (f)'}
Quercus robur,Fagaceae,Quercus,Exotic,{'post_fire_recruitment': 'post_fire_recruitment (1)'}
Ranunculus inundatus,Ranunculaceae,Ranunculus,native,"{'resprouting_capacity': 'resprouts (2)', 'resprouting_capacity_non_fire_disturbance': 'resprouts_non_fire_disturbance (1)', 'resprouting_capacity_juvenile': 'juvenile_fire_killed (1)'}"
Ranunculus lappaceus,Ranunculaceae,Ranunculus,native,"{'post_fire_recruitment': 'post_fire_recruitment (1)', 'resprouting_capacity': 'fire_killed (V)', 'resprouting_capacity_non_fire_disturbance': 'resprouts_non_fire_disturbance (1)'}"
Ranunculus muricatus,Ranunculaceae,Ranunculus,Exotic,{'post_fire_recruitment': 'post_fire_recruitment (1)'}
Ranunculus repens,Ranunculaceae,Ranunculus,Exotic,"{'resprouting_capacity': 'resprouts (2)', 'fire_time_from_fire_to_fruiting': '10.2325581395349 (1)', 'fire_time_from_fire_to_flowering': '12 (1); 12.093023255814 (1); 9.06976744186047 (1)'}"
Rhamnus alaternus,Rhamnaceae,Rhamnus,Exotic,{'resprouting_capacity': 'resprouts (1)'}
Rhaphiolepis indica,Rosaceae,Rhaphiolepis,Exotic,{'resprouting_capacity': 'resprouts (f)'}
Rhinerrhiza divitiflora,Orchidaceae,Rhinerrhiza,native,"{'post_fire_recruitment': 'post_fire_recruitment_absent (f)', 'post_fire_flowering': 'fire_enhanced_flowering (f)', 'resprouting_capacity': 'resprouts (f)', 'resprouting_capacity_non_fire_disturbance': 'resprouts_non_fire_disturbance (f)', 'resprouting_capacity_juvenile': 'juvenile_resprout (f)', 'fire_time_from_fire_to_flowering': '12 (f)'}"
Rhodamnia rubescens,Myrtaceae,Rhodamnia,native,"{'post_fire_recruitment': 'post_fire_recruitment_absent (2)', 'resprouting_capacity': 'resprouts (7)', 'resprouting_capacity_non_fire_disturbance': 'resprouts_non_fire_disturbance (f)', 'resprouting_capacity_juvenile': 'juvenile_fire_killed (f)'}"
Rhododendron lochiae,Ericaceae,Rhododendron,native,"{'post_fire_recruitment': 'post_fire_recruitment (f)', 'resprouting_capacity': 'fire_killed (f)'}"
Rhytidosporum procumbens,Pittosporaceae,Rhytidosporum,native,"{'post_fire_recruitment': 'post_fire_recruitment (2)', 'resprouting_capacity': 'fire_killed (V)', 'resprouting_capacity_non_fire_disturbance': 'resprouts_non_fire_disturbance (2)', 'resprouting_capacity_juvenile': 'juvenile_fire_killed (1)', 'fire_time_from_fire_to_fruiting': '10 (1)', 'fire_time_from_fire_to_flowering': '10 (1); 9.6 (1)'}"
Richardia stellaris,Rubiaceae,Richardia,Exotic,"{'resprouting_capacity': 'resprouts (1)', 'fire_time_from_fire_to_fruiting': '5.81395348837209 (1)'}"
Ricinocarpos pinifolius,Euphorbiaceae,Ricinocarpos,native,"{'post_fire_recruitment': 'post_fire_recruitment (1)', 'resprouting_capacity': 'resprouts (V)', 'resprouting_capacity_juvenile': 'juvenile_fire_killed (1)', 'fire_time_from_fire_to_fruiting': '21.8604651162791 (1)', 'fire_time_from_fire_to_flowering': '12 (1); 20 (1); 24 (1); 24.1860465116279 (1)'}"
Ricinus communis,Euphorbiaceae,Ricinus,Exotic,"{'post_fire_recruitment': 'post_fire_recruitment (1)', 'resprouting_capacity': 'fire_killed (V)', 'fire_time_from_fire_to_fruiting': '5.81395348837209 (1)', 'fire_time_from_fire_to_flowering': '5.81395348837209 (V)'}"
Robinia pseudoacacia,Fabaceae,Robinia,Exotic,"{'post_fire_recruitment': 'post_fire_recruitment (f)', 'resprouting_capacity': 'resprouts (1)', 'resprouting_capacity_non_fire_disturbance': 'resprouts_non_fire_disturbance (f)', 'resprouting_capacity_juvenile': 'juvenile_fire_killed (f)'}"
Roldana petasitis,Asteraceae,Roldana,Exotic,"{'post_fire_recruitment': 'post_fire_recruitment (f)', 'resprouting_capacity': 'resprouts (3)', 'resprouting_capacity_non_fire_disturbance': 'resprouts_non_fire_disturbance (f)', 'resprouting_capacity_juvenile': 'juvenile_fire_killed (f)', 'fire_time_from_fire_to_fruiting': '8.83720930232558 (1)', 'fire_time_from_fire_to_flowering': '12 (f)'}"
Romulea rosea,Iridaceae,Romulea,Exotic,"{'post_fire_recruitment': 'post_fire_recruitment (1)', 'resprouting_capacity': 'resprouts (4)', 'resprouting_capacity_juvenile': 'juvenile_resprout (1)', 'fire_time_from_fire_to_flowering': '7.67441860465116 (1)'}"
Rorippa laciniata,Brassicaceae,Rorippa,native,{'resprouting_capacity': 'fire_killed (1)'}
Rorippa nasturtium-aquaticum,Brassicaceae,Rorippa,Exotic,"{'resprouting_capacity': 'fire_killed (f)', 'fire_time_from_fire_to_fruiting': '10 (1)'}"
Rosa bracteata,Rosaceae,Rosa,Exotic,{'resprouting_capacity': 'resprouts (f)'}
Rosa rubiginosa,Rosaceae,Rosa,Exotic,"{'post_fire_recruitment': 'post_fire_recruitment (1)', 'resprouting_capacity': 'resprouts (1)', 'resprouting_capacity_juvenile': 'juvenile_resprout (1)'}"
Rostraria cristata,Poaceae,Rostraria,Exotic,"{'post_fire_recruitment': 'post_fire_recruitment (1)', 'resprouting_capacity': 'fire_killed (1)', 'resprouting_capacity_non_fire_disturbance': 'resprouts_non_fire_disturbance (f)', 'resprouting_capacity_juvenile': 'juvenile_fire_killed (1)', 'resprouting_capacity_proportion_individuals': '1 (f)', 'fire_time_from_fire_to_flowering': '12 (f)'}"
Rubus anglocandicans,Rosaceae,Rubus,Exotic,"{'post_fire_recruitment': 'post_fire_recruitment (2); post_fire_recruitment_absent (2)', 'resprouting_capacity': 'resprouts (8)', 'resprouting_capacity_juvenile': 'juvenile_fire_killed (1)', 'fire_time_from_fire_to_fruiting': '11.3953488372093 (1)', 'fire_time_from_fire_to_flowering': '12 (1); 12.093023255814 (1); 8.83720930232558 (1)'}"
Rubus fruticosus,Rosaceae,Rubus,,{'resprouting_capacity': 'resprouts (f)'}
Rubus laudatus,Rosaceae,Rubus,native,{'resprouting_capacity': 'resprouts (f)'}
Rubus moluccanus,Rosaceae,Rubus,native,{'resprouting_capacity': 'resprouts (4)'}
Rubus parvifolius,Rosaceae,Rubus,native,"{'post_fire_recruitment': 'post_fire_recruitment (1)', 'resprouting_capacity': 'resprouts (5)', 'resprouting_capacity_non_fire_disturbance': 'resprouts_non_fire_disturbance (1)', 'resprouting_capacity_juvenile': 'juvenile_resprout (1)'}"
Rubus ulmifolius,Rosaceae,Rubus,Exotic,{'resprouting_capacity': 'resprouts (1)'}
Rumex acetosella,Polygonaceae,Rumex,Exotic,"{'post_fire_recruitment': 'post_fire_recruitment (1)', 'resprouting_capacity': 'fire_killed (1); partial_resprouting (1); resprouts (1)', 'resprouting_capacity_juvenile': 'juvenile_fire_killed (1)', 'fire_time_from_fire_to_fruiting': '9.06976744186047 (1)', 'fire_time_from_fire_to_flowering': '12 (1); 9.06976744186047 (1)'}"
Rumex brownii,Polygonaceae,Rumex,native,"{'post_fire_recruitment': 'post_fire_recruitment_absent (1)', 'resprouting_capacity': 'resprouts (6)', 'resprouting_capacity_non_fire_disturbance': 'resprouts_non_fire_disturbance (1)', 'resprouting_capacity_juvenile': 'juvenile_resprout (1)', 'fire_time_from_fire_to_fruiting': '4.41860465116279 (1)', 'fire_time_from_fire_to_flowering': '2.09302325581395 (1); 4.8 (1)'}"
Rumex conglomeratus,Polygonaceae,Rumex,Exotic,"{'resprouting_capacity': 'resprouts (2)', 'fire_time_from_fire_to_fruiting': '11.6279069767442 (1)'}"
Rumex crispus,Polygonaceae,Rumex,Exotic,"{'resprouting_capacity': 'resprouts (2)', 'fire_time_from_fire_to_fruiting': '11.8604651162791 (1)', 'fire_time_from_fire_to_flowering': '9.53488372093023 (1)'}"
Rumex hypogaeus,Polygonaceae,Rumex,Exotic,"{'resprouting_capacity': 'fire_killed (1)', 'fire_time_from_fire_to_flowering': '12 (1)'}"
Rumex sagittatus,Polygonaceae,Rumex,Exotic,"{'resprouting_capacity': 'resprouts (2)', 'fire_time_from_fire_to_fruiting': '6.97674418604651 (1)', 'fire_time_from_fire_to_flowering': '12 (1); 6.97674418604651 (1)'}"
Rumex vesicarius,Polygonaceae,Rumex,Exotic,{'resprouting_capacity': 'fire_killed (2)'}
Rytidosperma bipartitum,Poaceae,Rytidosperma,native,"{'post_fire_recruitment': 'post_fire_recruitment (f)', 'resprouting_capacity': 'partial_resprouting (V)', 'resprouting_capacity_non_fire_disturbance': 'resprouts_non_fire_disturbance (f)', 'resprouting_capacity_juvenile': 'juvenile_fire_killed (1); juvenile_resprout (1)', 'resprouting_capacity_proportion_individuals': '0.6 (V)', 'fire_time_from_fire_to_fruiting': '6.97674418604651 (1)', 'fire_time_from_fire_to_flowering': '12 (f)'}"
Rytidosperma caespitosum,Poaceae,Rytidosperma,native,"{'post_fire_recruitment': 'post_fire_recruitment (f)', 'resprouting_capacity': 'partial_resprouting (V)', 'resprouting_capacity_non_fire_disturbance': 'resprouts_non_fire_disturbance (f)', 'resprouting_capacity_juvenile': 'juvenile_resprout (1)', 'resprouting_capacity_proportion_individuals': '0.8 (V)', 'fire_time_from_fire_to_flowering': '12 (1); 20 (1); 24 (1)'}"
Rytidosperma fulvum,Poaceae,Rytidosperma,native,"{'post_fire_recruitment': 'post_fire_recruitment (f)', 'resprouting_capacity': 'partial_resprouting (V)', 'resprouting_capacity_non_fire_disturbance': 'resprouts_non_fire_disturbance (f)', 'resprouting_capacity_juvenile': 'juvenile_resprout (1)', 'resprouting_capacity_proportion_individuals': '0.4 (1); 0.8 (1); 1 (1)', 'fire_time_from_fire_to_flowering': '12 (f)'}"
Rytidosperma longifolium,Poaceae,Rytidosperma,native,"{'post_fire_recruitment': 'post_fire_recruitment (f)', 'resprouting_capacity': 'fire_killed (2); resprouts (2)', 'resprouting_capacity_non_fire_disturbance': 'resprouts_non_fire_disturbance (f)', 'resprouting_capacity_juvenile': 'juvenile_resprout (1)', 'resprouting_capacity_proportion_individuals': '1 (f)', 'fire_time_from_fire_to_flowering': '12 (f)'}"
Rytidosperma monticola,Poaceae,Rytidosperma,native,"{'post_fire_recruitment': 'post_fire_recruitment (f)', 'resprouting_capacity': 'resprouts (f)', 'resprouting_capacity_non_fire_disturbance': 'resprouts_non_fire_disturbance (f)', 'resprouting_capacity_juvenile': 'juvenile_resprout (f)', 'resprouting_capacity_proportion_individuals': '1 (f)', 'fire_time_from_fire_to_flowering': '12 (f)'}"
Rytidosperma pallidum,Poaceae,Rytidosperma,native,"{'post_fire_recruitment': 'post_fire_recruitment (V)', 'post_fire_flowering': 'fire_dependent_flowering (1)', 'resprouting_capacity': 'partial_resprouting (V)', 'resprouting_capacity_non_fire_disturbance': 'resprouts_non_fire_disturbance (f)', 'resprouting_capacity_juvenile': 'juvenile_resprout (2)', 'resprouting_capacity_proportion_individuals': '0.2 (1); 0.4 (1); 0.6 (1)', 'fire_time_from_fire_to_flowering': '24 (V)'}"
Rytidosperma pilosum,Poaceae,Rytidosperma,native,"{'post_fire_recruitment': 'post_fire_recruitment (3)', 'resprouting_capacity': 'partial_resprouting (V)', 'resprouting_capacity_non_fire_disturbance': 'resprouts_non_fire_disturbance (f)', 'resprouting_capacity_juvenile': 'juvenile_fire_killed (1); juvenile_resprout (1)', 'resprouting_capacity_proportion_individuals': '1 (3)', 'fire_time_from_fire_to_flowering': '12 (V)'}"
Rytidosperma racemosum,Poaceae,Rytidosperma,native,"{'post_fire_recruitment': 'post_fire_recruitment (1)', 'resprouting_capacity': 'partial_resprouting (V)', 'resprouting_capacity_non_fire_disturbance': 'resprouts_non_fire_disturbance (f)', 'resprouting_capacity_juvenile': 'juvenile_fire_killed (1); juvenile_resprout (1)', 'resprouting_capacity_proportion_individuals': '0.4 (1); 0.6 (1); 1 (1)', 'fire_time_from_fire_to_flowering': '12 (f)'}"
Rytidosperma semiannulare,Poaceae,Rytidosperma,native,"{'post_fire_recruitment': 'post_fire_recruitment (f)', 'resprouting_capacity': 'partial_resprouting (V)', 'resprouting_capacity_non_fire_disturbance': 'resprouts_non_fire_disturbance (f)', 'resprouting_capacity_juvenile': 'juvenile_resprout (1)', 'resprouting_capacity_proportion_individuals': '0.8 (V)', 'fire_time_from_fire_to_flowering': '12 (1)'}"
Rytidosperma setaceum,Poaceae,Rytidosperma,native,"{'post_fire_recruitment': 'post_fire_recruitment (1)', 'resprouting_capacity': 'partial_resprouting (V)', 'resprouting_capacity_non_fire_disturbance': 'resprouts_non_fire_disturbance (f)', 'resprouting_capacity_juvenile': 'juvenile_fire_killed (V)', 'resprouting_capacity_proportion_individuals': '0.4 (1); 0.6 (1); 0.8 (1)', 'fire_time_from_fire_to_flowering': '12 (1)'}"
Rytidosperma tenuius,Poaceae,Rytidosperma,native,"{'post_fire_recruitment': 'post_fire_recruitment (f)', 'resprouting_capacity': 'resprouts (3)', 'resprouting_capacity_non_fire_disturbance': 'resprouts_non_fire_disturbance (f)', 'resprouting_capacity_juvenile': 'juvenile_fire_killed (1)', 'resprouting_capacity_proportion_individuals': '1 (f)', 'fire_time_from_fire_to_fruiting': '4.18604651162791 (1)', 'fire_time_from_fire_to_flowering': '12 (1); 2.55813953488372 (1); 4.18604651162791 (1)'}"
Saccharum officinarum,Poaceae,Saccharum,native,"{'post_fire_recruitment': 'post_fire_recruitment (f)', 'resprouting_capacity': 'resprouts (f)', 'resprouting_capacity_non_fire_disturbance': 'resprouts_non_fire_disturbance (f)', 'resprouting_capacity_juvenile': 'juvenile_resprout (f)', 'resprouting_capacity_proportion_individuals': '1 (f)', 'fire_time_from_fire_to_flowering': '12 (f)'}"
Sagina apetala,Caryophyllaceae,Sagina,Exotic,{'resprouting_capacity': 'fire_killed (4)'}
Salicornia quinqueflora,Chenopodiaceae,Salicornia,native,{'resprouting_capacity': 'fire_killed (1)'}
Salix babylonica,Salicaceae,Salix,Exotic,"{'resprouting_capacity': 'fire_killed (1); resprouts (1)', 'resprouting_capacity_juvenile': 'juvenile_resprout (1)'}"
Salix cinerea,Salicaceae,Salix,Exotic,"{'resprouting_capacity': 'fire_killed (2)', 'resprouting_capacity_juvenile': 'juvenile_resprout (1)'}"
Salpichroa origanifolia,Solanaceae,Salpichroa,Exotic,{'resprouting_capacity': 'resprouts (1)'}
Sambucus australasica,Viburnaceae,Sambucus,native,"{'post_fire_recruitment': 'post_fire_recruitment_absent (1)', 'resprouting_capacity': 'fire_killed (1); resprouts (1)', 'resprouting_capacity_non_fire_disturbance': 'resprouts_non_fire_disturbance (1)'}"
Samolus repens,Primulaceae,Samolus,native,"{'resprouting_capacity': 'fire_killed (2); resprouts (2)', 'resprouting_capacity_non_fire_disturbance': 'resprouts_non_fire_disturbance (1)', 'fire_time_from_fire_to_fruiting': '11.3953488372093 (1)', 'fire_time_from_fire_to_flowering': '11.3953488372093 (1); 30 (1)'}"
Samolus valerandi,Primulaceae,Samolus,native,"{'resprouting_capacity': 'fire_killed (1)', 'fire_time_from_fire_to_flowering': '96 (1)'}"
Sannantha pluriflora,Myrtaceae,Sannantha,native,"{'post_fire_recruitment': 'post_fire_recruitment (f)', 'resprouting_capacity': 'resprouts (V)', 'resprouting_capacity_non_fire_disturbance': 'resprouts_non_fire_disturbance (f)', 'resprouting_capacity_juvenile': 'juvenile_fire_killed (f)', 'fire_time_from_fire_to_fruiting': '28.8372093023256 (1)', 'fire_time_from_fire_to_flowering': '30 (1)'}"
Sarcochilus falcatus,Orchidaceae,Sarcochilus,native,"{'post_fire_recruitment': 'post_fire_recruitment_absent (f)', 'post_fire_flowering': 'fire_enhanced_flowering (f)', 'resprouting_capacity': 'fire_killed (1)', 'resprouting_capacity_non_fire_disturbance': 'resprouts_non_fire_disturbance (f)', 'resprouting_capacity_juvenile': 'juvenile_resprout (f)', 'fire_time_from_fire_to_flowering': '12 (f)'}"
Sarcochilus hartmannii,Orchidaceae,Sarcochilus,native,"{'post_fire_recruitment': 'post_fire_recruitment_absent (f)', 'post_fire_flowering': 'fire_enhanced_flowering (f)', 'resprouting_capacity': 'fire_killed (1)', 'resprouting_capacity_non_fire_disturbance': 'resprouts_non_fire_disturbance (f)', 'resprouting_capacity_juvenile': 'juvenile_resprout (f)', 'fire_time_from_fire_to_flowering': '12 (f)'}"
Sarcopetalum harveyanum,Menispermaceae,Sarcopetalum,native,"{'post_fire_recruitment': 'post_fire_recruitment_absent (1)', 'resprouting_capacity': 'resprouts (6)', 'resprouting_capacity_non_fire_disturbance': 'resprouts_non_fire_disturbance (2)'}"
Scaevola albida,Goodeniaceae,Scaevola,native,{'resprouting_capacity': 'fire_killed (V)'}
Scaevola ramosissima,Goodeniaceae,Scaevola,native,"{'resprouting_capacity': 'resprouts (V)', 'fire_time_from_fire_to_fruiting': '11.8604651162791 (1)', 'fire_time_from_fire_to_flowering': '12 (1); 12.093023255814 (1); 3.72093023255814 (1)'}"
Schinus molle,Anacardiaceae,Schinus,Exotic,{'post_fire_recruitment': 'post_fire_recruitment (1)'}
Schizomeria ovata,Cunoniaceae,Schizomeria,native,"{'post_fire_recruitment': 'post_fire_recruitment_absent (2)', 'resprouting_capacity': 'resprouts (7)'}"
Schoenoplectiella erecta,Cyperaceae,Schoenoplectiella,Exotic,"{'resprouting_capacity': 'resprouts (f)', 'resprouting_capacity_non_fire_disturbance': 'resprouts_non_fire_disturbance (f)', 'resprouting_capacity_juvenile': 'juvenile_fire_killed (f)'}"
Schoenoplectus subulatus,Cyperaceae,Schoenoplectus,native,"{'resprouting_capacity': 'resprouts (2)', 'resprouting_capacity_non_fire_disturbance': 'resprouts_non_fire_disturbance (2)', 'resprouting_capacity_juvenile': 'juvenile_fire_killed (f)'}"
Schoenoplectus tabernaemontani,Cyperaceae,Schoenoplectus,native,"{'resprouting_capacity': 'resprouts (2)', 'resprouting_capacity_non_fire_disturbance': 'resprouts_non_fire_disturbance (1)', 'resprouting_capacity_juvenile': 'juvenile_fire_killed (f)'}"
Schoenus apogon,Cyperaceae,Schoenus,native,"{'post_fire_recruitment': 'post_fire_recruitment (V)', 'resprouting_capacity': 'fire_killed (V)', 'resprouting_capacity_non_fire_disturbance': 'resprouts_non_fire_disturbance (f)', 'resprouting_capacity_juvenile': 'juvenile_fire_killed (1)', 'fire_time_from_fire_to_flowering': '12 (1); 8.83720930232558 (1)'}"
Schoenus ericetorum,Cyperaceae,Schoenus,native,"{'post_fire_recruitment': 'post_fire_recruitment (1)', 'resprouting_capacity': 'resprouts (3)', 'resprouting_capacity_non_fire_disturbance': 'resprouts_non_fire_disturbance (1)', 'resprouting_capacity_juvenile': 'juvenile_fire_killed (f)', 'fire_time_from_fire_to_flowering': '8.37209302325581 (1)'}"
Schoenus lepidosperma,,,native,"{'resprouting_capacity': 'resprouts (2)', 'resprouting_capacity_non_fire_disturbance': 'resprouts_non_fire_disturbance (2)'}"
Schoenus melanostachys,Cyperaceae,Schoenus,native,"{'post_fire_recruitment': 'post_fire_recruitment_absent (1)', 'resprouting_capacity': 'resprouts (4)', 'resprouting_capacity_non_fire_disturbance': 'resprouts_non_fire_disturbance (1)', 'resprouting_capacity_juvenile': 'juvenile_fire_killed (f)', 'fire_time_from_fire_to_fruiting': '11.8604651162791 (1)', 'fire_time_from_fire_to_flowering': '12 (1); 12.093023255814 (1); 8.13953488372093 (1)'}"
Schoenus moorei,Cyperaceae,Schoenus,native,"{'resprouting_capacity': 'resprouts (3)', 'resprouting_capacity_non_fire_disturbance': 'resprouts_non_fire_disturbance (f)', 'resprouting_capacity_juvenile': 'juvenile_fire_killed (f)', 'fire_time_from_fire_to_fruiting': '11.8604651162791 (1)', 'fire_time_from_fire_to_flowering': '12 (1); 12.093023255814 (1); 7.44186046511628 (1)'}"
Schoenus nitens,Cyperaceae,Schoenus,native,"{'resprouting_capacity': 'resprouts (2)', 'resprouting_capacity_non_fire_disturbance': 'resprouts_non_fire_disturbance (1)', 'resprouting_capacity_juvenile': 'juvenile_fire_killed (f)'}"
Scleria mackaviensis,Cyperaceae,Scleria,native,"{'resprouting_capacity': 'resprouts (1)', 'resprouting_capacity_non_fire_disturbance': 'resprouts_non_fire_disturbance (1)', 'resprouting_capacity_juvenile': 'juvenile_fire_killed (f)'}"
Scutellaria humilis,Lamiaceae,Scutellaria,native,"{'post_fire_recruitment': 'post_fire_recruitment_absent (1)', 'resprouting_capacity': 'resprouts (2)', 'resprouting_capacity_non_fire_disturbance': 'resprouts_non_fire_disturbance (1)', 'resprouting_capacity_juvenile': 'juvenile_resprout (1)'}"
Selliera radicans,Goodeniaceae,Selliera,native,"{'post_fire_recruitment': 'post_fire_recruitment (1)', 'resprouting_capacity': 'resprouts (1)', 'resprouting_capacity_non_fire_disturbance': 'resprouts_non_fire_disturbance (1)'}"
Senecio angulatus,Asteraceae,Senecio,Exotic,"{'post_fire_recruitment': 'post_fire_recruitment (f)', 'resprouting_capacity': 'fire_killed (f)', 'resprouting_capacity_non_fire_disturbance': 'resprouts_non_fire_disturbance (f)', 'resprouting_capacity_juvenile': 'juvenile_fire_killed (f)', 'fire_time_from_fire_to_flowering': '12 (f)'}"
Senecio bathurstianus,Asteraceae,Senecio,native,"{'post_fire_recruitment': 'post_fire_recruitment (1)', 'resprouting_capacity': 'fire_killed (2)', 'resprouting_capacity_non_fire_disturbance': 'resprouts_non_fire_disturbance (f)', 'resprouting_capacity_juvenile': 'juvenile_fire_killed (f)', 'fire_time_from_fire_to_flowering': '12 (f)'}"
Senecio diaschides,Asteraceae,Senecio,native,"{'post_fire_recruitment': 'post_fire_recruitment (f)', 'resprouting_capacity': 'fire_killed (3)', 'resprouting_capacity_non_fire_disturbance': 'resprouts_non_fire_disturbance (f)', 'resprouting_capacity_juvenile': 'juvenile_fire_killed (f)', 'fire_time_from_fire_to_flowering': '12 (f)'}"
Senecio hispidulus,Asteraceae,Senecio,native,"{'post_fire_recruitment': 'post_fire_recruitment (2)', 'resprouting_capacity': 'fire_killed (V)', 'resprouting_capacity_non_fire_disturbance': 'resprouts_non_fire_disturbance (f)', 'resprouting_capacity_juvenile': 'juvenile_fire_killed (1)', 'fire_time_from_fire_to_fruiting': '10.2325581395349 (1)', 'fire_time_from_fire_to_flowering': '10 (1); 10.2325581395349 (1); 8.83720930232558 (1)'}"
Senecio madagascariensis,Asteraceae,Senecio,Exotic,"{'post_fire_recruitment': 'post_fire_recruitment (f)', 'resprouting_capacity': 'fire_killed (2)', 'resprouting_capacity_non_fire_disturbance': 'resprouts_non_fire_disturbance (f)', 'resprouting_capacity_juvenile': 'juvenile_fire_killed (f)', 'fire_time_from_fire_to_fruiting': '4.65116279069767 (1)', 'fire_time_from_fire_to_flowering': '3.48837209302326 (1); 3.6 (1); 6.04651162790698 (1)'}"
Senecio minimus,Asteraceae,Senecio,native,"{'post_fire_recruitment': 'post_fire_recruitment (2)', 'resprouting_capacity': 'fire_killed (V)', 'resprouting_capacity_non_fire_disturbance': 'resprouts_non_fire_disturbance (f)', 'resprouting_capacity_juvenile': 'juvenile_fire_killed (f)', 'fire_time_from_fire_to_flowering': '10 (1)'}"
Senecio prenanthoides,Asteraceae,Senecio,native,"{'post_fire_recruitment': 'post_fire_recruitment (f)', 'resprouting_capacity': 'fire_killed (2)', 'resprouting_capacity_non_fire_disturbance': 'resprouts_non_fire_disturbance (f)', 'resprouting_capacity_juvenile': 'juvenile_fire_killed (f)', 'fire_time_from_fire_to_flowering': '12 (f)'}"
Senecio pterophorus,Asteraceae,Senecio,Exotic,"{'post_fire_recruitment': 'post_fire_recruitment (2)', 'resprouting_capacity': 'fire_killed (1)', 'resprouting_capacity_non_fire_disturbance': 'resprouts_non_fire_disturbance (f)', 'resprouting_capacity_juvenile': 'juvenile_fire_killed (f)', 'fire_time_from_fire_to_flowering': '35.8139534883721 (1)'}"
Senecio quadridentatus,Asteraceae,Senecio,native,"{'post_fire_recruitment': 'post_fire_recruitment (3)', 'resprouting_capacity': 'fire_killed (5)', 'resprouting_capacity_non_fire_disturbance': 'resprouts_non_fire_disturbance (f)', 'resprouting_capacity_juvenile': 'juvenile_fire_killed (1)', 'fire_time_from_fire_to_flowering': '12 (1)'}"
Senecio tenuiflorus,Asteraceae,Senecio,native,"{'post_fire_recruitment': 'post_fire_recruitment (1)', 'resprouting_capacity': 'fire_killed (3)', 'resprouting_capacity_non_fire_disturbance': 'resprouts_non_fire_disturbance (f)', 'resprouting_capacity_juvenile': 'juvenile_fire_killed (f)', 'fire_time_from_fire_to_flowering': '12 (f)'}"
Senna barronfieldii,Fabaceae,Senna,native,"{'post_fire_recruitment': 'post_fire_recruitment (f)', 'resprouting_capacity': 'fire_killed (2)', 'resprouting_capacity_non_fire_disturbance': 'resprouts_non_fire_disturbance (f)', 'resprouting_capacity_juvenile': 'juvenile_fire_killed (f)'}"
Senna clavigera,Fabaceae,Senna,native,"{'post_fire_recruitment': 'post_fire_recruitment (f)', 'resprouting_capacity': 'fire_killed (f)', 'resprouting_capacity_non_fire_disturbance': 'resprouts_non_fire_disturbance (f)', 'resprouting_capacity_juvenile': 'juvenile_fire_killed (f)'}"
Senna didymobotrya,Fabaceae,Senna,Exotic,"{'post_fire_recruitment': 'post_fire_recruitment_absent (1)', 'resprouting_capacity': 'resprouts (1)', 'resprouting_capacity_non_fire_disturbance': 'resprouts_non_fire_disturbance (f)', 'resprouting_capacity_juvenile': 'juvenile_fire_killed (f)'}"
Senna pendula,Fabaceae,Senna,Exotic,"{'post_fire_recruitment': 'post_fire_recruitment (f)', 'resprouting_capacity': 'resprouts (3)', 'resprouting_capacity_non_fire_disturbance': 'resprouts_non_fire_disturbance (f)', 'resprouting_capacity_juvenile': 'juvenile_fire_killed (f)', 'fire_time_from_fire_to_fruiting': '19.7674418604651 (1)', 'fire_time_from_fire_to_flowering': '14.1860465116279 (1); 24 (1); 24.1860465116279 (1)'}"
Senna septemtrionalis,Fabaceae,Senna,Exotic,"{'post_fire_recruitment': 'post_fire_recruitment (f)', 'resprouting_capacity': 'fire_killed (f)', 'resprouting_capacity_non_fire_disturbance': 'resprouts_non_fire_disturbance (f)', 'resprouting_capacity_juvenile': 'juvenile_fire_killed (f)'}"
Seringia denticulata,Malvaceae,Seringia,native,{'resprouting_capacity': 'resprouts (1)'}
Seringia hillii,Malvaceae,Seringia,native,"{'resprouting_capacity': 'fire_killed (V)', 'fire_time_from_fire_to_fruiting': '60 (1)'}"
Setaria italica,Poaceae,Setaria,Exotic,"{'post_fire_recruitment': 'post_fire_recruitment (f)', 'resprouting_capacity': 'resprouts (f)', 'resprouting_capacity_non_fire_disturbance': 'resprouts_non_fire_disturbance (f)', 'resprouting_capacity_juvenile': 'juvenile_resprout (f)', 'resprouting_capacity_proportion_individuals': '1 (f)', 'fire_time_from_fire_to_flowering': '12 (f)'}"
Setaria palmifolia,Poaceae,Setaria,Exotic,"{'post_fire_recruitment': 'post_fire_recruitment (f)', 'resprouting_capacity': 'resprouts (3)', 'resprouting_capacity_non_fire_disturbance': 'resprouts_non_fire_disturbance (f)', 'resprouting_capacity_juvenile': 'juvenile_resprout (f)', 'resprouting_capacity_proportion_individuals': '1 (f)', 'fire_time_from_fire_to_fruiting': '6.97674418604651 (1)', 'fire_time_from_fire_to_flowering': '12 (1); 3.72093023255814 (1)'}"
Setaria parviflora,Poaceae,Setaria,Exotic,"{'post_fire_recruitment': 'post_fire_recruitment (f)', 'resprouting_capacity': 'resprouts (2)', 'resprouting_capacity_non_fire_disturbance': 'resprouts_non_fire_disturbance (f)', 'resprouting_capacity_juvenile': 'juvenile_resprout (f)', 'resprouting_capacity_proportion_individuals': '1 (f)', 'fire_time_from_fire_to_fruiting': '2.32558139534884 (1)', 'fire_time_from_fire_to_flowering': '12 (1); 2.09302325581395 (1)'}"
Setaria pumila,Poaceae,Setaria,Exotic,"{'post_fire_recruitment': 'post_fire_recruitment (f)', 'resprouting_capacity': 'resprouts (f)', 'resprouting_capacity_non_fire_disturbance': 'resprouts_non_fire_disturbance (f)', 'resprouting_capacity_juvenile': 'juvenile_resprout (f)', 'resprouting_capacity_proportion_individuals': '1 (f)', 'fire_time_from_fire_to_flowering': '12 (f)'}"
Sherardia arvensis,Rubiaceae,Sherardia,Exotic,{'post_fire_recruitment': 'post_fire_recruitment (1)'}
Sida rhombifolia,Malvaceae,Sida,Exotic,"{'post_fire_recruitment': 'post_fire_recruitment (1)', 'resprouting_capacity': 'fire_killed (2); resprouts (2)', 'fire_time_from_fire_to_fruiting': '6.51162790697674 (1)', 'fire_time_from_fire_to_flowering': '3.48837209302326 (1); 6.51162790697674 (1)', 'fire_time_from_fire_to_peak_flowering': '36 (1)'}"
Sida spinosa,Malvaceae,Sida,Exotic,{'resprouting_capacity': 'fire_killed (f)'}
Sigesbeckia orientalis,Asteraceae,Sigesbeckia,native,"{'post_fire_recruitment': 'post_fire_recruitment (2)', 'resprouting_capacity': 'fire_killed (6)', 'resprouting_capacity_non_fire_disturbance': 'resprouts_non_fire_disturbance (f)', 'resprouting_capacity_juvenile': 'juvenile_fire_killed (1)', 'fire_time_from_fire_to_fruiting': '3.72093023255814 (1)', 'fire_time_from_fire_to_flowering': '2.55813953488372 (1); 3.72093023255814 (1)'}"
Silene gallica,Caryophyllaceae,Silene,Exotic,{'resprouting_capacity': 'fire_killed (1)'}
Sisymbrium irio,Brassicaceae,Sisymbrium,Exotic,{'resprouting_capacity': 'fire_killed (3)'}
Sisymbrium officinale,Brassicaceae,Sisymbrium,Exotic,{'resprouting_capacity': 'fire_killed (f)'}
Sisyrinchium micranthum,Iridaceae,Sisyrinchium,Exotic,"{'resprouting_capacity': 'fire_killed (1)', 'fire_time_from_fire_to_fruiting': '9.76744186046512 (1)', 'fire_time_from_fire_to_flowering': '9.76744186046512 (1)'}"
Sisyrinchium rosulatum,Iridaceae,Sisyrinchium,Exotic,"{'resprouting_capacity': 'fire_killed (2)', 'fire_time_from_fire_to_fruiting': '10.2325581395349 (1)', 'fire_time_from_fire_to_flowering': '9.76744186046512 (1)'}"
Smilax australis,Smilacaceae,Smilax,Exotic,"{'post_fire_recruitment': 'post_fire_recruitment_absent (2)', 'resprouting_capacity': 'resprouts (9)', 'resprouting_capacity_non_fire_disturbance': 'resprouts_non_fire_disturbance (2)', 'fire_time_from_fire_to_flowering': '12 (1); 8.13953488372093 (1)'}"
Smilax glyciphylla,Smilacaceae,Smilax,native,"{'post_fire_recruitment': 'post_fire_recruitment_absent (1)', 'resprouting_capacity': 'resprouts (4)', 'resprouting_capacity_non_fire_disturbance': 'resprouts_non_fire_disturbance (1)', 'fire_time_from_fire_to_fruiting': '11.6279069767442 (1)', 'fire_time_from_fire_to_flowering': '10.6976744186047 (1); 12 (1); 12.093023255814 (1)'}"
Solanum americanum,Solanaceae,Solanum,Exotic,"{'resprouting_capacity': 'fire_killed (2)', 'fire_time_from_fire_to_fruiting': '8.6046511627907 (1)', 'fire_time_from_fire_to_flowering': '8.6046511627907 (1)'}"
Solanum aviculare,Solanaceae,Solanum,native,"{'post_fire_recruitment': 'post_fire_recruitment (1); post_fire_recruitment_absent (1)', 'resprouting_capacity': 'fire_killed (4)', 'fire_time_from_fire_to_fruiting': '21.8604651162791 (1)', 'fire_time_from_fire_to_flowering': '11.6279069767442 (1)'}"
Solanum chenopodioides,Solanaceae,Solanum,Exotic,"{'resprouting_capacity': 'resprouts (1)', 'fire_time_from_fire_to_fruiting': '11.6279069767442 (1)', 'fire_time_from_fire_to_flowering': '1.62790697674419 (1)'}"
Solanum linearifolium,Solanaceae,Solanum,native,"{'post_fire_recruitment': 'post_fire_recruitment (2)', 'resprouting_capacity': 'fire_killed (2)', 'resprouting_capacity_juvenile': 'juvenile_fire_killed (1)'}"
Solanum lycopersicum,Solanaceae,Solanum,Exotic,"{'fire_time_from_fire_to_fruiting': '6.74418604651163 (1)', 'fire_time_from_fire_to_flowering': '3.48837209302326 (1)'}"
Solanum mauritianum,Solanaceae,Solanum,Exotic,"{'post_fire_recruitment': 'post_fire_recruitment_absent (1)', 'resprouting_capacity': 'resprouts (V)', 'fire_time_from_fire_to_fruiting': '9.53488372093023 (1)', 'fire_time_from_fire_to_flowering': '12 (1); 12.093023255814 (1); 8.37209302325581 (1)'}"
Solanum nigrum,Solanaceae,Solanum,Exotic,"{'post_fire_recruitment': 'post_fire_recruitment (V)', 'resprouting_capacity': 'fire_killed (8)', 'fire_time_from_fire_to_flowering': '12 (1)'}"
Solanum prinophyllum,Solanaceae,Solanum,native,"{'post_fire_recruitment': 'post_fire_recruitment (1); post_fire_recruitment_absent (1)', 'resprouting_capacity': 'fire_killed (7)', 'resprouting_capacity_juvenile': 'juvenile_fire_killed (1)', 'fire_time_from_fire_to_fruiting': '36 (V)', 'fire_time_from_fire_to_flowering': '8.13953488372093 (1)'}"
Solanum pungetium,Solanaceae,Solanum,native,{'resprouting_capacity': 'fire_killed (2)'}
Solanum stelligerum,Solanaceae,Solanum,native,"{'post_fire_recruitment': 'post_fire_recruitment (1)', 'resprouting_capacity': 'fire_killed (V)', 'resprouting_capacity_non_fire_disturbance': 'resprouts_non_fire_disturbance (1)'}"
Solenogyne bellioides,Asteraceae,Solenogyne,native,"{'post_fire_recruitment': 'post_fire_recruitment (f)', 'resprouting_capacity': 'resprouts (1)', 'resprouting_capacity_non_fire_disturbance': 'resprouts_non_fire_disturbance (1)', 'resprouting_capacity_juvenile': 'juvenile_fire_killed (f)', 'fire_time_from_fire_to_flowering': '12 (f)'}"
Solidago altissima,Asteraceae,Solidago,Exotic,"{'post_fire_recruitment': 'post_fire_recruitment (f)', 'resprouting_capacity': 'fire_killed (f)', 'resprouting_capacity_non_fire_disturbance': 'resprouts_non_fire_disturbance (f)', 'resprouting_capacity_juvenile': 'juvenile_fire_killed (f)', 'fire_time_from_fire_to_flowering': '12 (f)'}"
Soliva sessilis,Asteraceae,Soliva,Exotic,"{'post_fire_recruitment': 'post_fire_recruitment (1)', 'resprouting_capacity': 'fire_killed (f)', 'resprouting_capacity_non_fire_disturbance': 'resprouts_non_fire_disturbance (f)', 'resprouting_capacity_juvenile': 'juvenile_fire_killed (f)', 'fire_time_from_fire_to_fruiting': '10 (1)', 'fire_time_from_fire_to_flowering': '12 (f)'}"
Sonchus asper,Asteraceae,Sonchus,Exotic,"{'post_fire_recruitment': 'post_fire_recruitment (4)', 'resprouting_capacity': 'fire_killed (7)', 'resprouting_capacity_non_fire_disturbance': 'resprouts_non_fire_disturbance (f)', 'resprouting_capacity_juvenile': 'juvenile_fire_killed (3)', 'fire_time_from_fire_to_flowering': '12 (1)'}"
Sonchus oleraceus,Asteraceae,Sonchus,Exotic,"{'post_fire_recruitment': 'post_fire_recruitment (2)', 'resprouting_capacity': 'fire_killed (V)', 'resprouting_capacity_non_fire_disturbance': 'resprouts_non_fire_disturbance (f)', 'resprouting_capacity_juvenile': 'juvenile_fire_killed (2)', 'fire_time_from_fire_to_fruiting': '3.48837209302326 (1)', 'fire_time_from_fire_to_flowering': '3.48837209302326 (2)'}"
Sorghum bicolor,Poaceae,Sorghum,Exotic,"{'post_fire_recruitment': 'post_fire_recruitment (f)', 'resprouting_capacity': 'resprouts (f)', 'resprouting_capacity_non_fire_disturbance': 'resprouts_non_fire_disturbance (f)', 'resprouting_capacity_juvenile': 'juvenile_resprout (f)', 'resprouting_capacity_proportion_individuals': '1 (f)', 'fire_time_from_fire_to_fruiting': '5.34883720930233 (1)', 'fire_time_from_fire_to_flowering': '5.34883720930233 (1)'}"
Sorghum halepense,Poaceae,Sorghum,Exotic,"{'post_fire_recruitment': 'post_fire_recruitment (f)', 'resprouting_capacity': 'resprouts (1)', 'resprouting_capacity_non_fire_disturbance': 'resprouts_non_fire_disturbance (f)', 'resprouting_capacity_juvenile': 'juvenile_resprout (f)', 'resprouting_capacity_proportion_individuals': '1 (f)', 'fire_time_from_fire_to_flowering': '12 (f)'}"
Sorghum leiocladum,Poaceae,Sorghum,native,"{'post_fire_recruitment': 'post_fire_recruitment (f)', 'resprouting_capacity': 'resprouts (V)', 'resprouting_capacity_non_fire_disturbance': 'resprouts_non_fire_disturbance (1)', 'resprouting_capacity_juvenile': 'juvenile_resprout (f)', 'resprouting_capacity_proportion_individuals': '1 (f)', 'fire_time_from_fire_to_flowering': '12 (1)'}"
Sparganium subglobosum,Sparganiaceae,Sparganium,native,"{'resprouting_capacity': 'resprouts (2)', 'resprouting_capacity_non_fire_disturbance': 'resprouts_non_fire_disturbance (2)'}"
Spartium junceum,Fabaceae,Spartium,Exotic,"{'post_fire_recruitment': 'post_fire_recruitment (f)', 'resprouting_capacity': 'fire_killed (f)', 'resprouting_capacity_non_fire_disturbance': 'resprouts_non_fire_disturbance (f)', 'resprouting_capacity_juvenile': 'juvenile_fire_killed (f)'}"
Spergularia diandra,Caryophyllaceae,Spergularia,Exotic,{'resprouting_capacity': 'fire_killed (f)'}
Spergularia levis,Caryophyllaceae,Spergularia,Exotic,{'resprouting_capacity': 'fire_killed (f)'}
Spergularia marina,Caryophyllaceae,Spergularia,native,{'resprouting_capacity': 'fire_killed (4)'}
Spergularia rubra,Caryophyllaceae,Spergularia,Exotic,"{'post_fire_recruitment': 'post_fire_recruitment (1)', 'resprouting_capacity': 'fire_killed (2)'}"
Sphaeromorphaea australis,Asteraceae,Sphaeromorphaea,native,"{'post_fire_recruitment': 'post_fire_recruitment (f)', 'resprouting_capacity': 'fire_killed (1)', 'resprouting_capacity_non_fire_disturbance': 'resprouts_non_fire_disturbance (f)', 'resprouting_capacity_juvenile': 'juvenile_fire_killed (f)', 'fire_time_from_fire_to_flowering': '12 (f)'}"
Sphagneticola trilobata,Asteraceae,Sphagneticola,Exotic,"{'post_fire_recruitment': 'post_fire_recruitment (f)', 'resprouting_capacity': 'fire_killed (f)', 'resprouting_capacity_non_fire_disturbance': 'resprouts_non_fire_disturbance (f)', 'resprouting_capacity_juvenile': 'juvenile_fire_killed (f)', 'fire_time_from_fire_to_flowering': '12 (f)'}"
Spinifex sericeus,Poaceae,Spinifex,native,"{'post_fire_recruitment': 'post_fire_recruitment (f)', 'resprouting_capacity': 'partial_resprouting (V)', 'resprouting_capacity_non_fire_disturbance': 'resprouts_non_fire_disturbance (1)', 'resprouting_capacity_juvenile': 'juvenile_fire_killed (1)', 'resprouting_capacity_proportion_individuals': '0 (V)', 'fire_time_from_fire_to_flowering': '12 (f)'}"
Sporadanthus gracilis,Restionaceae,Sporadanthus,native,{'resprouting_capacity': 'resprouts (2)'}
Sporobolus africanus,Poaceae,Sporobolus,Exotic,"{'post_fire_recruitment': 'post_fire_recruitment (f)', 'resprouting_capacity': 'resprouts (V)', 'resprouting_capacity_non_fire_disturbance': 'resprouts_non_fire_disturbance (f)', 'resprouting_capacity_juvenile': 'juvenile_resprout (f)', 'resprouting_capacity_proportion_individuals': '1 (f)', 'fire_time_from_fire_to_flowering': '4.41860465116279 (1)'}"
Sporobolus creber,Poaceae,Sporobolus,native,"{'post_fire_recruitment': 'post_fire_recruitment (f)', 'resprouting_capacity': 'resprouts (V)', 'resprouting_capacity_non_fire_disturbance': 'resprouts_non_fire_disturbance (f)', 'resprouting_capacity_juvenile': 'juvenile_resprout (f)', 'resprouting_capacity_proportion_individuals': '1 (f)', 'fire_time_from_fire_to_flowering': '12 (1); 3.48837209302326 (1)'}"
Sporobolus elongatus,Poaceae,Sporobolus,native,"{'post_fire_recruitment': 'post_fire_recruitment (f)', 'resprouting_capacity': 'resprouts (f)', 'resprouting_capacity_non_fire_disturbance': 'resprouts_non_fire_disturbance (f)', 'resprouting_capacity_juvenile': 'juvenile_resprout (f)', 'resprouting_capacity_proportion_individuals': '1 (f)', 'fire_time_from_fire_to_flowering': '12 (f)'}"
Sporobolus fertilis,Poaceae,Sporobolus,Exotic,"{'post_fire_recruitment': 'post_fire_recruitment (f)', 'resprouting_capacity': 'resprouts (f)', 'resprouting_capacity_non_fire_disturbance': 'resprouts_non_fire_disturbance (f)', 'resprouting_capacity_juvenile': 'juvenile_resprout (f)', 'resprouting_capacity_proportion_individuals': '1 (f)', 'fire_time_from_fire_to_flowering': '12 (f)'}"
Sporobolus virginicus,Poaceae,Sporobolus,Native,"{'post_fire_recruitment': 'post_fire_recruitment (f)', 'resprouting_capacity': 'partial_resprouting (V)', 'resprouting_capacity_non_fire_disturbance': 'resprouts_non_fire_disturbance (1)', 'resprouting_capacity_juvenile': 'juvenile_resprout (1)', 'resprouting_capacity_proportion_individuals': '1 (3)', 'fire_time_from_fire_to_flowering': '12 (f)'}"
Spyridium parvifolium,Rhamnaceae,Spyridium,native,"{'post_fire_recruitment': 'post_fire_recruitment (2)', 'resprouting_capacity': 'fire_killed (V)', 'resprouting_capacity_juvenile': 'juvenile_fire_killed (1)'}"
Spyridium scortechinii,Rhamnaceae,Spyridium,native,"{'post_fire_recruitment': 'post_fire_recruitment (1)', 'resprouting_capacity': 'fire_killed (V)', 'fire_time_from_fire_to_fruiting': '48 (2)'}"
Stachys arvensis,Lamiaceae,Stachys,Exotic,"{'resprouting_capacity': 'fire_killed (3)', 'fire_time_from_fire_to_fruiting': '5.34883720930233 (1)', 'fire_time_from_fire_to_flowering': '3.72093023255814 (1); 5.34883720930233 (1)'}"
Stackhousia viminea,Celastraceae,Stackhousia,native,"{'resprouting_capacity': 'fire_killed (V)', 'resprouting_capacity_non_fire_disturbance': 'resprouts_non_fire_disturbance (1)', 'fire_time_from_fire_to_fruiting': '9.76744186046512 (1)', 'fire_time_from_fire_to_flowering': '12.093023255814 (1); 8.6046511627907 (1)'}"
Stellaria flaccida,Caryophyllaceae,Stellaria,native,"{'post_fire_recruitment': 'post_fire_recruitment (1)', 'resprouting_capacity': 'fire_killed (2)'}"
Stellaria media,Caryophyllaceae,Stellaria,Exotic,"{'post_fire_recruitment': 'post_fire_recruitment (1)', 'resprouting_capacity': 'fire_killed (3)', 'fire_time_from_fire_to_fruiting': '3.48837209302326 (1)', 'fire_time_from_fire_to_flowering': '3.48837209302326 (1)'}"
Stenanthera pinifolia,Ericaceae,Stenanthera,native,"{'post_fire_recruitment': 'post_fire_recruitment (2)', 'resprouting_capacity': 'fire_killed (V)', 'resprouting_capacity_juvenile': 'juvenile_fire_killed (1)'}"
Stenocarpus sinuatus,Proteaceae,Stenocarpus,native,"{'post_fire_recruitment': 'post_fire_recruitment (f)', 'resprouting_capacity': 'resprouts (f)', 'resprouting_capacity_non_fire_disturbance': 'resprouts_non_fire_disturbance (f)'}"
Stenotaphrum secundatum,Poaceae,Stenotaphrum,Exotic,"{'post_fire_recruitment': 'post_fire_recruitment (f)', 'resprouting_capacity': 'resprouts (1)', 'resprouting_capacity_non_fire_disturbance': 'resprouts_non_fire_disturbance (f)', 'resprouting_capacity_juvenile': 'juvenile_resprout (f)', 'resprouting_capacity_proportion_individuals': '1 (f)', 'fire_time_from_fire_to_flowering': '12 (f)'}"
Stephania japonica,Menispermaceae,Stephania,native,"{'post_fire_recruitment': 'post_fire_recruitment (1)', 'resprouting_capacity': 'resprouts (3)', 'resprouting_capacity_non_fire_disturbance': 'resprouts_non_fire_disturbance (1)'}"
Stylidium graminifolium,Stylidiaceae,Stylidium,native,"{'post_fire_recruitment': 'post_fire_recruitment (2)', 'resprouting_capacity': 'resprouts (V)', 'resprouting_capacity_non_fire_disturbance': 'resprouts_non_fire_disturbance (2)', 'resprouting_capacity_juvenile': 'juvenile_fire_killed (1)', 'fire_time_from_fire_to_fruiting': '11.8604651162791 (1)', 'fire_time_from_fire_to_flowering': '12 (V)'}"
Stylidium laricifolium,Stylidiaceae,Stylidium,native,"{'resprouting_capacity': 'fire_killed (1); resprouts (1)', 'resprouting_capacity_non_fire_disturbance': 'resprouts_non_fire_disturbance (1)'}"
Stylidium lineare,Stylidiaceae,Stylidium,native,"{'post_fire_recruitment': 'post_fire_recruitment (1)', 'resprouting_capacity': 'fire_killed (V)', 'fire_time_from_fire_to_fruiting': '24.1860465116279 (1)', 'fire_time_from_fire_to_flowering': '21.6279069767442 (1); 24 (1); 24.1860465116279 (1); 9.76744186046512 (1)', 'fire_time_from_fire_to_peak_flowering': '36 (1)'}"
Stylidium productum,Stylidiaceae,Stylidium,native,"{'resprouting_capacity': 'resprouts (3)', 'fire_time_from_fire_to_fruiting': '23.4883720930233 (1)', 'fire_time_from_fire_to_flowering': '22.5581395348837 (1); 24 (1); 24.1860465116279 (1); 36 (1); 36.2790697674419 (1)'}"
Stypandra glauca,Hemerocallidaceae,Stypandra,native,"{'resprouting_capacity': 'resprouts (5)', 'resprouting_capacity_non_fire_disturbance': 'resprouts_non_fire_disturbance (1)', 'resprouting_capacity_juvenile': 'juvenile_fire_killed (1)', 'fire_time_from_fire_to_flowering': '18 (1); 54 (1)'}"
Styphelia laeta,Ericaceae,Styphelia,native,"{'post_fire_recruitment': 'post_fire_recruitment (f)', 'resprouting_capacity': 'fire_killed (1)'}"
Styphelia triflora,Ericaceae,Styphelia,native,"{'post_fire_recruitment': 'post_fire_recruitment (V)', 'resprouting_capacity': 'fire_killed (4)', 'fire_time_from_fire_to_fruiting': '34.6511627906977 (1)', 'fire_time_from_fire_to_flowering': '36.2790697674419 (1)'}"
Styphelia viridis,Ericaceae,Styphelia,native,"{'post_fire_recruitment': 'post_fire_recruitment (1)', 'resprouting_capacity': 'fire_killed (2)'}"
Suaeda australis,Chenopodiaceae,Suaeda,native,{'resprouting_capacity': 'fire_killed (1)'}
Swainsona formosa,Fabaceae,Swainsona,native,"{'post_fire_recruitment': 'post_fire_recruitment (f)', 'resprouting_capacity': 'fire_killed (1)', 'resprouting_capacity_non_fire_disturbance': 'resprouts_non_fire_disturbance (f)', 'resprouting_capacity_juvenile': 'juvenile_fire_killed (f)'}"
Swainsona galegifolia,Fabaceae,Swainsona,native,"{'post_fire_recruitment': 'post_fire_recruitment (f)', 'resprouting_capacity': 'resprouts (V)', 'resprouting_capacity_non_fire_disturbance': 'resprouts_non_fire_disturbance (2)', 'resprouting_capacity_juvenile': 'juvenile_fire_killed (f)'}"
Symphyotrichum subulatum,Asteraceae,Symphyotrichum,Exotic,"{'post_fire_recruitment': 'post_fire_recruitment (f)', 'resprouting_capacity': 'fire_killed (1)', 'resprouting_capacity_non_fire_disturbance': 'resprouts_non_fire_disturbance (f)', 'resprouting_capacity_juvenile': 'juvenile_fire_killed (f)', 'fire_time_from_fire_to_fruiting': '14.6511627906977 (1)', 'fire_time_from_fire_to_flowering': '14.1860465116279 (1)'}"
Syncarpia glomulifera,Myrtaceae,Syncarpia,native,"{'post_fire_recruitment': 'post_fire_recruitment (2)', 'resprouting_capacity': 'resprouts (4)', 'resprouting_capacity_non_fire_disturbance': 'resprouts_non_fire_disturbance (f)', 'resprouting_capacity_juvenile': 'juvenile_fire_killed (f)', 'fire_time_from_fire_to_flowering': '60.4651162790698 (1)'}"
Syngonium podophyllum,Araceae,Syngonium,Exotic,{'resprouting_capacity': 'fire_killed (1)'}
Synoum glandulosum,Meliaceae,Synoum,native,"{'post_fire_recruitment': 'post_fire_recruitment_absent (2)', 'resprouting_capacity': 'resprouts (V)'}"
Syzygium australe,Myrtaceae,Syzygium,native,"{'post_fire_recruitment': 'post_fire_recruitment_absent (1)', 'resprouting_capacity': 'resprouts (2)', 'resprouting_capacity_non_fire_disturbance': 'resprouts_non_fire_disturbance (f)', 'resprouting_capacity_juvenile': 'juvenile_fire_killed (f)'}"
Syzygium moorei,Myrtaceae,Syzygium,native,"{'post_fire_recruitment': 'post_fire_recruitment (f)', 'resprouting_capacity': 'resprouts (f)', 'resprouting_capacity_non_fire_disturbance': 'resprouts_non_fire_disturbance (f)', 'resprouting_capacity_juvenile': 'juvenile_fire_killed (f)'}"
Syzygium paniculatum,Myrtaceae,Syzygium,native,"{'post_fire_recruitment': 'post_fire_recruitment (f)', 'resprouting_capacity': 'partial_resprouting (1)', 'resprouting_capacity_non_fire_disturbance': 'resprouts_non_fire_disturbance (f)', 'resprouting_capacity_juvenile': 'juvenile_fire_killed (f)', 'fire_time_from_fire_to_flowering': '24 (1)'}"
Syzygium smithii,Myrtaceae,Syzygium,native,"{'post_fire_recruitment': 'post_fire_recruitment_absent (2)', 'resprouting_capacity': 'resprouts (7)', 'resprouting_capacity_non_fire_disturbance': 'resprouts_non_fire_disturbance (f)', 'resprouting_capacity_juvenile': 'juvenile_fire_killed (f)', 'fire_time_from_fire_to_flowering': '12 (1); 60 (1)'}"
Tagetes minuta,Asteraceae,Tagetes,Exotic,"{'post_fire_recruitment': 'post_fire_recruitment (f)', 'resprouting_capacity': 'fire_killed (2)', 'resprouting_capacity_non_fire_disturbance': 'resprouts_non_fire_disturbance (f)', 'resprouting_capacity_juvenile': 'juvenile_fire_killed (f)', 'fire_time_from_fire_to_fruiting': '4.65116279069767 (1)', 'fire_time_from_fire_to_flowering': '4.65116279069767 (2)'}"
Telopea speciosissima,Proteaceae,Telopea,native,"{'post_fire_recruitment': 'post_fire_recruitment (1)', 'resprouting_capacity': 'resprouts (3)', 'resprouting_capacity_non_fire_disturbance': 'resprouts_non_fire_disturbance (f)', 'fire_time_from_fire_to_fruiting': '24.1860465116279 (1); 25.2 (1); 36.2790697674419 (1)', 'fire_time_from_fire_to_flowering': '24.1860465116279 (V)'}"
Tephrosia grandiflora,Fabaceae,Tephrosia,Exotic,"{'post_fire_recruitment': 'post_fire_recruitment (f)', 'resprouting_capacity': 'fire_killed (f)', 'resprouting_capacity_non_fire_disturbance': 'resprouts_non_fire_disturbance (f)', 'resprouting_capacity_juvenile': 'juvenile_fire_killed (f)'}"
Tetragonia tetragonoides,Aizoaceae,Tetragonia,native,"{'post_fire_recruitment': 'post_fire_recruitment_absent (1)', 'resprouting_capacity': 'fire_killed (4)', 'fire_time_from_fire_to_fruiting': '9.06976744186047 (1)', 'fire_time_from_fire_to_flowering': '9.06976744186047 (1)'}"
Tetraria capillaris,Cyperaceae,Tetraria,native,"{'resprouting_capacity': 'resprouts (6)', 'resprouting_capacity_non_fire_disturbance': 'resprouts_non_fire_disturbance (1)', 'resprouting_capacity_juvenile': 'juvenile_fire_killed (1)', 'fire_time_from_fire_to_flowering': '11.6279069767442 (1); 12 (1)'}"
Tetratheca juncea,Elaeocarpaceae,Tetratheca,native,{'resprouting_capacity': 'resprouts (1)'}
Thelionema caespitosum,Hemerocallidaceae,Thelionema,native,"{'resprouting_capacity': 'resprouts (6)', 'resprouting_capacity_non_fire_disturbance': 'resprouts_non_fire_disturbance (3)', 'resprouting_capacity_juvenile': 'juvenile_fire_killed (1)', 'fire_time_from_fire_to_fruiting': '23.2558139534884 (1)', 'fire_time_from_fire_to_flowering': '21.1627906976744 (1); 24 (1)'}"
Thelymitra carnea,Orchidaceae,Thelymitra,native,"{'post_fire_recruitment': 'post_fire_recruitment_absent (f)', 'post_fire_flowering': 'fire_enhanced_flowering (f)', 'resprouting_capacity': 'resprouts (3)', 'resprouting_capacity_non_fire_disturbance': 'resprouts_non_fire_disturbance (1)', 'resprouting_capacity_juvenile': 'juvenile_resprout (1)', 'fire_time_from_fire_to_flowering': '12 (f)'}"
Thelymitra ixioides,Orchidaceae,Thelymitra,native,"{'post_fire_recruitment': 'post_fire_recruitment_absent (f)', 'post_fire_flowering': 'fire_enhanced_flowering (f)', 'resprouting_capacity': 'resprouts (5)', 'resprouting_capacity_non_fire_disturbance': 'resprouts_non_fire_disturbance (2)', 'resprouting_capacity_juvenile': 'juvenile_resprout (1)', 'fire_time_from_fire_to_fruiting': '10 (1)', 'fire_time_from_fire_to_flowering': '7.2093023255814 (1)'}"
Thelymitra pauciflora,Orchidaceae,Thelymitra,native,"{'post_fire_recruitment': 'post_fire_recruitment_absent (1)', 'post_fire_flowering': 'fire_enhanced_flowering (f)', 'resprouting_capacity': 'resprouts (8)', 'resprouting_capacity_non_fire_disturbance': 'resprouts_non_fire_disturbance (2)', 'resprouting_capacity_juvenile': 'juvenile_resprout (1)', 'fire_time_from_fire_to_fruiting': '9.76744186046512 (1)', 'fire_time_from_fire_to_flowering': '12 (V)'}"
Thelymitra peniculata,Orchidaceae,Thelymitra,native,"{'post_fire_recruitment': 'post_fire_recruitment_absent (f)', 'post_fire_flowering': 'fire_enhanced_flowering (f)', 'resprouting_capacity': 'resprouts (1)', 'resprouting_capacity_non_fire_disturbance': 'resprouts_non_fire_disturbance (1)', 'resprouting_capacity_juvenile': 'juvenile_resprout (f)', 'fire_time_from_fire_to_flowering': '12 (f)'}"
Themeda triandra,Poaceae,Themeda,native,"{'post_fire_recruitment': 'post_fire_recruitment (V)', 'resprouting_capacity': 'partial_resprouting (V)', 'resprouting_capacity_non_fire_disturbance': 'resprouts_non_fire_disturbance (f)', 'resprouting_capacity_juvenile': 'juvenile_resprout (1)', 'resprouting_capacity_proportion_individuals': '1 (3)', 'fire_time_from_fire_to_fruiting': '11.3953488372093 (1)', 'fire_time_from_fire_to_flowering': '12 (V)'}"
Thunbergia alata,Acanthaceae,Thunbergia,Exotic,"{'resprouting_capacity': 'resprouts (1)', 'fire_time_from_fire_to_flowering': '6.04651162790698 (1)'}"
Thysanotus juncifolius,Asparagaceae,Thysanotus,native,"{'post_fire_recruitment': 'post_fire_recruitment (1)', 'resprouting_capacity': 'resprouts (V)', 'resprouting_capacity_non_fire_disturbance': 'resprouts_non_fire_disturbance (1)', 'resprouting_capacity_juvenile': 'juvenile_resprout (1)', 'fire_time_from_fire_to_fruiting': '14.8837209302326 (1)', 'fire_time_from_fire_to_flowering': '12 (1); 2.4 (1); 3.95348837209302 (1)'}"
Thysanotus tuberosus,Asparagaceae,Thysanotus,native,"{'post_fire_recruitment': 'post_fire_recruitment_absent (1)', 'resprouting_capacity': 'resprouts (3)', 'resprouting_capacity_non_fire_disturbance': 'resprouts_non_fire_disturbance (1)', 'fire_time_from_fire_to_flowering': '10.6976744186047 (1); 12 (1)'}"
Toona ciliata,Meliaceae,Toona,native,"{'post_fire_recruitment': 'post_fire_recruitment_absent (1)', 'resprouting_capacity': 'resprouts (2)'}"
Toxicodendron succedaneum,Anacardiaceae,Toxicodendron,Exotic,{'resprouting_capacity': 'resprouts (1)'}
Trachymene incisa,Araliaceae,Trachymene,native,"{'post_fire_recruitment': 'post_fire_recruitment (1)', 'resprouting_capacity': 'resprouts (V)', 'resprouting_capacity_non_fire_disturbance': 'resprouts_non_fire_disturbance (1)', 'fire_time_from_fire_to_fruiting': '8.13953488372093 (1)', 'fire_time_from_fire_to_flowering': '8.13953488372093 (V)'}"
Tradescantia fluminensis,Commelinaceae,Tradescantia,Exotic,"{'resprouting_capacity': 'resprouts (2)', 'fire_time_from_fire_to_flowering': '10 (1)', 'fire_time_from_fire_to_peak_flowering': '36 (1)'}"
Tragopogon porrifolius,Asteraceae,Tragopogon,Exotic,"{'post_fire_recruitment': 'post_fire_recruitment_absent (1)', 'resprouting_capacity': 'fire_killed (f)', 'resprouting_capacity_non_fire_disturbance': 'resprouts_non_fire_disturbance (f)', 'resprouting_capacity_juvenile': 'juvenile_fire_killed (f)', 'fire_time_from_fire_to_flowering': '12 (f)'}"
Trema tomentosa,Cannabaceae,Trema,native,"{'post_fire_recruitment': 'post_fire_recruitment (2)', 'resprouting_capacity': 'fire_killed (5)'}"
Tricoryne elatior,Hemerocallidaceae,Tricoryne,,"{'post_fire_recruitment': 'post_fire_recruitment_absent (V)', 'resprouting_capacity': 'resprouts (V)', 'resprouting_capacity_non_fire_disturbance': 'resprouts_non_fire_disturbance (1)', 'resprouting_capacity_juvenile': 'juvenile_resprout (1)', 'fire_time_from_fire_to_flowering': '12 (1); 24 (1); 6 (1)'}"
Tricoryne simplex,Hemerocallidaceae,Tricoryne,native,"{'resprouting_capacity': 'resprouts (2)', 'fire_time_from_fire_to_fruiting': '9.53488372093023 (1)', 'fire_time_from_fire_to_flowering': '12 (1); 12.093023255814 (1); 3.72093023255814 (1)'}"
Trifolium arvense,Fabaceae,Trifolium,Exotic,"{'post_fire_recruitment': 'post_fire_recruitment (1)', 'resprouting_capacity': 'fire_killed (2)', 'resprouting_capacity_non_fire_disturbance': 'resprouts_non_fire_disturbance (f)', 'resprouting_capacity_juvenile': 'juvenile_fire_killed (f)'}"
Trifolium campestre,Fabaceae,Trifolium,Exotic,"{'post_fire_recruitment': 'post_fire_recruitment (1)', 'resprouting_capacity': 'fire_killed (3)', 'resprouting_capacity_non_fire_disturbance': 'resprouts_non_fire_disturbance (f)', 'resprouting_capacity_juvenile': 'juvenile_fire_killed (f)', 'fire_time_from_fire_to_fruiting': '10 (1)', 'fire_time_from_fire_to_flowering': '9.53488372093023 (1)'}"
Trifolium dubium,Fabaceae,Trifolium,Exotic,"{'post_fire_recruitment': 'post_fire_recruitment (1)', 'resprouting_capacity': 'fire_killed (3)', 'resprouting_capacity_non_fire_disturbance': 'resprouts_non_fire_disturbance (f)', 'resprouting_capacity_juvenile': 'juvenile_fire_killed (f)', 'fire_time_from_fire_to_fruiting': '10 (1)', 'fire_time_from_fire_to_flowering': '10 (1)'}"
Trifolium glomeratum,Fabaceae,Trifolium,Exotic,"{'post_fire_recruitment': 'post_fire_recruitment (1)', 'resprouting_capacity': 'fire_killed (2)', 'resprouting_capacity_non_fire_disturbance': 'resprouts_non_fire_disturbance (f)', 'resprouting_capacity_juvenile': 'juvenile_fire_killed (f)', 'fire_time_from_fire_to_flowering': '8.37209302325581 (1)'}"
Trifolium pratense,Fabaceae,Trifolium,Exotic,"{'post_fire_recruitment': 'post_fire_recruitment (f)', 'resprouting_capacity': 'fire_killed (1)', 'resprouting_capacity_non_fire_disturbance': 'resprouts_non_fire_disturbance (f)', 'resprouting_capacity_juvenile': 'juvenile_fire_killed (f)'}"
Trifolium repens,Fabaceae,Trifolium,Exotic,"{'post_fire_recruitment': 'post_fire_recruitment (1)', 'resprouting_capacity': 'fire_killed (3)', 'resprouting_capacity_non_fire_disturbance': 'resprouts_non_fire_disturbance (f)', 'resprouting_capacity_juvenile': 'juvenile_fire_killed (f)', 'fire_time_from_fire_to_flowering': '8.37209302325581 (1)'}"
Trifolium subterraneum,Fabaceae,Trifolium,Exotic,"{'post_fire_recruitment': 'post_fire_recruitment (1)', 'resprouting_capacity': 'fire_killed (1)', 'resprouting_capacity_non_fire_disturbance': 'resprouts_non_fire_disturbance (f)', 'resprouting_capacity_juvenile': 'juvenile_fire_killed (f)', 'fire_time_from_fire_to_flowering': '18 (1)'}"
Triglochin striata,Juncaginaceae,Triglochin,native,"{'resprouting_capacity': 'resprouts (4)', 'resprouting_capacity_non_fire_disturbance': 'resprouts_non_fire_disturbance (4)'}"
Tristaniopsis laurina,Myrtaceae,Tristaniopsis,native,"{'post_fire_recruitment': 'post_fire_recruitment_absent (2)', 'resprouting_capacity': 'resprouts (4)', 'resprouting_capacity_non_fire_disturbance': 'resprouts_non_fire_disturbance (f)', 'resprouting_capacity_juvenile': 'juvenile_fire_killed (f)', 'fire_time_from_fire_to_fruiting': '28.8372093023256 (1)', 'fire_time_from_fire_to_flowering': '24.1860465116279 (1); 30 (1); 36.2790697674419 (1)'}"
Triticum aestivum,Poaceae,Triticum,native,"{'post_fire_recruitment': 'post_fire_recruitment (f)', 'resprouting_capacity': 'resprouts (f)', 'resprouting_capacity_non_fire_disturbance': 'resprouts_non_fire_disturbance (f)', 'resprouting_capacity_juvenile': 'juvenile_resprout (f)', 'resprouting_capacity_proportion_individuals': '1 (f)', 'fire_time_from_fire_to_flowering': '12 (f)'}"
Tritonia gladiolaris,Iridaceae,Tritonia,Exotic,{'resprouting_capacity': 'resprouts (f)'}
Tropaeolum majus,Tropaeolaceae,Tropaeolum,Exotic,"{'fire_time_from_fire_to_fruiting': '6.04651162790698 (1)', 'fire_time_from_fire_to_flowering': '6.04651162790698 (1)'}"
Typha orientalis,Typhaceae,Typha,native,"{'resprouting_capacity': 'resprouts (3)', 'resprouting_capacity_non_fire_disturbance': 'resprouts_non_fire_disturbance (1)', 'fire_time_from_fire_to_fruiting': '19.7674418604651 (1)'}"
Ulex europaeus,Fabaceae,Ulex,Exotic,"{'post_fire_recruitment': 'post_fire_recruitment (1)', 'resprouting_capacity': 'fire_killed (1)', 'resprouting_capacity_non_fire_disturbance': 'resprouts_non_fire_disturbance (f)', 'resprouting_capacity_juvenile': 'juvenile_fire_killed (f)'}"
Urena lobata,Malvaceae,Urena,Exotic,{'resprouting_capacity': 'fire_killed (1); partial_resprouting (1); resprouts (1)'}
Urochloa panicoides,Poaceae,Urochloa,Exotic,"{'post_fire_recruitment': 'post_fire_recruitment (f)', 'resprouting_capacity': 'resprouts (f)', 'resprouting_capacity_non_fire_disturbance': 'resprouts_non_fire_disturbance (f)', 'resprouting_capacity_juvenile': 'juvenile_resprout (f)', 'resprouting_capacity_proportion_individuals': '1 (f)', 'fire_time_from_fire_to_flowering': '12 (f)'}"
Urospermum picroides,Asteraceae,Urospermum,Exotic,"{'post_fire_recruitment': 'post_fire_recruitment (f)', 'resprouting_capacity': 'fire_killed (f)', 'resprouting_capacity_non_fire_disturbance': 'resprouts_non_fire_disturbance (f)', 'resprouting_capacity_juvenile': 'juvenile_fire_killed (f)', 'fire_time_from_fire_to_flowering': '12 (f)'}"
Urtica incisa,Urticaceae,Urtica,native,"{'post_fire_recruitment': 'post_fire_recruitment (1)', 'resprouting_capacity': 'fire_killed (1); resprouts (1)', 'resprouting_capacity_non_fire_disturbance': 'resprouts_non_fire_disturbance (1)', 'fire_time_from_fire_to_flowering': '8.83720930232558 (1)'}"
Urtica urens,Urticaceae,Urtica,Exotic,{'resprouting_capacity': 'fire_killed (3)'}
Utricularia australis,Lentibulariaceae,Utricularia,native,"{'resprouting_capacity': 'fire_killed (1)', 'resprouting_capacity_non_fire_disturbance': 'resprouts_non_fire_disturbance (1)'}"
Utricularia dichotoma,Lentibulariaceae,Utricularia,native,"{'post_fire_recruitment': 'post_fire_recruitment (1)', 'resprouting_capacity': 'resprouts (6)', 'resprouting_capacity_non_fire_disturbance': 'resprouts_non_fire_disturbance (3)', 'resprouting_capacity_juvenile': 'juvenile_fire_killed (1)', 'fire_time_from_fire_to_flowering': '12 (1); 7.44186046511628 (1)'}"
Utricularia lateriflora,Lentibulariaceae,Utricularia,native,"{'resprouting_capacity': 'resprouts (4)', 'resprouting_capacity_non_fire_disturbance': 'resprouts_non_fire_disturbance (1)', 'resprouting_capacity_juvenile': 'juvenile_fire_killed (1)', 'fire_time_from_fire_to_flowering': '7.44186046511628 (1); 8.4 (1)'}"
Verbascum virgatum,Scrophulariaceae,Verbascum,Exotic,"{'post_fire_recruitment': 'post_fire_recruitment (1)', 'resprouting_capacity': 'resprouts (V)', 'resprouting_capacity_juvenile': 'juvenile_fire_killed (1)', 'fire_time_from_fire_to_fruiting': '11.8604651162791 (1)', 'fire_time_from_fire_to_flowering': '20 (1)'}"
Verbena bonariensis,Verbenaceae,Verbena,Exotic,"{'post_fire_recruitment': 'post_fire_recruitment (1)', 'resprouting_capacity': 'resprouts (2)', 'fire_time_from_fire_to_fruiting': '13.0232558139535 (1)', 'fire_time_from_fire_to_flowering': '8.6046511627907 (1)'}"
Verbena litoralis,Verbenaceae,Verbena,Exotic,"{'resprouting_capacity': 'resprouts (1)', 'fire_time_from_fire_to_fruiting': '2.32558139534884 (1)', 'fire_time_from_fire_to_flowering': '1.62790697674419 (1)'}"
Verbena officinalis,Verbenaceae,Verbena,Exotic,{'resprouting_capacity': 'fire_killed (1)'}
Verbena rigida,Verbenaceae,Verbena,Exotic,"{'fire_time_from_fire_to_fruiting': '5.34883720930233 (1)', 'fire_time_from_fire_to_flowering': '2.7906976744186 (1)'}"
Veronica arvensis,Plantaginaceae,Veronica,Exotic,"{'post_fire_recruitment': 'post_fire_recruitment (1)', 'resprouting_capacity': 'fire_killed (2)'}"
Veronica persica,Plantaginaceae,Veronica,Exotic,"{'resprouting_capacity': 'fire_killed (1)', 'fire_time_from_fire_to_fruiting': '8.83720930232558 (1)', 'fire_time_from_fire_to_flowering': '8.83720930232558 (1)'}"
Veronica plebeia,Plantaginaceae,Veronica,native,"{'resprouting_capacity': 'resprouts (3)', 'resprouting_capacity_non_fire_disturbance': 'resprouts_non_fire_disturbance (1)', 'resprouting_capacity_juvenile': 'juvenile_fire_killed (1)', 'fire_time_from_fire_to_fruiting': '10.2325581395349 (1)', 'fire_time_from_fire_to_flowering': '9.06976744186047 (1)'}"
Vicia hirsuta,Fabaceae,Vicia,Exotic,"{'post_fire_recruitment': 'post_fire_recruitment (1)', 'resprouting_capacity': 'fire_killed (2)', 'resprouting_capacity_non_fire_disturbance': 'resprouts_non_fire_disturbance (f)', 'resprouting_capacity_juvenile': 'juvenile_fire_killed (f)', 'fire_time_from_fire_to_fruiting': '8.83720930232558 (1)', 'fire_time_from_fire_to_flowering': '12 (1)'}"
Vicia sativa,Fabaceae,Vicia,Exotic,"{'post_fire_recruitment': 'post_fire_recruitment (1)', 'resprouting_capacity': 'fire_killed (2)', 'resprouting_capacity_non_fire_disturbance': 'resprouts_non_fire_disturbance (f)', 'resprouting_capacity_juvenile': 'juvenile_fire_killed (f)', 'fire_time_from_fire_to_fruiting': '8.6046511627907 (1)', 'fire_time_from_fire_to_flowering': '8.6046511627907 (1)'}"
Vicia tetrasperma,Fabaceae,Vicia,Exotic,"{'post_fire_recruitment': 'post_fire_recruitment (f)', 'resprouting_capacity': 'fire_killed (2)', 'resprouting_capacity_non_fire_disturbance': 'resprouts_non_fire_disturbance (f)', 'resprouting_capacity_juvenile': 'juvenile_fire_killed (f)', 'fire_time_from_fire_to_fruiting': '8.37209302325581 (1)', 'fire_time_from_fire_to_flowering': '7.67441860465116 (1)'}"
Viminaria juncea,Fabaceae,Viminaria,native,"{'post_fire_recruitment': 'post_fire_recruitment (1)', 'resprouting_capacity': 'fire_killed (8)', 'resprouting_capacity_non_fire_disturbance': 'resprouts_non_fire_disturbance (f)', 'resprouting_capacity_juvenile': 'juvenile_fire_killed (1)', 'fire_time_from_fire_to_fruiting': '23.2558139534884 (1)', 'fire_time_from_fire_to_flowering': '21.1627906976744 (1); 24.1860465116279 (1)', 'fire_time_from_fire_to_peak_flowering': '24 (1); 60 (1)'}"
Vinca major,Apocynaceae,Vinca,Exotic,"{'resprouting_capacity': 'resprouts (1)', 'fire_time_from_fire_to_flowering': '8.37209302325581 (1)'}"
Vincetoxicum barbatum,Apocynaceae,Vincetoxicum,native,"{'post_fire_recruitment': 'post_fire_recruitment_absent (2)', 'resprouting_capacity': 'resprouts (3)', 'fire_time_from_fire_to_flowering': '10 (1)'}"
Vincetoxicum woollsii,Apocynaceae,Vincetoxicum,native,"{'post_fire_recruitment': 'post_fire_recruitment (1)', 'resprouting_capacity': 'fire_killed (1)'}"
Viola betonicifolia,Violaceae,Viola,native,"{'post_fire_recruitment': 'post_fire_recruitment (1)', 'resprouting_capacity': 'resprouts (V)', 'resprouting_capacity_non_fire_disturbance': 'resprouts_non_fire_disturbance (1)', 'resprouting_capacity_juvenile': 'juvenile_fire_killed (1)'}"
Viola hederacea,Violaceae,Viola,native,"{'post_fire_recruitment': 'post_fire_recruitment (1)', 'resprouting_capacity': 'resprouts (V)', 'resprouting_capacity_non_fire_disturbance': 'resprouts_non_fire_disturbance (10)', 'resprouting_capacity_juvenile': 'juvenile_resprout (1)', 'fire_time_from_fire_to_fruiting': '8.83720930232558 (1)', 'fire_time_from_fire_to_flowering': '12 (1); 2.32558139534884 (1)'}"
Viola odorata,Violaceae,Viola,Exotic,{'resprouting_capacity': 'resprouts (1)'}
Vittadinia cuneata,Asteraceae,Vittadinia,native,"{'post_fire_recruitment': 'post_fire_recruitment (1)', 'resprouting_capacity': 'fire_killed (V)', 'resprouting_capacity_non_fire_disturbance': 'resprouts_non_fire_disturbance (f)', 'resprouting_capacity_juvenile': 'juvenile_fire_killed (1)', 'fire_time_from_fire_to_flowering': '12 (1)'}"
Vittadinia gracilis,Asteraceae,Vittadinia,native,"{'post_fire_recruitment': 'post_fire_recruitment (1)', 'resprouting_capacity': 'resprouts (1)', 'resprouting_capacity_non_fire_disturbance': 'resprouts_non_fire_disturbance (f)', 'resprouting_capacity_juvenile': 'juvenile_resprout (1)', 'fire_time_from_fire_to_flowering': '12 (f)'}"
Vittadinia pustulata,Asteraceae,Vittadinia,native,"{'post_fire_recruitment': 'post_fire_recruitment (f)', 'resprouting_capacity': 'fire_killed (1)', 'resprouting_capacity_non_fire_disturbance': 'resprouts_non_fire_disturbance (f)', 'resprouting_capacity_juvenile': 'juvenile_fire_killed (f)', 'fire_time_from_fire_to_flowering': '12 (f)'}"
Vittadinia sulcata,Asteraceae,Vittadinia,native,"{'post_fire_recruitment': 'post_fire_recruitment (f)', 'resprouting_capacity': 'fire_killed (1)', 'resprouting_capacity_non_fire_disturbance': 'resprouts_non_fire_disturbance (f)', 'resprouting_capacity_juvenile': 'juvenile_fire_killed (f)', 'fire_time_from_fire_to_flowering': '12 (f)'}"
Vulpia bromoides,Poaceae,Vulpia,Exotic,"{'post_fire_recruitment': 'post_fire_recruitment (2)', 'resprouting_capacity': 'fire_killed (6)', 'resprouting_capacity_non_fire_disturbance': 'resprouts_non_fire_disturbance (f)', 'resprouting_capacity_juvenile': 'juvenile_fire_killed (1)', 'resprouting_capacity_proportion_individuals': '1 (f)', 'fire_time_from_fire_to_flowering': '10 (1); 12 (1)'}"
Vulpia muralis,Poaceae,Vulpia,Exotic,"{'post_fire_recruitment': 'post_fire_recruitment (f)', 'resprouting_capacity': 'resprouts (f)', 'resprouting_capacity_non_fire_disturbance': 'resprouts_non_fire_disturbance (f)', 'resprouting_capacity_juvenile': 'juvenile_resprout (f)', 'resprouting_capacity_proportion_individuals': '1 (f)', 'fire_time_from_fire_to_flowering': '12 (f)'}"
Vulpia myuros,Poaceae,Vulpia,Exotic,"{'post_fire_recruitment': 'post_fire_recruitment (f)', 'resprouting_capacity': 'fire_killed (3)', 'resprouting_capacity_non_fire_disturbance': 'resprouts_non_fire_disturbance (f)', 'resprouting_capacity_juvenile': 'juvenile_resprout (f)', 'resprouting_capacity_proportion_individuals': '1 (f)', 'fire_time_from_fire_to_flowering': '12 (f)'}"
Wahlenbergia capillaris,Campanulaceae,Wahlenbergia,native,"{'resprouting_capacity': 'resprouts (V)', 'resprouting_capacity_non_fire_disturbance': 'resprouts_non_fire_disturbance (2)', 'resprouting_capacity_juvenile': 'juvenile_fire_killed (1)', 'fire_time_from_fire_to_fruiting': '10 (1)', 'fire_time_from_fire_to_flowering': '6 (1); 8.83720930232558 (1)'}"
Wahlenbergia ceracea,Campanulaceae,Wahlenbergia,native,"{'post_fire_recruitment': 'post_fire_recruitment (1)', 'resprouting_capacity': 'resprouts (V)', 'resprouting_capacity_non_fire_disturbance': 'resprouts_non_fire_disturbance (1)'}"
Wahlenbergia gracilis,Campanulaceae,Wahlenbergia,native,"{'post_fire_recruitment': 'post_fire_recruitment (1)', 'resprouting_capacity': 'fire_killed (2); resprouts (2)', 'resprouting_capacity_non_fire_disturbance': 'resprouts_non_fire_disturbance (1)', 'fire_time_from_fire_to_fruiting': '5.34883720930233 (1)', 'fire_time_from_fire_to_flowering': '3.48837209302326 (1); 6 (1)'}"
Wahlenbergia littoricola,Campanulaceae,Wahlenbergia,native,"{'resprouting_capacity': 'fire_killed (1); resprouts (1)', 'resprouting_capacity_non_fire_disturbance': 'resprouts_non_fire_disturbance (1)', 'fire_time_from_fire_to_flowering': '24 (1)'}"
Wahlenbergia multicaulis,Campanulaceae,Wahlenbergia,native,"{'post_fire_recruitment': 'post_fire_recruitment (1)', 'resprouting_capacity': 'resprouts (V)', 'resprouting_capacity_non_fire_disturbance': 'resprouts_non_fire_disturbance (1)', 'resprouting_capacity_juvenile': 'juvenile_resprout (1)', 'fire_time_from_fire_to_flowering': '32 (1)'}"
Wahlenbergia stricta,Campanulaceae,Wahlenbergia,native,"{'post_fire_recruitment': 'post_fire_recruitment (1)', 'resprouting_capacity': 'resprouts (1)', 'resprouting_capacity_juvenile': 'juvenile_fire_killed (1)'}"
Washingtonia filifera,Arecaceae,Washingtonia,Exotic,"{'post_fire_flowering': 'fire_enhanced_flowering (1)', 'resprouting_capacity': 'fire_killed (1)'}"
Watsonia meriana,Iridaceae,Watsonia,Exotic,"{'post_fire_flowering': 'fire_enhanced_flowering (1)', 'resprouting_capacity': 'resprouts (3)', 'fire_time_from_fire_to_fruiting': '11.6279069767442 (1)', 'fire_time_from_fire_to_flowering': '8.83720930232558 (1)'}"
Westringia eremicola,Lamiaceae,Westringia,native,"{'post_fire_recruitment': 'post_fire_recruitment (1)', 'resprouting_capacity': 'fire_killed (V)'}"
Westringia fruticosa,Lamiaceae,Westringia,native,{'resprouting_capacity': 'resprouts (2)'}
Westringia longifolia,Lamiaceae,Westringia,native,{'resprouting_capacity': 'fire_killed (1)'}
Wilsonia backhousei,Convolvulaceae,Wilsonia,native,"{'resprouting_capacity': 'resprouts (2)', 'resprouting_capacity_non_fire_disturbance': 'resprouts_non_fire_disturbance (1)'}"
Wisteria sinensis,Fabaceae,Wisteria,Exotic,"{'post_fire_recruitment': 'post_fire_recruitment (f)', 'resprouting_capacity': 'resprouts (1)', 'resprouting_capacity_non_fire_disturbance': 'resprouts_non_fire_disturbance (f)', 'resprouting_capacity_juvenile': 'juvenile_fire_killed (f)'}"
Woollsia pungens,Ericaceae,Woollsia,native,"{'post_fire_recruitment': 'post_fire_recruitment (2)', 'resprouting_capacity': 'fire_killed (V)', 'fire_time_from_fire_to_flowering': '27.906976744186 (1)'}"
Wurmbea dioica,,,native,"{'post_fire_recruitment': 'post_fire_recruitment (1)', 'resprouting_capacity': 'resprouts (4)', 'resprouting_capacity_non_fire_disturbance': 'resprouts_non_fire_disturbance (2)', 'resprouting_capacity_juvenile': 'juvenile_resprout (1)'}"
Xanthium occidentale,Asteraceae,Xanthium,Exotic,"{'post_fire_recruitment': 'post_fire_recruitment (f)', 'resprouting_capacity': 'fire_killed (1)', 'resprouting_capacity_non_fire_disturbance': 'resprouts_non_fire_disturbance (f)', 'resprouting_capacity_juvenile': 'juvenile_fire_killed (f)', 'fire_time_from_fire_to_flowering': '12 (f)'}"
Xanthorrhoea arborea,Xanthorrhoeaceae,Xanthorrhoea,native,"{'post_fire_recruitment': 'post_fire_recruitment_absent (1)', 'resprouting_capacity': 'resprouts (4)', 'fire_time_from_fire_to_fruiting': '23.2558139534884 (1)', 'fire_time_from_fire_to_flowering': '11.8604651162791 (1); 24 (1); 24.1860465116279 (1); 8.13953488372093 (1)', 'fire_time_from_fire_to_peak_flowering': '12 (1)'}"
Xanthorrhoea concava,Xanthorrhoeaceae,Xanthorrhoea,native,"{'resprouting_capacity': 'resprouts (3)', 'resprouting_capacity_non_fire_disturbance': 'resprouts_non_fire_disturbance (1)'}"
Xanthorrhoea media,Xanthorrhoeaceae,Xanthorrhoea,native,"{'post_fire_recruitment': 'post_fire_recruitment_absent (1)', 'resprouting_capacity': 'resprouts (5)', 'fire_time_from_fire_to_fruiting': '13.0232558139535 (1)', 'fire_time_from_fire_to_flowering': '13.0232558139535 (1); 14.6511627906977 (1); 15 (1); 2.4 (1); 3.95348837209302 (1); 9.06976744186047 (1)', 'fire_time_from_fire_to_peak_flowering': '12 (1)'}"
Xanthorrhoea minor,Xanthorrhoeaceae,Xanthorrhoea,native,"{'resprouting_capacity': 'resprouts (1)', 'resprouting_capacity_non_fire_disturbance': 'resprouts_non_fire_disturbance (1)', 'fire_time_from_fire_to_flowering': '8.83720930232558 (1)'}"
Xanthorrhoea resinosa,Xanthorrhoeaceae,Xanthorrhoea,native,"{'post_fire_recruitment': 'post_fire_recruitment_absent (1)', 'resprouting_capacity': 'resprouts (5)', 'fire_time_from_fire_to_flowering': '10 (1); 12 (1)'}"
Xanthosia pilosa,Apiaceae,Xanthosia,native,"{'post_fire_recruitment': 'post_fire_recruitment (1); post_fire_recruitment_absent (1)', 'resprouting_capacity': 'resprouts (V)', 'resprouting_capacity_non_fire_disturbance': 'resprouts_non_fire_disturbance (5)', 'fire_time_from_fire_to_flowering': '19.7674418604651 (1)', 'fire_time_from_fire_to_peak_flowering': '48 (1)'}"
Xanthosia tridentata,Apiaceae,Xanthosia,native,"{'post_fire_recruitment': 'post_fire_recruitment_absent (1)', 'resprouting_capacity': 'fire_killed (V)', 'resprouting_capacity_non_fire_disturbance': 'resprouts_non_fire_disturbance (1)'}"
Xerochrysum bracteatum,Asteraceae,Xerochrysum,native,"{'post_fire_recruitment': 'post_fire_recruitment (2)', 'resprouting_capacity': 'fire_killed (3)', 'resprouting_capacity_non_fire_disturbance': 'resprouts_non_fire_disturbance (f)', 'resprouting_capacity_juvenile': 'juvenile_fire_killed (f)', 'fire_time_from_fire_to_flowering': '9 (1)'}"
Xylomelum pyriforme,Proteaceae,Xylomelum,native,"{'post_fire_recruitment': 'post_fire_recruitment (1)', 'resprouting_capacity': 'resprouts (4)', 'resprouting_capacity_non_fire_disturbance': 'resprouts_non_fire_disturbance (f)', 'fire_time_from_fire_to_fruiting': '30.9302325581395 (1)', 'fire_time_from_fire_to_flowering': '24.1860465116279 (1); 36.2790697674419 (1); 9.06976744186047 (1)'}"
Xyris complanata,,,native,{'resprouting_capacity': 'fire_killed (1); partial_resprouting (1); resprouts (1)'}
Youngia japonica,Asteraceae,Youngia,native,"{'post_fire_recruitment': 'post_fire_recruitment_absent (1)', 'resprouting_capacity': 'resprouts (1)', 'resprouting_capacity_non_fire_disturbance': 'resprouts_non_fire_disturbance (f)', 'resprouting_capacity_juvenile': 'juvenile_fire_killed (f)', 'fire_time_from_fire_to_flowering': '12 (f)'}"
Yucca aloifolia,Asparagaceae,Yucca,Exotic,"{'resprouting_capacity': 'resprouts (1)', 'resprouting_capacity_non_fire_disturbance': 'resprouts_non_fire_disturbance (f)'}"
Zantedeschia aethiopica,Araceae,Zantedeschia,Exotic,{'resprouting_capacity': 'resprouts (1)'}
Zieria pilosa,Rutaceae,Zieria,native,"{'post_fire_recruitment': 'post_fire_recruitment (1)', 'resprouting_capacity': 'fire_killed (V)', 'fire_time_from_fire_to_fruiting': '19.7674418604651 (1)', 'fire_time_from_fire_to_flowering': '14.6511627906977 (1); 24.1860465116279 (1)', 'fire_time_from_fire_to_50_percent_flowering': '19.7674418604651 (1)'}"
Zieria smithii,Rutaceae,Zieria,native,"{'post_fire_recruitment': 'post_fire_recruitment (3)', 'resprouting_capacity': 'fire_killed (V)', 'fire_time_from_fire_to_fruiting': '33.2558139534884 (1); 60 (1)', 'fire_time_from_fire_to_flowering': '20.4651162790698 (1); 24.1860465116279 (1); 36.2790697674419 (1)', 'fire_time_from_fire_to_peak_flowering': '36 (1); 60 (1)'}"
Zoysia macrantha,Poaceae,Zoysia,native,"{'post_fire_recruitment': 'post_fire_recruitment (f)', 'resprouting_capacity': 'partial_resprouting (V)', 'resprouting_capacity_non_fire_disturbance': 'resprouts_non_fire_disturbance (1)', 'resprouting_capacity_juvenile': 'juvenile_resprout (1)', 'resprouting_capacity_proportion_individuals': '1 (3)', 'fire_time_from_fire_to_flowering': '12 (f)'}"
