occurrence_id,reserve_id,pct_id
1,NULL,1
2,NULL,1
3,NULL,1
4,NULL,1
5,185,1
6,430,10
7,NULL,1
8,430,9
9,NULL,1
10,NULL,1
11,NULL,1
12,NULL,1
13,NULL,1
14,NULL,1
15,NULL,1
16,NULL,1
17,NULL,1
18,NULL,1
19,NULL,1
20,NULL,1
21,NULL,1
22,495,1
23,NULL,1
24,NULL,1
25,538,1
26,NULL,1
27,NULL,1
28,NULL,1
29,NULL,1
30,NULL,1
31,NULL,1
32,NULL,1
33,NULL,1
34,NULL,1
35,NULL,1
36,430,10
37,NULL,1
38,NULL,1
39,NULL,1
40,NULL,1
41,430,10
42,NULL,4
43,NULL,1
44,416,1
45,NULL,1
46,NULL,1
47,NULL,1
48,NULL,1
49,NULL,4
50,430,10
51,NULL,1
52,NULL,1
53,NULL,1
54,516,1
55,NULL,1
56,NULL,1
57,NULL,1
58,NULL,1
59,NULL,1
60,NULL,1
61,NULL,1
62,NULL,1
63,NULL,1
64,NULL,1
65,NULL,1
66,NULL,1
67,NULL,1
68,NULL,1
69,NULL,1
70,NULL,1
71,NULL,1
72,NULL,1
73,NULL,1
74,NULL,1
75,NULL,1
76,NULL,1
77,NULL,1
78,416,1
79,NULL,1
80,NULL,1
81,NULL,1
82,NULL,1
83,430,9
84,70,2
85,NULL,1
86,NULL,1
87,NULL,1
88,NULL,1
89,NULL,1
90,391,1
91,NULL,1
92,430,10
93,NULL,1
94,NULL,4
95,NULL,1
96,NULL,1
97,226,1
98,NULL,1
99,NULL,1
100,NULL,1
101,NULL,1
102,NULL,1
103,232,9
104,NULL,1
105,430,9
106,NULL,1
107,NULL,1
108,NULL,1
109,NULL,1
110,NULL,1
111,NULL,1
112,NULL,1
113,NULL,1
114,NULL,1
115,NULL,1
116,NULL,1
117,NULL,1
118,NULL,1
119,556,1
120,NULL,1
121,NULL,1
122,NULL,1
123,NULL,1
124,NULL,1
125,399,1
126,NULL,1
127,NULL,1
128,NULL,1
129,NULL,1
130,NULL,1
131,NULL,1
132,NULL,4
133,430,9
134,287,1
135,NULL,1
136,NULL,1
137,NULL,1
138,430,9
139,105,1
140,NULL,1
141,205,1
142,NULL,1
143,NULL,1
144,NULL,1
145,NULL,1
146,NULL,1
147,97,1
148,NULL,1
149,NULL,1
150,NULL,1
151,NULL,1
152,NULL,1
153,NULL,1
154,NULL,1
155,NULL,1
156,NULL,1
157,NULL,1
158,NULL,1
159,NULL,1
160,NULL,1
161,97,1
162,NULL,1
163,NULL,1
164,NULL,1
165,NULL,1
166,NULL,1
167,NULL,1
168,NULL,1
169,NULL,1
170,NULL,1
171,NULL,1
172,538,1
173,NULL,1
174,NULL,1
175,NULL,1
176,414,1
177,NULL,1
178,414,1
179,NULL,1
180,430,1
181,NULL,1
182,NULL,1
183,70,1
184,NULL,1
185,70,2
186,NULL,1
187,31,1
188,456,2
189,206,1
190,534,9
191,NULL,2
192,70,19
193,336,10
194,NULL,6
195,NULL,2
196,530,4
197,NULL,1
198,534,1
199,70,15
200,70,15
201,NULL,1
202,431,4
203,206,1
204,NULL,14
205,121,1
206,NULL,1
207,550,13
208,NULL,1
209,NULL,2
210,70,13
211,70,2
212,70,14
213,70,15
214,430,9
215,70,14
216,70,2
217,70,14
218,266,14
219,70,15
220,206,14
221,492,1
222,550,3
223,NULL,1
224,NULL,1
225,NULL,1
226,NULL,1
227,530,9
228,430,10
229,NULL,1
230,456,14
231,105,1
232,70,2
233,267,11
234,70,2
235,NULL,1
236,NULL,1
237,513,10
238,206,14
239,121,11
240,NULL,1
241,70,14
242,NULL,1
243,267,11
244,NULL,8
245,430,9
246,70,2
247,NULL,2
248,430,1
249,367,2
250,70,13
251,70,14
252,NULL,13
253,534,9
254,206,1
255,NULL,23
256,NULL,1
257,430,9
258,70,14
259,70,14
260,70,2
261,NULL,1
262,121,11
263,245,21
264,456,14
265,70,14
266,456,14
267,NULL,8
268,250,10
269,NULL,1
270,367,2
271,267,1
272,NULL,1
273,NULL,1
274,105,1
275,267,11
276,430,9
277,514,9
278,70,14
279,250,10
280,530,9
281,70,4
282,430,9
283,519,1
284,NULL,1
285,NULL,1
286,535,1
287,70,14
288,430,9
289,430,9
290,309,13
291,430,9
292,70,15
293,456,2
294,NULL,13
295,70,14
296,70,1
297,NULL,1
298,430,1
299,534,9
300,187,1
301,430,9
302,550,3
303,NULL,1
304,70,1
305,NULL,1
306,NULL,10
307,NULL,1
308,70,14
309,82,10
310,121,11
311,NULL,13
312,430,4
313,430,9
314,70,2
315,NULL,14
316,NULL,1
317,70,15
318,336,10
319,NULL,1
320,534,8
321,70,6
322,456,2
323,530,1
324,NULL,1
325,70,2
326,NULL,14
327,516,8
328,NULL,1
329,329,21
330,206,1
331,NULL,1
332,70,2
333,530,9
334,NULL,1
335,70,14
336,430,9
337,70,2
338,197,7
339,511,9
340,267,11
341,538,1
342,264,8
343,70,14
344,550,21
345,456,2
346,70,14
347,70,2
348,70,2
349,26,4
350,514,1
351,206,14
352,NULL,10
353,NULL,13
354,534,9
355,70,13
356,267,11
357,NULL,1
358,270,10
359,70,1
360,456,2
361,70,15
362,NULL,1
363,206,2
364,430,9
365,121,16
366,NULL,1
367,267,11
368,70,14
369,550,13
370,NULL,1
371,NULL,1
372,430,9
373,430,9
374,336,1
375,530,9
376,70,2
377,267,11
378,NULL,1
379,535,4
380,275,1
381,NULL,1
382,NULL,1
383,NULL,1
384,NULL,1
385,430,9
386,70,14
387,NULL,1
388,336,10
389,267,11
390,393,1
391,395,1
392,NULL,1
393,82,10
394,430,10
395,232,9
396,39,1
397,534,8
398,70,15
399,70,15
400,121,1
401,70,14
402,NULL,1
403,456,2
404,70,7
405,NULL,1
406,456,13
407,NULL,1
408,NULL,1
409,534,8
410,NULL,1
411,NULL,1
412,430,8
413,430,9
414,121,11
415,534,8
416,70,14
417,105,1
418,NULL,1
419,98,1
420,121,11
421,NULL,1
422,70,14
423,70,15
424,NULL,21
425,121,16
426,267,11
427,NULL,1
428,70,13
429,309,1
430,267,11
431,70,14
432,430,9
433,456,8
434,550,13
435,267,11
436,NULL,14
437,NULL,2
438,NULL,1
439,NULL,1
440,NULL,1
441,NULL,1
442,70,15
443,430,9
444,54,1
445,70,14
446,530,4
447,430,1
448,534,1
449,NULL,1
450,NULL,1
451,70,14
452,530,9
453,NULL,1
454,NULL,1
455,187,1
456,121,1
457,70,15
458,267,1
459,206,14
460,NULL,1
461,NULL,1
462,NULL,1
463,70,15
464,70,15
465,456,8
466,70,14
467,NULL,1
468,70,14
469,530,1
470,NULL,10
471,70,2
472,456,2
473,NULL,1
474,411,1
475,NULL,13
476,NULL,1
477,70,14
478,267,1
479,NULL,1
480,82,10
481,70,2
482,70,14
483,430,1
484,121,2
485,70,14
486,70,14
487,534,8
488,NULL,1
489,70,14
490,NULL,1
491,530,9
492,70,14
493,NULL,1
494,70,2
495,70,14
496,511,1
497,70,14
498,341,1
499,70,1
500,NULL,1
501,456,14
502,NULL,1
503,550,13
504,NULL,1
505,NULL,1
506,NULL,14
507,NULL,1
508,267,11
509,551,17
510,70,14
511,NULL,14
512,70,2
513,NULL,16
514,267,1
515,NULL,1
516,39,1
517,26,1
518,267,11
519,70,14
520,456,14
521,70,22
522,NULL,10
523,550,13
524,NULL,13
525,NULL,1
526,NULL,1
527,NULL,1
528,430,9
529,534,9
530,121,11
531,82,10
532,70,15
533,187,1
534,309,1
535,NULL,1
536,430,1
537,98,1
538,82,10
539,70,2
540,550,13
541,70,14
542,NULL,10
543,530,28
544,70,15
545,430,10
546,341,1
547,70,15
548,NULL,17
549,309,13
550,NULL,14
551,430,9
552,NULL,1
553,70,14
554,NULL,14
555,70,15
556,367,21
557,70,14
558,121,1
559,70,15
560,70,2
561,70,2
562,267,11
563,NULL,13
564,530,9
565,430,9
566,530,1
567,70,14
568,441,1
569,NULL,1
570,NULL,1
571,70,21
572,341,1
573,NULL,1
574,NULL,1
575,121,16
576,70,14
577,267,11
578,336,1
579,430,10
580,NULL,1
581,456,14
582,NULL,1
583,NULL,1
584,70,15
585,341,1
586,NULL,1
587,NULL,1
588,525,8
589,430,10
590,NULL,2
591,NULL,1
592,121,1
593,NULL,1
594,267,11
595,391,21
596,NULL,1
597,NULL,8
598,NULL,1
599,430,8
600,535,1
601,NULL,1
602,267,1
603,NULL,1
604,267,16
605,NULL,1
606,514,1
607,NULL,1
608,NULL,1
609,121,16
610,272,1
611,267,11
612,NULL,1
613,NULL,1
614,NULL,1
615,430,9
616,430,1
617,NULL,1
618,NULL,1
619,NULL,1
620,70,2
621,NULL,1
622,NULL,1
623,NULL,1
624,70,13
625,NULL,1
626,NULL,1
627,70,19
628,430,9
629,70,2
630,549,1
631,121,1
632,121,16
633,550,1
634,534,8
635,70,14
636,535,4
637,367,13
638,NULL,2
639,430,1
640,NULL,1
641,206,2
642,430,9
643,514,1
644,430,9
645,329,1
646,NULL,1
647,70,15
648,391,10
649,156,21
650,456,14
651,121,16
652,NULL,1
653,213,1
654,70,2
655,NULL,1
656,341,1
657,430,10
658,NULL,1
659,70,14
660,534,9
661,70,2
662,121,11
663,430,9
664,272,1
665,70,15
666,NULL,1
667,430,1
668,NULL,1
669,105,1
670,37,14
671,NULL,1
672,NULL,14
673,456,2
674,NULL,8
675,530,9
676,121,1
677,341,1
678,NULL,10
679,70,15
680,NULL,2
681,121,11
682,NULL,1
683,NULL,1
684,121,11
685,70,14
686,NULL,1
687,430,1
688,70,14
689,270,10
690,NULL,1
691,NULL,1
692,NULL,1
693,391,4
694,336,1
695,NULL,1
696,70,14
697,70,15
698,70,14
699,516,8
700,70,14
701,54,9
702,267,1
703,NULL,13
704,302,1
705,430,9
706,70,19
707,NULL,1
708,70,14
709,70,2
710,70,15
711,121,11
712,70,15
713,206,2
714,197,1
715,NULL,1
716,232,9
717,530,9
718,NULL,9
719,267,1
720,70,15
721,430,1
722,NULL,1
723,430,10
724,70,2
725,NULL,1
726,70,14
727,206,6
728,70,15
729,NULL,16
730,NULL,2
731,499,1
732,534,8
733,NULL,1
734,267,11
735,NULL,14
736,121,11
737,267,11
738,267,11
739,342,1
740,NULL,1
741,82,10
742,367,13
743,NULL,13
744,395,14
745,NULL,1
746,NULL,1
747,70,15
748,70,14
749,367,1
750,430,1
751,NULL,1
752,NULL,1
753,70,15
754,70,15
755,NULL,1
756,121,11
757,70,14
758,NULL,1
759,70,2
760,430,10
761,NULL,1
762,NULL,1
763,70,1
764,70,1
765,469,1
766,530,28
767,490,1
768,NULL,13
769,534,8
770,NULL,1
771,121,1
772,NULL,1
773,430,9
774,NULL,1
775,267,11
776,NULL,1
777,NULL,1
778,NULL,1
779,NULL,1
780,250,10
781,171,1
782,456,14
783,70,2
784,NULL,1
785,156,1
786,NULL,1
787,70,2
788,367,3
789,70,14
790,341,10
791,NULL,10
792,288,13
793,267,11
794,456,2
795,NULL,1
796,430,1
797,535,1
798,516,8
799,39,1
800,NULL,1
801,70,15
802,430,10
803,NULL,1
804,70,15
805,565,1
806,535,4
807,171,1
808,550,1
809,70,1
810,70,2
811,267,1
812,70,2
813,456,2
814,NULL,1
815,NULL,1
816,70,14
817,70,2
818,NULL,1
819,NULL,14
820,NULL,1
821,499,10
822,430,10
823,82,10
824,550,3
825,NULL,1
826,68,1
827,70,14
828,430,9
829,550,21
830,NULL,13
831,309,4
832,336,1
833,NULL,1
834,70,19
835,430,9
836,456,14
837,267,11
838,NULL,1
839,NULL,1
840,121,16
841,NULL,2
842,430,9
843,NULL,1
844,NULL,14
845,NULL,1
846,70,19
847,NULL,1
848,NULL,1
849,275,14
850,250,10
851,121,1
852,NULL,1
853,70,14
854,267,1
855,430,9
856,430,1
857,411,4
858,NULL,1
859,430,1
860,534,9
861,70,14
862,NULL,1
863,NULL,1
864,NULL,1
865,70,7
866,70,2
867,70,14
868,430,10
869,336,10
870,70,14
871,70,2
872,NULL,1
873,NULL,1
874,550,8
875,288,13
876,3,25
877,NULL,1
878,187,1
879,565,1
880,NULL,1
881,277,1
882,245,1
883,NULL,11
884,NULL,1
885,NULL,1
886,NULL,1
887,NULL,21
888,NULL,1
889,NULL,1
890,341,10
891,330,1
892,430,10
893,121,11
894,NULL,17
895,NULL,1
896,NULL,1
897,NULL,1
898,NULL,1
899,456,14
900,267,11
901,NULL,13
902,430,9
903,430,10
904,NULL,1
905,267,11
906,534,8
907,NULL,14
908,NULL,1
909,NULL,1
910,430,9
911,267,11
912,NULL,1
913,309,14
914,309,13
915,538,1
916,70,13
917,336,10
918,430,9
919,550,1
920,NULL,1
921,336,10
922,NULL,1
923,NULL,3
924,70,14
925,411,4
926,534,9
927,NULL,1
928,NULL,1
929,NULL,16
930,70,14
931,250,10
932,121,16
933,NULL,1
934,430,1
935,NULL,1
936,NULL,1
937,121,16
938,NULL,21
939,391,1
940,70,14
941,70,15
942,550,3
943,430,18
944,70,2
945,391,4
946,NULL,1
947,NULL,1
948,206,2
949,NULL,10
950,121,16
951,70,13
952,NULL,1
953,430,10
954,530,9
955,NULL,1
956,530,9
957,519,1
958,267,11
959,70,2
960,70,2
961,456,13
962,336,1
963,267,11
964,297,14
965,NULL,1
966,NULL,1
967,NULL,1
968,530,9
969,430,8
970,NULL,1
971,184,1
972,530,1
973,530,9
974,550,1
975,530,9
976,26,1
977,70,15
978,430,1
979,NULL,1
980,430,10
981,121,16
982,NULL,1
983,NULL,1
984,70,14
985,456,14
986,NULL,1
987,NULL,13
988,456,14
989,535,1
990,NULL,1
991,NULL,1
992,530,9
993,534,9
994,70,14
995,70,15
996,391,4
997,171,1
998,NULL,14
999,441,1
1000,430,9
1001,70,2
1002,54,1
1003,NULL,14
1004,NULL,1
1005,532,1
1006,NULL,1
1007,121,16
1008,534,8
1009,NULL,1
1010,NULL,1
1011,267,11
1012,NULL,1
1013,206,2
1014,70,15
1015,70,14
1016,70,2
1017,456,14
1018,121,1
1019,550,21
1020,NULL,1
1021,272,1
1022,70,15
1023,391,4
1024,NULL,8
1025,NULL,10
1026,70,15
1027,NULL,1
1028,NULL,1
1029,NULL,17
1030,70,2
1031,456,14
1032,NULL,14
1033,NULL,1
1034,70,14
1035,430,9
1036,NULL,1
1037,54,9
1038,267,1
1039,70,14
1040,70,19
1041,NULL,1
1042,341,10
1043,456,1
1044,430,8
1045,534,8
1046,70,1
1047,70,14
1048,NULL,1
1049,499,10
1050,267,11
1051,NULL,1
1052,367,2
1053,NULL,1
1054,267,11
1055,70,14
1056,NULL,1
1057,550,21
1058,70,14
1059,70,14
1060,70,22
1061,NULL,10
1062,530,1
1063,NULL,1
1064,70,2
1065,NULL,1
1066,206,1
1067,70,2
1068,NULL,1
1069,NULL,1
1070,NULL,1
1071,456,13
1072,206,2
1073,NULL,1
1074,430,1
1075,70,14
1076,267,11
1077,228,1
1078,456,2
1079,206,14
1080,70,14
1081,70,2
1082,70,2
1083,70,14
1084,70,2
1085,NULL,1
1086,121,16
1087,430,9
1088,26,4
1089,550,3
1090,NULL,1
1091,430,8
1092,NULL,1
1093,430,8
1094,430,8
1095,NULL,1
1096,267,11
1097,NULL,1
1098,551,2
1099,70,14
1100,NULL,1
1101,367,13
1102,121,1
1103,NULL,3
1104,430,10
1105,395,14
1106,NULL,1
1107,NULL,1
1108,430,1
1109,206,14
1110,121,11
1111,550,13
1112,70,2
1113,70,14
1114,70,14
1115,121,11
1116,NULL,1
1117,430,9
1118,206,14
1119,456,14
1120,NULL,10
1121,232,1
1122,105,1
1123,54,1
1124,430,1
1125,121,16
1126,391,1
1127,373,10
1128,267,1
1129,121,1
1130,NULL,10
1131,NULL,1
1132,NULL,14
1133,564,1
1134,309,13
1135,534,9
1136,456,14
1137,70,2
1138,NULL,1
1139,232,8
1140,NULL,1
1141,329,1
1142,70,14
1143,206,2
1144,NULL,1
1145,54,1
1146,58,1
1147,NULL,1
1148,NULL,1
1149,534,8
1150,NULL,1
1151,160,1
1152,550,10
1153,399,1
1154,82,10
1155,70,2
1156,NULL,1
1157,NULL,1
1158,NULL,1
1159,121,16
1160,NULL,1
1161,NULL,1
1162,NULL,8
1163,534,8
1164,530,4
1165,121,16
1166,206,1
1167,341,10
1168,121,11
1169,430,1
1170,430,9
1171,534,1
1172,NULL,12
1173,430,9
1174,NULL,17
1175,550,21
1176,187,1
1177,267,11
1178,NULL,1
1179,70,14
1180,NULL,1
1181,NULL,1
1182,541,10
1183,70,14
1184,70,15
1185,70,1
1186,456,14
1187,NULL,1
1188,NULL,1
1189,206,2
1190,70,1
1191,70,14
1192,551,2
1193,516,8
1194,70,13
1195,NULL,1
1196,430,1
1197,121,16
1198,267,1
1199,70,2
1200,121,16
1201,70,1
1202,456,2
1203,516,1
1204,NULL,1
1205,267,11
1206,NULL,1
1207,70,14
1208,NULL,1
1209,70,1
1210,70,2
1211,430,9
1212,70,14
1213,70,2
1214,70,14
1215,NULL,3
1216,430,10
1217,70,1
1218,NULL,1
1219,121,1
1220,267,11
1221,NULL,1
1222,70,14
1223,NULL,1
1224,514,1
1225,267,1
1226,302,1
1227,NULL,1
1228,336,10
1229,535,4
1230,121,16
1231,550,1
1232,341,1
1233,NULL,1
1234,430,9
1235,430,9
1236,70,14
1237,430,9
1238,70,14
1239,NULL,1
1240,367,1
1241,70,14
1242,456,8
1243,430,8
1244,NULL,1
1245,534,8
1246,105,1
1247,NULL,1
1248,121,11
1249,430,9
1250,456,21
1251,NULL,1
1252,NULL,1
1253,70,14
1254,456,13
1255,70,15
1256,NULL,1
1257,121,16
1258,336,1
1259,430,9
1260,121,1
1261,534,9
1262,NULL,1
1263,NULL,1
1264,456,14
1265,70,15
1266,NULL,1
1267,534,8
1268,NULL,1
1269,456,14
1270,70,14
1271,NULL,1
1272,267,11
1273,267,11
1274,430,9
1275,NULL,1
1276,70,15
1277,NULL,1
1278,NULL,1
1279,430,1
1280,70,15
1281,550,8
1282,341,10
1283,430,10
1284,NULL,1
1285,206,2
1286,NULL,1
1287,565,1
1288,456,14
1289,70,1
1290,70,15
1291,70,14
1292,367,3
1293,70,2
1294,267,1
1295,70,1
1296,530,9
1297,70,1
1298,549,8
1299,430,10
1300,NULL,1
1301,534,8
1302,456,14
1303,456,13
1304,511,9
1305,70,14
1306,NULL,1
1307,430,9
1308,70,14
1309,393,1
1310,267,11
1311,70,2
1312,70,14
1313,NULL,1
1314,70,19
1315,206,1
1316,267,11
1317,530,28
1318,70,2
1319,267,11
1320,NULL,1
1321,530,4
1322,565,4
1323,456,2
1324,534,1
1325,NULL,1
1326,550,13
1327,309,13
1328,430,9
1329,70,14
1330,70,14
1331,70,15
1332,336,1
1333,171,1
1334,NULL,1
1335,NULL,1
1336,430,9
1337,430,9
1338,430,8
1339,121,16
1340,54,1
1341,70,14
1342,NULL,1
1343,121,1
1344,70,15
1345,456,14
1346,430,9
1347,456,14
1348,267,11
1349,70,14
1350,456,2
1351,70,2
1352,70,13
1353,70,1
1354,530,1
1355,430,9
1356,NULL,13
1357,514,1
1358,70,15
1359,NULL,1
1360,70,14
1361,NULL,14
1362,541,10
1363,70,14
1364,NULL,23
1365,NULL,1
1366,430,1
1367,550,13
1368,336,1
1369,121,11
1370,NULL,1
1371,121,1
1372,NULL,1
1373,538,1
1374,187,11
1375,NULL,6
1376,NULL,1
1377,70,2
1378,70,2
1379,530,9
1380,14,1
1381,264,8
1382,37,14
1383,534,1
1384,267,11
1385,550,13
1386,NULL,1
1387,456,14
1388,70,13
1389,206,14
1390,70,1
1391,354,1
1392,550,13
1393,70,1
1394,NULL,1
1395,430,1
1396,206,2
1397,336,10
1398,206,2
1399,532,1
1400,121,11
1401,70,1
1402,534,9
1403,NULL,1
1404,70,15
1405,NULL,1
1406,121,1
1407,187,1
1408,70,15
1409,245,7
1410,NULL,14
1411,341,1
1412,309,1
1413,NULL,1
1414,336,1
1415,NULL,2
1416,430,8
1417,530,1
1418,70,1
1419,430,9
1420,187,1
1421,NULL,1
1422,70,13
1423,NULL,1
1424,70,19
1425,171,1
1426,532,1
1427,47,1
1428,70,13
1429,121,1
1430,550,13
1431,70,14
1432,NULL,16
1433,565,3
1434,430,1
1435,430,9
1436,336,10
1437,NULL,1
1438,329,1
1439,70,2
1440,NULL,1
1441,70,14
1442,171,1
1443,530,9
1444,550,3
1445,551,13
1446,70,15
1447,206,2
1448,NULL,1
1449,456,2
1450,430,1
1451,430,9
1452,430,1
1453,456,14
1454,70,14
1455,267,11
1456,430,9
1457,NULL,14
1458,121,11
1459,NULL,1
1460,267,11
1461,NULL,2
1462,NULL,1
1463,70,14
1464,NULL,1
1465,550,13
1466,206,14
1467,NULL,1
1468,430,10
1469,NULL,1
1470,206,1
1471,534,8
1472,456,14
1473,121,16
1474,550,13
1475,70,2
1476,550,13
1477,530,9
1478,NULL,1
1479,565,1
1480,430,1
1481,70,14
1482,70,1
1483,NULL,1
1484,NULL,2
1485,54,9
1486,NULL,1
1487,70,1
1488,516,8
1489,267,11
1490,NULL,1
1491,197,7
1492,70,15
1493,NULL,1
1494,NULL,1
1495,NULL,1
1496,NULL,1
1497,NULL,2
1498,NULL,1
1499,232,9
1500,70,15
1501,430,1
1502,336,10
1503,430,9
1504,430,9
1505,456,2
1506,341,10
1507,121,11
1508,47,1
1509,267,11
1510,456,2
1511,NULL,14
1512,530,9
1513,70,14
1514,NULL,1
1515,430,10
1516,NULL,1
1517,336,1
1518,430,1
1519,70,1
1520,550,13
1521,NULL,23
1522,NULL,1
1523,70,2
1524,272,1
1525,NULL,1
1526,391,4
1527,70,14
1528,232,9
1529,NULL,8
1530,70,15
1531,NULL,1
1532,NULL,1
1533,430,9
1534,70,14
1535,70,1
1536,430,10
1537,NULL,1
1538,534,8
1539,430,9
1540,NULL,1
1541,70,2
1542,341,10
1543,187,11
1544,NULL,2
1545,456,2
1546,430,9
1547,272,1
1548,309,14
1549,70,14
1550,NULL,1
1551,NULL,1
1552,NULL,1
1553,430,8
1554,70,15
1555,336,1
1556,NULL,1
1557,NULL,1
1558,430,9
1559,70,14
1560,NULL,1
1561,232,9
1562,121,16
1563,NULL,1
1564,NULL,1
1565,309,1
1566,70,13
1567,NULL,1
1568,232,9
1569,336,10
1570,NULL,1
1571,NULL,1
1572,160,1
1573,267,11
1574,329,1
1575,121,11
1576,550,8
1577,NULL,1
1578,473,1
1579,NULL,1
1580,473,1
1581,NULL,1
1582,565,3
1583,550,13
1584,NULL,1
1585,456,14
1586,264,1
1587,430,9
1588,430,10
1589,NULL,1
1590,NULL,1
1591,70,2
1592,456,13
1593,206,2
1594,70,14
1595,NULL,1
1596,NULL,1
1597,550,13
1598,267,11
1599,336,1
1600,26,4
1601,NULL,1
1602,NULL,1
1603,121,11
1604,70,15
1605,NULL,13
1606,NULL,1
1607,NULL,1
1608,NULL,1
1609,NULL,1
1610,NULL,1
1611,82,10
1612,337,1
1613,NULL,1
1614,NULL,1
1615,156,1
1616,NULL,1
1617,NULL,14
1618,NULL,1
1619,410,1
1620,430,10
1621,NULL,1
1622,70,2
1623,NULL,1
1624,309,14
1625,70,14
1626,70,14
1627,NULL,1
1628,206,14
1629,430,9
1630,70,1
1631,NULL,23
1632,534,8
1633,70,14
1634,NULL,1
1635,550,13
1636,171,1
1637,NULL,6
1638,206,1
1639,NULL,1
1640,309,13
1641,530,21
1642,424,1
1643,NULL,1
1644,NULL,1
1645,309,12
1646,70,2
1647,267,11
1648,550,13
1649,430,9
1650,70,15
1651,NULL,1
1652,NULL,10
1653,70,1
1654,121,1
1655,336,1
1656,NULL,10
1657,519,1
1658,535,1
1659,267,11
1660,430,9
1661,70,1
1662,430,9
1663,171,1
1664,430,9
1665,430,1
1666,473,1
1667,NULL,1
1668,NULL,1
1669,NULL,1
1670,430,10
1671,430,8
1672,272,1
1673,430,1
1674,535,1
1675,336,10
1676,70,14
1677,70,2
1678,430,9
1679,70,15
1680,534,9
1681,NULL,1
1682,NULL,14
1683,1,1
1684,534,9
1685,105,1
1686,NULL,1
1687,NULL,1
1688,121,16
1689,NULL,10
1690,550,13
1691,NULL,6
1692,415,1
1693,456,2
1694,232,1
1695,126,1
1696,336,1
1697,NULL,1
1698,187,11
1699,341,1
1700,NULL,17
1701,534,9
1702,430,10
1703,82,10
1704,70,2
1705,341,1
1706,70,15
1707,250,10
1708,288,13
1709,232,9
1710,430,9
1711,NULL,14
1712,NULL,1
1713,NULL,1
1714,70,14
1715,275,1
1716,456,14
1717,250,10
1718,70,2
1719,171,1
1720,550,13
1721,NULL,1
1722,430,1
1723,26,1
1724,430,9
1725,430,9
1726,430,9
1727,NULL,1
1728,430,1
1729,535,21
1730,309,12
1731,121,16
1732,70,15
1733,NULL,1
1734,121,1
1735,NULL,2
1736,550,3
1737,456,14
1738,121,1
1739,530,9
1740,NULL,1
1741,NULL,1
1742,70,14
1743,70,14
1744,456,14
1745,272,1
1746,NULL,1
1747,121,11
1748,430,1
1749,267,11
1750,267,1
1751,430,10
1752,456,8
1753,267,11
1754,NULL,1
1755,NULL,1
1756,267,1
1757,NULL,1
1758,367,13
1759,187,11
1760,NULL,2
1761,456,2
1762,70,15
1763,121,16
1764,70,14
1765,121,11
1766,336,10
1767,430,10
1768,250,10
1769,70,15
1770,NULL,1
1771,70,2
1772,516,1
1773,70,2
1774,187,11
1775,530,9
1776,70,22
1777,70,2
1778,NULL,1
1779,160,1
1780,70,1
1781,430,9
1782,NULL,1
1783,341,10
1784,70,14
1785,NULL,1
1786,NULL,1
1787,NULL,1
1788,121,1
1789,534,9
1790,98,1
1791,NULL,1
1792,121,1
1793,530,9
1794,430,9
1795,70,14
1796,550,1
1797,70,1
1798,534,1
1799,430,9
1800,NULL,1
1801,250,10
1802,NULL,1
1803,391,4
1804,47,1
1805,267,11
1806,206,1
1807,121,11
1808,430,9
1809,NULL,1
1810,532,1
1811,430,9
1812,70,2
1813,535,21
1814,NULL,1
1815,499,10
1816,70,14
1817,NULL,1
1818,534,1
1819,393,1
1820,39,1
1821,550,1
1822,206,1
1823,206,14
1824,534,9
1825,NULL,1
1826,121,16
1827,516,8
1828,530,4
1829,550,3
1830,121,1
1831,NULL,1
1832,NULL,1
1833,530,9
1834,535,4
1835,39,1
1836,NULL,1
1837,530,9
1838,NULL,1
1839,70,15
1840,NULL,1
1841,NULL,1
1842,430,1
1843,NULL,1
1844,550,21
1845,NULL,1
1846,70,15
1847,NULL,1
1848,NULL,1
1849,530,1
1850,NULL,1
1851,37,1
1852,NULL,1
1853,534,8
1854,550,13
1855,288,1
1856,70,2
1857,187,11
1858,187,1
1859,70,7
1860,264,8
1861,NULL,1
1862,NULL,1
1863,530,9
1864,430,9
1865,70,2
1866,NULL,1
1867,NULL,1
1868,70,2
1869,NULL,1
1870,121,11
1871,NULL,1
1872,206,1
1873,70,14
1874,NULL,2
1875,NULL,1
1876,70,14
1877,121,16
1878,430,9
1879,NULL,1
1880,456,14
1881,70,14
1882,NULL,1
1883,NULL,1
1884,70,2
1885,519,1
1886,26,1
1887,534,8
1888,NULL,10
1889,534,8
1890,NULL,1
1891,456,14
1892,535,4
1893,NULL,1
1894,NULL,8
1895,456,14
1896,272,1
1897,NULL,1
1898,NULL,1
1899,NULL,1
1900,70,14
1901,250,10
1902,121,1
1903,70,14
1904,NULL,8
1905,70,2
1906,70,2
1907,NULL,1
1908,267,11
1909,NULL,1
1910,NULL,1
1911,206,1
1912,70,1
1913,336,1
1914,430,9
1915,70,14
1916,456,14
1917,430,9
1918,NULL,1
1919,530,21
1920,530,9
1921,NULL,1
1922,70,14
1923,NULL,10
1924,241,1
1925,483,1
1926,NULL,1
1927,70,2
1928,430,10
1929,565,9
1930,456,2
1931,430,1
1932,NULL,1
1933,272,1
1934,NULL,1
1935,430,8
1936,535,4
1937,NULL,10
1938,70,15
1939,NULL,1
1940,NULL,1
1941,70,14
1942,430,1
1943,70,2
1944,391,10
1945,NULL,1
1946,NULL,13
1947,NULL,1
1948,NULL,13
1949,534,9
1950,336,1
1951,70,15
1952,121,16
1953,456,2
1954,272,1
1955,70,14
1956,70,14
1957,430,1
1958,336,10
1959,NULL,1
1960,430,1
1961,430,9
1962,98,1
1963,264,8
1964,565,28
1965,NULL,1
1966,187,1
1967,70,14
1968,NULL,1
1969,267,1
1970,121,16
1971,187,1
1972,267,11
1973,456,2
1974,456,14
1975,NULL,14
1976,NULL,9
1977,297,14
1978,70,13
1979,70,14
1980,NULL,1
1981,187,1
1982,267,1
1983,NULL,1
1984,NULL,1
1985,171,1
1986,187,1
1987,NULL,1
1988,NULL,1
1989,206,6
1990,456,13
1991,70,2
1992,267,11
1993,430,9
1994,430,1
1995,70,2
1996,550,8
1997,267,11
1998,70,15
1999,401,1
2000,336,1
2001,70,2
2002,70,15
2003,70,14
2004,456,14
2005,70,14
2006,121,16
2007,395,14
2008,267,1
2009,70,14
2010,70,1
2011,272,1
2012,NULL,1
2013,232,9
2014,534,8
2015,187,1
2016,367,1
2017,391,21
2018,530,9
2019,NULL,1
2020,NULL,1
2021,3,27
2022,121,16
2023,26,4
2024,NULL,1
2025,NULL,6
2026,70,2
2027,171,1
2028,70,14
2029,70,14
2030,336,10
2031,232,1
2032,54,1
2033,309,12
2034,70,14
2035,399,4
2036,70,21
2037,267,11
2038,NULL,1
2039,NULL,1
2040,70,2
2041,430,10
2042,NULL,1
2043,70,2
2044,NULL,1
2045,456,14
2046,288,13
2047,NULL,1
2048,550,3
2049,430,10
2050,NULL,1
2051,NULL,1
2052,NULL,1
2053,70,14
2054,534,9
2055,206,14
2056,NULL,1
2057,NULL,2
2058,430,9
2059,430,1
2060,267,11
2061,499,1
2062,341,1
2063,530,9
2064,456,14
2065,NULL,1
2066,121,16
2067,70,14
2068,551,2
2069,70,2
2070,430,9
2071,267,11
2072,NULL,1
2073,70,1
2074,288,13
2075,550,8
2076,NULL,1
2077,70,14
2078,430,9
2079,NULL,1
2080,NULL,1
2081,NULL,1
2082,NULL,1
2083,121,16
2084,NULL,1
2085,NULL,1
2086,430,9
2087,70,13
2088,456,14
2089,430,9
2090,NULL,21
2091,70,14
2092,297,14
2093,430,1
2094,NULL,1
2095,105,1
2096,267,11
2097,530,9
2098,70,15
2099,70,14
2100,121,11
2101,NULL,1
2102,70,1
2103,70,14
2104,NULL,1
2105,456,14
2106,70,2
2107,NULL,1
2108,NULL,1
2109,70,14
2110,70,14
2111,NULL,1
2112,70,19
2113,430,10
2114,187,11
2115,98,1
2116,70,14
2117,535,1
2118,430,8
2119,NULL,1
2120,70,13
2121,NULL,1
2122,534,1
2123,NULL,1
2124,519,1
2125,70,14
2126,NULL,1
2127,NULL,10
2128,121,16
2129,NULL,1
2130,NULL,1
2131,121,16
2132,430,9
2133,534,9
2134,NULL,2
2135,NULL,1
2136,NULL,14
2137,NULL,1
2138,549,1
2139,534,1
2140,NULL,1
2141,NULL,1
2142,206,14
2143,70,1
2144,70,2
2145,NULL,1
2146,294,8
2147,NULL,10
2148,456,13
2149,430,9
2150,206,2
2151,341,1
2152,534,1
2153,206,6
2154,430,9
2155,NULL,1
2156,456,14
2157,NULL,1
2158,NULL,1
2159,121,1
2160,228,1
2161,NULL,13
2162,70,13
2163,187,1
2164,NULL,1
2165,430,9
2166,70,14
2167,534,9
2168,171,1
2169,267,11
2170,NULL,1
2171,NULL,1
2172,70,14
2173,70,1
2174,267,11
2175,534,9
2176,121,16
2177,336,1
2178,NULL,1
2179,297,1
2180,121,16
2181,70,2
2182,121,16
2183,448,1
2184,NULL,1
2185,264,17
2186,121,1
2187,70,14
2188,NULL,1
2189,430,9
2190,456,14
2191,NULL,1
2192,70,1
2193,NULL,1
2194,342,10
2195,105,1
2196,430,9
2197,535,4
2198,70,2
2199,NULL,14
2200,206,1
2201,534,9
2202,550,13
2203,430,9
2204,70,14
2205,NULL,1
2206,431,1
2207,550,13
2208,NULL,1
2209,NULL,13
2210,70,2
2211,565,1
2212,NULL,1
2213,551,2
2214,70,2
2215,NULL,1
2216,NULL,1
2217,534,8
2218,121,1
2219,70,14
2220,NULL,1
2221,121,1
2222,430,10
2223,NULL,1
2224,534,8
2225,245,2
2226,534,8
2227,430,9
2228,430,9
2229,NULL,1
2230,341,1
2231,NULL,1
2232,534,8
2233,267,1
2234,105,1
2235,401,1
2236,267,11
2237,187,1
2238,NULL,1
2239,70,14
2240,535,4
2241,NULL,1
2242,70,14
2243,534,8
2244,550,3
2245,121,11
2246,NULL,1
2247,267,11
2248,430,9
2249,395,14
2250,NULL,1
2251,430,10
2252,70,15
2253,391,4
2254,NULL,1
2255,70,2
2256,NULL,1
2257,341,1
2258,530,1
2259,336,10
2260,456,2
2261,NULL,1
2262,206,2
2263,NULL,1
2264,456,2
2265,456,21
2266,206,2
2267,NULL,1
2268,551,17
2269,NULL,1
2270,430,9
2271,98,1
2272,336,1
2273,309,14
2274,NULL,1
2275,534,8
2276,70,14
2277,550,8
2278,NULL,1
2279,70,2
2280,NULL,1
2281,70,1
2282,NULL,1
2283,70,14
2284,70,14
2285,47,1
2286,329,1
2287,456,14
2288,70,14
2289,550,13
2290,NULL,1
2291,NULL,1
2292,564,1
2293,431,4
2294,NULL,1
2295,70,15
2296,NULL,1
2297,17,1
2298,550,13
2299,70,14
2300,534,9
2301,492,1
2302,NULL,1
2303,NULL,1
2304,70,14
2305,327,10
2306,70,14
2307,70,14
2308,430,1
2309,534,9
2310,232,9
2311,NULL,1
2312,264,8
2313,NULL,2
2314,70,15
2315,70,15
2316,550,21
2317,431,4
2318,70,2
2319,70,14
2320,47,1
2321,70,14
2322,121,16
2323,70,6
2324,70,1
2325,430,1
2326,NULL,1
2327,NULL,21
2328,121,2
2329,NULL,1
2330,NULL,1
2331,NULL,1
2332,430,10
2333,70,15
2334,NULL,1
2335,550,1
2336,456,2
2337,430,10
2338,391,10
2339,530,1
2340,70,14
2341,NULL,1
2342,430,9
2343,121,1
2344,NULL,1
2345,NULL,1
2346,70,14
2347,NULL,1
2348,NULL,1
2349,336,1
2350,267,11
2351,267,11
2352,70,14
2353,70,14
2354,70,13
2355,NULL,1
2356,NULL,1
2357,70,2
2358,530,9
2359,70,2
2360,NULL,1
2361,70,15
2362,NULL,1
2363,430,1
2364,105,1
2365,NULL,1
2366,NULL,1
2367,329,1
2368,70,14
2369,297,14
2370,NULL,1
2371,430,8
2372,430,10
2373,456,14
2374,70,2
2375,206,6
2376,NULL,1
2377,297,1
2378,70,14
2379,70,15
2380,70,2
2381,NULL,1
2382,473,1
2383,NULL,1
2384,430,9
2385,NULL,1
2386,550,8
2387,NULL,1
2388,430,9
2389,NULL,13
2390,541,10
2391,70,15
2392,121,1
2393,530,4
2394,NULL,1
2395,309,13
2396,309,13
2397,NULL,1
2398,456,14
2399,267,11
2400,499,10
2401,NULL,1
2402,NULL,13
2403,430,9
2404,456,2
2405,206,1
2406,70,1
2407,NULL,1
2408,NULL,1
2409,121,1
2410,329,1
2411,NULL,1
2412,70,15
2413,NULL,1
2414,NULL,1
2415,430,9
2416,456,13
2417,275,14
2418,NULL,8
2419,456,13
2420,NULL,1
2421,456,2
2422,550,8
2423,NULL,1
2424,121,11
2425,121,16
2426,336,10
2427,70,14
2428,430,9
2429,121,1
2430,430,9
2431,NULL,1
2432,430,9
2433,70,14
2434,430,9
2435,NULL,1
2436,367,21
2437,430,9
2438,NULL,1
2439,534,9
2440,70,22
2441,302,1
2442,NULL,1
2443,105,1
2444,70,15
2445,245,21
2446,272,1
2447,275,14
2448,121,16
2449,NULL,10
2450,456,14
2451,535,1
2452,456,13
2453,250,10
2454,430,10
2455,456,14
2456,187,11
2457,NULL,1
2458,70,14
2459,54,9
2460,NULL,1
2461,70,14
2462,NULL,1
2463,70,19
2464,NULL,1
2465,206,14
2466,430,9
2467,NULL,1
2468,NULL,1
2469,519,1
2470,NULL,1
2471,430,10
2472,NULL,1
2473,456,14
2474,430,1
2475,534,1
2476,70,13
2477,70,2
2478,267,11
2479,430,10
2480,430,10
2481,121,16
2482,NULL,1
2483,430,1
2484,70,15
2485,NULL,1
2486,519,1
2487,NULL,1
2488,70,13
2489,NULL,1
2490,430,9
2491,70,14
2492,411,1
2493,NULL,1
2494,347,1
2495,NULL,1
2496,NULL,1
2497,550,17
2498,70,14
2499,70,6
2500,171,1
2501,456,2
2502,70,13
2503,121,16
2504,NULL,1
2505,NULL,1
2506,NULL,1
2507,NULL,1
2508,275,14
2509,NULL,1
2510,NULL,1
2511,NULL,10
2512,NULL,1
2513,70,14
2514,NULL,1
2515,430,9
2516,70,14
2517,NULL,11
2518,232,9
2519,70,2
2520,NULL,1
2521,121,1
2522,430,8
2523,NULL,1
2524,NULL,1
2525,NULL,2
2526,530,9
2527,121,1
2528,NULL,1
2529,456,2
2530,70,14
2531,70,15
2532,NULL,1
2533,70,2
2534,NULL,1
2535,NULL,1
2536,70,19
2537,NULL,1
2538,70,14
2539,NULL,1
2540,NULL,1
2541,187,1
2542,NULL,1
2543,309,12
2544,NULL,1
2545,456,8
2546,430,9
2547,430,10
2548,NULL,1
2549,NULL,1
2550,NULL,2
2551,121,11
2552,550,3
2553,121,11
2554,309,12
2555,264,17
2556,430,10
2557,82,10
2558,NULL,1
2559,NULL,1
2560,NULL,2
2561,330,1
2562,NULL,1
2563,430,10
2564,NULL,1
2565,430,10
2566,NULL,1
2567,NULL,1
2568,70,15
2569,430,10
2570,NULL,1
2571,430,8
2572,534,1
2573,17,1
2574,206,14
2575,469,1
2576,430,9
2577,NULL,1
2578,530,9
2579,111,1
2580,70,2
2581,70,14
2582,NULL,1
2583,550,13
2584,534,8
2585,68,1
2586,187,1
2587,70,2
2588,430,10
2589,NULL,1
2590,430,9
2591,430,9
2592,NULL,1
2593,309,14
2594,551,1
2595,NULL,1
2596,NULL,10
2597,187,11
2598,NULL,1
2599,NULL,1
2600,206,2
2601,NULL,1
2602,70,14
2603,NULL,1
2604,270,10
2605,534,9
2606,550,13
2607,70,15
2608,309,13
2609,70,14
2610,70,14
2611,430,10
2612,171,1
2613,3,25
2614,206,14
2615,70,1
2616,NULL,1
2617,121,1
2618,297,14
2619,530,4
2620,70,14
2621,70,14
2622,534,1
2623,NULL,1
2624,NULL,10
2625,391,10
2626,330,1
2627,NULL,1
2628,NULL,1
2629,121,16
2630,270,1
2631,NULL,1
2632,NULL,11
2633,NULL,1
2634,70,14
2635,336,1
2636,NULL,1
2637,550,3
2638,534,9
2639,70,2
2640,NULL,1
2641,70,15
2642,NULL,3
2643,26,4
2644,338,1
2645,NULL,1
2646,70,14
2647,70,2
2648,NULL,1
2649,NULL,10
2650,534,8
2651,70,15
2652,NULL,1
2653,430,10
2654,121,11
2655,NULL,1
2656,NULL,1
2657,70,2
2658,456,14
2659,NULL,1
2660,NULL,1
2661,395,1
2662,NULL,1
2663,NULL,1
2664,70,14
2665,541,1
2666,206,1
2667,70,14
2668,267,1
2669,NULL,1
2670,NULL,1
2671,121,1
2672,530,9
2673,26,1
2674,519,1
2675,530,9
2676,550,13
2677,NULL,1
2678,456,2
2679,535,4
2680,NULL,1
2681,272,1
2682,70,2
2683,70,14
2684,NULL,1
2685,70,15
2686,NULL,1
2687,550,8
2688,121,1
2689,NULL,1
2690,NULL,1
2691,534,9
2692,70,14
2693,336,10
2694,70,15
2695,NULL,21
2696,NULL,1
2697,70,14
2698,70,14
2699,70,2
2700,NULL,1
2701,3,25
2702,309,12
2703,550,21
2704,267,11
2705,NULL,1
2706,267,11
2707,552,1
2708,NULL,1
2709,430,9
2710,430,9
2711,430,9
2712,NULL,1
2713,NULL,1
2714,70,15
2715,70,14
2716,NULL,1
2717,70,14
2718,NULL,1
2719,267,11
2720,70,14
2721,70,13
2722,391,10
2723,430,1
2724,NULL,1
2725,NULL,1
2726,550,13
2727,NULL,1
2728,NULL,1
2729,430,9
2730,NULL,17
2731,NULL,1
2732,NULL,1
2733,267,11
2734,70,2
2735,70,13
2736,336,10
2737,187,11
2738,70,14
2739,430,10
2740,NULL,1
2741,516,8
2742,430,8
2743,456,8
2744,530,4
2745,367,2
2746,NULL,1
2747,430,9
2748,NULL,1
2749,516,8
2750,121,16
2751,391,4
2752,530,21
2753,233,1
2754,70,15
2755,NULL,1
2756,430,10
2757,267,1
2758,70,15
2759,NULL,1
2760,70,2
2761,70,15
2762,430,10
2763,121,11
2764,430,9
2765,NULL,1
2766,530,9
2767,NULL,1
2768,550,3
2769,NULL,13
2770,NULL,1
2771,534,8
2772,333,1
2773,430,1
2774,NULL,1
2775,70,14
2776,430,9
2777,54,9
2778,267,11
2779,NULL,1
2780,187,1
2781,535,1
2782,456,14
2783,206,2
2784,70,1
2785,532,1
2786,NULL,1
2787,NULL,1
2788,121,16
2789,NULL,1
2790,54,1
2791,121,11
2792,NULL,1
2793,197,7
2794,267,11
2795,430,10
2796,430,9
2797,70,14
2798,534,1
2799,70,14
2800,530,9
2801,430,10
2802,NULL,1
2803,70,15
2804,70,14
2805,NULL,1
2806,267,11
2807,NULL,1
2808,70,14
2809,430,1
2810,550,21
2811,NULL,1
2812,NULL,1
2813,121,16
2814,272,1
2815,70,14
2816,NULL,1
2817,NULL,1
2818,121,16
2819,121,1
2820,309,14
2821,70,2
2822,NULL,1
2823,565,9
2824,213,1
2825,232,9
2826,70,2
2827,NULL,1
2828,NULL,1
2829,534,8
2830,70,14
2831,70,14
2832,NULL,1
2833,NULL,1
2834,516,8
2835,NULL,10
2836,NULL,1
2837,430,9
2838,NULL,1
2839,70,14
2840,336,10
2841,160,1
2842,70,14
2843,70,14
2844,336,10
2845,530,9
2846,NULL,1
2847,530,9
2848,NULL,1
2849,530,9
2850,336,1
2851,70,2
2852,456,2
2853,70,2
2854,430,1
2855,70,1
2856,NULL,1
2857,391,4
2858,NULL,1
2859,70,15
2860,NULL,1
2861,105,1
2862,70,15
2863,430,8
2864,NULL,1
2865,NULL,1
2866,NULL,1
2867,430,9
2868,121,1
2869,NULL,1
2870,NULL,1
2871,206,2
2872,70,1
2873,456,1
2874,70,15
2875,121,16
2876,233,10
2877,70,14
2878,NULL,1
2879,267,11
2880,70,14
2881,430,1
2882,70,14
2883,267,11
2884,70,14
2885,430,9
2886,430,8
2887,70,2
2888,70,14
2889,456,14
2890,275,1
2891,105,1
2892,530,9
2893,430,8
2894,267,11
2895,70,14
2896,430,9
2897,411,4
2898,534,8
2899,NULL,1
2900,541,10
2901,NULL,1
2902,NULL,1
2903,430,10
2904,NULL,1
2905,267,11
2906,NULL,1
2907,456,14
2908,82,1
2909,565,1
2910,70,2
2911,534,8
2912,NULL,1
2913,NULL,1
2914,70,14
2915,430,10
2916,70,14
2917,NULL,1
2918,456,14
2919,NULL,1
2920,70,14
2921,NULL,1
2922,70,14
2923,430,8
2924,70,1
2925,534,9
2926,NULL,1
2927,70,2
2928,NULL,1
2929,NULL,1
2930,NULL,1
2931,NULL,13
2932,430,8
2933,70,15
2934,70,1
2935,NULL,1
2936,NULL,1
2937,NULL,1
2938,430,9
2939,NULL,1
2940,430,9
2941,550,13
2942,250,1
2943,267,1
2944,NULL,1
2945,121,11
2946,121,16
2947,NULL,1
2948,530,4
2949,456,14
2950,430,9
2951,534,9
2952,70,1
2953,70,14
2954,70,14
2955,415,1
2956,456,14
2957,534,8
2958,70,15
2959,70,13
2960,NULL,10
2961,NULL,2
2962,NULL,1
2963,NULL,1
2964,70,2
2965,NULL,1
2966,NULL,1
2967,530,28
2968,NULL,1
2969,NULL,1
2970,121,11
2971,336,10
2972,NULL,21
2973,NULL,11
2974,70,14
2975,267,11
2976,47,1
2977,516,8
2978,532,1
2979,535,1
2980,431,1
2981,NULL,8
2982,272,1
2983,550,8
2984,NULL,1
2985,NULL,1
2986,3,25
2987,511,1
2988,70,2
2989,70,2
2990,232,9
2991,NULL,1
2992,NULL,1
2993,NULL,1
2994,NULL,1
2995,275,14
2996,121,16
2997,430,9
2998,430,9
2999,NULL,1
3000,70,2
3001,430,8
3002,NULL,1
3003,411,1
3004,309,14
3005,NULL,1
3006,NULL,1
3007,430,18
3008,70,14
3009,NULL,1
3010,NULL,1
3011,NULL,1
3012,391,4
3013,NULL,16
3014,70,19
3015,NULL,1
3016,171,10
3017,360,1
3018,NULL,1
3019,NULL,1
3020,NULL,21
3021,NULL,1
3022,70,14
3023,NULL,1
3024,NULL,1
3025,535,1
3026,530,1
3027,456,14
3028,121,11
3029,NULL,1
3030,NULL,1
3031,NULL,1
3032,70,14
3033,514,9
3034,NULL,13
3035,82,10
3036,NULL,1
3037,54,1
3038,275,14
3039,70,14
3040,NULL,1
3041,NULL,1
3042,NULL,1
3043,70,2
3044,121,11
3045,NULL,1
3046,82,1
3047,267,11
3048,121,11
3049,121,11
3050,391,10
3051,NULL,1
3052,NULL,1
3053,430,10
3054,NULL,1
3055,336,1
3056,121,1
3057,121,1
3058,530,1
3059,NULL,1
3060,534,9
3061,NULL,14
3062,430,1
3063,70,2
3064,430,1
3065,NULL,1
3066,456,2
3067,NULL,10
3068,456,13
3069,430,9
3070,70,14
3071,206,1
3072,70,13
3073,NULL,2
3074,530,9
3075,160,1
3076,430,10
3077,232,9
3078,NULL,1
3079,456,2
3080,187,1
3081,430,9
3082,330,1
3083,347,1
3084,430,10
3085,121,11
3086,291,1
3087,187,1
3088,430,10
3089,70,14
3090,430,9
3091,121,1
3092,70,14
3093,267,11
3094,336,10
3095,70,1
3096,534,8
3097,NULL,1
3098,NULL,2
3099,206,2
3100,430,9
3101,341,10
3102,NULL,1
3103,309,14
3104,NULL,12
3105,NULL,1
3106,64,1
3107,70,14
3108,NULL,1
3109,70,2
3110,297,14
3111,206,6
3112,530,9
3113,267,1
3114,411,21
3115,70,2
3116,267,1
3117,70,15
3118,NULL,8
3119,430,9
3120,70,2
3121,70,14
3122,70,22
3123,70,14
3124,275,14
3125,NULL,1
3126,NULL,1
3127,550,3
3128,516,8
3129,121,1
3130,456,14
3131,70,2
3132,NULL,1
3133,NULL,2
3134,NULL,1
3135,NULL,1
3136,430,1
3137,NULL,1
3138,NULL,1
3139,70,13
3140,70,2
3141,NULL,1
3142,NULL,1
3143,530,1
3144,411,1
3145,430,9
3146,70,14
3147,358,1
3148,121,11
3149,534,1
3150,70,2
3151,NULL,1
3152,534,1
3153,456,13
3154,NULL,13
3155,456,2
3156,NULL,1
3157,70,14
3158,534,8
3159,NULL,1
3160,187,1
3161,206,14
3162,54,9
3163,NULL,1
3164,275,1
3165,336,1
3166,121,1
3167,456,14
3168,430,10
3169,430,9
3170,NULL,1
3171,267,11
3172,NULL,1
3173,530,1
3174,430,9
3175,NULL,1
3176,NULL,1
3177,367,1
3178,NULL,1
3179,NULL,1
3180,430,9
3181,121,11
3182,70,14
3183,550,21
3184,70,14
3185,121,16
3186,267,11
3187,NULL,1
3188,NULL,1
3189,NULL,1
3190,NULL,1
3191,121,11
3192,565,1
3193,70,4
3194,430,10
3195,NULL,1
3196,NULL,1
3197,70,13
3198,70,21
3199,442,1
3200,70,15
3201,NULL,1
3202,NULL,1
3203,550,13
3204,NULL,1
3205,121,1
3206,430,9
3207,NULL,1
3208,395,14
3209,430,9
3210,431,4
3211,551,2
3212,NULL,1
3213,NULL,1
3214,456,14
3215,70,13
3216,250,10
3217,171,1
3218,70,2
3219,309,13
3220,NULL,1
3221,430,8
3222,121,1
3223,456,14
3224,70,14
3225,550,1
3226,171,1
3227,NULL,1
3228,456,21
3229,NULL,1
3230,70,13
3231,70,15
3232,267,11
3233,430,8
3234,549,8
3235,NULL,1
3236,431,1
3237,534,8
3238,367,2
3239,70,15
3240,NULL,13
3241,267,11
3242,NULL,10
3243,121,16
3244,70,2
3245,336,1
3246,NULL,2
3247,121,16
3248,430,9
3249,430,8
3250,70,14
3251,70,14
3252,232,9
3253,187,1
3254,534,8
3255,NULL,1
3256,NULL,1
3257,NULL,9
3258,514,9
3259,NULL,17
3260,272,1
3261,70,2
3262,NULL,1
3263,NULL,14
3264,NULL,4
3265,456,14
3266,232,9
3267,70,14
3268,105,1
3269,82,10
3270,70,14
3271,70,1
3272,430,1
3273,70,13
3274,70,14
3275,430,8
3276,NULL,1
3277,NULL,1
3278,70,13
3279,267,1
3280,70,2
3281,70,14
3282,70,14
3283,70,14
3284,514,1
3285,70,1
3286,70,14
3287,187,11
3288,NULL,10
3289,121,11
3290,187,1
3291,70,14
3292,70,14
3293,391,10
3294,98,1
3295,NULL,10
3296,187,1
3297,NULL,1
3298,70,15
3299,430,9
3300,NULL,1
3301,456,13
3302,430,10
3303,26,1
3304,430,10
3305,171,1
3306,47,1
3307,NULL,1
3308,NULL,1
3309,197,7
3310,NULL,16
3311,187,11
3312,341,1
3313,70,14
3314,NULL,1
3315,NULL,1
3316,NULL,10
3317,70,15
3318,NULL,14
3319,70,1
3320,456,8
3321,NULL,1
3322,70,14
3323,70,14
3324,456,14
3325,534,8
3326,430,1
3327,70,13
3328,121,16
3329,550,3
3330,456,2
3331,NULL,1
3332,NULL,1
3333,530,9
3334,430,4
3335,275,14
3336,187,1
3337,430,1
3338,206,2
3339,70,7
3340,530,9
3341,267,11
3342,70,14
3343,267,11
3344,456,14
3345,267,11
3346,534,9
3347,70,14
3348,70,14
3349,336,10
3350,206,2
3351,NULL,1
3352,NULL,1
3353,206,21
3354,70,15
3355,121,16
3356,NULL,2
3357,430,10
3358,70,2
3359,70,14
3360,70,2
3361,NULL,1
3362,70,15
3363,NULL,1
3364,70,15
3365,430,9
3366,456,8
3367,70,14
3368,464,21
3369,534,8
3370,NULL,1
3371,513,10
3372,70,2
3373,70,2
3374,70,13
3375,121,11
3376,NULL,1
3377,70,2
3378,NULL,13
3379,206,2
3380,70,2
3381,NULL,1
3382,430,9
3383,336,1
3384,NULL,1
3385,70,22
3386,70,1
3387,232,9
3388,551,2
3389,NULL,1
3390,NULL,1
3391,232,9
3392,70,14
3393,373,10
3394,530,4
3395,NULL,1
3396,NULL,1
3397,NULL,1
3398,430,9
3399,NULL,1
3400,70,13
3401,NULL,1
3402,NULL,1
3403,NULL,1
3404,70,14
3405,430,9
3406,NULL,1
3407,534,9
3408,70,2
3409,534,9
3410,267,11
3411,NULL,1
3412,NULL,1
3413,70,14
3414,70,15
3415,309,13
3416,NULL,1
3417,NULL,1
3418,70,1
3419,NULL,1
3420,245,21
3421,232,9
3422,530,1
3423,NULL,1
3424,309,13
3425,272,1
3426,534,9
3427,70,14
3428,NULL,1
3429,430,9
3430,NULL,1
3431,NULL,13
3432,70,14
3433,121,11
3434,NULL,1
3435,70,2
3436,NULL,1
3437,232,9
3438,473,1
3439,70,15
3440,NULL,21
3441,538,1
3442,70,14
3443,NULL,1
3444,206,2
3445,NULL,1
3446,70,14
3447,NULL,1
3448,NULL,1
3449,NULL,1
3450,550,13
3451,NULL,1
3452,70,15
3453,NULL,1
3454,232,9
3455,70,14
3456,336,1
3457,267,1
3458,70,2
3459,121,16
3460,NULL,1
3461,NULL,1
3462,NULL,1
3463,267,11
3464,341,1
3465,NULL,1
3466,250,10
3467,NULL,1
3468,266,13
3469,430,10
3470,121,16
3471,70,2
3472,NULL,1
3473,267,11
3474,267,11
3475,NULL,1
3476,70,14
3477,550,8
3478,NULL,1
3479,NULL,1
3480,70,2
3481,NULL,1
3482,NULL,1
3483,430,1
3484,NULL,1
3485,456,14
3486,70,15
3487,NULL,1
3488,288,1
3489,NULL,1
3490,70,15
3491,70,14
3492,121,11
3493,NULL,1
3494,NULL,1
3495,70,14
3496,121,11
3497,456,2
3498,430,9
3499,NULL,1
3500,448,1
3501,NULL,1
3502,NULL,1
3503,264,17
3504,70,13
3505,70,15
3506,534,1
3507,NULL,11
3508,551,1
3509,530,1
3510,NULL,3
3511,NULL,1
3512,70,2
3513,70,2
3514,187,1
3515,70,14
3516,NULL,1
3517,534,9
3518,70,2
3519,NULL,1
3520,70,15
3521,NULL,1
3522,267,1
3523,NULL,1
3524,267,1
3525,NULL,1
3526,360,1
3527,535,1
3528,26,4
3529,267,11
3530,NULL,1
3531,70,14
3532,NULL,1
3533,250,10
3534,NULL,1
3535,121,11
3536,430,8
3537,456,13
3538,70,15
3539,530,9
3540,550,8
3541,NULL,11
3542,430,28
3543,430,10
3544,NULL,1
3545,NULL,1
3546,70,14
3547,121,1
3548,550,3
3549,430,9
3550,NULL,1
3551,NULL,1
3552,NULL,10
3553,550,3
3554,121,1
3555,26,3
3556,327,10
3557,NULL,1
3558,105,1
3559,NULL,1
3560,70,2
3561,NULL,1
3562,187,1
3563,530,9
3564,430,1
3565,391,4
3566,411,4
3567,NULL,1
3568,NULL,10
3569,NULL,1
3570,NULL,1
3571,70,1
3572,70,2
3573,NULL,1
3574,232,9
3575,NULL,1
3576,70,15
3577,NULL,1
3578,70,15
3579,121,16
3580,514,9
3581,82,10
3582,341,1
3583,NULL,1
3584,70,2
3585,70,2
3586,70,15
3587,NULL,1
3588,267,1
3589,121,16
3590,121,16
3591,197,7
3592,121,1
3593,121,16
3594,430,8
3595,NULL,10
3596,70,1
3597,288,1
3598,267,11
3599,187,1
3600,70,2
3601,NULL,14
3602,171,1
3603,70,2
3604,70,1
3605,NULL,1
3606,121,16
3607,NULL,1
3608,456,13
3609,70,2
3610,70,14
3611,NULL,1
3612,70,14
3613,70,14
3614,NULL,1
3615,70,19
3616,550,13
3617,530,9
3618,534,8
3619,70,2
3620,267,11
3621,70,14
3622,NULL,1
3623,NULL,1
3624,NULL,1
3625,121,1
3626,NULL,1
3627,NULL,1
3628,70,1
3629,NULL,1
3630,NULL,1
3631,430,10
3632,NULL,1
3633,70,7
3634,70,2
3635,70,14
3636,70,14
3637,70,15
3638,26,1
3639,NULL,1
3640,NULL,1
3641,550,3
3642,NULL,1
3643,NULL,13
3644,39,1
3645,70,15
3646,367,13
3647,121,16
3648,232,9
3649,430,9
3650,70,2
3651,NULL,13
3652,NULL,1
3653,NULL,1
3654,64,1
3655,245,7
3656,456,13
3657,430,9
3658,NULL,1
3659,121,11
3660,456,21
3661,70,2
3662,250,10
3663,105,1
3664,70,2
3665,456,14
3666,267,11
3667,430,10
3668,430,9
3669,264,1
3670,70,2
3671,NULL,1
3672,430,10
3673,NULL,1
3674,70,14
3675,NULL,1
3676,NULL,1
3677,206,2
3678,70,14
3679,430,1
3680,534,9
3681,70,14
3682,275,14
3683,430,1
3684,NULL,1
3685,NULL,1
3686,121,11
3687,550,13
3688,70,1
3689,456,13
3690,430,9
3691,26,1
3692,NULL,1
3693,NULL,1
3694,NULL,1
3695,514,9
3696,70,1
3697,70,14
3698,267,11
3699,NULL,1
3700,70,2
3701,70,2
3702,70,2
3703,205,1
3704,70,14
3705,70,2
3706,430,1
3707,297,14
3708,NULL,1
3709,267,1
3710,430,18
3711,47,1
3712,NULL,1
3713,NULL,1
3714,411,4
3715,267,11
3716,171,1
3717,70,1
3718,NULL,1
3719,534,9
3720,551,13
3721,NULL,1
3722,336,10
3723,430,9
3724,NULL,1
3725,NULL,1
3726,NULL,1
3727,NULL,1
3728,70,14
3729,70,14
3730,70,21
3731,NULL,10
3732,70,2
3733,341,1
3734,39,1
3735,NULL,1
3736,430,1
3737,430,9
3738,NULL,1
3739,NULL,10
3740,NULL,1
3741,NULL,1
3742,121,16
3743,70,14
3744,430,9
3745,411,4
3746,NULL,1
3747,267,1
3748,NULL,1
3749,NULL,1
3750,70,14
3751,70,1
3752,70,22
3753,39,1
3754,70,15
3755,NULL,21
3756,70,2
3757,267,11
3758,341,1
3759,70,1
3760,121,11
3761,82,10
3762,530,9
3763,NULL,10
3764,NULL,1
3765,187,1
3766,121,11
3767,272,1
3768,NULL,1
3769,550,8
3770,121,16
3771,NULL,1
3772,530,9
3773,121,11
3774,70,14
3775,NULL,1
3776,NULL,13
3777,232,9
3778,NULL,1
3779,NULL,21
3780,530,4
3781,530,9
3782,551,13
3783,NULL,1
3784,430,9
3785,NULL,1
3786,26,4
3787,NULL,1
3788,70,6
3789,NULL,1
3790,NULL,1
3791,NULL,1
3792,NULL,1
3793,NULL,1
3794,NULL,1
3795,NULL,1
3796,70,2
3797,70,14
3798,NULL,8
3799,534,8
3800,329,21
3801,456,2
3802,341,10
3803,NULL,1
3804,530,9
3805,98,1
3806,267,11
3807,70,14
3808,514,1
3809,430,1
3810,NULL,11
3811,NULL,12
3812,538,1
3813,206,2
3814,NULL,1
3815,NULL,3
3816,550,3
3817,70,14
3818,430,9
3819,NULL,1
3820,206,6
3821,105,1
3822,456,2
3823,NULL,1
3824,456,2
3825,NULL,1
3826,NULL,1
3827,54,1
3828,70,14
3829,NULL,1
3830,NULL,1
3831,NULL,1
3832,121,11
3833,341,1
3834,NULL,1
3835,70,2
3836,NULL,1
3837,456,2
3838,534,1
3839,456,2
3840,430,10
3841,530,4
3842,266,14
3843,70,14
3844,NULL,1
3845,267,11
3846,456,14
3847,534,8
3848,70,15
3849,26,1
3850,514,1
3851,411,4
3852,70,14
3853,267,11
3854,NULL,1
3855,430,1
3856,267,11
3857,70,19
3858,NULL,1
3859,530,9
3860,171,1
3861,187,1
3862,NULL,1
3863,NULL,1
3864,267,11
3865,NULL,1
3866,NULL,1
3867,336,10
3868,550,3
3869,NULL,1
3870,NULL,1
3871,105,1
3872,NULL,1
3873,NULL,1
3874,NULL,1
3875,121,16
3876,70,1
3877,NULL,1
3878,NULL,1
3879,NULL,1
3880,456,2
3881,70,15
3882,70,1
3883,NULL,4
3884,550,21
3885,NULL,1
3886,206,2
3887,187,11
3888,267,11
3889,NULL,1
3890,430,1
3891,37,14
3892,456,14
3893,NULL,10
3894,NULL,1
3895,121,11
3896,NULL,1
3897,267,11
3898,70,14
3899,NULL,1
3900,70,15
3901,266,13
3902,530,1
3903,530,9
3904,NULL,1
3905,NULL,1
3906,309,14
3907,336,10
3908,156,1
3909,NULL,1
3910,NULL,1
3911,NULL,1
3912,550,8
3913,NULL,1
3914,264,8
3915,NULL,1
3916,492,1
3917,NULL,1
3918,NULL,1
3919,391,1
3920,430,8
3921,NULL,10
3922,70,14
3923,341,1
3924,NULL,10
3925,267,11
3926,NULL,1
3927,171,1
3928,187,11
3929,232,9
3930,516,8
3931,367,1
3932,NULL,1
3933,336,1
3934,NULL,1
3935,70,2
3936,NULL,1
3937,197,7
3938,70,2
3939,NULL,1
3940,70,14
3941,535,1
3942,530,9
3943,275,14
3944,267,11
3945,NULL,1
3946,NULL,1
3947,NULL,1
3948,NULL,1
3949,26,1
3950,NULL,1
3951,121,16
3952,70,14
3953,430,9
3954,70,15
3955,442,1
3956,530,1
3957,82,10
3958,430,1
3959,NULL,1
3960,NULL,1
3961,430,9
3962,NULL,1
3963,NULL,1
3964,302,1
3965,70,14
3966,160,1
3967,336,1
3968,430,1
3969,70,14
3970,70,13
3971,430,9
3972,82,10
3973,187,1
3974,NULL,1
3975,NULL,1
3976,39,1
3977,NULL,10
3978,NULL,1
3979,530,9
3980,70,14
3981,430,9
3982,NULL,3
3983,430,9
3984,456,14
3985,70,1
3986,516,8
3987,514,1
3988,NULL,1
3989,514,1
3990,534,8
3991,70,14
3992,430,1
3993,70,2
3994,534,9
3995,70,14
3996,550,8
3997,70,14
3998,121,11
3999,NULL,1
4000,336,10
4001,NULL,1
4002,NULL,10
4003,70,14
4004,336,10
4005,70,14
4006,267,11
4007,NULL,1
4008,121,11
4009,NULL,10
4010,430,10
4011,NULL,1
4012,NULL,1
4013,NULL,13
4014,NULL,1
4015,456,14
4016,121,11
4017,NULL,1
4018,121,11
4019,206,2
4020,NULL,1
4021,530,9
4022,NULL,1
4023,309,13
4024,121,16
4025,206,2
4026,NULL,1
4027,82,8
4028,456,14
4029,70,22
4030,341,10
4031,NULL,1
4032,70,14
4033,530,9
4034,NULL,1
4035,430,10
4036,550,13
4037,121,3
4038,70,14
4039,550,13
4040,530,9
4041,NULL,1
4042,NULL,1
4043,530,4
4044,NULL,1
4045,NULL,1
4046,550,13
4047,267,2
4048,70,14
4049,64,1
4050,267,11
4051,121,16
4052,232,1
4053,456,2
4054,534,8
4055,NULL,1
4056,70,14
4057,336,1
4058,430,9
4059,39,1
4060,456,2
4061,NULL,10
4062,70,2
4063,70,2
4064,NULL,1
4065,70,14
4066,530,1
4067,267,11
4068,267,11
4069,309,13
4070,NULL,1
4071,275,14
4072,70,2
4073,70,2
4074,70,15
4075,530,9
4076,267,11
4077,NULL,1
4078,NULL,1
4079,565,1
4080,NULL,1
4081,NULL,1
4082,70,14
4083,NULL,1
4084,456,14
4085,267,11
4086,NULL,1
4087,549,8
4088,NULL,1
4089,70,14
4090,456,14
4091,267,11
4092,NULL,1
4093,431,4
4094,NULL,3
4095,NULL,1
4096,174,1
4097,534,9
4098,514,1
4099,70,14
4100,70,14
4101,550,13
4102,121,16
4103,514,1
4104,NULL,1
4105,391,1
4106,NULL,1
4107,70,2
4108,NULL,1
4109,430,9
4110,367,21
4111,70,2
4112,NULL,1
4113,411,1
4114,358,1
4115,121,1
4116,NULL,1
4117,NULL,1
4118,430,1
4119,NULL,13
4120,70,14
4121,70,14
4122,456,14
4123,NULL,1
4124,341,1
4125,47,1
4126,456,14
4127,NULL,13
4128,NULL,14
4129,NULL,1
4130,NULL,1
4131,534,8
4132,232,9
4133,NULL,1
4134,NULL,14
4135,NULL,1
4136,NULL,1
4137,367,1
4138,70,14
4139,NULL,1
4140,NULL,1
4141,NULL,1
4142,NULL,1
4143,NULL,1
4144,70,2
4145,121,11
4146,534,8
4147,70,2
4148,NULL,13
4149,NULL,1
4150,530,9
4151,NULL,1
4152,NULL,1
4153,187,1
4154,516,8
4155,70,14
4156,121,11
4157,550,1
4158,NULL,2
4159,NULL,1
4160,411,3
4161,70,14
4162,534,8
4163,NULL,1
4164,391,10
4165,70,14
4166,NULL,1
4167,456,14
4168,70,19
4169,341,1
4170,267,11
4171,232,1
4172,70,2
4173,206,1
4174,NULL,1
4175,336,10
4176,341,1
4177,NULL,1
4178,NULL,1
4179,NULL,1
4180,NULL,1
4181,NULL,1
4182,514,1
4183,70,14
4184,NULL,1
4185,70,14
4186,456,2
4187,430,9
4188,NULL,1
4189,NULL,1
4190,NULL,1
4191,391,21
4192,121,11
4193,430,1
4194,206,1
4195,70,14
4196,530,9
4197,121,11
4198,70,14
4199,267,1
4200,NULL,1
4201,156,21
4202,70,2
4203,70,14
4204,309,14
4205,430,9
4206,430,8
4207,430,9
4208,121,1
4209,NULL,1
4210,NULL,1
4211,267,11
4212,206,2
4213,267,11
4214,534,8
4215,70,2
4216,70,15
4217,NULL,1
4218,456,8
4219,70,14
4220,121,1
4221,288,13
4222,232,9
4223,70,1
4224,70,2
4225,NULL,1
4226,NULL,1
4227,NULL,8
4228,70,14
4229,267,11
4230,70,2
4231,530,9
4232,70,14
4233,360,1
4234,430,10
4235,70,2
4236,430,1
4237,551,2
4238,430,9
4239,70,2
4240,341,10
4241,430,10
4242,534,9
4243,187,11
4244,430,9
4245,NULL,1
4246,70,14
4247,70,1
4248,121,11
4249,NULL,1
4250,70,2
4251,NULL,1
4252,430,10
4253,NULL,16
4254,456,14
4255,70,15
4256,NULL,1
4257,550,3
4258,70,2
4259,70,2
4260,530,1
4261,NULL,1
4262,267,11
4263,NULL,1
4264,551,2
4265,121,11
4266,70,15
4267,NULL,2
4268,456,13
4269,430,8
4270,456,14
4271,121,16
4272,430,10
4273,70,14
4274,441,1
4275,267,11
4276,430,1
4277,70,1
4278,NULL,1
4279,430,1
4280,532,1
4281,534,8
4282,430,9
4283,NULL,1
4284,NULL,1
4285,70,14
4286,309,12
4287,NULL,1
4288,297,14
4289,538,1
4290,70,14
4291,NULL,1
4292,70,15
4293,267,11
4294,70,14
4295,NULL,1
4296,121,16
4297,NULL,1
4298,NULL,1
4299,70,14
4300,NULL,1
4301,534,9
4302,NULL,1
4303,516,8
4304,430,9
4305,534,8
4306,430,9
4307,NULL,1
4308,430,10
4309,456,14
4310,430,9
4311,430,9
4312,70,2
4313,NULL,1
4314,70,14
4315,70,1
4316,329,1
4317,70,14
4318,NULL,1
4319,70,2
4320,530,9
4321,NULL,1
4322,NULL,1
4323,329,1
4324,NULL,1
4325,534,8
4326,NULL,17
4327,NULL,1
4328,206,6
4329,NULL,1
4330,534,1
4331,NULL,10
4332,367,2
4333,70,2
4334,341,1
4335,530,9
4336,341,1
4337,NULL,1
4338,430,9
4339,NULL,1
4340,NULL,3
4341,NULL,1
4342,NULL,1
4343,534,1
4344,NULL,1
4345,NULL,1
4346,187,1
4347,70,14
4348,206,6
4349,NULL,1
4350,NULL,1
4351,336,1
4352,NULL,1
4353,70,14
4354,70,14
4355,NULL,1
4356,391,4
4357,70,15
4358,430,9
4359,430,9
4360,534,9
4361,NULL,1
4362,NULL,1
4363,532,1
4364,NULL,1
4365,121,11
4366,456,14
4367,NULL,1
4368,267,11
4369,358,1
4370,267,11
4371,70,2
4372,NULL,1
4373,456,14
4374,121,16
4375,70,1
4376,430,9
4377,121,1
4378,535,4
4379,70,14
4380,267,11
4381,70,14
4382,NULL,14
4383,NULL,1
4384,NULL,1
4385,187,11
4386,NULL,1
4387,534,8
4388,NULL,1
4389,121,1
4390,NULL,13
4391,70,1
4392,391,10
4393,267,11
4394,NULL,1
4395,309,13
4396,70,14
4397,NULL,1
4398,70,2
4399,70,1
4400,NULL,1
4401,530,9
4402,565,1
4403,121,1
4404,267,11
4405,NULL,1
4406,70,1
4407,354,1
4408,121,11
4409,70,2
4410,456,14
4411,272,1
4412,206,2
4413,121,11
4414,NULL,1
4415,129,1
4416,550,21
4417,267,1
4418,430,9
4419,NULL,8
4420,70,15
4421,70,14
4422,NULL,1
4423,272,1
4424,NULL,1
4425,NULL,1
4426,530,9
4427,NULL,14
4428,121,16
4429,530,9
4430,250,10
4431,NULL,1
4432,341,1
4433,NULL,1
4434,70,14
4435,NULL,1
4436,70,15
4437,187,11
4438,NULL,14
4439,70,14
4440,535,4
4441,391,4
4442,NULL,1
4443,NULL,1
4444,70,21
4445,70,14
4446,550,13
4447,430,9
4448,187,1
4449,70,22
4450,NULL,13
4451,70,1
4452,70,15
4453,NULL,1
4454,328,1
4455,121,1
4456,206,1
4457,121,1
4458,NULL,14
4459,70,1
4460,70,14
4461,NULL,23
4462,391,1
4463,530,9
4464,187,11
4465,534,9
4466,NULL,1
4467,70,14
4468,565,9
4469,267,11
4470,430,10
4471,430,9
4472,NULL,1
4473,NULL,1
4474,267,11
4475,NULL,1
4476,160,1
4477,430,9
4478,NULL,1
4479,70,14
4480,NULL,1
4481,336,1
4482,534,1
4483,430,9
4484,391,4
4485,187,1
4486,NULL,1
4487,NULL,1
4488,70,14
4489,206,2
4490,NULL,1
4491,NULL,1
4492,70,14
4493,535,1
4494,NULL,1
4495,NULL,1
4496,NULL,1
4497,70,14
4498,511,9
4499,514,1
4500,456,2
4501,430,10
4502,NULL,1
4503,70,14
4504,399,1
4505,NULL,1
4506,70,1
4507,NULL,1
4508,NULL,1
4509,534,1
4510,121,16
4511,NULL,1
4512,514,1
4513,NULL,2
4514,187,1
4515,430,9
4516,NULL,1
4517,NULL,1
4518,NULL,1
4519,206,2
4520,456,14
4521,456,14
4522,NULL,1
4523,430,9
4524,70,14
4525,NULL,1
4526,70,15
4527,456,14
4528,70,14
4529,354,1
4530,NULL,1
4531,70,14
4532,534,1
4533,NULL,1
4534,121,11
4535,70,1
4536,70,14
4537,NULL,1
4538,70,15
4539,70,14
4540,534,8
4541,70,14
4542,NULL,21
4543,430,1
4544,70,15
4545,NULL,1
4546,70,14
4547,70,14
4548,267,1
4549,336,10
4550,NULL,1
4551,519,1
4552,121,16
4553,70,2
4554,430,9
4555,NULL,1
4556,NULL,3
4557,187,1
4558,121,11
4559,430,9
4560,NULL,1
4561,NULL,1
4562,NULL,2
4563,121,1
4564,456,14
4565,70,2
4566,70,6
4567,550,3
4568,NULL,1
4569,NULL,1
4570,534,8
4571,267,11
4572,565,9
4573,NULL,1
4574,456,1
4575,430,1
4576,70,7
4577,NULL,1
4578,525,8
4579,534,1
4580,82,1
4581,70,14
4582,NULL,1
4583,121,16
4584,NULL,1
4585,430,10
4586,NULL,1
4587,NULL,1
4588,535,4
4589,121,1
4590,187,1
4591,NULL,1
4592,206,2
4593,NULL,1
4594,309,12
4595,47,1
4596,341,1
4597,309,12
4598,NULL,10
4599,430,10
4600,70,2
4601,121,11
4602,336,10
4603,309,14
4604,70,15
4605,206,2
4606,NULL,1
4607,550,3
4608,70,14
4609,NULL,1
4610,NULL,1
4611,534,1
4612,250,1
4613,550,21
4614,267,11
4615,NULL,1
4616,456,14
4617,267,11
4618,391,4
4619,336,10
4620,430,1
4621,267,11
4622,551,13
4623,456,14
4624,70,15
4625,70,14
4626,534,9
4627,430,9
4628,267,11
4629,NULL,1
4630,430,9
4631,530,9
4632,NULL,10
4633,121,11
4634,NULL,1
4635,70,1
4636,519,1
4637,121,16
4638,70,1
4639,530,1
4640,70,14
4641,430,9
4642,456,8
4643,121,1
4644,39,1
4645,431,1
4646,NULL,1
4647,530,9
4648,70,2
4649,NULL,1
4650,430,9
4651,NULL,1
4652,430,10
4653,NULL,1
4654,309,14
4655,275,14
4656,121,16
4657,70,14
4658,NULL,14
4659,530,9
4660,430,10
4661,70,15
4662,395,14
4663,NULL,1
4664,70,14
4665,411,4
4666,456,2
4667,530,9
4668,NULL,1
4669,534,8
4670,NULL,14
4671,NULL,1
4672,530,9
4673,437,1
4674,NULL,1
4675,54,9
4676,299,1
4677,54,1
4678,NULL,1
4679,275,1
4680,NULL,1
4681,121,1
4682,430,9
4683,70,14
4684,534,9
4685,NULL,1
4686,70,6
4687,98,1
4688,430,1
4689,430,10
4690,70,2
4691,70,14
4692,NULL,1
4693,70,14
4694,NULL,10
4695,70,15
4696,NULL,1
4697,NULL,1
4698,70,2
4699,NULL,1
4700,272,1
4701,NULL,1
4702,430,10
4703,456,14
4704,NULL,1
4705,NULL,1
4706,NULL,14
4707,NULL,16
4708,267,11
4709,70,2
4710,NULL,14
4711,530,9
4712,NULL,1
4713,NULL,1
4714,456,14
4715,70,15
4716,267,11
4717,551,1
4718,551,2
4719,444,1
4720,267,1
4721,70,14
4722,237,1
4723,70,2
4724,NULL,1
4725,267,1
4726,70,14
4727,NULL,13
4728,70,2
4729,NULL,1
4730,NULL,17
4731,NULL,1
4732,70,14
4733,430,8
4734,336,10
4735,70,14
4736,267,1
4737,NULL,1
4738,NULL,1
4739,430,9
4740,70,2
4741,NULL,1
4742,532,1
4743,NULL,10
4744,535,1
4745,NULL,1
4746,70,13
4747,NULL,1
4748,70,14
4749,430,9
4750,70,14
4751,70,1
4752,NULL,1
4753,NULL,1
4754,490,1
4755,NULL,1
4756,70,15
4757,530,9
4758,538,1
4759,430,8
4760,535,1
4761,70,14
4762,82,10
4763,NULL,1
4764,NULL,1
4765,70,2
4766,456,14
4767,NULL,1
4768,70,14
4769,NULL,1
4770,NULL,1
4771,187,11
4772,267,11
4773,NULL,1
4774,70,14
4775,550,3
4776,395,14
4777,70,13
4778,NULL,1
4779,NULL,1
4780,391,4
4781,121,11
4782,534,1
4783,70,2
4784,535,21
4785,70,7
4786,NULL,1
4787,430,9
4788,NULL,1
4789,NULL,1
4790,70,14
4791,70,22
4792,530,9
4793,456,2
4794,70,15
4795,70,1
4796,70,14
4797,NULL,1
4798,121,1
4799,456,14
4800,266,13
4801,431,21
4802,NULL,1
4803,NULL,1
4804,456,14
4805,70,19
4806,NULL,1
4807,NULL,1
4808,NULL,1
4809,70,15
4810,70,14
4811,530,9
4812,NULL,1
4813,550,10
4814,206,2
4815,336,10
4816,NULL,1
4817,NULL,1
4818,70,14
4819,NULL,1
4820,70,14
4821,70,2
4822,530,9
4823,336,10
4824,NULL,1
4825,NULL,1
4826,70,19
4827,70,13
4828,187,1
4829,272,1
4830,534,9
4831,530,28
4832,98,1
4833,70,14
4834,NULL,1
4835,NULL,1
4836,70,2
4837,541,1
4838,336,10
4839,456,2
4840,430,9
4841,NULL,1
4842,121,1
4843,NULL,1
4844,NULL,1
4845,47,1
4846,NULL,1
4847,336,10
4848,430,10
4849,267,1
4850,70,13
4851,70,2
4852,519,1
4853,70,2
4854,NULL,1
4855,530,1
4856,336,10
4857,267,11
4858,336,10
4859,299,1
4860,456,2
4861,514,18
4862,NULL,1
4863,121,1
4864,456,2
4865,70,2
4866,NULL,1
4867,NULL,1
4868,550,8
4869,121,16
4870,70,19
4871,534,8
4872,NULL,1
4873,499,10
4874,70,2
4875,70,14
4876,272,1
4877,70,2
4878,NULL,2
4879,NULL,1
4880,NULL,1
4881,NULL,1
4882,431,10
4883,430,9
4884,70,22
4885,NULL,1
4886,NULL,1
4887,267,11
4888,456,14
4889,456,21
4890,70,2
4891,430,9
4892,NULL,1
4893,NULL,1
4894,NULL,12
4895,NULL,1
4896,171,1
4897,206,14
4898,NULL,1
4899,551,2
4900,267,11
4901,267,11
4902,70,14
4903,NULL,1
4904,171,1
4905,70,15
4906,391,21
4907,309,13
4908,70,15
4909,367,2
4910,121,11
4911,70,14
4912,430,1
4913,NULL,1
4914,336,10
4915,534,8
4916,NULL,1
4917,70,13
4918,NULL,1
4919,456,14
4920,NULL,1
4921,264,1
4922,264,8
4923,70,21
4924,NULL,1
4925,309,14
4926,70,15
4927,NULL,1
4928,NULL,1
4929,NULL,1
4930,171,1
4931,121,1
4932,70,2
4933,70,14
4934,206,6
4935,70,14
4936,430,9
4937,430,1
4938,456,14
4939,NULL,1
4940,NULL,21
4941,456,14
4942,NULL,8
4943,448,1
4944,NULL,8
4945,70,2
4946,70,14
4947,NULL,1
4948,70,14
4949,98,1
4950,NULL,1
4951,430,1
4952,16,1
4953,395,14
4954,456,2
4955,NULL,1
4956,NULL,1
4957,550,3
4958,70,15
4959,530,4
4960,550,13
4961,250,10
4962,70,14
4963,121,11
4964,430,9
4965,NULL,1
4966,430,9
4967,NULL,17
4968,267,11
4969,430,9
4970,NULL,1
4971,430,9
4972,NULL,1
4973,NULL,1
4974,395,14
4975,NULL,10
4976,NULL,1
4977,NULL,1
4978,456,2
4979,430,9
4980,NULL,1
4981,NULL,1
4982,550,3
4983,206,21
4984,NULL,21
4985,187,11
4986,NULL,1
4987,430,9
4988,NULL,1
4989,534,8
4990,NULL,1
4991,NULL,1
4992,456,2
4993,105,1
4994,532,1
4995,431,4
4996,413,1
4997,525,8
4998,NULL,1
4999,121,11
5000,NULL,1
5001,NULL,10
5002,187,1
5003,NULL,1
5004,NULL,1
5005,NULL,10
5006,NULL,1
5007,187,11
5008,430,9
5009,530,1
5010,550,10
5011,415,1
5012,70,14
5013,NULL,1
5014,NULL,17
5015,206,14
5016,NULL,1
5017,391,1
5018,121,16
5019,NULL,1
5020,70,2
5021,367,2
5022,NULL,1
5023,70,15
5024,245,2
5025,NULL,1
5026,391,4
5027,430,9
5028,456,13
5029,534,8
5030,NULL,17
5031,70,2
5032,309,12
5033,456,13
5034,565,1
5035,NULL,1
5036,NULL,1
5037,267,11
5038,NULL,1
5039,70,19
5040,70,15
5041,550,1
5042,NULL,1
5043,NULL,1
5044,NULL,1
5045,430,10
5046,336,1
5047,456,2
5048,456,1
5049,367,13
5050,430,9
5051,70,14
5052,54,1
5053,NULL,1
5054,530,28
5055,267,11
5056,430,9
5057,232,9
5058,534,8
5059,411,4
5060,NULL,1
5061,551,13
5062,70,2
5063,70,13
5064,187,1
5065,456,14
5066,70,14
5067,549,8
5068,NULL,1
5069,534,8
5070,NULL,1
5071,70,15
5072,NULL,13
5073,430,10
5074,516,8
5075,70,15
5076,534,8
5077,550,3
5078,NULL,1
5079,550,21
5080,430,10
5081,121,11
5082,NULL,13
5083,121,11
5084,NULL,1
5085,430,9
5086,NULL,1
5087,NULL,1
5088,267,11
5089,309,13
5090,70,14
5091,430,1
5092,534,8
5093,83,1
5094,NULL,1
5095,309,12
5096,NULL,1
5097,70,14
5098,550,13
5099,70,1
5100,430,8
5101,530,9
5102,70,14
5103,267,11
5104,70,2
5105,267,11
5106,121,16
5107,39,1
5108,121,16
5109,NULL,1
5110,550,1
5111,430,1
5112,431,10
5113,121,1
5114,206,2
5115,430,1
5116,171,10
5117,70,15
5118,NULL,1
5119,NULL,1
5120,430,10
5121,395,2
5122,121,1
5123,NULL,1
5124,NULL,10
5125,NULL,1
5126,NULL,1
5127,NULL,13
5128,551,2
5129,232,1
5130,NULL,1
5131,70,2
5132,70,22
5133,NULL,1
5134,70,14
5135,550,17
5136,309,21
5137,70,22
5138,70,2
5139,NULL,1
5140,NULL,1
5141,NULL,1
5142,70,14
5143,NULL,1
5144,70,2
5145,430,1
5146,70,14
5147,456,8
5148,530,9
5149,267,1
5150,534,8
5151,NULL,14
5152,70,15
5153,430,10
5154,121,16
5155,213,1
5156,391,10
5157,430,9
5158,565,9
5159,NULL,13
5160,NULL,1
5161,430,8
5162,NULL,1
5163,3,17
5164,NULL,1
5165,267,11
5166,NULL,1
5167,70,13
5168,121,16
5169,NULL,1
5170,NULL,1
5171,442,1
5172,206,1
5173,250,10
5174,532,1
5175,530,1
5176,70,15
5177,NULL,1
5178,70,2
5179,267,11
5180,NULL,1
5181,105,1
5182,70,14
5183,534,8
5184,NULL,1
5185,530,9
5186,530,9
5187,341,1
5188,82,8
5189,267,11
5190,341,10
5191,456,14
5192,187,1
5193,NULL,1
5194,70,15
5195,NULL,3
5196,456,13
5197,70,14
5198,530,21
5199,70,14
5200,NULL,1
5201,NULL,10
5202,336,10
5203,70,2
5204,336,1
5205,NULL,13
5206,NULL,1
5207,456,13
5208,70,2
5209,70,13
5210,NULL,17
5211,70,19
5212,430,9
5213,54,9
5214,267,1
5215,206,2
5216,NULL,1
5217,550,21
5218,NULL,1
5219,NULL,1
5220,430,1
5221,NULL,1
5222,121,1
5223,NULL,1
5224,70,14
5225,NULL,1
5226,70,14
5227,NULL,1
5228,70,2
5229,456,14
5230,267,11
5231,70,15
5232,70,14
5233,70,15
5234,NULL,1
5235,430,9
5236,267,11
5237,309,13
5238,264,1
5239,171,1
5240,70,13
5241,121,11
5242,430,1
5243,121,16
5244,267,11
5245,NULL,1
5246,70,15
5247,430,1
5248,NULL,1
5249,NULL,1
5250,395,14
5251,550,13
5252,82,10
5253,534,9
5254,70,2
5255,498,1
5256,70,2
5257,70,21
5258,187,11
5259,NULL,1
5260,456,14
5261,121,16
5262,267,11
5263,NULL,1
5264,21,4
5265,391,10
5266,430,9
5267,70,14
5268,332,14
5269,232,9
5270,NULL,1
5271,82,8
5272,70,14
5273,70,14
5274,391,10
5275,NULL,1
5276,39,1
5277,70,14
5278,70,13
5279,70,14
5280,534,9
5281,430,9
5282,70,14
5283,NULL,1
5284,534,8
5285,82,10
5286,NULL,10
5287,70,14
5288,70,14
5289,516,8
5290,NULL,1
5291,NULL,1
5292,NULL,1
5293,NULL,1
5294,NULL,1
5295,68,1
5296,267,11
5297,514,9
5298,70,2
5299,70,15
5300,70,2
5301,391,21
5302,206,1
5303,309,13
5304,341,8
5305,70,13
5306,430,10
5307,NULL,1
5308,NULL,1
5309,197,7
5310,430,9
5311,431,1
5312,187,11
5313,456,2
5314,535,1
5315,70,14
5316,430,9
5317,NULL,1
5318,70,14
5319,70,14
5320,NULL,1
5321,430,9
5322,535,1
5323,565,9
5324,82,10
5325,341,10
5326,70,2
5327,70,2
5328,358,1
5329,70,2
5330,NULL,1
5331,70,15
5332,430,9
5333,70,1
5334,NULL,1
5335,70,14
5336,NULL,1
5337,492,1
5338,NULL,1
5339,NULL,12
5340,NULL,1
5341,70,14
5342,456,2
5343,NULL,1
5344,NULL,1
5345,NULL,1
5346,272,1
5347,534,1
5348,NULL,10
5349,336,10
5350,441,1
5351,516,8
5352,NULL,1
5353,121,16
5354,121,16
5355,391,1
5356,267,1
5357,70,21
5358,430,9
5359,121,11
5360,430,9
5361,430,10
5362,121,16
5363,267,11
5364,NULL,1
5365,106,1
5366,121,1
5367,26,1
5368,121,1
5369,NULL,1
5370,70,14
5371,541,1
5372,430,9
5373,267,11
5374,NULL,1
5375,NULL,1
5376,NULL,1
5377,187,11
5378,70,14
5379,NULL,1
5380,267,11
5381,267,11
5382,NULL,14
5383,336,1
5384,NULL,1
5385,NULL,1
5386,70,14
5387,395,14
5388,70,14
5389,70,14
5390,70,7
5391,430,9
5392,430,10
5393,456,14
5394,70,14
5395,39,1
5396,187,1
5397,530,1
5398,70,14
5399,430,1
5400,391,4
5401,70,14
5402,309,13
5403,121,1
5404,70,2
5405,430,10
5406,430,9
5407,NULL,1
5408,550,13
5409,47,1
5410,267,11
5411,64,1
5412,NULL,1
5413,NULL,1
5414,267,11
5415,98,1
5416,341,1
5417,391,1
5418,530,1
5419,NULL,1
5420,534,9
5421,70,14
5422,70,2
5423,534,8
5424,360,21
5425,197,7
5426,228,1
5427,70,13
5428,70,15
5429,550,1
5430,70,14
5431,70,14
5432,70,1
5433,70,14
5434,430,10
5435,70,14
5436,430,10
5437,534,8
5438,430,10
5439,70,15
5440,105,1
5441,NULL,1
5442,NULL,1
5443,565,1
5444,267,11
5445,456,2
5446,121,11
5447,391,10
5448,NULL,1
5449,NULL,1
5450,NULL,1
5451,550,13
5452,NULL,1
5453,NULL,1
5454,70,15
5455,NULL,1
5456,NULL,1
5457,NULL,1
5458,121,16
5459,275,14
5460,70,15
5461,121,16
5462,430,10
5463,NULL,1
5464,70,15
5465,NULL,3
5466,411,1
5467,70,2
5468,530,9
5469,NULL,1
5470,70,6
5471,70,2
5472,267,11
5473,NULL,1
5474,456,2
5475,70,2
5476,121,11
5477,530,9
5478,430,1
5479,NULL,1
5480,NULL,1
5481,530,9
5482,NULL,11
5483,206,2
5484,206,6
5485,70,14
5486,550,8
5487,70,15
5488,70,14
5489,530,9
5490,267,11
5491,550,8
5492,395,2
5493,430,1
5494,70,13
5495,NULL,1
5496,NULL,1
5497,411,4
5498,171,10
5499,NULL,1
5500,NULL,1
5501,121,1
5502,70,1
5503,NULL,1
5504,70,13
5505,NULL,1
5506,430,8
5507,121,11
5508,336,1
5509,430,1
5510,70,14
5511,206,6
5512,430,10
5513,NULL,10
5514,232,9
5515,514,1
5516,430,9
5517,206,2
5518,430,10
5519,NULL,1
5520,530,4
5521,NULL,1
5522,70,19
5523,NULL,1
5524,519,1
5525,NULL,1
5526,121,16
5527,NULL,1
5528,530,9
5529,264,8
5530,430,1
5531,70,14
5532,NULL,10
5533,98,1
5534,70,15
5535,NULL,1
5536,206,14
5537,206,14
5538,430,9
5539,NULL,1
5540,NULL,1
5541,534,9
5542,336,1
5543,NULL,1
5544,NULL,1
5545,NULL,1
5546,70,15
5547,534,9
5548,70,2
5549,NULL,1
5550,70,15
5551,411,4
5552,70,2
5553,70,14
5554,NULL,1
5555,534,9
5556,535,1
5557,NULL,1
5558,456,14
5559,275,1
5560,171,10
5561,534,8
5562,121,16
5563,NULL,1
5564,121,11
5565,519,1
5566,430,1
5567,267,11
5568,NULL,1
5569,NULL,1
5570,187,1
5571,267,1
5572,206,2
5573,70,15
5574,232,8
5575,456,2
5576,70,15
5577,70,1
5578,206,14
5579,121,1
5580,121,11
5581,70,14
5582,NULL,14
5583,456,14
5584,70,2
5585,70,14
5586,336,10
5587,514,1
5588,336,1
5589,70,15
5590,245,2
5591,NULL,1
5592,NULL,1
5593,70,14
5594,NULL,1
5595,456,14
5596,70,15
5597,456,2
5598,267,1
5599,NULL,1
5600,430,9
5601,70,15
5602,430,8
5603,336,1
5604,70,2
5605,NULL,1
5606,534,9
5607,228,1
5608,70,14
5609,456,14
5610,NULL,1
5611,NULL,1
5612,275,14
5613,430,1
5614,336,10
5615,NULL,1
5616,121,11
5617,NULL,1
5618,367,13
5619,NULL,1
5620,206,1
5621,NULL,14
5622,70,14
5623,391,10
5624,70,1
5625,NULL,13
5626,70,14
5627,NULL,1
5628,121,1
5629,70,15
5630,121,1
5631,NULL,1
5632,534,1
5633,456,14
5634,456,2
5635,430,9
5636,70,19
5637,NULL,1
5638,530,9
5639,232,9
5640,430,8
5641,288,13
5642,341,1
5643,70,15
5644,393,1
5645,267,11
5646,456,2
5647,530,9
5648,70,2
5649,70,14
5650,267,11
5651,82,1
5652,228,1
5653,NULL,1
5654,121,16
5655,430,1
5656,456,13
5657,54,1
5658,NULL,1
5659,NULL,1
5660,NULL,1
5661,82,10
5662,NULL,1
5663,121,16
5664,NULL,1
5665,121,16
5666,70,15
5667,534,8
5668,54,1
5669,514,1
5670,26,21
5671,187,1
5672,70,2
5673,70,14
5674,70,14
5675,NULL,1
5676,70,2
5677,514,1
5678,NULL,1
5679,267,1
5680,267,11
5681,171,1
5682,550,21
5683,267,1
5684,171,1
5685,NULL,1
5686,NULL,13
5687,264,17
5688,70,2
5689,98,1
5690,228,1
5691,430,1
5692,70,14
5693,70,2
5694,NULL,1
5695,267,11
5696,267,11
5697,430,9
5698,70,2
5699,47,1
5700,267,11
5701,336,10
5702,NULL,1
5703,267,11
5704,164,1
5705,NULL,1
5706,367,2
5707,70,14
5708,456,14
5709,70,15
5710,206,1
5711,430,10
5712,248,1
5713,535,1
5714,430,9
5715,551,1
5716,NULL,1
5717,58,1
5718,70,2
5719,525,8
5720,534,9
5721,267,11
5722,70,2
5723,NULL,1
5724,70,15
5725,367,2
5726,NULL,1
5727,NULL,1
5728,NULL,1
5729,NULL,1
5730,430,9
5731,288,13
5732,514,9
5733,267,11
5734,250,1
5735,70,14
5736,550,8
5737,NULL,1
5738,430,9
5739,70,14
5740,430,1
5741,70,14
5742,197,7
5743,NULL,1
5744,456,14
5745,NULL,1
5746,430,8
5747,NULL,1
5748,70,14
5749,430,9
5750,367,2
5751,430,9
5752,538,1
5753,430,9
5754,534,8
5755,70,13
5756,NULL,6
5757,232,9
5758,430,9
5759,232,9
5760,NULL,1
5761,NULL,1
5762,NULL,1
5763,NULL,1
5764,430,10
5765,NULL,1
5766,NULL,1
5767,NULL,10
5768,NULL,10
5769,530,4
5770,NULL,1
5771,430,9
5772,264,8
5773,70,14
5774,264,1
5775,534,1
5776,NULL,1
5777,534,8
5778,456,14
5779,267,2
5780,70,14
5781,NULL,10
5782,NULL,1
5783,NULL,1
5784,NULL,1
5785,70,15
5786,206,2
5787,456,13
5788,456,2
5789,70,14
5790,70,15
5791,NULL,1
5792,70,14
5793,430,9
5794,NULL,1
5795,277,1
5796,430,9
5797,430,1
5798,NULL,1
5799,NULL,1
5800,430,9
5801,552,1
5802,NULL,1
5803,430,9
5804,70,2
5805,NULL,1
5806,NULL,23
5807,70,15
5808,430,9
5809,NULL,1
5810,70,2
5811,70,15
5812,70,14
5813,NULL,1
5814,NULL,1
5815,70,2
5816,341,1
5817,NULL,1
5818,430,1
5819,70,15
5820,NULL,1
5821,267,11
5822,430,9
5823,535,1
5824,NULL,1
5825,70,14
5826,534,8
5827,70,15
5828,267,11
5829,430,9
5830,121,16
5831,430,10
5832,70,15
5833,341,1
5834,NULL,1
5835,NULL,1
5836,NULL,1
5837,391,1
5838,NULL,1
5839,NULL,1
5840,456,14
5841,70,19
5842,411,4
5843,NULL,1
5844,NULL,1
5845,141,1
5846,70,14
5847,NULL,1
5848,70,15
5849,NULL,1
5850,391,4
5851,556,1
5852,516,8
5853,NULL,1
5854,121,1
5855,430,9
5856,309,14
5857,70,2
5858,NULL,1
5859,70,14
5860,70,1
5861,121,11
5862,70,15
5863,534,1
5864,70,2
5865,430,9
5866,70,14
5867,70,15
5868,430,9
5869,NULL,1
5870,NULL,1
5871,NULL,1
5872,NULL,1
5873,70,14
5874,430,1
5875,70,2
5876,530,4
5877,456,2
5878,NULL,1
5879,NULL,1
5880,70,1
5881,70,2
5882,70,2
5883,347,1
5884,NULL,9
5885,NULL,1
5886,171,1
5887,121,16
5888,3,27
5889,430,9
5890,70,15
5891,121,1
5892,NULL,1
5893,NULL,9
5894,430,9
5895,70,2
5896,NULL,1
5897,171,1
5898,232,9
5899,NULL,1
5900,121,16
5901,530,9
5902,336,10
5903,NULL,1
5904,551,2
5905,121,16
5906,430,9
5907,267,11
5908,267,11
5909,NULL,1
5910,NULL,1
5911,NULL,1
5912,NULL,1
5913,NULL,1
5914,121,16
5915,NULL,1
5916,266,13
5917,330,1
5918,70,2
5919,70,14
5920,70,14
5921,70,2
5922,NULL,1
5923,430,10
5924,NULL,1
5925,54,9
5926,82,1
5927,121,1
5928,105,1
5929,70,14
5930,NULL,1
5931,187,1
5932,70,13
5933,NULL,1
5934,NULL,1
5935,550,1
5936,NULL,1
5937,534,8
5938,NULL,1
5939,391,4
5940,187,11
5941,NULL,1
5942,NULL,1
5943,430,10
5944,499,10
5945,206,2
5946,121,16
5947,232,9
5948,456,14
5949,336,10
5950,430,10
5951,121,11
5952,430,18
5953,26,1
5954,NULL,1
5955,70,15
5956,NULL,10
5957,534,8
5958,NULL,1
5959,565,9
5960,39,1
5961,267,11
5962,70,14
5963,NULL,10
5964,550,8
5965,121,16
5966,121,11
5967,266,13
5968,550,1
5969,456,2
5970,565,9
5971,70,13
5972,NULL,1
5973,456,2
5974,121,11
5975,171,1
5976,266,13
5977,70,14
5978,NULL,1
5979,550,13
5980,NULL,1
5981,NULL,1
5982,70,6
5983,514,18
5984,272,1
5985,564,1
5986,121,1
5987,NULL,1
5988,500,8
5989,70,14
5990,367,13
5991,NULL,1
5992,NULL,1
5993,NULL,2
5994,456,2
5995,82,10
5996,NULL,NULL
5997,NULL,1
5998,NULL,1
5999,206,14
6000,NULL,14
6001,NULL,14
6002,187,11
6003,NULL,8
6004,456,14
6005,NULL,1
6006,327,10
6007,456,14
6008,NULL,17
6009,456,14
6010,NULL,1
6011,70,13
6012,550,3
6013,430,9
6014,NULL,1
6015,530,4
6016,341,1
6017,410,1
6018,70,14
6019,69,1
6020,39,1
6021,70,15
6022,70,22
6023,267,1
6024,565,1
6025,133,2
6026,232,9
6027,245,7
6028,530,9
6029,550,8
6030,NULL,1
6031,550,3
6032,NULL,1
6033,341,1
6034,121,16
6035,NULL,1
6036,NULL,1
6037,550,13
6038,NULL,1
6039,NULL,1
6040,341,10
6041,430,1
6042,456,14
6043,456,13
6044,541,10
6045,430,8
6046,NULL,1
6047,NULL,1
6048,430,9
6049,550,13
6050,NULL,1
6051,534,8
6052,NULL,14
6053,NULL,1
6054,NULL,1
6055,206,14
6056,70,14
6057,70,15
6058,514,9
6059,NULL,8
6060,430,1
6061,430,10
6062,70,2
6063,70,2
6064,70,2
6065,70,2
6066,514,1
6067,70,14
6068,70,15
6069,430,10
6070,NULL,1
6071,121,16
6072,121,16
6073,70,14
6074,267,11
6075,NULL,1
6076,26,1
6077,NULL,1
6078,NULL,1
6079,NULL,1
6080,336,10
6081,499,10
6082,70,14
6083,70,14
6084,121,11
6085,70,15
6086,121,11
6087,534,8
6088,535,21
6089,70,15
6090,430,9
6091,70,14
6092,NULL,10
6093,NULL,1
6094,70,2
6095,70,2
6096,NULL,1
6097,430,1
6098,70,14
6099,530,28
6100,267,11
6101,206,2
6102,NULL,1
6103,70,14
6104,550,1
6105,NULL,1
6106,514,1
6107,NULL,1
6108,519,1
6109,NULL,1
6110,534,8
6111,82,8
6112,395,14
6113,336,1
6114,NULL,1
6115,430,9
6116,70,14
6117,248,1
6118,121,16
6119,121,16
6120,415,1
6121,NULL,1
6122,456,14
6123,267,11
6124,456,14
6125,430,10
6126,266,13
6127,70,1
6128,336,1
6129,NULL,13
6130,82,10
6131,NULL,1
6132,NULL,1
6133,516,8
6134,NULL,1
6135,NULL,1
6136,534,1
6137,174,1
6138,430,1
6139,70,14
6140,70,14
6141,70,13
6142,NULL,1
6143,70,14
6144,NULL,1
6145,NULL,1
6146,272,1
6147,NULL,1
6148,70,22
6149,NULL,1
6150,NULL,1
6151,267,11
6152,530,9
6153,70,14
6154,70,14
6155,47,1
6156,121,16
6157,430,9
6158,534,9
6159,232,9
6160,NULL,1
6161,232,9
6162,336,10
6163,70,2
6164,NULL,1
6165,NULL,1
6166,121,16
6167,NULL,1
6168,206,2
6169,NULL,1
6170,NULL,10
6171,534,9
6172,70,14
6173,NULL,1
6174,NULL,2
6175,121,1
6176,430,9
6177,430,10
6178,534,9
6179,391,21
6180,NULL,2
6181,70,14
6182,NULL,1
6183,121,1
6184,121,11
6185,410,1
6186,206,17
6187,70,14
6188,3,25
6189,NULL,1
6190,430,9
6191,NULL,1
6192,NULL,1
6193,121,16
6194,NULL,14
6195,70,14
6196,430,9
6197,267,1
6198,267,11
6199,70,2
6200,70,14
6201,NULL,1
6202,70,22
6203,206,2
6204,391,4
6205,NULL,1
6206,534,8
6207,514,18
6208,187,1
6209,NULL,1
6210,275,14
6211,NULL,4
6212,NULL,1
6213,NULL,1
6214,171,1
6215,70,2
6216,70,14
6217,NULL,1
6218,NULL,1
6219,70,2
6220,70,14
6221,NULL,1
6222,70,19
6223,530,28
6224,70,2
6225,121,16
6226,336,10
6227,541,10
6228,534,9
6229,430,8
6230,NULL,1
6231,NULL,1
6232,NULL,1
6233,530,4
6234,530,9
6235,415,1
6236,NULL,1
6237,121,1
6238,70,2
6239,267,11
6240,430,9
6241,70,2
6242,NULL,1
6243,121,16
6244,47,1
6245,264,8
6246,534,1
6247,441,1
6248,70,19
6249,NULL,16
6250,146,1
6251,430,10
6252,267,11
6253,NULL,1
6254,121,11
6255,70,15
6256,NULL,13
6257,530,9
6258,187,1
6259,NULL,1
6260,430,9
6261,70,14
6262,70,14
6263,NULL,1
6264,430,1
6265,NULL,1
6266,NULL,1
6267,514,1
6268,NULL,2
6269,NULL,1
6270,70,14
6271,NULL,1
6272,532,1
6273,70,14
6274,70,2
6275,456,14
6276,70,14
6277,70,14
6278,430,10
6279,430,9
6280,541,10
6281,70,1
6282,430,9
6283,121,11
6284,550,13
6285,NULL,3
6286,534,8
6287,530,1
6288,NULL,1
6289,430,9
6290,NULL,1
6291,70,14
6292,NULL,13
6293,514,1
6294,NULL,1
6295,NULL,1
6296,267,11
6297,456,14
6298,534,8
6299,NULL,1
6300,534,9
6301,70,14
6302,NULL,1
6303,267,11
6304,171,1
6305,NULL,14
6306,336,1
6307,70,14
6308,336,1
6309,70,2
6310,NULL,1
6311,70,2
6312,327,10
6313,550,13
6314,206,1
6315,530,1
6316,550,1
6317,NULL,1
6318,NULL,1
6319,NULL,1
6320,514,18
6321,430,10
6322,NULL,1
6323,456,13
6324,NULL,1
6325,267,1
6326,395,2
6327,NULL,1
6328,NULL,1
6329,456,14
6330,70,14
6331,NULL,1
6332,197,1
6333,336,10
6334,430,10
6335,121,16
6336,NULL,1
6337,NULL,1
6338,NULL,1
6339,187,1
6340,206,1
6341,NULL,1
6342,206,2
6343,NULL,1
6344,70,14
6345,47,1
6346,187,1
6347,187,11
6348,514,9
6349,NULL,1
6350,NULL,14
6351,430,9
6352,430,9
6353,430,1
6354,267,11
6355,70,1
6356,NULL,1
6357,206,2
6358,NULL,10
6359,171,1
6360,519,1
6361,411,1
6362,514,1
6363,NULL,1
6364,456,14
6365,70,14
6366,NULL,1
6367,70,2
6368,70,14
6369,NULL,1
6370,514,9
6371,70,14
6372,70,2
6373,82,10
6374,70,14
6375,121,11
6376,267,1
6377,70,2
6378,430,9
6379,NULL,1
6380,70,15
6381,70,2
6382,206,2
6383,341,10
6384,NULL,11
6385,430,9
6386,530,21
6387,NULL,1
6388,NULL,1
6389,430,9
6390,267,11
6391,530,9
6392,70,14
6393,430,10
6394,70,2
6395,70,14
6396,NULL,1
6397,70,1
6398,70,2
6399,NULL,1
6400,NULL,1
6401,519,1
6402,70,14
6403,367,13
6404,270,10
6405,NULL,1
6406,NULL,1
6407,70,2
6408,NULL,1
6409,530,9
6410,NULL,1
6411,430,9
6412,NULL,1
6413,NULL,1
6414,70,14
6415,341,1
6416,309,14
6417,NULL,1
6418,NULL,1
6419,550,13
6420,70,14
6421,NULL,1
6422,187,1
6423,530,28
6424,174,1
6425,430,9
6426,NULL,1
6427,70,14
6428,70,2
6429,NULL,1
6430,456,2
6431,70,2
6432,430,9
6433,NULL,1
6434,70,15
6435,206,14
6436,70,14
6437,430,8
6438,NULL,1
6439,267,1
6440,430,8
6441,NULL,1
6442,525,8
6443,NULL,10
6444,514,18
6445,NULL,1
6446,288,13
6447,70,14
6448,267,11
6449,456,14
6450,430,9
6451,NULL,1
6452,70,2
6453,NULL,1
6454,336,10
6455,70,15
6456,550,3
6457,171,1
6458,NULL,11
6459,70,19
6460,530,9
6461,550,13
6462,70,14
6463,NULL,14
6464,530,1
6465,430,9
6466,NULL,1
6467,430,9
6468,534,8
6469,456,14
6470,245,7
6471,341,10
6472,NULL,1
6473,550,3
6474,550,13
6475,550,13
6476,550,3
6477,70,14
6478,206,2
6479,NULL,13
6480,NULL,1
6481,NULL,1
6482,NULL,14
6483,430,9
6484,NULL,1
6485,549,1
6486,NULL,1
6487,NULL,1
6488,309,13
6489,213,1
6490,26,1
6491,341,10
6492,NULL,1
6493,NULL,1
6494,267,11
6495,70,14
6496,NULL,1
6497,534,9
6498,NULL,1
6499,NULL,1
6500,NULL,1
6501,NULL,13
6502,410,2
6503,NULL,1
6504,70,14
6505,430,10
6506,516,1
6507,267,11
6508,160,1
6509,121,16
6510,272,1
6511,NULL,1
6512,341,1
6513,54,1
6514,121,11
6515,456,2
6516,430,10
6517,514,9
6518,70,2
6519,NULL,1
6520,267,1
6521,NULL,1
6522,NULL,1
6523,70,15
6524,70,15
6525,NULL,1
6526,NULL,1
6527,70,2
6528,NULL,1
6529,430,9
6530,70,15
6531,70,15
6532,NULL,1
6533,534,9
6534,NULL,1
6535,530,1
6536,302,1
6537,550,13
6538,336,10
6539,70,14
6540,550,13
6541,550,21
6542,NULL,1
6543,NULL,1
6544,206,6
6545,534,9
6546,70,14
6547,534,9
6548,NULL,1
6549,267,1
6550,490,1
6551,NULL,1
6552,530,9
6553,NULL,3
6554,550,3
6555,550,3
6556,NULL,1
6557,NULL,1
6558,70,15
6559,430,9
6560,26,1
6561,NULL,1
6562,NULL,1
6563,NULL,1
6564,430,8
6565,70,14
6566,264,1
6567,456,14
6568,121,11
6569,NULL,1
6570,206,2
6571,550,1
6572,70,2
6573,121,1
6574,534,8
6575,105,1
6576,530,1
6577,541,10
6578,NULL,1
6579,456,2
6580,550,3
6581,270,1
6582,70,14
6583,430,10
6584,NULL,3
6585,70,15
6586,NULL,1
6587,70,15
6588,NULL,1
6589,70,14
6590,70,14
6591,82,10
6592,267,11
6593,430,10
6594,NULL,1
6595,NULL,13
6596,267,1
6597,70,14
6598,430,1
6599,NULL,1
6600,430,10
6601,NULL,1
6602,NULL,1
6603,530,9
6604,121,11
6605,70,2
6606,430,10
6607,70,14
6608,NULL,1
6609,534,9
6610,550,3
6611,NULL,1
6612,410,2
6613,NULL,1
6614,70,2
6615,206,2
6616,70,14
6617,70,14
6618,430,10
6619,534,9
6620,206,6
6621,NULL,1
6622,530,9
6623,341,1
6624,NULL,1
6625,NULL,1
6626,70,14
6627,267,1
6628,187,11
6629,NULL,1
6630,NULL,1
6631,70,2
6632,206,2
6633,302,1
6634,121,16
6635,NULL,10
6636,70,1
6637,456,14
6638,328,1
6639,534,9
6640,105,1
6641,551,13
6642,431,4
6643,430,1
6644,NULL,1
6645,NULL,1
6646,121,1
6647,NULL,1
6648,70,2
6649,288,1
6650,NULL,1
6651,535,1
6652,272,1
6653,267,11
6654,430,10
6655,534,9
6656,NULL,1
6657,70,14
6658,70,2
6659,550,21
6660,542,25
6661,NULL,1
6662,336,1
6663,121,16
6664,NULL,14
6665,430,1
6666,430,9
6667,534,8
6668,171,1
6669,70,15
6670,267,11
6671,70,14
6672,430,1
6673,NULL,1
6674,336,1
6675,341,10
6676,535,4
6677,NULL,1
6678,70,2
6679,535,1
6680,70,14
6681,267,1
6682,70,2
6683,70,14
6684,513,1
6685,NULL,1
6686,550,1
6687,NULL,1
6688,70,14
6689,187,1
6690,121,16
6691,535,4
6692,430,9
6693,NULL,1
6694,121,11
6695,NULL,1
6696,550,21
6697,206,6
6698,534,8
6699,336,1
6700,NULL,1
6701,NULL,1
6702,70,2
6703,70,1
6704,70,1
6705,NULL,1
6706,530,1
6707,NULL,23
6708,534,9
6709,430,9
6710,70,2
6711,70,2
6712,NULL,1
6713,341,1
6714,534,8
6715,430,9
6716,206,2
6717,430,10
6718,70,14
6719,NULL,1
6720,456,13
6721,70,14
6722,341,1
6723,330,1
6724,395,2
6725,530,4
6726,187,1
6727,535,21
6728,NULL,1
6729,565,3
6730,70,1
6731,70,2
6732,430,10
6733,456,2
6734,70,14
6735,NULL,1
6736,534,9
6737,70,2
6738,272,1
6739,534,1
6740,NULL,1
6741,341,1
6742,NULL,1
6743,336,1
6744,565,1
6745,70,15
6746,126,1
6747,534,9
6748,NULL,13
6749,174,1
6750,267,11
6751,245,21
6752,70,2
6753,NULL,1
6754,NULL,1
6755,70,1
6756,NULL,1
6757,267,11
6758,393,1
6759,70,14
6760,121,11
6761,550,17
6762,39,1
6763,70,1
6764,430,9
6765,NULL,1
6766,511,1
6767,534,8
6768,NULL,1
6769,70,14
6770,550,1
6771,360,1
6772,267,11
6773,430,9
6774,NULL,1
6775,NULL,16
6776,NULL,14
6777,206,14
6778,430,9
6779,70,14
6780,270,10
6781,336,1
6782,556,13
6783,NULL,1
6784,456,2
6785,430,1
6786,NULL,10
6787,NULL,1
6788,NULL,1
6789,NULL,1
6790,535,1
6791,302,1
6792,456,13
6793,267,1
6794,NULL,1
6795,267,11
6796,NULL,1
6797,430,9
6798,NULL,1
6799,NULL,10
6800,NULL,1
6801,456,21
6802,456,13
6803,70,13
6804,456,2
6805,NULL,1
6806,206,2
6807,105,1
6808,NULL,1
6809,NULL,1
6810,NULL,4
6811,NULL,1
6812,121,1
6813,534,8
6814,430,10
6815,430,9
6816,430,9
6817,430,1
6818,70,1
6819,NULL,1
6820,206,2
6821,514,1
6822,121,16
6823,297,14
6824,530,1
6825,391,21
6826,NULL,1
6827,70,19
6828,275,14
6829,456,2
6830,341,1
6831,NULL,16
6832,411,4
6833,456,2
6834,430,8
6835,430,1
6836,534,8
6837,NULL,1
6838,534,8
6839,NULL,1
6840,NULL,1
6841,456,2
6842,535,4
6843,70,2
6844,530,9
6845,70,1
6846,NULL,1
6847,391,10
6848,NULL,1
6849,NULL,1
6850,70,14
6851,430,9
6852,430,9
6853,516,8
6854,70,2
6855,NULL,1
6856,70,14
6857,NULL,12
6858,297,14
6859,NULL,1
6860,NULL,1
6861,70,15
6862,336,10
6863,415,1
6864,NULL,1
6865,70,14
6866,430,9
6867,550,21
6868,70,14
6869,456,14
6870,70,21
6871,430,10
6872,47,1
6873,121,16
6874,NULL,1
6875,54,9
6876,534,8
6877,70,2
6878,NULL,1
6879,NULL,1
6880,NULL,1
6881,267,11
6882,39,1
6883,430,1
6884,NULL,1
6885,70,2
6886,70,2
6887,NULL,1
6888,NULL,1
6889,70,1
6890,NULL,1
6891,NULL,1
6892,70,15
6893,70,1
6894,341,10
6895,NULL,1
6896,70,2
6897,121,11
6898,NULL,1
6899,534,8
6900,70,14
6901,NULL,1
6902,430,1
6903,530,9
6904,NULL,1
6905,70,14
6906,534,1
6907,336,10
6908,3,25
6909,70,2
6910,70,14
6911,534,9
6912,411,4
6913,98,1
6914,456,14
6915,330,1
6916,430,10
6917,456,14
6918,429,1
6919,NULL,1
6920,267,11
6921,456,14
6922,534,8
6923,39,1
6924,NULL,1
6925,NULL,1
6926,NULL,1
6927,514,18
6928,121,11
6929,70,2
6930,54,1
6931,430,10
6932,NULL,2
6933,121,11
6934,70,2
6935,NULL,1
6936,39,1
6937,70,14
6938,534,8
6939,NULL,11
6940,534,1
6941,272,1
6942,70,2
6943,499,10
6944,70,14
6945,534,9
6946,430,1
6947,367,13
6948,535,4
6949,70,14
6950,70,14
6951,541,1
6952,530,1
6953,NULL,1
6954,70,15
6955,70,14
6956,174,1
6957,70,14
6958,NULL,1
6959,NULL,1
6960,430,1
6961,NULL,1
6962,534,8
6963,70,15
6964,70,13
6965,NULL,1
6966,70,7
6967,534,9
6968,206,1
6969,70,13
6970,456,2
6971,187,1
6972,NULL,1
6973,NULL,1
6974,NULL,1
6975,NULL,1
6976,NULL,1
6977,NULL,1
6978,456,2
6979,NULL,1
6980,174,1
6981,121,16
6982,54,9
6983,309,14
6984,70,15
6985,288,13
6986,NULL,1
6987,430,8
6988,70,2
6989,NULL,1
6990,550,3
6991,70,15
6992,70,14
6993,70,14
6994,336,10
6995,NULL,1
6996,NULL,1
6997,187,1
6998,267,11
6999,430,10
7000,70,14
7001,NULL,1
7002,121,23
7003,70,1
7004,70,15
7005,391,4
7006,70,14
7007,NULL,16
7008,NULL,1
7009,70,14
7010,47,1
7011,NULL,1
7012,NULL,1
7013,70,19
7014,NULL,14
7015,NULL,1
7016,70,14
7017,NULL,1
7018,187,1
7019,550,8
7020,121,16
7021,NULL,1
7022,NULL,1
7023,550,13
7024,NULL,1
7025,NULL,1
7026,NULL,21
7027,550,8
7028,NULL,1
7029,NULL,1
7030,121,1
7031,174,1
7032,456,2
7033,70,1
7034,NULL,1
7035,NULL,1
7036,70,15
7037,541,10
7038,121,1
7039,NULL,1
7040,121,1
7041,NULL,1
7042,NULL,1
7043,456,14
7044,121,11
7045,70,22
7046,NULL,1
7047,565,4
7048,70,15
7049,534,8
7050,206,1
7051,430,10
7052,272,1
7053,70,2
7054,NULL,1
7055,267,11
7056,NULL,1
7057,70,2
7058,309,14
7059,206,14
7060,70,2
7061,121,11
7062,267,1
7063,NULL,1
7064,360,1
7065,309,14
7066,NULL,1
7067,NULL,1
7068,121,11
7069,535,1
7070,530,9
7071,70,15
7072,70,15
7073,206,2
7074,NULL,1
7075,430,10
7076,NULL,1
7077,NULL,1
7078,550,13
7079,309,14
7080,NULL,1
7081,530,9
7082,70,2
7083,534,1
7084,NULL,1
7085,26,1
7086,551,2
7087,70,1
7088,NULL,1
7089,160,1
7090,70,14
7091,206,2
7092,NULL,1
7093,70,15
7094,430,8
7095,NULL,1
7096,530,9
7097,NULL,1
7098,275,14
7099,NULL,1
7100,70,1
7101,171,1
7102,NULL,1
7103,121,16
7104,391,4
7105,564,1
7106,NULL,1
7107,70,14
7108,535,1
7109,430,10
7110,NULL,1
7111,430,9
7112,70,14
7113,NULL,10
7114,551,1
7115,NULL,1
7116,367,21
7117,NULL,1
7118,NULL,1
7119,NULL,1
7120,70,14
7121,430,8
7122,NULL,1
7123,48,1
7124,NULL,1
7125,272,1
7126,NULL,1
7127,NULL,1
7128,NULL,1
7129,NULL,1
7130,534,1
7131,530,9
7132,551,3
7133,70,15
7134,430,9
7135,121,1
7136,70,19
7137,430,10
7138,NULL,1
7139,NULL,1
7140,534,9
7141,70,15
7142,535,1
7143,NULL,1
7144,336,10
7145,336,1
7146,121,1
7147,70,15
7148,NULL,1
7149,NULL,1
7150,NULL,10
7151,70,2
7152,121,1
7153,430,1
7154,47,1
7155,430,9
7156,550,13
7157,NULL,1
7158,534,1
7159,430,1
7160,430,1
7161,70,14
7162,430,1
7163,206,1
7164,NULL,1
7165,82,10
7166,70,14
7167,70,14
7168,121,11
7169,70,2
7170,565,3
7171,82,10
7172,430,1
7173,NULL,1
7174,430,9
7175,NULL,1
7176,358,1
7177,367,2
7178,NULL,1
7179,245,7
7180,NULL,1
7181,530,9
7182,NULL,1
7183,456,14
7184,430,1
7185,206,2
7186,551,13
7187,NULL,1
7188,NULL,2
7189,105,1
7190,70,2
7191,70,14
7192,121,11
7193,54,1
7194,NULL,1
7195,NULL,1
7196,551,13
7197,NULL,1
7198,534,8
7199,NULL,1
7200,47,1
7201,NULL,1
7202,535,1
7203,550,13
7204,70,7
7205,105,1
7206,NULL,1
7207,121,11
7208,NULL,1
7209,550,1
7210,70,15
7211,197,7
7212,NULL,1
7213,NULL,1
7214,70,14
7215,70,2
7216,NULL,1
7217,430,9
7218,NULL,1
7219,NULL,1
7220,430,10
7221,430,10
7222,NULL,1
7223,171,1
7224,341,10
7225,430,9
7226,456,1
7227,534,9
7228,54,9
7229,NULL,2
7230,341,1
7231,70,15
7232,NULL,1
7233,NULL,1
7234,267,11
7235,70,15
7236,NULL,1
7237,NULL,1
7238,267,1
7239,47,1
7240,534,8
7241,121,16
7242,391,21
7243,535,1
7244,NULL,13
7245,267,11
7246,NULL,1
7247,70,14
7248,395,2
7249,NULL,1
7250,70,2
7251,70,14
7252,530,21
7253,206,2
7254,264,1
7255,551,3
7256,NULL,1
7257,530,1
7258,551,2
7259,430,10
7260,NULL,1
7261,430,8
7262,NULL,1
7263,206,14
7264,NULL,1
7265,171,1
7266,448,1
7267,NULL,1
7268,69,1
7269,NULL,1
7270,NULL,13
7271,430,10
7272,456,2
7273,70,2
7274,430,10
7275,530,4
7276,70,15
7277,121,16
7278,121,11
7279,NULL,1
7280,297,2
7281,NULL,1
7282,NULL,1
7283,NULL,1
7284,70,2
7285,336,1
7286,360,1
7287,NULL,1
7288,NULL,1
7289,430,10
7290,70,14
7291,514,1
7292,70,18
7293,232,9
7294,NULL,1
7295,534,1
7296,336,10
7297,430,9
7298,121,11
7299,NULL,1
7300,270,1
7301,70,2
7302,121,16
7303,70,14
7304,206,2
7305,70,14
7306,70,2
7307,NULL,13
7308,367,2
7309,NULL,13
7310,70,2
7311,391,4
7312,121,1
7313,411,4
7314,309,13
7315,456,14
7316,64,1
7317,70,15
7318,206,14
7319,410,1
7320,267,11
7321,341,10
7322,534,8
7323,NULL,1
7324,187,1
7325,NULL,1
7326,530,9
7327,70,15
7328,NULL,1
7329,70,2
7330,121,1
7331,206,2
7332,NULL,1
7333,367,13
7334,206,2
7335,456,2
7336,187,1
7337,NULL,1
7338,70,14
7339,430,9
7340,430,9
7341,534,9
7342,NULL,1
7343,70,1
7344,70,22
7345,70,15
7346,309,13
7347,267,11
7348,NULL,1
7349,187,11
7350,270,10
7351,NULL,10
7352,26,1
7353,121,11
7354,456,14
7355,206,2
7356,121,16
7357,121,1
7358,431,4
7359,430,1
7360,336,10
7361,430,9
7362,NULL,1
7363,534,8
7364,206,14
7365,534,8
7366,82,10
7367,456,2
7368,NULL,2
7369,121,11
7370,NULL,1
7371,NULL,1
7372,NULL,1
7373,NULL,1
7374,70,15
7375,532,1
7376,70,15
7377,206,6
7378,267,11
7379,NULL,1
7380,534,1
7381,NULL,1
7382,NULL,1
7383,232,1
7384,NULL,1
7385,NULL,1
7386,70,1
7387,NULL,1
7388,NULL,1
7389,NULL,1
7390,NULL,1
7391,NULL,1
7392,530,9
7393,267,1
7394,430,9
7395,NULL,1
7396,336,1
7397,336,10
7398,70,15
7399,NULL,1
7400,NULL,1
7401,70,21
7402,121,1
7403,270,1
7404,534,1
7405,535,1
7406,121,16
7407,430,1
7408,NULL,1
7409,430,9
7410,NULL,1
7411,70,14
7412,336,10
7413,121,1
7414,70,19
7415,NULL,1
7416,26,1
7417,70,14
7418,NULL,1
7419,473,1
7420,206,2
7421,70,2
7422,367,13
7423,NULL,1
7424,206,2
7425,NULL,1
7426,70,13
7427,121,16
7428,70,1
7429,456,2
7430,267,11
7431,70,14
7432,NULL,14
7433,NULL,1
7434,535,1
7435,288,13
7436,NULL,1
7437,272,1
7438,70,14
7439,NULL,1
7440,430,1
7441,121,16
7442,70,2
7443,NULL,1
7444,309,13
7445,519,1
7446,82,10
7447,534,9
7448,430,1
7449,70,2
7450,70,1
7451,534,8
7452,70,7
7453,NULL,1
7454,NULL,1
7455,121,1
7456,309,14
7457,70,14
7458,NULL,1
7459,NULL,1
7460,430,8
7461,70,14
7462,70,14
7463,NULL,1
7464,309,1
7465,70,2
7466,430,10
7467,NULL,1
7468,NULL,1
7469,NULL,1
7470,NULL,1
7471,456,2
7472,70,15
7473,NULL,10
7474,NULL,14
7475,70,2
7476,NULL,1
7477,267,11
7478,187,1
7479,NULL,1
7480,70,14
7481,NULL,1
7482,206,6
7483,121,11
7484,550,13
7485,534,1
7486,121,11
7487,267,11
7488,70,14
7489,456,13
7490,NULL,1
7491,160,1
7492,70,2
7493,NULL,1
7494,NULL,1
7495,267,11
7496,267,11
7497,NULL,1
7498,327,10
7499,534,8
7500,267,1
7501,267,1
7502,70,2
7503,534,8
7504,70,15
7505,70,22
7506,NULL,1
7507,530,28
7508,264,1
7509,530,9
7510,70,15
7511,70,14
7512,530,9
7513,NULL,1
7514,456,14
7515,NULL,8
7516,NULL,1
7517,NULL,3
7518,267,11
7519,70,2
7520,267,11
7521,NULL,1
7522,NULL,1
7523,NULL,13
7524,519,1
7525,534,8
7526,121,1
7527,456,14
7528,341,1
7529,70,2
7530,70,2
7531,245,1
7532,NULL,1
7533,70,2
7534,NULL,1
7535,NULL,1
7536,NULL,1
7537,NULL,1
7538,430,8
7539,70,14
7540,121,16
7541,534,9
7542,171,10
7543,98,1
7544,82,1
7545,NULL,1
7546,70,14
7547,550,8
7548,430,9
7549,430,10
7550,70,1
7551,70,15
7552,70,15
7553,456,13
7554,121,11
7555,70,2
7556,360,1
7557,391,10
7558,550,13
7559,NULL,1
7560,336,10
7561,70,14
7562,516,8
7563,NULL,3
7564,98,1
7565,NULL,1
7566,430,8
7567,430,1
7568,456,2
7569,82,10
7570,NULL,1
7571,NULL,1
7572,267,11
7573,250,10
7574,430,10
7575,267,11
7576,430,1
7577,550,13
7578,121,3
7579,NULL,1
7580,70,14
7581,541,10
7582,NULL,1
7583,530,1
7584,171,1
7585,NULL,1
7586,70,2
7587,535,4
7588,530,28
7589,121,1
7590,70,15
7591,456,2
7592,70,14
7593,121,1
7594,456,14
7595,456,8
7596,121,11
7597,NULL,1
7598,NULL,1
7599,70,2
7600,541,1
7601,430,10
7602,NULL,1
7603,NULL,1
7604,336,10
7605,430,1
7606,70,15
7607,NULL,1
7608,70,15
7609,206,14
7610,288,13
7611,456,14
7612,456,14
7613,NULL,1
7614,NULL,1
7615,430,10
7616,NULL,1
7617,NULL,1
7618,NULL,1
7619,309,14
7620,70,14
7621,309,13
7622,82,10
7623,456,14
7624,302,1
7625,534,8
7626,347,1
7627,336,1
7628,534,9
7629,121,11
7630,70,14
7631,NULL,1
7632,309,12
7633,70,14
7634,NULL,1
7635,NULL,1
7636,70,15
7637,NULL,1
7638,NULL,1
7639,70,2
7640,206,2
7641,82,10
7642,NULL,1
7643,391,4
7644,NULL,1
7645,456,2
7646,NULL,1
7647,430,10
7648,534,1
7649,534,8
7650,70,15
7651,NULL,1
7652,270,10
7653,121,11
7654,NULL,1
7655,70,13
7656,430,8
7657,430,9
7658,NULL,1
7659,550,13
7660,NULL,1
7661,NULL,2
7662,551,2
7663,NULL,1
7664,70,14
7665,267,11
7666,430,10
7667,NULL,1
7668,530,9
7669,NULL,1
7670,70,14
7671,456,2
7672,NULL,1
7673,456,14
7674,121,11
7675,NULL,1
7676,NULL,1
7677,534,8
7678,NULL,1
7679,NULL,1
7680,NULL,1
7681,NULL,1
7682,232,9
7683,430,10
7684,336,10
7685,228,1
7686,NULL,1
7687,NULL,1
7688,NULL,1
7689,70,12
7690,70,2
7691,NULL,1
7692,NULL,14
7693,430,9
7694,NULL,1
7695,70,3
7696,70,1
7697,56,1
7698,160,1
7699,NULL,1
7700,430,10
7701,NULL,1
7702,430,9
7703,121,11
7704,70,14
7705,336,10
7706,70,14
7707,NULL,1
7708,70,19
7709,367,2
7710,70,15
7711,NULL,1
7712,105,1
7713,NULL,1
7714,70,14
7715,267,11
7716,NULL,14
7717,NULL,10
7718,530,9
7719,267,11
7720,266,13
7721,NULL,1
7722,516,1
7723,NULL,1
7724,206,1
7725,NULL,1
7726,534,8
7727,70,15
7728,206,21
7729,70,15
7730,70,15
7731,270,1
7732,534,8
7733,411,4
7734,NULL,1
7735,70,15
7736,391,10
7737,206,2
7738,NULL,1
7739,NULL,1
7740,70,15
7741,309,12
7742,336,10
7743,NULL,1
7744,456,14
7745,NULL,10
7746,NULL,1
7747,NULL,1
7748,70,14
7749,534,9
7750,NULL,1
7751,NULL,1
7752,532,1
7753,NULL,1
7754,NULL,9
7755,430,9
7756,336,10
7757,NULL,1
7758,171,1
7759,430,1
7760,267,11
7761,551,2
7762,121,16
7763,NULL,1
7764,NULL,1
7765,NULL,1
7766,535,1
7767,70,1
7768,530,9
7769,NULL,1
7770,267,11
7771,NULL,1
7772,NULL,1
7773,70,2
7774,NULL,1
7775,70,14
7776,551,1
7777,NULL,13
7778,NULL,1
7779,NULL,1
7780,NULL,1
7781,183,1
7782,NULL,1
7783,NULL,2
7784,NULL,1
7785,430,10
7786,105,1
7787,NULL,1
7788,456,13
7789,492,1
7790,391,4
7791,NULL,1
7792,NULL,1
7793,360,1
7794,98,1
7795,456,14
7796,534,1
7797,430,10
7798,121,11
7799,NULL,1
7800,430,9
7801,430,9
7802,550,13
7803,NULL,13
7804,232,9
7805,70,14
7806,270,1
7807,70,2
7808,NULL,1
7809,551,2
7810,121,1
7811,NULL,1
7812,NULL,1
7813,270,10
7814,NULL,3
7815,NULL,1
7816,267,11
7817,70,2
7818,NULL,1
7819,70,2
7820,530,9
7821,538,1
7822,NULL,13
7823,121,1
7824,70,14
7825,530,9
7826,232,9
7827,NULL,1
7828,NULL,13
7829,430,10
7830,551,2
7831,NULL,2
7832,267,1
7833,530,1
7834,NULL,1
7835,430,10
7836,121,1
7837,121,1
7838,70,1
7839,NULL,1
7840,NULL,11
7841,250,10
7842,341,1
7843,121,16
7844,206,2
7845,70,2
7846,70,13
7847,70,19
7848,NULL,2
7849,NULL,1
7850,NULL,1
7851,70,2
7852,456,2
7853,70,2
7854,430,9
7855,456,14
7856,549,8
7857,70,14
7858,NULL,16
7859,NULL,1
7860,NULL,1
7861,70,2
7862,70,14
7863,336,10
7864,534,9
7865,530,4
7866,532,1
7867,514,1
7868,88,1
7869,NULL,1
7870,206,14
7871,NULL,1
7872,550,3
7873,70,1
7874,539,1
7875,NULL,1
7876,82,8
7877,430,1
7878,NULL,1
7879,430,9
7880,70,15
7881,NULL,1
7882,534,9
7883,54,9
7884,NULL,1
7885,431,1
7886,456,2
7887,70,18
7888,70,1
7889,430,10
7890,70,2
7891,456,2
7892,121,11
7893,NULL,1
7894,430,1
7895,NULL,1
7896,70,14
7897,105,1
7898,206,14
7899,70,2
7900,430,8
7901,NULL,1
7902,550,1
7903,70,15
7904,430,9
7905,NULL,1
7906,232,9
7907,514,1
7908,267,11
7909,264,8
7910,NULL,1
7911,70,2
7912,336,10
7913,70,2
7914,121,11
7915,430,9
7916,341,1
7917,534,8
7918,NULL,1
7919,336,1
7920,70,14
7921,NULL,1
7922,NULL,1
7923,267,11
7924,121,1
7925,267,11
7926,39,1
7927,NULL,1
7928,NULL,1
7929,NULL,1
7930,NULL,1
7931,NULL,3
7932,565,1
7933,309,14
7934,430,9
7935,121,11
7936,530,9
7937,NULL,1
7938,171,1
7939,430,1
7940,367,1
7941,430,9
7942,70,14
7943,430,8
7944,NULL,8
7945,550,3
7946,70,2
7947,395,2
7948,156,1
7949,NULL,1
7950,264,1
7951,NULL,1
7952,70,2
7953,NULL,1
7954,NULL,1
7955,430,10
7956,121,11
7957,NULL,1
7958,NULL,1
7959,309,14
7960,336,1
7961,70,19
7962,206,14
7963,430,9
7964,70,2
7965,NULL,13
7966,206,2
7967,NULL,1
7968,70,14
7969,70,1
7970,82,10
7971,70,14
7972,272,1
7973,267,11
7974,NULL,1
7975,105,1
7976,NULL,21
7977,NULL,1
7978,206,1
7979,550,8
7980,NULL,1
7981,70,21
7982,NULL,1
7983,70,19
7984,250,10
7985,NULL,1
7986,70,15
7987,456,14
7988,70,14
7989,551,2
7990,330,1
7991,550,13
7992,516,1
7993,NULL,1
7994,430,9
7995,206,2
7996,70,2
7997,206,21
7998,121,1
7999,70,14
8000,336,10
8001,70,15
8002,430,9
8003,550,3
8004,532,1
8005,550,8
8006,70,14
8007,232,9
8008,NULL,1
8009,70,14
8010,430,9
8011,309,13
8012,NULL,1
8013,267,11
8014,410,1
8015,430,9
8016,492,1
8017,89,8
8018,330,1
8019,70,1
8020,530,9
8021,70,14
8022,NULL,1
8023,NULL,1
8024,NULL,1
8025,NULL,1
8026,70,13
8027,430,1
8028,NULL,13
8029,NULL,1
8030,NULL,1
8031,70,15
8032,NULL,1
8033,NULL,1
8034,NULL,1
8035,70,2
8036,456,14
8037,267,1
8038,70,14
8039,70,14
8040,NULL,2
8041,267,11
8042,456,14
8043,187,1
8044,NULL,1
8045,70,14
8046,430,8
8047,NULL,1
8048,NULL,1
8049,NULL,1
8050,336,1
8051,NULL,1
8052,NULL,1
8053,302,1
8054,105,1
8055,70,1
8056,82,8
8057,NULL,1
8058,NULL,1
8059,530,9
8060,70,15
8061,187,1
8062,70,14
8063,267,11
8064,250,10
8065,NULL,1
8066,430,10
8067,70,2
8068,171,1
8069,550,13
8070,411,1
8071,430,10
8072,245,7
8073,70,14
8074,70,14
8075,NULL,1
8076,1,1
8077,NULL,1
8078,NULL,1
8079,530,9
8080,70,2
8081,535,1
8082,121,11
8083,456,14
8084,267,1
8085,541,1
8086,430,9
8087,NULL,1
8088,70,15
8089,456,14
8090,187,1
8091,187,1
8092,121,11
8093,430,9
8094,430,9
8095,513,1
8096,NULL,1
8097,NULL,1
8098,NULL,1
8099,NULL,1
8100,530,9
8101,NULL,14
8102,245,1
8103,121,16
8104,267,11
8105,532,1
8106,NULL,1
8107,121,1
8108,NULL,1
8109,550,3
8110,NULL,1
8111,70,2
8112,NULL,1
8113,456,2
8114,187,1
8115,430,9
8116,534,8
8117,430,10
8118,NULL,10
8119,530,9
8120,NULL,1
8121,NULL,1
8122,267,11
8123,70,14
8124,232,9
8125,NULL,1
8126,NULL,1
8127,70,13
8128,NULL,1
8129,456,14
8130,535,1
8131,267,11
8132,535,1
8133,430,9
8134,NULL,1
8135,171,1
8136,267,11
8137,206,1
8138,NULL,1
8139,70,22
8140,70,2
8141,NULL,1
8142,70,14
8143,534,8
8144,NULL,1
8145,70,1
8146,456,2
8147,70,22
8148,NULL,1
8149,NULL,1
8150,530,9
8151,39,1
8152,121,11
8153,NULL,1
8154,70,19
8155,267,1
8156,430,1
8157,336,1
8158,NULL,1
8159,70,15
8160,NULL,1
8161,NULL,1
8162,NULL,1
8163,206,2
8164,534,8
8165,NULL,1
8166,NULL,1
8167,430,10
8168,70,2
8169,70,13
8170,NULL,1
8171,NULL,1
8172,171,1
8173,NULL,1
8174,70,15
8175,NULL,1
8176,267,11
8177,NULL,1
8178,70,14
8179,70,1
8180,NULL,1
8181,NULL,1
8182,70,15
8183,NULL,1
8184,456,14
8185,NULL,1
8186,267,11
8187,516,8
8188,NULL,1
8189,70,2
8190,70,2
8191,NULL,16
8192,NULL,1
8193,430,9
8194,456,13
8195,232,9
8196,336,1
8197,82,1
8198,NULL,1
8199,NULL,1
8200,NULL,11
8201,70,15
8202,534,8
8203,NULL,1
8204,NULL,1
8205,NULL,10
8206,250,1
8207,70,2
8208,70,19
8209,121,1
8210,550,13
8211,267,11
8212,NULL,1
8213,70,14
8214,121,11
8215,NULL,1
8216,341,1
8217,411,3
8218,NULL,1
8219,NULL,1
8220,NULL,10
8221,430,10
8222,NULL,1
8223,NULL,1
8224,NULL,1
8225,430,9
8226,NULL,1
8227,NULL,1
8228,391,21
8229,105,1
8230,232,9
8231,70,1
8232,121,1
8233,550,13
8234,456,14
8235,NULL,1
8236,275,14
8237,267,11
8238,70,14
8239,456,14
8240,70,14
8241,70,2
8242,187,1
8243,264,8
8244,NULL,1
8245,70,14
8246,NULL,1
8247,70,14
8248,336,10
8249,336,1
8250,NULL,1
8251,70,2
8252,70,14
8253,535,1
8254,105,1
8255,395,14
8256,121,11
8257,NULL,1
8258,367,2
8259,516,8
8260,NULL,1
8261,NULL,1
8262,NULL,1
8263,NULL,1
8264,NULL,1
8265,267,11
8266,NULL,1
8267,NULL,1
8268,121,1
8269,550,1
8270,70,2
8271,39,1
8272,121,16
8273,NULL,1
8274,NULL,1
8275,NULL,1
8276,70,14
8277,456,14
8278,NULL,1
8279,3,27
8280,NULL,1
8281,530,9
8282,464,21
8283,70,15
8284,70,14
8285,70,15
8286,70,14
8287,NULL,1
8288,70,2
8289,70,15
8290,391,10
8291,NULL,1
8292,NULL,1
8293,70,2
8294,232,9
8295,NULL,1
8296,267,11
8297,456,14
8298,70,22
8299,NULL,1
8300,NULL,2
8301,442,1
8302,456,14
8303,NULL,1
8304,550,8
8305,336,10
8306,171,10
8307,121,11
8308,456,8
8309,NULL,1
8310,250,1
8311,70,15
8312,70,2
8313,NULL,1
8314,NULL,1
8315,121,1
8316,275,14
8317,309,14
8318,70,14
8319,430,9
8320,NULL,1
8321,70,6
8322,213,1
8323,NULL,1
8324,391,4
8325,70,2
8326,430,9
8327,NULL,1
8328,70,14
8329,NULL,1
8330,NULL,1
8331,532,1
8332,430,9
8333,530,9
8334,267,1
8335,430,10
8336,367,2
8337,121,1
8338,121,11
8339,550,21
8340,530,9
8341,336,10
8342,70,14
8343,NULL,1
8344,70,1
8345,NULL,1
8346,26,1
8347,516,8
8348,456,2
8349,NULL,1
8350,70,14
8351,121,11
8352,NULL,1
8353,538,1
8354,NULL,10
8355,70,15
8356,70,14
8357,456,2
8358,NULL,1
8359,NULL,14
8360,121,16
8361,NULL,1
8362,NULL,10
8363,NULL,1
8364,206,1
8365,329,1
8366,NULL,13
8367,437,1
8368,NULL,1
8369,309,14
8370,550,21
8371,82,10
8372,NULL,1
8373,121,11
8374,70,14
8375,267,1
8376,456,2
8377,NULL,1
8378,430,1
8379,26,4
8380,NULL,14
8381,530,9
8382,NULL,1
8383,NULL,1
8384,341,10
8385,NULL,1
8386,70,15
8387,341,8
8388,NULL,1
8389,NULL,1
8390,121,16
8391,430,1
8392,98,1
8393,430,1
8394,NULL,1
8395,NULL,1
8396,430,1
8397,430,9
8398,121,16
8399,534,9
8400,430,1
8401,NULL,1
8402,70,15
8403,395,2
8404,70,14
8405,121,1
8406,70,15
8407,NULL,1
8408,70,14
8409,519,1
8410,NULL,1
8411,534,9
8412,NULL,1
8413,NULL,1
8414,430,1
8415,NULL,1
8416,NULL,1
8417,70,2
8418,516,8
8419,430,1
8420,70,14
8421,430,9
8422,267,1
8423,456,2
8424,70,14
8425,NULL,1
8426,70,14
8427,121,1
8428,NULL,1
8429,341,10
8430,70,14
8431,NULL,1
8432,NULL,1
8433,NULL,1
8434,336,10
8435,430,9
8436,70,15
8437,70,1
8438,NULL,1
8439,534,1
8440,430,1
8441,NULL,1
8442,267,11
8443,411,1
8444,NULL,1
8445,70,14
8446,70,14
8447,534,9
8448,309,12
8449,336,10
8450,NULL,1
8451,NULL,10
8452,430,9
8453,70,15
8454,82,10
8455,430,9
8456,47,1
8457,26,4
8458,121,16
8459,530,9
8460,430,10
8461,NULL,1
8462,297,14
8463,534,8
8464,39,1
8465,549,1
8466,70,21
8467,70,2
8468,70,15
8469,70,15
8470,70,2
8471,534,8
8472,NULL,1
8473,NULL,1
8474,530,1
8475,NULL,1
8476,329,1
8477,NULL,1
8478,NULL,1
8479,336,1
8480,NULL,1
8481,430,8
8482,26,4
8483,70,19
8484,NULL,1
8485,430,10
8486,NULL,1
8487,NULL,13
8488,336,10
8489,530,9
8490,530,1
8491,98,1
8492,550,13
8493,70,2
8494,206,2
8495,NULL,3
8496,309,14
8497,70,2
8498,NULL,1
8499,NULL,1
8500,NULL,1
8501,550,8
8502,514,18
8503,430,1
8504,NULL,1
8505,NULL,1
8506,456,14
8507,NULL,1
8508,430,9
8509,267,1
8510,NULL,1
8511,NULL,8
8512,NULL,1
8513,NULL,1
8514,336,10
8515,70,14
8516,NULL,1
8517,NULL,1
8518,NULL,1
8519,302,1
8520,NULL,1
8521,NULL,1
8522,70,2
8523,70,13
8524,550,13
8525,NULL,1
8526,267,11
8527,70,19
8528,NULL,1
8529,121,11
8530,430,10
8531,534,9
8532,534,1
8533,NULL,1
8534,391,10
8535,430,1
8536,70,14
8537,NULL,1
8538,NULL,1
8539,NULL,1
8540,70,14
8541,54,9
8542,NULL,1
8543,171,1
8544,456,8
8545,NULL,1
8546,NULL,1
8547,70,14
8548,267,11
8549,456,14
8550,NULL,13
8551,206,2
8552,NULL,1
8553,267,11
8554,70,14
8555,430,9
8556,70,2
8557,NULL,1
8558,70,2
8559,NULL,14
8560,530,9
8561,82,8
8562,430,9
8563,NULL,1
8564,NULL,1
8565,70,2
8566,430,1
8567,530,4
8568,NULL,1
8569,NULL,1
8570,121,11
8571,70,14
8572,456,2
8573,NULL,1
8574,NULL,1
8575,NULL,1
8576,267,11
8577,272,1
8578,70,19
8579,70,2
8580,329,1
8581,456,13
8582,NULL,1
8583,535,1
8584,341,10
8585,430,9
8586,430,8
8587,70,14
8588,267,11
8589,430,1
8590,516,1
8591,456,2
8592,NULL,1
8593,336,10
8594,550,3
8595,NULL,1
8596,NULL,1
8597,330,1
8598,NULL,1
8599,NULL,1
8600,70,14
8601,267,11
8602,272,1
8603,NULL,1
8604,NULL,1
8605,NULL,10
8606,NULL,2
8607,70,1
8608,267,11
8609,NULL,1
8610,456,2
8611,NULL,1
8612,3,27
8613,232,9
8614,NULL,1
8615,NULL,1
8616,NULL,1
8617,70,2
8618,70,2
8619,530,9
8620,NULL,1
8621,NULL,1
8622,NULL,1
8623,146,21
8624,121,11
8625,232,9
8626,70,2
8627,70,1
8628,430,9
8629,516,8
8630,NULL,1
8631,430,10
8632,NULL,1
8633,530,9
8634,NULL,1
8635,NULL,1
8636,NULL,1
8637,70,14
8638,NULL,1
8639,NULL,1
8640,NULL,2
8641,NULL,1
8642,70,14
8643,70,2
8644,534,1
8645,NULL,1
8646,514,9
8647,NULL,1
8648,456,2
8649,NULL,1
8650,187,1
8651,NULL,1
8652,NULL,1
8653,411,3
8654,121,16
8655,NULL,1
8656,430,9
8657,534,9
8658,70,14
8659,NULL,1
8660,425,4
8661,70,14
8662,NULL,1
8663,121,11
8664,70,14
8665,367,13
8666,NULL,1
8667,NULL,1
8668,126,1
8669,430,18
8670,336,1
8671,534,9
8672,NULL,23
8673,NULL,1
8674,121,16
8675,70,13
8676,70,1
8677,NULL,1
8678,70,14
8679,70,13
8680,111,1
8681,70,14
8682,430,9
8683,70,19
8684,550,8
8685,534,9
8686,267,11
8687,267,11
8688,267,11
8689,70,2
8690,197,1
8691,NULL,1
8692,430,9
8693,66,1
8694,267,11
8695,534,1
8696,232,1
8697,NULL,1
8698,309,13
8699,NULL,1
8700,NULL,1
8701,NULL,10
8702,232,1
8703,430,9
8704,121,16
8705,70,14
8706,389,1
8707,NULL,1
8708,70,14
8709,156,21
8710,309,13
8711,309,13
8712,473,1
8713,70,14
8714,NULL,1
8715,NULL,1
8716,70,14
8717,17,1
8718,232,1
8719,NULL,1
8720,550,21
8721,456,2
8722,534,1
8723,250,1
8724,232,1
8725,NULL,1
8726,232,1
8727,250,1
8728,232,1
8729,232,1
8730,70,1
8731,NULL,1
8732,70,2
8733,516,1
8734,NULL,1
8735,534,1
8736,156,21
8737,NULL,1
8738,430,9
8739,550,10
8740,309,13
8741,430,9
8742,NULL,1
8743,499,10
8744,NULL,1
8745,232,1
8746,245,7
8747,534,1
8748,550,10
8749,391,21
8750,250,1
8751,250,1
8752,156,21
8753,171,1
8754,430,9
8755,70,1
8756,NULL,1
8757,NULL,1
8758,NULL,1
8759,550,10
8760,NULL,1
8761,430,9
8762,250,1
8763,430,9
8764,70,2
8765,309,13
8766,NULL,1
8767,70,2
8768,534,1
8769,70,2
8770,NULL,2
8771,391,1
8772,550,10
8773,309,4
8774,NULL,1
8775,197,1
8776,534,1
8777,NULL,1
8778,70,2
8779,70,2
8780,430,9
8781,250,1
8782,534,1
8783,NULL,1
8784,NULL,1
8785,307,10
8786,430,9
8787,NULL,1
8788,430,9
8789,NULL,1
8790,NULL,1
8791,NULL,1
8792,NULL,1
8793,NULL,1
8794,336,1
8795,534,1
8796,430,9
8797,232,1
8798,430,9
8799,534,1
8800,NULL,1
8801,NULL,1
8802,534,1
8803,550,21
8804,232,1
8805,430,9
8806,NULL,1
8807,550,21
8808,391,1
8809,550,10
8810,213,1
8811,NULL,2
8812,NULL,1
8813,70,2
8814,430,9
8815,NULL,1
8816,NULL,2
8817,534,1
8818,70,14
8819,NULL,21
8820,3,25
8821,431,4
8822,3,25
8823,70,1
8824,507,7
8825,430,1
8826,507,7
8827,70,2
8828,NULL,21
8829,NULL,21
8830,232,1
8831,70,1
8832,232,1
8833,391,4
8834,NULL,1
8835,NULL,1
8836,3,1
8837,534,9
8838,70,14
8839,NULL,1
8840,430,9
8841,NULL,1
8842,232,1
8843,430,1
8844,385,10
8845,391,10
8846,NULL,1
8847,NULL,1
8848,NULL,21
8849,NULL,1
8850,431,4
8851,NULL,7
8852,NULL,1
8853,3,1
8854,307,10
8855,430,9
8856,391,10
8857,431,4
8858,431,4
8859,309,12
8860,431,4
8861,NULL,21
8862,NULL,1
8863,297,14
8864,430,9
8865,156,21
8866,174,1
8867,NULL,1
8868,NULL,21
8869,245,7
8870,391,10
8871,431,4
8872,NULL,1
8873,297,14
8874,NULL,1
8875,NULL,3
8876,NULL,1
8877,NULL,1
8878,259,9
8879,431,4
8880,430,10
8881,NULL,1
8882,534,9
8883,NULL,1
8884,NULL,1
8885,NULL,1
8886,NULL,1
8887,NULL,1
8888,307,10
8889,NULL,1
8890,NULL,21
8891,245,7
8892,430,1
8893,3,25
8894,NULL,1
8895,430,1
8896,534,1
8897,245,7
8898,430,9
8899,NULL,1
8900,NULL,10
8901,70,1
8902,70,13
8903,NULL,1
8904,NULL,1
8905,NULL,1
8906,NULL,1
8907,NULL,21
8908,NULL,1
8909,534,9
8910,3,25
8911,NULL,1
8912,NULL,1
8913,391,10
8914,70,1
8915,534,9
8916,NULL,1
8917,NULL,1
8918,431,4
8919,NULL,10
8920,534,9
8921,NULL,1
8922,3,25
8923,NULL,1
8924,3,25
8925,NULL,21
8926,431,4
8927,431,4
8928,NULL,1
8929,NULL,1
8930,232,1
8931,NULL,21
8932,NULL,21
8933,431,4
8934,430,9
8935,70,1
8936,NULL,1
8937,NULL,1
8938,3,25
8939,3,25
8940,431,4
8941,3,25
8942,431,4
8943,431,4
8944,197,7
8945,431,4
8946,197,7
8947,NULL,1
8948,399,1
8949,NULL,1
8950,161,1
8951,NULL,1
8952,NULL,1
8953,NULL,1
8954,399,1
8955,NULL,1
8956,NULL,1
8957,NULL,1
8958,161,1
8959,161,1
8960,NULL,1
8961,NULL,1
8962,329,1
8963,NULL,1
8964,NULL,1
8965,NULL,1
8966,NULL,1
8967,161,1
8968,NULL,1
8969,NULL,1
8970,NULL,1
8971,NULL,1
8972,NULL,1
8973,NULL,1
8974,NULL,1
8975,NULL,1
8976,NULL,1
8977,NULL,1
8978,NULL,1
8979,414,1
8980,414,1
8981,NULL,1
8982,NULL,1
8983,NULL,1
8984,414,1
8985,NULL,1
8986,NULL,1
8987,NULL,1
8988,NULL,1
8989,NULL,1
8990,NULL,1
8991,NULL,1
8992,414,1
8993,NULL,1
8994,NULL,1
8995,NULL,1
8996,414,1
8997,NULL,1
8998,399,1
8999,441,1
9000,NULL,1
9001,NULL,1
9002,414,1
9003,414,1
9004,NULL,1
9005,NULL,1
9006,NULL,1
9007,70,14
9008,NULL,1
9009,542,1
9010,NULL,1
9011,NULL,1
9012,441,1
9013,NULL,1
9014,NULL,1
9015,161,1
9016,NULL,1
9017,NULL,1
9018,NULL,1
9019,NULL,1
9020,NULL,1
9021,NULL,1
9022,161,1
9023,391,4
9024,NULL,1
9025,NULL,1
9026,NULL,1
9027,NULL,1
9028,NULL,1
9029,399,1
9030,NULL,1
9031,NULL,1
9032,NULL,1
9033,NULL,1
9034,414,1
9035,NULL,1
9036,31,1
9037,NULL,1
9038,414,1
9039,NULL,1
9040,NULL,1
9041,NULL,1
9042,414,1
9043,NULL,1
9044,399,1
9045,161,1
9046,414,1
9047,NULL,1
9048,NULL,1
9049,NULL,1
9050,NULL,1
9051,NULL,1
9052,NULL,1
9053,NULL,1
9054,NULL,1
9055,414,1
9056,NULL,1
9057,161,1
9058,399,1
9059,NULL,1
9060,70,14
9061,NULL,1
9062,441,1
9063,NULL,1
9064,NULL,1
9065,161,1
9066,NULL,1
9067,NULL,1
9068,NULL,1
9069,NULL,1
9070,NULL,1
9071,NULL,1
9072,NULL,1
9073,NULL,1
9074,414,1
9075,NULL,1
9076,414,1
9077,NULL,1
9078,NULL,1
9079,414,1
9080,414,1
9081,NULL,1
9082,NULL,1
9083,NULL,1
9084,NULL,1
9085,NULL,1
9086,NULL,1
9087,NULL,1
9088,399,1
9089,NULL,1
9090,NULL,1
9091,NULL,1
9092,NULL,1
9093,NULL,1
9094,NULL,1
9095,NULL,1
9096,NULL,1
9097,391,4
9098,NULL,1
9099,NULL,1
9100,441,1
9101,534,8
9102,NULL,1
9103,NULL,1
9104,NULL,1
9105,430,9
9106,550,10
9107,133,2
9108,NULL,1
9109,NULL,1
9110,NULL,1
9111,NULL,1
9112,NULL,1
9113,430,9
9114,NULL,1
9115,NULL,26
9116,NULL,1
9117,530,28
9118,NULL,1
9119,NULL,1
9120,NULL,1
9121,430,9
9122,NULL,1
9123,448,1
9124,430,9
9125,441,1
9126,NULL,1
9127,156,21
9128,448,1
9129,NULL,1
9130,NULL,1
9131,NULL,1
9132,NULL,1
9133,NULL,1
9134,NULL,1
9135,NULL,1
9136,414,1
9137,NULL,1
9138,NULL,1
9139,550,1
9140,70,15
9141,NULL,1
9142,430,10
9143,NULL,1
9144,NULL,1
9145,NULL,1
9146,NULL,1
9147,NULL,1
9148,NULL,1
9149,NULL,1
9150,534,8
9151,NULL,1
9152,70,15
9153,NULL,1
9154,NULL,1
9155,NULL,1
9156,NULL,1
9157,NULL,1
9158,NULL,10
9159,NULL,1
9160,NULL,1
9161,NULL,1
9162,NULL,1
9163,399,1
9164,NULL,1
9165,NULL,1
9166,534,9
9167,NULL,1
9168,NULL,1
9169,NULL,1
9170,NULL,1
9171,NULL,1
9172,NULL,1
9173,NULL,1
9174,NULL,1
9175,NULL,1
9176,NULL,14
9177,70,18
9178,NULL,1
9179,NULL,1
9180,70,2
9181,NULL,1
9182,NULL,1
9183,NULL,1
9184,NULL,1
9185,542,25
9186,NULL,1
9187,NULL,1
9188,430,9
9189,NULL,1
9190,31,1
9191,NULL,1
9192,NULL,1
9193,54,1
9194,NULL,1
9195,NULL,1
9196,70,14
9197,NULL,1
9198,565,1
9199,NULL,1
9200,NULL,1
9201,NULL,1
9202,414,1
9203,NULL,1
9204,NULL,1
9205,NULL,1
9206,550,13
9207,NULL,1
9208,NULL,1
9209,NULL,1
9210,414,1
9211,NULL,1
9212,NULL,1
9213,NULL,1
9214,NULL,1
9215,NULL,1
9216,NULL,1
9217,NULL,1
9218,NULL,1
9219,NULL,1
9220,NULL,1
9221,70,2
9222,NULL,1
9223,NULL,1
9224,441,1
9225,549,1
9226,NULL,1
9227,70,15
9228,NULL,1
9229,NULL,1
9230,NULL,1
9231,NULL,1
9232,NULL,1
9233,NULL,1
9234,NULL,1
9235,NULL,1
9236,NULL,1
9237,415,1
9238,NULL,1
9239,NULL,1
9240,NULL,1
9241,NULL,1
9242,NULL,1
9243,NULL,1
9244,NULL,1
9245,NULL,1
9246,NULL,1
9247,NULL,1
9248,70,15
9249,NULL,1
9250,NULL,1
9251,NULL,1
9252,NULL,1
9253,NULL,1
9254,NULL,1
9255,NULL,1
9256,NULL,14
9257,NULL,1
9258,NULL,1
9259,NULL,1
9260,NULL,1
9261,NULL,1
9262,NULL,1
9263,NULL,1
9264,70,2
9265,NULL,1
9266,NULL,1
9267,NULL,1
9268,197,7
9269,NULL,1
9270,NULL,1
9271,197,7
9272,58,1
9273,399,1
9274,NULL,1
9275,NULL,1
9276,70,15
9277,NULL,1
9278,NULL,1
9279,NULL,1
9280,70,15
9281,232,9
9282,NULL,1
9283,NULL,1
9284,534,8
9285,NULL,1
9286,NULL,1
9287,NULL,1
9288,NULL,1
9289,NULL,1
9290,NULL,1
9291,NULL,1
9292,NULL,1
9293,NULL,1
9294,NULL,1
9295,NULL,1
9296,NULL,1
9297,NULL,1
9298,NULL,1
9299,NULL,1
9300,NULL,1
9301,NULL,1
9302,NULL,26
9303,NULL,1
9304,NULL,14
9305,70,1
9306,399,1
9307,NULL,1
9308,NULL,1
9309,NULL,1
9310,NULL,1
9311,430,1
9312,NULL,1
9313,70,1
9314,399,1
9315,NULL,1
9316,NULL,1
9317,NULL,1
9318,NULL,1
9319,NULL,1
9320,NULL,1
9321,NULL,1
9322,NULL,1
9323,NULL,1
9324,565,3
9325,NULL,1
9326,NULL,1
9327,NULL,1
9328,NULL,1
9329,NULL,26
9330,NULL,1
9331,NULL,1
9332,NULL,1
9333,NULL,1
9334,NULL,1
9335,NULL,1
9336,NULL,1
9337,NULL,1
9338,534,8
9339,399,1
9340,NULL,1
9341,NULL,1
9342,NULL,1
9343,NULL,1
9344,NULL,1
9345,NULL,1
9346,414,1
9347,NULL,1
9348,NULL,1
9349,414,1
9350,125,4
9351,70,2
9352,70,15
9353,NULL,1
9354,NULL,1
9355,NULL,1
9356,250,10
9357,70,15
9358,NULL,1
9359,NULL,10
9360,NULL,1
9361,NULL,1
9362,70,14
9363,NULL,1
9364,NULL,1
9365,NULL,1
9366,NULL,1
9367,550,8
9368,NULL,1
9369,NULL,1
9370,NULL,1
9371,NULL,1
9372,70,1
9373,197,7
9374,414,1
9375,70,1
9376,NULL,1
9377,414,1
9378,NULL,1
9379,70,2
9380,448,1
9381,NULL,1
9382,70,15
9383,NULL,1
9384,NULL,1
9385,NULL,1
9386,NULL,1
9387,414,1
9388,245,7
9389,NULL,1
9390,70,14
9391,NULL,1
9392,NULL,1
9393,NULL,1
9394,NULL,1
9395,NULL,1
9396,NULL,1
9397,NULL,1
9398,NULL,1
9399,NULL,1
9400,NULL,1
9401,NULL,1
9402,70,1
9403,NULL,1
9404,NULL,1
9405,70,14
9406,NULL,1
9407,NULL,1
9408,391,10
9409,NULL,1
9410,NULL,1
9411,NULL,1
9412,534,9
9413,NULL,1
9414,391,10
9415,441,1
9416,NULL,1
9417,NULL,1
9418,NULL,1
9419,70,14
9420,NULL,1
9421,NULL,1
9422,NULL,1
9423,70,15
9424,NULL,1
9425,NULL,1
9426,NULL,1
9427,NULL,1
9428,NULL,1
9429,NULL,1
9430,NULL,1
9431,534,1
9432,534,9
9433,NULL,1
9434,70,14
9435,441,1
9436,NULL,1
9437,NULL,1
9438,NULL,1
9439,399,1
9440,NULL,1
9441,161,1
9442,NULL,1
9443,NULL,1
9444,NULL,1
9445,NULL,1
9446,NULL,1
9447,245,7
9448,NULL,1
9449,430,9
9450,441,1
9451,NULL,1
9452,NULL,1
9453,NULL,1
9454,NULL,1
9455,NULL,1
9456,NULL,1
9457,NULL,1
9458,534,1
9459,NULL,1
9460,NULL,1
9461,399,1
9462,NULL,1
9463,70,14
9464,NULL,1
9465,270,1
9466,NULL,26
9467,NULL,1
9468,NULL,1
9469,NULL,1
9470,NULL,1
9471,NULL,1
9472,NULL,1
9473,70,15
9474,391,10
9475,513,1
9476,NULL,1
9477,NULL,1
9478,NULL,1
9479,NULL,1
9480,441,1
9481,NULL,1
9482,NULL,14
9483,70,14
9484,NULL,1
9485,70,15
9486,NULL,1
9487,NULL,1
9488,441,1
9489,NULL,1
9490,NULL,1
9491,430,10
9492,70,1
9493,534,9
9494,NULL,1
9495,NULL,1
9496,NULL,1
9497,NULL,1
9498,NULL,1
9499,441,1
9500,511,1
9501,NULL,1
9502,NULL,1
9503,NULL,1
9504,534,8
9505,NULL,1
9506,NULL,1
9507,70,14
9508,NULL,1
9509,NULL,1
9510,266,13
9511,70,2
9512,NULL,26
9513,NULL,1
9514,NULL,1
9515,NULL,1
9516,NULL,26
9517,NULL,1
9518,NULL,1
9519,133,2
9520,206,2
9521,430,9
9522,NULL,1
9523,NULL,1
9524,NULL,1
9525,NULL,1
9526,430,10
9527,133,2
9528,NULL,1
9529,NULL,1
9530,NULL,1
9531,NULL,1
9532,NULL,1
9533,NULL,1
9534,NULL,1
9535,NULL,1
9536,NULL,1
9537,414,1
9538,NULL,1
9539,NULL,1
9540,NULL,14
9541,NULL,1
9542,NULL,1
9543,NULL,1
9544,NULL,1
9545,NULL,1
9546,NULL,1
9547,NULL,1
9548,NULL,1
9549,NULL,1
9550,NULL,1
9551,NULL,1
9552,NULL,1
9553,NULL,1
9554,NULL,1
9555,NULL,1
9556,197,7
9557,NULL,1
9558,542,25
9559,NULL,1
9560,70,15
9561,NULL,1
9562,NULL,1
9563,70,14
9564,500,8
9565,NULL,1
9566,NULL,1
9567,70,2
9568,NULL,1
9569,NULL,1
9570,NULL,1
9571,NULL,1
9572,NULL,1
9573,NULL,1
9574,NULL,1
9575,267,11
9576,NULL,1
9577,367,21
9578,NULL,1
9579,NULL,1
9580,NULL,1
9581,NULL,1
9582,414,1
9583,414,1
9584,70,2
9585,NULL,1
9586,NULL,1
9587,NULL,1
9588,NULL,1
9589,156,1
9590,NULL,1
9591,NULL,1
9592,NULL,1
9593,NULL,1
9594,NULL,1
9595,NULL,1
9596,NULL,1
9597,NULL,1
9598,NULL,1
9599,NULL,1
9600,414,1
9601,391,21
9602,NULL,1
9603,NULL,1
9604,NULL,1
9605,NULL,1
9606,NULL,1
9607,NULL,1
9608,NULL,1
9609,NULL,1
9610,NULL,1
9611,NULL,1
9612,NULL,1
9613,NULL,1
9614,156,1
9615,391,10
9616,NULL,1
9617,NULL,1
9618,NULL,1
9619,NULL,1
9620,NULL,1
9621,NULL,1
9622,NULL,1
9623,NULL,1
9624,414,1
9625,NULL,1
9626,70,15
9627,NULL,1
9628,NULL,1
9629,NULL,1
9630,NULL,1
9631,NULL,1
9632,399,1
9633,NULL,1
9634,414,1
9635,414,1
9636,NULL,1
9637,NULL,1
9638,NULL,1
9639,550,13
9640,550,8
9641,NULL,1
9642,NULL,1
9643,NULL,1
9644,414,1
9645,414,1
9646,NULL,1
9647,NULL,1
9648,NULL,1
9649,NULL,1
9650,NULL,1
9651,NULL,1
9652,NULL,1
9653,414,1
9654,NULL,1
9655,NULL,1
9656,NULL,1
9657,NULL,1
9658,NULL,1
9659,NULL,1
9660,NULL,1
9661,NULL,1
9662,NULL,1
9663,NULL,1
9664,NULL,1
9665,NULL,1
9666,NULL,1
9667,414,1
9668,NULL,1
9669,441,1
9670,NULL,1
9671,NULL,1
9672,NULL,1
9673,448,1
9674,NULL,1
9675,NULL,1
9676,430,9
9677,NULL,1
9678,NULL,1
9679,430,9
9680,414,1
9681,NULL,1
9682,NULL,1
9683,NULL,1
9684,550,17
9685,NULL,1
9686,NULL,14
9687,534,8
9688,NULL,1
9689,NULL,1
9690,NULL,1
9691,414,1
9692,70,14
9693,414,1
9694,NULL,1
9695,NULL,1
9696,NULL,1
9697,NULL,1
9698,NULL,1
9699,NULL,10
9700,NULL,1
9701,NULL,1
9702,NULL,1
9703,NULL,1
9704,391,10
9705,NULL,1
9706,NULL,1
9707,70,14
9708,NULL,1
9709,NULL,1
9710,NULL,1
9711,156,1
9712,NULL,1
9713,NULL,1
9714,NULL,1
9715,NULL,1
9716,70,14
9717,NULL,1
9718,NULL,1
9719,NULL,1
9720,NULL,1
9721,NULL,1
9722,NULL,1
9723,NULL,1
9724,391,10
9725,399,1
9726,NULL,1
9727,NULL,1
9728,430,9
9729,NULL,1
9730,NULL,1
9731,414,1
9732,NULL,1
9733,NULL,1
9734,NULL,1
9735,NULL,1
9736,70,2
9737,NULL,1
9738,NULL,1
9739,250,10
9740,NULL,1
9741,NULL,1
9742,NULL,1
9743,70,15
9744,NULL,1
9745,70,14
9746,NULL,1
9747,NULL,1
9748,70,14
9749,NULL,1
9750,391,10
9751,70,14
9752,399,1
9753,441,1
9754,391,21
9755,70,14
9756,NULL,1
9757,NULL,1
9758,70,14
9759,NULL,1
9760,NULL,1
9761,NULL,1
9762,NULL,1
9763,NULL,1
9764,NULL,1
9765,NULL,1
9766,NULL,1
9767,399,1
9768,534,8
9769,NULL,1
9770,NULL,1
9771,187,1
9772,414,1
9773,NULL,1
9774,NULL,1
9775,NULL,1
9776,NULL,1
9777,NULL,1
9778,NULL,1
9779,NULL,1
9780,414,1
9781,70,14
9782,NULL,1
9783,NULL,1
9784,414,1
9785,NULL,1
9786,NULL,1
9787,NULL,1
9788,414,1
9789,NULL,1
9790,70,15
9791,414,1
9792,NULL,1
9793,565,3
9794,NULL,1
9795,414,1
9796,NULL,1
9797,70,2
9798,NULL,1
9799,430,9
9800,NULL,1
9801,70,14
9802,NULL,1
9803,534,9
9804,NULL,1
9805,NULL,1
9806,NULL,1
9807,NULL,1
9808,NULL,1
9809,70,14
9810,NULL,1
9811,NULL,1
9812,245,1
9813,70,2
9814,NULL,1
9815,NULL,1
9816,NULL,1
9817,NULL,1
9818,414,1
9819,NULL,1
9820,NULL,1
9821,NULL,1
9822,NULL,1
9823,NULL,1
9824,NULL,1
9825,NULL,1
9826,414,1
9827,NULL,1
9828,NULL,1
9829,NULL,1
9830,NULL,1
9831,NULL,1
9832,NULL,1
9833,NULL,1
9834,NULL,1
9835,NULL,26
9836,NULL,1
9837,NULL,1
9838,NULL,1
9839,NULL,1
9840,70,14
9841,414,1
9842,414,1
9843,NULL,1
9844,NULL,1
9845,NULL,1
9846,NULL,1
9847,NULL,1
9848,NULL,1
9849,NULL,1
9850,NULL,1
9851,NULL,1
9852,NULL,1
9853,70,2
9854,NULL,1
9855,NULL,1
9856,414,1
9857,NULL,1
9858,70,14
9859,NULL,1
9860,NULL,1
9861,NULL,10
9862,NULL,1
9863,NULL,1
9864,NULL,1
9865,NULL,1
9866,NULL,10
9867,NULL,1
9868,430,1
9869,NULL,1
9870,NULL,1
9871,NULL,1
9872,70,2
9873,NULL,1
9874,NULL,1
9875,NULL,1
9876,NULL,1
9877,NULL,1
9878,NULL,1
9879,NULL,1
9880,NULL,1
9881,NULL,1
9882,245,1
9883,NULL,1
9884,NULL,1
9885,NULL,1
9886,NULL,1
9887,NULL,1
9888,NULL,1
9889,NULL,1
9890,NULL,1
9891,NULL,1
9892,414,1
9893,NULL,1
9894,NULL,1
9895,NULL,1
9896,NULL,1
9897,NULL,1
9898,NULL,1
9899,NULL,1
9900,NULL,1
9901,NULL,1
9902,430,1
9903,NULL,1
9904,NULL,1
9905,NULL,1
9906,NULL,1
9907,NULL,1
9908,NULL,1
9909,NULL,1
9910,NULL,1
9911,NULL,1
9912,NULL,1
9913,NULL,1
9914,NULL,1
9915,NULL,1
9916,NULL,1
9917,NULL,1
9918,70,2
9919,NULL,1
9920,NULL,1
9921,NULL,1
9922,NULL,1
9923,NULL,1
9924,NULL,1
9925,NULL,1
9926,NULL,1
9927,NULL,1
9928,NULL,1
9929,NULL,1
9930,NULL,1
9931,NULL,1
9932,NULL,1
9933,NULL,26
9934,532,1
9935,NULL,1
9936,NULL,1
9937,NULL,1
9938,NULL,1
9939,NULL,1
9940,267,11
9941,NULL,1
9942,NULL,1
9943,NULL,1
9944,NULL,1
9945,NULL,1
9946,NULL,1
9947,NULL,1
9948,NULL,1
9949,NULL,1
9950,NULL,1
9951,NULL,1
9952,NULL,1
9953,NULL,1
9954,NULL,1
9955,NULL,1
9956,NULL,1
9957,NULL,1
9958,NULL,1
9959,NULL,1
9960,NULL,1
9961,NULL,1
9962,550,1
9963,NULL,1
9964,403,1
9965,NULL,1
9966,NULL,1
9967,NULL,1
9968,NULL,1
9969,NULL,1
9970,NULL,1
9971,NULL,1
9972,NULL,1
9973,NULL,1
9974,448,1
9975,NULL,1
9976,NULL,1
9977,NULL,1
9978,NULL,1
9979,70,14
9980,197,1
9981,NULL,1
9982,NULL,1
9983,70,14
9984,NULL,1
9985,NULL,1
9986,NULL,1
9987,NULL,1
9988,133,2
9989,NULL,1
9990,NULL,1
9991,NULL,1
9992,NULL,1
9993,70,15
9994,391,10
9995,NULL,1
9996,NULL,1
9997,NULL,1
9998,NULL,1
9999,NULL,1
10000,NULL,1
10001,70,14
10002,NULL,1
10003,399,1
10004,NULL,1
10005,NULL,1
10006,NULL,1
10007,NULL,1
10008,NULL,1
10009,NULL,1
10010,NULL,1
10011,NULL,1
10012,NULL,1
10013,NULL,1
10014,NULL,3
10015,NULL,1
10016,NULL,1
10017,NULL,1
10018,NULL,1
10019,NULL,1
10020,430,9
10021,NULL,1
10022,441,1
10023,NULL,1
10024,430,9
10025,NULL,1
10026,534,8
10027,430,9
10028,NULL,1
10029,NULL,1
10030,105,1
10031,430,9
10032,430,9
10033,430,9
10034,NULL,1
10035,NULL,1
10036,NULL,1
10037,NULL,1
10038,NULL,1
10039,NULL,1
10040,NULL,1
10041,NULL,1
10042,105,1
10043,534,8
10044,NULL,1
10045,NULL,1
10046,430,9
10047,NULL,1
10048,NULL,1
10049,NULL,1
10050,441,1
10051,534,8
10052,NULL,1
10053,430,9
10054,399,1
10055,534,8
10056,NULL,10
10057,441,1
10058,NULL,1
10059,NULL,1
10060,70,14
10061,430,9
10062,534,8
10063,NULL,1
10064,NULL,1
10065,NULL,1
10066,430,9
10067,430,9
10068,NULL,1
10069,NULL,1
10070,430,9
10071,430,9
10072,430,9
10073,430,9
10074,NULL,1
10075,534,8
10076,430,9
10077,NULL,1
10078,399,1
10079,534,8
10080,NULL,1
10081,430,9
10082,NULL,1
10083,534,8
10084,NULL,1
10085,NULL,1
10086,NULL,1
10087,NULL,1
10088,NULL,1
10089,NULL,1
10090,NULL,1
10091,NULL,17
10092,NULL,1
10093,NULL,1
10094,NULL,1
10095,NULL,1
10096,NULL,1
10097,NULL,1
10098,NULL,1
10099,NULL,1
10100,NULL,1
10101,NULL,1
10102,NULL,1
10103,NULL,1
10104,NULL,1
10105,206,6
10106,NULL,1
10107,414,1
10108,206,2
10109,206,2
10110,206,2
10111,NULL,1
10112,NULL,1
10113,NULL,1
10114,NULL,14
10115,NULL,1
10116,206,14
10117,NULL,1
10118,NULL,1
10119,NULL,1
10120,NULL,1
10121,NULL,1
10122,430,9
10123,NULL,1
10124,NULL,1
10125,NULL,1
10126,NULL,1
10127,NULL,1
10128,NULL,1
10129,NULL,1
10130,NULL,1
10131,NULL,1
10132,NULL,1
10133,NULL,1
10134,NULL,1
10135,206,2
10136,NULL,1
10137,NULL,1
10138,206,14
10139,206,14
10140,NULL,1
10141,NULL,1
10142,399,1
10143,206,2
10144,NULL,1
10145,NULL,1
10146,414,1
10147,206,2
10148,399,1
10149,NULL,1
10150,NULL,1
10151,NULL,1
10152,206,14
10153,206,6
10154,NULL,1
10155,206,14
10156,NULL,1
10157,399,1
10158,NULL,1
10159,399,1
10160,NULL,1
10161,267,11
10162,516,8
10163,NULL,1
10164,415,1
10165,70,2
10166,NULL,1
10167,267,1
10168,NULL,1
10169,NULL,1
10170,516,8
10171,47,1
10172,NULL,1
10173,70,14
10174,NULL,1
10175,NULL,1
10176,NULL,1
10177,70,14
10178,267,1
10179,70,14
10180,109,1
10181,70,2
10182,NULL,1
10183,NULL,1
10184,NULL,1
10185,NULL,1
10186,70,2
10187,121,16
10188,NULL,1
10189,NULL,1
10190,70,14
10191,70,2
10192,70,14
10193,NULL,1
10194,70,14
10195,NULL,1
10196,70,14
10197,NULL,1
10198,NULL,1
10199,NULL,1
10200,NULL,1
10201,NULL,1
10202,NULL,1
10203,NULL,1
10204,160,1
10205,70,2
10206,NULL,1
10207,121,16
10208,NULL,1
10209,367,13
10210,NULL,1
10211,519,1
10212,415,1
10213,121,1
10214,NULL,2
10215,NULL,17
10216,556,13
10217,NULL,1
10218,NULL,1
10219,NULL,1
10220,NULL,1
10221,NULL,1
10222,NULL,11
10223,329,1
10224,70,2
10225,NULL,1
10226,160,1
10227,267,11
10228,121,1
10229,70,14
10230,272,1
10231,NULL,1
10232,NULL,1
10233,NULL,1
10234,NULL,1
10235,NULL,1
10236,160,1
10237,NULL,1
10238,70,22
10239,519,1
10240,NULL,1
10241,NULL,1
10242,NULL,1
10243,NULL,1
10244,70,14
10245,430,1
10246,NULL,1
10247,NULL,1
10248,549,1
10249,NULL,1
10250,367,13
10251,NULL,1
10252,121,16
10253,NULL,1
10254,171,1
10255,NULL,1
10256,70,14
10257,NULL,1
10258,70,14
10259,70,2
10260,NULL,1
10261,NULL,1
10262,NULL,1
10263,121,2
10264,NULL,1
10265,329,1
10266,NULL,1
10267,NULL,1
10268,NULL,1
10269,NULL,1
10270,NULL,1
10271,NULL,1
10272,NULL,1
10273,519,1
10274,NULL,1
10275,NULL,1
10276,267,11
10277,NULL,1
10278,NULL,1
10279,121,16
10280,414,1
10281,70,14
10282,NULL,1
10283,NULL,1
10284,NULL,1
10285,536,1
10286,456,14
10287,NULL,1
10288,70,2
10289,391,10
10290,264,8
10291,70,1
10292,551,1
10293,NULL,1
10294,NULL,1
10295,NULL,1
10296,NULL,1
10297,83,1
10298,121,1
10299,NULL,1
10300,367,13
10301,NULL,1
10302,NULL,1
10303,121,16
10304,NULL,1
10305,NULL,1
10306,NULL,1
10307,NULL,1
10308,NULL,1
10309,NULL,1
10310,NULL,1
10311,121,1
10312,NULL,1
10313,187,11
10314,415,1
10315,NULL,1
10316,367,1
10317,NULL,1
10318,415,1
10319,NULL,1
10320,NULL,1
10321,NULL,1
10322,NULL,1
10323,NULL,1
10324,NULL,1
10325,NULL,1
10326,NULL,1
10327,NULL,1
10328,NULL,1
10329,NULL,1
10330,NULL,1
10331,NULL,1
10332,367,13
10333,70,2
10334,NULL,1
10335,NULL,1
10336,NULL,1
10337,566,1
10338,70,2
10339,NULL,1
10340,70,2
10341,NULL,1
10342,519,1
10343,NULL,1
10344,NULL,1
10345,NULL,1
10346,NULL,1
10347,NULL,1
10348,NULL,1
10349,NULL,1
10350,NULL,1
10351,NULL,1
10352,NULL,1
10353,121,1
10354,NULL,1
10355,430,9
10356,NULL,1
10357,NULL,1
10358,NULL,1
10359,121,1
10360,NULL,1
10361,NULL,1
10362,NULL,1
10363,NULL,1
10364,448,1
10365,83,1
10366,297,14
10367,NULL,1
10368,NULL,1
10369,NULL,14
10370,NULL,1
10371,NULL,1
10372,NULL,1
10373,26,1
10374,551,13
10375,NULL,1
10376,NULL,1
10377,NULL,1
10378,121,11
10379,NULL,1
10380,NULL,1
10381,NULL,1
10382,NULL,1
10383,NULL,1
10384,NULL,1
10385,550,1
10386,70,2
10387,121,16
10388,121,16
10389,NULL,1
10390,121,16
10391,NULL,1
10392,388,1
10393,21,1
10394,70,14
10395,NULL,1
10396,121,1
10397,NULL,1
10398,347,1
10399,NULL,1
10400,NULL,1
10401,245,7
10402,NULL,1
10403,NULL,1
10404,NULL,1
10405,NULL,1
10406,NULL,1
10407,NULL,1
10408,NULL,1
10409,NULL,1
10410,NULL,1
10411,NULL,1
10412,452,1
10413,121,1
10414,70,14
10415,NULL,1
10416,64,1
10417,NULL,1
10418,121,1
10419,NULL,1
10420,NULL,1
10421,70,1
10422,NULL,1
10423,NULL,1
10424,NULL,1
10425,391,10
10426,NULL,1
10427,NULL,1
10428,NULL,1
10429,NULL,1
10430,NULL,1
10431,NULL,1
10432,NULL,1
10433,NULL,1
10434,NULL,1
10435,NULL,1
10436,NULL,1
10437,NULL,1
10438,NULL,1
10439,NULL,1
10440,NULL,1
10441,NULL,1
10442,NULL,1
10443,NULL,1
10444,NULL,1
10445,NULL,1
10446,NULL,1
10447,NULL,1
10448,NULL,1
10449,NULL,1
10450,NULL,1
10451,NULL,1
10452,NULL,1
10453,NULL,1
10454,NULL,1
10455,NULL,1
10456,70,2
10457,NULL,1
10458,NULL,1
10459,NULL,1
10460,NULL,1
10461,NULL,1
10462,NULL,1
10463,NULL,1
10464,NULL,1
10465,NULL,1
10466,NULL,1
10467,NULL,1
10468,NULL,1
10469,NULL,1
10470,NULL,1
10471,NULL,1
10472,NULL,1
10473,NULL,1
10474,NULL,1
10475,NULL,1
10476,NULL,1
10477,NULL,1
10478,NULL,1
10479,NULL,1
10480,NULL,1
10481,NULL,1
10482,NULL,1
10483,NULL,1
10484,NULL,1
10485,NULL,1
10486,NULL,1
10487,NULL,1
10488,NULL,1
10489,NULL,1
10490,NULL,1
10491,NULL,1
10492,NULL,1
10493,NULL,1
10494,NULL,1
10495,NULL,1
10496,NULL,1
10497,NULL,1
10498,NULL,1
10499,NULL,1
10500,NULL,1
10501,NULL,1
10502,NULL,1
10503,NULL,1
10504,NULL,1
10505,NULL,1
10506,NULL,1
10507,NULL,1
10508,NULL,1
10509,31,1
10510,NULL,1
10511,NULL,1
10512,NULL,1
10513,NULL,1
10514,NULL,1
10515,NULL,1
10516,NULL,1
10517,NULL,1
10518,NULL,1
10519,NULL,1
10520,NULL,1
10521,NULL,1
10522,NULL,1
10523,NULL,1
10524,NULL,1
10525,NULL,1
10526,NULL,1
10527,NULL,1
10528,399,1
10529,NULL,1
10530,NULL,1
10531,NULL,1
10532,NULL,1
10533,NULL,1
10534,NULL,1
10535,NULL,1
10536,NULL,1
10537,NULL,1
10538,NULL,1
10539,NULL,1
10540,NULL,1
10541,NULL,1
10542,NULL,1
10543,NULL,1
10544,250,10
10545,NULL,1
10546,NULL,1
10547,NULL,1
10548,NULL,1
10549,NULL,1
10550,NULL,1
10551,NULL,1
10552,NULL,1
10553,NULL,1
10554,NULL,1
10555,NULL,1
10556,NULL,1
10557,NULL,1
10558,NULL,3
10559,NULL,1
10560,NULL,1
10561,NULL,17
10562,NULL,1
10563,NULL,1
10564,NULL,1
10565,NULL,3
10566,456,2
10567,556,1
10568,NULL,1
10569,70,3
10570,550,8
10571,551,13
10572,556,1
10573,NULL,1
10574,NULL,3
10575,367,1
10576,NULL,17
10577,NULL,3
10578,NULL,23
10579,367,1
10580,550,10
10581,NULL,1
10582,NULL,1
10583,NULL,1
10584,NULL,1
10585,NULL,1
10586,NULL,1
10587,NULL,1
10588,NULL,1
10589,NULL,1
10590,NULL,1
10591,NULL,1
10592,NULL,1
10593,530,9
10594,NULL,1
10595,NULL,1
10596,NULL,1
10597,NULL,1
10598,NULL,1
10599,NULL,1
10600,NULL,1
10601,NULL,1
10602,NULL,1
10603,NULL,1
10604,534,1
10605,NULL,1
10606,NULL,1
10607,NULL,1
10608,NULL,1
10609,NULL,1
10610,NULL,1
10611,NULL,1
10612,534,1
10613,NULL,1
10614,NULL,1
10615,391,10
10616,NULL,1
10617,NULL,1
10618,NULL,1
10619,NULL,1
10620,NULL,1
10621,NULL,1
10622,NULL,1
10623,NULL,1
10624,NULL,1
10625,391,10
10626,NULL,1
10627,NULL,1
10628,NULL,1
10629,NULL,1
10630,NULL,1
10631,NULL,1
10632,NULL,1
10633,NULL,1
10634,NULL,1
10635,NULL,1
10636,NULL,1
10637,NULL,1
10638,534,1
10639,NULL,1
10640,NULL,1
10641,NULL,1
10642,NULL,1
10643,391,10
10644,177,1
10645,NULL,1
10646,NULL,1
10647,NULL,1
10648,NULL,1
10649,NULL,1
10650,430,9
10651,391,10
10652,NULL,1
10653,NULL,1
10654,NULL,1
10655,NULL,1
10656,430,9
10657,NULL,1
10658,455,1
10659,NULL,1
10660,530,9
10661,NULL,1
10662,NULL,1
10663,NULL,1
10664,530,9
10665,NULL,1
10666,NULL,1
10667,NULL,1
10668,NULL,1
10669,NULL,1
10670,NULL,1
10671,NULL,1
10672,NULL,1
10673,NULL,1
10674,NULL,1
10675,NULL,1
10676,NULL,1
10677,NULL,1
10678,NULL,1
10679,NULL,1
10680,NULL,1
10681,NULL,1
10682,534,1
10683,NULL,1
10684,NULL,1
10685,NULL,1
10686,NULL,1
10687,NULL,1
10688,NULL,1
10689,NULL,1
10690,534,1
10691,550,8
10692,NULL,1
10693,NULL,1
10694,NULL,1
10695,NULL,1
10696,NULL,1
10697,NULL,1
10698,NULL,1
10699,NULL,1
10700,NULL,1
10701,NULL,1
10702,NULL,1
10703,534,1
10704,NULL,1
10705,NULL,1
10706,NULL,1
10707,NULL,1
10708,NULL,1
10709,NULL,1
10710,NULL,1
10711,430,9
10712,NULL,1
10713,NULL,1
10714,NULL,1
10715,NULL,1
10716,NULL,1
10717,NULL,1
10718,530,9
10719,NULL,1
10720,NULL,1
10721,177,1
10722,NULL,1
10723,NULL,1
10724,NULL,1
10725,NULL,1
10726,NULL,1
10727,NULL,1
10728,NULL,1
10729,NULL,1
10730,NULL,1
10731,NULL,1
10732,NULL,1
10733,NULL,1
10734,NULL,1
10735,NULL,1
10736,NULL,1
10737,NULL,1
10738,NULL,1
10739,NULL,1
10740,NULL,1
10741,NULL,1
10742,NULL,1
10743,NULL,1
10744,NULL,1
10745,NULL,1
10746,NULL,1
10747,550,8
10748,NULL,1
10749,NULL,1
10750,NULL,1
10751,NULL,1
10752,NULL,1
10753,NULL,1
10754,NULL,1
10755,NULL,1
10756,NULL,1
10757,NULL,1
10758,NULL,1
10759,NULL,1
10760,NULL,1
10761,NULL,1
10762,NULL,1
10763,550,8
10764,NULL,1
10765,NULL,1
10766,NULL,1
10767,NULL,1
10768,NULL,1
10769,NULL,1
10770,NULL,1
10771,NULL,1
10772,NULL,1
10773,NULL,1
10774,NULL,1
10775,NULL,1
10776,391,10
10777,430,9
10778,391,10
10779,391,10
10780,NULL,1
10781,NULL,1
10782,NULL,1
10783,430,9
10784,177,1
10785,NULL,1
10786,NULL,1
10787,NULL,1
10788,NULL,1
10789,NULL,1
10790,NULL,1
10791,430,9
10792,NULL,1
10793,NULL,1
10794,530,9
10795,NULL,1
10796,NULL,1
10797,NULL,1
10798,NULL,1
10799,NULL,1
10800,NULL,1
10801,430,9
10802,NULL,1
10803,NULL,1
10804,NULL,1
10805,NULL,1
10806,NULL,1
10807,NULL,1
10808,NULL,1
10809,430,9
10810,NULL,1
10811,NULL,1
10812,NULL,1
10813,NULL,1
10814,NULL,1
10815,NULL,1
10816,NULL,1
10817,NULL,1
10818,455,1
10819,NULL,1
10820,NULL,1
10821,NULL,1
10822,NULL,1
10823,NULL,1
10824,NULL,1
10825,NULL,1
10826,NULL,1
10827,NULL,1
10828,NULL,1
10829,NULL,1
10830,NULL,1
10831,391,10
10832,NULL,1
10833,NULL,1
10834,NULL,1
10835,NULL,1
10836,NULL,1
10837,NULL,1
10838,NULL,1
10839,NULL,1
10840,NULL,1
10841,NULL,1
10842,NULL,1
10843,NULL,1
10844,NULL,1
10845,NULL,1
10846,NULL,1
10847,NULL,1
10848,455,1
10849,NULL,1
10850,NULL,1
10851,NULL,1
10852,NULL,1
10853,455,1
10854,NULL,1
10855,NULL,1
10856,NULL,1
10857,391,10
10858,NULL,1
10859,NULL,1
10860,NULL,1
10861,NULL,1
10862,NULL,1
10863,NULL,1
10864,430,9
10865,NULL,1
10866,NULL,1
10867,NULL,1
10868,NULL,1
10869,391,10
10870,NULL,1
10871,NULL,1
10872,NULL,1
10873,NULL,1
10874,NULL,1
10875,NULL,1
10876,455,1
10877,NULL,1
10878,NULL,1
10879,NULL,1
10880,530,9
10881,NULL,1
10882,NULL,1
10883,177,1
10884,NULL,1
10885,NULL,1
10886,NULL,1
10887,NULL,1
10888,NULL,1
10889,NULL,1
10890,NULL,1
10891,NULL,1
10892,NULL,1
10893,NULL,1
10894,530,9
10895,NULL,1
10896,NULL,1
10897,NULL,1
10898,NULL,1
10899,NULL,1
10900,NULL,1
10901,NULL,1
10902,NULL,1
10903,NULL,1
10904,NULL,1
10905,NULL,1
10906,NULL,1
10907,NULL,1
10908,NULL,1
10909,NULL,1
10910,177,1
10911,NULL,1
10912,NULL,1
10913,NULL,1
10914,NULL,1
10915,NULL,1
10916,NULL,1
10917,NULL,1
10918,NULL,1
10919,267,1
10920,NULL,1
10921,NULL,1
10922,550,8
10923,NULL,1
10924,NULL,1
10925,391,10
10926,NULL,1
10927,NULL,1
10928,NULL,1
10929,NULL,1
10930,NULL,1
10931,NULL,1
10932,NULL,1
10933,534,1
10934,NULL,1
10935,NULL,1
10936,NULL,1
10937,NULL,1
10938,NULL,1
10939,534,1
10940,530,9
10941,NULL,1
10942,NULL,1
10943,NULL,1
10944,NULL,1
10945,NULL,1
10946,NULL,1
10947,NULL,1
10948,NULL,1
10949,NULL,1
10950,NULL,1
10951,NULL,1
10952,NULL,1
10953,NULL,1
10954,264,3
10955,NULL,1
10956,NULL,1
10957,177,1
10958,NULL,1
10959,550,8
10960,550,8
10961,NULL,1
10962,NULL,1
10963,NULL,1
10964,NULL,1
10965,NULL,1
10966,NULL,1
10967,NULL,1
10968,NULL,1
10969,NULL,1
10970,NULL,1
10971,NULL,1
10972,NULL,1
10973,391,10
10974,NULL,1
10975,NULL,1
10976,NULL,1
10977,NULL,1
10978,NULL,1
10979,NULL,1
10980,NULL,1
10981,NULL,1
10982,NULL,1
10983,391,10
10984,NULL,1
10985,NULL,1
10986,NULL,1
10987,NULL,1
10988,NULL,1
10989,NULL,1
10990,NULL,1
10991,NULL,1
10992,NULL,1
10993,NULL,1
10994,NULL,1
10995,NULL,1
10996,NULL,1
10997,430,9
10998,NULL,1
10999,NULL,1
11000,NULL,1
11001,NULL,1
11002,NULL,1
11003,NULL,1
11004,NULL,1
11005,NULL,1
11006,NULL,1
11007,NULL,1
11008,NULL,1
11009,NULL,1
11010,264,3
11011,NULL,1
11012,NULL,1
11013,NULL,1
11014,NULL,1
11015,NULL,1
11016,NULL,1
11017,550,8
11018,264,3
11019,NULL,1
11020,NULL,1
11021,565,1
11022,NULL,1
11023,NULL,1
11024,NULL,1
11025,NULL,1
11026,NULL,1
11027,NULL,1
11028,NULL,1
11029,565,1
11030,NULL,1
11031,NULL,1
11032,NULL,1
11033,NULL,1
11034,NULL,1
11035,455,1
11036,NULL,1
11037,565,1
11038,NULL,1
11039,NULL,1
11040,NULL,1
11041,NULL,1
11042,NULL,1
11043,455,1
11044,550,8
11045,NULL,1
11046,NULL,1
11047,267,1
11048,NULL,1
11049,NULL,1
11050,NULL,1
11051,NULL,1
11052,NULL,1
11053,NULL,1
11054,NULL,1
11055,NULL,1
11056,NULL,1
11057,NULL,1
11058,NULL,1
11059,391,10
11060,NULL,1
11061,NULL,1
11062,NULL,1
11063,NULL,1
11064,550,8
11065,264,3
11066,NULL,1
11067,NULL,1
11068,NULL,1
11069,NULL,1
11070,NULL,1
11071,NULL,1
11072,NULL,1
11073,NULL,1
11074,NULL,1
11075,NULL,1
11076,NULL,1
11077,NULL,1
11078,NULL,1
11079,NULL,1
11080,NULL,1
11081,550,8
11082,329,1
11083,391,10
11084,550,8
11085,NULL,1
11086,NULL,1
11087,NULL,1
11088,NULL,1
11089,NULL,1
11090,430,9
11091,NULL,1
11092,NULL,1
11093,NULL,1
11094,267,1
11095,NULL,1
11096,NULL,1
11097,NULL,1
11098,NULL,1
11099,NULL,1
11100,NULL,1
11101,NULL,1
11102,NULL,1
11103,NULL,1
11104,NULL,1
11105,NULL,1
11106,NULL,1
11107,NULL,1
11108,NULL,1
11109,NULL,1
11110,NULL,1
11111,NULL,1
11112,NULL,1
11113,NULL,1
11114,NULL,1
11115,NULL,1
11116,391,10
11117,NULL,1
11118,NULL,1
11119,NULL,1
11120,NULL,1
11121,NULL,1
11122,NULL,1
11123,NULL,1
11124,391,10
11125,NULL,1
11126,264,3
11127,NULL,1
11128,NULL,1
11129,NULL,1
11130,NULL,1
11131,NULL,1
11132,NULL,1
11133,NULL,1
11134,NULL,1
11135,NULL,1
11136,NULL,1
11137,NULL,1
11138,NULL,1
11139,NULL,1
11140,NULL,1
11141,NULL,1
11142,NULL,1
11143,NULL,1
11144,NULL,1
11145,NULL,1
11146,391,10
11147,NULL,1
11148,NULL,1
11149,NULL,1
11150,NULL,1
11151,NULL,1
11152,NULL,1
11153,NULL,1
11154,267,1
11155,NULL,1
11156,NULL,1
11157,267,1
11158,NULL,1
11159,NULL,1
11160,NULL,1
11161,264,3
11162,NULL,1
11163,NULL,1
11164,NULL,1
11165,329,1
11166,264,3
11167,NULL,1
11168,NULL,1
11169,NULL,1
11170,NULL,1
11171,NULL,1
11172,NULL,1
11173,NULL,1
11174,NULL,1
11175,NULL,1
11176,NULL,1
11177,NULL,1
11178,NULL,1
11179,NULL,1
11180,550,8
11181,NULL,1
11182,NULL,1
11183,NULL,1
11184,NULL,1
11185,NULL,1
11186,NULL,1
11187,NULL,1
11188,NULL,1
11189,NULL,1
11190,264,3
11191,NULL,1
11192,NULL,1
11193,NULL,1
11194,NULL,1
11195,NULL,1
11196,550,8
11197,NULL,1
11198,NULL,1
11199,NULL,1
11200,NULL,1
11201,NULL,1
11202,NULL,1
11203,NULL,1
11204,550,8
11205,NULL,1
11206,NULL,1
11207,NULL,1
11208,534,1
11209,NULL,1
11210,NULL,1
11211,NULL,1
11212,550,8
11213,NULL,1
11214,NULL,1
11215,NULL,1
11216,NULL,1
11217,NULL,1
11218,NULL,1
11219,NULL,1
11220,NULL,1
11221,NULL,1
11222,NULL,1
11223,534,1
11224,NULL,1
11225,NULL,1
11226,NULL,1
11227,NULL,1
11228,NULL,1
11229,NULL,1
11230,NULL,1
11231,NULL,1
11232,NULL,1
11233,NULL,1
11234,NULL,1
11235,550,8
11236,NULL,1
11237,391,10
11238,NULL,1
11239,NULL,1
11240,NULL,1
11241,NULL,1
11242,NULL,1
11243,NULL,1
11244,NULL,1
11245,NULL,1
11246,550,8
11247,NULL,1
11248,264,3
11249,NULL,1
11250,NULL,1
11251,NULL,1
11252,NULL,1
11253,NULL,1
11254,NULL,1
11255,NULL,1
11256,NULL,1
11257,NULL,1
11258,NULL,1
11259,550,8
11260,NULL,1
11261,NULL,1
11262,NULL,1
11263,NULL,1
11264,NULL,1
11265,NULL,1
11266,NULL,1
11267,NULL,1
11268,NULL,1
11269,NULL,1
11270,NULL,1
11271,NULL,1
11272,NULL,1
11273,NULL,1
11274,NULL,1
11275,NULL,1
11276,NULL,1
11277,NULL,1
11278,NULL,1
11279,NULL,1
11280,NULL,1
11281,NULL,1
11282,NULL,1
11283,NULL,1
11284,NULL,1
11285,NULL,1
11286,NULL,1
11287,NULL,1
11288,NULL,1
11289,NULL,1
11290,NULL,1
11291,NULL,1
11292,NULL,1
11293,NULL,1
11294,550,8
11295,NULL,1
11296,NULL,1
11297,NULL,1
11298,NULL,1
11299,NULL,1
11300,NULL,1
11301,NULL,1
11302,NULL,1
11303,NULL,1
11304,NULL,1
11305,NULL,1
11306,NULL,1
11307,NULL,1
11308,264,3
11309,NULL,1
11310,NULL,1
11311,NULL,1
11312,NULL,1
11313,NULL,1
11314,NULL,1
11315,NULL,1
11316,NULL,1
11317,NULL,1
11318,NULL,1
11319,NULL,1
11320,NULL,1
11321,NULL,1
11322,NULL,1
11323,NULL,1
11324,NULL,1
11325,NULL,1
11326,NULL,1
11327,NULL,1
11328,NULL,1
11329,NULL,1
11330,NULL,1
11331,NULL,1
11332,267,1
11333,NULL,1
11334,NULL,1
11335,550,8
11336,NULL,1
11337,267,1
11338,NULL,1
11339,NULL,1
11340,264,3
11341,NULL,1
11342,NULL,1
11343,NULL,1
11344,NULL,1
11345,267,1
11346,NULL,1
11347,550,8
11348,NULL,1
11349,NULL,1
11350,NULL,1
11351,NULL,1
11352,NULL,1
11353,NULL,1
11354,NULL,1
11355,NULL,1
11356,NULL,1
11357,NULL,1
11358,NULL,1
11359,NULL,1
11360,NULL,1
11361,NULL,1
11362,NULL,1
11363,NULL,1
11364,NULL,1
11365,NULL,1
11366,NULL,1
11367,NULL,1
11368,NULL,1
11369,NULL,1
11370,NULL,1
11371,NULL,1
11372,NULL,1
11373,550,8
11374,NULL,1
11375,NULL,1
11376,391,10
11377,NULL,1
11378,NULL,1
11379,NULL,1
11380,NULL,1
11381,NULL,1
11382,550,8
11383,NULL,1
11384,NULL,1
11385,NULL,1
11386,NULL,1
11387,NULL,1
11388,NULL,1
11389,NULL,1
11390,550,8
11391,NULL,1
11392,NULL,1
11393,267,1
11394,NULL,1
11395,NULL,1
11396,NULL,1
11397,NULL,1
11398,NULL,1
11399,NULL,1
11400,NULL,1
11401,267,1
11402,455,1
11403,NULL,1
11404,550,8
11405,550,8
11406,NULL,1
11407,NULL,1
11408,NULL,1
11409,NULL,1
11410,NULL,1
11411,NULL,1
11412,NULL,1
11413,550,8
11414,NULL,1
11415,NULL,1
11416,NULL,1
11417,NULL,1
11418,NULL,1
11419,264,3
11420,NULL,1
11421,NULL,1
11422,NULL,1
11423,NULL,1
11424,391,10
11425,NULL,1
11426,NULL,1
11427,NULL,1
11428,NULL,1
11429,264,3
11430,NULL,1
11431,177,1
11432,NULL,1
11433,NULL,1
11434,NULL,1
11435,NULL,1
11436,NULL,1
11437,NULL,1
11438,NULL,1
11439,NULL,1
11440,NULL,1
11441,565,1
11442,NULL,1
11443,NULL,1
11444,NULL,1
11445,NULL,1
11446,NULL,1
11447,NULL,1
11448,NULL,1
11449,NULL,1
11450,NULL,1
11451,NULL,1
11452,430,9
11453,NULL,1
11454,NULL,1
11455,NULL,1
11456,NULL,1
11457,329,1
11458,NULL,1
11459,NULL,1
11460,NULL,1
11461,NULL,1
11462,NULL,1
11463,NULL,1
11464,NULL,1
11465,NULL,1
11466,NULL,1
11467,NULL,1
11468,430,9
11469,NULL,1
11470,NULL,1
11471,NULL,1
11472,NULL,1
11473,NULL,1
11474,NULL,1
11475,NULL,1
11476,NULL,1
11477,NULL,1
11478,NULL,1
11479,NULL,1
11480,NULL,1
11481,NULL,1
11482,NULL,1
11483,264,3
11484,NULL,1
11485,NULL,1
11486,550,8
11487,NULL,1
11488,NULL,1
11489,NULL,1
11490,NULL,1
11491,NULL,1
11492,NULL,1
11493,534,1
11494,267,1
11495,NULL,1
11496,NULL,1
11497,NULL,1
11498,NULL,1
11499,NULL,1
11500,430,9
11501,NULL,1
11502,NULL,1
11503,NULL,1
11504,NULL,1
11505,NULL,1
11506,NULL,1
11507,NULL,1
11508,70,14
11509,NULL,1
11510,NULL,1
11511,NULL,1
11512,NULL,1
11513,NULL,1
11514,NULL,1
11515,NULL,1
11516,NULL,1
11517,NULL,1
11518,NULL,1
11519,NULL,1
11520,NULL,1
11521,NULL,1
11522,NULL,1
11523,NULL,1
11524,NULL,1
11525,NULL,1
11526,NULL,1
11527,NULL,1
11528,267,1
11529,550,8
11530,NULL,1
11531,NULL,1
11532,NULL,1
11533,264,3
11534,NULL,1
11535,565,1
11536,NULL,1
11537,NULL,1
11538,NULL,1
11539,NULL,1
11540,NULL,1
11541,NULL,1
11542,391,10
11543,NULL,1
11544,550,8
11545,NULL,1
11546,NULL,1
11547,NULL,1
11548,NULL,1
11549,264,3
11550,NULL,1
11551,NULL,1
11552,NULL,1
11553,NULL,1
11554,NULL,1
11555,NULL,1
11556,NULL,1
11557,NULL,1
11558,NULL,1
11559,NULL,1
11560,NULL,1
11561,391,10
11562,NULL,1
11563,NULL,1
11564,NULL,1
11565,NULL,1
11566,565,1
11567,NULL,1
11568,NULL,1
11569,NULL,1
11570,NULL,1
11571,NULL,1
11572,NULL,1
11573,NULL,1
11574,565,1
11575,NULL,1
11576,NULL,1
11577,NULL,1
11578,NULL,1
11579,264,3
11580,NULL,1
11581,NULL,1
11582,NULL,1
11583,NULL,1
11584,NULL,1
11585,NULL,1
11586,391,10
11587,NULL,1
11588,NULL,1
11589,NULL,1
11590,NULL,1
11591,NULL,1
11592,NULL,1
11593,NULL,1
11594,NULL,1
11595,264,3
11596,534,1
11597,534,1
11598,NULL,1
11599,430,9
11600,NULL,1
11601,NULL,1
11602,550,8
11603,NULL,1
11604,NULL,1
11605,534,1
11606,NULL,1
11607,NULL,1
11608,NULL,1
11609,NULL,1
11610,NULL,1
11611,NULL,1
11612,NULL,1
11613,NULL,1
11614,NULL,1
11615,NULL,1
11616,NULL,1
11617,NULL,1
11618,550,8
11619,267,1
11620,NULL,1
11621,NULL,1
11622,NULL,1
11623,NULL,1
11624,NULL,1
11625,NULL,1
11626,550,8
11627,NULL,1
11628,NULL,1
11629,NULL,1
11630,NULL,1
11631,NULL,1
11632,NULL,1
11633,NULL,1
11634,550,8
11635,NULL,1
11636,NULL,1
11637,NULL,1
11638,NULL,1
11639,NULL,1
11640,NULL,1
11641,NULL,1
11642,NULL,1
11643,NULL,1
11644,NULL,1
11645,NULL,1
11646,NULL,1
11647,NULL,1
11648,NULL,1
11649,NULL,1
11650,430,9
11651,NULL,1
11652,NULL,1
11653,NULL,1
11654,550,8
11655,455,1
11656,NULL,1
11657,NULL,1
11658,430,9
11659,NULL,1
11660,NULL,1
11661,NULL,1
11662,NULL,1
11663,NULL,1
11664,NULL,1
11665,NULL,1
11666,430,9
11667,550,8
11668,NULL,1
11669,NULL,1
11670,565,1
11671,NULL,1
11672,NULL,1
11673,NULL,1
11674,NULL,1
11675,550,8
11676,NULL,1
11677,NULL,1
11678,NULL,1
11679,NULL,1
11680,NULL,1
11681,NULL,1
11682,NULL,1
11683,NULL,1
11684,NULL,1
11685,NULL,1
11686,NULL,1
11687,430,9
11688,NULL,1
11689,NULL,1
11690,NULL,1
11691,NULL,1
11692,NULL,1
11693,NULL,1
11694,NULL,1
11695,70,14
11696,NULL,1
11697,NULL,1
11698,NULL,1
11699,455,1
11700,NULL,1
11701,NULL,1
11702,NULL,1
11703,NULL,1
11704,550,8
11705,NULL,1
11706,NULL,1
11707,NULL,1
11708,NULL,1
11709,NULL,1
11710,NULL,1
11711,NULL,1
11712,550,8
11713,NULL,1
11714,NULL,1
11715,NULL,1
11716,NULL,1
11717,NULL,1
11718,NULL,1
11719,NULL,1
11720,550,8
11721,NULL,1
11722,NULL,1
11723,NULL,1
11724,NULL,1
11725,NULL,1
11726,NULL,1
11727,NULL,1
11728,550,8
11729,534,1
11730,NULL,1
11731,NULL,1
11732,NULL,1
11733,455,1
11734,NULL,1
11735,NULL,1
11736,NULL,1
11737,NULL,1
11738,NULL,1
11739,NULL,1
11740,NULL,1
11741,NULL,1
11742,NULL,1
11743,NULL,1
11744,NULL,1
11745,550,8
11746,NULL,1
11747,NULL,1
11748,391,10
11749,530,9
11750,NULL,1
11751,NULL,1
11752,NULL,1
11753,550,8
11754,NULL,1
11755,565,1
11756,NULL,1
11757,391,10
11758,430,9
11759,NULL,1
11760,NULL,1
11761,550,8
11762,NULL,1
11763,565,1
11764,NULL,1
11765,NULL,1
11766,NULL,1
11767,NULL,1
11768,NULL,1
11769,550,8
11770,NULL,1
11771,565,1
11772,NULL,1
11773,NULL,1
11774,455,1
11775,NULL,1
11776,NULL,1
11777,550,8
11778,NULL,1
11779,NULL,1
11780,NULL,1
11781,NULL,1
11782,NULL,1
11783,NULL,1
11784,NULL,1
11785,550,8
11786,NULL,1
11787,NULL,1
11788,NULL,1
11789,NULL,1
11790,430,9
11791,NULL,1
11792,NULL,1
11793,NULL,1
11794,NULL,1
11795,NULL,1
11796,NULL,1
11797,NULL,1
11798,NULL,1
11799,NULL,1
11800,NULL,1
11801,NULL,1
11802,NULL,1
11803,NULL,1
11804,NULL,1
11805,NULL,1
11806,455,1
11807,NULL,1
11808,NULL,1
11809,NULL,1
11810,NULL,1
11811,NULL,1
11812,NULL,1
11813,NULL,1
11814,NULL,1
11815,NULL,1
11816,NULL,1
11817,NULL,1
11818,550,8
11819,NULL,1
11820,NULL,1
11821,565,1
11822,NULL,1
11823,NULL,1
11824,NULL,1
11825,NULL,1
11826,NULL,1
11827,NULL,1
11828,NULL,1
11829,NULL,1
11830,NULL,1
11831,NULL,1
11832,550,8
11833,NULL,1
11834,NULL,1
11835,NULL,1
11836,NULL,1
11837,NULL,1
11838,NULL,1
11839,565,1
11840,550,8
11841,NULL,1
11842,NULL,1
11843,NULL,1
11844,NULL,1
11845,NULL,1
11846,NULL,1
11847,565,1
11848,550,8
11849,NULL,1
11850,NULL,1
11851,NULL,1
11852,NULL,1
11853,550,8
11854,NULL,1
11855,NULL,1
11856,565,1
11857,NULL,1
11858,264,3
11859,NULL,1
11860,NULL,1
11861,565,1
11862,NULL,1
11863,NULL,1
11864,NULL,1
11865,565,1
11866,264,3
11867,NULL,1
11868,NULL,1
11869,NULL,1
11870,NULL,1
11871,NULL,1
11872,NULL,1
11873,NULL,1
11874,NULL,1
11875,NULL,1
11876,565,1
11877,NULL,1
11878,NULL,1
11879,NULL,1
11880,NULL,1
11881,NULL,1
11882,550,8
11883,NULL,1
11884,NULL,1
11885,NULL,1
11886,NULL,1
11887,NULL,1
11888,NULL,1
11889,NULL,1
11890,NULL,1
11891,NULL,1
11892,NULL,1
11893,NULL,1
11894,NULL,1
11895,NULL,1
11896,NULL,1
11897,NULL,1
11898,NULL,1
11899,NULL,1
11900,NULL,1
11901,455,1
11902,NULL,1
11903,NULL,1
11904,NULL,1
11905,NULL,1
11906,NULL,1
11907,NULL,1
11908,NULL,1
11909,NULL,1
11910,NULL,1
11911,NULL,1
11912,NULL,1
11913,NULL,1
11914,NULL,1
11915,NULL,1
11916,NULL,1
11917,NULL,1
11918,NULL,1
11919,NULL,1
11920,NULL,1
11921,NULL,1
11922,NULL,1
11923,NULL,1
11924,NULL,1
11925,NULL,1
11926,NULL,1
11927,NULL,1
11928,NULL,1
11929,NULL,1
11930,391,10
11931,NULL,1
11932,NULL,1
11933,550,8
11934,NULL,1
11935,NULL,1
11936,NULL,1
11937,NULL,1
11938,550,8
11939,NULL,1
11940,550,8
11941,550,8
11942,NULL,1
11943,NULL,1
11944,NULL,1
11945,430,9
11946,NULL,1
11947,NULL,1
11948,565,1
11949,550,8
11950,NULL,1
11951,264,3
11952,NULL,1
11953,NULL,1
11954,NULL,1
11955,NULL,1
11956,565,1
11957,550,8
11958,NULL,1
11959,NULL,1
11960,NULL,1
11961,NULL,1
11962,NULL,1
11963,NULL,1
11964,NULL,1
11965,NULL,1
11966,NULL,1
11967,NULL,1
11968,NULL,1
11969,NULL,1
11970,NULL,1
11971,430,9
11972,NULL,1
11973,NULL,1
11974,NULL,1
11975,391,10
11976,NULL,1
11977,NULL,1
11978,550,8
11979,NULL,1
11980,NULL,1
11981,NULL,1
11982,NULL,1
11983,534,1
11984,NULL,1
11985,NULL,1
11986,NULL,1
11987,NULL,1
11988,NULL,1
11989,NULL,1
11990,NULL,1
11991,534,1
11992,565,1
11993,NULL,1
11994,NULL,1
11995,NULL,1
11996,550,8
11997,455,1
11998,NULL,1
11999,70,14
12000,550,8
12001,NULL,1
12002,550,8
12003,NULL,1
12004,NULL,1
12005,NULL,1
12006,NULL,1
12007,534,1
12008,550,8
12009,NULL,1
12010,NULL,1
12011,NULL,1
12012,NULL,1
12013,NULL,1
12014,NULL,1
12015,NULL,1
12016,565,1
12017,NULL,1
12018,550,8
12019,NULL,1
12020,NULL,1
12021,NULL,1
12022,NULL,1
12023,NULL,1
12024,550,8
12025,NULL,1
12026,NULL,1
12027,NULL,1
12028,NULL,1
12029,NULL,1
12030,NULL,1
12031,NULL,1
12032,550,8
12033,NULL,1
12034,NULL,1
12035,NULL,1
12036,NULL,1
12037,550,8
12038,NULL,1
12039,NULL,1
12040,NULL,1
12041,NULL,1
12042,391,10
12043,NULL,1
12044,NULL,1
12045,550,8
12046,NULL,1
12047,NULL,1
12048,565,1
12049,NULL,1
12050,NULL,1
12051,NULL,1
12052,NULL,1
12053,NULL,1
12054,NULL,1
12055,NULL,1
12056,NULL,1
12057,NULL,1
12058,NULL,1
12059,NULL,1
12060,NULL,1
12061,NULL,1
12062,NULL,1
12063,NULL,1
12064,NULL,1
12065,NULL,1
12066,NULL,1
12067,NULL,1
12068,NULL,1
12069,NULL,1
12070,NULL,1
12071,550,8
12072,NULL,1
12073,NULL,1
12074,NULL,1
12075,NULL,1
12076,430,9
12077,NULL,1
12078,NULL,1
12079,550,8
12080,NULL,1
12081,NULL,1
12082,NULL,1
12083,NULL,1
12084,NULL,1
12085,NULL,1
12086,NULL,1
12087,550,8
12088,NULL,1
12089,NULL,1
12090,NULL,1
12091,NULL,1
12092,NULL,1
12093,177,1
12094,NULL,1
12095,550,8
12096,NULL,1
12097,NULL,1
12098,NULL,1
12099,NULL,1
12100,NULL,1
12101,NULL,1
12102,NULL,1
12103,NULL,1
12104,NULL,1
12105,NULL,1
12106,NULL,1
12107,NULL,1
12108,NULL,1
12109,530,9
12110,NULL,1
12111,NULL,1
12112,NULL,1
12113,NULL,1
12114,264,3
12115,NULL,1
12116,NULL,1
12117,NULL,1
12118,NULL,1
12119,NULL,1
12120,NULL,1
12121,NULL,1
12122,NULL,1
12123,NULL,1
12124,NULL,1
12125,NULL,1
12126,550,8
12127,NULL,1
12128,NULL,1
12129,NULL,1
12130,NULL,1
12131,NULL,1
12132,NULL,1
12133,NULL,1
12134,550,8
12135,NULL,1
12136,NULL,1
12137,NULL,1
12138,264,3
12139,NULL,1
12140,NULL,1
12141,NULL,1
12142,550,8
12143,NULL,1
12144,550,8
12145,NULL,1
12146,NULL,1
12147,NULL,1
12148,NULL,1
12149,NULL,1
12150,NULL,1
12151,NULL,1
12152,430,9
12153,NULL,1
12154,NULL,1
12155,NULL,1
12156,NULL,1
12157,NULL,1
12158,NULL,1
12159,NULL,1
12160,NULL,1
12161,NULL,1
12162,264,3
12163,530,9
12164,NULL,1
12165,NULL,1
12166,534,1
12167,NULL,1
12168,NULL,1
12169,NULL,1
12170,NULL,1
12171,NULL,1
12172,NULL,1
12173,NULL,1
12174,550,8
12175,NULL,1
12176,NULL,1
12177,NULL,1
12178,NULL,1
12179,NULL,1
12180,NULL,1
12181,NULL,1
12182,550,8
12183,NULL,1
12184,530,9
12185,NULL,1
12186,NULL,1
12187,NULL,1
12188,NULL,1
12189,NULL,1
12190,NULL,1
12191,NULL,1
12192,NULL,1
12193,NULL,1
12194,NULL,1
12195,NULL,1
12196,NULL,1
12197,NULL,1
12198,530,9
12199,NULL,1
12200,NULL,1
12201,NULL,1
12202,NULL,1
12203,NULL,1
12204,NULL,1
12205,NULL,1
12206,NULL,1
12207,NULL,1
12208,NULL,1
12209,NULL,1
12210,NULL,1
12211,NULL,1
12212,NULL,1
12213,NULL,1
12214,NULL,1
12215,NULL,1
12216,530,9
12217,NULL,1
12218,NULL,1
12219,NULL,1
12220,NULL,1
12221,NULL,1
12222,NULL,1
12223,NULL,1
12224,NULL,1
12225,NULL,1
12226,264,3
12227,NULL,1
12228,NULL,1
12229,NULL,1
12230,NULL,1
12231,NULL,1
12232,NULL,1
12233,NULL,1
12234,NULL,1
12235,NULL,1
12236,NULL,1
12237,NULL,1
12238,NULL,1
12239,530,9
12240,NULL,1
12241,267,1
12242,534,1
12243,NULL,1
12244,NULL,1
12245,NULL,1
12246,NULL,1
12247,NULL,1
12248,NULL,1
12249,NULL,1
12250,NULL,1
12251,NULL,1
12252,NULL,1
12253,NULL,1
12254,177,1
12255,NULL,1
12256,NULL,1
12257,NULL,1
12258,NULL,1
12259,NULL,1
12260,NULL,1
12261,NULL,1
12262,NULL,1
12263,NULL,1
12264,NULL,1
12265,NULL,1
12266,70,14
12267,NULL,1
12268,NULL,1
12269,NULL,1
12270,NULL,1
12271,NULL,1
12272,NULL,1
12273,NULL,1
12274,550,8
12275,NULL,1
12276,NULL,1
12277,177,1
12278,NULL,1
12279,NULL,1
12280,NULL,1
12281,NULL,1
12282,NULL,1
12283,NULL,1
12284,NULL,1
12285,NULL,1
12286,NULL,1
12287,NULL,1
12288,NULL,1
12289,NULL,1
12290,NULL,1
12291,NULL,1
12292,NULL,1
12293,NULL,1
12294,NULL,1
12295,NULL,1
12296,NULL,1
12297,NULL,1
12298,NULL,1
12299,NULL,1
12300,267,1
12301,NULL,1
12302,NULL,1
12303,NULL,1
12304,NULL,1
12305,NULL,1
12306,NULL,1
12307,NULL,1
12308,NULL,1
12309,NULL,1
12310,NULL,1
12311,NULL,1
12312,NULL,1
12313,NULL,1
12314,NULL,1
12315,NULL,1
12316,NULL,1
12317,NULL,1
12318,NULL,1
12319,NULL,1
12320,534,1
12321,NULL,1
12322,NULL,1
12323,NULL,1
12324,NULL,1
12325,NULL,1
12326,NULL,1
12327,NULL,1
12328,NULL,1
12329,NULL,1
12330,NULL,1
12331,NULL,1
12332,NULL,1
12333,267,1
12334,NULL,1
12335,NULL,1
12336,NULL,1
12337,264,3
12338,264,3
12339,NULL,1
12340,NULL,1
12341,NULL,1
12342,264,3
12343,NULL,1
12344,534,1
12345,264,3
12346,264,3
12347,NULL,1
12348,NULL,1
12349,NULL,1
12350,NULL,1
12351,NULL,1
12352,177,1
12353,NULL,1
12354,264,3
12355,NULL,1
12356,NULL,1
12357,NULL,1
12358,NULL,1
12359,NULL,1
12360,NULL,1
12361,NULL,1
12362,NULL,1
12363,NULL,1
12364,NULL,1
12365,NULL,1
12366,NULL,1
12367,NULL,1
12368,534,1
12369,NULL,1
12370,NULL,1
12371,NULL,1
12372,NULL,1
12373,NULL,1
12374,264,3
12375,NULL,1
12376,NULL,1
12377,NULL,1
12378,NULL,1
12379,264,3
12380,264,3
12381,NULL,1
12382,NULL,1
12383,NULL,1
12384,NULL,1
12385,NULL,1
12386,NULL,1
12387,NULL,1
12388,NULL,1
12389,NULL,1
12390,NULL,1
12391,NULL,1
12392,NULL,1
12393,264,3
12394,534,1
12395,NULL,1
12396,264,3
12397,NULL,1
12398,NULL,1
12399,NULL,1
12400,NULL,1
12401,NULL,1
12402,534,1
12403,NULL,1
12404,NULL,1
12405,NULL,1
12406,NULL,1
12407,NULL,1
12408,NULL,1
12409,NULL,1
12410,NULL,1
12411,267,1
12412,NULL,1
12413,264,3
12414,NULL,1
12415,NULL,1
12416,NULL,1
12417,264,3
12418,NULL,1
12419,NULL,1
12420,264,3
12421,NULL,1
12422,NULL,1
12423,NULL,1
12424,NULL,1
12425,264,3
12426,NULL,1
12427,NULL,1
12428,NULL,1
12429,NULL,1
12430,NULL,1
12431,NULL,1
12432,NULL,1
12433,264,3
12434,NULL,1
12435,NULL,1
12436,534,1
12437,177,1
12438,NULL,1
12439,264,3
12440,NULL,1
12441,534,1
12442,264,3
12443,NULL,1
12444,NULL,1
12445,NULL,1
12446,NULL,1
12447,264,3
12448,NULL,1
12449,NULL,1
12450,NULL,1
12451,NULL,1
12452,NULL,1
12453,534,1
12454,NULL,1
12455,NULL,1
12456,NULL,1
12457,NULL,1
12458,NULL,1
12459,NULL,1
12460,NULL,1
12461,NULL,1
12462,NULL,1
12463,NULL,1
12464,NULL,1
12465,NULL,1
12466,NULL,1
12467,NULL,1
12468,NULL,1
12469,NULL,1
12470,NULL,1
12471,NULL,1
12472,NULL,1
12473,NULL,1
12474,NULL,1
12475,NULL,1
12476,NULL,1
12477,NULL,1
12478,NULL,1
12479,NULL,1
12480,NULL,1
12481,NULL,1
12482,NULL,1
12483,NULL,1
12484,NULL,1
12485,NULL,1
12486,NULL,1
12487,NULL,1
12488,NULL,1
12489,NULL,1
12490,NULL,1
12491,NULL,1
12492,NULL,1
12493,NULL,1
12494,NULL,1
12495,NULL,1
12496,264,3
12497,NULL,1
12498,NULL,1
12499,NULL,1
12500,NULL,1
12501,NULL,1
12502,NULL,1
12503,NULL,1
12504,264,3
12505,NULL,1
12506,NULL,1
12507,NULL,1
12508,NULL,1
12509,NULL,1
12510,NULL,1
12511,534,1
12512,NULL,1
12513,NULL,1
12514,NULL,1
12515,NULL,1
12516,NULL,1
12517,NULL,1
12518,NULL,1
12519,NULL,1
12520,NULL,1
12521,NULL,1
12522,NULL,1
12523,NULL,1
12524,NULL,1
12525,NULL,1
12526,NULL,1
12527,NULL,1
12528,NULL,1
12529,NULL,1
12530,NULL,1
12531,NULL,1
12532,NULL,1
12533,264,3
12534,NULL,1
12535,NULL,1
12536,NULL,1
12537,391,10
12538,NULL,1
12539,NULL,1
12540,264,3
12541,264,3
12542,NULL,1
12543,NULL,1
12544,NULL,1
12545,329,1
12546,NULL,1
12547,NULL,1
12548,264,3
12549,264,3
12550,NULL,1
12551,264,3
12552,NULL,1
12553,NULL,1
12554,NULL,1
12555,391,10
12556,264,3
12557,NULL,1
12558,NULL,1
12559,NULL,1
12560,NULL,1
12561,NULL,1
12562,NULL,1
12563,264,3
12564,264,3
12565,NULL,1
12566,NULL,1
12567,NULL,1
12568,NULL,1
12569,NULL,1
12570,NULL,1
12571,NULL,1
12572,NULL,1
12573,NULL,1
12574,NULL,1
12575,NULL,1
12576,NULL,1
12577,NULL,1
12578,NULL,1
12579,NULL,1
12580,NULL,1
12581,NULL,1
12582,NULL,1
12583,NULL,1
12584,NULL,1
12585,NULL,1
12586,NULL,1
12587,NULL,1
12588,NULL,1
12589,NULL,1
12590,NULL,1
12591,264,3
12592,NULL,1
12593,NULL,1
12594,NULL,1
12595,NULL,1
12596,NULL,1
12597,NULL,1
12598,NULL,1
12599,264,3
12600,NULL,1
12601,NULL,1
12602,NULL,1
12603,NULL,1
12604,NULL,1
12605,NULL,1
12606,NULL,1
12607,264,3
12608,NULL,1
12609,NULL,1
12610,NULL,1
12611,NULL,1
12612,NULL,1
12613,NULL,1
12614,NULL,1
12615,NULL,1
12616,NULL,1
12617,NULL,1
12618,NULL,1
12619,NULL,1
12620,NULL,1
12621,NULL,1
12622,NULL,1
12623,NULL,1
12624,NULL,1
12625,565,1
12626,NULL,1
12627,NULL,1
12628,NULL,1
12629,NULL,1
12630,NULL,1
12631,NULL,1
12632,267,1
12633,NULL,1
12634,NULL,1
12635,NULL,1
12636,NULL,1
12637,NULL,1
12638,534,1
12639,NULL,1
12640,NULL,1
12641,NULL,1
12642,NULL,1
12643,NULL,1
12644,NULL,1
12645,NULL,1
12646,NULL,1
12647,264,3
12648,NULL,1
12649,NULL,1
12650,NULL,1
12651,NULL,1
12652,NULL,1
12653,NULL,1
12654,NULL,1
12655,NULL,1
12656,NULL,1
12657,NULL,1
12658,NULL,1
12659,329,1
12660,NULL,1
12661,NULL,1
12662,NULL,1
12663,NULL,1
12664,NULL,1
12665,NULL,1
12666,NULL,1
12667,NULL,1
12668,NULL,1
12669,NULL,1
12670,NULL,1
12671,534,1
12672,NULL,1
12673,391,10
12674,NULL,1
12675,NULL,1
12676,NULL,1
12677,NULL,1
12678,NULL,1
12679,NULL,1
12680,NULL,1
12681,NULL,1
12682,NULL,1
12683,NULL,1
12684,NULL,1
12685,264,3
12686,NULL,1
12687,NULL,1
12688,NULL,1
12689,NULL,1
12690,NULL,1
12691,NULL,1
12692,NULL,1
12693,NULL,1
12694,NULL,1
12695,NULL,1
12696,NULL,1
12697,NULL,1
12698,NULL,1
12699,NULL,1
12700,NULL,1
12701,NULL,1
12702,NULL,1
12703,NULL,1
12704,NULL,1
12705,391,10
12706,NULL,1
12707,NULL,1
12708,NULL,1
12709,NULL,1
12710,NULL,1
12711,NULL,1
12712,391,10
12713,391,10
12714,NULL,1
12715,NULL,1
12716,NULL,1
12717,NULL,1
12718,NULL,1
12719,NULL,1
12720,391,10
12721,NULL,1
12722,NULL,1
12723,NULL,1
12724,565,1
12725,NULL,1
12726,391,10
12727,NULL,1
12728,NULL,1
12729,NULL,1
12730,NULL,1
12731,NULL,1
12732,NULL,1
12733,NULL,1
12734,391,10
12735,565,1
12736,NULL,1
12737,NULL,1
12738,NULL,1
12739,534,1
12740,NULL,1
12741,NULL,1
12742,NULL,1
12743,565,1
12744,NULL,1
12745,455,1
12746,530,9
12747,70,14
12748,NULL,1
12749,NULL,1
12750,NULL,1
12751,565,1
12752,NULL,1
12753,565,1
12754,NULL,1
12755,NULL,1
12756,NULL,1
12757,NULL,1
12758,NULL,1
12759,565,1
12760,NULL,1
12761,NULL,1
12762,NULL,1
12763,565,1
12764,NULL,1
12765,NULL,1
12766,NULL,1
12767,565,1
12768,NULL,1
12769,NULL,1
12770,NULL,1
12771,NULL,1
12772,391,10
12773,NULL,1
12774,565,1
12775,455,1
12776,NULL,1
12777,NULL,1
12778,NULL,1
12779,NULL,1
12780,391,10
12781,70,14
12782,NULL,1
12783,455,1
12784,NULL,1
12785,NULL,1
12786,NULL,1
12787,NULL,1
12788,NULL,1
12789,70,14
12790,NULL,1
12791,455,1
12792,NULL,1
12793,430,9
12794,NULL,1
12795,NULL,1
12796,NULL,1
12797,NULL,1
12798,NULL,1
12799,NULL,1
12800,NULL,1
12801,NULL,1
12802,177,1
12803,NULL,1
12804,NULL,1
12805,455,1
12806,NULL,1
12807,565,1
12808,391,10
12809,NULL,1
12810,NULL,1
12811,NULL,1
12812,NULL,1
12813,NULL,1
12814,70,14
12815,565,1
12816,NULL,1
12817,NULL,1
12818,NULL,1
12819,NULL,1
12820,565,1
12821,NULL,1
12822,NULL,1
12823,NULL,1
12824,NULL,1
12825,NULL,1
12826,NULL,1
12827,391,10
12828,NULL,1
12829,NULL,1
12830,NULL,1
12831,NULL,1
12832,NULL,1
12833,264,3
12834,NULL,1
12835,NULL,1
12836,430,9
12837,NULL,1
12838,NULL,1
12839,391,10
12840,NULL,1
12841,264,3
12842,530,9
12843,NULL,1
12844,430,9
12845,NULL,1
12846,NULL,1
12847,NULL,1
12848,NULL,1
12849,NULL,1
12850,NULL,1
12851,NULL,1
12852,NULL,1
12853,NULL,1
12854,NULL,1
12855,NULL,1
12856,NULL,1
12857,NULL,1
12858,NULL,1
12859,264,3
12860,550,8
12861,NULL,1
12862,NULL,1
12863,NULL,1
12864,NULL,1
12865,NULL,1
12866,NULL,1
12867,NULL,1
12868,267,1
12869,NULL,1
12870,NULL,1
12871,NULL,1
12872,NULL,1
12873,NULL,1
12874,NULL,1
12875,NULL,1
12876,NULL,1
12877,NULL,1
12878,430,9
12879,NULL,1
12880,NULL,1
12881,NULL,1
12882,NULL,1
12883,NULL,1
12884,NULL,1
12885,NULL,1
12886,NULL,1
12887,NULL,1
12888,NULL,1
12889,NULL,1
12890,NULL,1
12891,NULL,1
12892,NULL,1
12893,NULL,1
12894,NULL,1
12895,NULL,1
12896,NULL,1
12897,267,1
12898,NULL,1
12899,534,1
12900,NULL,1
12901,NULL,1
12902,NULL,1
12903,NULL,1
12904,NULL,1
12905,NULL,1
12906,NULL,1
12907,NULL,1
12908,NULL,1
12909,NULL,1
12910,NULL,1
12911,NULL,1
12912,NULL,1
12913,550,8
12914,NULL,1
12915,NULL,1
12916,NULL,1
12917,NULL,1
12918,NULL,1
12919,NULL,1
12920,NULL,1
12921,NULL,1
12922,NULL,1
12923,NULL,1
12924,NULL,1
12925,550,8
12926,NULL,1
12927,NULL,1
12928,430,9
12929,NULL,1
12930,177,1
12931,NULL,1
12932,NULL,1
12933,550,8
12934,NULL,1
12935,NULL,1
12936,NULL,1
12937,550,8
12938,NULL,1
12939,NULL,1
12940,NULL,1
12941,NULL,1
12942,NULL,1
12943,NULL,1
12944,NULL,1
12945,NULL,1
12946,NULL,1
12947,NULL,1
12948,264,3
12949,NULL,1
12950,565,1
12951,NULL,1
12952,NULL,1
12953,NULL,1
12954,267,1
12955,NULL,1
12956,NULL,1
12957,NULL,1
12958,NULL,1
12959,NULL,1
12960,NULL,1
12961,NULL,1
12962,329,1
12963,NULL,1
12964,NULL,1
12965,NULL,1
12966,NULL,1
12967,391,10
12968,565,1
12969,550,8
12970,329,1
12971,NULL,1
12972,NULL,1
12973,NULL,1
12974,329,1
12975,NULL,1
12976,455,1
12977,NULL,1
12978,NULL,1
12979,NULL,1
12980,NULL,1
12981,NULL,1
12982,NULL,1
12983,NULL,1
12984,NULL,1
12985,NULL,1
12986,NULL,1
12987,NULL,1
12988,NULL,1
12989,NULL,1
12990,NULL,1
12991,391,10
12992,391,10
12993,NULL,1
12994,NULL,1
12995,NULL,1
12996,NULL,1
12997,391,10
12998,NULL,1
12999,NULL,1
13000,NULL,1
13001,NULL,1
13002,NULL,1
13003,NULL,1
13004,NULL,1
13005,NULL,1
13006,NULL,1
13007,NULL,1
13008,NULL,1
13009,NULL,1
13010,565,1
13011,NULL,1
13012,NULL,1
13013,NULL,1
13014,NULL,1
13015,NULL,1
13016,NULL,1
13017,264,3
13018,565,1
13019,NULL,1
13020,NULL,1
13021,NULL,1
13022,NULL,1
13023,NULL,1
13024,NULL,1
13025,534,1
13026,NULL,1
13027,550,8
13028,NULL,1
13029,NULL,1
13030,NULL,1
13031,NULL,1
13032,NULL,1
13033,NULL,1
13034,NULL,1
13035,550,8
13036,NULL,1
13037,NULL,1
13038,534,1
13039,264,3
13040,NULL,1
13041,NULL,1
13042,NULL,1
13043,NULL,1
13044,534,1
13045,NULL,1
13046,534,1
13047,264,3
13048,NULL,1
13049,NULL,1
13050,NULL,1
13051,NULL,1
13052,264,3
13053,267,1
13054,NULL,1
13055,264,3
13056,70,14
13057,NULL,1
13058,NULL,1
13059,550,8
13060,264,3
13061,NULL,1
13062,NULL,1
13063,NULL,1
13064,NULL,1
13065,NULL,1
13066,NULL,1
13067,NULL,1
13068,NULL,1
13069,NULL,1
13070,NULL,1
13071,NULL,1
13072,NULL,1
13073,NULL,1
13074,NULL,1
13075,NULL,1
13076,430,9
13077,NULL,1
13078,NULL,1
13079,NULL,1
13080,NULL,1
13081,NULL,1
13082,NULL,1
13083,430,9
13084,NULL,1
13085,NULL,1
13086,NULL,1
13087,NULL,1
13088,391,10
13089,NULL,1
13090,NULL,1
13091,430,9
13092,NULL,1
13093,NULL,1
13094,NULL,1
13095,NULL,1
13096,565,1
13097,NULL,1
13098,NULL,1
13099,565,1
13100,NULL,1
13101,NULL,1
13102,NULL,1
13103,NULL,1
13104,430,9
13105,NULL,1
13106,NULL,1
13107,565,1
13108,NULL,1
13109,NULL,1
13110,NULL,1
13111,NULL,1
13112,430,9
13113,NULL,1
13114,NULL,1
13115,430,9
13116,NULL,1
13117,NULL,1
13118,NULL,1
13119,NULL,1
13120,430,9
13121,NULL,1
13122,NULL,1
13123,565,1
13124,NULL,1
13125,NULL,1
13126,NULL,1
13127,NULL,1
13128,455,1
13129,391,10
13130,NULL,1
13131,NULL,1
13132,NULL,1
13133,NULL,1
13134,NULL,1
13135,NULL,1
13136,NULL,1
13137,391,10
13138,NULL,1
13139,NULL,1
13140,NULL,1
13141,NULL,1
13142,NULL,1
13143,NULL,1
13144,NULL,1
13145,NULL,1
13146,NULL,1
13147,NULL,1
13148,NULL,1
13149,NULL,1
13150,NULL,1
13151,NULL,1
13152,NULL,1
13153,NULL,1
13154,NULL,1
13155,NULL,1
13156,NULL,1
13157,NULL,1
13158,NULL,1
13159,430,9
13160,NULL,1
13161,NULL,1
13162,430,9
13163,NULL,1
13164,NULL,1
13165,NULL,1
13166,NULL,1
13167,70,14
13168,NULL,1
13169,NULL,1
13170,NULL,1
13171,NULL,1
13172,NULL,1
13173,NULL,1
13174,NULL,1
13175,430,9
13176,NULL,1
13177,NULL,1
13178,430,9
13179,NULL,1
13180,NULL,1
13181,NULL,1
13182,264,3
13183,430,9
13184,NULL,1
13185,NULL,1
13186,NULL,1
13187,NULL,1
13188,NULL,1
13189,NULL,1
13190,NULL,1
13191,70,14
13192,NULL,1
13193,NULL,1
13194,NULL,1
13195,NULL,1
13196,NULL,1
13197,391,10
13198,NULL,1
13199,NULL,1
13200,534,1
13201,NULL,1
13202,NULL,1
13203,NULL,1
13204,NULL,1
13205,NULL,1
13206,NULL,1
13207,NULL,1
13208,NULL,1
13209,NULL,1
13210,NULL,1
13211,455,1
13212,NULL,1
13213,264,3
13214,NULL,1
13215,NULL,1
13216,NULL,1
13217,NULL,1
13218,NULL,1
13219,NULL,1
13220,NULL,1
13221,264,3
13222,430,9
13223,NULL,1
13224,NULL,1
13225,565,1
13226,NULL,1
13227,NULL,1
13228,NULL,1
13229,NULL,1
13230,NULL,1
13231,NULL,1
13232,NULL,1
13233,565,1
13234,NULL,1
13235,NULL,1
13236,NULL,1
13237,NULL,1
13238,565,1
13239,NULL,1
13240,NULL,1
13241,565,1
13242,391,10
13243,430,9
13244,NULL,1
13245,430,9
13246,455,1
13247,NULL,1
13248,NULL,1
13249,565,1
13250,NULL,1
13251,NULL,1
13252,NULL,1
13253,430,9
13254,455,1
13255,NULL,1
13256,NULL,1
13257,NULL,1
13258,NULL,1
13259,455,1
13260,430,9
13261,565,1
13262,NULL,1
13263,NULL,1
13264,264,3
13265,NULL,1
13266,NULL,1
13267,NULL,1
13268,NULL,1
13269,565,1
13270,NULL,1
13271,550,8
13272,264,3
13273,NULL,1
13274,NULL,1
13275,NULL,1
13276,NULL,1
13277,565,1
13278,NULL,1
13279,NULL,1
13280,NULL,1
13281,NULL,1
13282,NULL,1
13283,NULL,1
13284,565,1
13285,NULL,1
13286,NULL,1
13287,NULL,1
13288,NULL,1
13289,NULL,1
13290,NULL,1
13291,NULL,1
13292,565,1
13293,NULL,1
13294,NULL,1
13295,NULL,1
13296,550,8
13297,NULL,1
13298,NULL,1
13299,NULL,1
13300,NULL,1
13301,534,1
13302,NULL,1
13303,NULL,1
13304,NULL,1
13305,NULL,1
13306,NULL,1
13307,NULL,1
13308,NULL,1
13309,565,1
13310,NULL,1
13311,NULL,1
13312,NULL,1
13313,NULL,1
13314,NULL,1
13315,NULL,1
13316,NULL,1
13317,NULL,1
13318,267,1
13319,NULL,1
13320,NULL,1
13321,NULL,1
13322,NULL,1
13323,NULL,1
13324,455,1
13325,NULL,1
13326,NULL,1
13327,NULL,1
13328,NULL,1
13329,NULL,1
13330,NULL,1
13331,NULL,1
13332,NULL,1
13333,NULL,1
13334,267,1
13335,NULL,1
13336,NULL,1
13337,NULL,1
13338,NULL,1
13339,NULL,1
13340,NULL,1
13341,NULL,1
13342,NULL,1
13343,NULL,1
13344,NULL,1
13345,NULL,1
13346,NULL,1
13347,NULL,1
13348,NULL,1
13349,NULL,1
13350,NULL,1
13351,NULL,1
13352,NULL,1
13353,NULL,1
13354,NULL,1
13355,NULL,1
13356,NULL,1
13357,NULL,1
13358,NULL,1
13359,NULL,1
13360,NULL,1
13361,NULL,1
13362,NULL,1
13363,NULL,1
13364,391,10
13365,NULL,1
13366,NULL,1
13367,NULL,1
13368,NULL,1
13369,NULL,1
13370,NULL,1
13371,NULL,1
13372,NULL,1
13373,NULL,1
13374,NULL,1
13375,NULL,1
13376,NULL,1
13377,NULL,1
13378,NULL,1
13379,NULL,1
13380,NULL,1
13381,455,1
13382,NULL,1
13383,NULL,1
13384,NULL,1
13385,NULL,1
13386,NULL,1
13387,NULL,1
13388,NULL,1
13389,455,1
13390,329,1
13391,NULL,1
13392,NULL,1
13393,NULL,1
13394,NULL,1
13395,NULL,1
13396,NULL,1
13397,455,1
13398,NULL,1
13399,NULL,1
13400,NULL,1
13401,NULL,1
13402,NULL,1
13403,391,10
13404,NULL,1
13405,455,1
13406,NULL,1
13407,NULL,1
13408,NULL,1
13409,NULL,1
13410,NULL,1
13411,430,9
13412,NULL,1
13413,NULL,1
13414,NULL,1
13415,NULL,1
13416,NULL,1
13417,NULL,1
13418,NULL,1
13419,455,1
13420,NULL,1
13421,NULL,1
13422,NULL,1
13423,NULL,1
13424,NULL,1
13425,NULL,1
13426,NULL,1
13427,NULL,1
13428,NULL,1
13429,565,1
13430,NULL,1
13431,NULL,1
13432,NULL,1
13433,NULL,1
13434,NULL,1
13435,NULL,1
13436,NULL,1
13437,565,1
13438,NULL,1
13439,NULL,1
13440,NULL,1
13441,NULL,1
13442,NULL,1
13443,NULL,1
13444,NULL,1
13445,NULL,1
13446,NULL,1
13447,NULL,1
13448,NULL,1
13449,455,1
13450,267,1
13451,NULL,1
13452,NULL,1
13453,NULL,1
13454,NULL,1
13455,NULL,1
13456,NULL,1
13457,430,9
13458,267,1
13459,NULL,1
13460,NULL,1
13461,NULL,1
13462,NULL,1
13463,NULL,1
13464,NULL,1
13465,534,1
13466,534,1
13467,NULL,1
13468,NULL,1
13469,NULL,1
13470,NULL,1
13471,NULL,1
13472,NULL,1
13473,565,1
13474,NULL,1
13475,NULL,1
13476,NULL,1
13477,NULL,1
13478,NULL,1
13479,NULL,1
13480,NULL,1
13481,NULL,1
13482,NULL,1
13483,NULL,1
13484,NULL,1
13485,NULL,1
13486,NULL,1
13487,565,1
13488,NULL,1
13489,NULL,1
13490,NULL,1
13491,565,1
13492,NULL,1
13493,NULL,1
13494,NULL,1
13495,565,1
13496,NULL,1
13497,565,1
13498,NULL,1
13499,NULL,1
13500,NULL,1
13501,NULL,1
13502,534,1
13503,565,1
13504,NULL,1
13505,565,1
13506,NULL,1
13507,NULL,1
13508,NULL,1
13509,NULL,1
13510,534,1
13511,NULL,1
13512,NULL,1
13513,565,1
13514,NULL,1
13515,NULL,1
13516,NULL,1
13517,530,9
13518,NULL,1
13519,NULL,1
13520,NULL,1
13521,NULL,1
13522,NULL,1
13523,NULL,1
13524,NULL,1
13525,530,9
13526,NULL,1
13527,NULL,1
13528,NULL,1
13529,NULL,1
13530,NULL,1
13531,NULL,1
13532,NULL,1
13533,530,9
13534,NULL,1
13535,NULL,1
13536,NULL,1
13537,NULL,1
13538,NULL,1
13539,NULL,1
13540,NULL,1
13541,NULL,1
13542,NULL,1
13543,NULL,1
13544,NULL,1
13545,NULL,1
13546,NULL,1
13547,NULL,1
13548,565,1
13549,NULL,1
13550,565,1
13551,NULL,1
13552,NULL,1
13553,NULL,1
13554,NULL,1
13555,NULL,1
13556,565,1
13557,NULL,1
13558,565,1
13559,NULL,1
13560,NULL,1
13561,NULL,1
13562,NULL,1
13563,NULL,1
13564,NULL,1
13565,NULL,1
13566,565,1
13567,NULL,1
13568,NULL,1
13569,NULL,1
13570,NULL,1
13571,NULL,1
13572,NULL,1
13573,NULL,1
13574,NULL,1
13575,NULL,1
13576,NULL,1
13577,NULL,1
13578,264,3
13579,NULL,1
13580,NULL,1
13581,NULL,1
13582,70,14
13583,NULL,1
13584,NULL,1
13585,NULL,1
13586,264,3
13587,NULL,1
13588,70,14
13589,NULL,1
13590,NULL,1
13591,NULL,1
13592,NULL,1
13593,NULL,1
13594,NULL,1
13595,NULL,1
13596,NULL,1
13597,NULL,1
13598,NULL,1
13599,NULL,1
13600,NULL,1
13601,NULL,1
13602,NULL,1
13603,NULL,1
13604,NULL,1
13605,NULL,1
13606,NULL,1
13607,NULL,1
13608,NULL,1
13609,NULL,1
13610,NULL,1
13611,NULL,1
13612,NULL,1
13613,NULL,1
13614,NULL,1
13615,NULL,1
13616,NULL,1
13617,NULL,1
13618,NULL,1
13619,565,1
13620,NULL,1
13621,NULL,1
13622,NULL,1
13623,NULL,1
13624,NULL,1
13625,NULL,1
13626,NULL,1
13627,565,1
13628,534,1
13629,NULL,1
13630,NULL,1
13631,NULL,1
13632,NULL,1
13633,NULL,1
13634,NULL,1
13635,NULL,1
13636,NULL,1
13637,NULL,1
13638,NULL,1
13639,565,1
13640,NULL,1
13641,NULL,1
13642,NULL,1
13643,NULL,1
13644,NULL,1
13645,NULL,1
13646,NULL,1
13647,NULL,1
13648,NULL,1
13649,NULL,1
13650,NULL,1
13651,NULL,1
13652,NULL,1
13653,430,9
13654,NULL,1
13655,NULL,1
13656,NULL,1
13657,NULL,1
13658,NULL,1
13659,NULL,1
13660,NULL,1
13661,NULL,1
13662,NULL,1
13663,565,1
13664,NULL,1
13665,NULL,1
13666,NULL,1
13667,NULL,1
13668,NULL,1
13669,NULL,1
13670,NULL,1
13671,565,1
13672,NULL,1
13673,NULL,1
13674,NULL,1
13675,NULL,1
13676,NULL,1
13677,NULL,1
13678,NULL,1
13679,565,1
13680,NULL,1
13681,NULL,1
13682,NULL,1
13683,NULL,1
13684,NULL,1
13685,NULL,1
13686,NULL,1
13687,NULL,1
13688,NULL,1
13689,NULL,1
13690,NULL,1
13691,NULL,1
13692,NULL,1
13693,NULL,1
13694,NULL,1
13695,NULL,1
13696,565,1
13697,NULL,1
13698,NULL,1
13699,NULL,1
13700,NULL,1
13701,NULL,1
13702,NULL,1
13703,NULL,1
13704,565,1
13705,NULL,1
13706,NULL,1
13707,NULL,1
13708,NULL,1
13709,NULL,1
13710,NULL,1
13711,NULL,1
13712,NULL,1
13713,NULL,1
13714,NULL,1
13715,NULL,1
13716,430,9
13717,NULL,1
13718,NULL,1
13719,455,1
13720,565,1
13721,NULL,1
13722,565,1
13723,NULL,1
13724,NULL,1
13725,NULL,1
13726,NULL,1
13727,455,1
13728,565,1
13729,NULL,1
13730,565,1
13731,NULL,1
13732,NULL,1
13733,NULL,1
13734,NULL,1
13735,NULL,1
13736,NULL,1
13737,NULL,1
13738,565,1
13739,NULL,1
13740,NULL,1
13741,NULL,1
13742,177,1
13743,534,1
13744,NULL,1
13745,NULL,1
13746,NULL,1
13747,NULL,1
13748,NULL,1
13749,534,1
13750,530,9
13751,NULL,1
13752,NULL,1
13753,NULL,1
13754,NULL,1
13755,NULL,1
13756,530,9
13757,NULL,1
13758,NULL,1
13759,NULL,1
13760,NULL,1
13761,NULL,1
13762,NULL,1
13763,NULL,1
13764,530,9
13765,NULL,1
13766,NULL,1
13767,NULL,1
13768,NULL,1
13769,NULL,1
13770,NULL,1
13771,NULL,1
13772,NULL,1
13773,NULL,1
13774,430,9
13775,NULL,1
13776,177,1
13777,NULL,1
13778,NULL,1
13779,NULL,1
13780,NULL,1
13781,NULL,1
13782,NULL,1
13783,NULL,1
13784,NULL,1
13785,NULL,1
13786,NULL,1
13787,NULL,1
13788,NULL,1
13789,NULL,1
13790,NULL,1
13791,NULL,1
13792,NULL,1
13793,NULL,1
13794,NULL,1
13795,NULL,1
13796,NULL,1
13797,NULL,1
13798,NULL,1
13799,NULL,1
13800,NULL,1
13801,NULL,1
13802,NULL,1
13803,NULL,1
13804,NULL,1
13805,NULL,1
13806,NULL,1
13807,NULL,1
13808,177,1
13809,NULL,1
13810,NULL,1
13811,NULL,1
13812,NULL,1
13813,455,1
13814,NULL,1
13815,530,9
13816,NULL,1
13817,NULL,1
13818,NULL,1
13819,NULL,1
13820,NULL,1
13821,455,1
13822,NULL,1
13823,NULL,1
13824,NULL,1
13825,NULL,1
13826,NULL,1
13827,NULL,1
13828,NULL,1
13829,264,3
13830,NULL,1
13831,455,1
13832,NULL,1
13833,NULL,1
13834,565,1
13835,NULL,1
13836,NULL,1
13837,264,3
13838,NULL,1
13839,NULL,1
13840,NULL,1
13841,NULL,1
13842,565,1
13843,NULL,1
13844,NULL,1
13845,NULL,1
13846,NULL,1
13847,NULL,1
13848,NULL,1
13849,NULL,1
13850,565,1
13851,NULL,1
13852,NULL,1
13853,NULL,1
13854,NULL,1
13855,NULL,1
13856,NULL,1
13857,NULL,1
13858,NULL,1
13859,550,8
13860,NULL,1
13861,NULL,1
13862,NULL,1
13863,NULL,1
13864,NULL,1
13865,NULL,1
13866,NULL,1
13867,267,1
13868,NULL,1
13869,NULL,1
13870,NULL,1
13871,NULL,1
13872,NULL,1
13873,NULL,1
13874,NULL,1
13875,NULL,1
13876,NULL,1
13877,NULL,1
13878,NULL,1
13879,NULL,1
13880,534,1
13881,NULL,1
13882,NULL,1
13883,550,8
13884,NULL,1
13885,NULL,1
13886,NULL,1
13887,NULL,1
13888,534,1
13889,NULL,1
13890,NULL,1
13891,550,8
13892,NULL,1
13893,NULL,1
13894,NULL,1
13895,NULL,1
13896,534,1
13897,NULL,1
13898,NULL,1
13899,NULL,1
13900,NULL,1
13901,NULL,1
13902,NULL,1
13903,NULL,1
13904,565,1
13905,NULL,1
13906,NULL,1
13907,NULL,1
13908,NULL,1
13909,NULL,1
13910,NULL,1
13911,NULL,1
13912,NULL,1
13913,NULL,1
13914,NULL,1
13915,NULL,1
13916,264,3
13917,NULL,1
13918,NULL,1
13919,NULL,1
13920,565,1
13921,NULL,1
13922,NULL,1
13923,NULL,1
13924,534,1
13925,NULL,1
13926,NULL,1
13927,NULL,1
13928,NULL,1
13929,430,9
13930,391,10
13931,NULL,1
13932,NULL,1
13933,NULL,1
13934,NULL,1
13935,NULL,1
13936,565,1
13937,430,9
13938,NULL,1
13939,NULL,1
13940,NULL,1
13941,NULL,1
13942,NULL,1
13943,NULL,1
13944,NULL,1
13945,NULL,1
13946,455,1
13947,NULL,1
13948,NULL,1
13949,NULL,1
13950,NULL,1
13951,NULL,1
13952,430,9
13953,NULL,1
13954,NULL,1
13955,NULL,1
13956,NULL,1
13957,NULL,1
13958,NULL,1
13959,NULL,1
13960,430,9
13961,NULL,1
13962,534,1
13963,NULL,1
13964,NULL,1
13965,NULL,1
13966,NULL,1
13967,NULL,1
13968,430,9
13969,NULL,1
13970,NULL,1
13971,NULL,1
13972,NULL,1
13973,NULL,1
13974,NULL,1
13975,NULL,1
13976,NULL,1
13977,NULL,1
13978,NULL,1
13979,NULL,1
13980,NULL,1
13981,NULL,1
13982,NULL,1
13983,NULL,1
13984,70,14
13985,NULL,1
13986,NULL,1
13987,NULL,1
13988,264,3
13989,NULL,1
13990,NULL,1
13991,455,1
13992,NULL,1
13993,391,10
13994,NULL,1
13995,NULL,1
13996,NULL,1
13997,NULL,1
13998,NULL,1
13999,NULL,1
14000,NULL,1
14001,NULL,1
14002,NULL,1
14003,NULL,1
14004,NULL,1
14005,NULL,1
14006,NULL,1
14007,NULL,1
14008,NULL,1
14009,534,1
14010,NULL,1
14011,177,1
14012,391,10
14013,NULL,1
14014,NULL,1
14015,NULL,1
14016,NULL,1
14017,NULL,1
14018,NULL,1
14019,NULL,1
14020,NULL,1
14021,NULL,1
14022,NULL,1
14023,NULL,1
14024,NULL,1
14025,NULL,1
14026,NULL,1
14027,NULL,1
14028,NULL,1
14029,NULL,1
14030,NULL,1
14031,NULL,1
14032,NULL,1
14033,NULL,1
14034,NULL,1
14035,NULL,1
14036,NULL,1
14037,NULL,1
14038,534,1
14039,NULL,1
14040,NULL,1
14041,NULL,1
14042,NULL,1
14043,NULL,1
14044,NULL,1
14045,NULL,1
14046,NULL,1
14047,391,10
14048,NULL,1
14049,NULL,1
14050,NULL,1
14051,NULL,1
14052,NULL,1
14053,NULL,1
14054,NULL,1
14055,NULL,1
14056,70,14
14057,NULL,1
14058,NULL,1
14059,NULL,1
14060,NULL,1
14061,NULL,1
14062,NULL,1
14063,NULL,1
14064,NULL,1
14065,NULL,1
14066,NULL,1
14067,NULL,1
14068,NULL,1
14069,NULL,1
14070,NULL,1
14071,NULL,1
14072,NULL,1
14073,NULL,1
14074,NULL,1
14075,NULL,1
14076,329,1
14077,NULL,1
14078,391,10
14079,NULL,1
14080,NULL,1
14081,NULL,1
14082,NULL,1
14083,534,1
14084,NULL,1
14085,NULL,1
14086,NULL,1
14087,NULL,1
14088,NULL,1
14089,NULL,1
14090,NULL,1
14091,NULL,1
14092,NULL,1
14093,NULL,1
14094,NULL,1
14095,NULL,1
14096,NULL,1
14097,NULL,1
14098,NULL,1
14099,NULL,1
14100,329,1
14101,NULL,1
14102,NULL,1
14103,NULL,1
14104,NULL,1
14105,NULL,1
14106,NULL,1
14107,NULL,1
14108,NULL,1
14109,NULL,1
14110,NULL,1
14111,NULL,1
14112,NULL,1
14113,NULL,1
14114,NULL,1
14115,NULL,1
14116,NULL,1
14117,NULL,1
14118,NULL,1
14119,NULL,1
14120,NULL,1
14121,NULL,1
14122,NULL,1
14123,430,9
14124,NULL,1
14125,NULL,1
14126,NULL,1
14127,264,3
14128,NULL,1
14129,NULL,1
14130,NULL,1
14131,455,1
14132,NULL,1
14133,NULL,1
14134,NULL,1
14135,NULL,1
14136,430,9
14137,NULL,1
14138,NULL,1
14139,NULL,1
14140,NULL,1
14141,391,10
14142,NULL,1
14143,NULL,1
14144,NULL,1
14145,NULL,1
14146,455,1
14147,NULL,1
14148,NULL,1
14149,NULL,1
14150,565,1
14151,NULL,1
14152,NULL,1
14153,NULL,1
14154,455,1
14155,NULL,1
14156,430,9
14157,NULL,1
14158,NULL,1
14159,NULL,1
14160,NULL,1
14161,NULL,1
14162,NULL,1
14163,NULL,1
14164,430,9
14165,NULL,1
14166,430,9
14167,NULL,1
14168,NULL,1
14169,NULL,1
14170,NULL,1
14171,NULL,1
14172,NULL,1
14173,NULL,1
14174,455,1
14175,NULL,1
14176,NULL,1
14177,NULL,1
14178,NULL,1
14179,NULL,1
14180,455,1
14181,NULL,1
14182,NULL,1
14183,NULL,1
14184,NULL,1
14185,NULL,1
14186,264,3
14187,NULL,1
14188,NULL,1
14189,NULL,1
14190,NULL,1
14191,NULL,1
14192,NULL,1
14193,NULL,1
14194,NULL,1
14195,NULL,1
14196,NULL,1
14197,NULL,1
14198,430,9
14199,NULL,1
14200,NULL,1
14201,NULL,1
14202,NULL,1
14203,NULL,1
14204,NULL,1
14205,NULL,1
14206,430,9
14207,NULL,1
14208,NULL,1
14209,NULL,1
14210,NULL,1
14211,NULL,1
14212,NULL,1
14213,NULL,1
14214,430,9
14215,NULL,1
14216,NULL,1
14217,NULL,1
14218,NULL,1
14219,NULL,1
14220,NULL,1
14221,NULL,1
14222,NULL,1
14223,NULL,1
14224,NULL,1
14225,NULL,1
14226,534,1
14227,NULL,1
14228,NULL,1
14229,NULL,1
14230,NULL,1
14231,NULL,1
14232,NULL,1
14233,NULL,1
14234,NULL,1
14235,NULL,1
14236,NULL,1
14237,NULL,1
14238,NULL,1
14239,NULL,1
14240,NULL,1
14241,NULL,1
14242,430,9
14243,NULL,1
14244,NULL,1
14245,NULL,1
14246,391,10
14247,NULL,1
14248,NULL,1
14249,NULL,1
14250,NULL,1
14251,NULL,1
14252,NULL,1
14253,NULL,1
14254,391,10
14255,NULL,1
14256,NULL,1
14257,NULL,1
14258,430,9
14259,NULL,1
14260,NULL,1
14261,NULL,1
14262,NULL,1
14263,NULL,1
14264,NULL,1
14265,NULL,1
14266,430,9
14267,NULL,1
14268,NULL,1
14269,NULL,1
14270,NULL,1
14271,NULL,1
14272,NULL,1
14273,NULL,1
14274,430,9
14275,NULL,1
14276,NULL,1
14277,455,1
14278,NULL,1
14279,NULL,1
14280,534,1
14281,NULL,1
14282,430,9
14283,NULL,1
14284,NULL,1
14285,NULL,1
14286,NULL,1
14287,NULL,1
14288,NULL,1
14289,NULL,1
14290,NULL,1
14291,NULL,1
14292,NULL,1
14293,NULL,1
14294,NULL,1
14295,NULL,1
14296,NULL,1
14297,NULL,1
14298,NULL,1
14299,NULL,1
14300,NULL,1
14301,NULL,1
14302,NULL,1
14303,NULL,1
14304,NULL,1
14305,NULL,1
14306,NULL,1
14307,NULL,1
14308,391,10
14309,NULL,1
14310,NULL,1
14311,534,1
14312,NULL,1
14313,NULL,1
14314,NULL,1
14315,NULL,1
14316,391,10
14317,267,1
14318,NULL,1
14319,NULL,1
14320,NULL,1
14321,NULL,1
14322,NULL,1
14323,NULL,1
14324,NULL,1
14325,NULL,1
14326,NULL,1
14327,NULL,1
14328,NULL,1
14329,NULL,1
14330,NULL,1
14331,NULL,1
14332,NULL,1
14333,NULL,1
14334,NULL,1
14335,NULL,1
14336,NULL,1
14337,NULL,1
14338,NULL,1
14339,NULL,1
14340,NULL,1
14341,267,1
14342,NULL,1
14343,NULL,1
14344,NULL,1
14345,NULL,1
14346,NULL,1
14347,NULL,1
14348,NULL,1
14349,NULL,1
14350,NULL,1
14351,NULL,1
14352,NULL,1
14353,455,1
14354,NULL,1
14355,NULL,1
14356,NULL,1
14357,NULL,1
14358,NULL,1
14359,NULL,1
14360,NULL,1
14361,NULL,1
14362,NULL,1
14363,NULL,1
14364,565,1
14365,NULL,1
14366,NULL,1
14367,NULL,1
14368,NULL,1
14369,NULL,1
14370,NULL,1
14371,NULL,1
14372,565,1
14373,NULL,1
14374,NULL,1
14375,NULL,1
14376,NULL,1
14377,NULL,1
14378,NULL,1
14379,NULL,1
14380,NULL,1
14381,NULL,1
14382,NULL,1
14383,NULL,1
14384,NULL,1
14385,NULL,1
14386,NULL,1
14387,NULL,1
14388,NULL,1
14389,267,1
14390,NULL,1
14391,565,1
14392,NULL,1
14393,NULL,1
14394,NULL,1
14395,NULL,1
14396,NULL,1
14397,NULL,1
14398,NULL,1
14399,NULL,1
14400,391,10
14401,NULL,1
14402,NULL,1
14403,NULL,1
14404,565,1
14405,NULL,1
14406,NULL,1
14407,430,9
14408,NULL,1
14409,NULL,1
14410,NULL,1
14411,NULL,1
14412,NULL,1
14413,NULL,1
14414,NULL,1
14415,430,9
14416,NULL,1
14417,NULL,1
14418,NULL,1
14419,NULL,1
14420,NULL,1
14421,NULL,1
14422,NULL,1
14423,NULL,1
14424,NULL,1
14425,565,1
14426,NULL,1
14427,NULL,1
14428,NULL,1
14429,NULL,1
14430,NULL,1
14431,NULL,1
14432,NULL,1
14433,NULL,1
14434,NULL,1
14435,NULL,1
14436,NULL,1
14437,NULL,1
14438,NULL,1
14439,NULL,1
14440,NULL,1
14441,NULL,1
14442,NULL,1
14443,NULL,1
14444,NULL,1
14445,NULL,1
14446,NULL,1
14447,NULL,1
14448,NULL,1
14449,NULL,1
14450,NULL,1
14451,NULL,1
14452,NULL,1
14453,NULL,1
14454,NULL,1
14455,NULL,1
14456,NULL,1
14457,NULL,1
14458,NULL,1
14459,NULL,1
14460,NULL,1
14461,NULL,1
14462,NULL,1
14463,565,1
14464,NULL,1
14465,NULL,1
14466,NULL,1
14467,NULL,1
14468,NULL,1
14469,NULL,1
14470,NULL,1
14471,NULL,1
14472,NULL,1
14473,267,1
14474,NULL,1
14475,NULL,1
14476,NULL,1
14477,NULL,1
14478,NULL,1
14479,565,1
14480,NULL,1
14481,NULL,1
14482,NULL,1
14483,NULL,1
14484,NULL,1
14485,NULL,1
14486,NULL,1
14487,NULL,1
14488,NULL,1
14489,NULL,1
14490,329,1
14491,NULL,1
14492,NULL,1
14493,NULL,1
14494,NULL,1
14495,NULL,1
14496,NULL,1
14497,NULL,1
14498,NULL,1
14499,NULL,1
14500,NULL,1
14501,NULL,1
14502,NULL,1
14503,430,9
14504,NULL,1
14505,NULL,1
14506,NULL,1
14507,NULL,1
14508,NULL,1
14509,NULL,1
14510,NULL,1
14511,NULL,1
14512,NULL,1
14513,NULL,1
14514,391,10
14515,NULL,1
14516,NULL,1
14517,NULL,1
14518,NULL,1
14519,NULL,1
14520,NULL,1
14521,NULL,1
14522,NULL,1
14523,455,1
14524,NULL,1
14525,NULL,1
14526,NULL,1
14527,455,1
14528,NULL,1
14529,NULL,1
14530,NULL,1
14531,NULL,1
14532,NULL,1
14533,NULL,1
14534,NULL,1
14535,NULL,1
14536,NULL,1
14537,267,1
14538,455,1
14539,NULL,1
14540,NULL,1
14541,NULL,1
14542,NULL,1
14543,NULL,1
14544,NULL,1
14545,565,1
14546,455,1
14547,NULL,1
14548,NULL,1
14549,NULL,1
14550,NULL,1
14551,NULL,1
14552,NULL,1
14553,NULL,1
14554,NULL,1
14555,NULL,1
14556,NULL,1
14557,NULL,1
14558,NULL,1
14559,NULL,1
14560,NULL,1
14561,NULL,1
14562,NULL,1
14563,NULL,1
14564,NULL,1
14565,565,1
14566,NULL,1
14567,NULL,1
14568,NULL,1
14569,267,1
14570,NULL,1
14571,430,9
14572,NULL,1
14573,NULL,1
14574,NULL,1
14575,NULL,1
14576,NULL,1
14577,NULL,1
14578,NULL,1
14579,430,9
14580,NULL,1
14581,NULL,1
14582,NULL,1
14583,NULL,1
14584,NULL,1
14585,NULL,1
14586,NULL,1
14587,430,9
14588,NULL,1
14589,NULL,1
14590,NULL,1
14591,NULL,1
14592,NULL,1
14593,NULL,1
14594,NULL,1
14595,NULL,1
14596,NULL,1
14597,NULL,1
14598,NULL,1
14599,NULL,1
14600,NULL,1
14601,565,1
14602,NULL,1
14603,NULL,1
14604,NULL,1
14605,NULL,1
14606,NULL,1
14607,NULL,1
14608,NULL,1
14609,NULL,1
14610,NULL,1
14611,NULL,1
14612,565,1
14613,NULL,1
14614,NULL,1
14615,NULL,1
14616,267,1
14617,NULL,1
14618,NULL,1
14619,NULL,1
14620,565,1
14621,NULL,1
14622,NULL,1
14623,NULL,1
14624,NULL,1
14625,NULL,1
14626,NULL,1
14627,NULL,1
14628,565,1
14629,565,1
14630,NULL,1
14631,NULL,1
14632,NULL,1
14633,NULL,1
14634,NULL,1
14635,550,8
14636,565,1
14637,NULL,1
14638,NULL,1
14639,NULL,1
14640,NULL,1
14641,565,1
14642,NULL,1
14643,NULL,1
14644,NULL,1
14645,NULL,1
14646,NULL,1
14647,NULL,1
14648,NULL,1
14649,565,1
14650,NULL,1
14651,NULL,1
14652,NULL,1
14653,NULL,1
14654,NULL,1
14655,NULL,1
14656,NULL,1
14657,565,1
14658,NULL,1
14659,NULL,1
14660,NULL,1
14661,NULL,1
14662,NULL,1
14663,NULL,1
14664,NULL,1
14665,NULL,1
14666,NULL,1
14667,NULL,1
14668,NULL,1
14669,NULL,1
14670,NULL,1
14671,NULL,1
14672,NULL,1
14673,NULL,1
14674,534,1
14675,NULL,1
14676,NULL,1
14677,NULL,1
14678,NULL,1
14679,NULL,1
14680,NULL,1
14681,NULL,1
14682,NULL,1
14683,NULL,1
14684,565,1
14685,NULL,1
14686,NULL,1
14687,NULL,1
14688,NULL,1
14689,550,8
14690,NULL,1
14691,NULL,1
14692,NULL,1
14693,NULL,1
14694,NULL,1
14695,NULL,1
14696,NULL,1
14697,NULL,1
14698,NULL,1
14699,NULL,1
14700,NULL,1
14701,550,8
14702,NULL,1
14703,NULL,1
14704,NULL,1
14705,NULL,1
14706,565,1
14707,NULL,1
14708,NULL,1
14709,264,3
14710,NULL,1
14711,NULL,1
14712,NULL,1
14713,NULL,1
14714,NULL,1
14715,NULL,1
14716,NULL,1
14717,NULL,1
14718,NULL,1
14719,267,1
14720,NULL,1
14721,NULL,1
14722,NULL,1
14723,NULL,1
14724,NULL,1
14725,NULL,1
14726,550,8
14727,NULL,1
14728,NULL,1
14729,NULL,1
14730,NULL,1
14731,NULL,1
14732,NULL,1
14733,NULL,1
14734,NULL,1
14735,NULL,1
14736,NULL,1
14737,NULL,1
14738,NULL,1
14739,NULL,1
14740,NULL,1
14741,NULL,1
14742,NULL,1
14743,NULL,1
14744,NULL,1
14745,NULL,1
14746,NULL,1
14747,455,1
14748,264,3
14749,NULL,1
14750,NULL,1
14751,NULL,1
14752,NULL,1
14753,NULL,1
14754,NULL,1
14755,NULL,1
14756,NULL,1
14757,NULL,1
14758,NULL,1
14759,565,1
14760,NULL,1
14761,NULL,1
14762,NULL,1
14763,NULL,1
14764,NULL,1
14765,NULL,1
14766,NULL,1
14767,267,1
14768,455,1
14769,NULL,1
14770,NULL,1
14771,NULL,1
14772,NULL,1
14773,NULL,1
14774,NULL,1
14775,NULL,1
14776,NULL,1
14777,NULL,1
14778,NULL,1
14779,565,1
14780,NULL,1
14781,NULL,1
14782,NULL,1
14783,NULL,1
14784,NULL,1
14785,NULL,1
14786,NULL,1
14787,NULL,1
14788,NULL,1
14789,NULL,1
14790,NULL,1
14791,NULL,1
14792,NULL,1
14793,NULL,1
14794,NULL,1
14795,NULL,1
14796,NULL,1
14797,NULL,1
14798,NULL,1
14799,NULL,1
14800,NULL,1
14801,NULL,1
14802,565,1
14803,NULL,1
14804,NULL,1
14805,550,8
14806,NULL,1
14807,NULL,1
14808,NULL,1
14809,NULL,1
14810,565,1
14811,565,1
14812,NULL,1
14813,NULL,1
14814,NULL,1
14815,NULL,1
14816,NULL,1
14817,NULL,1
14818,NULL,1
14819,NULL,1
14820,NULL,1
14821,NULL,1
14822,NULL,1
14823,264,3
14824,NULL,1
14825,NULL,1
14826,NULL,1
14827,NULL,1
14828,NULL,1
14829,NULL,1
14830,NULL,1
14831,264,3
14832,NULL,1
14833,550,8
14834,NULL,1
14835,NULL,1
14836,550,8
14837,NULL,1
14838,264,3
14839,264,3
14840,NULL,1
14841,NULL,1
14842,NULL,1
14843,NULL,1
14844,NULL,1
14845,NULL,1
14846,264,3
14847,264,3
14848,NULL,1
14849,NULL,1
14850,NULL,1
14851,455,1
14852,NULL,1
14853,NULL,1
14854,NULL,1
14855,NULL,1
14856,NULL,1
14857,NULL,1
14858,NULL,1
14859,455,1
14860,NULL,1
14861,NULL,1
14862,NULL,1
14863,NULL,1
14864,NULL,1
14865,NULL,1
14866,NULL,1
14867,NULL,1
14868,NULL,1
14869,NULL,1
14870,NULL,1
14871,264,3
14872,NULL,1
14873,NULL,1
14874,NULL,1
14875,NULL,1
14876,NULL,1
14877,NULL,1
14878,264,3
14879,NULL,1
14880,NULL,1
14881,NULL,1
14882,NULL,1
14883,NULL,1
14884,NULL,1
14885,NULL,1
14886,NULL,1
14887,550,8
14888,NULL,1
14889,NULL,1
14890,NULL,1
14891,NULL,1
14892,NULL,1
14893,NULL,1
14894,NULL,1
14895,550,8
14896,NULL,1
14897,NULL,1
14898,NULL,1
14899,NULL,1
14900,NULL,1
14901,NULL,1
14902,NULL,1
14903,NULL,1
14904,NULL,1
14905,NULL,1
14906,NULL,1
14907,NULL,1
14908,530,9
14909,NULL,1
14910,NULL,1
14911,NULL,1
14912,NULL,1
14913,550,8
14914,NULL,1
14915,NULL,1
14916,NULL,1
14917,NULL,1
14918,NULL,1
14919,NULL,1
14920,NULL,1
14921,550,8
14922,NULL,1
14923,430,9
14924,NULL,1
14925,NULL,1
14926,NULL,1
14927,NULL,1
14928,267,1
14929,267,1
14930,NULL,1
14931,NULL,1
14932,NULL,1
14933,NULL,1
14934,NULL,1
14935,550,8
14936,NULL,1
14937,NULL,1
14938,NULL,1
14939,NULL,1
14940,NULL,1
14941,NULL,1
14942,NULL,1
14943,550,8
14944,NULL,1
14945,NULL,1
14946,NULL,1
14947,NULL,1
14948,NULL,1
14949,NULL,1
14950,550,8
14951,550,8
14952,NULL,1
14953,NULL,1
14954,NULL,1
14955,NULL,1
14956,NULL,1
14957,NULL,1
14958,NULL,1
14959,267,1
14960,NULL,1
14961,264,3
14962,NULL,1
14963,430,9
14964,NULL,1
14965,NULL,1
14966,NULL,1
14967,565,1
14968,NULL,1
14969,NULL,1
14970,NULL,1
14971,NULL,1
14972,NULL,1
14973,NULL,1
14974,565,1
14975,NULL,1
14976,NULL,1
14977,NULL,1
14978,NULL,1
14979,NULL,1
14980,NULL,1
14981,550,8
14982,NULL,1
14983,NULL,1
14984,NULL,1
14985,565,1
14986,565,1
14987,NULL,1
14988,550,8
14989,NULL,1
14990,NULL,1
14991,NULL,1
14992,NULL,1
14993,NULL,1
14994,NULL,1
14995,550,8
14996,430,9
14997,NULL,1
14998,NULL,1
14999,565,1
15000,267,1
15001,NULL,1
15002,NULL,1
15003,455,1
15004,NULL,1
15005,NULL,1
15006,NULL,1
15007,267,1
15008,NULL,1
15009,NULL,1
15010,NULL,1
15011,565,1
15012,NULL,1
15013,NULL,1
15014,NULL,1
15015,NULL,1
15016,264,3
15017,NULL,1
15018,NULL,1
15019,NULL,1
15020,NULL,1
15021,550,8
15022,565,1
15023,264,3
15024,NULL,1
15025,NULL,1
15026,NULL,1
15027,NULL,1
15028,550,8
15029,70,14
15030,NULL,1
15031,NULL,1
15032,NULL,1
15033,NULL,1
15034,NULL,1
15035,550,8
15036,70,14
15037,NULL,1
15038,NULL,1
15039,NULL,1
15040,NULL,1
15041,NULL,1
15042,550,8
15043,NULL,1
15044,NULL,1
15045,NULL,1
15046,NULL,1
15047,NULL,1
15048,NULL,1
15049,550,8
15050,NULL,1
15051,NULL,1
15052,530,9
15053,NULL,1
15054,NULL,1
15055,NULL,1
15056,550,8
15057,NULL,1
15058,NULL,1
15059,NULL,1
15060,NULL,1
15061,NULL,1
15062,430,9
15063,NULL,1
15064,NULL,1
15065,NULL,1
15066,NULL,1
15067,NULL,1
15068,NULL,1
15069,177,1
15070,NULL,1
15071,NULL,1
15072,NULL,1
15073,NULL,1
15074,565,1
15075,NULL,1
15076,177,1
15077,565,1
15078,NULL,1
15079,NULL,1
15080,NULL,1
15081,565,1
15082,NULL,1
15083,NULL,1
15084,565,1
15085,NULL,1
15086,NULL,1
15087,NULL,1
15088,NULL,1
15089,NULL,1
15090,NULL,1
15091,565,1
15092,NULL,1
15093,NULL,1
15094,565,1
15095,NULL,1
15096,NULL,1
15097,NULL,1
15098,NULL,1
15099,NULL,1
15100,NULL,1
15101,565,1
15102,NULL,1
15103,NULL,1
15104,NULL,1
15105,NULL,1
15106,550,8
15107,NULL,1
15108,NULL,1
15109,NULL,1
15110,550,8
15111,70,14
15112,NULL,1
15113,550,8
15114,NULL,1
15115,70,14
15116,NULL,1
15117,550,8
15118,NULL,1
15119,NULL,1
15120,NULL,1
15121,NULL,1
15122,NULL,1
15123,NULL,1
15124,267,1
15125,177,1
15126,NULL,1
15127,NULL,1
15128,NULL,1
15129,NULL,1
15130,NULL,1
15131,NULL,1
15132,NULL,1
15133,NULL,1
15134,NULL,1
15135,NULL,1
15136,NULL,1
15137,NULL,1
15138,NULL,1
15139,NULL,1
15140,NULL,1
15141,NULL,1
15142,NULL,1
15143,NULL,1
15144,NULL,1
15145,NULL,1
15146,NULL,1
15147,NULL,1
15148,NULL,1
15149,NULL,1
15150,NULL,1
15151,565,1
15152,NULL,1
15153,NULL,1
15154,NULL,1
15155,NULL,1
15156,NULL,1
15157,NULL,1
15158,NULL,1
15159,NULL,1
15160,NULL,1
15161,NULL,1
15162,NULL,1
15163,NULL,1
15164,NULL,1
15165,NULL,1
15166,NULL,1
15167,NULL,1
15168,NULL,1
15169,NULL,1
15170,NULL,1
15171,NULL,1
15172,550,8
15173,NULL,1
15174,NULL,1
15175,NULL,1
15176,NULL,1
15177,NULL,1
15178,NULL,1
15179,264,3
15180,NULL,1
15181,NULL,1
15182,NULL,1
15183,NULL,1
15184,NULL,1
15185,NULL,1
15186,NULL,1
15187,NULL,1
15188,455,1
15189,NULL,1
15190,NULL,1
15191,NULL,1
15192,NULL,1
15193,550,8
15194,NULL,1
15195,NULL,1
15196,NULL,1
15197,NULL,1
15198,NULL,1
15199,NULL,1
15200,267,1
15201,NULL,1
15202,NULL,1
15203,NULL,1
15204,NULL,1
15205,NULL,1
15206,NULL,1
15207,NULL,1
15208,NULL,1
15209,NULL,1
15210,NULL,1
15211,NULL,1
15212,NULL,1
15213,NULL,1
15214,NULL,1
15215,NULL,1
15216,NULL,1
15217,NULL,1
15218,NULL,1
15219,NULL,1
15220,NULL,1
15221,NULL,1
15222,NULL,1
15223,NULL,1
15224,NULL,1
15225,NULL,1
15226,NULL,1
15227,NULL,1
15228,NULL,1
15229,NULL,1
15230,NULL,1
15231,NULL,1
15232,NULL,1
15233,NULL,1
15234,NULL,1
15235,NULL,1
15236,550,8
15237,NULL,1
15238,NULL,1
15239,NULL,1
15240,NULL,1
15241,NULL,1
15242,NULL,1
15243,NULL,1
15244,NULL,1
15245,NULL,1
15246,NULL,1
15247,NULL,1
15248,NULL,1
15249,NULL,1
15250,NULL,1
15251,NULL,1
15252,NULL,1
15253,NULL,1
15254,NULL,1
15255,530,9
15256,565,1
15257,NULL,1
15258,177,1
15259,NULL,1
15260,NULL,1
15261,530,9
15262,565,1
15263,NULL,1
15264,NULL,1
15265,550,8
15266,NULL,1
15267,NULL,1
15268,NULL,1
15269,NULL,1
15270,550,8
15271,NULL,1
15272,NULL,1
15273,NULL,1
15274,NULL,1
15275,NULL,1
15276,NULL,1
15277,NULL,1
15278,NULL,1
15279,NULL,1
15280,NULL,1
15281,430,9
15282,NULL,1
15283,NULL,1
15284,NULL,1
15285,455,1
15286,455,1
15287,NULL,1
15288,NULL,1
15289,NULL,1
15290,177,1
15291,NULL,1
15292,NULL,1
15293,NULL,1
15294,NULL,1
15295,70,14
15296,NULL,1
15297,NULL,1
15298,NULL,1
15299,NULL,1
15300,NULL,1
15301,NULL,1
15302,NULL,1
15303,NULL,1
15304,NULL,1
15305,455,1
15306,NULL,1
15307,430,9
15308,NULL,1
15309,NULL,1
15310,430,9
15311,NULL,1
15312,NULL,1
15313,NULL,1
15314,NULL,1
15315,430,9
15316,NULL,1
15317,430,9
15318,NULL,1
15319,NULL,1
15320,NULL,1
15321,NULL,1
15322,455,1
15323,NULL,1
15324,NULL,1
15325,NULL,1
15326,NULL,1
15327,NULL,1
15328,550,8
15329,NULL,1
15330,NULL,1
15331,NULL,1
15332,NULL,1
15333,NULL,1
15334,NULL,1
15335,NULL,1
15336,NULL,1
15337,NULL,1
15338,NULL,1
15339,NULL,1
15340,177,1
15341,NULL,1
15342,NULL,1
15343,NULL,1
15344,NULL,1
15345,NULL,1
15346,NULL,1
15347,NULL,1
15348,NULL,1
15349,NULL,1
15350,NULL,1
15351,177,1
15352,NULL,1
15353,550,8
15354,NULL,1
15355,70,14
15356,NULL,1
15357,NULL,1
15358,NULL,1
15359,70,14
15360,NULL,1
15361,NULL,1
15362,NULL,1
15363,NULL,1
15364,NULL,1
15365,NULL,1
15366,NULL,1
15367,NULL,1
15368,NULL,1
15369,NULL,1
15370,NULL,1
15371,NULL,1
15372,NULL,1
15373,NULL,1
15374,NULL,1
15375,NULL,1
15376,NULL,1
15377,NULL,1
15378,NULL,1
15379,NULL,1
15380,550,8
15381,NULL,1
15382,NULL,1
15383,550,8
15384,NULL,1
15385,565,1
15386,550,8
15387,NULL,1
15388,NULL,1
15389,NULL,1
15390,NULL,1
15391,430,9
15392,NULL,1
15393,177,1
15394,NULL,1
15395,NULL,1
15396,70,14
15397,NULL,1
15398,NULL,1
15399,NULL,1
15400,NULL,1
15401,NULL,1
15402,NULL,1
15403,NULL,1
15404,NULL,1
15405,NULL,1
15406,NULL,1
15407,NULL,1
15408,NULL,1
15409,NULL,1
15410,530,9
15411,NULL,1
15412,530,9
15413,NULL,1
15414,NULL,1
15415,NULL,1
15416,NULL,1
15417,NULL,1
15418,NULL,1
15419,NULL,1
15420,NULL,1
15421,NULL,1
15422,NULL,1
15423,NULL,1
15424,NULL,1
15425,NULL,1
15426,430,9
15427,NULL,1
15428,NULL,1
15429,NULL,1
15430,NULL,1
15431,NULL,1
15432,NULL,1
15433,NULL,1
15434,NULL,1
15435,70,14
15436,NULL,1
15437,177,1
15438,NULL,1
15439,70,14
15440,530,9
15441,NULL,1
15442,NULL,1
15443,NULL,1
15444,NULL,1
15445,NULL,1
15446,NULL,1
15447,NULL,1
15448,455,1
15449,70,14
15450,NULL,1
15451,NULL,1
15452,NULL,1
15453,NULL,1
15454,NULL,1
15455,NULL,1
15456,NULL,1
15457,NULL,1
15458,NULL,1
15459,NULL,1
15460,NULL,1
15461,NULL,1
15462,NULL,1
15463,360,1
15464,267,1
15465,360,1
15466,297,14
15467,NULL,14
15468,NULL,14
15469,NULL,1
15470,NULL,14
15471,297,1
15472,NULL,14
15473,297,14
15474,297,14
15475,NULL,14
15476,NULL,1
15477,NULL,1
15478,NULL,14
15479,297,1
15480,297,14
15481,297,14
15482,297,14
15483,NULL,14
15484,NULL,1
15485,NULL,1
15486,NULL,1
15487,NULL,1
15488,297,14
15489,297,14
15490,297,14
15491,297,13
15492,NULL,14
15493,NULL,1
15494,NULL,1
15495,NULL,1
15496,NULL,1
15497,297,1
15498,NULL,14
15499,297,14
15500,297,14
15501,NULL,1
15502,297,14
15503,NULL,1
15504,NULL,1
15505,297,14
15506,NULL,1
15507,297,1
15508,NULL,1
15509,297,1
15510,297,14
15511,NULL,1
15512,NULL,1
15513,NULL,1
15514,NULL,1
15515,297,14
15516,297,14
15517,297,14
15518,391,4
15519,NULL,1
15520,NULL,1
15521,297,14
15522,297,1
15523,297,14
15524,297,14
15525,NULL,1
15526,297,1
15527,NULL,1
15528,NULL,1
15529,297,14
15530,297,1
15531,297,14
15532,297,14
15533,NULL,1
15534,297,1
15535,NULL,1
15536,NULL,1
15537,297,14
15538,297,14
15539,297,14
15540,NULL,1
15541,297,14
15542,297,1
15543,297,1
15544,NULL,1
15545,297,14
15546,297,1
15547,297,1
15548,297,14
15549,297,14
15550,297,14
15551,NULL,1
15552,NULL,1
15553,NULL,1
15554,NULL,1
15555,297,14
15556,297,14
15557,NULL,1
15558,297,14
15559,NULL,1
15560,NULL,1
15561,NULL,1
15562,NULL,1
15563,297,14
15564,297,14
15565,NULL,1
15566,NULL,1
15567,297,14
15568,NULL,1
15569,297,14
15570,NULL,1
15571,297,14
15572,297,1
15573,NULL,1
15574,NULL,1
15575,297,14
15576,297,14
15577,NULL,1
15578,NULL,1
15579,297,14
15580,297,1
15581,NULL,14
15582,297,14
15583,NULL,1
15584,297,14
15585,297,14
15586,297,1
15587,297,1
15588,297,1
15589,NULL,1
15590,NULL,1
15591,NULL,1
15592,NULL,1
15593,NULL,1
15594,297,1
15595,297,14
15596,NULL,1
15597,NULL,1
15598,NULL,1
15599,297,14
15600,NULL,1
15601,NULL,1
15602,NULL,1
15603,297,14
15604,NULL,1
15605,297,14
15606,297,14
15607,297,14
15608,297,14
15609,NULL,1
15610,297,14
15611,297,14
15612,NULL,1
15613,297,14
15614,297,14
15615,297,14
15616,297,14
15617,297,14
15618,297,14
15619,NULL,1
15620,NULL,1
15621,NULL,1
15622,297,14
15623,NULL,1
15624,NULL,1
15625,297,1
15626,NULL,1
15627,297,1
15628,NULL,1
15629,NULL,1
15630,297,14
15631,297,14
15632,297,14
15633,297,14
15634,NULL,1
15635,NULL,1
15636,297,14
15637,297,14
15638,297,14
15639,297,14
15640,297,14
15641,297,14
15642,NULL,1
15643,NULL,1
15644,297,14
15645,NULL,1
15646,297,14
15647,NULL,1
15648,297,14
15649,297,14
15650,297,14
15651,297,14
15652,297,1
15653,297,14
15654,297,14
15655,NULL,1
15656,297,14
15657,297,14
15658,297,14
15659,297,14
15660,297,14
15661,297,1
15662,297,1
15663,NULL,1
15664,297,14
15665,297,14
15666,297,14
15667,NULL,1
15668,NULL,1
15669,NULL,1
15670,297,14
15671,NULL,1
15672,297,14
15673,297,14
15674,297,14
15675,NULL,1
15676,297,14
15677,391,4
15678,297,1
15679,NULL,1
15680,297,14
15681,NULL,1
15682,297,14
15683,NULL,1
15684,297,14
15685,NULL,14
15686,NULL,1
15687,NULL,1
15688,297,14
15689,297,14
15690,297,14
15691,NULL,1
15692,297,14
15693,NULL,1
15694,NULL,1
15695,297,14
15696,297,1
15697,297,14
15698,297,13
15699,NULL,1
15700,297,14
15701,NULL,1
15702,NULL,1
15703,297,14
15704,297,14
15705,NULL,14
15706,NULL,1
15707,297,14
15708,297,1
15709,297,14
15710,NULL,1
15711,NULL,14
15712,297,14
15713,NULL,1
15714,297,14
15715,297,14
15716,297,14
15717,297,14
15718,297,1
15719,297,14
15720,297,14
15721,NULL,1
15722,297,14
15723,297,1
15724,297,14
15725,297,14
15726,NULL,1
15727,297,14
15728,297,14
15729,NULL,1
15730,297,14
15731,NULL,1
15732,NULL,14
15733,297,14
15734,NULL,1
15735,NULL,1
15736,297,1
15737,297,14
15738,297,1
15739,NULL,1
15740,297,14
15741,297,14
15742,NULL,1
15743,NULL,1
15744,297,1
15745,297,14
15746,297,14
15747,297,14
15748,297,14
15749,NULL,14
15750,NULL,1
15751,NULL,1
15752,297,14
15753,NULL,1
15754,297,14
15755,297,14
15756,NULL,14
15757,297,1
15758,297,14
15759,297,14
15760,297,14
15761,297,14
15762,297,14
15763,297,14
15764,NULL,1
15765,297,1
15766,297,14
15767,NULL,1
15768,NULL,1
15769,297,1
15770,NULL,1
15771,297,1
15772,NULL,1
15773,297,14
15774,NULL,1
15775,297,14
15776,NULL,1
15777,NULL,1
15778,297,1
15779,297,14
15780,NULL,1
15781,297,14
15782,297,14
15783,297,14
15784,NULL,1
15785,297,1
15786,297,14
15787,297,14
15788,NULL,1
15789,297,14
15790,NULL,14
15791,297,14
15792,297,1
15793,297,1
15794,297,14
15795,NULL,1
15796,297,1
15797,297,1
15798,297,14
15799,NULL,1
15800,297,14
15801,NULL,1
15802,NULL,1
15803,NULL,1
15804,297,14
15805,297,1
15806,297,14
15807,297,14
15808,NULL,1
15809,297,14
15810,297,14
15811,NULL,1
15812,297,1
15813,297,1
15814,297,1
15815,297,13
15816,NULL,1
15817,297,14
15818,NULL,1
15819,NULL,1
15820,NULL,1
15821,297,14
15822,297,14
15823,297,14
15824,NULL,1
15825,NULL,1
15826,297,14
15827,NULL,1
15828,NULL,1
15829,NULL,1
15830,297,14
15831,297,14
15832,297,14
15833,391,4
15834,NULL,1
15835,297,14
15836,297,14
15837,NULL,1
15838,297,1
15839,297,14
15840,NULL,1
15841,297,14
15842,297,14
15843,NULL,1
15844,NULL,1
15845,NULL,1
15846,NULL,1
15847,297,14
15848,NULL,1
15849,297,1
15850,NULL,1
15851,NULL,1
15852,297,14
15853,297,14
15854,NULL,1
15855,297,14
15856,NULL,1
15857,NULL,1
15858,NULL,1
15859,297,14
15860,297,1
15861,NULL,1
15862,297,14
15863,297,1
15864,NULL,1
15865,NULL,1
15866,297,14
15867,NULL,1
15868,297,14
15869,NULL,1
15870,NULL,14
15871,297,14
15872,NULL,1
15873,297,14
15874,297,14
15875,NULL,1
15876,297,14
15877,NULL,1
15878,297,14
15879,297,1
15880,NULL,1
15881,NULL,1
15882,NULL,1
15883,NULL,1
15884,297,14
15885,NULL,1
15886,297,1
15887,NULL,1
15888,NULL,1
15889,297,14
15890,297,14
15891,NULL,1
15892,297,14
15893,NULL,1
15894,NULL,14
15895,NULL,1
15896,NULL,1
15897,297,14
15898,297,1
15899,297,14
15900,NULL,1
15901,297,1
15902,297,14
15903,297,14
15904,297,14
15905,NULL,1
15906,NULL,14
15907,297,1
15908,297,1
15909,297,14
15910,297,14
15911,297,14
15912,297,14
15913,297,1
15914,297,14
15915,297,14
15916,NULL,1
15917,NULL,1
15918,297,14
15919,297,1
15920,297,14
15921,NULL,1
15922,NULL,1
15923,NULL,14
15924,297,14
15925,297,14
15926,297,14
15927,297,14
15928,297,14
15929,NULL,1
15930,297,1
15931,297,14
15932,297,14
15933,297,14
15934,297,14
15935,NULL,1
15936,391,4
15937,NULL,1
15938,297,14
15939,297,14
15940,297,14
15941,297,14
15942,297,14
15943,NULL,1
15944,297,14
15945,NULL,1
15946,297,14
15947,NULL,1
15948,297,14
15949,391,4
15950,297,14
15951,297,14
15952,297,14
15953,NULL,14
15954,297,14
15955,297,14
15956,297,14
15957,NULL,1
15958,NULL,1
15959,297,14
15960,297,14
15961,297,14
15962,NULL,14
15963,297,14
15964,391,4
15965,NULL,1
15966,NULL,1
15967,NULL,14
15968,297,14
15969,297,14
15970,297,14
15971,297,14
15972,297,14
15973,NULL,1
15974,297,14
15975,297,14
15976,297,14
15977,NULL,1
15978,297,14
15979,297,14
15980,297,14
15981,NULL,1
15982,297,14
15983,297,14
15984,297,14
15985,297,14
15986,297,14
15987,297,14
15988,297,14
15989,NULL,1
15990,297,14
15991,297,14
15992,NULL,1
15993,NULL,1
15994,297,14
15995,297,14
15996,297,14
15997,NULL,1
15998,NULL,14
15999,297,1
16000,297,14
16001,NULL,1
16002,297,14
16003,297,14
16004,297,14
16005,297,14
16006,297,1
16007,297,14
16008,297,1
16009,NULL,1
16010,297,14
16011,297,14
16012,297,14
16013,297,14
16014,297,14
16015,297,14
16016,297,14
16017,297,1
16018,297,14
16019,297,14
16020,297,14
16021,NULL,1
16022,297,14
16023,NULL,1
16024,297,14
16025,NULL,1
16026,297,14
16027,297,14
16028,297,14
16029,NULL,1
16030,297,14
16031,NULL,1
16032,297,1
16033,297,14
16034,297,14
16035,297,14
16036,NULL,14
16037,297,1
16038,297,14
16039,297,14
16040,NULL,1
16041,297,14
16042,297,14
16043,297,14
16044,297,14
16045,NULL,17
16046,297,14
16047,297,14
16048,297,14
16049,NULL,1
16050,NULL,1
16051,NULL,1
16052,297,14
16053,297,14
16054,297,14
16055,297,14
16056,297,14
16057,297,14
16058,297,14
16059,297,14
16060,297,14
16061,297,14
16062,297,1
16063,297,1
16064,297,14
16065,297,14
16066,297,14
16067,297,14
16068,297,14
16069,NULL,14
16070,297,14
16071,297,14
16072,297,14
16073,297,14
16074,297,14
16075,297,14
16076,297,14
16077,297,14
16078,297,14
16079,297,14
16080,297,14
16081,297,14
16082,297,14
16083,297,14
16084,297,14
16085,297,14
16086,297,14
16087,NULL,1
16088,297,14
16089,297,14
16090,297,14
16091,297,14
16092,NULL,1
16093,297,14
16094,297,14
16095,297,14
16096,297,14
16097,297,14
16098,NULL,1
16099,NULL,1
16100,297,14
16101,297,14
16102,NULL,1
16103,297,14
16104,297,14
16105,297,14
16106,297,14
16107,297,14
16108,NULL,1
16109,NULL,1
16110,NULL,1
16111,297,14
16112,297,14
16113,297,14
16114,NULL,1
16115,297,14
16116,NULL,1
16117,297,14
16118,NULL,1
16119,297,14
16120,297,14
16121,297,14
16122,297,14
16123,297,14
16124,297,14
16125,NULL,1
16126,NULL,1
16127,297,14
16128,297,14
16129,297,13
16130,297,14
16131,297,14
16132,297,14
16133,297,1
16134,NULL,1
16135,297,14
16136,297,14
16137,297,1
16138,297,14
16139,297,14
16140,297,14
16141,297,14
16142,NULL,1
16143,NULL,1
16144,297,14
16145,297,14
16146,NULL,1
16147,297,14
16148,297,14
16149,NULL,1
16150,297,14
16151,NULL,1
16152,297,1
16153,NULL,1
16154,297,14
16155,297,14
16156,297,14
16157,297,14
16158,297,14
16159,297,14
16160,297,14
16161,297,13
16162,297,14
16163,297,14
16164,297,14
16165,297,14
16166,297,14
16167,NULL,1
16168,297,14
16169,297,14
16170,297,14
16171,NULL,1
16172,297,14
16173,297,14
16174,NULL,1
16175,NULL,1
16176,297,14
16177,297,14
16178,297,14
16179,297,1
16180,NULL,1
16181,NULL,1
16182,NULL,1
16183,297,14
16184,297,14
16185,297,14
16186,297,14
16187,NULL,1
16188,297,14
16189,297,14
16190,297,14
16191,NULL,1
16192,297,1
16193,297,14
16194,297,14
16195,NULL,1
16196,297,14
16197,297,1
16198,NULL,1
16199,297,14
16200,297,14
16201,NULL,1
16202,297,1
16203,NULL,1
16204,297,14
16205,297,14
16206,NULL,1
16207,NULL,1
16208,297,14
16209,297,14
16210,297,14
16211,NULL,1
16212,297,14
16213,NULL,1
16214,NULL,1
16215,297,14
16216,297,14
16217,297,14
16218,297,14
16219,297,1
16220,297,1
16221,297,14
16222,NULL,1
16223,NULL,1
16224,297,14
16225,297,14
16226,297,14
16227,297,1
16228,297,1
16229,297,1
16230,297,14
16231,297,14
16232,297,14
16233,NULL,1
16234,297,14
16235,297,14
16236,297,14
16237,297,14
16238,297,14
16239,297,14
16240,NULL,1
16241,297,14
16242,297,1
16243,297,1
16244,297,1
16245,297,14
16246,NULL,1
16247,297,14
16248,NULL,1
16249,NULL,1
16250,297,14
16251,NULL,1
16252,297,14
16253,297,14
16254,NULL,1
16255,NULL,1
16256,297,1
16257,297,14
16258,297,14
16259,NULL,1
16260,297,1
16261,297,14
16262,NULL,1
16263,NULL,1
16264,NULL,1
16265,297,14
16266,297,14
16267,297,14
16268,297,14
16269,297,14
16270,NULL,1
16271,NULL,1
16272,NULL,1
16273,297,1
16274,297,14
16275,391,4
16276,297,14
16277,297,14
16278,NULL,1
16279,297,14
16280,297,1
16281,NULL,1
16282,297,14
16283,NULL,1
16284,297,14
16285,NULL,1
16286,297,1
16287,297,1
16288,NULL,1
16289,297,14
16290,297,14
16291,297,14
16292,297,14
16293,NULL,1
16294,297,1
16295,297,1
16296,NULL,1
16297,297,14
16298,NULL,1
16299,NULL,1
16300,NULL,1
16301,NULL,1
16302,297,1
16303,297,14
16304,NULL,1
16305,297,14
16306,297,14
16307,NULL,1
16308,NULL,1
16309,NULL,1
16310,297,14
16311,297,1
16312,297,14
16313,297,14
16314,297,1
16315,NULL,1
16316,297,1
16317,NULL,1
16318,297,14
16319,297,1
16320,297,14
16321,297,14
16322,297,14
16323,NULL,1
16324,297,14
16325,297,14
16326,297,14
16327,297,1
16328,NULL,1
16329,297,14
16330,297,14
16331,297,14
16332,297,14
16333,297,1
16334,297,1
16335,297,1
16336,NULL,1
16337,NULL,1
16338,NULL,1
16339,297,1
16340,NULL,14
16341,297,14
16342,297,1
16343,297,14
16344,NULL,1
16345,297,14
16346,NULL,1
16347,297,14
16348,NULL,1
16349,NULL,1
16350,297,13
16351,297,14
16352,NULL,1
16353,297,14
16354,297,1
16355,297,14
16356,297,14
16357,NULL,1
16358,NULL,1
16359,297,14
16360,NULL,1
16361,297,14
16362,NULL,1
16363,297,14
16364,NULL,1
16365,NULL,1
16366,297,14
16367,297,1
16368,391,4
16369,NULL,1
16370,NULL,1
16371,297,14
16372,NULL,1
16373,NULL,1
16374,297,14
16375,297,1
16376,NULL,1
16377,297,14
16378,NULL,1
16379,297,1
16380,297,13
16381,NULL,1
16382,NULL,1
16383,297,1
16384,NULL,1
16385,NULL,1
16386,NULL,1
16387,NULL,1
16388,NULL,14
16389,NULL,1
16390,297,14
16391,297,14
16392,NULL,1
16393,NULL,1
16394,297,1
16395,NULL,1
16396,NULL,1
16397,NULL,1
16398,NULL,1
16399,297,1
16400,NULL,1
16401,NULL,1
16402,297,14
16403,NULL,1
16404,NULL,1
16405,NULL,1
16406,NULL,1
16407,297,14
16408,NULL,1
16409,NULL,1
16410,297,14
16411,NULL,1
16412,NULL,1
16413,297,1
16414,NULL,1
16415,NULL,1
16416,NULL,1
16417,534,8
16418,297,14
16419,NULL,14
16420,297,14
16421,NULL,1
16422,297,14
16423,297,14
16424,NULL,1
16425,NULL,1
16426,297,14
16427,NULL,1
16428,NULL,1
16429,297,14
16430,297,14
16431,297,14
16432,297,14
16433,297,14
16434,NULL,1
16435,297,1
16436,NULL,1
16437,NULL,1
16438,297,14
16439,NULL,1
16440,297,14
16441,NULL,1
16442,NULL,1
16443,297,14
16444,297,14
16445,NULL,14
16446,NULL,1
16447,297,14
16448,297,14
16449,NULL,14
16450,NULL,1
16451,297,1
16452,NULL,1
16453,297,14
16454,NULL,1
16455,NULL,1
16456,297,14
16457,NULL,1
16458,297,14
16459,297,1
16460,NULL,1
16461,297,14
16462,NULL,1
16463,NULL,1
16464,297,14
16465,297,14
16466,NULL,1
16467,297,14
16468,297,14
16469,NULL,1
16470,297,14
16471,NULL,1
16472,297,14
16473,297,1
16474,NULL,1
16475,297,14
16476,297,14
16477,NULL,1
16478,NULL,1
16479,297,14
16480,297,14
16481,297,1
16482,NULL,1
16483,NULL,1
16484,297,14
16485,297,14
16486,NULL,1
16487,NULL,1
16488,297,14
16489,NULL,1
16490,NULL,1
16491,NULL,1
16492,297,14
16493,297,14
16494,297,14
16495,NULL,1
16496,297,14
16497,297,14
16498,297,14
16499,NULL,1
16500,NULL,1
16501,297,1
16502,297,14
16503,NULL,1
16504,NULL,1
16505,297,14
16506,NULL,1
16507,297,14
16508,NULL,1
16509,297,14
16510,297,14
16511,NULL,1
16512,297,1
16513,297,14
16514,297,14
16515,297,14
16516,NULL,1
16517,297,14
16518,NULL,1
16519,297,14
16520,NULL,1
16521,297,14
16522,297,14
16523,297,14
16524,NULL,1
16525,297,14
16526,297,14
16527,297,14
16528,297,14
16529,NULL,1
16530,297,14
16531,297,14
16532,297,14
16533,297,14
16534,297,14
16535,297,14
16536,297,14
16537,297,14
16538,297,14
16539,297,14
16540,297,14
16541,297,14
16542,NULL,1
16543,297,14
16544,297,14
16545,297,14
16546,NULL,1
16547,297,1
16548,297,14
16549,297,14
16550,297,14
16551,NULL,1
16552,297,14
16553,297,14
16554,NULL,1
16555,297,14
16556,297,14
16557,297,1
16558,297,14
16559,297,1
16560,NULL,1
16561,297,14
16562,297,14
16563,297,14
16564,297,14
16565,297,1
16566,297,14
16567,NULL,1
16568,297,14
16569,297,14
16570,297,14
16571,297,14
16572,297,14
16573,297,14
16574,297,14
16575,297,14
16576,NULL,1
16577,NULL,1
16578,297,14
16579,297,14
16580,297,1
16581,297,1
16582,297,14
16583,NULL,1
16584,297,14
16585,NULL,1
16586,430,9
16587,297,1
16588,297,14
16589,297,1
16590,297,14
16591,NULL,1
16592,297,14
16593,297,14
16594,297,14
16595,297,14
16596,297,14
16597,NULL,1
16598,297,14
16599,297,14
16600,NULL,1
16601,297,14
16602,297,14
16603,297,14
16604,391,4
16605,297,14
16606,297,1
16607,NULL,1
16608,NULL,1
16609,NULL,1
16610,391,4
16611,NULL,1
16612,297,14
16613,NULL,1
16614,297,1
16615,297,14
16616,NULL,1
16617,NULL,1
16618,297,14
16619,NULL,1
16620,297,14
16621,NULL,1
16622,297,1
16623,NULL,1
16624,NULL,1
16625,NULL,1
16626,NULL,1
16627,NULL,1
16628,297,14
16629,297,14
16630,297,14
16631,297,14
16632,297,1
16633,297,14
16634,297,14
16635,NULL,1
16636,297,14
16637,297,14
16638,297,1
16639,297,14
16640,391,4
16641,297,1
16642,297,1
16643,297,14
16644,297,14
16645,297,1
16646,297,1
16647,NULL,1
16648,NULL,1
16649,297,1
16650,297,14
16651,297,14
16652,NULL,1
16653,297,14
16654,NULL,1
16655,297,14
16656,297,1
16657,297,14
16658,297,14
16659,297,14
16660,297,14
16661,297,14
16662,297,1
16663,297,14
16664,391,4
16665,297,1
16666,297,1
16667,NULL,1
16668,NULL,1
16669,297,14
16670,297,1
16671,297,14
16672,297,14
16673,297,14
16674,297,1
16675,297,14
16676,297,14
16677,NULL,14
16678,391,4
16679,297,14
16680,NULL,1
16681,391,4
16682,297,1
16683,NULL,1
16684,297,1
16685,NULL,14
16686,297,14
16687,NULL,1
16688,297,1
16689,NULL,1
16690,297,1
16691,297,14
16692,NULL,1
16693,297,14
16694,NULL,1
16695,297,14
16696,NULL,1
16697,NULL,1
16698,297,1
16699,NULL,1
16700,297,14
16701,297,14
16702,NULL,1
16703,297,14
16704,NULL,1
16705,297,14
16706,297,1
16707,NULL,1
16708,297,14
16709,NULL,1
16710,297,14
16711,297,14
16712,NULL,1
16713,NULL,1
16714,297,14
16715,NULL,1
16716,297,14
16717,NULL,1
16718,297,1
16719,297,14
16720,NULL,1
16721,297,1
16722,NULL,1
16723,297,14
16724,297,1
16725,297,14
16726,297,14
16727,391,4
16728,NULL,1
16729,391,4
16730,NULL,1
16731,297,1
16732,297,14
16733,297,1
16734,297,14
16735,297,14
16736,297,14
16737,297,14
16738,297,14
16739,297,1
16740,NULL,1
16741,NULL,1
16742,297,14
16743,297,14
16744,297,14
16745,297,14
16746,NULL,1
16747,NULL,1
16748,297,14
16749,NULL,1
16750,NULL,1
16751,297,1
16752,297,14
16753,297,1
16754,NULL,1
16755,NULL,1
16756,NULL,14
16757,NULL,1
16758,297,14
16759,NULL,1
16760,297,14
16761,NULL,1
16762,NULL,1
16763,NULL,1
16764,297,14
16765,NULL,1
16766,297,1
16767,NULL,1
16768,297,14
16769,297,14
16770,NULL,1
16771,NULL,1
16772,NULL,1
16773,297,14
16774,297,14
16775,297,14
16776,NULL,1
16777,297,1
16778,NULL,1
16779,297,14
16780,NULL,1
16781,297,14
16782,297,14
16783,297,14
16784,NULL,1
16785,297,1
16786,NULL,1
16787,NULL,1
16788,NULL,1
16789,NULL,1
16790,NULL,1
16791,297,14
16792,NULL,1
16793,NULL,1
16794,391,4
16795,297,14
16796,297,1
16797,297,14
16798,NULL,1
16799,NULL,1
16800,NULL,1
16801,297,14
16802,297,14
16803,297,14
16804,297,1
16805,297,1
16806,NULL,1
16807,NULL,1
16808,297,14
16809,NULL,1
16810,297,14
16811,297,1
16812,297,1
16813,297,14
16814,NULL,1
16815,297,14
16816,297,1
16817,NULL,1
16818,297,14
16819,297,1
16820,NULL,1
16821,NULL,1
16822,297,14
16823,297,14
16824,297,1
16825,297,14
16826,NULL,1
16827,297,1
16828,NULL,1
16829,NULL,1
16830,297,14
16831,NULL,1
16832,297,14
16833,NULL,1
16834,NULL,1
16835,297,14
16836,297,1
16837,NULL,1
16838,NULL,1
16839,NULL,1
16840,NULL,1
16841,NULL,1
16842,297,14
16843,NULL,1
16844,297,1
16845,297,1
16846,NULL,1
16847,NULL,1
16848,NULL,1
16849,297,14
16850,297,14
16851,NULL,14
16852,297,14
16853,NULL,1
16854,297,14
16855,NULL,1
16856,NULL,1
16857,297,14
16858,297,14
16859,297,14
16860,NULL,1
16861,297,14
16862,297,14
16863,NULL,1
16864,NULL,1
16865,297,14
16866,297,14
16867,297,1
16868,297,14
16869,297,14
16870,297,14
16871,297,14
16872,NULL,1
16873,NULL,1
16874,NULL,1
16875,297,14
16876,391,4
16877,297,14
16878,297,14
16879,NULL,1
16880,NULL,1
16881,NULL,1
16882,297,1
16883,NULL,1
16884,297,14
16885,NULL,1
16886,297,14
16887,NULL,1
16888,297,14
16889,NULL,1
16890,297,1
16891,NULL,1
16892,297,14
16893,NULL,1
16894,NULL,1
16895,297,14
16896,297,14
16897,297,14
16898,NULL,14
16899,NULL,1
16900,297,14
16901,NULL,1
16902,297,14
16903,297,14
16904,297,14
16905,NULL,1
16906,297,14
16907,297,14
16908,297,14
16909,297,14
16910,NULL,1
16911,297,1
16912,297,14
16913,NULL,1
16914,297,1
16915,297,14
16916,297,14
16917,297,14
16918,297,14
16919,NULL,1
16920,NULL,1
16921,NULL,1
16922,297,14
16923,NULL,1
16924,297,14
16925,297,14
16926,297,1
16927,NULL,1
16928,NULL,1
16929,NULL,1
16930,297,1
16931,NULL,1
16932,297,1
16933,297,14
16934,297,1
16935,391,4
16936,297,14
16937,297,1
16938,NULL,1
16939,297,1
16940,NULL,1
16941,297,14
16942,297,1
16943,297,1
16944,NULL,1
16945,297,14
16946,NULL,1
16947,297,1
16948,NULL,1
16949,297,14
16950,297,1
16951,297,1
16952,NULL,1
16953,NULL,1
16954,297,1
16955,NULL,1
16956,NULL,1
16957,391,4
16958,297,1
16959,297,1
16960,297,14
16961,297,14
16962,297,14
16963,NULL,14
16964,NULL,1
16965,297,14
16966,297,14
16967,297,1
16968,NULL,1
16969,297,14
16970,NULL,1
16971,NULL,14
16972,NULL,1
16973,NULL,1
16974,297,14
16975,NULL,1
16976,NULL,1
16977,NULL,1
16978,NULL,1
16979,NULL,1
16980,NULL,1
16981,297,1
16982,297,14
16983,297,1
16984,297,14
16985,NULL,14
16986,297,1
16987,NULL,1
16988,NULL,1
16989,297,14
16990,297,14
16991,297,1
16992,297,14
16993,NULL,14
16994,297,14
16995,NULL,1
16996,297,1
16997,NULL,1
16998,297,14
16999,NULL,1
17000,297,14
17001,NULL,14
17002,NULL,1
17003,297,1
17004,297,14
17005,NULL,1
17006,297,14
17007,NULL,1
17008,NULL,14
17009,NULL,1
17010,NULL,1
17011,NULL,1
17012,297,14
17013,297,14
17014,NULL,1
17015,297,14
17016,NULL,1
17017,NULL,1
17018,NULL,1
17019,297,14
17020,NULL,1
17021,297,14
17022,NULL,1
17023,297,14
17024,NULL,1
17025,NULL,1
17026,NULL,1
17027,297,14
17028,297,1
17029,297,14
17030,NULL,1
17031,297,14
17032,297,14
17033,297,1
17034,NULL,1
17035,297,14
17036,297,1
17037,297,14
17038,NULL,1
17039,297,1
17040,297,14
17041,NULL,1
17042,297,13
17043,297,14
17044,297,1
17045,297,1
17046,NULL,1
17047,NULL,14
17048,NULL,1
17049,NULL,1
17050,297,1
17051,297,14
17052,297,14
17053,NULL,1
17054,NULL,1
17055,NULL,1
17056,NULL,1
17057,NULL,1
17058,297,14
17059,297,1
17060,NULL,1
17061,297,14
17062,NULL,1
17063,NULL,1
17064,NULL,1
17065,NULL,1
17066,297,14
17067,297,14
17068,297,1
17069,297,14
17070,NULL,1
17071,297,14
17072,297,14
17073,NULL,1
17074,297,14
17075,NULL,1
17076,297,14
17077,297,14
17078,297,14
17079,297,14
17080,297,14
17081,297,1
17082,NULL,1
17083,NULL,1
17084,297,14
17085,297,14
17086,297,1
17087,NULL,1
17088,297,14
17089,297,14
17090,297,14
17091,297,14
17092,297,14
17093,NULL,1
17094,297,14
17095,NULL,1
17096,297,14
17097,297,14
17098,297,14
17099,297,14
17100,297,1
17101,297,1
17102,NULL,1
17103,297,14
17104,297,14
17105,297,14
17106,297,14
17107,297,14
17108,297,14
17109,297,14
17110,297,14
17111,297,14
17112,297,14
17113,NULL,1
17114,NULL,1
17115,297,14
17116,NULL,1
17117,NULL,1
17118,297,14
17119,297,14
17120,297,1
17121,297,14
17122,NULL,1
17123,NULL,14
17124,297,14
17125,NULL,1
17126,297,14
17127,297,14
17128,NULL,1
17129,NULL,1
17130,NULL,1
17131,297,14
17132,391,4
17133,NULL,1
17134,297,13
17135,NULL,1
17136,297,14
17137,297,14
17138,NULL,1
17139,297,14
17140,391,4
17141,297,14
17142,297,14
17143,297,1
17144,297,1
17145,NULL,1
17146,297,14
17147,297,14
17148,297,1
17149,NULL,1
17150,297,1
17151,NULL,1
17152,NULL,1
17153,297,14
17154,297,14
17155,297,14
17156,297,14
17157,297,14
17158,NULL,1
17159,297,14
17160,NULL,1
17161,297,14
17162,297,14
17163,297,14
17164,297,1
17165,297,1
17166,297,14
17167,297,14
17168,391,4
17169,297,1
17170,297,14
17171,NULL,1
17172,NULL,1
17173,NULL,1
17174,NULL,14
17175,297,14
17176,297,14
17177,NULL,1
17178,297,14
17179,297,14
17180,297,14
17181,NULL,14
17182,NULL,1
17183,297,14
17184,297,14
17185,297,14
17186,297,14
17187,297,1
17188,297,14
17189,NULL,1
17190,297,14
17191,297,14
17192,297,1
17193,NULL,14
17194,297,14
17195,297,14
17196,297,14
17197,NULL,1
17198,297,14
17199,297,14
17200,297,14
17201,NULL,1
17202,297,14
17203,297,14
17204,297,1
17205,297,14
17206,297,1
17207,297,14
17208,297,14
17209,NULL,1
17210,297,14
17211,297,1
17212,297,1
17213,297,14
17214,297,14
17215,297,14
17216,NULL,1
17217,297,14
17218,NULL,1
17219,297,14
17220,NULL,1
17221,297,14
17222,297,14
17223,297,14
17224,391,4
17225,297,14
17226,NULL,1
17227,297,1
17228,NULL,1
17229,297,14
17230,391,4
17231,297,14
17232,297,14
17233,297,14
17234,NULL,1
17235,297,14
17236,NULL,1
17237,297,14
17238,NULL,14
17239,297,1
17240,NULL,1
17241,297,14
17242,NULL,1
17243,297,14
17244,NULL,1
17245,NULL,1
17246,297,14
17247,297,1
17248,297,14
17249,297,14
17250,297,13
17251,297,14
17252,297,14
17253,297,14
17254,297,1
17255,297,14
17256,297,14
17257,NULL,1
17258,297,14
17259,297,14
17260,297,14
17261,297,14
17262,NULL,14
17263,297,14
17264,297,14
17265,297,14
17266,NULL,1
17267,NULL,1
17268,297,14
17269,297,14
17270,NULL,1
17271,NULL,1
17272,297,14
17273,297,1
17274,297,14
17275,NULL,1
17276,391,4
17277,297,14
17278,NULL,1
17279,NULL,1
17280,297,1
17281,297,14
17282,297,14
17283,297,1
17284,297,14
17285,297,1
17286,297,14
17287,297,14
17288,297,1
17289,NULL,1
17290,NULL,1
17291,297,14
17292,297,14
17293,297,1
17294,297,14
17295,297,14
17296,297,14
17297,297,14
17298,297,1
17299,NULL,1
17300,297,1
17301,297,14
17302,297,14
17303,297,1
17304,297,14
17305,297,14
17306,297,1
17307,297,1
17308,297,14
17309,297,14
17310,NULL,1
17311,297,1
17312,NULL,1
17313,297,14
17314,NULL,1
17315,297,14
17316,297,14
17317,297,1
17318,297,14
17319,297,14
17320,297,1
17321,391,4
17322,297,14
17323,297,1
17324,297,14
17325,297,14
17326,297,14
17327,297,14
17328,297,14
17329,297,14
17330,297,1
17331,297,14
17332,297,14
17333,297,14
17334,NULL,1
17335,297,1
17336,297,1
17337,NULL,1
17338,297,14
17339,297,1
17340,297,14
17341,297,14
17342,297,14
17343,297,14
17344,NULL,1
17345,449,9
17346,NULL,11
17347,NULL,1
17348,NULL,1
17349,NULL,1
17350,NULL,1
17351,NULL,1
17352,NULL,1
17353,NULL,11
17354,499,10
17355,NULL,11
17356,70,15
17357,NULL,11
17358,121,1
17359,341,10
17360,430,9
17361,NULL,11
17362,120,9
17363,NULL,1
17364,89,1
17365,430,9
17366,499,10
17367,391,4
17368,NULL,4
17369,430,9
17370,187,11
17371,430,9
17372,NULL,1
17373,NULL,1
17374,NULL,1
17375,391,10
17376,NULL,10
17377,499,10
17378,430,8
17379,NULL,1
17380,430,9
17381,550,21
17382,430,9
17383,391,10
17384,534,9
17385,534,9
17386,120,9
17387,187,11
17388,307,10
17389,456,13
17390,499,10
17391,NULL,1
17392,341,10
17393,456,13
17394,120,9
17395,NULL,10
17396,NULL,1
17397,456,13
17398,NULL,1
17399,430,9
17400,NULL,1
17401,120,9
17402,187,11
17403,NULL,10
17404,327,10
17405,NULL,1
17406,430,9
17407,121,1
17408,534,1
17409,430,9
17410,NULL,1
17411,307,10
17412,430,9
17413,187,11
17414,430,10
17415,250,10
17416,NULL,3
17417,456,13
17418,430,8
17419,530,9
17420,391,4
17421,NULL,10
17422,430,9
17423,456,5
17424,250,10
17425,456,13
17426,NULL,1
17427,530,9
17428,NULL,1
17429,270,10
17430,250,1
17431,391,10
17432,430,9
17433,430,9
17434,NULL,11
17435,NULL,3
17436,391,4
17437,NULL,10
17438,250,1
17439,449,9
17440,456,13
17441,NULL,1
17442,430,9
17443,430,9
17444,NULL,1
17445,NULL,1
17446,250,1
17447,430,9
17448,430,9
17449,NULL,1
17450,267,11
17451,NULL,10
17452,499,10
17453,NULL,1
17454,499,10
17455,430,10
17456,391,4
17457,NULL,1
17458,430,9
17459,120,9
17460,430,10
17461,456,13
17462,267,11
17463,342,10
17464,499,10
17465,NULL,3
17466,187,11
17467,NULL,1
17468,NULL,1
17469,430,9
17470,391,10
17471,NULL,10
17472,456,13
17473,430,9
17474,187,11
17475,NULL,1
17476,NULL,1
17477,430,10
17478,270,10
17479,385,10
17480,430,9
17481,187,11
17482,430,9
17483,430,9
17484,NULL,1
17485,NULL,8
17486,430,10
17487,NULL,1
17488,430,10
17489,NULL,1
17490,NULL,1
17491,NULL,3
17492,NULL,1
17493,430,8
17494,399,1
17495,NULL,10
17496,NULL,8
17497,499,1
17498,449,9
17499,430,10
17500,430,9
17501,430,10
17502,250,10
17503,534,9
17504,499,10
17505,499,10
17506,449,9
17507,307,10
17508,259,9
17509,121,2
17510,534,9
17511,70,14
17512,156,21
17513,NULL,10
17514,430,9
17515,430,1
17516,NULL,1
17517,430,9
17518,430,10
17519,NULL,1
17520,NULL,1
17521,NULL,1
17522,270,10
17523,430,9
17524,259,9
17525,NULL,3
17526,430,10
17527,NULL,1
17528,NULL,1
17529,499,10
17530,430,9
17531,550,1
17532,259,9
17533,NULL,1
17534,NULL,1
17535,499,10
17536,NULL,1
17537,156,21
17538,499,10
17539,270,10
17540,456,14
17541,492,1
17542,391,4
17543,535,1
17544,430,10
17545,341,10
17546,NULL,10
17547,550,1
17548,456,14
17549,430,9
17550,270,10
17551,391,4
17552,341,10
17553,NULL,1
17554,NULL,10
17555,550,1
17556,NULL,1
17557,267,11
17558,464,4
17559,342,10
17560,530,9
17561,NULL,21
17562,NULL,10
17563,550,1
17564,550,1
17565,430,9
17566,550,1
17567,430,9
17568,NULL,1
17569,464,21
17570,391,4
17571,391,1
17572,550,1
17573,430,9
17574,492,1
17575,250,10
17576,NULL,1
17577,430,10
17578,267,11
17579,430,9
17580,430,10
17581,499,10
17582,155,1
17583,535,1
17584,250,10
17585,NULL,1
17586,121,2
17587,NULL,1
17588,NULL,1
17589,430,9
17590,499,10
17591,464,4
17592,430,8
17593,542,1
17594,391,21
17595,NULL,4
17596,534,8
17597,NULL,1
17598,NULL,1
17599,NULL,10
17600,NULL,1
17601,430,10
17602,391,21
17603,NULL,1
17604,307,10
17605,245,21
17606,499,10
17607,550,1
17608,NULL,11
17609,430,10
17610,391,21
17611,430,9
17612,187,1
17613,NULL,1
17614,430,8
17615,NULL,1
17616,NULL,1
17617,NULL,1
17618,499,1
17619,NULL,1
17620,385,10
17621,430,9
17622,499,10
17623,NULL,1
17624,391,4
17625,NULL,1
17626,NULL,1
17627,NULL,1
17628,NULL,11
17629,430,9
17630,499,1
17631,NULL,1
17632,121,11
17633,464,21
17634,121,2
17635,NULL,1
17636,121,11
17637,492,1
17638,499,1
17639,535,1
17640,391,4
17641,391,4
17642,206,2
17643,NULL,1
17644,430,10
17645,399,1
17646,499,10
17647,430,9
17648,550,21
17649,385,10
17650,391,21
17651,430,9
17652,391,10
17653,NULL,1
17654,NULL,10
17655,NULL,1
17656,430,8
17657,391,1
17658,391,21
17659,534,8
17660,391,10
17661,NULL,1
17662,NULL,1
17663,250,10
17664,NULL,1
17665,391,4
17666,NULL,13
17667,120,9
17668,430,9
17669,70,22
17670,NULL,10
17671,NULL,1
17672,250,10
17673,NULL,1
17674,391,4
17675,120,9
17676,430,10
17677,70,22
17678,NULL,1
17679,327,10
17680,430,9
17681,NULL,1
17682,534,9
17683,550,1
17684,270,10
17685,NULL,1
17686,121,1
17687,327,10
17688,391,4
17689,430,10
17690,399,1
17691,NULL,1
17692,250,10
17693,550,1
17694,431,10
17695,391,4
17696,NULL,3
17697,430,9
17698,NULL,14
17699,391,10
17700,NULL,1
17701,550,1
17702,391,4
17703,430,10
17704,250,10
17705,430,9
17706,70,15
17707,120,9
17708,550,21
17709,511,9
17710,NULL,3
17711,549,1
17712,499,10
17713,NULL,1
17714,121,11
17715,430,9
17716,121,1
17717,250,1
17718,121,1
17719,NULL,1
17720,430,9
17721,542,1
17722,499,10
17723,430,9
17724,NULL,1
17725,NULL,1
17726,550,21
17727,187,1
17728,NULL,17
17729,NULL,1
17730,121,1
17731,430,9
17732,NULL,10
17733,NULL,1
17734,514,1
17735,307,10
17736,NULL,17
17737,464,21
17738,431,10
17739,430,9
17740,549,1
17741,464,21
17742,391,4
17743,391,4
17744,NULL,17
17745,250,10
17746,70,13
17747,391,4
17748,NULL,1
17749,534,8
17750,430,10
17751,70,14
17752,430,8
17753,430,9
17754,430,10
17755,NULL,1
17756,NULL,1
17757,NULL,1
17758,NULL,1
17759,430,8
17760,499,1
17761,430,9
17762,430,10
17763,391,1
17764,391,4
17765,NULL,8
17766,121,2
17767,534,9
17768,499,1
17769,391,4
17770,499,1
17771,430,8
17772,464,4
17773,430,10
17774,NULL,3
17775,430,10
17776,NULL,17
17777,534,8
17778,270,10
17779,430,10
17780,342,10
17781,391,4
17782,430,9
17783,NULL,1
17784,NULL,17
17785,464,21
17786,430,8
17787,430,8
17788,342,10
17789,NULL,1
17790,NULL,1
17791,391,4
17792,430,9
17793,NULL,1
17794,NULL,10
17795,499,10
17796,270,10
17797,232,9
17798,430,9
17799,342,10
17800,341,10
17801,499,10
17802,499,10
17803,530,9
17804,NULL,10
17805,232,9
17806,492,1
17807,391,4
17808,391,4
17809,499,10
17810,534,9
17811,430,10
17812,NULL,10
17813,430,10
17814,430,10
17815,456,14
17816,391,10
17817,54,1
17818,391,4
17819,430,10
17820,NULL,1
17821,232,9
17822,NULL,1
17823,232,9
17824,449,9
17825,430,10
17826,NULL,10
17827,391,21
17828,NULL,1
17829,499,10
17830,430,9
17831,NULL,1
17832,391,4
17833,499,10
17834,NULL,4
17835,270,10
17836,70,14
17837,250,10
17838,250,1
17839,NULL,1
17840,NULL,1
17841,499,10
17842,534,9
17843,391,4
17844,NULL,8
17845,187,11
17846,NULL,1
17847,121,11
17848,430,9
17849,121,11
17850,NULL,16
17851,430,9
17852,250,10
17853,270,10
17854,NULL,1
17855,391,4
17856,NULL,8
17857,499,10
17858,391,10
17859,391,4
17860,NULL,10
17861,121,11
17862,430,9
17863,430,10
17864,391,10
17865,499,10
17866,NULL,8
17867,307,10
17868,NULL,1
17869,430,9
17870,NULL,4
17871,270,10
17872,391,10
17873,542,1
17874,449,9
17875,NULL,4
17876,NULL,8
17877,70,13
17878,534,9
17879,232,1
17880,245,7
17881,NULL,1
17882,456,5
17883,430,9
17884,499,10
17885,NULL,1
17886,206,6
17887,NULL,1
17888,245,7
17889,430,8
17890,NULL,1
17891,385,10
17892,NULL,8
17893,NULL,1
17894,NULL,1
17895,250,10
17896,430,9
17897,NULL,1
17898,NULL,8
17899,270,10
17900,NULL,1
17901,156,21
17902,NULL,1
17903,270,10
17904,430,10
17905,430,9
17906,NULL,14
17907,430,9
17908,NULL,1
17909,156,21
17910,232,8
17911,391,4
17912,NULL,1
17913,385,10
17914,430,10
17915,NULL,1
17916,NULL,1
17917,156,21
17918,430,9
17919,430,9
17920,430,9
17921,NULL,10
17922,534,8
17923,NULL,1
17924,NULL,1
17925,267,11
17926,NULL,1
17927,171,1
17928,250,10
17929,430,10
17930,NULL,8
17931,341,10
17932,NULL,13
17933,391,10
17934,NULL,8
17935,399,1
17936,250,10
17937,430,9
17938,NULL,8
17939,NULL,8
17940,270,10
17941,391,10
17942,NULL,1
17943,NULL,1
17944,NULL,1
17945,492,1
17946,391,4
17947,245,7
17948,430,10
17949,391,10
17950,NULL,10
17951,430,10
17952,430,10
17953,499,10
17954,NULL,1
17955,499,10
17956,391,4
17957,391,10
17958,NULL,1
17959,391,10
17960,534,1
17961,NULL,1
17962,NULL,1
17963,449,9
17964,NULL,1
17965,NULL,1
17966,391,10
17967,430,10
17968,NULL,1
17969,430,9
17970,430,9
17971,551,1
17972,430,9
17973,391,10
17974,534,9
17975,391,21
17976,391,10
17977,NULL,10
17978,NULL,10
17979,NULL,1
17980,534,9
17981,391,10
17982,430,10
17983,NULL,13
17984,391,10
17985,NULL,10
17986,430,9
17987,NULL,1
17988,NULL,1
17989,541,10
17990,NULL,1
17991,NULL,13
17992,391,10
17993,NULL,10
17994,171,1
17995,NULL,1
17996,342,10
17997,534,1
17998,NULL,1
17999,NULL,1
18000,391,10
18001,430,8
18002,NULL,1
18003,430,9
18004,NULL,4
18005,206,2
18006,NULL,1
18007,NULL,1
18008,391,10
18009,430,8
18010,NULL,10
18011,430,8
18012,270,10
18013,430,10
18014,250,10
18015,NULL,1
18016,391,10
18017,NULL,1
18018,550,21
18019,430,8
18020,430,10
18021,391,10
18022,430,9
18023,270,10
18024,391,10
18025,385,10
18026,534,1
18027,456,13
18028,NULL,1
18029,391,10
18030,121,1
18031,NULL,10
18032,391,10
18033,492,1
18034,456,14
18035,499,10
18036,121,1
18037,NULL,1
18038,250,10
18039,NULL,13
18040,259,9
18041,NULL,3
18042,391,10
18043,NULL,1
18044,430,10
18045,430,1
18046,530,9
18047,250,10
18048,NULL,1
18049,430,9
18050,534,9
18051,NULL,1
18052,550,3
18053,NULL,10
18054,550,1
18055,267,11
18056,550,3
18057,NULL,3
18058,NULL,1
18059,NULL,21
18060,NULL,16
18061,206,21
18062,NULL,10
18063,499,10
18064,550,21
18065,391,10
18066,NULL,1
18067,NULL,1
18068,NULL,1
18069,250,10
18070,430,8
18071,430,8
18072,430,10
18073,NULL,3
18074,NULL,1
18075,492,1
18076,NULL,1
18077,NULL,1
18078,430,10
18079,70,15
18080,NULL,13
18081,NULL,1
18082,NULL,1
18083,430,8
18084,391,4
18085,NULL,4
18086,120,9
18087,70,15
18088,550,3
18089,430,10
18090,NULL,1
18091,NULL,1
18092,70,15
18093,121,11
18094,499,10
18095,430,9
18096,121,1
18097,250,10
18098,430,9
18099,499,1
18100,511,9
18101,NULL,1
18102,430,8
18103,430,10
18104,NULL,1
18105,121,2
18106,391,4
18107,499,10
18108,391,4
18109,534,9
18110,NULL,3
18111,430,9
18112,NULL,13
18113,250,10
18114,391,10
18115,499,10
18116,270,10
18117,307,10
18118,NULL,3
18119,270,10
18120,534,8
18121,499,10
18122,499,10
18123,250,1
18124,270,10
18125,430,8
18126,NULL,3
18127,327,10
18128,430,10
18129,499,10
18130,NULL,1
18131,391,4
18132,NULL,1
18133,NULL,1
18134,NULL,3
18135,121,1
18136,499,10
18137,430,8
18138,70,15
18139,499,10
18140,NULL,1
18141,430,1
18142,550,8
18143,187,11
18144,534,9
18145,NULL,1
18146,206,2
18147,499,10
18148,70,13
18149,430,9
18150,430,9
18151,NULL,1
18152,430,10
18153,327,10
18154,430,9
18155,NULL,1
18156,NULL,1
18157,550,21
18158,449,9
18159,NULL,25
18160,499,10
18161,327,10
18162,121,11
18163,NULL,1
18164,70,13
18165,70,2
18166,430,9
18167,270,10
18168,342,10
18169,245,21
18170,430,8
18171,NULL,1
18172,70,13
18173,250,1
18174,430,8
18175,499,1
18176,391,4
18177,245,21
18178,430,9
18179,250,1
18180,NULL,1
18181,250,10
18182,NULL,1
18183,125,1
18184,499,10
18185,NULL,1
18186,391,10
18187,NULL,1
18188,250,10
18189,NULL,1
18190,NULL,1
18191,391,4
18192,250,10
18193,530,9
18194,391,10
18195,430,9
18196,NULL,1
18197,250,1
18198,NULL,1
18199,430,9
18200,499,10
18201,430,9
18202,391,10
18203,NULL,1
18204,NULL,1
18205,NULL,1
18206,NULL,1
18207,430,8
18208,70,13
18209,373,10
18210,391,10
18211,NULL,1
18212,430,9
18213,NULL,1
18214,499,10
18215,430,9
18216,342,10
18217,391,4
18218,391,10
18219,NULL,1
18220,NULL,1
18221,NULL,1
18222,430,10
18223,NULL,1
18224,499,10
18225,120,9
18226,250,10
18227,NULL,13
18228,NULL,1
18229,NULL,1
18230,NULL,1
18231,NULL,1
18232,206,2
18233,550,21
18234,550,3
18235,430,9
18236,NULL,10
18237,NULL,1
18238,NULL,1
18239,70,23
18240,NULL,1
18241,NULL,1
18242,430,9
18243,430,9
18244,NULL,1
18245,70,2
18246,464,21
18247,NULL,1
18248,NULL,17
18249,499,10
18250,NULL,17
18251,499,10
18252,270,10
18253,NULL,1
18254,550,21
18255,NULL,13
18256,430,9
18257,391,4
18258,456,5
18259,NULL,13
18260,NULL,10
18261,NULL,1
18262,250,10
18263,250,10
18264,430,10
18265,250,10
18266,70,15
18267,250,10
18268,391,10
18269,NULL,1
18270,534,8
18271,550,3
18272,456,14
18273,NULL,1
18274,565,4
18275,565,9
18276,391,10
18277,430,10
18278,391,4
18279,550,3
18280,456,14
18281,120,9
18282,391,4
18283,550,3
18284,391,10
18285,NULL,1
18286,NULL,1
18287,430,10
18288,456,14
18289,430,9
18290,NULL,1
18291,430,10
18292,430,9
18293,NULL,1
18294,430,9
18295,NULL,16
18296,391,10
18297,NULL,1
18298,NULL,1
18299,NULL,1
18300,430,10
18301,430,10
18302,499,10
18303,391,10
18304,391,4
18305,492,1
18306,464,1
18307,430,9
18308,430,9
18309,270,10
18310,NULL,1
18311,121,1
18312,542,1
18313,250,1
18314,250,10
18315,NULL,1
18316,430,10
18317,456,5
18318,NULL,16
18319,NULL,1
18320,492,1
18321,NULL,1
18322,430,9
18323,430,10
18324,70,15
18325,70,14
18326,NULL,1
18327,391,10
18328,NULL,1
18329,250,10
18330,NULL,1
18331,534,9
18332,NULL,17
18333,250,10
18334,430,9
18335,NULL,10
18336,NULL,13
18337,NULL,1
18338,391,4
18339,535,1
18340,267,11
18341,530,1
18342,NULL,13
18343,NULL,10
18344,NULL,13
18345,NULL,1
18346,565,4
18347,121,11
18348,430,8
18349,430,10
18350,391,4
18351,391,10
18352,430,10
18353,391,4
18354,NULL,1
18355,430,10
18356,499,1
18357,NULL,1
18358,NULL,1
18359,NULL,1
18360,430,9
18361,391,4
18362,250,10
18363,391,4
18364,250,10
18365,NULL,1
18366,430,1
18367,499,10
18368,120,9
18369,391,1
18370,430,9
18371,NULL,1
18372,121,1
18373,NULL,1
18374,NULL,1
18375,456,14
18376,530,9
18377,250,10
18378,430,9
18379,121,11
18380,267,11
18381,156,21
18382,NULL,8
18383,NULL,1
18384,391,4
18385,430,9
18386,NULL,4
18387,542,1
18388,206,2
18389,530,1
18390,NULL,1
18391,430,8
18392,430,9
18393,307,10
18394,NULL,1
18395,391,4
18396,NULL,1
18397,541,10
18398,430,9
18399,NULL,16
18400,NULL,1
18401,391,4
18402,430,9
18403,430,9
18404,565,9
18405,NULL,8
18406,NULL,1
18407,NULL,1
18408,NULL,1
18409,513,10
18410,121,1
18411,430,9
18412,250,10
18413,NULL,8
18414,542,1
18415,549,8
18416,430,10
18417,70,14
18418,NULL,1
18419,492,1
18420,NULL,13
18421,430,9
18422,464,21
18423,456,5
18424,464,4
18425,341,10
18426,NULL,1
18427,385,10
18428,NULL,13
18429,534,8
18430,430,9
18431,245,7
18432,464,4
18433,70,14
18434,NULL,1
18435,391,4
18436,NULL,13
18437,391,4
18438,250,10
18439,391,4
18440,534,9
18441,270,10
18442,430,9
18443,NULL,8
18444,430,10
18445,NULL,4
18446,430,8
18447,391,4
18448,492,1
18449,NULL,13
18450,187,11
18451,430,10
18452,513,1
18453,342,10
18454,250,10
18455,70,14
18456,499,10
18457,89,1
18458,270,10
18459,121,11
18460,250,10
18461,534,8
18462,232,9
18463,499,10
18464,NULL,1
18465,430,1
18466,430,9
18467,NULL,10
18468,391,4
18469,NULL,1
18470,NULL,1
18471,430,8
18472,430,9
18473,NULL,1
18474,430,9
18475,NULL,13
18476,391,10
18477,NULL,1
18478,NULL,13
18479,270,10
18480,550,21
18481,NULL,1
18482,NULL,1
18483,513,10
18484,391,10
18485,534,8
18486,156,21
18487,121,11
18488,499,10
18489,NULL,8
18490,430,9
18491,534,9
18492,391,10
18493,430,8
18494,156,21
18495,270,10
18496,NULL,1
18497,121,1
18498,NULL,1
18499,430,10
18500,430,9
18501,197,1
18502,391,21
18503,430,8
18504,NULL,3
18505,NULL,17
18506,550,1
18507,NULL,1
18508,NULL,17
18509,499,10
18510,70,13
18511,NULL,14
18512,NULL,10
18513,NULL,17
18514,499,10
18515,NULL,1
18516,NULL,1
18517,391,4
18518,3,1
18519,431,10
18520,NULL,10
18521,NULL,17
18522,499,10
18523,NULL,1
18524,187,1
18525,NULL,1
18526,430,10
18527,NULL,1
18528,541,10
18529,NULL,1
18530,NULL,13
18531,430,8
18532,NULL,1
18533,550,21
18534,NULL,1
18535,NULL,14
18536,385,10
18537,121,11
18538,551,1
18539,NULL,1
18540,541,10
18541,NULL,10
18542,430,9
18543,534,9
18544,121,11
18545,391,10
18546,341,10
18547,391,4
18548,430,9
18549,NULL,1
18550,270,10
18551,391,1
18552,NULL,10
18553,391,10
18554,341,10
18555,430,10
18556,430,9
18557,NULL,11
18558,250,10
18559,534,9
18560,NULL,10
18561,391,10
18562,430,10
18563,430,10
18564,430,9
18565,431,4
18566,534,9
18567,267,11
18568,464,21
18569,250,10
18570,NULL,1
18571,534,8
18572,550,21
18573,399,1
18574,NULL,1
18575,534,9
18576,430,8
18577,121,1
18578,NULL,1
18579,250,10
18580,534,8
18581,399,1
18582,NULL,1
18583,534,9
18584,511,1
18585,NULL,1
18586,NULL,8
18587,499,10
18588,NULL,1
18589,197,1
18590,499,10
18591,156,21
18592,NULL,1
18593,534,9
18594,250,10
18595,327,10
18596,565,9
18597,197,1
18598,NULL,1
18599,NULL,1
18600,430,9
18601,121,1
18602,430,9
18603,430,8
18604,430,10
18605,NULL,13
18606,NULL,1
18607,NULL,1
18608,250,1
18609,534,9
18610,499,1
18611,NULL,4
18612,NULL,1
18613,NULL,13
18614,70,14
18615,391,21
18616,430,9
18617,499,10
18618,NULL,1
18619,70,14
18620,NULL,13
18621,430,8
18622,307,10
18623,NULL,1
18624,430,10
18625,NULL,1
18626,NULL,1
18627,155,1
18628,430,9
18629,NULL,1
18630,NULL,4
18631,NULL,1
18632,415,1
18633,430,9
18634,156,21
18635,391,4
18636,391,4
18637,NULL,1
18638,NULL,4
18639,NULL,14
18640,430,9
18641,NULL,1
18642,534,1
18643,391,4
18644,391,4
18645,NULL,1
18646,121,11
18647,430,9
18648,NULL,1
18649,NULL,1
18650,341,10
18651,270,10
18652,250,10
18653,464,1
18654,NULL,17
18655,NULL,13
18656,430,9
18657,430,9
18658,499,10
18659,270,10
18660,430,1
18661,270,10
18662,430,9
18663,NULL,13
18664,NULL,1
18665,NULL,17
18666,NULL,1
18667,430,10
18668,NULL,8
18669,NULL,21
18670,499,1
18671,430,10
18672,NULL,1
18673,NULL,1
18674,373,10
18675,534,9
18676,430,10
18677,550,21
18678,499,1
18679,70,14
18680,NULL,1
18681,456,14
18682,464,21
18683,270,10
18684,341,10
18685,492,1
18686,NULL,17
18687,535,1
18688,430,8
18689,456,14
18690,NULL,3
18691,NULL,14
18692,391,10
18693,499,10
18694,NULL,17
18695,NULL,1
18696,270,10
18697,550,1
18698,430,9
18699,270,10
18700,391,10
18701,NULL,1
18702,267,11
18703,431,10
18704,187,11
18705,430,9
18706,430,1
18707,70,15
18708,NULL,1
18709,121,11
18710,391,1
18711,431,10
18712,NULL,1
18713,NULL,1
18714,499,1
18715,70,15
18716,NULL,1
18717,391,4
18718,391,4
18719,499,10
18720,NULL,1
18721,499,10
18722,499,10
18723,391,4
18724,120,9
18725,NULL,1
18726,534,9
18727,430,9
18728,250,10
18729,70,15
18730,391,4
18731,430,10
18732,267,11
18733,NULL,1
18734,70,14
18735,NULL,17
18736,250,10
18737,NULL,1
18738,NULL,1
18739,430,9
18740,232,9
18741,391,4
18742,70,14
18743,250,1
18744,250,10
18745,430,9
18746,NULL,8
18747,499,10
18748,430,10
18749,270,10
18750,NULL,1
18751,391,10
18752,120,9
18753,70,15
18754,550,1
18755,565,1
18756,391,4
18757,NULL,10
18758,391,4
18759,391,10
18760,542,1
18761,70,15
18762,391,4
18763,534,9
18764,456,13
18765,NULL,10
18766,499,10
18767,430,9
18768,NULL,1
18769,499,10
18770,550,1
18771,534,9
18772,551,1
18773,430,9
18774,430,10
18775,250,10
18776,430,10
18777,391,10
18778,NULL,1
18779,341,10
18780,430,10
18781,430,9
18782,NULL,1
18783,391,10
18784,430,9
18785,125,1
18786,391,1
18787,499,10
18788,430,9
18789,70,13
18790,NULL,1
18791,250,10
18792,430,10
18793,430,9
18794,430,9
18795,270,10
18796,NULL,3
18797,456,14
18798,NULL,1
18799,430,9
18800,430,9
18801,430,9
18802,250,10
18803,430,1
18804,550,21
18805,NULL,1
18806,270,10
18807,499,10
18808,391,4
18809,430,10
18810,513,1
18811,70,14
18812,391,10
18813,534,9
18814,NULL,14
18815,492,1
18816,430,9
18817,250,10
18818,309,4
18819,232,9
18820,NULL,10
18821,430,10
18822,430,10
18823,155,1
18824,NULL,1
18825,NULL,13
18826,534,9
18827,499,10
18828,NULL,10
18829,250,10
18830,391,4
18831,431,10
18832,121,2
18833,121,11
18834,499,10
18835,534,9
18836,NULL,10
18837,327,10
18838,70,14
18839,70,14
18840,120,9
18841,430,8
18842,430,10
18843,270,10
18844,430,8
18845,391,10
18846,NULL,1
18847,430,8
18848,270,10
18849,430,9
18850,121,11
18851,499,10
18852,541,10
18853,267,11
18854,270,10
18855,70,15
18856,534,9
18857,430,10
18858,534,9
18859,NULL,1
18860,NULL,10
18861,70,15
18862,NULL,14
18863,187,1
18864,534,9
18865,391,10
18866,534,9
18867,250,10
18868,NULL,10
18869,70,14
18870,70,15
18871,513,10
18872,NULL,1
18873,NULL,1
18874,270,10
18875,270,10
18876,NULL,10
18877,70,14
18878,534,9
18879,550,8
18880,NULL,17
18881,391,10
18882,NULL,1
18883,NULL,1
18884,NULL,1
18885,70,14
18886,534,9
18887,NULL,1
18888,430,9
18889,391,10
18890,NULL,1
18891,270,10
18892,250,10
18893,430,9
18894,430,8
18895,456,13
18896,NULL,1
18897,391,10
18898,250,10
18899,270,10
18900,250,10
18901,430,10
18902,NULL,14
18903,120,9
18904,NULL,1
18905,391,10
18906,341,10
18907,270,10
18908,NULL,3
18909,430,10
18910,250,10
18911,449,9
18912,259,9
18913,391,10
18914,456,14
18915,499,1
18916,NULL,1
18917,121,1
18918,NULL,10
18919,456,13
18920,456,5
18921,391,10
18922,430,9
18923,499,1
18924,430,9
18925,550,21
18926,270,10
18927,120,9
18928,NULL,1
18929,NULL,4
18930,464,21
18931,NULL,17
18932,430,10
18933,534,8
18934,430,9
18935,120,9
18936,NULL,1
18937,206,2
18938,542,1
18939,430,10
18940,449,9
18941,456,5
18942,431,10
18943,391,4
18944,NULL,1
18945,NULL,1
18946,430,9
18947,250,10
18948,NULL,1
18949,270,1
18950,430,9
18951,NULL,1
18952,250,10
18953,430,9
18954,250,10
18955,430,8
18956,NULL,1
18957,70,14
18958,NULL,10
18959,430,8
18960,NULL,1
18961,NULL,17
18962,430,9
18963,530,1
18964,NULL,13
18965,70,15
18966,431,10
18967,NULL,3
18968,NULL,10
18969,391,21
18970,391,1
18971,70,14
18972,NULL,1
18973,551,1
18974,430,9
18975,121,11
18976,535,1
18977,391,21
18978,464,21
18979,NULL,13
18980,430,9
18981,456,5
18982,499,10
18983,550,21
18984,NULL,10
18985,70,13
18986,430,9
18987,391,4
18988,430,9
18989,NULL,8
18990,399,4
18991,430,9
18992,535,1
18993,391,21
18994,391,4
18995,250,10
18996,499,10
18997,125,1
18998,NULL,14
18999,NULL,10
19000,NULL,1
19001,430,9
19002,430,9
19003,121,11
19004,NULL,1
19005,125,1
19006,430,10
19007,NULL,10
19008,430,9
19009,NULL,1
19010,534,8
19011,431,10
19012,121,1
19013,125,1
19014,514,1
19015,120,9
19016,250,10
19017,NULL,1
19018,NULL,1
19019,430,10
19020,250,1
19021,70,22
19022,270,10
19023,187,11
19024,550,21
19025,391,21
19026,250,1
19027,70,13
19028,250,1
19029,250,10
19030,121,11
19031,NULL,3
19032,NULL,1
19033,430,10
19034,430,9
19035,430,9
19036,250,10
19037,NULL,1
19038,430,9
19039,NULL,3
19040,430,10
19041,530,9
19042,NULL,1
19043,551,1
19044,391,4
19045,NULL,1
19046,430,9
19047,534,9
19048,430,10
19049,535,1
19050,391,4
19051,NULL,1
19052,550,21
19053,430,9
19054,NULL,1
19055,270,1
19056,70,15
19057,492,1
19058,430,9
19059,430,1
19060,NULL,1
19061,NULL,13
19062,530,9
19063,NULL,1
19064,391,4
19065,NULL,1
19066,511,9
19067,430,10
19068,NULL,13
19069,NULL,1
19070,NULL,1
19071,499,10
19072,534,9
19073,NULL,10
19074,430,9
19075,NULL,1
19076,NULL,1
19077,391,4
19078,430,10
19079,430,1
19080,250,10
19081,250,10
19082,NULL,1
19083,430,8
19084,327,10
19085,549,1
19086,430,9
19087,430,1
19088,499,10
19089,245,21
19090,430,9
19091,121,1
19092,NULL,1
19093,245,21
19094,550,1
19095,499,10
19096,NULL,1
19097,430,8
19098,430,9
19099,499,10
19100,430,9
19101,430,9
19102,430,9
19103,430,10
19104,430,9
19105,430,10
19106,307,10
19107,430,10
19108,NULL,13
19109,431,4
19110,430,10
19111,464,1
19112,430,9
19113,430,9
19114,430,8
19115,430,9
19116,NULL,1
19117,430,9
19118,125,1
19119,391,1
19120,250,10
19121,534,9
19122,250,10
19123,456,5
19124,499,10
19125,NULL,1
19126,70,22
19127,391,4
19128,430,9
19129,430,9
19130,NULL,8
19131,391,21
19132,542,1
19133,250,10
19134,550,1
19135,391,4
19136,NULL,1
19137,430,9
19138,NULL,1
19139,70,13
19140,499,10
19141,534,9
19142,456,5
19143,NULL,1
19144,391,21
19145,430,9
19146,NULL,1
19147,391,10
19148,NULL,1
19149,NULL,1
19150,270,10
19151,NULL,1
19152,NULL,8
19153,121,11
19154,NULL,1
19155,391,10
19156,NULL,1
19157,430,8
19158,NULL,8
19159,250,10
19160,NULL,8
19161,534,9
19162,NULL,1
19163,391,10
19164,391,4
19165,NULL,1
19166,341,10
19167,NULL,8
19168,391,21
19169,534,9
19170,430,10
19171,391,10
19172,534,8
19173,342,10
19174,511,9
19175,NULL,1
19176,391,21
19177,NULL,14
19178,250,10
19179,156,21
19180,430,10
19181,391,4
19182,534,1
19183,430,8
19184,NULL,10
19185,NULL,14
19186,550,1
19187,391,21
19188,430,10
19189,430,9
19190,NULL,8
19191,NULL,1
19192,534,9
19193,121,11
19194,391,4
19195,NULL,1
19196,250,1
19197,NULL,1
19198,341,10
19199,NULL,8
19200,70,14
19201,430,9
19202,430,9
19203,391,10
19204,NULL,1
19205,430,10
19206,430,9
19207,534,8
19208,70,14
19209,430,9
19210,121,11
19211,391,10
19212,430,9
19213,391,21
19214,250,10
19215,430,9
19216,70,14
19217,499,10
19218,430,9
19219,267,11
19220,385,10
19221,3,25
19222,156,21
19223,250,10
19224,NULL,10
19225,70,13
19226,499,10
19227,391,10
19228,430,9
19229,430,10
19230,NULL,1
19231,NULL,1
19232,232,9
19233,248,1
19234,250,10
19235,391,10
19236,NULL,1
19237,430,10
19238,NULL,3
19239,430,9
19240,534,9
19241,121,11
19242,385,10
19243,NULL,17
19244,430,9
19245,431,4
19246,430,10
19247,NULL,1
19248,250,10
19249,431,10
19250,3,25
19251,121,1
19252,430,10
19253,499,10
19254,121,1
19255,270,1
19256,NULL,10
19257,NULL,4
19258,245,21
19259,NULL,1
19260,391,4
19261,NULL,1
19262,430,9
19263,513,10
19264,232,9
19265,232,9
19266,499,10
19267,121,1
19268,415,1
19269,399,1
19270,70,14
19271,430,9
19272,NULL,8
19273,232,9
19274,499,10
19275,NULL,1
19276,NULL,1
19277,342,10
19278,430,1
19279,270,10
19280,549,1
19281,499,10
19282,499,10
19283,391,10
19284,464,21
19285,125,1
19286,391,21
19287,70,15
19288,534,9
19289,270,10
19290,245,21
19291,391,10
19292,464,21
19293,270,10
19294,391,21
19295,385,10
19296,342,10
19297,NULL,1
19298,550,1
19299,NULL,1
19300,534,8
19301,250,1
19302,391,21
19303,NULL,14
19304,534,9
19305,NULL,8
19306,430,10
19307,391,10
19308,270,10
19309,430,10
19310,391,21
19311,391,10
19312,534,9
19313,430,9
19314,499,10
19315,125,1
19316,NULL,1
19317,530,1
19318,391,4
19319,391,10
19320,NULL,1
19321,391,10
19322,530,9
19323,125,1
19324,NULL,1
19325,499,10
19326,121,2
19327,NULL,1
19328,70,14
19329,391,10
19330,NULL,13
19331,534,1
19332,120,9
19333,70,14
19334,NULL,1
19335,NULL,1
19336,232,9
19337,NULL,1
19338,NULL,1
19339,327,10
19340,120,9
19341,245,21
19342,391,10
19343,391,10
19344,385,10
19345,430,8
19346,NULL,1
19347,NULL,1
19348,NULL,1
19349,391,21
19350,391,10
19351,391,10
19352,NULL,1
19353,NULL,1
19354,NULL,1
19355,391,4
19356,430,10
19357,391,21
19358,391,10
19359,391,4
19360,NULL,11
19361,NULL,1
19362,NULL,13
19363,NULL,1
19364,NULL,1
19365,430,1
19366,391,10
19367,430,8
19368,430,9
19369,391,10
19370,430,10
19371,NULL,4
19372,391,4
19373,NULL,21
19374,391,10
19375,270,10
19376,NULL,1
19377,120,9
19378,NULL,1
19379,391,4
19380,250,10
19381,430,9
19382,391,10
19383,534,9
19384,430,9
19385,NULL,1
19386,391,4
19387,270,10
19388,430,9
19389,430,1
19390,391,10
19391,NULL,10
19392,NULL,1
19393,542,1
19394,250,10
19395,70,15
19396,NULL,1
19397,NULL,1
19398,391,10
19399,250,1
19400,NULL,1
19401,121,11
19402,NULL,1
19403,70,15
19404,430,9
19405,391,10
19406,391,10
19407,534,9
19408,391,21
19409,391,4
19410,499,10
19411,NULL,1
19412,155,1
19413,267,2
19414,259,9
19415,NULL,1
19416,565,1
19417,391,4
19418,250,10
19419,NULL,8
19420,430,9
19421,NULL,1
19422,259,9
19423,NULL,1
19424,NULL,1
19425,NULL,14
19426,NULL,1
19427,NULL,8
19428,550,1
19429,125,1
19430,NULL,1
19431,391,4
19432,NULL,1
19433,NULL,14
19434,NULL,16
19435,430,9
19436,391,1
19437,430,1
19438,NULL,1
19439,70,14
19440,550,1
19441,NULL,1
19442,430,9
19443,513,10
19444,121,1
19445,250,10
19446,250,10
19447,NULL,1
19448,NULL,1
19449,499,10
19450,NULL,1
19451,NULL,1
19452,391,10
19453,NULL,1
19454,NULL,1
19455,391,21
19456,70,14
19457,430,9
19458,NULL,1
19459,NULL,1
19460,499,10
19461,250,10
19462,430,9
19463,NULL,1
19464,NULL,1
19465,430,10
19466,430,10
19467,456,5
19468,NULL,1
19469,NULL,1
19470,470,1
19471,NULL,13
19472,NULL,1
19473,70,15
19474,430,9
19475,341,10
19476,NULL,1
19477,565,1
19478,70,15
19479,NULL,1
19480,NULL,13
19481,430,9
19482,121,1
19483,341,10
19484,499,1
19485,430,9
19486,NULL,1
19487,NULL,10
19488,430,10
19489,391,4
19490,121,1
19491,245,7
19492,499,10
19493,125,1
19494,70,15
19495,NULL,10
19496,NULL,4
19497,270,10
19498,327,10
19499,456,14
19500,499,10
19501,155,1
19502,391,4
19503,NULL,10
19504,NULL,13
19505,430,9
19506,327,10
19507,456,14
19508,499,10
19509,70,15
19510,391,4
19511,NULL,13
19512,250,10
19513,125,1
19514,NULL,13
19515,NULL,13
19516,430,9
19517,430,8
19518,70,15
19519,NULL,10
19520,NULL,1
19521,250,1
19522,550,1
19523,NULL,13
19524,NULL,8
19525,430,10
19526,NULL,1
19527,430,9
19528,NULL,1
19529,NULL,1
19530,NULL,1
19531,430,10
19532,499,10
19533,NULL,1
19534,70,15
19535,70,14
19536,391,4
19537,270,10
19538,542,1
19539,341,10
19540,327,10
19541,430,10
19542,270,10
19543,530,1
19544,NULL,1
19545,270,10
19546,391,4
19547,NULL,8
19548,NULL,1
19549,391,4
19550,250,10
19551,70,14
19552,NULL,1
19553,121,1
19554,492,1
19555,121,1
19556,430,8
19557,NULL,1
19558,NULL,1
19559,342,10
19560,NULL,1
19561,121,1
19562,NULL,1
19563,341,10
19564,534,9
19565,530,28
19566,430,10
19567,431,4
19568,232,9
19569,385,10
19570,NULL,1
19571,NULL,14
19572,534,9
19573,NULL,1
19574,430,9
19575,431,4
19576,550,21
19577,121,11
19578,430,9
19579,121,1
19580,535,1
19581,156,21
19582,121,11
19583,430,10
19584,NULL,1
19585,NULL,1
19586,NULL,1
19587,456,14
19588,NULL,4
19589,341,10
19590,430,10
19591,464,4
19592,270,10
19593,NULL,1
19594,NULL,1
19595,456,5
19596,341,10
19597,499,1
19598,NULL,1
19599,197,1
19600,391,4
19601,NULL,1
19602,NULL,1
19603,121,16
19604,430,9
19605,430,10
19606,NULL,1
19607,197,1
19608,391,4
19609,NULL,1
19610,245,21
19611,499,10
19612,NULL,1
19613,NULL,1
19614,NULL,13
19615,197,1
19616,NULL,1
19617,NULL,1
19618,391,21
19619,270,10
19620,399,1
19621,NULL,1
19622,NULL,1
19623,NULL,10
19624,NULL,1
19625,430,10
19626,187,1
19627,430,10
19628,499,10
19629,NULL,1
19630,NULL,13
19631,430,9
19632,NULL,1
19633,430,10
19634,250,10
19635,534,1
19636,327,10
19637,250,10
19638,456,14
19639,259,9
19640,NULL,1
19641,250,10
19642,391,21
19643,430,9
19644,430,8
19645,492,1
19646,NULL,1
19647,430,9
19648,270,10
19649,391,4
19650,464,21
19651,NULL,1
19652,NULL,1
19653,327,10
19654,NULL,1
19655,270,10
19656,430,9
19657,550,1
19658,NULL,1
19659,171,1
19660,430,9
19661,327,10
19662,430,9
19663,270,1
19664,430,10
19665,NULL,13
19666,430,10
19667,NULL,16
19668,250,10
19669,245,21
19670,430,9
19671,430,10
19672,NULL,10
19673,NULL,13
19674,NULL,1
19675,430,1
19676,250,10
19677,499,10
19678,NULL,11
19679,NULL,1
19680,121,1
19681,NULL,1
19682,550,8
19683,430,10
19684,430,10
19685,550,21
19686,430,9
19687,NULL,11
19688,250,10
19689,NULL,1
19690,430,10
19691,NULL,16
19692,550,21
19693,250,10
19694,270,10
19695,NULL,11
19696,270,10
19697,270,10
19698,NULL,1
19699,NULL,10
19700,121,2
19701,430,1
19702,430,8
19703,NULL,1
19704,NULL,1
19705,NULL,4
19706,499,10
19707,430,9
19708,430,9
19709,NULL,3
19710,267,11
19711,70,14
19712,NULL,1
19713,430,10
19714,NULL,1
19715,456,14
19716,NULL,1
19717,250,10
19718,430,9
19719,245,21
19720,534,8
19721,391,10
19722,550,21
19723,464,1
19724,430,9
19725,499,10
19726,342,10
19727,391,10
19728,NULL,1
19729,430,10
19730,430,9
19731,391,4
19732,530,9
19733,430,9
19734,342,10
19735,391,10
19736,NULL,1
19737,NULL,10
19738,250,1
19739,391,4
19740,125,1
19741,542,1
19742,NULL,1
19743,391,4
19744,550,21
19745,NULL,1
19746,NULL,1
19747,70,13
19748,70,22
19749,NULL,1
19750,250,10
19751,391,10
19752,430,9
19753,250,10
19754,NULL,1
19755,430,1
19756,NULL,1
19757,NULL,1
19758,430,10
19759,250,1
19760,270,10
19761,549,1
19762,534,8
19763,430,9
19764,125,1
19765,NULL,1
19766,549,1
19767,270,10
19768,NULL,1
19769,232,9
19770,NULL,1
19771,NULL,13
19772,125,1
19773,NULL,1
19774,NULL,13
19775,391,4
19776,NULL,1
19777,NULL,1
19778,NULL,1
19779,270,1
19780,391,21
19781,NULL,1
19782,NULL,1
19783,534,8
19784,NULL,1
19785,270,10
19786,NULL,17
19787,250,10
19788,551,1
19789,391,4
19790,NULL,1
19791,NULL,17
19792,NULL,1
19793,492,1
19794,NULL,1
19795,250,10
19796,NULL,1
19797,NULL,13
19798,430,10
19799,NULL,1
19800,250,10
19801,NULL,1
19802,250,10
19803,430,10
19804,430,9
19805,250,10
19806,391,21
19807,NULL,1
19808,NULL,1
19809,391,1
19810,391,10
19811,270,10
19812,250,10
19813,NULL,1
19814,NULL,8
19815,534,8
19816,NULL,1
19817,121,2
19818,NULL,1
19819,NULL,1
19820,NULL,1
19821,NULL,13
19822,NULL,8
19823,430,10
19824,430,8
19825,232,9
19826,NULL,1
19827,NULL,13
19828,NULL,21
19829,391,4
19830,430,9
19831,430,10
19832,430,9
19833,NULL,1
19834,511,9
19835,430,9
19836,245,7
19837,430,9
19838,NULL,1
19839,NULL,1
19840,270,10
19841,70,13
19842,NULL,8
19843,NULL,17
19844,NULL,1
19845,430,8
19846,NULL,1
19847,NULL,8
19848,NULL,10
19849,565,4
19850,430,9
19851,NULL,17
19852,430,8
19853,NULL,1
19854,499,10
19855,NULL,8
19856,430,10
19857,NULL,4
19858,NULL,10
19859,NULL,17
19860,430,10
19861,NULL,1
19862,499,10
19863,391,21
19864,430,1
19865,391,4
19866,NULL,10
19867,NULL,1
19868,430,10
19869,250,1
19870,NULL,1
19871,NULL,8
19872,NULL,1
19873,NULL,10
19874,250,10
19875,342,10
19876,NULL,14
19877,NULL,1
19878,NULL,1
19879,NULL,1
19880,70,15
19881,NULL,1
19882,431,4
19883,250,10
19884,70,14
19885,430,9
19886,430,9
19887,NULL,1
19888,534,1
19889,430,9
19890,430,9
19891,342,10
19892,70,14
19893,430,9
19894,NULL,21
19895,NULL,4
19896,430,10
19897,270,10
19898,NULL,1
19899,250,10
19900,534,9
19901,391,4
19902,270,10
19903,430,9
19904,121,1
19905,270,10
19906,NULL,1
19907,430,9
19908,250,10
19909,NULL,1
19910,270,10
19911,534,8
19912,456,14
19913,430,8
19914,NULL,1
19915,250,10
19916,391,4
19917,430,10
19918,430,10
19919,430,9
19920,565,4
19921,NULL,1
19922,430,9
19923,551,1
19924,NULL,14
19925,NULL,1
19926,511,9
19927,NULL,10
19928,391,4
19929,NULL,10
19930,534,9
19931,534,8
19932,NULL,13
19933,430,9
19934,430,9
19935,NULL,1
19936,327,10
19937,NULL,1
19938,391,4
19939,NULL,10
19940,NULL,13
19941,250,10
19942,NULL,10
19943,NULL,1
19944,464,1
19945,NULL,1
19946,431,4
19947,430,9
19948,NULL,1
19949,NULL,1
19950,NULL,11
19951,307,10
19952,464,4
19953,499,10
19954,NULL,1
19955,NULL,17
19956,70,13
19957,391,4
19958,430,9
19959,NULL,1
19960,NULL,16
19961,NULL,1
19962,NULL,1
19963,NULL,17
19964,430,8
19965,121,1
19966,430,10
19967,391,4
19968,430,9
19969,327,10
19970,NULL,1
19971,430,9
19972,70,13
19973,430,10
19974,NULL,1
19975,391,4
19976,391,4
19977,70,15
19978,NULL,4
19979,259,9
19980,250,10
19981,120,9
19982,NULL,8
19983,NULL,1
19984,NULL,1
19985,NULL,1
19986,250,10
19987,250,10
19988,250,10
19989,542,1
19990,NULL,10
19991,NULL,1
19992,250,10
19993,70,15
19994,550,3
19995,250,10
19996,430,10
19997,542,1
19998,534,9
19999,NULL,1
20000,NULL,1
20001,70,15
20002,430,10
20003,250,10
20004,399,1
20005,NULL,1
20006,232,9
20007,430,9
20008,456,14
20009,550,3
20010,NULL,1
20011,NULL,1
20012,NULL,4
20013,534,8
20014,270,10
20015,430,9
20016,250,10
20017,NULL,10
20018,NULL,1
20019,NULL,1
20020,499,10
20021,534,8
20022,430,9
20023,232,9
20024,456,14
20025,430,9
20026,430,9
20027,NULL,1
20028,248,1
20029,511,1
20030,NULL,4
20031,549,1
20032,327,10
20033,NULL,10
20034,NULL,1
20035,250,10
20036,535,1
20037,NULL,1
20038,464,4
20039,499,10
20040,430,8
20041,NULL,13
20042,391,21
20043,430,9
20044,NULL,1
20045,430,8
20046,NULL,1
20047,270,10
20048,391,4
20049,NULL,10
20050,NULL,10
20051,270,10
20052,430,9
20053,550,1
20054,NULL,1
20055,NULL,1
20056,250,10
20057,430,9
20058,430,9
20059,430,9
20060,430,10
20061,391,4
20062,430,10
20063,NULL,1
20064,430,10
20065,430,9
20066,NULL,1
20067,430,9
20068,499,10
20069,534,8
20070,250,10
20071,549,1
20072,NULL,1
20073,NULL,1
20074,NULL,1
20075,342,10
20076,70,15
20077,430,8
20078,NULL,1
20079,232,9
20080,430,9
20081,549,1
20082,430,1
20083,430,9
20084,70,15
20085,NULL,8
20086,NULL,1
20087,250,10
20088,NULL,1
20089,549,1
20090,197,1
20091,385,10
20092,70,13
20093,464,1
20094,NULL,1
20095,NULL,1
20096,534,9
20097,534,9
20098,197,1
20099,391,4
20100,70,13
20101,430,9
20102,430,10
20103,250,10
20104,449,9
20105,NULL,1
20106,541,10
20107,270,10
20108,430,9
20109,430,9
20110,70,13
20111,250,10
20112,534,8
20113,NULL,1
20114,197,1
20115,NULL,10
20116,430,8
20117,391,4
20118,NULL,1
20119,430,10
20120,391,10
20121,391,21
20122,NULL,1
20123,535,1
20124,534,9
20125,NULL,1
20126,430,10
20127,430,10
20128,NULL,1
20129,270,10
20130,499,10
20131,391,4
20132,NULL,10
20133,NULL,1
20134,250,10
20135,391,10
20136,430,10
20137,391,4
20138,197,1
20139,250,10
20140,250,10
20141,250,10
20142,NULL,1
20143,NULL,1
20144,NULL,1
20145,551,1
20146,391,21
20147,NULL,1
20148,430,9
20149,NULL,1
20150,430,8
20151,NULL,1
20152,NULL,1
20153,NULL,1
20154,391,21
20155,NULL,1
20156,NULL,10
20157,250,1
20158,70,13
20159,430,10
20160,267,11
20161,430,10
20162,430,9
20163,NULL,1
20164,391,10
20165,534,8
20166,NULL,1
20167,430,10
20168,NULL,1
20169,232,9
20170,NULL,11
20171,NULL,1
20172,270,10
20173,534,8
20174,499,10
20175,NULL,14
20176,513,10
20177,232,9
20178,NULL,1
20179,NULL,1
20180,NULL,14
20181,NULL,10
20182,250,10
20183,270,10
20184,NULL,1
20185,NULL,1
20186,430,8
20187,NULL,1
20188,385,10
20189,430,10
20190,NULL,1
20191,70,15
20192,NULL,1
20193,NULL,8
20194,430,9
20195,534,9
20196,430,10
20197,530,9
20198,NULL,10
20199,430,9
20200,250,10
20201,NULL,8
20202,NULL,1
20203,430,9
20204,391,10
20205,391,21
20206,250,10
20207,NULL,1
20208,NULL,10
20209,250,10
20210,430,9
20211,534,9
20212,NULL,1
20213,391,21
20214,430,8
20215,NULL,1
20216,NULL,1
20217,70,14
20218,NULL,1
20219,270,10
20220,391,21
20221,530,9
20222,430,10
20223,NULL,1
20224,430,9
20225,70,14
20226,456,5
20227,391,4
20228,430,9
20229,245,21
20230,NULL,1
20231,NULL,1
20232,270,10
20233,NULL,1
20234,391,4
20235,391,4
20236,270,10
20237,NULL,1
20238,NULL,1
20239,250,10
20240,549,1
20241,NULL,1
20242,391,4
20243,232,9
20244,70,13
20245,391,4
20246,391,10
20247,121,1
20248,250,10
20249,250,10
20250,250,10
20251,270,10
20252,232,9
20253,270,10
20254,456,14
20255,NULL,10
20256,270,10
20257,551,1
20258,430,10
20259,430,10
20260,534,8
20261,70,14
20262,456,14
20263,NULL,10
20264,549,1
20265,NULL,1
20266,NULL,1
20267,430,9
20268,250,10
20269,NULL,1
20270,499,10
20271,430,9
20272,430,9
20273,499,10
20274,259,9
20275,430,9
20276,391,1
20277,NULL,1
20278,550,3
20279,430,9
20280,NULL,8
20281,NULL,8
20282,NULL,8
20283,NULL,1
20284,391,4
20285,NULL,14
20286,534,1
20287,125,1
20288,NULL,1
20289,NULL,8
20290,NULL,10
20291,430,9
20292,391,4
20293,391,10
20294,492,1
20295,125,1
20296,121,2
20297,464,4
20298,535,1
20299,430,8
20300,464,21
20301,430,9
20302,391,10
20303,125,1
20304,NULL,1
20305,232,9
20306,535,1
20307,294,10
20308,430,9
20309,534,9
20310,NULL,1
20311,125,1
20312,NULL,21
20313,70,14
20314,NULL,10
20315,NULL,1
20316,NULL,3
20317,70,14
20318,267,11
20319,250,10
20320,NULL,13
20321,70,14
20322,NULL,1
20323,NULL,21
20324,430,9
20325,534,9
20326,NULL,8
20327,NULL,1
20328,NULL,13
20329,430,9
20330,391,21
20331,NULL,1
20332,391,4
20333,430,9
20334,565,9
20335,156,1
20336,259,9
20337,391,4
20338,NULL,10
20339,NULL,21
20340,430,10
20341,70,15
20342,534,8
20343,513,10
20344,NULL,1
20345,391,4
20346,391,21
20347,430,10
20348,125,1
20349,430,9
20350,534,8
20351,430,9
20352,NULL,8
20353,431,4
20354,NULL,1
20355,267,11
20356,534,1
20357,342,10
20358,NULL,1
20359,391,21
20360,NULL,13
20361,534,9
20362,232,9
20363,499,10
20364,391,10
20365,535,1
20366,341,10
20367,NULL,1
20368,250,10
20369,NULL,1
20370,NULL,1
20371,549,1
20372,NULL,17
20373,NULL,1
20374,385,10
20375,534,9
20376,542,25
20377,NULL,10
20378,NULL,1
20379,430,10
20380,270,10
20381,430,9
20382,NULL,1
20383,456,5
20384,NULL,13
20385,430,10
20386,294,10
20387,NULL,1
20388,NULL,1
20389,NULL,1
20390,511,9
20391,456,5
20392,NULL,1
20393,NULL,1
20394,430,8
20395,NULL,11
20396,430,8
20397,121,1
20398,NULL,1
20399,534,8
20400,415,1
20401,430,9
20402,513,10
20403,70,14
20404,385,10
20405,565,1
20406,391,4
20407,NULL,1
20408,391,4
20409,NULL,21
20410,430,10
20411,70,14
20412,391,21
20413,307,10
20414,550,10
20415,430,1
20416,70,14
20417,342,10
20418,NULL,13
20419,NULL,8
20420,391,21
20421,513,10
20422,121,1
20423,513,10
20424,341,10
20425,430,9
20426,NULL,1
20427,267,11
20428,391,21
20429,430,9
20430,534,9
20431,430,9
20432,430,10
20433,430,10
20434,NULL,1
20435,NULL,3
20436,391,21
20437,NULL,1
20438,121,1
20439,551,1
20440,NULL,10
20441,NULL,16
20442,430,10
20443,NULL,3
20444,391,10
20445,NULL,1
20446,NULL,1
20447,430,1
20448,NULL,10
20449,391,10
20450,430,9
20451,399,4
20452,391,4
20453,464,21
20454,499,10
20455,430,9
20456,541,10
20457,NULL,1
20458,430,10
20459,430,9
20460,342,10
20461,464,21
20462,NULL,1
20463,270,10
20464,430,9
20465,NULL,1
20466,NULL,1
20467,270,10
20468,550,21
20469,270,10
20470,430,9
20471,430,9
20472,499,10
20473,430,10
20474,NULL,1
20475,NULL,1
20476,NULL,1
20477,245,7
20478,250,10
20479,NULL,1
20480,499,10
20481,121,16
20482,121,11
20483,342,10
20484,550,21
20485,70,14
20486,430,9
20487,NULL,1
20488,70,14
20489,250,10
20490,391,4
20491,342,10
20492,70,2
20493,391,4
20494,430,10
20495,NULL,21
20496,341,10
20497,456,14
20498,534,9
20499,270,10
20500,70,2
20501,NULL,17
20502,70,15
20503,250,10
20504,250,10
20505,NULL,1
20506,534,9
20507,431,4
20508,70,2
20509,NULL,17
20510,430,9
20511,NULL,1
20512,430,8
20513,NULL,10
20514,430,10
20515,391,4
20516,513,10
20517,430,9
20518,430,9
20519,530,28
20520,NULL,21
20521,NULL,10
20522,NULL,1
20523,430,9
20524,430,9
20525,430,9
20526,430,9
20527,530,28
20528,513,1
20529,250,1
20530,430,9
20531,430,9
20532,250,10
20533,NULL,25
20534,511,9
20535,NULL,1
20536,430,8
20537,NULL,16
20538,430,10
20539,456,14
20540,NULL,1
20541,391,10
20542,456,14
20543,NULL,1
20544,206,6
20545,391,10
20546,121,11
20547,NULL,1
20548,430,10
20549,391,10
20550,430,10
20551,391,4
20552,250,10
20553,430,9
20554,NULL,13
20555,549,1
20556,70,2
20557,534,1
20558,NULL,1
20559,NULL,1
20560,NULL,1
20561,391,4
20562,232,9
20563,430,9
20564,70,2
20565,125,1
20566,NULL,1
20567,NULL,1
20568,415,1
20569,NULL,1
20570,82,10
20571,70,14
20572,NULL,1
20573,391,10
20574,NULL,1
20575,342,10
20576,NULL,8
20577,499,10
20578,549,1
20579,430,10
20580,NULL,1
20581,391,10
20582,430,9
20583,NULL,1
20584,250,10
20585,NULL,1
20586,NULL,1
20587,549,1
20588,NULL,1
20589,391,10
20590,341,10
20591,541,1
20592,120,9
20593,156,1
20594,342,10
20595,430,9
20596,430,1
20597,430,9
20598,341,10
20599,430,9
20600,NULL,1
20601,NULL,21
20602,70,14
20603,70,14
20604,430,10
20605,341,10
20606,341,10
20607,456,14
20608,NULL,1
20609,NULL,1
20610,430,10
20611,549,1
20612,250,10
20613,430,9
20614,NULL,8
20615,430,9
20616,NULL,1
20617,121,2
20618,391,4
20619,NULL,1
20620,550,21
20621,NULL,8
20622,391,4
20623,430,9
20624,391,10
20625,430,9
20626,70,14
20627,70,14
20628,NULL,1
20629,430,9
20630,464,4
20631,430,10
20632,120,9
20633,391,21
20634,232,9
20635,NULL,10
20636,430,9
20637,70,14
20638,NULL,8
20639,341,10
20640,430,1
20641,259,9
20642,232,9
20643,464,4
20644,499,10
20645,430,1
20646,430,9
20647,NULL,1
20648,NULL,1
20649,259,9
20650,430,10
20651,259,9
20652,NULL,1
20653,70,14
20654,342,10
20655,NULL,1
20656,391,4
20657,NULL,1
20658,549,1
20659,250,1
20660,534,8
20661,NULL,1
20662,550,21
20663,430,10
20664,NULL,1
20665,430,9
20666,430,9
20667,250,10
20668,NULL,10
20669,513,10
20670,NULL,13
20671,250,10
20672,430,9
20673,464,4
20674,70,14
20675,464,4
20676,391,4
20677,250,10
20678,430,10
20679,70,14
20680,270,10
20681,391,10
20682,NULL,8
20683,464,4
20684,NULL,4
20685,513,10
20686,NULL,1
20687,499,10
20688,125,1
20689,342,10
20690,430,9
20691,NULL,1
20692,342,10
20693,NULL,1
20694,232,9
20695,NULL,8
20696,NULL,1
20697,342,10
20698,250,1
20699,430,10
20700,430,9
20701,430,10
20702,232,9
20703,341,10
20704,125,1
20705,499,10
20706,NULL,1
20707,535,1
20708,NULL,1
20709,534,8
20710,307,10
20711,NULL,8
20712,430,10
20713,307,10
20714,NULL,1
20715,550,3
20716,NULL,1
20717,534,8
20718,70,14
20719,NULL,8
20720,NULL,1
20721,NULL,21
20722,NULL,3
20723,430,9
20724,121,2
20725,121,1
20726,70,14
20727,NULL,21
20728,391,4
20729,430,9
20730,NULL,1
20731,430,8
20732,534,1
20733,70,15
20734,NULL,1
20735,250,10
20736,430,9
20737,NULL,21
20738,NULL,1
20739,NULL,1
20740,470,1
20741,NULL,1
20742,464,4
20743,250,10
20744,NULL,1
20745,391,21
20746,499,10
20747,342,10
20748,NULL,17
20749,250,10
20750,NULL,1
20751,499,1
20752,530,9
20753,267,11
20754,430,9
20755,535,1
20756,121,11
20757,270,10
20758,250,10
20759,NULL,1
20760,121,1
20761,391,21
20762,430,9
20763,270,10
20764,549,1
20765,550,21
20766,430,9
20767,430,8
20768,430,9
20769,391,21
20770,NULL,1
20771,NULL,1
20772,549,1
20773,550,1
20774,391,4
20775,430,9
20776,NULL,1
20777,430,10
20778,430,9
20779,549,1
20780,549,1
20781,250,10
20782,430,9
20783,499,10
20784,399,1
20785,NULL,1
20786,NULL,1
20787,270,10
20788,NULL,17
20789,430,9
20790,430,9
20791,499,10
20792,391,10
20793,NULL,8
20794,250,10
20795,NULL,1
20796,NULL,17
20797,259,9
20798,430,9
20799,551,1
20800,NULL,1
20801,NULL,1
20802,430,10
20803,NULL,1
20804,NULL,8
20805,430,9
20806,197,1
20807,565,1
20808,430,9
20809,NULL,10
20810,NULL,21
20811,430,9
20812,549,1
20813,121,1
20814,391,21
20815,430,9
20816,530,9
20817,NULL,1
20818,342,1
20819,NULL,1
20820,NULL,1
20821,NULL,17
20822,430,9
20823,121,1
20824,NULL,1
20825,121,11
20826,NULL,1
20827,391,21
20828,549,1
20829,NULL,1
20830,NULL,1
20831,121,2
20832,NULL,1
20833,NULL,1
20834,550,1
20835,250,10
20836,431,10
20837,550,21
20838,513,10
20839,430,9
20840,70,14
20841,NULL,10
20842,NULL,3
20843,391,21
20844,70,2
20845,NULL,17
20846,NULL,1
20847,430,9
20848,NULL,14
20849,NULL,1
20850,187,11
20851,197,1
20852,70,2
20853,499,10
20854,391,4
20855,430,1
20856,391,4
20857,70,14
20858,267,11
20859,NULL,1
20860,3,25
20861,245,7
20862,3,25
20863,NULL,1
20864,NULL,14
20865,NULL,1
20866,391,4
20867,NULL,1
20868,391,4
20869,430,8
20870,430,10
20871,430,10
20872,NULL,14
20873,534,8
20874,391,10
20875,NULL,1
20876,430,8
20877,187,1
20878,549,1
20879,121,2
20880,NULL,14
20881,NULL,1
20882,391,10
20883,430,9
20884,70,14
20885,NULL,1
20886,549,1
20887,565,1
20888,NULL,14
20889,NULL,1
20890,391,10
20891,534,9
20892,121,11
20893,NULL,1
20894,270,10
20895,430,9
20896,534,9
20897,250,10
20898,391,10
20899,430,9
20900,430,10
20901,NULL,1
20902,342,10
20903,121,11
20904,70,14
20905,534,8
20906,391,10
20907,NULL,1
20908,NULL,1
20909,535,1
20910,NULL,17
20911,250,10
20912,270,10
20913,121,2
20914,391,10
20915,430,9
20916,NULL,1
20917,342,10
20918,NULL,8
20919,430,9
20920,70,14
20921,550,21
20922,391,10
20923,NULL,1
20924,307,10
20925,342,10
20926,342,10
20927,565,1
20928,430,10
20929,391,4
20930,430,9
20931,NULL,1
20932,NULL,1
20933,70,1
20934,NULL,1
20935,550,1
20936,391,21
20937,430,9
20938,NULL,10
20939,430,1
20940,NULL,1
20941,535,1
20942,499,10
20943,391,4
20944,391,21
20945,NULL,1
20946,499,10
20947,430,10
20948,NULL,1
20949,250,10
20950,344,1
20951,430,9
20952,206,2
20953,259,9
20954,NULL,1
20955,307,10
20956,NULL,1
20957,391,4
20958,430,10
20959,NULL,10
20960,206,2
20961,NULL,1
20962,NULL,1
20963,492,1
20964,NULL,21
20965,NULL,1
20966,121,2
20967,385,10
20968,NULL,13
20969,197,1
20970,499,10
20971,492,1
20972,430,10
20973,NULL,1
20974,NULL,1
20975,391,4
20976,430,9
20977,430,9
20978,456,5
20979,70,14
20980,NULL,1
20981,430,9
20982,307,10
20983,391,4
20984,NULL,13
20985,NULL,1
20986,NULL,1
20987,430,8
20988,565,1
20989,430,9
20990,NULL,21
20991,430,9
20992,250,10
20993,430,8
20994,430,9
20995,NULL,1
20996,565,1
20997,250,10
20998,551,1
20999,NULL,1
21000,232,9
21001,430,10
21002,534,9
21003,430,9
21004,NULL,21
21005,NULL,1
21006,156,21
21007,NULL,1
21008,232,9
21009,NULL,8
21010,456,13
21011,121,11
21012,534,9
21013,NULL,1
21014,492,1
21015,534,8
21016,391,4
21017,NULL,10
21018,187,11
21019,430,1
21020,NULL,1
21021,430,10
21022,250,10
21023,NULL,10
21024,391,4
21025,245,7
21026,430,9
21027,430,4
21028,328,1
21029,270,10
21030,430,10
21031,430,9
21032,430,9
21033,NULL,1
21034,499,10
21035,NULL,1
21036,NULL,1
21037,430,9
21038,430,1
21039,430,9
21040,232,9
21041,NULL,1
21042,549,1
21043,391,4
21044,NULL,21
21045,492,1
21046,270,10
21047,430,9
21048,341,10
21049,NULL,1
21050,549,1
21051,342,10
21052,270,10
21053,NULL,1
21054,430,10
21055,430,9
21056,534,9
21057,NULL,1
21058,549,1
21059,399,1
21060,NULL,11
21061,NULL,16
21062,430,1
21063,430,9
21064,430,10
21065,NULL,1
21066,549,1
21067,NULL,13
21068,NULL,11
21069,391,10
21070,430,9
21071,430,1
21072,NULL,1
21073,430,9
21074,549,1
21075,NULL,1
21076,NULL,1
21077,NULL,1
21078,NULL,1
21079,391,10
21080,430,10
21081,430,9
21082,430,1
21083,NULL,10
21084,NULL,21
21085,NULL,1
21086,430,9
21087,464,21
21088,121,2
21089,430,9
21090,NULL,1
21091,NULL,1
21092,430,9
21093,430,9
21094,NULL,1
21095,NULL,10
21096,391,4
21097,550,3
21098,NULL,1
21099,430,9
21100,NULL,1
21101,70,1
21102,430,10
21103,NULL,10
21104,391,1
21105,430,9
21106,534,8
21107,267,11
21108,197,1
21109,430,9
21110,391,10
21111,NULL,1
21112,534,9
21113,NULL,1
21114,534,8
21115,70,14
21116,197,1
21117,430,9
21118,121,11
21119,530,9
21120,206,2
21121,534,9
21122,NULL,17
21123,430,8
21124,197,1
21125,430,9
21126,391,10
21127,250,1
21128,430,9
21129,391,21
21130,415,1
21131,NULL,1
21132,307,10
21133,430,9
21134,430,10
21135,250,1
21136,70,13
21137,NULL,1
21138,430,8
21139,530,28
21140,70,14
21141,NULL,10
21142,125,1
21143,550,3
21144,121,2
21145,267,11
21146,534,1
21147,399,21
21148,NULL,11
21149,NULL,10
21150,245,21
21151,430,9
21152,250,10
21153,NULL,1
21154,70,2
21155,430,9
21156,NULL,1
21157,70,14
21158,245,21
21159,430,9
21160,430,9
21161,492,1
21162,391,10
21163,430,1
21164,430,8
21165,342,10
21166,430,9
21167,344,1
21168,430,9
21169,70,14
21170,534,8
21171,NULL,21
21172,499,10
21173,499,10
21174,430,9
21175,430,10
21176,550,21
21177,499,10
21178,NULL,10
21179,270,10
21180,232,9
21181,342,10
21182,NULL,21
21183,NULL,13
21184,NULL,1
21185,342,10
21186,NULL,10
21187,NULL,1
21188,NULL,1
21189,430,10
21190,430,9
21191,NULL,16
21192,342,10
21193,NULL,1
21194,430,10
21195,430,9
21196,549,1
21197,NULL,10
21198,430,8
21199,NULL,1
21200,430,10
21201,NULL,1
21202,245,21
21203,431,4
21204,NULL,1
21205,499,10
21206,NULL,1
21207,430,9
21208,NULL,1
21209,391,21
21210,430,10
21211,431,4
21212,NULL,13
21213,391,4
21214,NULL,1
21215,NULL,1
21216,430,9
21217,NULL,8
21218,430,9
21219,NULL,1
21220,232,9
21221,430,10
21222,290,1
21223,NULL,1
21224,NULL,21
21225,NULL,8
21226,NULL,1
21227,270,10
21228,232,9
21229,549,1
21230,70,14
21231,NULL,1
21232,250,10
21233,NULL,10
21234,187,11
21235,NULL,1
21236,430,10
21237,549,1
21238,70,14
21239,530,9
21240,NULL,10
21241,551,1
21242,NULL,1
21243,NULL,1
21244,415,1
21245,NULL,1
21246,NULL,1
21247,430,9
21248,NULL,21
21249,464,4
21250,NULL,1
21251,430,10
21252,250,10
21253,NULL,1
21254,125,1
21255,399,1
21256,430,9
21257,430,9
21258,250,1
21259,270,10
21260,430,8
21261,NULL,8
21262,270,10
21263,NULL,1
21264,NULL,1
21265,NULL,1
21266,464,4
21267,NULL,10
21268,430,9
21269,NULL,10
21270,492,1
21271,NULL,1
21272,464,4
21273,NULL,1
21274,NULL,1
21275,430,9
21276,NULL,21
21277,NULL,1
21278,550,3
21279,499,10
21280,121,11
21281,492,1
21282,250,10
21283,NULL,10
21284,NULL,3
21285,NULL,1
21286,342,10
21287,430,9
21288,250,10
21289,430,9
21290,NULL,1
21291,70,15
21292,430,9
21293,327,10
21294,431,4
21295,430,10
21296,NULL,1
21297,250,10
21298,NULL,1
21299,430,10
21300,155,1
21301,430,10
21302,431,4
21303,82,10
21304,499,10
21305,NULL,1
21306,NULL,1
21307,542,1
21308,430,9
21309,70,15
21310,NULL,10
21311,499,10
21312,250,1
21313,NULL,1
21314,250,1
21315,NULL,1
21316,NULL,1
21317,499,10
21318,NULL,10
21319,NULL,1
21320,430,8
21321,NULL,1
21322,385,10
21323,70,14
21324,430,9
21325,565,4
21326,NULL,10
21327,430,8
21328,391,4
21329,430,10
21330,NULL,21
21331,534,9
21332,54,1
21333,NULL,4
21334,NULL,10
21335,NULL,1
21336,391,4
21337,430,10
21338,430,9
21339,NULL,1
21340,391,4
21341,430,9
21342,NULL,10
21343,391,10
21344,391,4
21345,551,1
21346,NULL,1
21347,250,1
21348,430,10
21349,NULL,1
21350,NULL,10
21351,120,9
21352,430,9
21353,535,1
21354,NULL,21
21355,NULL,1
21356,430,9
21357,NULL,8
21358,NULL,10
21359,120,9
21360,430,9
21361,NULL,10
21362,156,1
21363,70,2
21364,250,10
21365,NULL,1
21366,250,10
21367,499,10
21368,267,11
21369,NULL,10
21370,156,1
21371,70,2
21372,187,1
21373,430,9
21374,391,10
21375,120,9
21376,267,11
21377,430,9
21378,121,2
21379,NULL,1
21380,NULL,1
21381,NULL,1
21382,391,10
21383,NULL,1
21384,70,14
21385,NULL,1
21386,NULL,10
21387,270,10
21388,NULL,1
21389,NULL,1
21390,430,10
21391,430,9
21392,270,10
21393,125,1
21394,NULL,10
21395,NULL,1
21396,NULL,1
21397,534,9
21398,NULL,8
21399,NULL,1
21400,NULL,1
21401,430,8
21402,NULL,10
21403,NULL,1
21404,430,10
21405,551,1
21406,430,10
21407,391,4
21408,NULL,1
21409,NULL,1
21410,250,1
21411,NULL,1
21412,NULL,1
21413,430,8
21414,NULL,1
21415,430,8
21416,NULL,1
21417,391,10
21418,NULL,1
21419,NULL,1
21420,270,10
21421,250,10
21422,NULL,4
21423,250,10
21424,415,1
21425,565,4
21426,NULL,1
21427,NULL,1
21428,NULL,1
21429,430,10
21430,259,9
21431,NULL,1
21432,NULL,1
21433,NULL,1
21434,NULL,21
21435,530,1
21436,456,5
21437,NULL,1
21438,492,1
21439,430,8
21440,NULL,1
21441,NULL,1
21442,430,10
21443,NULL,1
21444,NULL,1
21445,270,10
21446,NULL,1
21447,391,4
21448,499,10
21449,NULL,1
21450,430,9
21451,70,14
21452,NULL,1
21453,NULL,1
21454,NULL,1
21455,NULL,1
21456,267,11
21457,NULL,1
21458,430,9
21459,385,10
21460,250,10
21461,430,10
21462,NULL,1
21463,250,10
21464,267,2
21465,NULL,1
21466,NULL,1
21467,534,9
21468,70,14
21469,NULL,4
21470,197,1
21471,430,9
21472,125,1
21473,399,1
21474,391,21
21475,232,9
21476,70,14
21477,430,9
21478,197,1
21479,430,9
21480,430,10
21481,NULL,1
21482,534,9
21483,250,10
21484,70,14
21485,NULL,1
21486,NULL,1
21487,70,14
21488,NULL,1
21489,431,4
21490,430,9
21491,NULL,1
21492,70,14
21493,391,4
21494,NULL,1
21495,70,14
21496,125,1
21497,431,4
21498,NULL,1
21499,245,21
21500,535,1
21501,NULL,10
21502,121,2
21503,430,9
21504,NULL,1
21505,250,10
21506,NULL,8
21507,391,4
21508,391,4
21509,NULL,1
21510,342,10
21511,430,8
21512,NULL,1
21513,250,1
21514,197,1
21515,391,4
21516,250,10
21517,430,9
21518,NULL,3
21519,NULL,1
21520,430,10
21521,NULL,1
21522,NULL,1
21523,342,10
21524,NULL,21
21525,430,9
21526,NULL,1
21527,NULL,10
21528,499,10
21529,70,15
21530,NULL,1
21531,NULL,1
21532,430,10
21533,NULL,1
21534,534,9
21535,NULL,1
21536,NULL,1
21537,250,1
21538,470,1
21539,492,1
21540,250,1
21541,NULL,1
21542,430,28
21543,NULL,1
21544,550,21
21545,NULL,1
21546,430,4
21547,464,4
21548,NULL,13
21549,121,11
21550,430,8
21551,549,1
21552,250,10
21553,NULL,1
21554,NULL,1
21555,NULL,21
21556,NULL,1
21557,385,10
21558,430,9
21559,464,4
21560,NULL,10
21561,NULL,1
21562,511,9
21563,430,10
21564,499,10
21565,430,9
21566,270,10
21567,NULL,1
21568,NULL,1
21569,NULL,1
21570,NULL,1
21571,NULL,10
21572,197,1
21573,250,10
21574,70,14
21575,NULL,1
21576,197,1
21577,197,1
21578,NULL,1
21579,NULL,1
21580,492,1
21581,430,1
21582,430,9
21583,430,10
21584,NULL,1
21585,391,4
21586,121,11
21587,530,1
21588,NULL,13
21589,430,9
21590,430,10
21591,342,10
21592,499,10
21593,NULL,8
21594,342,10
21595,391,4
21596,250,1
21597,430,9
21598,267,11
21599,342,10
21600,499,10
21601,70,2
21602,391,4
21603,NULL,1
21604,NULL,1
21605,430,10
21606,267,11
21607,270,10
21608,430,8
21609,492,1
21610,NULL,21
21611,NULL,21
21612,197,1
21613,270,10
21614,70,14
21615,431,4
21616,NULL,1
21617,391,10
21618,250,10
21619,121,11
21620,492,1
21621,250,10
21622,70,14
21623,NULL,8
21624,430,9
21625,391,4
21626,391,4
21627,NULL,1
21628,430,1
21629,NULL,1
21630,430,10
21631,430,9
21632,NULL,13
21633,391,10
21634,NULL,1
21635,NULL,1
21636,430,9
21637,250,10
21638,NULL,1
21639,430,10
21640,NULL,1
21641,NULL,1
21642,NULL,1
21643,156,21
21644,430,9
21645,549,1
21646,430,9
21647,3,25
21648,430,4
21649,NULL,1
21650,430,10
21651,NULL,1
21652,NULL,1
21653,499,10
21654,NULL,1
21655,NULL,8
21656,NULL,1
21657,391,21
21658,156,21
21659,259,9
21660,535,1
21661,NULL,1
21662,NULL,4
21663,NULL,1
21664,NULL,10
21665,250,10
21666,NULL,1
21667,430,9
21668,464,4
21669,430,8
21670,430,9
21671,70,2
21672,307,1
21673,534,9
21674,430,8
21675,259,9
21676,342,10
21677,232,9
21678,NULL,10
21679,534,8
21680,NULL,1
21681,430,10
21682,430,9
21683,259,9
21684,430,9
21685,232,9
21686,430,10
21687,NULL,1
21688,250,10
21689,430,9
21690,NULL,1
21691,259,9
21692,NULL,1
21693,499,10
21694,NULL,1
21695,NULL,4
21696,70,14
21697,NULL,1
21698,121,2
21699,NULL,1
21700,121,11
21701,391,4
21702,430,9
21703,NULL,1
21704,430,8
21705,565,1
21706,NULL,17
21707,NULL,8
21708,430,9
21709,430,9
21710,499,10
21711,430,9
21712,54,9
21713,250,10
21714,391,10
21715,250,10
21716,430,9
21717,259,9
21718,430,10
21719,NULL,1
21720,NULL,1
21721,NULL,1
21722,NULL,1
21723,NULL,1
21724,267,11
21725,NULL,1
21726,430,10
21727,391,4
21728,125,1
21729,550,1
21730,121,11
21731,534,8
21732,267,11
21733,391,21
21734,270,10
21735,NULL,1
21736,267,11
21737,NULL,1
21738,430,10
21739,342,10
21740,430,10
21741,430,9
21742,NULL,10
21743,250,10
21744,250,10
21745,250,10
21746,535,1
21747,70,2
21748,267,11
21749,391,4
21750,430,10
21751,499,10
21752,267,11
21753,430,9
21754,430,8
21755,250,10
21756,70,14
21757,430,9
21758,70,2
21759,399,1
21760,385,10
21761,430,8
21762,535,1
21763,549,1
21764,430,9
21765,187,1
21766,NULL,1
21767,391,4
21768,NULL,1
21769,456,5
21770,342,10
21771,549,1
21772,NULL,1
21773,250,10
21774,430,1
21775,391,4
21776,499,10
21777,NULL,1
21778,NULL,10
21779,565,9
21780,430,4
21781,NULL,1
21782,NULL,1
21783,70,2
21784,430,9
21785,121,11
21786,431,4
21787,391,4
21788,NULL,13
21789,430,10
21790,70,2
21791,250,1
21792,NULL,1
21793,245,21
21794,431,4
21795,NULL,1
21796,NULL,1
21797,391,10
21798,430,1
21799,565,4
21800,NULL,1
21801,245,21
21802,391,4
21803,NULL,1
21804,342,10
21805,430,10
21806,197,1
21807,197,1
21808,NULL,1
21809,391,21
21810,391,4
21811,430,10
21812,430,4
21813,NULL,10
21814,NULL,1
21815,270,10
21816,270,10
21817,430,10
21818,430,10
21819,492,1
21820,270,10
21821,534,1
21822,430,10
21823,NULL,1
21824,565,4
21825,430,8
21826,430,10
21827,430,10
21828,430,9
21829,430,9
21830,197,1
21831,430,8
21832,NULL,1
21833,187,11
21834,550,21
21835,125,1
21836,430,9
21837,391,21
21838,550,21
21839,NULL,1
21840,399,1
21841,NULL,1
21842,NULL,1
21843,125,1
21844,121,11
21845,NULL,1
21846,430,9
21847,430,10
21848,511,9
21849,430,10
21850,197,1
21851,245,21
21852,430,10
21853,NULL,1
21854,430,1
21855,551,1
21856,NULL,1
21857,NULL,1
21858,NULL,1
21859,125,1
21860,125,1
21861,232,9
21862,250,10
21863,431,1
21864,197,1
21865,NULL,1
21866,391,4
21867,NULL,1
21868,NULL,21
21869,549,1
21870,NULL,1
21871,174,1
21872,NULL,1
21873,NULL,1
21874,492,1
21875,492,1
21876,399,21
21877,430,8
21878,430,8
21879,70,14
21880,197,1
21881,70,2
21882,492,1
21883,250,10
21884,430,10
21885,342,10
21886,NULL,1
21887,391,4
21888,NULL,1
21889,431,4
21890,70,15
21891,NULL,1
21892,267,2
21893,NULL,1
21894,NULL,1
21895,121,1
21896,NULL,1
21897,431,4
21898,70,15
21899,456,5
21900,430,9
21901,NULL,1
21902,270,10
21903,534,8
21904,542,1
21905,NULL,1
21906,NULL,14
21907,70,14
21908,NULL,1
21909,NULL,1
21910,NULL,1
21911,NULL,1
21912,499,10
21913,NULL,1
21914,270,10
21915,456,5
21916,NULL,1
21917,NULL,1
21918,456,5
21919,391,4
21920,NULL,1
21921,121,11
21922,270,10
21923,NULL,1
21924,267,11
21925,NULL,11
21926,456,5
21927,391,4
21928,NULL,10
21929,NULL,1
21930,391,10
21931,270,10
21932,430,8
21933,391,21
21934,NULL,1
21935,187,11
21936,NULL,10
21937,430,10
21938,430,9
21939,342,10
21940,NULL,1
21941,430,9
21942,430,9
21943,NULL,1
21944,NULL,10
21945,NULL,1
21946,430,10
21947,NULL,1
21948,206,2
21949,430,9
21950,492,1
21951,NULL,1
21952,430,10
21953,NULL,1
21954,464,21
21955,NULL,1
21956,250,10
21957,391,21
21958,NULL,1
21959,70,13
21960,430,9
21961,NULL,1
21962,250,10
21963,121,16
21964,430,8
21965,430,10
21966,342,10
21967,NULL,1
21968,NULL,1
21969,534,9
21970,NULL,1
21971,391,10
21972,NULL,1
21973,NULL,1
21974,NULL,21
21975,NULL,1
21976,NULL,13
21977,174,1
21978,430,9
21979,430,9
21980,121,11
21981,430,9
21982,430,8
21983,430,9
21984,430,9
21985,174,1
21986,430,8
21987,270,1
21988,NULL,1
21989,NULL,1
21990,125,1
21991,391,4
21992,391,21
21993,174,1
21994,NULL,1
21995,430,10
21996,430,10
21997,NULL,10
21998,267,11
21999,3,25
22000,534,8
22001,121,11
22002,NULL,1
22003,307,10
22004,430,10
22005,430,9
22006,430,9
22007,318,1
22008,NULL,17
22009,NULL,1
22010,70,15
22011,121,11
22012,430,1
22013,430,9
22014,NULL,1
22015,3,25
22016,430,10
22017,NULL,1
22018,430,10
22019,NULL,10
22020,NULL,1
22021,250,10
22022,430,8
22023,245,21
22024,70,2
22025,456,5
22026,430,9
22027,121,11
22028,NULL,1
22029,54,1
22030,267,2
22031,430,10
22032,NULL,1
22033,NULL,1
22034,NULL,13
22035,NULL,1
22036,430,9
22037,430,9
22038,267,2
22039,391,4
22040,NULL,4
22041,250,1
22042,NULL,13
22043,551,1
22044,430,9
22045,NULL,1
22046,NULL,1
22047,391,4
22048,499,10
22049,499,10
22050,NULL,13
22051,270,10
22052,125,1
22053,430,9
22054,430,10
22055,391,4
22056,NULL,8
22057,391,4
22058,550,21
22059,187,11
22060,NULL,1
22061,430,9
22062,NULL,1
22063,NULL,1
22064,430,10
22065,NULL,1
22066,250,10
22067,NULL,1
22068,430,9
22069,NULL,1
22070,NULL,1
22071,245,21
22072,430,1
22073,270,10
22074,430,8
22075,NULL,1
22076,NULL,1
22077,NULL,1
22078,430,9
22079,430,8
22080,121,2
22081,430,10
22082,430,4
22083,430,10
22084,NULL,1
22085,430,10
22086,250,10
22087,430,10
22088,NULL,4
22089,430,10
22090,492,1
22091,499,10
22092,430,9
22093,250,10
22094,430,10
22095,70,15
22096,430,10
22097,534,1
22098,155,1
22099,541,1
22100,NULL,1
22101,250,10
22102,430,9
22103,430,10
22104,430,10
22105,NULL,1
22106,197,7
22107,NULL,1
22108,NULL,1
22109,NULL,13
22110,391,4
22111,125,1
22112,391,4
22113,NULL,1
22114,430,10
22115,250,10
22116,250,10
22117,430,9
22118,270,10
22119,NULL,1
22120,499,10
22121,430,10
22122,534,9
22123,530,28
22124,NULL,1
22125,270,10
22126,391,4
22127,NULL,1
22128,NULL,1
22129,NULL,1
22130,NULL,10
22131,NULL,1
22132,NULL,1
22133,NULL,1
22134,NULL,1
22135,549,1
22136,534,8
22137,197,1
22138,250,10
22139,430,9
22140,NULL,1
22141,499,10
22142,NULL,1
22143,430,9
22144,121,2
22145,197,1
22146,125,1
22147,391,4
22148,430,9
22149,430,9
22150,342,10
22151,430,9
22152,399,1
22153,470,1
22154,430,9
22155,250,10
22156,534,9
22157,391,10
22158,391,4
22159,430,9
22160,NULL,1
22161,492,1
22162,430,4
22163,430,10
22164,430,10
22165,270,10
22166,250,1
22167,430,10
22168,391,4
22169,430,4
22170,430,10
22171,456,5
22172,550,1
22173,430,9
22174,187,11
22175,430,8
22176,NULL,1
22177,391,4
22178,NULL,1
22179,430,9
22180,550,1
22181,NULL,10
22182,NULL,1
22183,NULL,1
22184,NULL,10
22185,399,1
22186,270,1
22187,NULL,1
22188,NULL,10
22189,430,9
22190,430,9
22191,267,11
22192,NULL,10
22193,206,14
22194,499,10
22195,534,9
22196,250,10
22197,121,2
22198,250,10
22199,267,11
22200,430,10
22201,430,4
22202,499,10
22203,NULL,10
22204,NULL,1
22205,464,4
22206,250,10
22207,250,10
22208,NULL,10
22209,391,4
22210,NULL,10
22211,3,25
22212,NULL,1
22213,430,9
22214,70,14
22215,430,9
22216,NULL,10
22217,549,1
22218,NULL,10
22219,430,10
22220,270,10
22221,430,9
22222,NULL,3
22223,NULL,1
22224,534,9
22225,534,8
22226,70,14
22227,NULL,23
22228,NULL,1
22229,NULL,8
22230,430,10
22231,121,11
22232,NULL,1
22233,549,1
22234,NULL,10
22235,NULL,1
22236,NULL,1
22237,NULL,13
22238,NULL,10
22239,NULL,1
22240,NULL,1
22241,NULL,17
22242,NULL,10
22243,NULL,1
22244,534,9
22245,NULL,21
22246,NULL,10
22247,399,21
22248,70,14
22249,NULL,17
22250,530,1
22251,70,2
22252,430,10
22253,156,1
22254,499,10
22255,NULL,1
22256,456,5
22257,342,10
22258,NULL,1
22259,NULL,1
22260,530,28
22261,430,9
22262,NULL,1
22263,430,9
22264,70,14
22265,342,10
22266,534,8
22267,187,1
22268,NULL,1
22269,121,11
22270,456,5
22271,70,14
22272,NULL,21
22273,430,10
22274,534,8
22275,431,1
22276,391,21
22277,NULL,1
22278,430,1
22279,121,11
22280,NULL,17
22281,NULL,8
22282,430,9
22283,250,1
22284,391,21
22285,NULL,1
22286,430,1
22287,121,11
22288,70,2
22289,70,2
22290,NULL,4
22291,NULL,1
22292,391,21
22293,430,10
22294,307,10
22295,267,11
22296,70,2
22297,270,10
22298,270,10
22299,250,1
22300,456,5
22301,121,11
22302,125,1
22303,430,9
22304,NULL,17
22305,NULL,10
22306,430,9
22307,430,10
22308,121,11
22309,NULL,1
22310,NULL,21
22311,267,11
22312,430,10
22313,NULL,1
22314,270,10
22315,70,13
22316,70,15
22317,267,11
22318,NULL,1
22319,267,11
22320,NULL,1
22321,430,10
22322,391,21
22323,174,1
22324,70,15
22325,250,10
22326,NULL,4
22327,430,10
22328,NULL,1
22329,430,10
22330,430,1
22331,NULL,10
22332,391,21
22333,530,28
22334,70,14
22335,430,9
22336,NULL,1
22337,NULL,1
22338,342,10
22339,259,9
22340,391,21
22341,NULL,1
22342,391,4
22343,391,4
22344,534,8
22345,70,14
22346,534,8
22347,259,9
22348,70,15
22349,NULL,1
22350,391,4
22351,391,10
22352,534,8
22353,NULL,10
22354,391,4
22355,NULL,21
22356,NULL,1
22357,430,9
22358,391,4
22359,391,4
22360,NULL,1
22361,NULL,21
22362,391,4
22363,NULL,8
22364,430,10
22365,NULL,21
22366,NULL,8
22367,NULL,1
22368,NULL,17
22369,270,10
22370,534,1
22371,121,2
22372,70,15
22373,430,9
22374,430,10
22375,NULL,1
22376,NULL,8
22377,NULL,10
22378,430,9
22379,499,10
22380,NULL,1
22381,391,4
22382,430,1
22383,NULL,1
22384,492,1
22385,NULL,21
22386,270,10
22387,NULL,10
22388,534,1
22389,391,4
22390,NULL,1
22391,NULL,1
22392,245,21
22393,430,4
22394,NULL,1
22395,430,9
22396,NULL,1
22397,430,9
22398,NULL,10
22399,NULL,1
22400,391,4
22401,431,4
22402,270,10
22403,373,10
22404,430,9
22405,430,9
22406,NULL,10
22407,499,10
22408,430,10
22409,250,10
22410,430,1
22411,NULL,10
22412,NULL,4
22413,549,1
22414,NULL,10
22415,NULL,1
22416,NULL,4
22417,430,9
22418,430,10
22419,NULL,8
22420,NULL,8
22421,430,9
22422,250,10
22423,399,4
22424,550,1
22425,NULL,1
22426,391,10
22427,430,9
22428,121,11
22429,430,8
22430,399,1
22431,430,9
22432,125,1
22433,NULL,1
22434,NULL,1
22435,NULL,1
22436,541,1
22437,267,11
22438,430,9
22439,NULL,13
22440,NULL,18
22441,270,10
22442,NULL,4
22443,70,14
22444,NULL,1
22445,NULL,1
22446,431,4
22447,NULL,1
22448,245,21
22449,492,1
22450,430,9
22451,NULL,1
22452,499,10
22453,430,8
22454,197,1
22455,430,9
22456,430,1
22457,542,1
22458,430,10
22459,125,1
22460,NULL,1
22461,NULL,1
22462,197,1
22463,430,1
22464,430,10
22465,430,9
22466,430,10
22467,125,1
22468,NULL,1
22469,430,9
22470,197,1
22471,NULL,1
22472,391,4
22473,232,9
22474,NULL,13
22475,430,9
22476,391,4
22477,391,4
22478,399,1
22479,70,2
22480,245,21
22481,250,10
22482,NULL,13
22483,NULL,13
22484,NULL,1
22485,NULL,1
22486,NULL,1
22487,70,2
22488,270,10
22489,542,1
22490,NULL,1
22491,NULL,13
22492,NULL,13
22493,534,8
22494,250,10
22495,NULL,1
22496,NULL,1
22497,430,10
22498,430,9
22499,125,1
22500,NULL,1
22501,499,10
22502,70,14
22503,NULL,1
22504,NULL,1
22505,542,1
22506,NULL,1
22507,NULL,1
22508,NULL,10
22509,270,10
22510,NULL,1
22511,NULL,1
22512,NULL,10
22513,342,10
22514,267,11
22515,549,1
22516,NULL,1
22517,54,9
22518,NULL,1
22519,430,10
22520,250,10
22521,499,10
22522,70,14
22523,250,10
22524,250,10
22525,NULL,10
22526,NULL,1
22527,430,1
22528,430,10
22529,499,10
22530,342,10
22531,250,10
22532,565,1
22533,385,10
22534,NULL,10
22535,550,21
22536,430,10
22537,391,4
22538,430,10
22539,NULL,1
22540,NULL,10
22541,250,10
22542,385,10
22543,70,2
22544,430,10
22545,82,1
22546,125,1
22547,NULL,1
22548,NULL,10
22549,70,15
22550,NULL,1
22551,NULL,1
22552,270,10
22553,550,21
22554,267,2
22555,267,2
22556,391,10
22557,456,5
22558,430,8
22559,NULL,1
22560,250,10
22561,250,10
22562,250,10
22563,267,11
22564,70,13
22565,250,10
22566,430,9
22567,NULL,1
22568,245,7
22569,267,11
22570,430,9
22571,430,9
22572,399,1
22573,NULL,1
22574,391,4
22575,NULL,1
22576,430,9
22577,70,14
22578,NULL,1
22579,NULL,1
22580,373,10
22581,NULL,1
22582,NULL,1
22583,121,16
22584,NULL,1
22585,385,10
22586,206,2
22587,267,2
22588,121,1
22589,NULL,1
22590,541,1
22591,NULL,1
22592,NULL,1
22593,NULL,1
22594,430,9
22595,206,2
22596,318,1
22597,NULL,1
22598,250,1
22599,NULL,1
22600,NULL,1
22601,NULL,1
22602,513,1
22603,NULL,1
22604,534,1
22605,NULL,10
22606,70,2
22607,NULL,1
22608,NULL,1
22609,430,9
22610,187,11
22611,NULL,1
22612,430,9
22613,245,21
22614,NULL,1
22615,70,15
22616,NULL,1
22617,267,11
22618,NULL,1
22619,250,10
22620,250,10
22621,430,4
22622,NULL,1
22623,NULL,1
22624,NULL,1
22625,430,9
22626,549,1
22627,NULL,1
22628,70,13
22629,NULL,1
22630,70,1
22631,NULL,1
22632,250,10
22633,NULL,1
22634,250,10
22635,NULL,1
22636,NULL,10
22637,430,4
22638,NULL,1
22639,342,10
22640,NULL,1
22641,430,9
22642,391,21
22643,NULL,10
22644,391,4
22645,551,1
22646,250,10
22647,430,8
22648,551,1
22649,430,10
22650,245,21
22651,NULL,1
22652,250,10
22653,121,11
22654,NULL,1
22655,430,8
22656,NULL,1
22657,125,1
22658,70,14
22659,430,8
22660,121,1
22661,NULL,1
22662,156,1
22663,542,25
22664,250,10
22665,125,1
22666,430,10
22667,430,9
22668,NULL,1
22669,NULL,1
22670,534,9
22671,535,1
22672,NULL,1
22673,499,10
22674,70,14
22675,54,1
22676,NULL,1
22677,307,10
22678,534,8
22679,430,10
22680,NULL,1
22681,250,10
22682,267,11
22683,513,1
22684,430,9
22685,430,9
22686,NULL,1
22687,430,9
22688,NULL,21
22689,NULL,10
22690,267,11
22691,70,14
22692,499,10
22693,NULL,1
22694,430,9
22695,NULL,1
22696,550,3
22697,NULL,1
22698,NULL,10
22699,NULL,10
22700,70,2
22701,430,10
22702,121,11
22703,430,9
22704,NULL,13
22705,NULL,10
22706,NULL,1
22707,NULL,1
22708,565,4
22709,NULL,1
22710,245,21
22711,430,4
22712,430,9
22713,NULL,1
22714,385,10
22715,534,9
22716,NULL,1
22717,NULL,1
22718,430,8
22719,430,4
22720,NULL,1
22721,430,10
22722,499,10
22723,NULL,1
22724,464,4
22725,430,9
22726,NULL,10
22727,430,10
22728,430,9
22729,250,1
22730,NULL,10
22731,NULL,1
22732,NULL,1
22733,534,9
22734,NULL,1
22735,NULL,1
22736,342,10
22737,NULL,1
22738,430,9
22739,NULL,1
22740,342,10
22741,360,1
22742,3,25
22743,NULL,1
22744,342,10
22745,430,9
22746,430,10
22747,430,10
22748,430,10
22749,430,10
22750,NULL,21
22751,250,10
22752,430,10
22753,430,10
22754,430,10
22755,250,10
22756,430,1
22757,464,4
22758,430,9
22759,464,21
22760,499,10
22761,499,10
22762,430,1
22763,250,10
22764,342,10
22765,307,10
22766,174,1
22767,NULL,1
22768,NULL,1
22769,430,10
22770,430,9
22771,250,10
22772,430,10
22773,534,8
22774,550,21
22775,430,10
22776,391,4
22777,391,10
22778,3,25
22779,250,10
22780,430,9
22781,NULL,1
22782,245,21
22783,NULL,1
22784,430,10
22785,125,1
22786,3,25
22787,250,10
22788,430,10
22789,270,10
22790,70,13
22791,121,1
22792,NULL,16
22793,NULL,1
22794,3,25
22795,70,13
22796,70,13
22797,430,10
22798,270,10
22799,121,1
22800,NULL,1
22801,430,8
22802,430,10
22803,270,10
22804,430,9
22805,174,1
22806,430,9
22807,430,9
22808,NULL,1
22809,541,1
22810,430,10
22811,3,25
22812,385,10
22813,430,9
22814,3,25
22815,430,9
22816,NULL,16
22817,NULL,1
22818,430,10
22819,250,10
22820,NULL,1
22821,431,1
22822,3,25
22823,430,9
22824,121,1
22825,NULL,1
22826,250,10
22827,250,10
22828,430,10
22829,70,13
22830,3,25
22831,492,1
22832,120,9
22833,70,2
22834,250,10
22835,530,1
22836,534,9
22837,431,1
22838,3,25
22839,NULL,1
22840,120,9
22841,70,2
22842,NULL,10
22843,499,10
22844,430,8
22845,431,1
22846,3,25
22847,250,10
22848,NULL,1
22849,NULL,1
22850,430,9
22851,70,2
22852,NULL,1
22853,431,1
22854,3,25
22855,250,10
22856,550,1
22857,245,21
22858,430,9
22859,174,1
22860,430,9
22861,430,10
22862,245,21
22863,430,9
22864,430,9
22865,430,10
22866,NULL,1
22867,399,1
22868,391,4
22869,NULL,7
22870,318,1
22871,430,8
22872,3,25
22873,3,25
22874,NULL,1
22875,70,2
22876,NULL,1
22877,NULL,1
22878,245,21
22879,391,4
22880,NULL,10
22881,3,25
22882,NULL,1
22883,NULL,1
22884,430,9
22885,NULL,3
22886,391,4
22887,NULL,10
22888,391,4
22889,NULL,21
22890,430,8
22891,NULL,1
22892,550,8
22893,NULL,1
22894,391,4
22895,NULL,10
22896,NULL,10
22897,NULL,21
22898,NULL,1
22899,70,14
22900,121,16
22901,NULL,10
22902,NULL,10
22903,NULL,10
22904,550,1
22905,267,11
22906,NULL,1
22907,NULL,1
22908,NULL,1
22909,534,9
22910,NULL,10
22911,NULL,10
22912,430,10
22913,267,11
22914,391,4
22915,430,10
22916,70,14
22917,270,10
22918,121,11
22919,430,9
22920,534,8
22921,NULL,1
22922,430,9
22923,431,4
22924,NULL,1
22925,NULL,1
22926,550,8
22927,342,10
22928,430,10
22929,267,11
22930,250,10
22931,70,13
22932,NULL,10
22933,NULL,1
22934,391,4
22935,430,1
22936,327,10
22937,NULL,3
22938,NULL,10
22939,NULL,1
22940,NULL,1
22941,NULL,1
22942,270,10
22943,NULL,1
22944,327,10
22945,250,10
22946,534,9
22947,342,10
22948,NULL,1
22949,513,1
22950,513,10
22951,342,10
22952,327,10
22953,NULL,1
22954,430,9
22955,70,2
22956,551,1
22957,391,4
22958,391,4
22959,534,9
22960,NULL,1
22961,250,10
22962,NULL,10
22963,70,2
22964,430,10
22965,70,13
22966,391,4
22967,250,10
22968,391,10
22969,391,4
22970,NULL,1
22971,NULL,1
22972,70,14
22973,430,9
22974,70,2
22975,250,10
22976,391,10
22977,89,1
22978,NULL,21
22979,430,1
22980,430,9
22981,430,9
22982,NULL,1
22983,492,1
22984,391,10
22985,3,25
22986,267,2
22987,NULL,1
22988,250,10
22989,430,9
22990,NULL,1
22991,492,1
22992,327,10
22993,NULL,1
22994,430,9
22995,NULL,1
22996,430,9
22997,3,25
22998,NULL,1
22999,270,10
23000,NULL,1
23001,391,4
23002,250,10
23003,492,1
23004,250,10
23005,NULL,1
23006,430,1
23007,NULL,1
23008,391,4
23009,391,4
23010,430,9
23011,430,10
23012,70,22
23013,530,28
23014,430,8
23015,NULL,1
23016,3,25
23017,70,14
23018,NULL,1
23019,NULL,1
23020,342,10
23021,534,9
23022,250,10
23023,550,1
23024,430,9
23025,534,8
23026,NULL,1
23027,430,8
23028,NULL,10
23029,250,1
23030,430,10
23031,430,9
23032,430,9
23033,NULL,10
23034,NULL,21
23035,NULL,1
23036,250,10
23037,250,1
23038,NULL,1
23039,NULL,1
23040,250,10
23041,342,10
23042,430,8
23043,245,7
23044,250,10
23045,267,11
23046,NULL,1
23047,120,9
23048,430,9
23049,391,4
23050,NULL,1
23051,245,21
23052,250,10
23053,70,2
23054,430,10
23055,120,9
23056,430,9
23057,534,8
23058,NULL,1
23059,430,10
23060,250,10
23061,NULL,1
23062,430,9
23063,430,9
23064,430,9
23065,70,13
23066,NULL,1
23067,NULL,1
23068,430,9
23069,NULL,1
23070,430,10
23071,534,8
23072,499,10
23073,70,13
23074,NULL,1
23075,NULL,1
23076,NULL,1
23077,70,2
23078,250,10
23079,534,8
23080,430,9
23081,70,22
23082,NULL,21
23083,NULL,1
23084,NULL,21
23085,NULL,1
23086,250,10
23087,534,8
23088,250,10
23089,245,7
23090,NULL,1
23091,NULL,1
23092,NULL,21
23093,156,1
23094,385,10
23095,187,1
23096,NULL,1
23097,NULL,1
23098,250,10
23099,430,9
23100,NULL,1
23101,NULL,1
23102,499,10
23103,492,1
23104,NULL,1
23105,NULL,10
23106,NULL,1
23107,391,4
23108,250,10
23109,385,10
23110,NULL,1
23111,430,9
23112,250,10
23113,464,21
23114,270,10
23115,430,9
23116,NULL,10
23117,391,4
23118,NULL,1
23119,270,1
23120,430,9
23121,430,9
23122,541,1
23123,430,9
23124,250,10
23125,391,4
23126,NULL,1
23127,NULL,1
23128,318,1
23129,430,8
23130,431,4
23131,391,4
23132,250,10
23133,391,4
23134,NULL,3
23135,NULL,1
23136,NULL,1
23137,430,9
23138,NULL,1
23139,391,4
23140,250,10
23141,NULL,3
23142,NULL,3
23143,534,8
23144,430,9
23145,NULL,1
23146,121,23
23147,250,10
23148,250,1
23149,121,1
23150,NULL,3
23151,NULL,1
23152,250,10
23153,70,15
23154,NULL,1
23155,430,9
23156,NULL,1
23157,270,10
23158,NULL,3
23159,534,8
23160,NULL,1
23161,NULL,1
23162,NULL,1
23163,NULL,1
23164,NULL,1
23165,121,1
23166,430,9
23167,430,9
23168,250,1
23169,430,8
23170,NULL,1
23171,307,10
23172,250,10
23173,121,1
23174,430,10
23175,430,9
23176,NULL,1
23177,NULL,1
23178,156,1
23179,NULL,1
23180,430,10
23181,430,9
23182,NULL,10
23183,534,8
23184,430,9
23185,430,9
23186,NULL,1
23187,270,10
23188,NULL,1
23189,430,10
23190,NULL,10
23191,NULL,1
23192,70,7
23193,NULL,1
23194,430,10
23195,NULL,1
23196,NULL,1
23197,534,8
23198,NULL,10
23199,534,8
23200,NULL,1
23201,464,21
23202,70,2
23203,499,10
23204,430,10
23205,NULL,1
23206,NULL,1
23207,270,10
23208,391,4
23209,464,21
23210,70,2
23211,NULL,1
23212,550,3
23213,NULL,1
23214,NULL,10
23215,250,10
23216,391,21
23217,430,8
23218,156,1
23219,NULL,10
23220,245,7
23221,250,10
23222,NULL,10
23223,565,1
23224,NULL,1
23225,250,10
23226,550,8
23227,250,10
23228,250,10
23229,NULL,1
23230,456,5
23231,NULL,1
23232,270,10
23233,250,10
23234,NULL,1
23235,250,1
23236,NULL,1
23237,430,10
23238,534,8
23239,245,7
23240,430,10
23241,430,10
23242,NULL,10
23243,70,2
23244,464,21
23245,250,10
23246,550,1
23247,430,9
23248,250,10
23249,534,8
23250,250,10
23251,NULL,1
23252,499,10
23253,70,22
23254,NULL,1
23255,NULL,1
23256,3,25
23257,534,8
23258,430,10
23259,NULL,1
23260,318,1
23261,NULL,1
23262,121,2
23263,399,4
23264,245,21
23265,430,10
23266,NULL,1
23267,250,1
23268,NULL,1
23269,250,10
23270,121,2
23271,NULL,1
23272,3,25
23273,542,1
23274,NULL,1
23275,250,1
23276,430,10
23277,NULL,1
23278,456,5
23279,NULL,1
23280,430,9
23281,492,1
23282,250,10
23283,NULL,1
23284,391,4
23285,NULL,1
23286,NULL,1
23287,NULL,1
23288,120,9
23289,NULL,1
23290,430,9
23291,NULL,1
23292,NULL,1
23293,430,9
23294,430,9
23295,121,11
23296,250,10
23297,550,1
23298,250,10
23299,550,21
23300,250,10
23301,70,22
23302,430,9
23303,550,1
23304,430,9
23305,391,4
23306,250,10
23307,511,9
23308,431,1
23309,318,1
23310,430,9
23311,430,9
23312,530,9
23313,391,4
23314,250,10
23315,NULL,1
23316,431,1
23317,430,4
23318,NULL,1
23319,NULL,1
23320,430,9
23321,21,4
23322,430,9
23323,270,10
23324,121,11
23325,430,10
23326,197,1
23327,70,7
23328,267,11
23329,430,9
23330,NULL,1
23331,NULL,1
23332,391,4
23333,542,1
23334,267,11
23335,NULL,1
23336,430,9
23337,264,3
23338,70,13
23339,342,10
23340,245,21
23341,NULL,1
23342,21,4
23343,530,9
23344,NULL,1
23345,430,10
23346,250,10
23347,NULL,1
23348,430,9
23349,430,9
23350,250,10
23351,NULL,1
23352,NULL,10
23353,125,1
23354,267,11
23355,565,1
23356,430,10
23357,245,7
23358,430,9
23359,430,9
23360,391,21
23361,NULL,1
23362,NULL,1
23363,430,1
23364,430,9
23365,NULL,1
23366,NULL,1
23367,391,4
23368,NULL,1
23369,70,13
23370,NULL,1
23371,250,1
23372,250,10
23373,430,9
23374,250,10
23375,NULL,1
23376,250,10
23377,550,3
23378,NULL,1
23379,430,10
23380,430,4
23381,NULL,1
23382,250,10
23383,70,7
23384,391,4
23385,NULL,1
23386,245,21
23387,250,10
23388,NULL,10
23389,121,16
23390,NULL,1
23391,NULL,1
23392,430,9
23393,250,10
23394,430,10
23395,NULL,1
23396,250,10
23397,550,3
23398,250,10
23399,120,9
23400,NULL,21
23401,250,10
23402,245,21
23403,121,1
23404,NULL,1
23405,NULL,1
23406,NULL,10
23407,NULL,1
23408,NULL,21
23409,492,1
23410,430,1
23411,121,16
23412,121,1
23413,NULL,1
23414,250,10
23415,NULL,11
23416,250,10
23417,NULL,1
23418,NULL,21
23419,NULL,1
23420,NULL,10
23421,NULL,10
23422,NULL,10
23423,NULL,11
23424,430,9
23425,430,10
23426,430,28
23427,270,10
23428,430,9
23429,NULL,1
23430,NULL,10
23431,NULL,1
23432,NULL,1
23433,NULL,1
23434,NULL,1
23435,54,1
23436,430,9
23437,156,1
23438,NULL,10
23439,NULL,1
23440,391,4
23441,399,1
23442,430,1
23443,NULL,1
23444,NULL,1
23445,NULL,1
23446,250,10
23447,NULL,1
23448,391,10
23449,391,4
23450,391,4
23451,NULL,10
23452,270,10
23453,430,9
23454,430,10
23455,NULL,1
23456,391,10
23457,250,10
23458,NULL,10
23459,430,8
23460,NULL,1
23461,121,23
23462,NULL,1
23463,464,21
23464,391,10
23465,430,10
23466,NULL,10
23467,NULL,1
23468,492,1
23469,NULL,1
23470,250,10
23471,464,21
23472,391,10
23473,430,10
23474,250,10
23475,NULL,10
23476,270,10
23477,NULL,1
23478,NULL,10
23479,430,1
23480,391,10
23481,250,10
23482,307,10
23483,250,10
23484,NULL,1
23485,70,15
23486,430,10
23487,NULL,1
23488,NULL,21
23489,NULL,10
23490,70,13
23491,NULL,10
23492,3,25
23493,NULL,1
23494,NULL,1
23495,3,25
23496,430,9
23497,250,10
23498,174,1
23499,NULL,1
23500,3,25
23501,430,9
23502,NULL,1
23503,3,25
23504,430,9
23505,NULL,1
23506,174,1
23507,250,10
23508,NULL,21
23509,385,10
23510,270,10
23511,NULL,21
23512,21,4
23513,430,10
23514,174,1
23515,NULL,1
23516,430,9
23517,NULL,1
23518,NULL,1
23519,NULL,21
23520,NULL,11
23521,250,10
23522,430,9
23523,430,10
23524,3,25
23525,NULL,1
23526,399,1
23527,530,28
23528,NULL,1
23529,NULL,1
23530,431,1
23531,NULL,1
23532,250,10
23533,430,9
23534,NULL,1
23535,NULL,10
23536,NULL,1
23537,250,10
23538,534,9
23539,430,1
23540,3,25
23541,NULL,1
23542,NULL,1
23543,430,9
23544,NULL,1
23545,NULL,1
23546,492,1
23547,NULL,1
23548,3,25
23549,267,11
23550,70,13
23551,270,10
23552,430,9
23553,250,10
23554,464,4
23555,NULL,1
23556,70,13
23557,NULL,4
23558,NULL,1
23559,430,9
23560,NULL,11
23561,NULL,10
23562,NULL,1
23563,NULL,1
23564,NULL,1
23565,492,1
23566,250,10
23567,430,8
23568,NULL,11
23569,3,25
23570,342,10
23571,70,22
23572,70,13
23573,550,8
23574,492,1
23575,430,10
23576,120,9
23577,NULL,1
23578,464,4
23579,70,22
23580,NULL,1
23581,NULL,1
23582,NULL,1
23583,430,10
23584,430,8
23585,250,10
23586,NULL,1
23587,250,10
23588,NULL,1
23589,430,10
23590,430,9
23591,NULL,1
23592,534,9
23593,391,4
23594,NULL,1
23595,250,10
23596,391,4
23597,550,1
23598,430,10
23599,499,10
23600,NULL,1
23601,430,8
23602,NULL,1
23603,499,10
23604,430,9
23605,70,22
23606,NULL,7
23607,499,10
23608,430,9
23609,550,21
23610,430,10
23611,430,9
23612,391,4
23613,NULL,1
23614,250,10
23615,499,10
23616,430,9
23617,NULL,1
23618,187,11
23619,430,9
23620,245,21
23621,430,9
23622,121,1
23623,430,10
23624,430,9
23625,430,10
23626,534,9
23627,NULL,1
23628,391,4
23629,430,9
23630,430,9
23631,430,10
23632,250,10
23633,NULL,1
23634,NULL,1
23635,430,9
23636,250,1
23637,499,10
23638,121,1
23639,391,4
23640,250,10
23641,430,4
23642,NULL,1
23643,307,10
23644,NULL,10
23645,NULL,11
23646,430,10
23647,250,10
23648,250,10
23649,NULL,1
23650,499,10
23651,NULL,1
23652,NULL,1
23653,NULL,1
23654,430,9
23655,250,1
23656,464,21
23657,513,10
23658,550,1
23659,NULL,1
23660,NULL,1
23661,NULL,1
23662,125,1
23663,NULL,1
23664,NULL,1
23665,NULL,10
23666,121,11
23667,430,10
23668,430,9
23669,NULL,11
23670,430,9
23671,NULL,1
23672,NULL,1
23673,NULL,1
23674,430,9
23675,430,9
23676,270,10
23677,NULL,1
23678,430,9
23679,550,1
23680,70,15
23681,70,14
23682,245,21
23683,430,9
23684,430,9
23685,NULL,1
23686,430,9
23687,NULL,1
23688,NULL,1
23689,NULL,10
23690,NULL,1
23691,430,8
23692,120,9
23693,430,10
23694,550,21
23695,499,10
23696,430,9
23697,430,10
23698,270,10
23699,NULL,7
23700,464,21
23701,430,9
23702,21,4
23703,430,9
23704,431,10
23705,430,10
23706,530,28
23707,120,9
23708,530,9
23709,430,10
23710,464,21
23711,250,10
23712,431,10
23713,513,10
23714,NULL,1
23715,542,1
23716,530,9
23717,430,8
23718,121,11
23719,NULL,10
23720,431,10
23721,430,9
23722,NULL,1
23723,NULL,11
23724,NULL,1
23725,391,1
23726,121,1
23727,NULL,1
23728,70,15
23729,430,10
23730,267,2
23731,NULL,1
23732,3,25
23733,250,10
23734,NULL,10
23735,NULL,1
23736,NULL,1
23737,430,10
23738,549,1
23739,NULL,1
23740,NULL,10
23741,NULL,1
23742,270,1
23743,NULL,10
23744,NULL,1
23745,250,1
23746,NULL,1
23747,430,8
23748,3,25
23749,391,1
23750,NULL,10
23751,NULL,1
23752,NULL,1
23753,NULL,10
23754,NULL,1
23755,430,10
23756,3,25
23757,534,8
23758,430,4
23759,NULL,1
23760,NULL,1
23761,3,25
23762,549,1
23763,NULL,3
23764,3,25
23765,430,8
23766,NULL,1
23767,NULL,1
23768,307,10
23769,430,8
23770,NULL,1
23771,NULL,3
23772,NULL,11
23773,430,10
23774,430,9
23775,430,9
23776,70,15
23777,499,10
23778,NULL,1
23779,NULL,3
23780,270,10
23781,NULL,16
23782,430,4
23783,NULL,1
23784,156,1
23785,NULL,1
23786,430,8
23787,NULL,3
23788,NULL,1
23789,NULL,1
23790,430,9
23791,NULL,1
23792,270,10
23793,NULL,1
23794,541,1
23795,NULL,3
23796,250,10
23797,120,9
23798,430,10
23799,NULL,1
23800,NULL,1
23801,105,1
23802,125,1
23803,NULL,3
23804,430,10
23805,120,9
23806,430,10
23807,NULL,1
23808,250,10
23809,499,10
23810,125,1
23811,492,1
23812,430,10
23813,499,10
23814,430,8
23815,NULL,1
23816,430,9
23817,NULL,1
23818,267,11
23819,250,10
23820,NULL,1
23821,NULL,1
23822,430,9
23823,NULL,1
23824,250,10
23825,NULL,1
23826,430,9
23827,250,10
23828,NULL,1
23829,NULL,1
23830,430,9
23831,NULL,1
23832,430,10
23833,NULL,1
23834,3,25
23835,NULL,1
23836,430,9
23837,NULL,10
23838,565,1
23839,NULL,1
23840,NULL,1
23841,464,4
23842,250,10
23843,499,10
23844,NULL,1
23845,3,25
23846,430,10
23847,499,10
23848,NULL,1
23849,NULL,1
23850,3,25
23851,430,10
23852,21,4
23853,3,25
23854,54,1
23855,430,10
23856,250,10
23857,250,10
23858,385,10
23859,120,9
23860,21,4
23861,499,10
23862,250,10
23863,NULL,1
23864,430,9
23865,NULL,1
23866,3,25
23867,NULL,3
23868,430,10
23869,245,7
23870,3,25
23871,NULL,1
23872,391,1
23873,250,10
23874,NULL,1
23875,464,21
23876,565,1
23877,499,10
23878,3,25
23879,121,1
23880,430,9
23881,415,1
23882,NULL,21
23883,534,8
23884,NULL,1
23885,499,10
23886,3,25
23887,121,11
23888,54,1
23889,250,10
23890,NULL,1
23891,NULL,1
23892,430,10
23893,391,4
23894,NULL,21
23895,391,4
23896,534,8
23897,250,10
23898,430,10
23899,430,9
23900,430,10
23901,391,4
23902,NULL,1
23903,391,4
23904,NULL,10
23905,250,10
23906,245,21
23907,NULL,1
23908,3,25
23909,21,4
23910,NULL,1
23911,430,9
23912,511,1
23913,NULL,1
23914,NULL,1
23915,430,9
23916,121,1
23917,250,10
23918,125,1
23919,NULL,1
23920,430,8
23921,430,9
23922,206,2
23923,267,11
23924,499,10
23925,NULL,1
23926,NULL,1
23927,250,10
23928,NULL,21
23929,391,4
23930,70,13
23931,267,11
23932,NULL,1
23933,NULL,1
23934,NULL,1
23935,430,9
23936,270,10
23937,NULL,1
23938,267,11
23939,NULL,1
23940,430,9
23941,464,21
23942,499,10
23943,430,9
23944,391,10
23945,120,9
23946,391,4
23947,430,9
23948,NULL,1
23949,430,10
23950,250,10
23951,NULL,1
23952,391,10
23953,415,1
23954,NULL,1
23955,430,9
23956,270,10
23957,NULL,16
23958,250,10
23959,550,21
23960,391,10
23961,430,10
23962,430,9
23963,430,10
23964,415,1
23965,464,21
23966,430,10
23967,464,21
23968,430,8
23969,NULL,1
23970,430,8
23971,430,10
23972,NULL,1
23973,430,9
23974,430,9
23975,NULL,1
23976,NULL,10
23977,NULL,1
23978,430,8
23979,430,9
23980,534,8
23981,NULL,1
23982,NULL,1
23983,245,7
23984,121,16
23985,565,1
23986,513,10
23987,NULL,1
23988,534,8
23989,530,9
23990,120,9
23991,3,25
23992,NULL,10
23993,430,10
23994,430,10
23995,NULL,1
23996,534,9
23997,464,21
23998,NULL,1
23999,430,10
24000,430,9
24001,250,10
24002,120,9
24003,NULL,1
24004,NULL,1
24005,NULL,1
24006,NULL,1
24007,430,10
24008,391,10
24009,NULL,1
24010,NULL,1
24011,NULL,1
24012,250,10
24013,70,7
24014,NULL,16
24015,NULL,1
24016,391,10
24017,NULL,13
24018,250,10
24019,430,10
24020,565,1
24021,430,9
24022,120,9
24023,530,28
24024,391,10
24025,430,8
24026,430,9
24027,245,7
24028,NULL,1
24029,430,9
24030,430,10
24031,470,1
24032,391,10
24033,NULL,1
24034,534,8
24035,430,8
24036,NULL,10
24037,430,10
24038,551,1
24039,125,1
24040,NULL,10
24041,NULL,1
24042,534,9
24043,21,4
24044,NULL,10
24045,NULL,10
24046,534,8
24047,267,11
24048,NULL,1
24049,NULL,10
24050,534,8
24051,267,11
24052,NULL,1
24053,430,9
24054,NULL,1
24055,430,10
24056,NULL,14
24057,250,10
24058,NULL,1
24059,430,10
24060,534,9
24061,NULL,1
24062,NULL,11
24063,530,28
24064,NULL,1
24065,430,9
24066,197,7
24067,270,10
24068,430,8
24069,NULL,1
24070,NULL,11
24071,530,28
24072,391,4
24073,430,9
24074,250,1
24075,430,9
24076,250,10
24077,499,10
24078,NULL,11
24079,NULL,1
24080,456,13
24081,430,10
24082,514,1
24083,121,11
24084,NULL,11
24085,NULL,10
24086,NULL,1
24087,NULL,1
24088,NULL,1
24089,270,10
24090,430,10
24091,NULL,1
24092,NULL,11
24093,245,21
24094,430,10
24095,565,1
24096,391,4
24097,250,10
24098,430,10
24099,NULL,1
24100,449,9
24101,3,25
24102,391,4
24103,565,1
24104,391,4
24105,430,9
24106,430,9
24107,492,1
24108,NULL,11
24109,3,25
24110,391,4
24111,430,10
24112,250,10
24113,430,9
24114,NULL,1
24115,121,16
24116,NULL,1
24117,530,9
24118,NULL,1
24119,NULL,10
24120,NULL,1
24121,NULL,1
24122,430,10
24123,NULL,1
24124,492,1
24125,NULL,1
24126,430,9
24127,NULL,1
24128,534,8
24129,NULL,1
24130,121,1
24131,430,9
24132,NULL,1
24133,250,1
24134,70,7
24135,70,13
24136,534,8
24137,499,10
24138,NULL,1
24139,NULL,1
24140,NULL,16
24141,NULL,1
24142,70,7
24143,430,9
24144,534,8
24145,21,4
24146,430,10
24147,NULL,1
24148,NULL,1
24149,430,10
24150,NULL,1
24151,565,1
24152,206,2
24153,430,10
24154,430,9
24155,3,25
24156,464,4
24157,NULL,1
24158,NULL,1
24159,NULL,10
24160,206,2
24161,245,7
24162,250,10
24163,430,9
24164,464,21
24165,NULL,1
24166,430,9
24167,391,10
24168,206,2
24169,NULL,1
24170,NULL,1
24171,430,9
24172,464,21
24173,NULL,10
24174,550,8
24175,391,4
24176,NULL,1
24177,NULL,21
24178,250,10
24179,391,4
24180,NULL,1
24181,NULL,10
24182,70,7
24183,430,9
24184,NULL,1
24185,499,10
24186,250,10
24187,250,10
24188,121,1
24189,NULL,10
24190,NULL,1
24191,430,9
24192,245,21
24193,NULL,1
24194,499,10
24195,NULL,1
24196,550,1
24197,NULL,10
24198,430,9
24199,534,9
24200,245,21
24201,NULL,1
24202,415,1
24203,NULL,21
24204,NULL,1
24205,3,25
24206,492,1
24207,NULL,10
24208,245,21
24209,NULL,1
24210,250,10
24211,499,10
24212,70,7
24213,430,8
24214,121,11
24215,NULL,1
24216,391,4
24217,464,21
24218,125,1
24219,431,10
24220,430,9
24221,430,10
24222,513,10
24223,430,9
24224,121,1
24225,NULL,1
24226,NULL,1
24227,430,10
24228,391,21
24229,499,10
24230,NULL,1
24231,430,9
24232,121,1
24233,NULL,11
24234,430,8
24235,391,21
24236,120,9
24237,391,1
24238,NULL,10
24239,430,1
24240,385,10
24241,430,10
24242,430,10
24243,NULL,3
24244,464,21
24245,499,10
24246,NULL,1
24247,250,10
24248,430,1
24249,391,10
24250,3,25
24251,464,21
24252,464,21
24253,499,10
24254,NULL,1
24255,NULL,1
24256,70,15
24257,NULL,1
24258,391,1
24259,NULL,11
24260,250,1
24261,430,9
24262,550,10
24263,542,1
24264,391,21
24265,NULL,4
24266,121,16
24267,550,21
24268,499,10
24269,385,10
24270,250,10
24271,NULL,10
24272,430,10
24273,NULL,4
24274,NULL,1
24275,534,1
24276,NULL,1
24277,NULL,1
24278,499,10
24279,430,9
24280,391,21
24281,156,1
24282,121,11
24283,NULL,1
24284,NULL,10
24285,492,1
24286,250,10
24287,391,10
24288,245,21
24289,156,1
24290,430,9
24291,NULL,1
24292,121,11
24293,430,9
24294,250,10
24295,391,10
24296,70,13
24297,430,9
24298,NULL,1
24299,NULL,1
24300,NULL,1
24301,NULL,1
24302,NULL,1
24303,391,10
24304,70,13
24305,NULL,1
24306,318,1
24307,NULL,1
24308,70,15
24309,NULL,10
24310,NULL,1
24311,NULL,21
24312,NULL,1
24313,NULL,1
24314,250,10
24315,NULL,1
24316,430,9
24317,430,10
24318,70,22
24319,NULL,1
24320,NULL,1
24321,70,7
24322,318,1
24323,NULL,16
24324,70,15
24325,391,4
24326,391,21
24327,430,10
24328,NULL,1
24329,430,9
24330,430,10
24331,464,21
24332,156,1
24333,NULL,10
24334,391,21
24335,NULL,1
24336,NULL,1
24337,NULL,1
24338,121,11
24339,121,11
24340,NULL,1
24341,245,7
24342,391,21
24343,NULL,1
24344,530,28
24345,NULL,1
24346,21,4
24347,430,9
24348,430,9
24349,318,1
24350,430,10
24351,NULL,1
24352,NULL,1
24353,245,21
24354,245,7
24355,NULL,1
24356,NULL,1
24357,430,9
24358,430,10
24359,430,8
24360,430,9
24361,391,10
24362,NULL,11
24363,NULL,1
24364,250,10
24365,250,10
24366,430,10
24367,430,9
24368,NULL,1
24369,391,10
24370,NULL,1
24371,NULL,1
24372,430,10
24373,125,1
24374,534,8
24375,391,4
24376,430,9
24377,NULL,1
24378,54,9
24379,156,1
24380,70,15
24381,NULL,10
24382,430,8
24383,NULL,1
24384,197,7
24385,534,8
24386,NULL,1
24387,NULL,1
24388,NULL,1
24389,430,9
24390,NULL,4
24391,NULL,1
24392,NULL,1
24393,NULL,1
24394,430,9
24395,NULL,1
24396,NULL,1
24397,430,9
24398,NULL,4
24399,431,10
24400,NULL,1
24401,391,10
24402,NULL,1
24403,NULL,1
24404,550,21
24405,NULL,3
24406,NULL,21
24407,NULL,1
24408,430,10
24409,391,10
24410,NULL,1
24411,430,9
24412,430,8
24413,499,10
24414,250,10
24415,431,10
24416,NULL,21
24417,391,10
24418,430,8
24419,70,15
24420,250,10
24421,NULL,1
24422,250,10
24423,NULL,1
24424,3,25
24425,391,10
24426,NULL,1
24427,270,10
24428,250,10
24429,NULL,1
24430,NULL,1
24431,391,4
24432,NULL,1
24433,391,10
24434,270,10
24435,NULL,1
24436,250,10
24437,245,21
24438,NULL,4
24439,70,7
24440,NULL,1
24441,391,4
24442,464,21
24443,270,10
24444,250,10
24445,430,9
24446,430,9
24447,391,21
24448,318,1
24449,391,10
24450,270,10
24451,534,8
24452,NULL,10
24453,NULL,1
24454,250,10
24455,391,21
24456,70,14
24457,391,10
24458,NULL,1
24459,430,9
24460,NULL,10
24461,NULL,1
24462,391,4
24463,NULL,1
24464,431,1
24465,391,10
24466,270,10
24467,NULL,1
24468,NULL,1
24469,NULL,1
24470,385,10
24471,NULL,1
24472,430,10
24473,NULL,10
24474,270,10
24475,499,10
24476,391,1
24477,250,10
24478,250,10
24479,430,9
24480,NULL,1
24481,NULL,10
24482,NULL,1
24483,250,10
24484,430,10
24485,250,10
24486,492,1
24487,391,10
24488,391,4
24489,NULL,10
24490,NULL,1
24491,250,10
24492,430,10
24493,250,10
24494,NULL,1
24495,430,9
24496,70,13
24497,391,10
24498,250,10
24499,250,10
24500,NULL,1
24501,430,9
24502,499,10
24503,360,21
24504,530,9
24505,391,10
24506,270,10
24507,385,10
24508,391,4
24509,250,10
24510,21,4
24511,NULL,21
24512,NULL,1
24513,391,10
24514,250,10
24515,NULL,1
24516,250,10
24517,250,10
24518,430,9
24519,430,9
24520,NULL,1
24521,430,8
24522,250,10
24523,NULL,1
24524,551,1
24525,550,21
24526,430,9
24527,270,10
24528,391,4
24529,391,10
24530,NULL,10
24531,430,10
24532,NULL,10
24533,250,10
24534,245,7
24535,430,10
24536,391,4
24537,391,10
24538,NULL,1
24539,430,9
24540,250,10
24541,250,10
24542,430,9
24543,391,4
24544,NULL,1
24545,391,10
24546,250,10
24547,232,9
24548,NULL,1
24549,250,10
24550,391,4
24551,430,9
24552,NULL,10
24553,430,9
24554,250,10
24555,391,1
24556,NULL,21
24557,250,10
24558,391,4
24559,499,10
24560,250,10
24561,70,15
24562,430,10
24563,NULL,1
24564,NULL,1
24565,NULL,1
24566,391,4
24567,430,9
24568,250,10
24569,NULL,1
24570,391,4
24571,430,10
24572,NULL,1
24573,NULL,1
24574,391,10
24575,NULL,1
24576,250,10
24577,NULL,1
24578,NULL,1
24579,430,10
24580,430,9
24581,250,10
24582,250,10
24583,430,9
24584,250,10
24585,NULL,1
24586,250,10
24587,245,21
24588,NULL,10
24589,430,1
24590,430,9
24591,430,9
24592,250,10
24593,NULL,1
24594,NULL,1
24595,174,1
24596,499,10
24597,464,21
24598,120,9
24599,499,10
24600,NULL,1
24601,430,9
24602,NULL,1
24603,430,10
24604,21,4
24605,NULL,1
24606,430,9
24607,541,10
24608,250,10
24609,NULL,1
24610,270,10
24611,391,10
24612,534,8
24613,464,21
24614,3,25
24615,NULL,1
24616,121,2
24617,NULL,1
24618,270,10
24619,430,8
24620,499,10
24621,430,10
24622,270,10
24623,499,10
24624,318,1
24625,NULL,1
24626,NULL,1
24627,391,10
24628,250,10
24629,391,10
24630,NULL,1
24631,245,7
24632,318,1
24633,430,9
24634,NULL,1
24635,391,10
24636,89,1
24637,391,10
24638,NULL,10
24639,NULL,1
24640,21,4
24641,121,23
24642,391,10
24643,391,10
24644,NULL,1
24645,391,10
24646,430,9
24647,NULL,1
24648,250,10
24649,NULL,1
24650,NULL,1
24651,391,10
24652,565,4
24653,391,10
24654,430,10
24655,245,7
24656,492,1
24657,206,2
24658,430,9
24659,391,10
24660,NULL,1
24661,307,10
24662,245,7
24663,245,7
24664,430,9
24665,391,10
24666,267,11
24667,391,10
24668,NULL,1
24669,456,13
24670,NULL,1
24671,534,8
24672,342,10
24673,391,10
24674,550,8
24675,391,10
24676,NULL,14
24677,250,10
24678,430,9
24679,534,8
24680,NULL,1
24681,391,10
24682,70,7
24683,391,10
24684,391,10
24685,250,10
24686,121,11
24687,430,9
24688,430,4
24689,NULL,16
24690,NULL,1
24691,391,10
24692,391,10
24693,250,10
24694,550,1
24695,430,10
24696,250,10
24697,NULL,16
24698,534,8
24699,391,10
24700,391,10
24701,250,10
24702,NULL,1
24703,430,10
24704,492,1
24705,121,1
24706,NULL,10
24707,430,8
24708,391,10
24709,250,10
24710,430,9
24711,125,4
24712,NULL,1
24713,391,4
24714,187,11
24715,344,1
24716,391,10
24717,464,21
24718,NULL,1
24719,550,8
24720,250,1
24721,473,1
24722,430,10
24723,391,10
24724,499,10
24725,NULL,1
24726,NULL,3
24727,NULL,10
24728,250,10
24729,250,10
24730,NULL,10
24731,391,10
24732,391,10
24733,270,10
24734,430,10
24735,250,10
24736,534,9
24737,430,8
24738,NULL,4
24739,391,10
24740,391,10
24741,270,10
24742,NULL,1
24743,NULL,10
24744,530,28
24745,391,10
24746,NULL,21
24747,430,10
24748,391,10
24749,551,1
24750,NULL,1
24751,550,1
24752,NULL,1
24753,232,9
24754,NULL,1
24755,NULL,1
24756,391,10
24757,430,8
24758,NULL,1
24759,187,11
24760,NULL,1
24761,430,10
24762,3,25
24763,NULL,1
24764,430,10
24765,391,4
24766,542,1
24767,549,8
24768,530,28
24769,NULL,1
24770,NULL,1
24771,430,10
24772,499,10
24773,NULL,1
24774,464,21
24775,391,4
24776,NULL,1
24777,499,10
24778,430,1
24779,399,1
24780,NULL,1
24781,NULL,1
24782,121,1
24783,NULL,1
24784,NULL,1
24785,492,1
24786,391,21
24787,NULL,1
24788,391,10
24789,NULL,1
24790,270,10
24791,NULL,1
24792,NULL,1
24793,250,1
24794,NULL,1
24795,NULL,1
24796,391,10
24797,391,1
24798,464,21
24799,534,1
24800,NULL,1
24801,250,1
24802,125,1
24803,3,25
24804,551,1
24805,NULL,1
24806,464,21
24807,250,1
24808,430,8
24809,430,10
24810,206,2
24811,NULL,1
24812,391,4
24813,NULL,1
24814,NULL,1
24815,NULL,1
24816,NULL,1
24817,464,21
24818,125,1
24819,NULL,1
24820,430,8
24821,430,10
24822,NULL,1
24823,391,10
24824,NULL,1
24825,430,8
24826,NULL,1
24827,270,10
24828,430,10
24829,250,10
24830,NULL,1
24831,125,1
24832,NULL,1
24833,120,9
24834,430,4
24835,245,7
24836,391,10
24837,250,10
24838,499,10
24839,125,1
24840,430,10
24841,250,10
24842,499,10
24843,391,10
24844,391,10
24845,NULL,1
24846,464,21
24847,NULL,1
24848,430,10
24849,250,10
24850,492,1
24851,206,2
24852,391,10
24853,499,10
24854,464,21
24855,259,9
24856,NULL,1
24857,120,9
24858,327,10
24859,NULL,10
24860,391,10
24861,NULL,1
24862,250,10
24863,259,9
24864,NULL,1
24865,120,9
24866,327,10
24867,NULL,10
24868,245,21
24869,NULL,1
24870,430,8
24871,391,4
24872,NULL,1
24873,430,10
24874,327,10
24875,NULL,10
24876,385,10
24877,NULL,1
24878,NULL,1
24879,125,1
24880,270,10
24881,270,10
24882,NULL,21
24883,NULL,10
24884,430,8
24885,NULL,1
24886,NULL,1
24887,430,9
24888,342,10
24889,456,14
24890,NULL,11
24891,232,9
24892,NULL,10
24893,NULL,1
24894,399,1
24895,125,1
24896,156,1
24897,250,10
24898,430,10
24899,NULL,16
24900,NULL,1
24901,NULL,1
24902,550,1
24903,391,23
24904,156,1
24905,430,9
24906,430,9
24907,NULL,1
24908,NULL,1
24909,NULL,1
24910,464,21
24911,456,13
24912,NULL,1
24913,530,9
24914,NULL,1
24915,499,10
24916,391,10
24917,327,10
24918,464,21
24919,456,13
24920,464,4
24921,530,9
24922,430,9
24923,250,10
24924,391,10
24925,430,9
24926,430,1
24927,499,10
24928,121,16
24929,550,1
24930,464,21
24931,464,21
24932,206,2
24933,NULL,1
24934,NULL,1
24935,391,4
24936,250,10
24937,530,9
24938,206,2
24939,120,9
24940,NULL,10
24941,534,1
24942,NULL,1
24943,120,9
24944,385,10
24945,NULL,1
24946,206,2
24947,120,9
24948,430,10
24949,NULL,1
24950,430,9
24951,NULL,1
24952,NULL,1
24953,464,21
24954,430,9
24955,NULL,16
24956,430,10
24957,NULL,1
24958,NULL,1
24959,NULL,1
24960,430,10
24961,NULL,21
24962,430,10
24963,70,7
24964,307,10
24965,121,11
24966,NULL,1
24967,232,9
24968,NULL,1
24969,430,9
24970,530,9
24971,499,10
24972,NULL,1
24973,430,9
24974,NULL,1
24975,NULL,1
24976,NULL,1
24977,391,21
24978,NULL,3
24979,499,10
24980,430,10
24981,565,4
24982,NULL,1
24983,464,21
24984,NULL,1
24985,NULL,1
24986,250,1
24987,NULL,1
24988,NULL,1
24989,250,10
24990,NULL,10
24991,430,8
24992,430,4
24993,250,1
24994,430,9
24995,259,9
24996,430,10
24997,120,9
24998,NULL,1
24999,470,1
25000,430,10
25001,250,10
25002,120,9
25003,259,9
25004,464,1
25005,391,4
25006,NULL,1
25007,NULL,9
25008,250,10
25009,NULL,14
25010,NULL,1
25011,259,9
25012,391,4
25013,NULL,1
25014,499,10
25015,NULL,1
25016,NULL,10
25017,456,14
25018,NULL,1
25019,NULL,1
25020,70,7
25021,307,10
25022,70,15
25023,464,21
25024,270,10
25025,391,4
25026,NULL,1
25027,NULL,1
25028,NULL,1
25029,250,1
25030,NULL,1
25031,3,1
25032,530,28
25033,174,1
25034,NULL,1
25035,NULL,1
25036,NULL,1
25037,391,4
25038,NULL,1
25039,307,10
25040,NULL,1
25041,534,1
25042,NULL,1
25043,259,9
25044,NULL,10
25045,NULL,1
25046,NULL,1
25047,530,1
25048,NULL,1
25049,341,10
25050,391,21
25051,430,10
25052,3,25
25053,391,4
25054,121,11
25055,NULL,1
25056,NULL,1
25057,341,10
25058,NULL,1
25059,NULL,14
25060,550,1
25061,NULL,1
25062,250,10
25063,430,9
25064,430,9
25065,430,9
25066,NULL,1
25067,NULL,1
25068,NULL,1
25069,174,1
25070,3,1
25071,430,9
25072,430,9
25073,NULL,1
25074,534,1
25075,430,10
25076,430,8
25077,NULL,10
25078,NULL,1
25079,456,14
25080,551,1
25081,NULL,21
25082,307,10
25083,NULL,1
25084,534,8
25085,NULL,1
25086,250,10
25087,250,10
25088,NULL,3
25089,430,10
25090,430,10
25091,NULL,13
25092,NULL,1
25093,430,9
25094,391,1
25095,120,9
25096,430,10
25097,430,9
25098,NULL,10
25099,NULL,4
25100,245,21
25101,530,9
25102,391,10
25103,430,9
25104,250,10
25105,250,1
25106,245,7
25107,430,10
25108,250,10
25109,307,10
25110,391,10
25111,456,14
25112,250,10
25113,270,10
25114,NULL,1
25115,550,3
25116,391,21
25117,307,10
25118,430,8
25119,385,10
25120,NULL,1
25121,NULL,1
25122,250,10
25123,NULL,13
25124,431,10
25125,399,4
25126,NULL,4
25127,250,10
25128,430,10
25129,NULL,1
25130,499,10
25131,430,8
25132,391,4
25133,492,1
25134,NULL,1
25135,250,10
25136,125,1
25137,NULL,1
25138,430,9
25139,250,10
25140,307,10
25141,NULL,1
25142,431,10
25143,NULL,1
25144,318,1
25145,456,14
25146,206,2
25147,NULL,1
25148,NULL,1
25149,NULL,1
25150,NULL,1
25151,430,9
25152,318,1
25153,121,1
25154,NULL,1
25155,430,9
25156,430,9
25157,250,10
25158,206,2
25159,120,9
25160,250,10
25161,430,10
25162,206,2
25163,430,9
25164,534,8
25165,464,21
25166,391,10
25167,250,10
25168,70,22
25169,NULL,1
25170,391,4
25171,430,10
25172,NULL,1
25173,430,1
25174,391,10
25175,456,13
25176,430,9
25177,259,9
25178,499,10
25179,456,13
25180,232,9
25181,530,1
25182,391,10
25183,456,13
25184,431,4
25185,391,10
25186,499,10
25187,456,13
25188,534,8
25189,456,13
25190,391,10
25191,430,10
25192,565,1
25193,250,10
25194,499,10
25195,499,10
25196,NULL,14
25197,391,21
25198,430,10
25199,NULL,1
25200,NULL,1
25201,391,10
25202,245,7
25203,430,8
25204,70,7
25205,391,21
25206,391,10
25207,391,10
25208,267,11
25209,430,10
25210,NULL,14
25211,430,9
25212,70,14
25213,456,13
25214,430,8
25215,391,10
25216,21,4
25217,70,7
25218,NULL,1
25219,513,10
25220,NULL,1
25221,206,2
25222,174,1
25223,391,10
25224,NULL,1
25225,430,9
25226,NULL,1
25227,70,13
25228,NULL,1
25229,391,4
25230,NULL,10
25231,391,10
25232,NULL,1
25233,530,9
25234,391,10
25235,430,10
25236,250,10
25237,456,13
25238,391,10
25239,391,10
25240,430,10
25241,391,4
25242,391,10
25243,327,10
25244,456,14
25245,456,13
25246,391,10
25247,430,10
25248,121,11
25249,430,9
25250,534,8
25251,NULL,1
25252,456,14
25253,250,10
25254,391,10
25255,430,10
25256,250,10
25257,391,4
25258,NULL,1
25259,499,10
25260,456,14
25261,391,4
25262,391,10
25263,511,9
25264,250,10
25265,391,4
25266,NULL,14
25267,NULL,1
25268,NULL,1
25269,391,4
25270,391,10
25271,534,8
25272,NULL,10
25273,534,8
25274,499,10
25275,551,1
25276,174,1
25277,499,10
25278,391,10
25279,391,4
25280,430,9
25281,430,9
25282,511,9
25283,430,9
25284,NULL,10
25285,391,4
25286,430,9
25287,NULL,14
25288,250,10
25289,430,9
25290,318,1
25291,125,1
25292,NULL,10
25293,430,10
25294,270,10
25295,534,8
25296,430,10
25297,270,10
25298,250,10
25299,NULL,1
25300,NULL,10
25301,250,10
25302,NULL,1
25303,391,10
25304,NULL,1
25305,250,10
25306,NULL,1
25307,259,9
25308,NULL,1
25309,391,4
25310,NULL,1
25311,NULL,1
25312,430,10
25313,430,8
25314,125,1
25315,385,10
25316,534,8
25317,341,10
25318,NULL,3
25319,NULL,1
25320,499,10
25321,464,21
25322,430,8
25323,259,9
25324,120,9
25325,121,11
25326,232,9
25327,250,1
25328,534,8
25329,464,21
25330,250,10
25331,534,9
25332,391,4
25333,391,10
25334,250,10
25335,499,10
25336,430,10
25337,341,10
25338,430,9
25339,121,1
25340,NULL,1
25341,391,21
25342,250,10
25343,391,10
25344,430,9
25345,250,10
25346,NULL,10
25347,125,1
25348,NULL,1
25349,391,21
25350,NULL,14
25351,391,10
25352,550,1
25353,430,9
25354,391,4
25355,NULL,1
25356,125,1
25357,NULL,1
25358,534,9
25359,250,10
25360,NULL,1
25361,430,8
25362,NULL,10
25363,NULL,1
25364,464,21
25365,270,10
25366,270,10
25367,430,9
25368,430,9
25369,391,4
25370,NULL,10
25371,NULL,1
25372,250,10
25373,250,1
25374,391,4
25375,391,4
25376,430,9
25377,NULL,1
25378,3,25
25379,NULL,1
25380,399,4
25381,391,4
25382,250,10
25383,245,7
25384,430,10
25385,550,1
25386,250,10
25387,125,1
25388,391,10
25389,430,10
25390,NULL,1
25391,391,4
25392,430,9
25393,464,21
25394,250,10
25395,250,10
25396,391,10
25397,250,10
25398,245,21
25399,250,10
25400,21,4
25401,125,1
25402,NULL,10
25403,430,8
25404,391,10
25405,NULL,10
25406,530,9
25407,250,10
25408,430,9
25409,250,10
25410,430,9
25411,250,10
25412,174,1
25413,NULL,10
25414,250,10
25415,250,10
25416,534,9
25417,430,8
25418,250,10
25419,391,4
25420,250,1
25421,391,10
25422,430,10
25423,250,10
25424,449,9
25425,NULL,1
25426,430,9
25427,NULL,1
25428,NULL,1
25429,391,10
25430,250,10
25431,430,10
25432,NULL,11
25433,NULL,10
25434,NULL,10
25435,NULL,1
25436,534,1
25437,391,10
25438,259,9
25439,70,7
25440,NULL,11
25441,430,9
25442,250,10
25443,430,10
25444,NULL,1
25445,NULL,1
25446,391,21
25447,530,9
25448,430,9
25449,270,10
25450,250,10
25451,430,10
25452,391,4
25453,391,10
25454,391,4
25455,NULL,14
25456,NULL,1
25457,306,1
25458,430,9
25459,430,9
25460,391,4
25461,391,10
25462,391,4
25463,492,1
25464,NULL,1
25465,NULL,1
25466,430,9
25467,121,11
25468,270,10
25469,391,10
25470,464,4
25471,430,9
25472,327,10
25473,70,13
25474,430,9
25475,NULL,1
25476,250,10
25477,391,10
25478,125,1
25479,NULL,14
25480,NULL,1
25481,70,13
25482,250,10
25483,456,13
25484,391,4
25485,250,10
25486,125,1
25487,250,10
25488,530,1
25489,120,9
25490,430,9
25491,NULL,10
25492,NULL,1
25493,NULL,14
25494,125,1
25495,464,21
25496,307,10
25497,399,1
25498,550,8
25499,534,8
25500,NULL,1
25501,NULL,14
25502,499,10
25503,464,21
25504,NULL,1
25505,530,9
25506,245,7
25507,3,25
25508,NULL,1
25509,NULL,14
25510,464,21
25511,464,21
25512,NULL,1
25513,NULL,1
25514,534,8
25515,3,25
25516,NULL,1
25517,430,1
25518,430,9
25519,464,21
25520,530,9
25521,250,10
25522,550,1
25523,NULL,10
25524,NULL,1
25525,250,10
25526,430,9
25527,250,10
25528,245,21
25529,3,25
25530,250,1
25531,NULL,1
25532,430,10
25533,430,10
25534,391,10
25535,499,10
25536,NULL,1
25537,534,8
25538,534,8
25539,327,10
25540,NULL,1
25541,NULL,1
25542,464,21
25543,464,21
25544,430,10
25545,NULL,10
25546,NULL,21
25547,NULL,1
25548,430,10
25549,430,9
25550,499,10
25551,550,1
25552,70,14
25553,430,9
25554,430,9
25555,NULL,1
25556,499,10
25557,70,7
25558,NULL,1
25559,492,1
25560,430,9
25561,430,9
25562,NULL,1
25563,NULL,1
25564,499,10
25565,456,14
25566,250,10
25567,270,10
25568,250,10
25569,499,10
25570,534,8
25571,NULL,1
25572,456,13
25573,125,1
25574,431,10
25575,430,10
25576,470,1
25577,534,8
25578,430,9
25579,456,14
25580,NULL,1
25581,NULL,1
25582,391,4
25583,250,10
25584,NULL,1
25585,391,4
25586,270,10
25587,391,4
25588,391,21
25589,250,10
25590,391,4
25591,250,10
25592,NULL,13
25593,391,4
25594,NULL,1
25595,391,4
25596,499,10
25597,341,10
25598,NULL,1
25599,430,9
25600,NULL,1
25601,156,1
25602,250,10
25603,327,10
25604,391,4
25605,391,10
25606,NULL,1
25607,NULL,1
25608,550,21
25609,NULL,10
25610,385,10
25611,464,1
25612,121,16
25613,NULL,1
25614,NULL,1
25615,250,10
25616,456,13
25617,NULL,10
25618,NULL,1
25619,430,9
25620,391,21
25621,259,9
25622,NULL,1
25623,430,9
25624,391,4
25625,250,10
25626,NULL,1
25627,431,10
25628,430,9
25629,391,4
25630,NULL,1
25631,54,1
25632,391,21
25633,250,10
25634,NULL,1
25635,431,10
25636,NULL,1
25637,391,4
25638,259,9
25639,NULL,1
25640,391,21
25641,250,10
25642,430,9
25643,430,9
25644,NULL,1
25645,NULL,1
25646,550,3
25647,NULL,10
25648,391,21
25649,NULL,1
25650,430,9
25651,430,9
25652,NULL,1
25653,125,1
25654,430,9
25655,NULL,1
25656,513,10
25657,264,3
25658,430,9
25659,430,9
25660,121,1
25661,121,1
25662,307,10
25663,NULL,1
25664,NULL,1
25665,391,4
25666,NULL,1
25667,391,4
25668,NULL,1
25669,NULL,1
25670,NULL,1
25671,250,10
25672,307,10
25673,250,10
25674,NULL,1
25675,464,21
25676,187,1
25677,430,10
25678,NULL,10
25679,270,10
25680,456,14
25681,327,10
25682,391,4
25683,250,10
25684,430,9
25685,430,9
25686,534,8
25687,NULL,1
25688,NULL,14
25689,456,13
25690,430,10
25691,NULL,1
25692,499,10
25693,513,10
25694,516,8
25695,120,9
25696,NULL,14
25697,NULL,1
25698,534,9
25699,430,9
25700,385,10
25701,NULL,13
25702,534,8
25703,430,8
25704,534,9
25705,70,7
25706,391,4
25707,NULL,1
25708,391,4
25709,NULL,1
25710,391,4
25711,232,9
25712,391,4
25713,270,10
25714,511,9
25715,530,9
25716,NULL,1
25717,NULL,13
25718,499,10
25719,250,10
25720,430,9
25721,NULL,14
25722,174,1
25723,NULL,3
25724,385,10
25725,NULL,13
25726,499,10
25727,391,10
25728,120,9
25729,NULL,14
25730,NULL,1
25731,464,21
25732,403,1
25733,341,10
25734,270,10
25735,391,10
25736,456,14
25737,430,9
25738,341,10
25739,NULL,1
25740,391,4
25741,341,10
25742,430,10
25743,430,9
25744,456,14
25745,499,10
25746,430,1
25747,464,21
25748,391,10
25749,NULL,1
25750,NULL,1
25751,534,9
25752,456,14
25753,499,10
25754,551,1
25755,250,10
25756,NULL,1
25757,430,9
25758,NULL,1
25759,430,8
25760,492,1
25761,430,9
25762,NULL,1
25763,NULL,1
25764,534,9
25765,NULL,1
25766,391,10
25767,NULL,1
25768,NULL,1
25769,565,4
25770,NULL,10
25771,187,11
25772,NULL,25
25773,NULL,1
25774,391,4
25775,245,21
25776,250,10
25777,NULL,1
25778,456,13
25779,391,10
25780,270,1
25781,121,11
25782,NULL,1
25783,NULL,10
25784,270,10
25785,391,10
25786,125,1
25787,341,10
25788,NULL,1
25789,NULL,1
25790,250,1
25791,NULL,10
25792,270,10
25793,121,1
25794,430,9
25795,NULL,10
25796,NULL,1
25797,125,1
25798,391,4
25799,391,10
25800,430,9
25801,232,9
25802,NULL,1
25803,430,10
25804,430,9
25805,NULL,1
25806,391,4
25807,250,10
25808,430,9
25809,250,10
25810,121,1
25811,391,4
25812,NULL,1
25813,499,10
25814,NULL,14
25815,NULL,1
25816,NULL,10
25817,270,10
25818,391,10
25819,174,1
25820,206,2
25821,270,10
25822,492,1
25823,534,8
25824,430,9
25825,530,9
25826,391,4
25827,391,4
25828,534,9
25829,NULL,1
25830,NULL,1
25831,NULL,14
25832,534,9
25833,430,10
25834,391,4
25835,121,11
25836,430,9
25837,391,4
25838,NULL,1
25839,270,10
25840,430,9
25841,327,10
25842,NULL,1
25843,391,4
25844,NULL,1
25845,NULL,14
25846,NULL,1
25847,534,8
25848,391,4
25849,327,10
25850,541,10
25851,250,1
25852,NULL,1
25853,NULL,14
25854,NULL,14
25855,430,9
25856,391,4
25857,250,10
25858,391,10
25859,121,11
25860,NULL,1
25861,NULL,14
25862,NULL,1
25863,430,1
25864,391,4
25865,456,13
25866,391,10
25867,430,9
25868,NULL,1
25869,534,8
25870,250,10
25871,NULL,1
25872,82,10
25873,391,4
25874,391,10
25875,NULL,1
25876,206,2
25877,534,8
25878,NULL,1
25879,NULL,13
25880,430,10
25881,391,4
25882,391,10
25883,250,10
25884,430,10
25885,270,10
25886,513,10
25887,NULL,13
25888,391,10
25889,NULL,1
25890,391,10
25891,385,10
25892,430,10
25893,250,10
25894,250,10
25895,430,9
25896,430,10
25897,NULL,1
25898,430,9
25899,391,4
25900,NULL,4
25901,NULL,14
25902,327,10
25903,430,10
25904,499,10
25905,456,13
25906,120,9
25907,391,10
25908,391,10
25909,NULL,1
25910,391,4
25911,NULL,13
25912,NULL,1
25913,456,13
25914,385,10
25915,327,10
25916,NULL,14
25917,534,8
25918,430,10
25919,NULL,1
25920,NULL,1
25921,250,10
25922,NULL,1
25923,327,10
25924,NULL,14
25925,391,4
25926,250,10
25927,250,10
25928,NULL,1
25929,NULL,1
25930,464,21
25931,245,21
25932,NULL,3
25933,391,4
25934,250,10
25935,430,10
25936,NULL,1
25937,NULL,1
25938,121,1
25939,391,4
25940,499,10
25941,3,17
25942,121,1
25943,259,9
25944,385,10
25945,NULL,1
25946,430,8
25947,391,4
25948,NULL,14
25949,206,2
25950,499,10
25951,430,9
25952,430,10
25953,NULL,1
25954,NULL,1
25955,534,8
25956,391,10
25957,430,10
25958,391,21
25959,NULL,1
25960,499,10
25961,NULL,1
25962,70,7
25963,NULL,21
25964,391,10
25965,391,4
25966,250,10
25967,NULL,13
25968,499,10
25969,430,9
25970,250,10
25971,NULL,21
25972,430,9
25973,391,10
25974,391,21
25975,NULL,13
25976,391,4
25977,NULL,1
25978,456,13
25979,NULL,1
25980,430,10
25981,391,4
25982,391,21
25983,NULL,1
25984,NULL,1
25985,259,9
25986,456,13
25987,391,10
25988,NULL,1
25989,391,10
25990,391,21
25991,250,10
25992,NULL,1
25993,430,9
25994,430,8
25995,250,10
25996,NULL,1
25997,391,10
25998,391,21
25999,NULL,10
26000,250,10
26001,391,21
26002,270,10
26003,NULL,10
26004,327,10
26005,391,10
26006,NULL,1
26007,391,4
26008,550,1
26009,499,10
26010,70,13
26011,430,8
26012,327,10
26013,391,10
26014,NULL,1
26015,499,10
26016,NULL,14
26017,250,10
26018,121,11
26019,430,10
26020,NULL,10
26021,232,9
26022,NULL,1
26023,270,10
26024,430,10
26025,456,13
26026,250,1
26027,456,13
26028,430,9
26029,232,9
26030,NULL,1
26031,70,13
26032,NULL,1
26033,456,13
26034,NULL,1
26035,456,13
26036,391,4
26037,232,9
26038,NULL,1
26039,391,10
26040,NULL,14
26041,456,13
26042,NULL,1
26043,NULL,1
26044,391,10
26045,121,1
26046,187,1
26047,464,4
26048,232,9
26049,250,10
26050,430,9
26051,530,9
26052,391,10
26053,NULL,1
26054,385,10
26055,391,4
26056,464,21
26057,250,10
26058,NULL,1
26059,NULL,1
26060,391,10
26061,NULL,1
26062,327,10
26063,121,1
26064,NULL,1
26065,NULL,1
26066,NULL,1
26067,250,10
26068,391,4
26069,430,9
26070,70,13
26071,456,14
26072,250,1
26073,NULL,1
26074,NULL,1
26075,270,10
26076,NULL,1
26077,391,4
26078,391,4
26079,456,14
26080,464,21
26081,250,10
26082,430,10
26083,70,7
26084,NULL,1
26085,70,7
26086,385,10
26087,NULL,1
26088,464,21
26089,206,21
26090,464,21
26091,70,7
26092,391,4
26093,120,9
26094,270,10
26095,206,2
26096,464,21
26097,NULL,1
26098,430,9
26099,NULL,1
26100,391,10
26101,NULL,1
26102,NULL,1
26103,NULL,1
26104,391,4
26105,430,10
26106,307,10
26107,430,9
26108,391,10
26109,391,4
26110,464,21
26111,250,10
26112,464,21
26113,NULL,1
26114,250,1
26115,250,10
26116,391,10
26117,550,21
26118,430,9
26119,511,9
26120,464,21
26121,206,2
26122,250,1
26123,391,21
26124,391,10
26125,120,9
26126,391,10
26127,156,21
26128,415,1
26129,385,10
26130,NULL,1
26131,391,21
26132,391,10
26133,430,10
26134,NULL,1
26135,411,1
26136,121,1
26137,250,10
26138,NULL,1
26139,70,7
26140,NULL,1
26141,NULL,1
26142,120,9
26143,NULL,1
26144,245,7
26145,250,10
26146,456,13
26147,70,14
26148,464,4
26149,307,10
26150,534,9
26151,430,10
26152,NULL,1
26153,70,14
26154,550,1
26155,70,14
26156,391,23
26157,391,4
26158,267,11
26159,430,9
26160,565,4
26161,NULL,4
26162,125,1
26163,250,10
26164,391,4
26165,430,10
26166,430,10
26167,411,1
26168,565,4
26169,NULL,1
26170,464,21
26171,70,7
26172,391,4
26173,391,4
26174,391,10
26175,456,14
26176,430,10
26177,NULL,1
26178,464,21
26179,NULL,1
26180,125,1
26181,534,8
26182,NULL,1
26183,456,14
26184,NULL,1
26185,NULL,1
26186,391,21
26187,534,8
26188,125,1
26189,NULL,21
26190,70,14
26191,250,10
26192,125,1
26193,530,1
26194,391,21
26195,187,1
26196,121,1
26197,431,10
26198,550,3
26199,430,10
26200,NULL,8
26201,250,1
26202,391,4
26203,187,11
26204,NULL,4
26205,431,10
26206,430,8
26207,430,10
26208,534,9
26209,430,10
26210,391,21
26211,NULL,1
26212,430,9
26213,391,4
26214,430,10
26215,530,1
26216,341,10
26217,499,10
26218,541,10
26219,341,10
26220,430,9
26221,NULL,1
26222,511,9
26223,430,9
26224,120,9
26225,391,10
26226,391,4
26227,270,10
26228,NULL,13
26229,NULL,1
26230,430,9
26231,NULL,1
26232,120,9
26233,430,1
26234,430,10
26235,391,4
26236,430,8
26237,309,13
26238,259,9
26239,NULL,1
26240,430,9
26241,NULL,1
26242,NULL,1
26243,456,14
26244,NULL,1
26245,NULL,1
26246,430,9
26247,NULL,1
26248,NULL,1
26249,259,9
26250,NULL,1
26251,250,10
26252,530,9
26253,206,2
26254,456,14
26255,NULL,10
26256,NULL,1
26257,430,10
26258,259,9
26259,NULL,1
26260,456,14
26261,NULL,1
26262,430,9
26263,430,10
26264,NULL,1
26265,NULL,1
26266,259,9
26267,NULL,1
26268,456,14
26269,NULL,1
26270,565,4
26271,250,10
26272,NULL,1
26273,NULL,1
26274,NULL,1
26275,250,1
26276,430,10
26277,NULL,1
26278,456,14
26279,430,9
26280,125,1
26281,499,10
26282,NULL,1
26283,250,1
26284,341,10
26285,430,8
26286,430,9
26287,430,9
26288,430,9
26289,499,10
26290,391,4
26291,NULL,10
26292,341,10
26293,430,10
26294,70,14
26295,206,2
26296,464,4
26297,534,9
26298,430,10
26299,NULL,10
26300,430,9
26301,430,1
26302,NULL,1
26303,NULL,1
26304,430,8
26305,250,10
26306,430,8
26307,250,10
26308,391,10
26309,391,4
26310,430,9
26311,430,10
26312,430,9
26313,NULL,1
26314,550,3
26315,250,10
26316,391,10
26317,391,4
26318,NULL,1
26319,250,10
26320,NULL,13
26321,70,13
26322,430,10
26323,530,1
26324,NULL,1
26325,391,4
26326,NULL,1
26327,430,10
26328,NULL,13
26329,NULL,1
26330,513,1
26331,534,9
26332,464,1
26333,NULL,1
26334,NULL,14
26335,NULL,1
26336,NULL,13
26337,250,10
26338,NULL,13
26339,430,8
26340,250,10
26341,430,9
26342,NULL,14
26343,NULL,1
26344,534,8
26345,430,9
26346,391,10
26347,232,9
26348,NULL,13
26349,NULL,1
26350,391,4
26351,499,10
26352,NULL,1
26353,391,4
26354,391,10
26355,250,10
26356,NULL,1
26357,550,1
26358,391,10
26359,430,9
26360,391,10
26361,245,7
26362,391,10
26363,120,9
26364,456,14
26365,430,8
26366,430,9
26367,499,10
26368,NULL,1
26369,NULL,1
26370,391,10
26371,120,9
26372,456,14
26373,250,10
26374,391,21
26375,430,8
26376,464,4
26377,391,4
26378,391,10
26379,270,10
26380,430,10
26381,250,10
26382,430,9
26383,250,10
26384,499,10
26385,391,4
26386,NULL,10
26387,250,10
26388,430,9
26389,250,10
26390,391,4
26391,499,10
26392,NULL,1
26393,171,1
26394,391,10
26395,250,10
26396,NULL,1
26397,NULL,1
26398,NULL,1
26399,NULL,1
26400,NULL,1
26401,NULL,1
26402,391,10
26403,456,13
26404,250,10
26405,391,4
26406,NULL,1
26407,NULL,10
26408,NULL,1
26409,385,10
26410,391,10
26411,21,1
26412,430,10
26413,430,10
26414,NULL,1
26415,NULL,1
26416,NULL,1
26417,430,8
26418,391,10
26419,NULL,16
26420,NULL,1
26421,430,10
26422,174,1
26423,499,10
26424,391,10
26425,535,1
26426,391,10
26427,391,10
26428,430,10
26429,NULL,8
26430,391,10
26431,NULL,1
26432,391,4
26433,464,4
26434,391,10
26435,430,9
26436,430,9
26437,NULL,8
26438,391,4
26439,NULL,1
26440,125,1
26441,NULL,1
26442,391,10
26443,70,22
26444,391,4
26445,NULL,1
26446,430,9
26447,NULL,1
26448,NULL,1
26449,430,8
26450,250,10
26451,530,9
26452,391,4
26453,NULL,1
26454,206,23
26455,259,9
26456,341,10
26457,232,9
26458,270,10
26459,430,10
26460,3,25
26461,549,1
26462,121,1
26463,259,9
26464,391,4
26465,NULL,1
26466,565,4
26467,NULL,1
26468,3,25
26469,NULL,1
26470,430,10
26471,464,1
26472,341,10
26473,NULL,14
26474,250,10
26475,125,1
26476,3,25
26477,NULL,8
26478,121,1
26479,430,8
26480,267,11
26481,NULL,14
26482,534,1
26483,NULL,3
26484,NULL,1
26485,430,10
26486,121,1
26487,534,9
26488,NULL,1
26489,391,10
26490,NULL,1
26491,125,1
26492,499,10
26493,NULL,1
26494,391,10
26495,248,1
26496,NULL,1
26497,121,11
26498,530,9
26499,430,1
26500,70,14
26501,125,1
26502,541,10
26503,125,1
26504,511,9
26505,121,11
26506,492,1
26507,3,25
26508,NULL,1
26509,270,10
26510,391,4
26511,534,9
26512,174,1
26513,NULL,8
26514,309,4
26515,391,10
26516,70,14
26517,NULL,1
26518,391,4
26519,NULL,1
26520,NULL,1
26521,NULL,8
26522,430,9
26523,NULL,1
26524,NULL,1
26525,430,9
26526,121,11
26527,NULL,1
26528,250,1
26529,NULL,8
26530,456,14
26531,499,10
26532,NULL,1
26533,391,4
26534,391,4
26535,NULL,1
26536,250,1
26537,NULL,8
26538,341,10
26539,499,10
26540,NULL,10
26541,70,13
26542,NULL,1
26543,391,4
26544,245,7
26545,250,10
26546,391,4
26547,499,10
26548,NULL,10
26549,NULL,1
26550,430,9
26551,534,9
26552,121,1
26553,121,11
26554,391,4
26555,270,1
26556,NULL,10
26557,430,8
26558,245,7
26559,3,25
26560,430,9
26561,121,11
26562,430,9
26563,NULL,1
26564,399,1
26565,430,9
26566,456,14
26567,391,4
26568,121,1
26569,250,10
26570,NULL,14
26571,121,11
26572,430,9
26573,121,16
26574,NULL,21
26575,430,9
26576,NULL,1
26577,430,10
26578,NULL,14
26579,NULL,14
26580,430,9
26581,534,9
26582,430,10
26583,3,25
26584,NULL,1
26585,NULL,3
26586,NULL,1
26587,NULL,4
26588,430,9
26589,430,8
26590,492,1
26591,391,4
26592,NULL,1
26593,NULL,3
26594,499,10
26595,430,9
26596,250,10
26597,171,1
26598,121,11
26599,391,4
26600,NULL,1
26601,NULL,1
26602,430,10
26603,430,10
26604,430,9
26605,125,1
26606,NULL,1
26607,3,25
26608,391,4
26609,NULL,1
26610,NULL,1
26611,430,8
26612,NULL,1
26613,250,10
26614,NULL,1
26615,NULL,1
26616,250,10
26617,NULL,1
26618,430,10
26619,534,1
26620,270,10
26621,250,10
26622,156,1
26623,NULL,1
26624,270,10
26625,NULL,1
26626,NULL,1
26627,391,4
26628,NULL,1
26629,550,21
26630,121,11
26631,NULL,1
26632,206,2
26633,456,14
26634,385,10
26635,NULL,8
26636,430,8
26637,250,10
26638,121,11
26639,430,10
26640,NULL,1
26641,NULL,1
26642,125,1
26643,NULL,1
26644,391,10
26645,391,10
26646,550,3
26647,250,10
26648,NULL,1
26649,NULL,1
26650,125,1
26651,430,9
26652,430,10
26653,391,10
26654,250,10
26655,391,4
26656,NULL,1
26657,NULL,10
26658,NULL,1
26659,250,10
26660,NULL,1
26661,NULL,1
26662,391,23
26663,430,9
26664,NULL,1
26665,NULL,10
26666,270,10
26667,430,10
26668,534,8
26669,NULL,1
26670,270,1
26671,499,10
26672,430,10
26673,NULL,1
26674,464,4
26675,NULL,25
26676,430,8
26677,NULL,1
26678,430,8
26679,391,21
26680,NULL,1
26681,430,9
26682,NULL,1
26683,430,1
26684,535,1
26685,3,25
26686,250,10
26687,250,10
26688,456,14
26689,270,10
26690,NULL,1
26691,534,9
26692,232,9
26693,NULL,1
26694,NULL,1
26695,430,10
26696,430,10
26697,430,8
26698,341,10
26699,270,10
26700,430,8
26701,551,1
26702,NULL,1
26703,NULL,1
26704,156,1
26705,70,14
26706,391,4
26707,430,9
26708,NULL,1
26709,NULL,1
26710,NULL,1
26711,NULL,1
26712,391,21
26713,250,10
26714,391,4
26715,70,13
26716,121,1
26717,NULL,3
26718,290,1
26719,NULL,1
26720,NULL,1
26721,NULL,13
26722,250,10
26723,3,25
26724,NULL,14
26725,391,4
26726,NULL,10
26727,430,10
26728,411,1
26729,NULL,13
26730,250,10
26731,391,10
26732,NULL,1
26733,391,4
26734,430,8
26735,499,10
26736,156,1
26737,NULL,13
26738,NULL,1
26739,NULL,1
26740,550,8
26741,391,4
26742,430,9
26743,NULL,1
26744,430,9
26745,NULL,13
26746,270,10
26747,550,21
26748,391,4
26749,430,10
26750,NULL,1
26751,250,10
26752,NULL,1
26753,NULL,13
26754,250,10
26755,70,13
26756,245,7
26757,259,9
26758,250,10
26759,NULL,10
26760,121,11
26761,550,3
26762,250,10
26763,NULL,1
26764,250,10
26765,270,10
26766,125,1
26767,NULL,10
26768,430,8
26769,430,8
26770,NULL,1
26771,NULL,1
26772,NULL,1
26773,464,4
26774,391,4
26775,391,4
26776,456,14
26777,NULL,1
26778,NULL,1
26779,499,10
26780,534,9
26781,464,4
26782,391,4
26783,391,4
26784,430,1
26785,250,10
26786,NULL,1
26787,270,10
26788,NULL,10
26789,391,21
26790,250,10
26791,NULL,1
26792,3,25
26793,NULL,1
26794,430,10
26795,121,1
26796,430,9
26797,550,3
26798,551,1
26799,NULL,14
26800,NULL,1
26801,NULL,1
26802,125,1
26803,121,1
26804,NULL,10
26805,NULL,1
26806,499,10
26807,NULL,1
26808,NULL,1
26809,535,1
26810,430,10
26811,535,1
26812,250,10
26813,464,4
26814,530,1
26815,NULL,1
26816,430,9
26817,156,1
26818,120,9
26819,534,1
26820,385,10
26821,NULL,1
26822,391,4
26823,341,10
26824,70,14
26825,NULL,1
26826,NULL,1
26827,NULL,1
26828,NULL,1
26829,307,10
26830,513,10
26831,341,10
26832,499,10
26833,NULL,1
26834,534,1
26835,NULL,1
26836,430,9
26837,534,8
26838,250,10
26839,NULL,1
26840,NULL,1
26841,NULL,1
26842,NULL,1
26843,250,10
26844,534,9
26845,534,8
26846,430,10
26847,NULL,1
26848,391,10
26849,391,21
26850,NULL,1
26851,507,7
26852,NULL,1
26853,270,1
26854,391,4
26855,391,4
26856,NULL,1
26857,391,21
26858,NULL,1
26859,NULL,10
26860,NULL,1
26861,391,4
26862,391,4
26863,NULL,1
26864,NULL,1
26865,456,14
26866,NULL,1
26867,430,10
26868,125,1
26869,391,4
26870,430,9
26871,NULL,1
26872,70,13
26873,NULL,1
26874,155,1
26875,250,10
26876,70,14
26877,250,10
26878,430,9
26879,307,10
26880,NULL,1
26881,250,1
26882,307,10
26883,NULL,1
26884,456,14
26885,430,10
26886,NULL,1
26887,250,10
26888,391,10
26889,391,4
26890,250,10
26891,NULL,1
26892,250,10
26893,430,10
26894,NULL,1
26895,250,10
26896,430,8
26897,342,10
26898,430,9
26899,534,1
26900,NULL,1
26901,NULL,1
26902,259,9
26903,513,10
26904,NULL,1
26905,342,10
26906,430,9
26907,535,1
26908,259,9
26909,121,1
26910,270,1
26911,NULL,1
26912,430,9
26913,250,10
26914,430,9
26915,121,16
26916,391,4
26917,NULL,1
26918,430,8
26919,391,4
26920,267,11
26921,534,9
26922,430,9
26923,430,9
26924,492,1
26925,430,10
26926,430,9
26927,391,21
26928,NULL,1
26929,391,21
26930,430,9
26931,391,21
26932,NULL,1
26933,NULL,1
26934,385,10
26935,499,10
26936,NULL,1
26937,430,9
26938,NULL,1
26939,391,4
26940,NULL,1
26941,NULL,1
26942,NULL,1
26943,NULL,1
26944,NULL,1
26945,430,9
26946,391,10
26947,250,10
26948,430,9
26949,NULL,1
26950,NULL,1
26951,534,1
26952,NULL,3
26953,550,21
26954,430,10
26955,430,10
26956,534,9
26957,NULL,1
26958,430,10
26959,430,10
26960,NULL,3
26961,530,28
26962,NULL,1
26963,NULL,1
26964,391,4
26965,250,10
26966,430,9
26967,NULL,1
26968,NULL,21
26969,NULL,1
26970,NULL,1
26971,259,9
26972,NULL,1
26973,430,9
26974,456,13
26975,535,1
26976,391,4
26977,NULL,1
26978,250,10
26979,259,9
26980,530,28
26981,430,9
26982,456,13
26983,464,4
26984,391,4
26985,270,10
26986,121,1
26987,NULL,10
26988,NULL,1
26989,3,25
26990,391,10
26991,391,4
26992,430,9
26993,250,10
26994,NULL,1
26995,250,10
26996,197,1
26997,391,10
26998,NULL,1
26999,NULL,1
27000,550,1
27001,549,1
27002,534,9
27003,NULL,1
27004,197,1
27005,NULL,3
27006,391,4
27007,430,8
27008,NULL,1
27009,513,10
27010,121,11
27011,NULL,1
27012,NULL,1
27013,511,9
27014,70,14
27015,232,9
27016,430,9
27017,391,4
27018,430,8
27019,NULL,1
27020,NULL,1
27021,NULL,3
27022,344,1
27023,70,13
27024,NULL,1
27025,430,10
27026,430,8
27027,259,9
27028,NULL,3
27029,250,10
27030,NULL,1
27031,327,10
27032,250,10
27033,430,10
27034,430,8
27035,NULL,1
27036,430,10
27037,245,7
27038,70,14
27039,430,8
27040,NULL,1
27041,NULL,1
27042,NULL,3
27043,NULL,1
27044,NULL,3
27045,NULL,1
27046,70,7
27047,430,9
27048,NULL,1
27049,156,1
27050,430,10
27051,430,9
27052,499,10
27053,391,10
27054,NULL,10
27055,232,8
27056,70,14
27057,411,1
27058,430,8
27059,NULL,1
27060,NULL,1
27061,NULL,1
27062,430,9
27063,399,1
27064,NULL,4
27065,156,1
27066,NULL,1
27067,430,8
27068,430,1
27069,259,9
27070,430,9
27071,430,10
27072,549,1
27073,385,10
27074,NULL,1
27075,NULL,1
27076,307,10
27077,NULL,1
27078,430,10
27079,NULL,1
27080,250,10
27081,391,4
27082,534,9
27083,NULL,1
27084,NULL,11
27085,430,10
27086,NULL,1
27087,267,11
27088,430,9
27089,259,9
27090,464,4
27091,NULL,1
27092,492,1
27093,456,14
27094,430,4
27095,NULL,1
27096,NULL,3
27097,549,1
27098,NULL,1
27099,464,4
27100,456,14
27101,534,1
27102,NULL,1
27103,464,4
27104,NULL,3
27105,NULL,10
27106,NULL,1
27107,551,1
27108,430,8
27109,430,9
27110,NULL,1
27111,391,10
27112,430,9
27113,391,4
27114,NULL,1
27115,NULL,1
27116,307,10
27117,535,1
27118,NULL,1
27119,391,10
27120,430,9
27121,499,10
27122,360,1
27123,NULL,1
27124,391,21
27125,NULL,1
27126,565,4
27127,499,10
27128,430,9
27129,NULL,1
27130,NULL,8
27131,464,4
27132,430,8
27133,NULL,1
27134,250,10
27135,121,1
27136,NULL,1
27137,431,4
27138,NULL,25
27139,534,9
27140,3,25
27141,NULL,1
27142,NULL,1
27143,430,10
27144,270,10
27145,391,10
27146,534,9
27147,456,14
27148,3,25
27149,NULL,1
27150,270,10
27151,NULL,4
27152,549,1
27153,499,10
27154,534,9
27155,270,10
27156,248,1
27157,513,1
27158,391,4
27159,430,8
27160,250,10
27161,449,9
27162,499,10
27163,121,11
27164,430,10
27165,385,10
27166,342,10
27167,NULL,10
27168,125,1
27169,449,9
27170,NULL,1
27171,499,10
27172,534,8
27173,NULL,1
27174,342,10
27175,NULL,1
27176,449,9
27177,70,2
27178,NULL,1
27179,430,10
27180,NULL,1
27181,430,9
27182,492,1
27183,121,11
27184,250,10
27185,342,10
27186,NULL,1
27187,391,4
27188,550,21
27189,270,1
27190,NULL,1
27191,NULL,1
27192,125,1
27193,492,1
27194,391,10
27195,NULL,1
27196,549,1
27197,NULL,1
27198,NULL,1
27199,270,10
27200,430,9
27201,492,1
27202,NULL,1
27203,430,9
27204,NULL,1
27205,430,8
27206,NULL,1
27207,NULL,1
27208,NULL,1
27209,492,1
27210,430,8
27211,NULL,11
27212,499,10
27213,NULL,10
27214,250,10
27215,391,4
27216,391,4
27217,250,10
27218,430,10
27219,NULL,11
27220,NULL,8
27221,NULL,10
27222,309,13
27223,430,10
27224,499,10
27225,499,10
27226,NULL,1
27227,511,9
27228,NULL,1
27229,NULL,10
27230,NULL,1
27231,NULL,1
27232,391,4
27233,499,10
27234,430,9
27235,430,9
27236,NULL,1
27237,NULL,10
27238,430,10
27239,492,1
27240,NULL,10
27241,499,10
27242,430,8
27243,499,10
27244,499,10
27245,430,9
27246,NULL,1
27247,464,4
27248,430,8
27249,499,10
27250,NULL,1
27251,NULL,1
27252,294,10
27253,NULL,1
27254,245,7
27255,430,10
27256,391,4
27257,197,1
27258,NULL,1
27259,399,1
27260,430,9
27261,NULL,4
27262,NULL,1
27263,550,21
27264,391,4
27265,197,1
27266,NULL,1
27267,342,10
27268,399,4
27269,391,10
27270,70,14
27271,430,10
27272,NULL,8
27273,70,14
27274,456,14
27275,373,10
27276,NULL,1
27277,391,4
27278,NULL,1
27279,342,10
27280,391,4
27281,197,1
27282,456,14
27283,NULL,1
27284,499,10
27285,391,4
27286,NULL,1
27287,70,14
27288,391,4
27289,499,10
27290,430,8
27291,NULL,1
27292,430,8
27293,307,10
27294,NULL,1
27295,307,10
27296,125,1
27297,499,10
27298,456,14
27299,125,1
27300,499,10
27301,456,14
27302,499,10
27303,342,10
27304,391,10
27305,NULL,1
27306,430,10
27307,NULL,1
27308,391,10
27309,456,14
27310,206,2
27311,430,10
27312,430,10
27313,499,10
27314,430,8
27315,549,1
27316,270,10
27317,NULL,1
27318,456,13
27319,NULL,1
27320,NULL,1
27321,499,10
27322,535,1
27323,430,9
27324,430,9
27325,121,11
27326,NULL,1
27327,499,10
27328,430,9
27329,125,1
27330,391,4
27331,NULL,1
27332,NULL,1
27333,NULL,14
27334,430,9
27335,449,9
27336,550,3
27337,430,8
27338,NULL,1
27339,550,3
27340,430,9
27341,NULL,14
27342,NULL,10
27343,NULL,1
27344,259,9
27345,430,9
27346,430,10
27347,NULL,1
27348,NULL,1
27349,NULL,1
27350,NULL,1
27351,456,2
27352,259,9
27353,430,10
27354,499,10
27355,NULL,1
27356,430,9
27357,430,8
27358,259,9
27359,342,10
27360,NULL,1
27361,NULL,1
27362,391,21
27363,250,10
27364,NULL,1
27365,430,9
27366,70,13
27367,430,10
27368,430,8
27369,NULL,1
27370,499,10
27371,250,10
27372,391,21
27373,NULL,1
27374,70,13
27375,430,10
27376,513,1
27377,550,21
27378,430,9
27379,NULL,1
27380,499,10
27381,259,9
27382,NULL,10
27383,NULL,1
27384,NULL,1
27385,430,9
27386,270,10
27387,534,9
27388,NULL,1
27389,499,10
27390,NULL,1
27391,156,1
27392,NULL,1
27393,430,9
27394,NULL,1
27395,430,10
27396,NULL,1
27397,499,10
27398,431,4
27399,NULL,1
27400,NULL,1
27401,NULL,1
27402,NULL,1
27403,270,10
27404,250,10
27405,499,10
27406,NULL,1
27407,499,10
27408,NULL,1
27409,549,1
27410,250,10
27411,270,10
27412,499,10
27413,250,10
27414,70,14
27415,NULL,1
27416,430,9
27417,NULL,1
27418,NULL,10
27419,430,8
27420,499,10
27421,534,8
27422,259,9
27423,550,21
27424,248,1
27425,565,4
27426,NULL,1
27427,430,10
27428,430,10
27429,530,28
27430,391,4
27431,NULL,1
27432,3,25
27433,391,10
27434,NULL,1
27435,430,8
27436,NULL,1
27437,NULL,1
27438,NULL,1
27439,NULL,1
27440,391,10
27441,391,10
27442,464,4
27443,NULL,1
27444,391,10
27445,499,10
27446,430,10
27447,549,1
27448,121,1
27449,391,10
27450,307,10
27451,430,10
27452,391,10
27453,499,10
27454,530,28
27455,549,1
27456,430,10
27457,156,21
27458,3,25
27459,565,9
27460,391,10
27461,NULL,1
27462,NULL,1
27463,549,1
27464,121,1
27465,156,21
27466,3,25
27467,391,10
27468,391,10
27469,391,4
27470,430,10
27471,NULL,1
27472,456,14
27473,121,11
27474,NULL,1
27475,391,10
27476,391,10
27477,550,1
27478,430,9
27479,NULL,1
27480,NULL,1
27481,391,10
27482,464,4
27483,391,10
27484,391,10
27485,197,1
27486,534,9
27487,430,9
27488,3,25
27489,391,10
27490,391,21
27491,NULL,10
27492,391,10
27493,197,1
27494,NULL,14
27495,430,9
27496,3,25
27497,NULL,1
27498,391,4
27499,187,11
27500,391,10
27501,197,1
27502,NULL,3
27503,NULL,1
27504,456,14
27505,197,1
27506,391,4
27507,206,2
27508,391,10
27509,197,1
27510,3,25
27511,549,1
27512,430,9
27513,197,1
27514,250,10
27515,430,8
27516,391,10
27517,197,1
27518,391,10
27519,430,9
27520,NULL,1
27521,197,1
27522,430,10
27523,391,10
27524,391,10
27525,197,1
27526,385,10
27527,NULL,1
27528,456,14
27529,206,2
27530,121,11
27531,430,9
27532,391,10
27533,430,8
27534,232,9
27535,NULL,1
27536,456,14
27537,NULL,11
27538,391,4
27539,307,10
27540,250,10
27541,NULL,8
27542,430,8
27543,430,9
27544,385,10
27545,NULL,3
27546,NULL,1
27547,NULL,1
27548,3,25
27549,NULL,8
27550,430,10
27551,391,4
27552,430,9
27553,NULL,3
27554,NULL,1
27555,NULL,1
27556,156,21
27557,430,10
27558,535,1
27559,391,4
27560,430,10
27561,270,10
27562,NULL,14
27563,NULL,1
27564,3,25
27565,430,10
27566,391,4
27567,430,9
27568,NULL,1
27569,NULL,1
27570,456,14
27571,NULL,1
27572,250,10
27573,121,11
27574,551,1
27575,125,1
27576,391,21
27577,391,4
27578,456,14
27579,391,10
27580,NULL,1
27581,NULL,3
27582,NULL,1
27583,125,1
27584,156,1
27585,391,4
27586,NULL,10
27587,391,10
27588,499,1
27589,NULL,3
27590,70,13
27591,391,4
27592,NULL,1
27593,430,10
27594,NULL,1
27595,391,10
27596,NULL,17
27597,499,10
27598,NULL,4
27599,430,9
27600,NULL,1
27601,NULL,1
27602,513,10
27603,391,10
27604,NULL,17
27605,NULL,1
27606,70,13
27607,250,10
27608,3,25
27609,NULL,1
27610,430,1
27611,391,10
27612,232,9
27613,499,10
27614,NULL,1
27615,449,9
27616,391,4
27617,NULL,1
27618,NULL,3
27619,391,10
27620,492,1
27621,430,9
27622,250,10
27623,125,1
27624,NULL,4
27625,385,10
27626,307,10
27627,391,10
27628,NULL,1
27629,430,10
27630,NULL,1
27631,70,1
27632,430,10
27633,NULL,1
27634,NULL,1
27635,391,10
27636,NULL,1
27637,391,4
27638,430,10
27639,431,4
27640,70,13
27641,294,10
27642,NULL,3
27643,294,10
27644,430,8
27645,391,4
27646,3,25
27647,NULL,1
27648,NULL,1
27649,NULL,1
27650,259,9
27651,187,11
27652,399,4
27653,391,21
27654,3,25
27655,430,9
27656,NULL,8
27657,NULL,1
27658,259,9
27659,187,11
27660,NULL,1
27661,70,15
27662,456,14
27663,430,9
27664,550,21
27665,430,9
27666,430,8
27667,156,1
27668,NULL,1
27669,430,1
27670,NULL,1
27671,156,1
27672,121,23
27673,430,9
27674,NULL,1
27675,121,11
27676,187,11
27677,534,8
27678,259,9
27679,430,8
27680,430,9
27681,270,1
27682,430,9
27683,156,1
27684,NULL,1
27685,250,10
27686,565,1
27687,NULL,1
27688,NULL,1
27689,534,9
27690,430,1
27691,391,4
27692,197,1
27693,NULL,1
27694,499,10
27695,391,4
27696,492,1
27697,430,10
27698,NULL,1
27699,70,15
27700,187,11
27701,391,4
27702,NULL,1
27703,499,10
27704,NULL,1
27705,430,10
27706,430,9
27707,430,10
27708,391,10
27709,430,10
27710,535,1
27711,NULL,1
27712,464,1
27713,NULL,10
27714,456,14
27715,430,10
27716,391,10
27717,250,10
27718,430,10
27719,NULL,1
27720,125,1
27721,391,4
27722,456,14
27723,391,4
27724,391,10
27725,3,25
27726,NULL,1
27727,3,25
27728,NULL,1
27729,NULL,1
27730,456,14
27731,NULL,1
27732,391,10
27733,NULL,1
27734,NULL,1
27735,3,25
27736,NULL,3
27737,430,9
27738,456,14
27739,NULL,1
27740,NULL,1
27741,391,4
27742,430,9
27743,3,25
27744,NULL,1
27745,430,9
27746,456,14
27747,391,4
27748,430,9
27749,250,10
27750,492,1
27751,391,10
27752,NULL,1
27753,NULL,10
27754,NULL,1
27755,430,8
27756,549,1
27757,NULL,1
27758,294,10
27759,NULL,1
27760,NULL,1
27761,70,13
27762,499,10
27763,499,1
27764,549,1
27765,391,4
27766,294,10
27767,530,1
27768,NULL,14
27769,70,13
27770,NULL,1
27771,499,1
27772,430,9
27773,430,10
27774,430,1
27775,70,14
27776,NULL,14
27777,270,10
27778,NULL,1
27779,232,9
27780,391,4
27781,534,8
27782,513,10
27783,NULL,1
27784,550,21
27785,NULL,1
27786,NULL,1
27787,232,9
27788,NULL,10
27789,NULL,1
27790,391,4
27791,530,1
27792,NULL,3
27793,430,9
27794,NULL,1
27795,3,25
27796,430,9
27797,NULL,1
27798,391,4
27799,NULL,1
27800,NULL,3
27801,NULL,10
27802,NULL,4
27803,391,10
27804,430,10
27805,NULL,1
27806,NULL,1
27807,197,1
27808,430,8
27809,NULL,10
27810,430,9
27811,NULL,1
27812,391,4
27813,430,9
27814,NULL,21
27815,NULL,1
27816,391,4
27817,NULL,1
27818,NULL,1
27819,NULL,13
27820,391,4
27821,430,10
27822,NULL,1
27823,430,8
27824,430,10
27825,NULL,1
27826,430,10
27827,NULL,1
27828,NULL,1
27829,NULL,1
27830,NULL,1
27831,NULL,1
27832,430,10
27833,385,10
27834,70,13
27835,250,10
27836,342,10
27837,430,1
27838,511,9
27839,NULL,1
27840,270,10
27841,492,1
27842,NULL,1
27843,NULL,1
27844,492,1
27845,391,10
27846,464,4
27847,534,9
27848,342,10
27849,NULL,1
27850,NULL,1
27851,430,9
27852,NULL,1
27853,250,10
27854,530,28
27855,NULL,1
27856,430,10
27857,250,10
27858,121,23
27859,NULL,1
27860,NULL,1
27861,399,1
27862,430,9
27863,270,10
27864,270,1
27865,430,8
27866,411,1
27867,430,1
27868,391,4
27869,391,4
27870,464,4
27871,430,8
27872,250,10
27873,3,25
27874,121,1
27875,391,21
27876,550,3
27877,391,4
27878,NULL,1
27879,NULL,1
27880,499,10
27881,391,10
27882,391,10
27883,70,2
27884,NULL,10
27885,530,1
27886,391,4
27887,NULL,4
27888,NULL,13
27889,NULL,1
27890,NULL,1
27891,411,1
27892,250,10
27893,70,14
27894,NULL,1
27895,NULL,3
27896,NULL,1
27897,307,10
27898,259,9
27899,391,21
27900,391,4
27901,399,1
27902,499,1
27903,70,14
27904,NULL,1
27905,430,9
27906,259,9
27907,391,21
27908,245,21
27909,499,10
27910,NULL,17
27911,70,14
27912,NULL,1
27913,NULL,1
27914,NULL,10
27915,250,10
27916,327,10
27917,430,10
27918,3,25
27919,121,1
27920,NULL,1
27921,NULL,3
27922,534,9
27923,NULL,1
27924,125,1
27925,NULL,1
27926,NULL,1
27927,456,14
27928,499,1
27929,70,14
27930,259,9
27931,70,2
27932,NULL,1
27933,499,1
27934,NULL,1
27935,NULL,1
27936,499,10
27937,70,14
27938,430,10
27939,464,21
27940,267,11
27941,391,10
27942,449,9
27943,NULL,1
27944,NULL,1
27945,70,14
27946,250,10
27947,250,10
27948,NULL,1
27949,391,10
27950,250,10
27951,NULL,1
27952,391,4
27953,NULL,1
27954,430,9
27955,NULL,1
27956,NULL,1
27957,391,10
27958,391,10
27959,206,23
27960,430,8
27961,NULL,1
27962,NULL,8
27963,430,9
27964,294,10
27965,391,10
27966,391,10
27967,534,9
27968,121,11
27969,391,4
27970,156,1
27971,NULL,1
27972,391,4
27973,391,10
27974,391,10
27975,54,1
27976,NULL,1
27977,550,3
27978,156,1
27979,534,8
27980,391,4
27981,430,9
27982,391,10
27983,NULL,1
27984,121,1
27985,NULL,1
27986,549,1
27987,NULL,23
27988,NULL,1
27989,391,10
27990,NULL,1
27991,125,4
27992,NULL,11
27993,NULL,1
27994,549,1
27995,NULL,1
27996,342,10
27997,391,10
27998,NULL,1
27999,NULL,1
28000,456,2
28001,430,10
28002,430,9
28003,187,11
28004,342,10
28005,391,10
28006,430,9
28007,430,9
28008,NULL,11
28009,NULL,1
28010,NULL,1
28011,NULL,1
28012,NULL,1
28013,294,10
28014,NULL,1
28015,70,15
28016,430,10
28017,187,11
28018,391,4
28019,NULL,1
28020,NULL,1
28021,430,9
28022,NULL,1
28023,492,1
28024,499,10
28025,391,10
28026,391,10
28027,NULL,1
28028,NULL,1
28029,391,10
28030,391,4
28031,430,10
28032,499,10
28033,550,1
28034,499,10
28035,NULL,1
28036,492,1
28037,391,10
28038,NULL,1
28039,430,10
28040,499,10
28041,NULL,1
28042,430,10
28043,NULL,13
28044,391,4
28045,391,10
28046,430,9
28047,391,21
28048,499,10
28049,70,15
28050,121,1
28051,492,1
28052,250,1
28053,NULL,1
28054,NULL,1
28055,431,4
28056,499,1
28057,391,4
28058,NULL,1
28059,NULL,10
28060,430,1
28061,NULL,1
28062,534,8
28063,NULL,1
28064,232,9
28065,391,4
28066,430,10
28067,3,25
28068,NULL,1
28069,399,1
28070,70,2
28071,430,9
28072,NULL,1
28073,270,10
28074,534,9
28075,430,9
28076,342,10
28077,70,13
28078,NULL,1
28079,NULL,1
28080,3,25
28081,430,10
28082,3,25
28083,391,4
28084,270,10
28085,NULL,1
28086,549,1
28087,430,10
28088,499,1
28089,NULL,13
28090,391,10
28091,270,10
28092,430,10
28093,430,9
28094,549,1
28095,499,10
28096,499,1
28097,430,10
28098,NULL,21
28099,NULL,1
28100,NULL,1
28101,430,10
28102,NULL,1
28103,541,10
28104,232,9
28105,NULL,1
28106,430,9
28107,259,9
28108,NULL,1
28109,250,1
28110,NULL,1
28111,187,11
28112,232,9
28113,391,4
28114,125,1
28115,NULL,1
28116,NULL,1
28117,430,8
28118,NULL,1
28119,187,11
28120,499,1
28121,492,1
28122,430,8
28123,549,1
28124,430,9
28125,430,9
28126,499,10
28127,NULL,1
28128,391,10
28129,NULL,1
28130,250,10
28131,549,1
28132,156,1
28133,70,2
28134,430,9
28135,NULL,1
28136,391,10
28137,3,25
28138,530,28
28139,391,4
28140,385,10
28141,430,8
28142,70,13
28143,156,21
28144,391,10
28145,3,25
28146,NULL,1
28147,NULL,1
28148,499,10
28149,492,1
28150,70,13
28151,156,21
28152,430,10
28153,NULL,1
28154,499,10
28155,NULL,1
28156,391,4
28157,565,9
28158,NULL,1
28159,250,1
28160,430,10
28161,NULL,1
28162,499,10
28163,430,9
28164,NULL,1
28165,430,10
28166,294,10
28167,250,1
28168,232,9
28169,391,10
28170,499,10
28171,430,10
28172,550,1
28173,NULL,1
28174,NULL,1
28175,391,10
28176,391,21
28177,391,10
28178,499,10
28179,534,8
28180,430,10
28181,NULL,1
28182,391,10
28183,391,10
28184,391,21
28185,391,10
28186,NULL,1
28187,NULL,1
28188,250,1
28189,385,10
28190,391,10
28191,391,10
28192,391,21
28193,NULL,1
28194,197,1
28195,NULL,1
28196,NULL,1
28197,NULL,1
28198,430,9
28199,391,10
28200,391,21
28201,NULL,1
28202,430,9
28203,NULL,1
28204,NULL,1
28205,NULL,1
28206,NULL,1
28207,391,10
28208,391,21
28209,411,1
28210,250,1
28211,NULL,1
28212,430,10
28213,NULL,1
28214,250,1
28215,NULL,1
28216,430,10
28217,492,1
28218,NULL,11
28219,391,4
28220,307,10
28221,250,10
28222,391,10
28223,430,9
28224,391,21
28225,541,10
28226,NULL,11
28227,250,10
28228,270,10
28229,534,9
28230,391,10
28231,NULL,1
28232,430,8
28233,430,10
28234,NULL,11
28235,499,10
28236,430,9
28237,NULL,8
28238,391,10
28239,391,10
28240,464,21
28241,NULL,1
28242,431,4
28243,294,10
28244,499,10
28245,156,21
28246,391,10
28247,NULL,1
28248,430,10
28249,NULL,1
28250,121,1
28251,534,8
28252,391,4
28253,391,10
28254,541,1
28255,NULL,1
28256,70,14
28257,NULL,1
28258,121,1
28259,464,4
28260,NULL,1
28261,391,10
28262,551,1
28263,NULL,1
28264,431,4
28265,464,21
28266,456,2
28267,391,4
28268,NULL,10
28269,NULL,1
28270,391,10
28271,391,10
28272,NULL,1
28273,NULL,1
28274,430,8
28275,430,10
28276,121,2
28277,541,10
28278,NULL,1
28279,534,8
28280,NULL,1
28281,550,1
28282,391,4
28283,534,8
28284,250,10
28285,391,10
28286,391,10
28287,430,10
28288,NULL,1
28289,391,4
28290,430,10
28291,391,21
28292,NULL,17
28293,391,10
28294,391,10
28295,NULL,1
28296,430,10
28297,565,4
28298,NULL,1
28299,534,8
28300,3,25
28301,391,10
28302,391,10
28303,NULL,1
28304,430,10
28305,430,10
28306,NULL,1
28307,NULL,1
28308,NULL,10
28309,391,10
28310,391,10
28311,250,10
28312,NULL,1
28313,430,10
28314,430,9
28315,534,9
28316,NULL,17
28317,391,10
28318,391,10
28319,430,10
28320,415,1
28321,534,9
28322,391,21
28323,NULL,1
28324,NULL,10
28325,NULL,1
28326,391,10
28327,391,10
28328,294,10
28329,250,10
28330,NULL,1
28331,391,4
28332,121,2
28333,NULL,1
28334,3,25
28335,270,10
28336,391,10
28337,NULL,1
28338,492,1
28339,391,4
28340,NULL,1
28341,NULL,1
28342,250,10
28343,NULL,10
28344,391,10
28345,NULL,1
28346,267,11
28347,499,10
28348,541,1
28349,NULL,1
28350,430,10
28351,391,10
28352,121,11
28353,NULL,1
28354,430,10
28355,391,4
28356,430,10
28357,NULL,1
28358,250,10
28359,391,10
28360,270,10
28361,NULL,8
28362,430,10
28363,NULL,8
28364,NULL,1
28365,391,10
28366,411,1
28367,NULL,1
28368,187,11
28369,430,10
28370,464,4
28371,NULL,10
28372,NULL,1
28373,197,1
28374,232,9
28375,551,1
28376,70,13
28377,NULL,1
28378,391,4
28379,270,10
28380,NULL,1
28381,NULL,1
28382,550,21
28383,294,10
28384,NULL,10
28385,NULL,1
28386,391,4
28387,NULL,1
28388,430,9
28389,430,8
28390,70,15
28391,430,9
28392,NULL,3
28393,NULL,1
28394,430,10
28395,530,28
28396,430,10
28397,342,10
28398,431,4
28399,250,10
28400,534,9
28401,430,9
28402,430,10
28403,NULL,1
28404,NULL,11
28405,492,1
28406,430,1
28407,270,10
28408,464,21
28409,430,9
28410,391,4
28411,499,10
28412,430,9
28413,456,2
28414,430,1
28415,391,10
28416,499,10
28417,430,10
28418,342,10
28419,430,9
28420,NULL,1
28421,270,10
28422,430,10
28423,NULL,1
28424,NULL,1
28425,534,8
28426,155,1
28427,70,14
28428,499,1
28429,430,10
28430,NULL,11
28431,391,10
28432,3,25
28433,156,21
28434,492,1
28435,NULL,1
28436,250,10
28437,430,8
28438,NULL,11
28439,391,10
28440,NULL,1
28441,565,4
28442,430,9
28443,499,10
28444,307,10
28445,391,4
28446,391,10
28447,430,9
28448,534,9
28449,245,7
28450,NULL,1
28451,70,14
28452,NULL,17
28453,430,9
28454,NULL,1
28455,391,10
28456,499,10
28457,156,21
28458,430,10
28459,70,14
28460,250,10
28461,430,9
28462,534,1
28463,NULL,1
28464,430,10
28465,391,10
28466,NULL,1
28467,NULL,11
28468,499,10
28469,430,8
28470,NULL,1
28471,391,23
28472,492,1
28473,NULL,1
28474,232,9
28475,430,9
28476,NULL,1
28477,NULL,1
28478,NULL,1
28479,NULL,1
28480,430,10
28481,NULL,1
28482,385,10
28483,430,9
28484,250,10
28485,430,10
28486,499,10
28487,430,1
28488,NULL,1
28489,NULL,1
28490,NULL,17
28491,NULL,1
28492,82,10
28493,550,3
28494,342,10
28495,121,16
28496,NULL,1
28497,431,1
28498,430,10
28499,NULL,1
28500,391,4
28501,430,10
28502,NULL,1
28503,499,1
28504,245,21
28505,121,23
28506,250,10
28507,431,4
28508,430,10
28509,430,10
28510,197,1
28511,499,1
28512,NULL,17
28513,430,9
28514,187,1
28515,499,10
28516,430,10
28517,NULL,17
28518,430,9
28519,NULL,1
28520,499,10
28521,499,10
28522,430,9
28523,NULL,1
28524,156,21
28525,430,9
28526,NULL,1
28527,250,10
28528,499,10
28529,430,9
28530,70,13
28531,NULL,1
28532,187,11
28533,3,25
28534,NULL,1
28535,70,15
28536,NULL,1
28537,NULL,1
28538,430,8
28539,551,1
28540,250,10
28541,551,1
28542,534,9
28543,NULL,1
28544,NULL,1
28545,NULL,1
28546,NULL,1
28547,430,9
28548,565,4
28549,NULL,1
28550,NULL,13
28551,NULL,1
28552,499,10
28553,NULL,1
28554,NULL,1
28555,534,9
28556,156,21
28557,430,9
28558,NULL,1
28559,NULL,1
28560,NULL,1
28561,431,1
28562,430,10
28563,391,4
28564,245,7
28565,492,1
28566,430,9
28567,125,1
28568,550,1
28569,NULL,1
28570,NULL,1
28571,492,1
28572,430,9
28573,492,1
28574,430,10
28575,125,1
28576,430,10
28577,391,4
28578,549,1
28579,NULL,1
28580,250,10
28581,NULL,1
28582,70,13
28583,534,9
28584,430,9
28585,430,10
28586,430,10
28587,411,1
28588,187,11
28589,492,1
28590,70,2
28591,NULL,1
28592,499,10
28593,499,1
28594,541,1
28595,430,10
28596,250,10
28597,250,10
28598,NULL,1
28599,NULL,10
28600,245,21
28601,NULL,1
28602,391,10
28603,197,1
28604,550,23
28605,NULL,1
28606,NULL,1
28607,NULL,10
28608,267,2
28609,NULL,10
28610,NULL,1
28611,430,10
28612,250,10
28613,NULL,1
28614,342,10
28615,NULL,10
28616,125,1
28617,499,1
28618,NULL,1
28619,NULL,1
28620,430,10
28621,232,9
28622,391,4
28623,499,10
28624,250,10
28625,499,10
28626,391,10
28627,NULL,1
28628,245,21
28629,NULL,1
28630,399,1
28631,70,1
28632,70,14
28633,NULL,8
28634,391,10
28635,NULL,1
28636,318,1
28637,549,1
28638,391,21
28639,NULL,1
28640,70,14
28641,156,21
28642,430,10
28643,449,9
28644,565,1
28645,270,10
28646,391,21
28647,399,1
28648,250,10
28649,NULL,10
28650,391,10
28651,NULL,1
28652,NULL,4
28653,NULL,1
28654,430,10
28655,399,1
28656,250,10
28657,250,10
28658,197,1
28659,391,10
28660,NULL,4
28661,NULL,1
28662,70,15
28663,399,1
28664,391,4
28665,499,10
28666,NULL,1
28667,391,4
28668,549,1
28669,NULL,1
28670,NULL,1
28671,21,4
28672,250,1
28673,NULL,1
28674,549,1
28675,391,4
28676,267,2
28677,430,9
28678,206,14
28679,NULL,1
28680,250,1
28681,NULL,10
28682,549,1
28683,534,1
28684,550,1
28685,197,1
28686,250,10
28687,NULL,10
28688,70,14
28689,NULL,17
28690,NULL,1
28691,NULL,1
28692,NULL,4
28693,391,10
28694,70,14
28695,NULL,1
28696,430,10
28697,NULL,17
28698,385,10
28699,270,10
28700,430,10
28701,391,10
28702,70,14
28703,NULL,1
28704,250,1
28705,NULL,17
28706,270,10
28707,NULL,1
28708,121,11
28709,391,10
28710,NULL,4
28711,492,1
28712,NULL,1
28713,NULL,10
28714,430,9
28715,NULL,1
28716,499,1
28717,391,10
28718,530,1
28719,3,25
28720,245,21
28721,NULL,1
28722,294,1
28723,125,1
28724,NULL,10
28725,391,10
28726,267,2
28727,3,25
28728,294,1
28729,3,25
28730,245,21
28731,430,10
28732,NULL,10
28733,NULL,3
28734,250,1
28735,342,10
28736,530,28
28737,NULL,1
28738,121,11
28739,270,1
28740,499,1
28741,NULL,1
28742,NULL,1
28743,342,10
28744,430,1
28745,430,10
28746,NULL,1
28747,492,1
28748,294,1
28749,391,4
28750,430,10
28751,430,9
28752,430,28
28753,NULL,1
28754,534,8
28755,NULL,10
28756,NULL,1
28757,431,4
28758,430,9
28759,3,25
28760,250,10
28761,430,8
28762,430,9
28763,431,4
28764,542,1
28765,550,21
28766,NULL,1
28767,NULL,1
28768,NULL,1
28769,NULL,1
28770,3,25
28771,NULL,10
28772,250,10
28773,430,10
28774,430,10
28775,430,9
28776,342,10
28777,121,11
28778,499,10
28779,NULL,10
28780,NULL,1
28781,NULL,1
28782,430,8
28783,492,1
28784,NULL,1
28785,250,10
28786,NULL,23
28787,391,10
28788,430,9
28789,391,21
28790,430,9
28791,492,1
28792,121,1
28793,NULL,1
28794,70,15
28795,430,10
28796,430,9
28797,513,10
28798,499,10
28799,456,2
28800,391,21
28801,NULL,1
28802,399,4
28803,NULL,1
28804,270,10
28805,NULL,10
28806,NULL,1
28807,530,28
28808,70,2
28809,NULL,1
28810,3,25
28811,270,10
28812,NULL,1
28813,NULL,10
28814,499,10
28815,NULL,1
28816,70,13
28817,430,8
28818,70,14
28819,430,9
28820,NULL,4
28821,NULL,1
28822,232,9
28823,NULL,1
28824,NULL,10
28825,464,21
28826,391,4
28827,391,4
28828,430,10
28829,3,25
28830,492,1
28831,250,1
28832,430,9
28833,NULL,1
28834,NULL,1
28835,492,1
28836,54,9
28837,499,10
28838,NULL,1
28839,391,4
28840,430,10
28841,156,1
28842,430,10
28843,411,1
28844,121,11
28845,430,9
28846,385,10
28847,70,14
28848,NULL,1
28849,250,10
28850,550,1
28851,NULL,1
28852,121,11
28853,430,9
28854,NULL,1
28855,70,14
28856,391,4
28857,NULL,1
28858,NULL,1
28859,270,10
28860,565,1
28861,431,4
28862,NULL,1
28863,550,1
28864,430,9
28865,156,1
28866,391,4
28867,245,21
28868,415,1
28869,550,21
28870,430,10
28871,121,1
28872,245,7
28873,70,7
28874,250,1
28875,NULL,10
28876,250,10
28877,391,4
28878,NULL,1
28879,NULL,10
28880,250,10
28881,NULL,1
28882,391,4
28883,430,9
28884,NULL,1
28885,NULL,1
28886,NULL,1
28887,NULL,10
28888,267,11
28889,431,10
28890,430,10
28891,550,21
28892,70,14
28893,NULL,1
28894,430,1
28895,NULL,10
28896,267,11
28897,70,22
28898,391,4
28899,464,21
28900,430,10
28901,449,9
28902,NULL,1
28903,NULL,1
28904,267,11
28905,499,10
28906,245,21
28907,70,14
28908,267,2
28909,430,10
28910,250,10
28911,NULL,10
28912,267,11
28913,464,21
28914,245,21
28915,NULL,17
28916,267,2
28917,70,14
28918,NULL,17
28919,NULL,1
28920,NULL,10
28921,70,22
28922,391,4
28923,430,8
28924,250,1
28925,NULL,10
28926,NULL,1
28927,NULL,1
28928,NULL,10
28929,250,10
28930,121,16
28931,492,1
28932,267,2
28933,NULL,10
28934,NULL,1
28935,250,10
28936,250,10
28937,250,10
28938,430,9
28939,NULL,1
28940,549,1
28941,NULL,10
28942,342,10
28943,391,4
28944,121,11
28945,70,15
28946,NULL,1
28947,NULL,1
28948,430,8
28949,NULL,10
28950,391,4
28951,534,1
28952,NULL,1
28953,430,9
28954,530,28
28955,565,4
28956,NULL,1
28957,NULL,10
28958,499,10
28959,NULL,1
28960,70,2
28961,NULL,1
28962,250,1
28963,197,1
28964,121,23
28965,NULL,10
28966,431,4
28967,391,4
28968,499,10
28969,542,1
28970,197,1
28971,197,1
28972,NULL,10
28973,NULL,1
28974,NULL,1
28975,NULL,1
28976,399,1
28977,391,4
28978,NULL,1
28979,430,9
28980,NULL,1
28981,430,10
28982,NULL,1
28983,250,10
28984,430,10
28985,NULL,1
28986,565,4
28987,250,10
28988,70,15
28989,270,10
28990,391,4
28991,530,28
28992,NULL,1
28993,NULL,8
28994,121,11
28995,NULL,1
28996,NULL,10
28997,NULL,1
28998,430,10
28999,NULL,1
29000,NULL,1
29001,NULL,8
29002,NULL,1
29003,250,10
29004,NULL,1
29005,499,10
29006,187,11
29007,NULL,1
29008,70,2
29009,430,10
29010,NULL,1
29011,470,1
29012,541,1
29013,197,1
29014,NULL,1
29015,430,9
29016,391,4
29017,270,10
29018,NULL,1
29019,NULL,1
29020,430,9
29021,534,1
29022,NULL,1
29023,430,9
29024,430,10
29025,391,4
29026,431,4
29027,NULL,1
29028,492,1
29029,430,9
29030,430,10
29031,385,10
29032,121,11
29033,399,21
29034,499,10
29035,534,9
29036,70,15
29037,430,10
29038,430,10
29039,430,8
29040,530,28
29041,399,21
29042,250,10
29043,NULL,10
29044,70,15
29045,245,21
29046,NULL,10
29047,NULL,10
29048,NULL,1
29049,NULL,1
29050,NULL,1
29051,NULL,10
29052,70,15
29053,565,9
29054,70,14
29055,431,4
29056,NULL,1
29057,250,10
29058,250,10
29059,NULL,10
29060,121,1
29061,430,10
29062,430,10
29063,430,10
29064,121,11
29065,307,10
29066,70,14
29067,NULL,10
29068,391,10
29069,245,21
29070,499,10
29071,NULL,1
29072,NULL,4
29073,NULL,1
29074,NULL,1
29075,NULL,10
29076,550,3
29077,430,10
29078,NULL,17
29079,NULL,1
29080,250,10
29081,NULL,1
29082,NULL,1
29083,551,1
29084,121,11
29085,430,10
29086,430,9
29087,NULL,1
29088,NULL,1
29089,499,10
29090,565,4
29091,NULL,1
29092,54,9
29093,391,4
29094,430,10
29095,456,2
29096,NULL,1
29097,187,1
29098,391,10
29099,430,10
29100,430,9
29101,391,4
29102,NULL,1
29103,391,4
29104,NULL,1
29105,250,10
29106,70,2
29107,430,1
29108,430,10
29109,534,8
29110,430,10
29111,431,4
29112,499,10
29113,391,4
29114,70,2
29115,391,21
29116,430,9
29117,197,1
29118,430,8
29119,NULL,1
29120,NULL,10
29121,NULL,1
29122,NULL,1
29123,430,10
29124,270,10
29125,197,1
29126,70,14
29127,70,13
29128,430,9
29129,430,10
29130,430,9
29131,430,10
29132,70,14
29133,197,1
29134,NULL,1
29135,250,1
29136,70,2
29137,121,11
29138,NULL,1
29139,430,8
29140,499,10
29141,499,10
29142,NULL,1
29143,121,11
29144,565,4
29145,NULL,10
29146,430,10
29147,NULL,1
29148,550,21
29149,197,1
29150,511,9
29151,430,10
29152,197,1
29153,430,9
29154,NULL,13
29155,NULL,1
29156,430,10
29157,534,9
29158,391,4
29159,499,10
29160,197,1
29161,391,21
29162,464,4
29163,391,4
29164,NULL,1
29165,430,9
29166,245,21
29167,430,9
29168,NULL,1
29169,NULL,1
29170,125,1
29171,NULL,1
29172,430,8
29173,NULL,10
29174,NULL,10
29175,245,21
29176,342,10
29177,187,11
29178,70,13
29179,70,2
29180,550,23
29181,NULL,1
29182,NULL,1
29183,125,1
29184,NULL,1
29185,513,10
29186,NULL,1
29187,430,10
29188,499,10
29189,415,1
29190,NULL,10
29191,250,10
29192,NULL,1
29193,430,1
29194,NULL,1
29195,197,1
29196,391,21
29197,391,4
29198,NULL,10
29199,250,10
29200,342,10
29201,NULL,10
29202,70,13
29203,250,10
29204,391,21
29205,431,4
29206,267,2
29207,250,10
29208,530,28
29209,430,10
29210,70,13
29211,NULL,1
29212,391,21
29213,250,10
29214,391,4
29215,250,10
29216,NULL,1
29217,NULL,1
29218,NULL,1
29219,430,10
29220,391,21
29221,250,10
29222,430,9
29223,250,10
29224,NULL,1
29225,NULL,1
29226,270,10
29227,430,10
29228,391,21
29229,NULL,1
29230,430,10
29231,430,8
29232,NULL,1
29233,3,25
29234,70,2
29235,NULL,1
29236,391,21
29237,250,10
29238,430,28
29239,121,11
29240,NULL,1
29241,70,22
29242,197,1
29243,NULL,1
29244,431,4
29245,430,10
29246,70,13
29247,121,23
29248,NULL,1
29249,430,9
29250,3,25
29251,430,10
29252,430,9
29253,391,4
29254,187,11
29255,399,1
29256,NULL,1
29257,250,10
29258,3,25
29259,464,4
29260,245,21
29261,NULL,1
29262,NULL,1
29263,121,11
29264,270,10
29265,250,10
29266,NULL,1
29267,NULL,1
29268,245,21
29269,430,10
29270,431,4
29271,NULL,17
29272,430,9
29273,NULL,1
29274,NULL,1
29275,NULL,1
29276,187,11
29277,534,9
29278,430,10
29279,121,11
29280,430,10
29281,NULL,1
29282,550,1
29283,499,10
29284,399,1
29285,NULL,10
29286,430,10
29287,430,9
29288,270,10
29289,250,10
29290,70,14
29291,492,1
29292,430,9
29293,391,4
29294,NULL,1
29295,NULL,10
29296,391,4
29297,NULL,1
29298,430,9
29299,530,28
29300,267,2
29301,70,13
29302,NULL,1
29303,492,1
29304,391,4
29305,391,4
29306,121,11
29307,NULL,1
29308,267,2
29309,125,1
29310,267,2
29311,NULL,1
29312,NULL,1
29313,430,9
29314,125,1
29315,NULL,1
29316,250,1
29317,499,10
29318,318,1
29319,549,1
29320,187,11
29321,NULL,1
29322,125,1
29323,430,10
29324,250,1
29325,499,10
29326,430,10
29327,430,9
29328,391,10
29329,492,1
29330,530,28
29331,342,10
29332,430,9
29333,NULL,1
29334,565,1
29335,NULL,1
29336,391,10
29337,NULL,1
29338,NULL,1
29339,121,23
29340,NULL,1
29341,70,14
29342,NULL,4
29343,511,9
29344,250,10
29345,NULL,1
29346,245,21
29347,NULL,1
29348,391,4
29349,NULL,1
29350,430,9
29351,430,9
29352,NULL,1
29353,464,21
29354,NULL,1
29355,245,21
29356,391,4
29357,411,1
29358,NULL,1
29359,270,10
29360,270,10
29361,NULL,1
29362,464,4
29363,121,11
29364,391,4
29365,NULL,1
29366,391,10
29367,534,9
29368,551,1
29369,NULL,1
29370,70,2
29371,391,4
29372,430,9
29373,NULL,1
29374,391,4
29375,430,10
29376,NULL,1
29377,399,4
29378,391,21
29379,391,4
29380,NULL,4
29381,NULL,1
29382,391,4
29383,NULL,1
29384,391,10
29385,430,10
29386,430,9
29387,430,9
29388,125,1
29389,NULL,1
29390,391,4
29391,NULL,1
29392,NULL,1
29393,250,10
29394,NULL,10
29395,NULL,10
29396,125,1
29397,187,11
29398,245,21
29399,430,10
29400,430,10
29401,NULL,1
29402,NULL,10
29403,267,2
29404,NULL,10
29405,NULL,1
29406,NULL,1
29407,391,4
29408,NULL,1
29409,270,10
29410,NULL,10
29411,430,10
29412,430,9
29413,430,10
29414,565,4
29415,399,1
29416,430,10
29417,430,10
29418,430,10
29419,70,2
29420,430,9
29421,430,10
29422,NULL,1
29423,430,10
29424,NULL,17
29425,NULL,1
29426,534,8
29427,NULL,1
29428,565,4
29429,499,10
29430,250,10
29431,70,15
29432,250,10
29433,513,10
29434,70,15
29435,NULL,1
29436,NULL,10
29437,307,10
29438,NULL,1
29439,391,10
29440,270,10
29441,NULL,1
29442,70,2
29443,391,10
29444,430,10
29445,492,1
29446,NULL,1
29447,391,4
29448,250,10
29449,391,4
29450,70,2
29451,391,10
29452,NULL,1
29453,492,1
29454,430,9
29455,342,10
29456,391,4
29457,511,9
29458,70,2
29459,411,1
29460,NULL,1
29461,250,10
29462,499,10
29463,342,10
29464,NULL,1
29465,430,10
29466,391,10
29467,430,10
29468,NULL,1
29469,492,1
29470,534,9
29471,250,1
29472,NULL,1
29473,NULL,1
29474,391,10
29475,430,9
29476,NULL,1
29477,NULL,1
29478,430,10
29479,391,4
29480,430,9
29481,70,15
29482,411,1
29483,430,10
29484,391,4
29485,250,10
29486,NULL,8
29487,391,4
29488,3,25
29489,430,10
29490,391,10
29491,430,10
29492,NULL,1
29493,430,8
29494,267,2
29495,NULL,1
29496,NULL,1
29497,499,10
29498,430,8
29499,NULL,1
29500,270,10
29501,250,10
29502,NULL,4
29503,430,9
29504,NULL,1
29505,430,9
29506,391,10
29507,430,10
29508,NULL,1
29509,250,10
29510,NULL,4
29511,391,21
29512,430,10
29513,430,9
29514,391,10
29515,430,10
29516,464,21
29517,250,10
29518,360,1
29519,430,9
29520,499,10
29521,NULL,1
29522,391,10
29523,430,9
29524,430,9
29525,NULL,1
29526,430,10
29527,360,1
29528,NULL,1
29529,NULL,1
29530,391,10
29531,430,10
29532,430,9
29533,430,10
29534,250,10
29535,NULL,1
29536,430,1
29537,NULL,1
29538,391,10
29539,430,10
29540,NULL,1
29541,NULL,1
29542,431,4
29543,267,11
29544,NULL,1
29545,250,10
29546,NULL,1
29547,430,10
29548,391,10
29549,430,28
29550,431,4
29551,NULL,10
29552,121,16
29553,250,10
29554,NULL,1
29555,NULL,1
29556,391,10
29557,31,1
29558,431,4
29559,NULL,1
29560,250,10
29561,250,10
29562,391,10
29563,267,2
29564,430,9
29565,430,10
29566,3,25
29567,NULL,1
29568,530,28
29569,NULL,1
29570,391,10
29571,187,11
29572,121,2
29573,70,14
29574,3,25
29575,530,1
29576,NULL,1
29577,270,10
29578,391,10
29579,206,14
29580,403,1
29581,391,4
29582,NULL,1
29583,250,10
29584,530,1
29585,430,9
29586,250,1
29587,171,1
29588,391,4
29589,391,4
29590,NULL,1
29591,NULL,1
29592,NULL,1
29593,NULL,17
29594,NULL,1
29595,513,10
29596,70,15
29597,430,10
29598,NULL,21
29599,NULL,1
29600,250,10
29601,250,1
29602,156,1
29603,NULL,1
29604,NULL,1
29605,391,4
29606,430,10
29607,399,1
29608,530,1
29609,NULL,10
29610,121,11
29611,391,4
29612,NULL,1
29613,430,9
29614,250,10
29615,NULL,1
29616,156,1
29617,430,9
29618,NULL,1
29619,499,10
29620,430,10
29621,391,4
29622,250,10
29623,534,9
29624,156,1
29625,121,11
29626,430,9
29627,391,4
29628,NULL,1
29629,NULL,1
29630,250,10
29631,156,21
29632,NULL,1
29633,542,25
29634,121,16
29635,430,10
29636,NULL,10
29637,430,9
29638,250,10
29639,294,1
29640,250,10
29641,NULL,1
29642,391,10
29643,NULL,1
29644,120,9
29645,NULL,1
29646,70,13
29647,NULL,1
29648,535,1
29649,267,2
29650,391,10
29651,NULL,1
29652,456,5
29653,430,9
29654,NULL,1
29655,430,10
29656,464,4
29657,187,11
29658,391,10
29659,NULL,1
29660,267,11
29661,3,25
29662,70,13
29663,125,1
29664,430,1
29665,534,9
29666,NULL,1
29667,267,2
29668,NULL,1
29669,250,10
29670,550,21
29671,125,1
29672,121,11
29673,430,8
29674,156,21
29675,267,2
29676,NULL,1
29677,250,10
29678,NULL,1
29679,430,10
29680,391,10
29681,550,1
29682,156,21
29683,267,2
29684,430,10
29685,430,10
29686,70,15
29687,187,11
29688,391,10
29689,267,2
29690,156,21
29691,NULL,8
29692,430,9
29693,385,10
29694,NULL,1
29695,391,10
29696,197,1
29697,430,10
29698,250,1
29699,307,10
29700,430,9
29701,513,10
29702,430,9
29703,499,10
29704,197,1
29705,430,10
29706,250,1
29707,NULL,8
29708,250,10
29709,513,10
29710,391,4
29711,391,4
29712,270,10
29713,245,21
29714,250,1
29715,492,1
29716,391,4
29717,NULL,1
29718,250,1
29719,NULL,1
29720,565,1
29721,430,10
29722,250,1
29723,NULL,1
29724,391,4
29725,NULL,1
29726,391,4
29727,NULL,1
29728,70,2
29729,534,8
29730,492,1
29731,NULL,1
29732,70,15
29733,NULL,1
29734,391,4
29735,307,10
29736,NULL,1
29737,250,10
29738,549,1
29739,430,9
29740,542,1
29741,430,9
29742,NULL,10
29743,307,10
29744,70,2
29745,391,4
29746,499,1
29747,534,9
29748,542,1
29749,NULL,1
29750,385,10
29751,70,1
29752,250,10
29753,NULL,10
29754,NULL,1
29755,411,1
29756,270,10
29757,NULL,1
29758,530,28
29759,NULL,1
29760,250,10
29761,NULL,10
29762,430,10
29763,250,10
29764,70,15
29765,NULL,1
29766,250,1
29767,NULL,1
29768,NULL,1
29769,NULL,10
29770,430,1
29771,250,10
29772,430,9
29773,565,1
29774,415,1
29775,NULL,4
29776,NULL,1
29777,NULL,10
29778,NULL,1
29779,534,9
29780,511,1
29781,NULL,1
29782,391,4
29783,NULL,1
29784,250,10
29785,NULL,1
29786,250,10
29787,431,4
29788,391,4
29789,70,13
29790,391,21
29791,430,9
29792,464,4
29793,430,8
29794,430,8
29795,270,10
29796,430,10
29797,430,10
29798,NULL,1
29799,430,10
29800,3,25
29801,430,10
29802,342,10
29803,NULL,10
29804,499,10
29805,NULL,1
29806,385,10
29807,187,11
29808,3,25
29809,391,4
29810,530,28
29811,NULL,10
29812,307,10
29813,NULL,1
29814,70,2
29815,430,8
29816,250,10
29817,391,4
29818,399,1
29819,NULL,1
29820,121,11
29821,294,1
29822,NULL,1
29823,430,9
29824,550,21
29825,391,4
29826,NULL,1
29827,530,28
29828,NULL,1
29829,430,8
29830,342,10
29831,NULL,1
29832,70,14
29833,121,11
29834,391,4
29835,530,28
29836,530,9
29837,250,10
29838,499,10
29839,NULL,1
29840,70,14
29841,342,10
29842,NULL,1
29843,NULL,1
29844,430,8
29845,NULL,1
29846,3,25
29847,121,11
29848,250,10
29849,411,1
29850,250,10
29851,NULL,1
29852,NULL,1
29853,NULL,1
29854,430,9
29855,250,10
29856,NULL,1
29857,565,1
29858,342,10
29859,267,11
29860,NULL,1
29861,70,15
29862,250,10
29863,121,2
29864,NULL,1
29865,NULL,17
29866,250,10
29867,267,11
29868,NULL,1
29869,430,9
29870,NULL,1
29871,534,9
29872,430,10
29873,NULL,1
29874,430,9
29875,21,4
29876,NULL,1
29877,70,15
29878,499,10
29879,NULL,1
29880,550,21
29881,430,10
29882,NULL,1
29883,21,4
29884,391,4
29885,NULL,1
29886,70,14
29887,430,10
29888,NULL,1
29889,270,10
29890,NULL,1
29891,NULL,1
29892,430,10
29893,NULL,1
29894,250,10
29895,NULL,8
29896,250,10
29897,NULL,17
29898,250,10
29899,125,1
29900,70,22
29901,121,23
29902,187,11
29903,NULL,1
29904,430,9
29905,391,21
29906,250,10
29907,430,10
29908,307,10
29909,270,10
29910,NULL,1
29911,430,10
29912,121,16
29913,NULL,1
29914,431,4
29915,430,9
29916,430,9
29917,NULL,1
29918,206,2
29919,NULL,1
29920,70,15
29921,NULL,17
29922,492,1
29923,307,10
29924,399,1
29925,3,25
29926,430,8
29927,430,10
29928,430,9
29929,NULL,17
29930,431,4
29931,NULL,1
29932,430,8
29933,430,10
29934,499,10
29935,294,1
29936,NULL,10
29937,430,10
29938,250,10
29939,250,10
29940,492,1
29941,430,9
29942,430,9
29943,430,8
29944,NULL,10
29945,NULL,1
29946,NULL,1
29947,342,10
29948,430,9
29949,391,21
29950,430,9
29951,550,1
29952,187,11
29953,492,1
29954,NULL,1
29955,430,10
29956,NULL,1
29957,391,21
29958,NULL,10
29959,430,9
29960,430,9
29961,399,1
29962,565,4
29963,499,1
29964,399,1
29965,391,21
29966,NULL,10
29967,NULL,1
29968,NULL,10
29969,NULL,1
29970,430,10
29971,565,1
29972,70,14
29973,391,21
29974,430,9
29975,NULL,1
29976,NULL,1
29977,NULL,1
29978,NULL,4
29979,430,10
29980,530,1
29981,70,15
29982,NULL,1
29983,430,9
29984,NULL,1
29985,391,10
29986,NULL,1
29987,534,8
29988,530,1
29989,70,15
29990,342,10
29991,121,11
29992,NULL,1
29993,NULL,1
29994,267,2
29995,391,4
29996,70,14
29997,430,10
29998,430,9
29999,430,10
30000,NULL,1
30001,430,1
30002,565,1
30003,534,9
30004,NULL,1
30005,245,21
30006,NULL,1
30007,430,9
30008,534,9
30009,270,10
30010,NULL,4
30011,430,10
30012,430,10
30013,430,9
30014,NULL,1
30015,511,9
30016,121,2
30017,3,25
30018,NULL,1
30019,430,9
30020,NULL,1
30021,NULL,1
30022,NULL,1
30023,NULL,10
30024,534,9
30025,NULL,1
30026,NULL,8
30027,430,10
30028,492,1
30029,499,10
30030,NULL,1
30031,NULL,1
30032,NULL,1
30033,534,8
30034,492,1
30035,NULL,1
30036,NULL,1
30037,250,10
30038,NULL,1
30039,156,21
30040,NULL,1
30041,250,10
30042,NULL,1
30043,NULL,1
30044,430,9
30045,NULL,3
30046,NULL,1
30047,430,9
30048,NULL,1
30049,70,13
30050,391,4
30051,NULL,1
30052,NULL,1
30053,430,10
30054,NULL,1
30055,21,4
30056,121,2
30057,250,10
30058,391,4
30059,NULL,4
30060,NULL,1
30061,121,2
30062,430,10
30063,550,1
30064,391,10
30065,430,9
30066,430,10
30067,492,1
30068,565,4
30069,430,9
30070,250,10
30071,NULL,1
30072,430,8
30073,NULL,1
30074,NULL,1
30075,430,9
30076,156,21
30077,391,4
30078,NULL,4
30079,245,21
30080,430,9
30081,391,4
30082,NULL,1
30083,565,4
30084,270,10
30085,245,21
30086,430,10
30087,430,9
30088,430,9
30089,391,4
30090,270,10
30091,267,2
30092,391,10
30093,245,21
30094,NULL,1
30095,245,21
30096,454,8
30097,430,8
30098,430,8
30099,430,10
30100,391,10
30101,NULL,1
30102,550,1
30103,NULL,8
30104,250,10
30105,430,8
30106,430,9
30107,250,10
30108,391,10
30109,121,11
30110,270,1
30111,NULL,8
30112,430,10
30113,3,25
30114,534,1
30115,NULL,1
30116,391,10
30117,NULL,4
30118,250,10
30119,NULL,8
30120,NULL,1
30121,250,10
30122,551,1
30123,NULL,1
30124,NULL,1
30125,NULL,1
30126,125,1
30127,NULL,1
30128,NULL,1
30129,430,10
30130,430,8
30131,232,9
30132,NULL,1
30133,270,10
30134,NULL,1
30135,245,21
30136,NULL,1
30137,391,4
30138,464,4
30139,NULL,1
30140,294,10
30141,534,8
30142,250,10
30143,NULL,1
30144,70,15
30145,456,2
30146,NULL,1
30147,430,10
30148,NULL,1
30149,NULL,1
30150,430,10
30151,NULL,8
30152,NULL,11
30153,70,14
30154,NULL,1
30155,430,9
30156,197,1
30157,534,8
30158,430,10
30159,NULL,1
30160,NULL,4
30161,121,16
30162,70,13
30163,430,9
30164,391,10
30165,NULL,10
30166,NULL,1
30167,NULL,1
30168,NULL,11
30169,NULL,1
30170,430,9
30171,NULL,17
30172,430,9
30173,391,4
30174,245,7
30175,430,9
30176,NULL,17
30177,391,4
30178,430,10
30179,NULL,1
30180,NULL,1
30181,187,11
30182,430,8
30183,430,10
30184,250,10
30185,391,4
30186,430,9
30187,250,10
30188,NULL,1
30189,430,9
30190,NULL,10
30191,430,10
30192,430,9
30193,NULL,1
30194,121,11
30195,70,15
30196,430,10
30197,NULL,1
30198,NULL,10
30199,430,10
30200,430,9
30201,430,9
30202,250,10
30203,NULL,11
30204,534,8
30205,391,4
30206,NULL,1
30207,250,10
30208,NULL,17
30209,391,10
30210,550,10
30211,NULL,1
30212,197,1
30213,250,10
30214,430,9
30215,NULL,1
30216,3,25
30217,391,10
30218,430,10
30219,250,10
30220,430,9
30221,NULL,1
30222,250,10
30223,534,9
30224,3,25
30225,391,10
30226,245,21
30227,430,10
30228,70,2
30229,430,9
30230,250,10
30231,431,1
30232,187,11
30233,391,10
30234,NULL,1
30235,NULL,1
30236,70,2
30237,70,13
30238,NULL,1
30239,NULL,1
30240,121,1
30241,391,10
30242,430,10
30243,360,21
30244,NULL,1
30245,NULL,1
30246,430,10
30247,NULL,1
30248,430,10
30249,499,1
30250,250,1
30251,NULL,1
30252,430,9
30253,70,13
30254,430,9
30255,430,10
30256,499,1
30257,391,10
30258,430,9
30259,NULL,1
30260,70,14
30261,250,10
30262,499,1
30263,250,10
30264,NULL,10
30265,391,10
30266,197,1
30267,NULL,1
30268,70,14
30269,250,10
30270,499,1
30271,NULL,1
30272,430,9
30273,NULL,1
30274,430,9
30275,NULL,1
30276,NULL,10
30277,NULL,1
30278,499,1
30279,430,8
30280,565,4
30281,499,1
30282,125,1
30283,NULL,1
30284,NULL,1
30285,430,9
30286,499,10
30287,70,13
30288,550,1
30289,294,1
30290,492,1
30291,NULL,1
30292,456,2
30293,430,9
30294,NULL,1
30295,NULL,1
30296,430,9
30297,550,1
30298,530,9
30299,NULL,1
30300,NULL,10
30301,399,4
30302,NULL,1
30303,NULL,1
30304,NULL,8
30305,542,25
30306,430,10
30307,NULL,1
30308,NULL,10
30309,430,10
30310,NULL,1
30311,430,9
30312,250,10
30313,430,10
30314,530,28
30315,NULL,1
30316,NULL,10
30317,NULL,1
30318,NULL,10
30319,NULL,1
30320,NULL,1
30321,NULL,1
30322,530,28
30323,NULL,1
30324,391,10
30325,430,9
30326,430,9
30327,430,9
30328,NULL,1
30329,NULL,1
30330,NULL,1
30331,250,10
30332,391,4
30333,NULL,1
30334,492,1
30335,250,10
30336,NULL,1
30337,430,10
30338,530,28
30339,250,10
30340,NULL,1
30341,NULL,1
30342,464,21
30343,250,10
30344,250,10
30345,70,13
30346,NULL,1
30347,NULL,1
30348,399,1
30349,NULL,1
30350,464,21
30351,250,10
30352,430,28
30353,530,28
30354,430,9
30355,NULL,1
30356,499,10
30357,430,9
30358,NULL,1
30359,250,10
30360,3,25
30361,NULL,1
30362,NULL,1
30363,430,10
30364,391,4
30365,89,1
30366,NULL,10
30367,430,10
30368,NULL,1
30369,70,13
30370,NULL,1
30371,NULL,1
30372,3,25
30373,NULL,17
30374,430,1
30375,NULL,1
30376,499,10
30377,430,9
30378,156,1
30379,70,15
30380,70,15
30381,534,8
30382,NULL,10
30383,NULL,1
30384,NULL,1
30385,NULL,21
30386,NULL,10
30387,70,15
30388,3,25
30389,385,10
30390,3,25
30391,250,10
30392,156,21
30393,342,10
30394,NULL,10
30395,NULL,1
30396,430,10
30397,542,1
30398,430,10
30399,430,1
30400,534,9
30401,NULL,21
30402,NULL,10
30403,70,15
30404,NULL,10
30405,499,1
30406,391,4
30407,430,10
30408,NULL,1
30409,NULL,1
30410,NULL,10
30411,70,15
30412,550,21
30413,NULL,17
30414,NULL,10
30415,430,8
30416,250,10
30417,NULL,1
30418,267,11
30419,513,1
30420,70,13
30421,NULL,1
30422,NULL,11
30423,464,21
30424,121,23
30425,NULL,1
30426,NULL,1
30427,NULL,1
30428,411,1
30429,250,10
30430,431,1
30431,464,21
30432,70,15
30433,NULL,1
30434,NULL,1
30435,NULL,11
30436,250,10
30437,NULL,10
30438,NULL,11
30439,430,8
30440,70,15
30441,385,10
30442,NULL,1
30443,NULL,1
30444,430,10
30445,NULL,1
30446,187,11
30447,270,10
30448,430,10
30449,430,10
30450,430,9
30451,541,1
30452,NULL,1
30453,NULL,10
30454,121,11
30455,430,9
30456,430,10
30457,NULL,10
30458,125,1
30459,492,1
30460,250,10
30461,NULL,10
30462,431,1
30463,430,9
30464,NULL,1
30465,430,9
30466,430,10
30467,3,25
30468,70,2
30469,431,1
30470,431,1
30471,250,10
30472,250,10
30473,267,11
30474,NULL,1
30475,NULL,1
30476,430,10
30477,464,21
30478,NULL,1
30479,NULL,1
30480,3,25
30481,267,11
30482,NULL,10
30483,NULL,1
30484,250,10
30485,541,1
30486,70,13
30487,NULL,1
30488,3,25
30489,NULL,1
30490,499,1
30491,121,11
30492,NULL,1
30493,NULL,1
30494,70,13
30495,NULL,1
30496,250,10
30497,499,10
30498,245,7
30499,464,21
30500,NULL,1
30501,430,9
30502,NULL,1
30503,NULL,1
30504,NULL,10
30505,430,8
30506,430,9
30507,NULL,1
30508,121,11
30509,430,9
30510,NULL,1
30511,NULL,1
30512,NULL,10
30513,NULL,1
30514,430,10
30515,156,1
30516,245,21
30517,NULL,10
30518,270,10
30519,499,10
30520,NULL,17
30521,250,10
30522,125,1
30523,NULL,1
30524,499,10
30525,70,15
30526,NULL,1
30527,187,11
30528,391,4
30529,492,1
30530,NULL,1
30531,250,10
30532,NULL,1
30533,NULL,10
30534,70,7
30535,NULL,1
30536,391,4
30537,342,10
30538,NULL,1
30539,250,10
30540,NULL,17
30541,NULL,4
30542,250,10
30543,NULL,1
30544,391,21
30545,270,10
30546,NULL,1
30547,250,10
30548,250,10
30549,121,11
30550,464,21
30551,70,15
30552,250,10
30553,NULL,1
30554,391,4
30555,250,10
30556,NULL,1
30557,70,15
30558,430,8
30559,70,15
30560,NULL,1
30561,430,9
30562,NULL,1
30563,250,10
30564,NULL,1
30565,NULL,4
30566,270,10
30567,385,10
30568,NULL,1
30569,430,10
30570,399,1
30571,250,10
30572,430,9
30573,54,9
30574,464,21
30575,391,4
30576,NULL,1
30577,430,10
30578,70,14
30579,551,1
30580,250,10
30581,250,10
30582,250,10
30583,430,9
30584,250,10
30585,NULL,1
30586,391,4
30587,250,10
30588,NULL,1
30589,250,10
30590,430,10
30591,NULL,1
30592,318,1
30593,232,9
30594,430,9
30595,430,9
30596,NULL,1
30597,250,10
30598,431,1
30599,NULL,1
30600,318,1
30601,430,9
30602,121,2
30603,391,4
30604,70,13
30605,NULL,1
30606,NULL,1
30607,NULL,1
30608,430,9
30609,NULL,1
30610,270,10
30611,430,10
30612,550,1
30613,NULL,1
30614,NULL,17
30615,499,10
30616,245,7
30617,499,10
30618,125,1
30619,430,9
30620,399,1
30621,250,10
30622,NULL,1
30623,430,9
30624,NULL,1
30625,430,10
30626,391,4
30627,430,9
30628,NULL,1
30629,270,10
30630,430,9
30631,430,9
30632,NULL,1
30633,156,1
30634,391,4
30635,430,9
30636,431,4
30637,250,10
30638,250,10
30639,391,4
30640,307,10
30641,156,1
30642,391,4
30643,NULL,1
30644,250,10
30645,250,10
30646,250,10
30647,391,10
30648,NULL,1
30649,430,9
30650,391,4
30651,391,10
30652,70,1
30653,250,10
30654,250,10
30655,391,10
30656,NULL,1
30657,NULL,1
30658,250,10
30659,NULL,1
30660,NULL,25
30661,156,1
30662,430,10
30663,NULL,1
30664,430,10
30665,NULL,1
30666,3,25
30667,245,7
30668,NULL,1
30669,430,9
30670,250,10
30671,206,21
30672,391,10
30673,430,9
30674,187,11
30675,329,1
30676,342,10
30677,250,10
30678,250,10
30679,121,11
30680,431,1
30681,245,21
30682,430,8
30683,121,11
30684,492,1
30685,NULL,1
30686,250,10
30687,431,10
30688,NULL,1
30689,NULL,1
30690,3,25
30691,492,1
30692,NULL,10
30693,NULL,1
30694,430,8
30695,70,7
30696,430,10
30697,430,9
30698,3,25
30699,430,9
30700,NULL,1
30701,499,1
30702,232,9
30703,NULL,1
30704,430,10
30705,391,4
30706,NULL,1
30707,513,10
30708,NULL,1
30709,121,11
30710,430,9
30711,430,8
30712,82,10
30713,NULL,10
30714,565,4
30715,430,9
30716,430,10
30717,385,10
30718,232,9
30719,430,10
30720,430,9
30721,430,1
30722,NULL,1
30723,NULL,1
30724,500,8
30725,NULL,1
30726,NULL,1
30727,499,10
30728,NULL,1
30729,385,10
30730,430,10
30731,NULL,1
30732,530,28
30733,250,10
30734,70,13
30735,391,10
30736,NULL,1
30737,391,4
30738,430,9
30739,492,1
30740,NULL,1
30741,250,10
30742,499,10
30743,206,2
30744,541,1
30745,391,4
30746,NULL,10
30747,NULL,1
30748,187,1
30749,NULL,10
30750,430,9
30751,NULL,1
30752,NULL,10
30753,250,10
30754,NULL,4
30755,NULL,1
30756,NULL,1
30757,391,10
30758,430,10
30759,121,1
30760,NULL,1
30761,NULL,4
30762,499,10
30763,499,10
30764,NULL,1
30765,430,1
30766,70,13
30767,121,1
30768,NULL,3
30769,NULL,1
30770,430,9
30771,245,21
30772,NULL,1
30773,3,25
30774,NULL,1
30775,197,1
30776,430,9
30777,270,1
30778,121,11
30779,430,10
30780,430,9
30781,250,10
30782,430,9
30783,492,1
30784,492,1
30785,430,10
30786,270,1
30787,245,21
30788,NULL,1
30789,NULL,17
30790,391,4
30791,492,1
30792,430,8
30793,307,10
30794,565,4
30795,70,22
30796,NULL,1
30797,250,10
30798,430,9
30799,70,2
30800,464,21
30801,NULL,1
30802,NULL,1
30803,70,22
30804,430,10
30805,250,10
30806,430,9
30807,NULL,1
30808,464,21
30809,430,10
30810,534,9
30811,NULL,1
30812,54,1
30813,492,1
30814,NULL,10
30815,NULL,1
30816,NULL,1
30817,430,10
30818,464,21
30819,NULL,1
30820,430,9
30821,NULL,10
30822,NULL,1
30823,NULL,1
30824,492,1
30825,NULL,1
30826,464,21
30827,70,15
30828,250,10
30829,430,9
30830,NULL,1
30831,70,13
30832,430,9
30833,307,10
30834,NULL,1
30835,456,5
30836,430,10
30837,NULL,14
30838,565,1
30839,NULL,1
30840,NULL,3
30841,541,10
30842,NULL,3
30843,70,15
30844,187,11
30845,250,10
30846,318,1
30847,391,4
30848,NULL,10
30849,250,10
30850,121,2
30851,NULL,1
30852,250,10
30853,456,13
30854,70,7
30855,391,4
30856,NULL,1
30857,250,10
30858,492,1
30859,551,1
30860,NULL,10
30861,NULL,14
30862,250,10
30863,NULL,1
30864,NULL,14
30865,534,9
30866,430,10
30867,NULL,17
30868,NULL,1
30869,NULL,1
30870,NULL,1
30871,430,10
30872,391,10
30873,492,1
30874,121,2
30875,NULL,17
30876,NULL,1
30877,187,11
30878,156,1
30879,430,9
30880,391,10
30881,430,9
30882,534,8
30883,NULL,17
30884,NULL,1
30885,464,21
30886,NULL,1
30887,431,10
30888,456,13
30889,391,21
30890,NULL,1
30891,391,10
30892,NULL,1
30893,270,10
30894,NULL,1
30895,430,8
30896,250,10
30897,70,2
30898,534,9
30899,530,1
30900,NULL,1
30901,NULL,1
30902,232,9
30903,NULL,1
30904,391,10
30905,70,14
30906,430,9
30907,391,10
30908,NULL,14
30909,430,10
30910,NULL,1
30911,430,8
30912,391,10
30913,550,21
30914,NULL,1
30915,456,13
30916,121,2
30917,456,5
30918,70,7
30919,232,9
30920,391,10
30921,70,15
30922,NULL,1
30923,NULL,1
30924,121,2
30925,NULL,1
30926,NULL,10
30927,232,9
30928,120,9
30929,250,10
30930,391,4
30931,NULL,1
30932,430,8
30933,430,9
30934,NULL,1
30935,70,7
30936,NULL,4
30937,391,4
30938,245,21
30939,464,21
30940,NULL,1
30941,267,11
30942,NULL,1
30943,513,10
30944,391,10
30945,430,8
30946,391,4
30947,NULL,4
30948,121,16
30949,344,1
30950,430,10
30951,391,4
30952,NULL,17
30953,541,10
30954,534,9
30955,250,1
30956,430,10
30957,464,21
30958,NULL,1
30959,430,9
30960,250,10
30961,430,9
30962,NULL,1
30963,NULL,4
30964,3,25
30965,430,9
30966,430,10
30967,430,9
30968,565,1
30969,NULL,1
30970,391,10
30971,NULL,1
30972,507,7
30973,NULL,1
30974,534,8
30975,21,4
30976,430,10
30977,391,10
30978,NULL,1
30979,NULL,1
30980,250,10
30981,NULL,1
30982,430,9
30983,391,4
30984,NULL,1
30985,NULL,1
30986,NULL,1
30987,430,9
30988,399,21
30989,NULL,1
30990,NULL,1
30991,121,11
30992,NULL,1
30993,391,4
30994,430,9
30995,NULL,4
30996,270,10
30997,NULL,1
30998,430,9
30999,565,1
31000,430,9
31001,NULL,1
31002,430,9
31003,250,1
31004,NULL,8
31005,431,1
31006,NULL,3
31007,NULL,1
31008,430,9
31009,NULL,1
31010,250,10
31011,NULL,10
31012,430,10
31013,NULL,3
31014,NULL,1
31015,250,10
31016,NULL,1
31017,430,1
31018,430,9
31019,245,21
31020,NULL,1
31021,NULL,14
31022,430,10
31023,430,10
31024,NULL,1
31025,21,4
31026,391,10
31027,NULL,10
31028,NULL,1
31029,391,10
31030,NULL,1
31031,NULL,1
31032,NULL,4
31033,121,11
31034,391,10
31035,NULL,1
31036,430,9
31037,NULL,1
31038,430,9
31039,250,1
31040,NULL,1
31041,70,15
31042,430,10
31043,NULL,1
31044,250,10
31045,NULL,1
31046,307,10
31047,NULL,1
31048,430,9
31049,430,9
31050,82,10
31051,499,10
31052,565,1
31053,430,9
31054,430,10
31055,NULL,1
31056,NULL,1
31057,NULL,17
31058,250,10
31059,NULL,1
31060,NULL,1
31061,NULL,1
31062,391,10
31063,NULL,1
31064,NULL,1
31065,250,10
31066,NULL,10
31067,NULL,1
31068,565,1
31069,NULL,1
31070,391,10
31071,NULL,4
31072,391,4
31073,430,10
31074,391,10
31075,430,9
31076,NULL,1
31077,NULL,1
31078,430,9
31079,449,9
31080,267,2
31081,NULL,1
31082,318,1
31083,492,1
31084,430,9
31085,3,25
31086,NULL,1
31087,NULL,17
31088,549,1
31089,391,10
31090,430,9
31091,NULL,1
31092,430,10
31093,NULL,1
31094,456,13
31095,449,9
31096,245,21
31097,120,9
31098,70,22
31099,NULL,1
31100,534,9
31101,NULL,1
31102,456,13
31103,NULL,1
31104,250,10
31105,NULL,1
31106,NULL,1
31107,NULL,1
31108,NULL,1
31109,NULL,1
31110,NULL,14
31111,NULL,4
31112,430,10
31113,456,13
31114,NULL,11
31115,NULL,1
31116,391,10
31117,250,10
31118,NULL,14
31119,464,21
31120,70,13
31121,NULL,11
31122,492,1
31123,499,1
31124,250,10
31125,250,10
31126,NULL,1
31127,NULL,7
31128,431,10
31129,464,21
31130,492,1
31131,NULL,17
31132,430,1
31133,206,14
31134,NULL,14
31135,NULL,1
31136,NULL,1
31137,121,2
31138,NULL,10
31139,NULL,17
31140,245,21
31141,430,9
31142,NULL,14
31143,NULL,1
31144,430,9
31145,NULL,1
31146,430,9
31147,NULL,1
31148,430,9
31149,431,10
31150,NULL,1
31151,NULL,1
31152,430,8
31153,NULL,10
31154,70,15
31155,121,2
31156,534,9
31157,NULL,1
31158,542,1
31159,NULL,1
31160,NULL,1
31161,NULL,1
31162,430,9
31163,250,10
31164,391,4
31165,430,9
31166,NULL,1
31167,499,10
31168,385,10
31169,391,10
31170,541,1
31171,NULL,10
31172,430,9
31173,NULL,1
31174,NULL,1
31175,NULL,1
31176,250,10
31177,NULL,1
31178,NULL,1
31179,NULL,4
31180,551,1
31181,NULL,1
31182,70,15
31183,431,1
31184,430,9
31185,250,10
31186,NULL,4
31187,NULL,4
31188,391,10
31189,NULL,1
31190,542,1
31191,430,9
31192,430,10
31193,430,9
31194,70,15
31195,NULL,4
31196,391,10
31197,NULL,1
31198,250,10
31199,430,9
31200,NULL,1
31201,NULL,1
31202,NULL,1
31203,NULL,1
31204,534,9
31205,430,10
31206,NULL,1
31207,430,10
31208,250,10
31209,250,10
31210,NULL,1
31211,156,21
31212,550,3
31213,430,10
31214,NULL,1
31215,250,1
31216,430,10
31217,430,9
31218,232,9
31219,156,21
31220,534,1
31221,NULL,1
31222,NULL,1
31223,121,11
31224,430,8
31225,430,9
31226,NULL,1
31227,NULL,11
31228,391,4
31229,NULL,8
31230,430,10
31231,121,11
31232,430,9
31233,430,9
31234,430,10
31235,245,7
31236,NULL,1
31237,430,8
31238,391,4
31239,250,10
31240,294,1
31241,430,9
31242,430,1
31243,534,9
31244,499,10
31245,NULL,1
31246,464,21
31247,NULL,1
31248,430,28
31249,464,21
31250,430,1
31251,430,10
31252,248,1
31253,549,1
31254,464,21
31255,121,2
31256,294,1
31257,430,9
31258,430,8
31259,550,21
31260,270,10
31261,267,2
31262,550,21
31263,121,2
31264,430,1
31265,NULL,1
31266,430,8
31267,385,10
31268,342,10
31269,549,1
31270,430,10
31271,430,8
31272,21,4
31273,NULL,4
31274,232,9
31275,464,21
31276,250,10
31277,565,1
31278,430,9
31279,NULL,1
31280,3,25
31281,187,11
31282,NULL,1
31283,464,21
31284,270,10
31285,565,1
31286,391,4
31287,430,10
31288,NULL,1
31289,NULL,1
31290,430,10
31291,NULL,1
31292,391,4
31293,565,1
31294,391,10
31295,430,9
31296,391,4
31297,464,21
31298,267,11
31299,3,25
31300,391,4
31301,NULL,1
31302,120,9
31303,NULL,1
31304,3,25
31305,464,21
31306,430,8
31307,NULL,1
31308,430,9
31309,NULL,1
31310,250,10
31311,NULL,1
31312,391,4
31313,534,9
31314,NULL,1
31315,NULL,1
31316,430,8
31317,499,10
31318,NULL,1
31319,270,10
31320,391,4
31321,NULL,1
31322,NULL,1
31323,391,10
31324,549,1
31325,430,10
31326,NULL,1
31327,430,9
31328,NULL,10
31329,431,1
31330,NULL,8
31331,NULL,10
31332,232,9
31333,NULL,1
31334,391,4
31335,121,11
31336,499,10
31337,391,10
31338,NULL,1
31339,3,25
31340,342,10
31341,430,10
31342,NULL,1
31343,391,10
31344,430,9
31345,431,1
31346,250,10
31347,NULL,1
31348,391,4
31349,NULL,1
31350,430,10
31351,NULL,17
31352,NULL,1
31353,70,15
31354,250,10
31355,534,9
31356,270,10
31357,NULL,4
31358,430,9
31359,NULL,1
31360,NULL,1
31361,430,9
31362,NULL,1
31363,245,7
31364,NULL,1
31365,430,8
31366,551,1
31367,430,9
31368,391,10
31369,70,15
31370,250,10
31371,391,4
31372,430,9
31373,NULL,1
31374,391,4
31375,NULL,1
31376,NULL,1
31377,70,15
31378,250,10
31379,430,10
31380,70,14
31381,430,10
31382,391,4
31383,270,10
31384,250,10
31385,449,9
31386,70,15
31387,499,10
31388,NULL,1
31389,430,9
31390,NULL,1
31391,NULL,1
31392,549,8
31393,NULL,25
31394,70,15
31395,431,10
31396,270,10
31397,430,9
31398,NULL,1
31399,492,1
31400,NULL,1
31401,NULL,4
31402,70,15
31403,NULL,1
31404,NULL,1
31405,391,4
31406,NULL,1
31407,NULL,14
31408,250,10
31409,430,10
31410,NULL,1
31411,267,11
31412,NULL,10
31413,54,1
31414,550,3
31415,NULL,1
31416,250,10
31417,120,9
31418,NULL,1
31419,250,10
31420,270,10
31421,430,9
31422,70,13
31423,456,13
31424,NULL,1
31425,430,10
31426,70,15
31427,250,10
31428,430,9
31429,70,22
31430,NULL,1
31431,430,9
31432,NULL,1
31433,250,10
31434,NULL,1
31435,250,10
31436,391,4
31437,430,9
31438,430,10
31439,456,13
31440,430,9
31441,NULL,1
31442,391,4
31443,250,10
31444,70,14
31445,430,9
31446,542,1
31447,NULL,10
31448,232,9
31449,NULL,1
31450,NULL,1
31451,250,10
31452,270,10
31453,391,4
31454,542,1
31455,391,10
31456,391,4
31457,NULL,1
31458,NULL,1
31459,NULL,14
31460,NULL,1
31461,430,10
31462,430,10
31463,391,10
31464,391,4
31465,NULL,1
31466,NULL,1
31467,NULL,14
31468,499,10
31469,NULL,1
31470,342,10
31471,NULL,1
31472,70,15
31473,430,9
31474,430,9
31475,430,9
31476,430,10
31477,430,9
31478,492,1
31479,492,1
31480,391,4
31481,70,13
31482,70,13
31483,NULL,1
31484,70,14
31485,250,10
31486,NULL,1
31487,NULL,1
31488,430,9
31489,250,10
31490,NULL,1
31491,NULL,8
31492,121,1
31493,430,10
31494,NULL,1
31495,430,10
31496,430,10
31497,70,13
31498,430,10
31499,550,8
31500,3,25
31501,250,10
31502,270,10
31503,NULL,1
31504,21,4
31505,NULL,1
31506,550,21
31507,430,9
31508,NULL,1
31509,NULL,1
31510,NULL,1
31511,430,9
31512,70,22
31513,341,10
31514,385,10
31515,270,10
31516,3,25
31517,391,10
31518,250,10
31519,492,1
31520,NULL,1
31521,430,8
31522,NULL,1
31523,NULL,1
31524,550,1
31525,499,10
31526,NULL,1
31527,NULL,10
31528,430,9
31529,430,10
31530,NULL,1
31531,NULL,3
31532,430,10
31533,430,9
31534,NULL,1
31535,NULL,1
31536,NULL,1
31537,NULL,1
31538,NULL,1
31539,250,1
31540,430,9
31541,391,10
31542,318,1
31543,430,10
31544,430,10
31545,534,9
31546,431,10
31547,NULL,1
31548,232,9
31549,430,9
31550,464,21
31551,250,10
31552,430,10
31553,232,9
31554,121,11
31555,NULL,1
31556,342,10
31557,NULL,1
31558,250,10
31559,250,10
31560,431,10
31561,NULL,1
31562,431,10
31563,250,10
31564,270,10
31565,430,9
31566,551,1
31567,430,9
31568,391,4
31569,NULL,1
31570,NULL,1
31571,70,7
31572,270,10
31573,70,7
31574,430,9
31575,121,2
31576,391,4
31577,430,8
31578,430,1
31579,391,4
31580,499,10
31581,NULL,1
31582,430,10
31583,430,10
31584,391,4
31585,NULL,1
31586,NULL,1
31587,70,13
31588,NULL,4
31589,430,10
31590,121,11
31591,534,9
31592,206,2
31593,391,4
31594,NULL,1
31595,549,21
31596,NULL,4
31597,NULL,1
31598,391,4
31599,250,10
31600,206,2
31601,391,4
31602,NULL,1
31603,542,1
31604,NULL,1
31605,430,9
31606,NULL,1
31607,3,25
31608,430,9
31609,430,10
31610,430,9
31611,70,15
31612,NULL,1
31613,NULL,1
31614,NULL,1
31615,121,11
31616,250,10
31617,232,9
31618,NULL,1
31619,NULL,1
31620,534,8
31621,121,1
31622,70,15
31623,430,10
31624,430,10
31625,430,10
31626,430,9
31627,464,21
31628,534,8
31629,NULL,1
31630,232,9
31631,3,25
31632,NULL,1
31633,270,10
31634,NULL,17
31635,NULL,1
31636,70,13
31637,464,21
31638,391,4
31639,NULL,1
31640,391,4
31641,NULL,1
31642,430,10
31643,430,1
31644,NULL,1
31645,NULL,1
31646,NULL,1
31647,499,10
31648,187,11
31649,NULL,1
31650,3,25
31651,270,10
31652,70,14
31653,NULL,1
31654,NULL,10
31655,430,9
31656,430,9
31657,NULL,1
31658,391,4
31659,NULL,1
31660,NULL,13
31661,430,8
31662,NULL,1
31663,250,10
31664,270,10
31665,70,15
31666,391,4
31667,121,11
31668,70,13
31669,385,10
31670,NULL,10
31671,70,15
31672,430,10
31673,391,4
31674,NULL,10
31675,430,10
31676,499,10
31677,391,4
31678,541,1
31679,542,1
31680,125,1
31681,NULL,1
31682,360,21
31683,391,4
31684,391,4
31685,250,10
31686,121,1
31687,542,1
31688,NULL,1
31689,391,4
31690,534,9
31691,250,10
31692,250,10
31693,430,9
31694,534,9
31695,NULL,1
31696,307,10
31697,NULL,1
31698,NULL,17
31699,430,9
31700,NULL,1
31701,250,10
31702,391,4
31703,NULL,1
31704,NULL,1
31705,NULL,1
31706,121,11
31707,232,9
31708,NULL,10
31709,NULL,10
31710,NULL,1
31711,NULL,1
31712,NULL,1
31713,NULL,1
31714,NULL,10
31715,430,9
31716,NULL,10
31717,250,10
31718,NULL,1
31719,187,11
31720,NULL,1
31721,NULL,1
31722,NULL,1
31723,456,5
31724,NULL,10
31725,499,1
31726,NULL,4
31727,187,11
31728,121,11
31729,NULL,1
31730,499,1
31731,70,15
31732,NULL,10
31733,NULL,1
31734,NULL,4
31735,250,10
31736,534,9
31737,430,9
31738,NULL,1
31739,70,15
31740,NULL,1
31741,250,10
31742,NULL,4
31743,430,9
31744,431,1
31745,550,21
31746,430,9
31747,70,15
31748,456,2
31749,NULL,1
31750,250,1
31751,250,1
31752,NULL,10
31753,430,10
31754,NULL,1
31755,430,9
31756,NULL,1
31757,430,9
31758,NULL,1
31759,250,10
31760,391,4
31761,430,8
31762,499,1
31763,430,9
31764,385,10
31765,NULL,10
31766,NULL,1
31767,NULL,1
31768,NULL,1
31769,430,8
31770,3,25
31771,245,7
31772,NULL,1
31773,NULL,1
31774,430,10
31775,250,10
31776,NULL,1
31777,430,9
31778,NULL,1
31779,245,7
31780,NULL,1
31781,NULL,10
31782,391,4
31783,NULL,1
31784,NULL,1
31785,70,7
31786,NULL,1
31787,250,10
31788,NULL,1
31789,511,9
31790,391,4
31791,NULL,1
31792,430,10
31793,391,4
31794,245,7
31795,385,10
31796,449,9
31797,250,10
31798,245,7
31799,NULL,1
31800,430,9
31801,391,4
31802,NULL,1
31803,250,10
31804,391,4
31805,318,1
31806,NULL,1
31807,NULL,1
31808,430,9
31809,391,4
31810,430,10
31811,70,13
31812,430,8
31813,NULL,1
31814,391,4
31815,NULL,1
31816,430,9
31817,391,4
31818,121,11
31819,430,9
31820,391,4
31821,391,4
31822,270,10
31823,431,1
31824,NULL,1
31825,391,4
31826,70,22
31827,NULL,1
31828,NULL,1
31829,391,4
31830,391,4
31831,391,4
31832,NULL,1
31833,430,10
31834,534,9
31835,430,8
31836,430,1
31837,391,4
31838,NULL,1
31839,NULL,1
31840,NULL,1
31841,250,10
31842,430,8
31843,430,9
31844,514,1
31845,565,4
31846,NULL,1
31847,NULL,1
31848,391,4
31849,430,9
31850,NULL,1
31851,430,9
31852,3,25
31853,430,9
31854,NULL,1
31855,NULL,1
31856,NULL,1
31857,430,9
31858,534,8
31859,456,13
31860,NULL,1
31861,NULL,1
31862,430,9
31863,NULL,1
31864,NULL,1
31865,70,7
31866,121,11
31867,430,10
31868,267,2
31869,430,10
31870,250,1
31871,391,4
31872,NULL,1
31873,70,7
31874,542,1
31875,391,4
31876,464,1
31877,551,1
31878,NULL,8
31879,70,7
31880,430,9
31881,430,8
31882,492,1
31883,430,9
31884,206,2
31885,NULL,1
31886,565,1
31887,391,4
31888,499,10
31889,70,13
31890,499,10
31891,NULL,1
31892,430,9
31893,464,21
31894,125,1
31895,NULL,1
31896,391,4
31897,NULL,1
31898,NULL,1
31899,NULL,1
31900,267,2
31901,245,21
31902,70,13
31903,542,1
31904,232,9
31905,NULL,1
31906,121,23
31907,430,9
31908,267,2
31909,250,10
31910,70,13
31911,70,7
31912,NULL,1
31913,499,10
31914,391,4
31915,245,7
31916,NULL,1
31917,NULL,1
31918,NULL,1
31919,NULL,1
31920,245,21
31921,NULL,1
31922,70,15
31923,NULL,1
31924,430,4
31925,NULL,1
31926,499,10
31927,542,1
31928,250,10
31929,250,10
31930,430,8
31931,499,10
31932,NULL,1
31933,NULL,1
31934,391,21
31935,70,7
31936,499,10
31937,391,4
31938,70,15
31939,499,10
31940,NULL,1
31941,NULL,1
31942,391,21
31943,430,9
31944,430,10
31945,430,10
31946,270,10
31947,430,10
31948,250,10
31949,70,22
31950,499,10
31951,430,10
31952,430,9
31953,270,10
31954,385,10
31955,430,10
31956,82,10
31957,NULL,1
31958,430,10
31959,534,9
31960,NULL,1
31961,121,1
31962,NULL,1
31963,430,8
31964,430,8
31965,385,10
31966,306,1
31967,NULL,1
31968,NULL,1
31969,121,1
31970,NULL,1
31971,391,4
31972,NULL,1
31973,430,9
31974,NULL,1
31975,391,4
31976,499,10
31977,456,13
31978,121,11
31979,391,4
31980,NULL,1
31981,NULL,1
31982,NULL,1
31983,NULL,1
31984,307,10
31985,391,4
31986,NULL,1
31987,NULL,1
31988,NULL,1
31989,250,10
31990,NULL,1
31991,551,1
31992,121,11
31993,391,4
31994,NULL,1
31995,70,13
31996,NULL,1
31997,NULL,1
31998,534,9
31999,391,4
32000,250,1
32001,391,4
32002,430,9
32003,70,13
32004,NULL,1
32005,NULL,1
32006,70,13
32007,391,4
32008,430,9
32009,391,4
32010,499,1
32011,70,1
32012,NULL,1
32013,NULL,1
32014,NULL,1
32015,430,1
32016,270,10
32017,464,4
32018,542,1
32019,391,4
32020,499,10
32021,NULL,1
32022,121,1
32023,464,21
32024,499,10
32025,464,4
32026,NULL,14
32027,NULL,1
32028,499,10
32029,NULL,1
32030,430,8
32031,464,21
32032,NULL,1
32033,464,4
32034,120,9
32035,NULL,1
32036,NULL,8
32037,391,4
32038,245,7
32039,464,21
32040,NULL,1
32041,430,10
32042,NULL,14
32043,391,4
32044,267,11
32045,121,11
32046,NULL,1
32047,464,21
32048,206,2
32049,187,11
32050,391,10
32051,391,4
32052,430,9
32053,NULL,1
32054,NULL,14
32055,391,4
32056,206,2
32057,245,21
32058,391,10
32059,391,4
32060,456,2
32061,NULL,1
32062,464,21
32063,391,4
32064,430,9
32065,245,21
32066,120,9
32067,NULL,1
32068,535,1
32069,NULL,1
32070,341,10
32071,391,4
32072,430,9
32073,206,2
32074,120,9
32075,250,10
32076,NULL,1
32077,430,9
32078,245,7
32079,NULL,14
32080,430,8
32081,250,10
32082,120,9
32083,430,10
32084,430,10
32085,430,8
32086,430,8
32087,NULL,14
32088,NULL,1
32089,NULL,1
32090,156,1
32091,391,4
32092,121,1
32093,NULL,1
32094,NULL,1
32095,430,9
32096,499,10
32097,250,1
32098,NULL,1
32099,NULL,14
32100,3,25
32101,250,1
32102,430,9
32103,250,10
32104,232,9
32105,430,9
32106,250,1
32107,431,10
32108,3,25
32109,385,10
32110,430,9
32111,245,7
32112,430,1
32113,430,10
32114,511,1
32115,NULL,1
32116,3,25
32117,NULL,1
32118,430,8
32119,341,10
32120,NULL,1
32121,250,10
32122,NULL,1
32123,NULL,1
32124,NULL,1
32125,430,9
32126,430,10
32127,NULL,1
32128,530,9
32129,NULL,10
32130,70,15
32131,NULL,1
32132,342,10
32133,121,11
32134,232,9
32135,430,9
32136,530,9
32137,542,1
32138,542,1
32139,NULL,1
32140,NULL,1
32141,NULL,1
32142,391,4
32143,270,10
32144,430,9
32145,NULL,1
32146,NULL,1
32147,430,9
32148,464,4
32149,499,10
32150,530,9
32151,534,9
32152,391,4
32153,NULL,1
32154,70,15
32155,NULL,1
32156,549,1
32157,121,1
32158,499,10
32159,NULL,1
32160,NULL,1
32161,NULL,1
32162,542,1
32163,NULL,1
32164,430,10
32165,456,14
32166,430,8
32167,391,4
32168,NULL,1
32169,70,15
32170,70,15
32171,NULL,1
32172,430,9
32173,565,4
32174,430,8
32175,391,4
32176,499,10
32177,70,15
32178,NULL,1
32179,NULL,1
32180,250,10
32181,391,4
32182,232,9
32183,391,4
32184,NULL,1
32185,430,10
32186,551,1
32187,NULL,1
32188,270,10
32189,121,1
32190,499,10
32191,NULL,1
32192,NULL,1
32193,430,1
32194,270,10
32195,NULL,1
32196,499,10
32197,513,10
32198,232,9
32199,430,8
32200,542,1
32201,NULL,1
32202,499,10
32203,NULL,1
32204,430,10
32205,250,10
32206,232,9
32207,NULL,1
32208,206,2
32209,NULL,1
32210,430,9
32211,NULL,1
32212,NULL,4
32213,NULL,1
32214,534,9
32215,430,1
32216,430,10
32217,391,4
32218,NULL,4
32219,125,1
32220,430,9
32221,430,10
32222,391,4
32223,187,11
32224,NULL,14
32225,245,7
32226,431,1
32227,70,14
32228,430,9
32229,250,10
32230,121,16
32231,430,9
32232,NULL,1
32233,121,16
32234,NULL,17
32235,430,1
32236,430,10
32237,NULL,1
32238,NULL,8
32239,430,10
32240,NULL,1
32241,245,21
32242,NULL,1
32243,NULL,1
32244,430,10
32245,430,10
32246,NULL,8
32247,530,9
32248,NULL,1
32249,391,4
32250,534,9
32251,70,13
32252,342,10
32253,391,10
32254,NULL,8
32255,NULL,1
32256,499,10
32257,391,4
32258,206,14
32259,391,4
32260,342,10
32261,70,15
32262,391,4
32263,430,10
32264,NULL,1
32265,NULL,1
32266,NULL,1
32267,391,4
32268,342,10
32269,70,15
32270,NULL,1
32271,270,10
32272,NULL,1
32273,NULL,1
32274,NULL,1
32275,430,9
32276,551,1
32277,NULL,1
32278,391,4
32279,NULL,1
32280,391,4
32281,245,21
32282,513,10
32283,70,15
32284,431,4
32285,464,21
32286,391,4
32287,NULL,1
32288,NULL,1
32289,NULL,1
32290,NULL,1
32291,70,15
32292,206,23
32293,70,13
32294,250,10
32295,NULL,1
32296,70,15
32297,NULL,1
32298,464,21
32299,NULL,1
32300,342,10
32301,NULL,1
32302,430,9
32303,250,10
32304,NULL,1
32305,250,10
32306,232,9
32307,NULL,1
32308,NULL,10
32309,499,10
32310,430,9
32311,NULL,4
32312,121,1
32313,NULL,10
32314,NULL,1
32315,250,10
32316,70,14
32317,70,13
32318,499,10
32319,NULL,1
32320,430,10
32321,542,1
32322,NULL,1
32323,70,15
32324,156,1
32325,430,10
32326,250,10
32327,NULL,1
32328,391,4
32329,121,11
32330,250,10
32331,248,1
32332,430,8
32333,430,1
32334,250,10
32335,NULL,1
32336,391,4
32337,NULL,14
32338,430,9
32339,391,4
32340,430,9
32341,327,10
32342,430,9
32343,431,10
32344,391,4
32345,NULL,1
32346,70,13
32347,499,10
32348,250,10
32349,327,10
32350,NULL,1
32351,70,13
32352,NULL,1
32353,NULL,1
32354,NULL,1
32355,430,9
32356,250,10
32357,391,21
32358,430,9
32359,70,13
32360,464,21
32361,NULL,1
32362,NULL,1
32363,565,1
32364,250,10
32365,430,1
32366,NULL,1
32367,565,1
32368,499,10
32369,534,8
32370,431,10
32371,NULL,14
32372,NULL,1
32373,391,21
32374,499,10
32375,NULL,1
32376,NULL,1
32377,NULL,1
32378,NULL,1
32379,NULL,14
32380,250,10
32381,391,21
32382,391,4
32383,NULL,1
32384,NULL,1
32385,NULL,1
32386,NULL,1
32387,270,10
32388,430,9
32389,391,21
32390,NULL,1
32391,70,13
32392,391,10
32393,NULL,1
32394,550,3
32395,499,10
32396,270,10
32397,430,10
32398,499,10
32399,391,4
32400,245,21
32401,70,15
32402,NULL,1
32403,NULL,1
32404,270,10
32405,534,1
32406,3,25
32407,NULL,1
32408,NULL,1
32409,NULL,1
32410,430,9
32411,NULL,1
32412,391,10
32413,456,13
32414,250,10
32415,NULL,1
32416,NULL,1
32417,430,9
32418,NULL,1
32419,430,9
32420,431,1
32421,NULL,1
32422,565,1
32423,NULL,1
32424,NULL,1
32425,430,10
32426,NULL,1
32427,530,1
32428,NULL,1
32429,NULL,1
32430,NULL,1
32431,NULL,1
32432,464,21
32433,NULL,14
32434,NULL,1
32435,499,10
32436,456,13
32437,430,10
32438,NULL,1
32439,391,4
32440,464,21
32441,125,1
32442,NULL,1
32443,NULL,1
32444,NULL,1
32445,456,14
32446,456,14
32447,430,10
32448,430,10
32449,70,15
32450,250,10
32451,391,21
32452,250,10
32453,492,1
32454,456,14
32455,430,9
32456,NULL,1
32457,70,15
32458,70,7
32459,391,21
32460,156,1
32461,327,10
32462,121,16
32463,456,13
32464,250,10
32465,NULL,1
32466,430,9
32467,530,9
32468,550,21
32469,430,10
32470,430,10
32471,456,13
32472,NULL,1
32473,NULL,1
32474,NULL,1
32475,125,1
32476,270,1
32477,NULL,1
32478,430,9
32479,70,15
32480,464,21
32481,NULL,1
32482,430,9
32483,NULL,1
32484,70,13
32485,NULL,1
32486,430,1
32487,430,10
32488,464,21
32489,NULL,1
32490,565,9
32491,NULL,1
32492,NULL,1
32493,430,8
32494,NULL,1
32495,391,4
32496,456,5
32497,NULL,1
32498,NULL,14
32499,174,1
32500,NULL,1
32501,250,10
32502,70,13
32503,430,9
32504,456,5
32505,NULL,1
32506,NULL,1
32507,NULL,1
32508,430,9
32509,NULL,1
32510,70,13
32511,550,1
32512,456,5
32513,NULL,1
32514,307,10
32515,NULL,1
32516,430,9
32517,499,10
32518,430,8
32519,430,9
32520,250,1
32521,232,9
32522,NULL,1
32523,385,10
32524,NULL,1
32525,391,4
32526,391,4
32527,430,9
32528,NULL,1
32529,430,9
32530,70,22
32531,430,9
32532,250,10
32533,270,10
32534,70,22
32535,430,9
32536,267,11
32537,NULL,1
32538,307,10
32539,NULL,1
32540,430,9
32541,430,10
32542,70,15
32543,456,5
32544,267,11
32545,391,4
32546,70,22
32547,NULL,1
32548,492,1
32549,NULL,1
32550,464,1
32551,NULL,1
32552,391,4
32553,499,10
32554,NULL,1
32555,NULL,1
32556,430,10
32557,NULL,1
32558,NULL,14
32559,NULL,1
32560,391,4
32561,499,10
32562,NULL,1
32563,206,2
32564,431,10
32565,391,4
32566,70,13
32567,NULL,1
32568,270,10
32569,530,9
32570,NULL,1
32571,430,9
32572,NULL,1
32573,232,9
32574,70,13
32575,70,13
32576,270,10
32577,NULL,1
32578,NULL,1
32579,NULL,1
32580,NULL,4
32581,NULL,1
32582,499,10
32583,70,13
32584,121,11
32585,250,10
32586,245,21
32587,391,4
32588,NULL,1
32589,391,4
32590,NULL,1
32591,NULL,1
32592,430,10
32593,70,7
32594,391,4
32595,NULL,1
32596,449,9
32597,530,9
32598,NULL,1
32599,NULL,1
32600,391,10
32601,499,10
32602,430,9
32603,NULL,1
32604,NULL,1
32605,NULL,1
32606,NULL,1
32607,530,9
32608,NULL,1
32609,430,9
32610,NULL,1
32611,NULL,1
32612,NULL,17
32613,391,4
32614,NULL,1
32615,464,21
32616,430,1
32617,530,9
32618,NULL,1
32619,430,1
32620,NULL,1
32621,430,9
32622,NULL,1
32623,430,9
32624,391,10
32625,464,21
32626,NULL,1
32627,NULL,1
32628,NULL,14
32629,70,13
32630,550,21
32631,70,13
32632,464,21
32633,270,10
32634,NULL,1
32635,430,9
32636,NULL,1
32637,70,13
32638,373,10
32639,250,10
32640,430,9
32641,464,21
32642,430,9
32643,250,10
32644,430,9
32645,NULL,4
32646,70,22
32647,NULL,1
32648,NULL,1
32649,250,10
32650,NULL,1
32651,550,21
32652,NULL,1
32653,70,1
32654,NULL,1
32655,391,4
32656,430,9
32657,89,1
32658,391,4
32659,270,10
32660,250,10
32661,549,8
32662,250,10
32663,232,9
32664,430,10
32665,391,10
32666,121,1
32667,NULL,1
32668,391,4
32669,391,10
32670,70,22
32671,391,4
32672,250,10
32673,430,9
32674,NULL,1
32675,530,9
32676,430,10
32677,NULL,10
32678,NULL,10
32679,391,4
32680,NULL,1
32681,551,1
32682,NULL,1
32683,464,21
32684,121,11
32685,70,1
32686,187,11
32687,511,1
32688,430,9
32689,NULL,1
32690,430,1
32691,250,10
32692,NULL,1
32693,530,9
32694,464,21
32695,391,4
32696,250,10
32697,430,8
32698,456,13
32699,NULL,14
32700,430,9
32701,391,4
32702,464,21
32703,360,21
32704,NULL,1
32705,NULL,1
32706,NULL,1
32707,NULL,1
32708,318,1
32709,391,4
32710,NULL,1
32711,550,10
32712,NULL,1
32713,542,1
32714,NULL,17
32715,430,8
32716,NULL,1
32717,550,21
32718,391,4
32719,NULL,1
32720,NULL,1
32721,121,11
32722,NULL,1
32723,232,9
32724,430,9
32725,431,10
32726,121,11
32727,NULL,1
32728,NULL,1
32729,391,4
32730,534,9
32731,NULL,1
32732,232,9
32733,430,10
32734,NULL,1
32735,391,21
32736,232,9
32737,NULL,1
32738,430,10
32739,NULL,1
32740,NULL,1
32741,391,4
32742,430,9
32743,464,4
32744,430,10
32745,NULL,1
32746,121,11
32747,NULL,1
32748,NULL,1
32749,430,10
32750,70,13
32751,NULL,1
32752,NULL,1
32753,492,1
32754,430,10
32755,430,9
32756,NULL,17
32757,391,4
32758,464,21
32759,513,10
32760,431,10
32761,391,4
32762,430,9
32763,391,4
32764,456,13
32765,391,4
32766,499,10
32767,270,10
32768,534,9
32769,NULL,1
32770,542,1
32771,550,1
32772,120,9
32773,550,3
32774,250,10
32775,70,13
32776,70,13
32777,NULL,1
32778,70,13
32779,430,9
32780,NULL,17
32781,391,4
32782,431,10
32783,NULL,1
32784,270,10
32785,NULL,1
32786,70,13
32787,430,10
32788,NULL,17
32789,121,11
32790,430,10
32791,391,21
32792,456,14
32793,70,13
32794,542,1
32795,430,9
32796,430,10
32797,430,10
32798,431,10
32799,NULL,1
32800,430,9
32801,70,13
32802,NULL,1
32803,250,10
32804,250,1
32805,430,8
32806,307,10
32807,464,4
32808,430,10
32809,430,9
32810,391,4
32811,430,9
32812,NULL,1
32813,NULL,1
32814,NULL,1
32815,NULL,1
32816,385,10
32817,NULL,1
32818,391,4
32819,430,9
32820,70,15
32821,250,10
32822,250,1
32823,430,8
32824,187,11
32825,430,9
32826,232,9
32827,464,21
32828,530,9
32829,NULL,1
32830,430,10
32831,NULL,1
32832,NULL,1
32833,430,9
32834,551,1
32835,21,4
32836,391,4
32837,NULL,1
32838,NULL,1
32839,NULL,1
32840,70,15
32841,206,2
32842,430,8
32843,430,10
32844,530,9
32845,70,7
32846,NULL,1
32847,NULL,1
32848,NULL,1
32849,NULL,14
32850,391,4
32851,21,4
32852,530,9
32853,391,4
32854,NULL,1
32855,NULL,1
32856,70,15
32857,NULL,14
32858,391,4
32859,464,4
32860,530,9
32861,391,4
32862,70,15
32863,250,1
32864,NULL,1
32865,NULL,14
32866,430,1
32867,70,13
32868,464,21
32869,499,10
32870,430,10
32871,534,9
32872,70,7
32873,NULL,1
32874,430,10
32875,430,9
32876,430,10
32877,270,10
32878,70,15
32879,530,9
32880,542,1
32881,391,10
32882,464,4
32883,70,7
32884,430,9
32885,391,4
32886,513,10
32887,464,21
32888,542,1
32889,530,9
32890,NULL,1
32891,245,21
32892,464,21
32893,430,9
32894,70,15
32895,430,9
32896,250,10
32897,NULL,14
32898,NULL,1
32899,399,1
32900,530,9
32901,542,1
32902,430,10
32903,430,10
32904,430,9
32905,391,4
32906,430,9
32907,NULL,1
32908,430,10
32909,NULL,1
32910,431,10
32911,464,21
32912,391,4
32913,232,9
32914,NULL,14
32915,NULL,1
32916,187,1
32917,NULL,1
32918,NULL,1
32919,430,8
32920,534,9
32921,391,10
32922,NULL,14
32923,430,8
32924,391,4
32925,245,7
32926,232,9
32927,430,10
32928,NULL,1
32929,530,9
32930,NULL,14
32931,430,9
32932,NULL,1
32933,NULL,1
32934,430,8
32935,250,10
32936,430,9
32937,NULL,13
32938,464,21
32939,430,9
32940,NULL,1
32941,391,4
32942,430,9
32943,70,13
32944,70,15
32945,391,4
32946,499,10
32947,513,10
32948,430,9
32949,430,9
32950,530,9
32951,391,4
32952,NULL,1
32953,391,4
32954,431,10
32955,NULL,1
32956,NULL,1
32957,NULL,1
32958,430,9
32959,430,1
32960,430,9
32961,NULL,1
32962,430,10
32963,430,9
32964,542,1
32965,NULL,1
32966,430,10
32967,391,4
32968,250,1
32969,206,2
32970,NULL,1
32971,NULL,1
32972,430,9
32973,245,7
32974,430,9
32975,430,9
32976,430,9
32977,534,1
32978,550,10
32979,464,1
32980,530,9
32981,NULL,1
32982,430,9
32983,307,10
32984,430,10
32985,NULL,1
32986,391,4
32987,NULL,1
32988,NULL,1
32989,430,9
32990,430,10
32991,499,10
32992,NULL,1
32993,341,10
32994,250,1
32995,391,4
32996,NULL,1
32997,534,9
32998,391,4
32999,NULL,1
33000,NULL,1
33001,341,10
33002,NULL,1
33003,391,4
33004,NULL,1
33005,430,9
33006,NULL,10
33007,NULL,1
33008,430,9
33009,430,10
33010,NULL,1
33011,430,9
33012,NULL,1
33013,456,5
33014,NULL,10
33015,391,4
33016,449,9
33017,391,4
33018,492,1
33019,499,10
33020,430,8
33021,NULL,1
33022,NULL,1
33023,NULL,1
33024,NULL,1
33025,430,8
33026,464,21
33027,NULL,1
33028,NULL,1
33029,430,1
33030,NULL,10
33031,534,9
33032,NULL,1
33033,430,1
33034,NULL,1
33035,NULL,1
33036,NULL,1
33037,430,9
33038,270,10
33039,NULL,14
33040,430,1
33041,NULL,1
33042,530,9
33043,197,1
33044,391,4
33045,430,9
33046,391,4
33047,125,1
33048,250,10
33049,NULL,1
33050,530,9
33051,430,10
33052,NULL,1
33053,70,7
33054,NULL,10
33055,NULL,1
33056,250,10
33057,3,25
33058,430,10
33059,391,10
33060,NULL,1
33061,456,13
33062,250,10
33063,125,1
33064,430,10
33065,NULL,1
33066,499,10
33067,391,10
33068,NULL,1
33069,456,13
33070,430,10
33071,NULL,1
33072,430,10
33073,499,10
33074,70,13
33075,267,11
33076,121,11
33077,464,4
33078,391,10
33079,NULL,1
33080,430,9
33081,430,8
33082,70,13
33083,456,14
33084,NULL,1
33085,70,13
33086,430,9
33087,250,10
33088,121,16
33089,499,10
33090,70,13
33091,565,1
33092,NULL,1
33093,391,4
33094,NULL,1
33095,NULL,1
33096,NULL,NULL
33097,499,10
33098,70,13
33099,NULL,1
33100,NULL,1
33101,430,10
33102,391,4
33103,NULL,1
33104,121,2
33105,430,10
33106,70,13
33107,499,10
33108,NULL,1
33109,250,10
33110,391,4
33111,NULL,1
33112,499,10
33113,3,25
33114,430,10
33115,NULL,1
33116,391,4
33117,245,7
33118,550,3
33119,430,10
33120,550,10
33121,250,10
33122,270,10
33123,NULL,3
33124,250,10
33125,430,9
33126,NULL,1
33127,430,9
33128,70,13
33129,430,9
33130,499,10
33131,NULL,3
33132,187,1
33133,NULL,1
33134,NULL,1
33135,464,1
33136,391,10
33137,70,14
33138,530,9
33139,250,1
33140,430,9
33141,NULL,1
33142,464,4
33143,550,3
33144,430,1
33145,534,9
33146,530,9
33147,391,4
33148,121,11
33149,430,9
33150,430,8
33151,NULL,1
33152,250,10
33153,534,9
33154,70,13
33155,391,4
33156,NULL,1
33157,NULL,1
33158,NULL,1
33159,430,10
33160,499,10
33161,250,10
33162,464,4
33163,430,9
33164,NULL,1
33165,245,21
33166,NULL,1
33167,232,9
33168,70,13
33169,3,25
33170,464,4
33171,430,9
33172,391,4
33173,NULL,1
33174,121,11
33175,NULL,13
33176,270,10
33177,NULL,1
33178,250,10
33179,327,10
33180,391,4
33181,70,13
33182,NULL,1
33183,70,15
33184,70,13
33185,341,10
33186,391,10
33187,327,10
33188,431,10
33189,NULL,1
33190,NULL,14
33191,232,9
33192,430,9
33193,NULL,14
33194,391,4
33195,456,14
33196,NULL,1
33197,430,8
33198,430,10
33199,NULL,1
33200,499,10
33201,391,4
33202,534,9
33203,565,1
33204,293,10
33205,430,9
33206,NULL,1
33207,NULL,1
33208,270,10
33209,385,10
33210,391,10
33211,456,14
33212,NULL,1
33213,391,10
33214,499,10
33215,391,4
33216,250,10
33217,430,9
33218,3,25
33219,327,10
33220,391,4
33221,391,10
33222,391,4
33223,430,10
33224,270,10
33225,NULL,14
33226,250,10
33227,121,1
33228,187,11
33229,430,9
33230,290,1
33231,250,10
33232,270,10
33233,430,10
33234,82,1
33235,NULL,1
33236,NULL,1
33237,430,10
33238,391,4
33239,391,4
33240,NULL,1
33241,430,10
33242,NULL,1
33243,391,4
33244,511,1
33245,NULL,1
33246,245,21
33247,391,4
33248,NULL,1
33249,NULL,1
33250,NULL,1
33251,NULL,1
33252,232,9
33253,NULL,1
33254,430,9
33255,534,1
33256,NULL,1
33257,430,9
33258,270,10
33259,430,9
33260,NULL,1
33261,430,8
33262,70,7
33263,3,25
33264,NULL,1
33265,430,9
33266,82,10
33267,NULL,10
33268,430,9
33269,70,15
33270,NULL,1
33271,391,10
33272,NULL,14
33273,NULL,1
33274,391,21
33275,245,21
33276,344,1
33277,NULL,1
33278,430,1
33279,121,11
33280,430,10
33281,534,9
33282,270,10
33283,245,21
33284,430,9
33285,NULL,1
33286,NULL,1
33287,NULL,1
33288,430,9
33289,187,1
33290,430,8
33291,NULL,1
33292,430,8
33293,70,15
33294,NULL,1
33295,270,10
33296,NULL,1
33297,NULL,1
33298,NULL,1
33299,499,10
33300,430,9
33301,NULL,1
33302,430,9
33303,NULL,1
33304,391,21
33305,430,9
33306,250,10
33307,70,14
33308,NULL,1
33309,270,10
33310,430,9
33311,NULL,1
33312,391,21
33313,270,1
33314,250,10
33315,430,10
33316,70,13
33317,250,10
33318,430,9
33319,NULL,1
33320,391,21
33321,NULL,1
33322,385,10
33323,391,10
33324,391,4
33325,NULL,1
33326,270,10
33327,NULL,1
33328,430,9
33329,121,11
33330,430,9
33331,550,3
33332,232,9
33333,NULL,1
33334,430,10
33335,456,14
33336,391,4
33337,430,9
33338,NULL,10
33339,NULL,13
33340,70,13
33341,232,9
33342,430,10
33343,NULL,4
33344,NULL,1
33345,121,11
33346,391,4
33347,NULL,1
33348,NULL,1
33349,530,9
33350,NULL,10
33351,456,14
33352,530,9
33353,NULL,1
33354,250,10
33355,NULL,1
33356,70,13
33357,70,13
33358,NULL,1
33359,250,10
33360,530,9
33361,431,10
33362,NULL,10
33363,391,10
33364,391,4
33365,248,1
33366,456,13
33367,250,10
33368,NULL,10
33369,492,1
33370,248,1
33371,391,10
33372,NULL,1
33373,70,13
33374,430,1
33375,NULL,1
33376,391,4
33377,391,4
33378,NULL,8
33379,534,9
33380,341,10
33381,121,2
33382,NULL,1
33383,3,25
33384,NULL,1
33385,565,4
33386,NULL,8
33387,430,10
33388,NULL,1
33389,121,2
33390,430,9
33391,3,25
33392,NULL,10
33393,NULL,10
33394,250,10
33395,513,10
33396,70,13
33397,270,10
33398,430,8
33399,430,10
33400,391,4
33401,270,10
33402,NULL,1
33403,430,10
33404,391,4
33405,125,1
33406,NULL,1
33407,NULL,1
33408,NULL,8
33409,248,1
33410,NULL,1
33411,430,1
33412,NULL,1
33413,430,10
33414,250,10
33415,NULL,1
33416,NULL,1
33417,NULL,10
33418,NULL,14
33419,430,9
33420,430,9
33421,NULL,1
33422,430,9
33423,430,9
33424,327,10
33425,391,10
33426,NULL,1
33427,NULL,1
33428,270,10
33429,499,10
33430,NULL,1
33431,391,10
33432,NULL,1
33433,NULL,3
33434,NULL,14
33435,NULL,1
33436,430,9
33437,121,1
33438,430,9
33439,456,13
33440,70,13
33441,125,1
33442,385,10
33443,391,4
33444,391,4
33445,550,21
33446,70,15
33447,456,13
33448,391,4
33449,NULL,1
33450,430,10
33451,70,15
33452,499,10
33453,3,25
33454,NULL,1
33455,565,1
33456,430,9
33457,430,10
33458,121,1
33459,534,9
33460,430,10
33461,270,10
33462,391,4
33463,430,10
33464,511,9
33465,430,10
33466,70,15
33467,70,14
33468,NULL,1
33469,187,1
33470,NULL,1
33471,250,10
33472,232,9
33473,391,21
33474,NULL,1
33475,NULL,1
33476,250,10
33477,NULL,1
33478,250,10
33479,391,23
33480,NULL,1
33481,499,10
33482,456,13
33483,NULL,13
33484,70,15
33485,NULL,1
33486,206,2
33487,NULL,1
33488,NULL,1
33489,391,21
33490,NULL,1
33491,NULL,13
33492,499,10
33493,250,10
33494,464,1
33495,250,10
33496,245,7
33497,391,21
33498,456,13
33499,391,10
33500,NULL,1
33501,499,10
33502,NULL,1
33503,121,11
33504,430,10
33505,530,1
33506,430,8
33507,391,10
33508,NULL,1
33509,NULL,1
33510,430,10
33511,121,11
33512,565,1
33513,430,9
33514,NULL,1
33515,391,10
33516,NULL,1
33517,NULL,1
33518,499,10
33519,464,4
33520,NULL,1
33521,430,8
33522,NULL,1
33523,391,10
33524,430,9
33525,NULL,4
33526,430,1
33527,248,1
33528,534,9
33529,NULL,1
33530,550,1
33531,391,10
33532,NULL,1
33533,270,10
33534,534,9
33535,270,10
33536,NULL,1
33537,565,1
33538,245,21
33539,NULL,1
33540,70,15
33541,121,11
33542,70,14
33543,430,10
33544,534,9
33545,NULL,1
33546,430,10
33547,391,10
33548,391,4
33549,NULL,1
33550,NULL,1
33551,245,21
33552,70,14
33553,232,9
33554,391,10
33555,NULL,1
33556,121,1
33557,250,10
33558,70,15
33559,550,21
33560,NULL,1
33561,NULL,1
33562,430,8
33563,430,9
33564,206,2
33565,499,10
33566,430,10
33567,206,2
33568,NULL,1
33569,NULL,1
33570,250,1
33571,NULL,10
33572,NULL,1
33573,430,9
33574,430,10
33575,206,2
33576,294,10
33577,464,4
33578,125,1
33579,NULL,1
33580,NULL,1
33581,NULL,1
33582,70,15
33583,70,14
33584,430,10
33585,550,3
33586,250,10
33587,NULL,1
33588,NULL,1
33589,NULL,1
33590,70,15
33591,270,10
33592,70,15
33593,270,10
33594,NULL,1
33595,NULL,1
33596,NULL,1
33597,NULL,1
33598,499,10
33599,430,10
33600,430,1
33601,270,10
33602,NULL,1
33603,NULL,1
33604,NULL,1
33605,NULL,10
33606,430,10
33607,NULL,1
33608,NULL,4
33609,NULL,1
33610,430,10
33611,121,1
33612,NULL,1
33613,NULL,10
33614,530,9
33615,550,21
33616,534,9
33617,250,10
33618,245,21
33619,232,9
33620,391,4
33621,430,8
33622,530,9
33623,250,10
33624,NULL,1
33625,270,10
33626,430,10
33627,511,9
33628,456,13
33629,NULL,10
33630,NULL,1
33631,70,13
33632,NULL,1
33633,NULL,1
33634,245,7
33635,NULL,1
33636,121,1
33637,534,9
33638,499,10
33639,534,1
33640,270,10
33641,565,1
33642,430,9
33643,245,7
33644,456,13
33645,70,13
33646,499,10
33647,NULL,8
33648,NULL,13
33649,565,1
33650,430,9
33651,534,8
33652,456,13
33653,391,10
33654,121,1
33655,391,4
33656,NULL,1
33657,250,1
33658,430,9
33659,NULL,1
33660,NULL,1
33661,70,13
33662,NULL,1
33663,430,9
33664,430,9
33665,NULL,1
33666,NULL,10
33667,430,9
33668,430,10
33669,534,9
33670,NULL,1
33671,456,2
33672,430,9
33673,499,10
33674,430,9
33675,270,10
33676,NULL,1
33677,391,21
33678,187,11
33679,534,9
33680,NULL,1
33681,206,2
33682,125,1
33683,391,4
33684,250,10
33685,232,9
33686,430,10
33687,3,25
33688,270,10
33689,NULL,1
33690,70,13
33691,391,4
33692,NULL,1
33693,NULL,4
33694,NULL,1
33695,3,25
33696,430,9
33697,121,11
33698,125,1
33699,NULL,1
33700,NULL,1
33701,NULL,1
33702,121,1
33703,NULL,1
33704,NULL,1
33705,70,13
33706,125,1
33707,NULL,1
33708,NULL,1
33709,NULL,14
33710,250,10
33711,NULL,1
33712,NULL,14
33713,NULL,1
33714,270,10
33715,250,10
33716,430,8
33717,NULL,1
33718,121,1
33719,373,10
33720,492,1
33721,NULL,10
33722,NULL,1
33723,70,14
33724,391,4
33725,430,9
33726,430,10
33727,NULL,1
33728,NULL,9
33729,70,14
33730,NULL,1
33731,511,9
33732,70,1
33733,391,10
33734,121,2
33735,NULL,1
33736,NULL,1
33737,250,10
33738,270,10
33739,250,10
33740,341,10
33741,NULL,1
33742,360,1
33743,270,1
33744,121,11
33745,430,9
33746,NULL,1
33747,470,1
33748,464,21
33749,206,23
33750,NULL,1
33751,NULL,1
33752,121,11
33753,70,13
33754,NULL,1
33755,294,10
33756,NULL,1
33757,391,4
33758,121,1
33759,NULL,1
33760,NULL,1
33761,250,10
33762,430,10
33763,307,1
33764,391,21
33765,391,4
33766,NULL,1
33767,NULL,1
33768,NULL,1
33769,430,9
33770,NULL,4
33771,70,15
33772,391,21
33773,NULL,1
33774,250,10
33775,391,23
33776,430,10
33777,534,9
33778,270,10
33779,3,25
33780,534,9
33781,430,9
33782,391,4
33783,391,4
33784,250,10
33785,NULL,1
33786,430,10
33787,499,10
33788,270,10
33789,391,4
33790,NULL,1
33791,391,10
33792,250,10
33793,NULL,1
33794,NULL,1
33795,121,1
33796,70,13
33797,232,9
33798,430,10
33799,391,10
33800,270,10
33801,NULL,1
33802,174,1
33803,430,10
33804,391,21
33805,430,10
33806,499,10
33807,391,10
33808,NULL,1
33809,534,9
33810,430,9
33811,248,1
33812,391,21
33813,NULL,1
33814,NULL,1
33815,250,10
33816,156,1
33817,327,10
33818,391,4
33819,513,10
33820,NULL,14
33821,415,1
33822,430,9
33823,NULL,1
33824,156,1
33825,NULL,1
33826,NULL,1
33827,70,13
33828,430,10
33829,391,4
33830,187,11
33831,391,10
33832,NULL,1
33833,NULL,10
33834,250,10
33835,430,10
33836,430,9
33837,NULL,1
33838,430,10
33839,NULL,14
33840,NULL,4
33841,NULL,10
33842,456,13
33843,430,8
33844,NULL,1
33845,250,10
33846,3,25
33847,NULL,14
33848,550,21
33849,3,25
33850,456,13
33851,NULL,1
33852,232,9
33853,NULL,1
33854,430,8
33855,NULL,14
33856,492,1
33857,250,10
33858,430,9
33859,430,10
33860,232,9
33861,430,9
33862,492,1
33863,499,10
33864,NULL,1
33865,3,25
33866,NULL,1
33867,121,1
33868,NULL,1
33869,NULL,1
33870,NULL,1
33871,NULL,1
33872,430,1
33873,250,10
33874,391,1
33875,341,10
33876,NULL,1
33877,391,4
33878,534,9
33879,NULL,1
33880,270,10
33881,NULL,13
33882,513,10
33883,341,10
33884,70,15
33885,385,10
33886,NULL,1
33887,206,2
33888,NULL,4
33889,391,10
33890,NULL,1
33891,341,10
33892,70,15
33893,NULL,1
33894,232,9
33895,430,10
33896,NULL,4
33897,511,9
33898,NULL,1
33899,NULL,10
33900,NULL,1
33901,534,9
33902,232,9
33903,NULL,1
33904,NULL,4
33905,NULL,1
33906,565,1
33907,NULL,1
33908,565,1
33909,391,10
33910,430,1
33911,NULL,10
33912,250,10
33913,430,10
33914,430,8
33915,250,10
33916,341,10
33917,250,10
33918,NULL,1
33919,530,9
33920,270,10
33921,NULL,21
33922,NULL,1
33923,391,10
33924,391,4
33925,250,10
33926,534,9
33927,NULL,10
33928,NULL,1
33929,NULL,1
33930,270,10
33931,232,9
33932,70,14
33933,391,10
33934,232,9
33935,NULL,10
33936,430,10
33937,530,1
33938,270,10
33939,530,9
33940,250,10
33941,NULL,13
33942,270,10
33943,430,9
33944,156,1
33945,534,8
33946,3,25
33947,NULL,13
33948,NULL,10
33949,NULL,13
33950,NULL,1
33951,391,4
33952,430,9
33953,270,10
33954,3,25
33955,250,10
33956,430,9
33957,NULL,14
33958,NULL,1
33959,NULL,1
33960,156,1
33961,NULL,1
33962,NULL,10
33963,530,9
33964,499,10
33965,3,25
33966,70,13
33967,70,15
33968,250,1
33969,430,9
33970,430,9
33971,550,3
33972,492,1
33973,3,25
33974,341,10
33975,250,10
33976,NULL,1
33977,430,10
33978,430,10
33979,511,9
33980,NULL,14
33981,430,10
33982,430,9
33983,70,13
33984,NULL,14
33985,NULL,10
33986,248,1
33987,391,4
33988,NULL,1
33989,206,2
33990,70,13
33991,NULL,1
33992,430,10
33993,250,10
33994,NULL,10
33995,391,4
33996,250,1
33997,360,21
33998,430,10
33999,430,9
34000,125,1
34001,NULL,1
34002,250,10
34003,121,2
34004,430,8
34005,250,1
34006,NULL,10
34007,NULL,1
34008,391,23
34009,430,10
34010,NULL,1
34011,70,14
34012,430,10
34013,250,1
34014,270,10
34015,430,9
34016,430,8
34017,430,9
34018,NULL,1
34019,NULL,1
34020,NULL,1
34021,430,10
34022,NULL,14
34023,534,9
34024,250,10
34025,250,10
34026,NULL,1
34027,391,4
34028,430,9
34029,430,9
34030,430,10
34031,430,9
34032,NULL,1
34033,3,25
34034,NULL,1
34035,NULL,10
34036,551,1
34037,530,9
34038,232,9
34039,430,10
34040,125,1
34041,499,10
34042,456,14
34043,70,15
34044,250,10
34045,530,9
34046,232,9
34047,430,9
34048,125,1
34049,3,25
34050,385,10
34051,430,9
34052,NULL,1
34053,NULL,1
34054,232,9
34055,430,9
34056,NULL,1
34057,NULL,1
34058,327,10
34059,NULL,1
34060,NULL,1
34061,NULL,1
34062,232,9
34063,NULL,10
34064,430,9
34065,70,14
34066,NULL,1
34067,391,10
34068,250,10
34069,430,10
34070,232,9
34071,430,9
34072,NULL,1
34073,430,10
34074,3,25
34075,430,9
34076,550,10
34077,NULL,1
34078,499,10
34079,70,14
34080,430,1
34081,NULL,1
34082,492,1
34083,430,10
34084,391,10
34085,NULL,1
34086,391,10
34087,430,10
34088,NULL,1
34089,534,9
34090,492,1
34091,499,10
34092,NULL,1
34093,NULL,1
34094,430,9
34095,NULL,10
34096,430,10
34097,NULL,1
34098,NULL,1
34099,391,4
34100,391,10
34101,550,3
34102,NULL,1
34103,NULL,1
34104,NULL,1
34105,NULL,1
34106,430,9
34107,NULL,1
34108,3,25
34109,530,9
34110,NULL,10
34111,NULL,1
34112,174,1
34113,NULL,1
34114,121,2
34115,391,10
34116,391,10
34117,NULL,10
34118,430,9
34119,NULL,21
34120,NULL,1
34121,232,9
34122,430,9
34123,464,21
34124,3,25
34125,373,1
34126,391,4
34127,NULL,1
34128,430,8
34129,430,10
34130,121,2
34131,464,21
34132,70,14
34133,534,9
34134,430,9
34135,430,9
34136,530,9
34137,534,9
34138,245,7
34139,430,8
34140,70,14
34141,550,23
34142,499,10
34143,187,1
34144,430,9
34145,534,9
34146,121,2
34147,430,1
34148,70,14
34149,NULL,10
34150,NULL,1
34151,430,9
34152,430,9
34153,391,10
34154,391,4
34155,70,13
34156,NULL,10
34157,232,9
34158,250,10
34159,NULL,1
34160,391,4
34161,391,10
34162,391,4
34163,NULL,1
34164,NULL,10
34165,430,10
34166,70,1
34167,250,10
34168,391,4
34169,391,10
34170,391,4
34171,430,10
34172,NULL,10
34173,NULL,11
34174,270,10
34175,430,10
34176,391,4
34177,391,10
34178,70,13
34179,250,10
34180,565,4
34181,250,10
34182,187,1
34183,270,10
34184,430,9
34185,499,10
34186,70,13
34187,430,10
34188,391,4
34189,430,9
34190,NULL,1
34191,391,4
34192,NULL,1
34193,499,10
34194,NULL,1
34195,328,1
34196,391,4
34197,430,10
34198,NULL,1
34199,391,4
34200,NULL,1
34201,499,10
34202,385,10
34203,454,8
34204,391,4
34205,550,23
34206,430,10
34207,NULL,1
34208,565,1
34209,250,10
34210,391,4
34211,NULL,1
34212,250,10
34213,NULL,13
34214,391,4
34215,534,8
34216,534,9
34217,NULL,1
34218,187,1
34219,391,4
34220,245,7
34221,NULL,1
34222,NULL,1
34223,391,10
34224,430,9
34225,430,9
34226,499,10
34227,391,4
34228,NULL,1
34229,430,10
34230,511,9
34231,464,4
34232,385,10
34233,NULL,1
34234,391,4
34235,70,14
34236,430,10
34237,248,1
34238,391,4
34239,411,1
34240,534,9
34241,430,8
34242,250,10
34243,121,16
34244,NULL,1
34245,391,10
34246,430,10
34247,464,4
34248,70,14
34249,270,10
34250,430,9
34251,391,4
34252,121,11
34253,391,10
34254,411,1
34255,NULL,1
34256,70,14
34257,270,10
34258,NULL,3
34259,499,10
34260,550,10
34261,391,10
34262,245,21
34263,245,21
34264,250,10
34265,430,9
34266,391,4
34267,550,1
34268,NULL,1
34269,391,10
34270,206,2
34271,411,1
34272,499,10
34273,270,10
34274,499,10
34275,430,9
34276,327,10
34277,391,10
34278,411,1
34279,430,8
34280,391,4
34281,250,10
34282,NULL,13
34283,121,1
34284,327,10
34285,391,10
34286,391,4
34287,NULL,1
34288,250,10
34289,391,4
34290,430,9
34291,342,10
34292,391,4
34293,391,10
34294,391,4
34295,NULL,1
34296,391,4
34297,456,5
34298,70,14
34299,430,8
34300,415,1
34301,391,10
34302,411,1
34303,NULL,10
34304,391,4
34305,NULL,1
34306,NULL,11
34307,550,21
34308,NULL,1
34309,391,10
34310,430,8
34311,70,14
34312,391,4
34313,NULL,1
34314,250,10
34315,270,10
34316,NULL,1
34317,534,9
34318,391,4
34319,430,9
34320,499,10
34321,NULL,1
34322,456,2
34323,270,10
34324,391,4
34325,NULL,1
34326,430,8
34327,534,9
34328,430,10
34329,NULL,1
34330,NULL,1
34331,270,10
34332,456,13
34333,430,8
34334,248,1
34335,430,9
34336,250,10
34337,270,1
34338,NULL,11
34339,NULL,1
34340,250,10
34341,250,10
34342,NULL,1
34343,430,9
34344,NULL,1
34345,391,4
34346,NULL,1
34347,70,14
34348,125,1
34349,NULL,10
34350,430,8
34351,NULL,1
34352,121,1
34353,70,15
34354,NULL,1
34355,70,14
34356,309,13
34357,430,9
34358,250,10
34359,NULL,1
34360,430,10
34361,70,15
34362,NULL,1
34363,534,9
34364,125,1
34365,430,1
34366,NULL,1
34367,534,8
34368,NULL,1
34369,206,2
34370,250,10
34371,534,9
34372,456,13
34373,430,9
34374,250,10
34375,534,8
34376,187,11
34377,NULL,13
34378,430,10
34379,534,9
34380,456,13
34381,534,9
34382,NULL,1
34383,534,8
34384,121,1
34385,267,11
34386,121,11
34387,NULL,14
34388,125,1
34389,NULL,1
34390,250,10
34391,430,9
34392,NULL,10
34393,270,10
34394,206,2
34395,NULL,1
34396,70,13
34397,NULL,1
34398,391,4
34399,250,10
34400,206,2
34401,NULL,13
34402,270,10
34403,549,1
34404,430,1
34405,NULL,1
34406,NULL,10
34407,250,10
34408,430,10
34409,391,4
34410,391,4
34411,342,10
34412,391,10
34413,430,10
34414,499,10
34415,391,4
34416,430,10
34417,NULL,10
34418,391,4
34419,342,10
34420,430,9
34421,NULL,1
34422,270,10
34423,187,1
34424,430,10
34425,NULL,10
34426,391,4
34427,70,1
34428,549,21
34429,534,8
34430,430,9
34431,NULL,4
34432,NULL,1
34433,270,10
34434,391,4
34435,3,25
34436,NULL,13
34437,NULL,1
34438,430,9
34439,534,8
34440,NULL,1
34441,250,10
34442,206,2
34443,121,1
34444,430,10
34445,391,10
34446,NULL,1
34447,391,4
34448,NULL,1
34449,NULL,11
34450,121,1
34451,NULL,1
34452,NULL,10
34453,NULL,1
34454,NULL,1
34455,456,5
34456,3,25
34457,430,9
34458,250,10
34459,270,10
34460,232,9
34461,NULL,1
34462,NULL,1
34463,430,10
34464,206,2
34465,NULL,1
34466,NULL,1
34467,391,4
34468,250,10
34469,250,10
34470,NULL,1
34471,70,14
34472,267,11
34473,430,1
34474,430,9
34475,391,4
34476,NULL,13
34477,248,1
34478,NULL,1
34479,70,14
34480,245,21
34481,550,1
34482,430,9
34483,391,4
34484,430,9
34485,3,25
34486,534,9
34487,270,10
34488,70,14
34489,NULL,1
34490,391,4
34491,456,5
34492,430,10
34493,3,25
34494,NULL,1
34495,391,4
34496,250,10
34497,187,1
34498,391,4
34499,391,4
34500,430,10
34501,3,25
34502,534,9
34503,NULL,3
34504,NULL,13
34505,499,10
34506,430,10
34507,499,10
34508,391,10
34509,3,25
34510,70,14
34511,430,10
34512,499,10
34513,270,10
34514,391,4
34515,391,4
34516,270,10
34517,534,9
34518,70,14
34519,NULL,3
34520,391,10
34521,121,1
34522,NULL,13
34523,456,5
34524,121,1
34525,391,4
34526,391,10
34527,250,10
34528,430,9
34529,391,10
34530,430,9
34531,391,10
34532,NULL,1
34533,70,14
34534,391,10
34535,430,9
34536,492,1
34537,270,10
34538,534,9
34539,391,10
34540,NULL,1
34541,70,14
34542,391,10
34543,NULL,1
34544,NULL,1
34545,NULL,23
34546,NULL,10
34547,430,10
34548,534,8
34549,70,14
34550,391,10
34551,430,10
34552,499,10
34553,NULL,1
34554,NULL,1
34555,430,10
34556,534,8
34557,534,9
34558,391,10
34559,NULL,1
34560,267,2
34561,NULL,1
34562,NULL,1
34563,232,9
34564,551,1
34565,492,1
34566,391,10
34567,NULL,1
34568,534,1
34569,232,9
34570,499,10
34571,270,1
34572,534,8
34573,430,10
34574,391,10
34575,NULL,1
34576,NULL,1
34577,270,10
34578,70,13
34579,430,10
34580,391,10
34581,NULL,1
34582,391,10
34583,70,14
34584,550,21
34585,250,10
34586,232,9
34587,430,10
34588,391,10
34589,NULL,1
34590,391,10
34591,430,9
34592,430,9
34593,NULL,1
34594,232,9
34595,535,1
34596,270,10
34597,121,11
34598,391,10
34599,NULL,1
34600,NULL,10
34601,549,1
34602,232,9
34603,267,2
34604,NULL,1
34605,NULL,11
34606,70,14
34607,NULL,1
34608,250,10
34609,NULL,4
34610,232,9
34611,391,4
34612,391,4
34613,NULL,1
34614,70,14
34615,270,1
34616,NULL,4
34617,270,10
34618,534,9
34619,NULL,1
34620,550,1
34621,70,14
34622,70,14
34623,499,10
34624,NULL,4
34625,549,1
34626,456,2
34627,534,9
34628,206,2
34629,391,21
34630,550,3
34631,NULL,1
34632,430,9
34633,NULL,1
34634,456,2
34635,NULL,10
34636,206,2
34637,430,8
34638,70,14
34639,411,1
34640,385,10
34641,456,2
34642,70,14
34643,430,10
34644,550,21
34645,270,10
34646,NULL,1
34647,411,1
34648,250,10
34649,456,2
34650,430,9
34651,70,13
34652,499,10
34653,430,9
34654,492,1
34655,70,15
34656,267,2
34657,NULL,1
34658,499,10
34659,NULL,1
34660,430,9
34661,125,1
34662,121,16
34663,NULL,1
34664,267,11
34665,NULL,1
34666,NULL,1
34667,430,10
34668,NULL,10
34669,NULL,1
34670,250,10
34671,499,10
34672,267,11
34673,534,9
34674,534,9
34675,232,1
34676,430,9
34677,NULL,1
34678,391,4
34679,NULL,10
34680,NULL,3
34681,NULL,1
34682,NULL,4
34683,121,11
34684,250,10
34685,NULL,1
34686,430,9
34687,3,25
34688,430,9
34689,250,10
34690,430,10
34691,NULL,1
34692,250,10
34693,NULL,3
34694,430,8
34695,3,25
34696,250,10
34697,NULL,1
34698,250,10
34699,250,10
34700,499,10
34701,391,21
34702,391,4
34703,3,25
34704,187,11
34705,NULL,1
34706,NULL,1
34707,430,1
34708,499,10
34709,NULL,1
34710,70,15
34711,341,10
34712,534,9
34713,499,10
34714,NULL,21
34715,250,10
34716,NULL,1
34717,NULL,1
34718,70,15
34719,70,13
34720,245,21
34721,248,1
34722,NULL,1
34723,NULL,1
34724,399,1
34725,267,11
34726,270,10
34727,549,1
34728,391,21
34729,499,10
34730,511,9
34731,3,25
34732,430,9
34733,NULL,1
34734,232,1
34735,549,1
34736,391,4
34737,430,9
34738,391,4
34739,3,25
34740,NULL,10
34741,430,10
34742,NULL,3
34743,342,10
34744,391,4
34745,125,1
34746,NULL,10
34747,3,25
34748,70,14
34749,NULL,1
34750,391,4
34751,391,21
34752,245,21
34753,NULL,1
34754,499,10
34755,NULL,1
34756,534,9
34757,206,2
34758,NULL,11
34759,534,8
34760,NULL,1
34761,470,1
34762,499,10
34763,430,9
34764,NULL,10
34765,NULL,1
34766,391,10
34767,70,13
34768,430,10
34769,NULL,1
34770,499,10
34771,430,1
34772,250,10
34773,NULL,1
34774,121,1
34775,70,14
34776,391,10
34777,NULL,1
34778,550,3
34779,NULL,10
34780,121,1
34781,206,2
34782,3,25
34783,NULL,1
34784,250,10
34785,NULL,1
34786,550,1
34787,70,14
34788,3,25
34789,499,10
34790,534,9
34791,391,10
34792,391,4
34793,391,4
34794,250,10
34795,70,14
34796,499,10
34797,NULL,4
34798,430,9
34799,391,10
34800,NULL,1
34801,250,10
34802,NULL,1
34803,70,14
34804,250,10
34805,430,10
34806,70,14
34807,391,10
34808,341,1
34809,NULL,1
34810,430,10
34811,464,4
34812,550,21
34813,267,2
34814,464,4
34815,391,10
34816,NULL,1
34817,391,4
34818,NULL,1
34819,342,10
34820,NULL,1
34821,267,2
34822,549,8
34823,391,10
34824,NULL,1
34825,NULL,1
34826,270,10
34827,342,10
34828,NULL,10
34829,549,8
34830,430,10
34831,511,9
34832,430,10
34833,NULL,1
34834,121,2
34835,342,10
34836,290,1
34837,499,10
34838,391,4
34839,550,3
34840,70,14
34841,NULL,1
34842,430,10
34843,342,10
34844,NULL,1
34845,542,1
34846,391,4
34847,70,14
34848,430,9
34849,NULL,1
34850,456,2
34851,431,4
34852,232,9
34853,NULL,3
34854,430,8
34855,NULL,1
34856,534,9
34857,456,2
34858,550,1
34859,NULL,10
34860,NULL,1
34861,NULL,10
34862,391,4
34863,250,10
34864,373,10
34865,391,4
34866,NULL,1
34867,NULL,1
34868,430,10
34869,499,10
34870,391,4
34871,534,9
34872,499,10
34873,391,4
34874,430,9
34875,NULL,1
34876,NULL,1
34877,430,1
34878,430,9
34879,250,10
34880,NULL,10
34881,250,10
34882,391,4
34883,NULL,1
34884,NULL,1
34885,250,10
34886,NULL,1
34887,430,9
34888,NULL,4
34889,391,4
34890,391,4
34891,NULL,1
34892,430,9
34893,NULL,10
34894,391,4
34895,245,21
34896,NULL,21
34897,270,10
34898,430,9
34899,NULL,1
34900,499,10
34901,NULL,10
34902,NULL,10
34903,430,9
34904,430,10
34905,415,1
34906,NULL,1
34907,NULL,1
34908,270,10
34909,430,9
34910,430,10
34911,NULL,1
34912,399,4
34913,430,8
34914,NULL,13
34915,550,23
34916,341,10
34917,NULL,1
34918,270,10
34919,430,9
34920,430,9
34921,206,2
34922,NULL,13
34923,464,21
34924,245,7
34925,NULL,1
34926,NULL,1
34927,430,8
34928,430,9
34929,156,1
34930,250,10
34931,430,10
34932,NULL,1
34933,NULL,1
34934,430,10
34935,456,2
34936,NULL,1
34937,156,1
34938,NULL,13
34939,534,9
34940,NULL,1
34941,NULL,1
34942,NULL,1
34943,391,4
34944,430,10
34945,NULL,1
34946,NULL,13
34947,534,9
34948,NULL,1
34949,NULL,1
34950,NULL,1
34951,NULL,4
34952,391,4
34953,430,10
34954,534,9
34955,431,4
34956,385,10
34957,NULL,1
34958,NULL,1
34959,342,10
34960,NULL,21
34961,534,8
34962,430,9
34963,534,9
34964,250,10
34965,NULL,21
34966,270,10
34967,430,9
34968,NULL,1
34969,121,1
34970,430,8
34971,270,10
34972,NULL,1
34973,294,1
34974,206,2
34975,294,10
34976,NULL,1
34977,492,1
34978,NULL,1
34979,342,10
34980,430,10
34981,NULL,1
34982,430,9
34983,499,10
34984,NULL,1
34985,464,1
34986,391,4
34987,NULL,10
34988,430,8
34989,391,4
34990,NULL,1
34991,411,1
34992,270,10
34993,121,11
34994,534,9
34995,530,9
34996,NULL,1
34997,NULL,1
34998,NULL,1
34999,391,4
35000,250,1
35001,250,10
35002,499,10
35003,NULL,13
35004,NULL,1
35005,NULL,1
35006,430,9
35007,391,4
35008,250,1
35009,430,10
35010,430,8
35011,NULL,11
35012,464,1
35013,430,9
35014,70,13
35015,307,10
35016,430,1
35017,250,10
35018,430,10
35019,430,10
35020,NULL,1
35021,534,9
35022,245,21
35023,89,1
35024,70,2
35025,250,10
35026,430,9
35027,NULL,1
35028,NULL,1
35029,270,10
35030,NULL,1
35031,342,10
35032,70,2
35033,NULL,1
35034,492,1
35035,430,8
35036,430,9
35037,430,10
35038,NULL,1
35039,270,10
35040,70,2
35041,NULL,1
35042,391,10
35043,550,1
35044,NULL,1
35045,121,11
35046,NULL,1
35047,430,10
35048,430,10
35049,499,10
35050,391,10
35051,NULL,1
35052,NULL,1
35053,121,11
35054,NULL,1
35055,550,1
35056,250,1
35057,430,9
35058,391,10
35059,232,9
35060,430,9
35061,250,10
35062,NULL,1
35063,391,4
35064,NULL,21
35065,250,10
35066,391,10
35067,NULL,1
35068,NULL,1
35069,NULL,1
35070,NULL,11
35071,NULL,1
35072,534,9
35073,NULL,1
35074,391,10
35075,430,10
35076,391,10
35077,NULL,1
35078,549,1
35079,250,10
35080,NULL,1
35081,NULL,1
35082,391,10
35083,250,10
35084,391,10
35085,430,10
35086,NULL,1
35087,430,9
35088,NULL,1
35089,250,10
35090,NULL,1
35091,430,9
35092,NULL,1
35093,499,10
35094,430,9
35095,125,1
35096,NULL,1
35097,391,10
35098,NULL,1
35099,541,10
35100,NULL,1
35101,499,10
35102,NULL,1
35103,NULL,8
35104,542,1
35105,391,10
35106,NULL,1
35107,391,4
35108,NULL,1
35109,430,10
35110,3,25
35111,121,11
35112,542,1
35113,391,10
35114,534,9
35115,NULL,1
35116,430,10
35117,430,10
35118,3,25
35119,NULL,8
35120,430,10
35121,391,10
35122,NULL,1
35123,391,4
35124,NULL,1
35125,NULL,21
35126,125,1
35127,NULL,1
35128,430,10
35129,391,10
35130,NULL,1
35131,430,8
35132,125,1
35133,NULL,21
35134,125,1
35135,125,1
35136,391,4
35137,391,10
35138,NULL,1
35139,267,11
35140,430,9
35141,430,8
35142,430,9
35143,550,1
35144,70,22
35145,NULL,1
35146,430,9
35147,70,14
35148,430,10
35149,550,1
35150,270,10
35151,NULL,14
35152,270,10
35153,NULL,1
35154,430,10
35155,250,10
35156,430,9
35157,391,10
35158,250,10
35159,NULL,10
35160,121,11
35161,70,14
35162,NULL,1
35163,534,9
35164,NULL,1
35165,511,9
35166,449,9
35167,NULL,1
35168,430,10
35169,70,14
35170,70,13
35171,534,9
35172,NULL,1
35173,342,10
35174,551,1
35175,NULL,1
35176,430,9
35177,NULL,1
35178,NULL,1
35179,NULL,1
35180,430,8
35181,342,10
35182,NULL,1
35183,121,16
35184,NULL,1
35185,70,13
35186,156,1
35187,70,14
35188,70,13
35189,549,1
35190,430,10
35191,250,10
35192,430,10
35193,187,11
35194,NULL,1
35195,250,10
35196,307,10
35197,NULL,11
35198,290,1
35199,NULL,14
35200,232,9
35201,174,1
35202,70,13
35203,541,1
35204,430,10
35205,270,10
35206,NULL,10
35207,NULL,1
35208,NULL,10
35209,206,2
35210,550,21
35211,70,14
35212,391,4
35213,565,1
35214,NULL,1
35215,NULL,1
35216,NULL,10
35217,430,9
35218,NULL,1
35219,NULL,1
35220,391,4
35221,342,10
35222,NULL,10
35223,70,14
35224,NULL,1
35225,121,11
35226,250,10
35227,464,4
35228,391,4
35229,342,10
35230,NULL,10
35231,70,14
35232,NULL,1
35233,430,10
35234,270,10
35235,464,4
35236,391,4
35237,250,10
35238,430,10
35239,534,9
35240,430,1
35241,NULL,1
35242,549,1
35243,NULL,1
35244,456,14
35245,430,10
35246,342,10
35247,430,9
35248,431,1
35249,430,1
35250,342,10
35251,565,1
35252,456,14
35253,534,9
35254,70,13
35255,430,10
35256,NULL,10
35257,430,1
35258,NULL,1
35259,232,9
35260,70,13
35261,NULL,1
35262,430,9
35263,NULL,1
35264,499,10
35265,NULL,1
35266,430,10
35267,294,10
35268,430,9
35269,270,1
35270,342,10
35271,250,10
35272,391,10
35273,NULL,1
35274,430,1
35275,232,9
35276,70,13
35277,70,15
35278,NULL,1
35279,NULL,1
35280,430,8
35281,NULL,3
35282,NULL,1
35283,232,9
35284,70,13
35285,NULL,3
35286,430,9
35287,NULL,1
35288,NULL,10
35289,245,21
35290,NULL,1
35291,294,10
35292,430,10
35293,499,10
35294,NULL,4
35295,NULL,1
35296,430,9
35297,294,1
35298,NULL,1
35299,294,10
35300,294,10
35301,NULL,1
35302,NULL,4
35303,NULL,1
35304,121,11
35305,NULL,10
35306,NULL,1
35307,NULL,11
35308,NULL,4
35309,NULL,1
35310,430,8
35311,NULL,1
35312,430,10
35313,NULL,10
35314,NULL,1
35315,NULL,11
35316,NULL,1
35317,NULL,1
35318,NULL,10
35319,391,4
35320,250,10
35321,499,10
35322,431,4
35323,NULL,11
35324,NULL,1
35325,430,9
35326,232,9
35327,NULL,1
35328,250,1
35329,499,10
35330,391,4
35331,NULL,10
35332,391,4
35333,NULL,1
35334,NULL,11
35335,NULL,13
35336,NULL,1
35337,430,10
35338,270,10
35339,430,10
35340,70,14
35341,NULL,1
35342,NULL,11
35343,NULL,1
35344,NULL,1
35345,430,9
35346,NULL,1
35347,NULL,1
35348,70,14
35349,549,21
35350,NULL,1
35351,187,1
35352,250,10
35353,250,10
35354,NULL,1
35355,391,4
35356,70,14
35357,391,21
35358,534,1
35359,121,1
35360,197,1
35361,430,10
35362,NULL,1
35363,391,4
35364,492,1
35365,70,14
35366,492,1
35367,121,1
35368,250,10
35369,430,9
35370,NULL,1
35371,NULL,1
35372,550,21
35373,499,10
35374,267,2
35375,NULL,1
35376,187,11
35377,NULL,10
35378,NULL,1
35379,3,25
35380,391,4
35381,NULL,1
35382,550,1
35383,NULL,1
35384,NULL,11
35385,70,14
35386,245,21
35387,NULL,1
35388,391,4
35389,250,10
35390,549,1
35391,70,13
35392,250,10
35393,70,2
35394,245,21
35395,NULL,1
35396,430,9
35397,456,5
35398,NULL,1
35399,NULL,1
35400,499,10
35401,NULL,1
35402,534,8
35403,156,1
35404,250,10
35405,456,5
35406,NULL,1
35407,430,8
35408,492,1
35409,NULL,1
35410,121,11
35411,70,13
35412,542,25
35413,391,4
35414,NULL,1
35415,NULL,1
35416,513,10
35417,206,2
35418,NULL,1
35419,70,13
35420,250,10
35421,NULL,1
35422,430,8
35423,464,21
35424,499,10
35425,206,2
35426,NULL,1
35427,156,1
35428,NULL,10
35429,391,4
35430,270,10
35431,121,11
35432,499,10
35433,399,4
35434,391,4
35435,70,13
35436,NULL,1
35437,391,4
35438,NULL,1
35439,NULL,1
35440,70,14
35441,250,10
35442,391,4
35443,449,9
35444,430,1
35445,391,4
35446,NULL,1
35447,550,21
35448,3,25
35449,NULL,1
35450,391,10
35451,549,8
35452,430,8
35453,70,15
35454,NULL,13
35455,NULL,1
35456,391,4
35457,430,1
35458,NULL,1
35459,125,1
35460,430,10
35461,NULL,1
35462,430,10
35463,430,10
35464,245,21
35465,NULL,1
35466,499,10
35467,492,1
35468,430,1
35469,550,3
35470,187,11
35471,NULL,1
35472,245,21
35473,70,13
35474,NULL,1
35475,430,10
35476,NULL,1
35477,NULL,1
35478,270,1
35479,NULL,1
35480,3,25
35481,245,21
35482,294,10
35483,267,2
35484,206,2
35485,430,10
35486,499,10
35487,70,13
35488,270,10
35489,250,10
35490,391,4
35491,267,2
35492,NULL,1
35493,270,10
35494,250,10
35495,534,9
35496,430,10
35497,391,4
35498,430,10
35499,499,10
35500,70,13
35501,430,9
35502,NULL,1
35503,NULL,1
35504,NULL,1
35505,430,9
35506,NULL,1
35507,307,10
35508,174,1
35509,NULL,1
35510,250,10
35511,NULL,1
35512,431,4
35513,NULL,1
35514,NULL,1
35515,NULL,1
35516,385,10
35517,270,10
35518,NULL,1
35519,430,8
35520,206,2
35521,565,1
35522,449,9
35523,NULL,1
35524,206,2
35525,155,1
35526,250,10
35527,NULL,1
35528,250,10
35529,267,2
35530,NULL,21
35531,125,1
35532,NULL,1
35533,NULL,1
35534,121,23
35535,430,10
35536,NULL,1
35537,430,10
35538,NULL,1
35539,NULL,1
35540,499,10
35541,NULL,1
35542,NULL,10
35543,391,4
35544,430,1
35545,430,9
35546,NULL,1
35547,NULL,1
35548,430,9
35549,470,1
35550,534,9
35551,121,11
35552,430,10
35553,121,11
35554,NULL,1
35555,534,9
35556,534,9
35557,NULL,13
35558,534,9
35559,430,8
35560,250,10
35561,430,10
35562,499,10
35563,NULL,8
35564,430,9
35565,NULL,13
35566,430,9
35567,187,11
35568,NULL,1
35569,430,1
35570,NULL,1
35571,3,25
35572,70,14
35573,430,8
35574,NULL,1
35575,121,11
35576,NULL,1
35577,430,10
35578,499,10
35579,391,10
35580,270,10
35581,431,4
35582,174,1
35583,391,4
35584,NULL,1
35585,513,1
35586,270,10
35587,391,10
35588,NULL,21
35589,267,11
35590,430,8
35591,NULL,1
35592,250,10
35593,NULL,3
35594,232,9
35595,391,10
35596,270,10
35597,NULL,11
35598,NULL,1
35599,267,11
35600,385,10
35601,391,21
35602,232,9
35603,206,2
35604,NULL,1
35605,NULL,10
35606,NULL,1
35607,391,4
35608,270,10
35609,NULL,1
35610,232,9
35611,NULL,1
35612,NULL,1
35613,NULL,11
35614,156,1
35615,391,21
35616,534,1
35617,550,1
35618,NULL,11
35619,430,8
35620,NULL,1
35621,NULL,11
35622,NULL,14
35623,70,14
35624,NULL,10
35625,NULL,10
35626,232,9
35627,NULL,21
35628,342,10
35629,NULL,1
35630,NULL,8
35631,430,9
35632,430,10
35633,499,10
35634,342,10
35635,511,9
35636,342,10
35637,430,10
35638,391,4
35639,309,13
35640,464,4
35641,NULL,10
35642,NULL,1
35643,549,1
35644,70,13
35645,NULL,1
35646,391,4
35647,245,21
35648,NULL,1
35649,NULL,1
35650,NULL,21
35651,NULL,21
35652,250,10
35653,NULL,1
35654,NULL,1
35655,391,21
35656,250,10
35657,534,9
35658,NULL,21
35659,70,13
35660,430,8
35661,NULL,1
35662,125,1
35663,391,21
35664,391,4
35665,430,28
35666,174,1
35667,464,4
35668,NULL,1
35669,430,1
35670,NULL,1
35671,430,10
35672,391,4
35673,NULL,1
35674,174,1
35675,NULL,1
35676,250,10
35677,NULL,10
35678,430,9
35679,415,1
35680,270,10
35681,NULL,1
35682,174,1
35683,NULL,13
35684,430,9
35685,430,9
35686,250,10
35687,NULL,1
35688,430,9
35689,250,10
35690,270,10
35691,373,10
35692,430,8
35693,70,13
35694,250,10
35695,250,10
35696,250,10
35697,250,10
35698,270,10
35699,NULL,1
35700,430,10
35701,534,8
35702,NULL,1
35703,391,4
35704,NULL,10
35705,NULL,1
35706,270,10
35707,550,21
35708,430,10
35709,391,4
35710,70,14
35711,NULL,1
35712,NULL,10
35713,499,10
35714,250,10
35715,250,10
35716,121,11
35717,NULL,1
35718,NULL,1
35719,430,8
35720,391,10
35721,NULL,1
35722,430,1
35723,NULL,1
35724,NULL,10
35725,121,11
35726,NULL,21
35727,294,10
35728,399,1
35729,NULL,1
35730,430,1
35731,NULL,1
35732,430,10
35733,250,10
35734,534,9
35735,197,1
35736,430,10
35737,492,1
35738,NULL,1
35739,250,10
35740,NULL,1
35741,250,10
35742,307,10
35743,197,1
35744,267,2
35745,NULL,1
35746,121,11
35747,232,9
35748,NULL,1
35749,431,1
35750,430,8
35751,430,10
35752,399,21
35753,250,10
35754,250,10
35755,70,14
35756,NULL,1
35757,250,10
35758,391,4
35759,232,9
35760,430,10
35761,NULL,1
35762,270,10
35763,430,9
35764,430,1
35765,499,1
35766,534,9
35767,430,10
35768,430,8
35769,550,10
35770,NULL,1
35771,430,9
35772,3,25
35773,125,1
35774,NULL,1
35775,NULL,21
35776,391,4
35777,NULL,1
35778,456,2
35779,530,1
35780,NULL,21
35781,250,10
35782,121,11
35783,NULL,1
35784,NULL,1
35785,NULL,10
35786,534,9
35787,430,10
35788,70,14
35789,250,10
35790,430,9
35791,NULL,1
35792,NULL,1
35793,430,8
35794,391,4
35795,NULL,1
35796,NULL,1
35797,499,10
35798,70,14
35799,NULL,1
35800,551,1
35801,70,14
35802,NULL,1
35803,430,9
35804,391,4
35805,499,1
35806,430,10
35807,391,4
35808,NULL,21
35809,70,14
35810,430,10
35811,430,9
35812,54,9
35813,121,11
35814,430,10
35815,3,25
35816,NULL,21
35817,NULL,21
35818,430,9
35819,250,10
35820,499,10
35821,250,10
35822,430,10
35823,541,1
35824,NULL,1
35825,70,14
35826,NULL,1
35827,391,4
35828,550,3
35829,NULL,1
35830,534,9
35831,232,9
35832,NULL,1
35833,342,10
35834,250,10
35835,464,4
35836,499,10
35837,430,9
35838,430,10
35839,499,10
35840,NULL,1
35841,NULL,4
35842,70,13
35843,NULL,1
35844,550,21
35845,534,8
35846,NULL,1
35847,430,9
35848,250,10
35849,NULL,10
35850,250,10
35851,499,10
35852,245,21
35853,NULL,1
35854,NULL,1
35855,430,4
35856,NULL,1
35857,492,1
35858,550,1
35859,492,1
35860,245,21
35861,NULL,1
35862,550,21
35863,391,4
35864,551,1
35865,NULL,4
35866,70,15
35867,565,9
35868,270,10
35869,NULL,1
35870,206,2
35871,250,10
35872,499,10
35873,430,9
35874,391,4
35875,430,9
35876,430,10
35877,NULL,1
35878,NULL,1
35879,430,1
35880,NULL,1
35881,391,4
35882,430,8
35883,NULL,1
35884,391,21
35885,NULL,1
35886,70,14
35887,NULL,1
35888,499,10
35889,430,9
35890,70,15
35891,430,10
35892,245,21
35893,391,10
35894,430,9
35895,NULL,1
35896,NULL,1
35897,NULL,1
35898,391,4
35899,534,9
35900,NULL,3
35901,550,21
35902,70,14
35903,430,10
35904,NULL,1
35905,430,9
35906,NULL,1
35907,267,11
35908,391,21
35909,391,4
35910,70,14
35911,NULL,10
35912,NULL,1
35913,430,9
35914,NULL,1
35915,391,4
35916,499,10
35917,499,10
35918,430,10
35919,431,1
35920,307,1
35921,70,13
35922,NULL,1
35923,391,21
35924,NULL,4
35925,NULL,10
35926,391,21
35927,391,10
35928,NULL,1
35929,NULL,1
35930,534,8
35931,70,14
35932,430,9
35933,NULL,1
35934,391,4
35935,NULL,10
35936,NULL,1
35937,270,10
35938,267,2
35939,70,14
35940,267,2
35941,542,25
35942,499,10
35943,431,1
35944,NULL,1
35945,342,10
35946,NULL,10
35947,250,10
35948,549,1
35949,430,10
35950,391,21
35951,NULL,1
35952,534,8
35953,250,10
35954,309,4
35955,391,4
35956,270,10
35957,513,10
35958,245,21
35959,431,1
35960,NULL,1
35961,430,9
35962,NULL,10
35963,391,21
35964,250,1
35965,499,10
35966,430,9
35967,3,25
35968,NULL,1
35969,534,9
35970,NULL,1
35971,430,9
35972,250,1
35973,430,8
35974,70,13
35975,499,10
35976,430,9
35977,NULL,21
35978,270,10
35979,430,9
35980,270,10
35981,534,9
35982,NULL,10
35983,430,9
35984,70,14
35985,534,9
35986,NULL,10
35987,267,2
35988,70,2
35989,430,9
35990,NULL,10
35991,430,28
35992,NULL,1
35993,NULL,1
35994,NULL,10
35995,70,13
35996,NULL,1
35997,NULL,1
35998,NULL,10
35999,NULL,1
36000,549,1
36001,NULL,1
36002,430,10
36003,267,2
36004,54,9
36005,NULL,1
36006,NULL,10
36007,430,10
36008,534,9
36009,NULL,1
36010,250,1
36011,267,2
36012,250,1
36013,245,7
36014,NULL,1
36015,NULL,10
36016,430,8
36017,NULL,1
36018,70,14
36019,391,4
36020,NULL,1
36021,NULL,1
36022,307,10
36023,430,8
36024,411,1
36025,499,10
36026,267,2
36027,70,14
36028,70,2
36029,NULL,1
36030,NULL,1
36031,NULL,1
36032,NULL,1
36033,70,13
36034,NULL,1
36035,70,14
36036,NULL,1
36037,NULL,1
36038,NULL,1
36039,70,14
36040,NULL,1
36041,70,13
36042,267,2
36043,232,9
36044,232,1
36045,513,10
36046,250,10
36047,121,11
36048,NULL,1
36049,NULL,1
36050,430,10
36051,391,4
36052,NULL,1
36053,125,1
36054,534,8
36055,NULL,1
36056,250,10
36057,430,10
36058,250,1
36059,391,4
36060,NULL,1
36061,NULL,1
36062,391,10
36063,430,10
36064,NULL,1
36065,NULL,1
36066,NULL,4
36067,342,10
36068,NULL,10
36069,391,4
36070,534,9
36071,NULL,1
36072,121,11
36073,542,25
36074,549,1
36075,534,9
36076,431,1
36077,NULL,1
36078,534,9
36079,431,4
36080,499,10
36081,NULL,1
36082,456,2
36083,232,9
36084,NULL,10
36085,267,2
36086,430,8
36087,499,10
36088,549,1
36089,NULL,1
36090,NULL,1
36091,430,10
36092,NULL,10
36093,391,4
36094,391,4
36095,430,1
36096,549,1
36097,NULL,1
36098,NULL,1
36099,534,9
36100,NULL,10
36101,430,10
36102,430,10
36103,187,11
36104,464,4
36105,NULL,1
36106,NULL,21
36107,NULL,10
36108,391,4
36109,550,3
36110,NULL,1
36111,391,10
36112,551,1
36113,NULL,1
36114,391,4
36115,NULL,10
36116,NULL,4
36117,550,3
36118,430,1
36119,551,1
36120,NULL,1
36121,430,10
36122,430,9
36123,430,1
36124,NULL,4
36125,267,11
36126,NULL,1
36127,NULL,8
36128,430,8
36129,121,11
36130,NULL,21
36131,270,1
36132,499,10
36133,430,9
36134,430,10
36135,NULL,14
36136,250,10
36137,250,10
36138,NULL,1
36139,NULL,10
36140,206,2
36141,391,4
36142,267,11
36143,430,9
36144,NULL,8
36145,NULL,1
36146,391,4
36147,464,1
36148,430,10
36149,430,9
36150,267,2
36151,NULL,1
36152,NULL,1
36153,NULL,10
36154,391,4
36155,267,11
36156,3,25
36157,430,10
36158,270,10
36159,385,10
36160,430,10
36161,430,8
36162,391,4
36163,70,14
36164,187,11
36165,NULL,3
36166,385,10
36167,431,4
36168,NULL,1
36169,187,1
36170,NULL,1
36171,70,14
36172,NULL,1
36173,232,9
36174,430,10
36175,70,14
36176,267,11
36177,430,10
36178,NULL,1
36179,391,21
36180,NULL,1
36181,492,1
36182,NULL,1
36183,NULL,1
36184,NULL,8
36185,430,10
36186,430,9
36187,391,21
36188,430,10
36189,NULL,3
36190,430,9
36191,342,10
36192,550,21
36193,270,10
36194,391,4
36195,430,28
36196,430,8
36197,NULL,1
36198,542,1
36199,430,8
36200,NULL,14
36201,70,14
36202,391,4
36203,NULL,1
36204,430,9
36205,NULL,1
36206,550,21
36207,411,1
36208,391,4
36209,70,14
36210,391,4
36211,3,25
36212,NULL,1
36213,534,9
36214,430,9
36215,499,10
36216,NULL,8
36217,121,11
36218,267,11
36219,NULL,10
36220,430,9
36221,NULL,1
36222,NULL,21
36223,267,2
36224,250,10
36225,430,8
36226,391,21
36227,270,10
36228,430,8
36229,NULL,1
36230,NULL,21
36231,NULL,1
36232,82,1
36233,430,9
36234,391,21
36235,NULL,3
36236,121,11
36237,NULL,1
36238,NULL,1
36239,267,2
36240,549,1
36241,430,9
36242,70,14
36243,430,10
36244,456,14
36245,NULL,1
36246,NULL,21
36247,267,2
36248,70,13
36249,250,10
36250,70,14
36251,456,2
36252,430,9
36253,464,4
36254,155,1
36255,NULL,1
36256,550,23
36257,NULL,1
36258,250,10
36259,430,10
36260,430,10
36261,499,10
36262,NULL,10
36263,267,2
36264,NULL,21
36265,70,14
36266,550,1
36267,391,4
36268,NULL,1
36269,70,13
36270,499,10
36271,267,2
36272,187,11
36273,NULL,1
36274,391,21
36275,391,4
36276,430,9
36277,250,10
36278,391,4
36279,267,2
36280,NULL,1
36281,267,11
36282,391,21
36283,391,4
36284,NULL,10
36285,NULL,1
36286,250,10
36287,430,8
36288,430,9
36289,430,10
36290,NULL,1
36291,391,4
36292,391,4
36293,513,10
36294,391,4
36295,NULL,11
36296,NULL,1
36297,250,10
36298,267,11
36299,245,21
36300,125,1
36301,430,9
36302,245,21
36303,NULL,13
36304,430,10
36305,391,4
36306,250,10
36307,NULL,1
36308,411,1
36309,430,9
36310,430,9
36311,NULL,10
36312,430,9
36313,206,21
36314,542,25
36315,NULL,1
36316,NULL,1
36317,NULL,21
36318,342,10
36319,NULL,1
36320,430,9
36321,NULL,1
36322,NULL,4
36323,565,4
36324,NULL,1
36325,NULL,21
36326,NULL,1
36327,499,10
36328,430,10
36329,NULL,10
36330,391,4
36331,NULL,1
36332,550,21
36333,NULL,21
36334,342,10
36335,70,14
36336,NULL,21
36337,121,11
36338,550,21
36339,NULL,1
36340,534,9
36341,NULL,21
36342,NULL,1
36343,70,14
36344,499,10
36345,391,4
36346,550,21
36347,534,9
36348,NULL,13
36349,250,1
36350,534,9
36351,430,10
36352,NULL,1
36353,391,4
36354,NULL,4
36355,534,9
36356,NULL,10
36357,551,1
36358,431,4
36359,NULL,21
36360,550,21
36361,245,21
36362,NULL,3
36363,430,9
36364,NULL,1
36365,NULL,21
36366,NULL,1
36367,342,10
36368,430,9
36369,250,10
36370,NULL,4
36371,NULL,21
36372,70,14
36373,NULL,21
36374,534,9
36375,250,10
36376,499,10
36377,513,1
36378,430,8
36379,NULL,1
36380,70,14
36381,NULL,21
36382,430,10
36383,NULL,21
36384,499,10
36385,NULL,10
36386,NULL,1
36387,NULL,1
36388,NULL,1
36389,NULL,21
36390,430,10
36391,550,21
36392,499,10
36393,430,9
36394,550,1
36395,70,14
36396,NULL,1
36397,NULL,1
36398,516,8
36399,250,1
36400,499,10
36401,430,8
36402,NULL,1
36403,NULL,1
36404,NULL,1
36405,70,13
36406,NULL,1
36407,430,9
36408,70,15
36409,430,10
36410,NULL,1
36411,391,4
36412,267,11
36413,70,13
36414,NULL,1
36415,430,9
36416,NULL,14
36417,270,10
36418,NULL,1
36419,245,21
36420,70,14
36421,430,9
36422,NULL,10
36423,430,9
36424,NULL,11
36425,430,10
36426,NULL,1
36427,197,1
36428,NULL,1
36429,156,1
36430,270,10
36431,430,9
36432,430,9
36433,121,11
36434,NULL,10
36435,430,9
36436,250,10
36437,70,13
36438,NULL,1
36439,125,1
36440,430,8
36441,270,10
36442,464,1
36443,430,10
36444,NULL,1
36445,NULL,1
36446,430,10
36447,NULL,4
36448,342,10
36449,430,10
36450,550,1
36451,NULL,1
36452,431,4
36453,NULL,1
36454,NULL,1
36455,430,10
36456,430,10
36457,NULL,13
36458,250,1
36459,NULL,1
36460,431,4
36461,70,13
36462,197,1
36463,565,9
36464,NULL,4
36465,NULL,1
36466,3,25
36467,121,11
36468,245,21
36469,NULL,1
36470,NULL,1
36471,385,10
36472,399,4
36473,NULL,1
36474,499,10
36475,250,1
36476,430,9
36477,NULL,1
36478,NULL,1
36479,NULL,1
36480,430,10
36481,125,1
36482,121,11
36483,NULL,10
36484,NULL,1
36485,430,10
36486,NULL,10
36487,250,1
36488,232,9
36489,344,1
36490,430,9
36491,430,9
36492,430,9
36493,NULL,1
36494,267,11
36495,NULL,1
36496,270,10
36497,NULL,1
36498,430,8
36499,430,9
36500,430,10
36501,NULL,1
36502,550,1
36503,430,10
36504,NULL,10
36505,NULL,1
36506,121,11
36507,499,10
36508,NULL,1
36509,430,28
36510,NULL,21
36511,430,1
36512,270,10
36513,232,9
36514,430,9
36515,NULL,1
36516,NULL,1
36517,430,1
36518,NULL,4
36519,430,10
36520,NULL,1
36521,499,10
36522,NULL,10
36523,NULL,1
36524,NULL,1
36525,NULL,1
36526,NULL,1
36527,NULL,1
36528,391,4
36529,430,10
36530,430,9
36531,NULL,1
36532,NULL,11
36533,530,1
36534,NULL,1
36535,565,9
36536,391,4
36537,430,10
36538,430,9
36539,391,4
36540,499,10
36541,250,1
36542,187,11
36543,NULL,1
36544,391,4
36545,430,10
36546,391,4
36547,307,10
36548,NULL,3
36549,NULL,1
36550,NULL,1
36551,513,1
36552,NULL,1
36553,430,9
36554,391,4
36555,NULL,1
36556,270,10
36557,430,10
36558,430,9
36559,121,11
36560,156,1
36561,NULL,1
36562,NULL,21
36563,NULL,1
36564,NULL,3
36565,70,14
36566,70,14
36567,391,4
36568,391,4
36569,NULL,21
36570,NULL,4
36571,NULL,1
36572,NULL,1
36573,250,1
36574,NULL,10
36575,391,4
36576,NULL,1
36577,391,4
36578,NULL,1
36579,NULL,13
36580,121,11
36581,530,1
36582,430,10
36583,NULL,21
36584,70,13
36585,391,4
36586,430,10
36587,232,9
36588,121,11
36589,70,14
36590,307,10
36591,NULL,1
36592,430,10
36593,430,9
36594,NULL,10
36595,232,9
36596,NULL,1
36597,70,14
36598,430,10
36599,206,2
36600,187,11
36601,430,9
36602,NULL,11
36603,250,10
36604,NULL,1
36605,267,2
36606,430,9
36607,206,2
36608,NULL,1
36609,430,10
36610,NULL,1
36611,430,10
36612,NULL,1
36613,270,10
36614,430,9
36615,267,11
36616,499,10
36617,294,1
36618,NULL,1
36619,NULL,1
36620,NULL,1
36621,430,10
36622,206,2
36623,391,4
36624,391,4
36625,NULL,1
36626,430,10
36627,NULL,1
36628,NULL,1
36629,430,9
36630,245,21
36631,250,10
36632,NULL,1
36633,NULL,21
36634,197,1
36635,NULL,10
36636,565,9
36637,NULL,10
36638,NULL,1
36639,430,10
36640,NULL,1
36641,430,8
36642,197,1
36643,NULL,11
36644,NULL,1
36645,430,9
36646,250,1
36647,121,11
36648,430,9
36649,499,10
36650,NULL,1
36651,NULL,11
36652,430,9
36653,549,1
36654,NULL,1
36655,121,11
36656,NULL,3
36657,534,8
36658,70,2
36659,430,10
36660,430,10
36661,549,1
36662,430,10
36663,534,9
36664,NULL,1
36665,250,10
36666,342,10
36667,499,10
36668,430,9
36669,549,1
36670,NULL,1
36671,NULL,1
36672,NULL,3
36673,430,10
36674,NULL,1
36675,NULL,1
36676,534,9
36677,549,1
36678,492,1
36679,430,9
36680,NULL,1
36681,534,8
36682,NULL,1
36683,NULL,1
36684,534,9
36685,70,13
36686,431,4
36687,70,14
36688,121,11
36689,534,8
36690,70,2
36691,430,1
36692,534,9
36693,430,10
36694,NULL,1
36695,NULL,21
36696,430,9
36697,250,10
36698,70,2
36699,456,2
36700,NULL,1
36701,430,10
36702,70,14
36703,430,8
36704,430,9
36705,NULL,21
36706,70,2
36707,NULL,1
36708,70,13
36709,250,10
36710,430,8
36711,70,2
36712,456,2
36713,NULL,1
36714,NULL,1
36715,399,1
36716,550,21
36717,NULL,1
36718,534,9
36719,70,2
36720,430,10
36721,NULL,1
36722,530,1
36723,499,10
36724,121,11
36725,385,10
36726,250,10
36727,NULL,1
36728,270,10
36729,156,21
36730,70,14
36731,534,8
36732,430,9
36733,342,10
36734,250,10
36735,NULL,1
36736,NULL,1
36737,NULL,1
36738,NULL,10
36739,391,4
36740,121,11
36741,270,10
36742,430,9
36743,NULL,21
36744,NULL,1
36745,70,14
36746,NULL,1
36747,391,4
36748,121,11
36749,NULL,1
36750,534,9
36751,391,4
36752,449,9
36753,430,9
36754,NULL,1
36755,534,8
36756,534,9
36757,82,10
36758,121,11
36759,NULL,1
36760,NULL,8
36761,NULL,1
36762,NULL,1
36763,250,10
36764,NULL,21
36765,121,11
36766,430,10
36767,267,2
36768,430,8
36769,391,4
36770,430,10
36771,NULL,1
36772,430,9
36773,430,1
36774,430,10
36775,430,10
36776,411,1
36777,70,22
36778,550,3
36779,430,10
36780,250,10
36781,NULL,10
36782,270,10
36783,549,1
36784,391,4
36785,542,1
36786,391,10
36787,NULL,1
36788,430,9
36789,70,14
36790,NULL,10
36791,391,4
36792,NULL,1
36793,542,1
36794,294,1
36795,430,10
36796,NULL,1
36797,232,9
36798,431,4
36799,250,10
36800,70,15
36801,534,8
36802,430,10
36803,121,16
36804,499,10
36805,NULL,1
36806,550,21
36807,NULL,1
36808,70,15
36809,391,4
36810,NULL,1
36811,NULL,1
36812,NULL,1
36813,430,10
36814,250,10
36815,250,10
36816,NULL,13
36817,NULL,4
36818,232,9
36819,430,10
36820,NULL,1
36821,550,21
36822,NULL,1
36823,NULL,1
36824,430,8
36825,550,1
36826,NULL,10
36827,NULL,21
36828,NULL,1
36829,430,9
36830,430,8
36831,385,10
36832,125,1
36833,542,25
36834,NULL,11
36835,NULL,21
36836,NULL,1
36837,NULL,1
36838,121,11
36839,187,1
36840,NULL,1
36841,250,10
36842,NULL,11
36843,267,11
36844,NULL,1
36845,391,4
36846,NULL,1
36847,391,4
36848,NULL,13
36849,NULL,10
36850,NULL,1
36851,70,14
36852,NULL,1
36853,430,9
36854,NULL,1
36855,391,4
36856,391,10
36857,385,10
36858,NULL,1
36859,NULL,1
36860,NULL,1
36861,NULL,1
36862,430,10
36863,391,4
36864,391,10
36865,250,10
36866,NULL,1
36867,NULL,1
36868,391,4
36869,NULL,1
36870,70,22
36871,250,10
36872,391,10
36873,534,8
36874,NULL,1
36875,430,9
36876,391,4
36877,NULL,1
36878,534,8
36879,430,8
36880,391,10
36881,125,1
36882,NULL,10
36883,430,9
36884,391,4
36885,385,10
36886,NULL,13
36887,499,1
36888,391,10
36889,499,1
36890,430,10
36891,NULL,10
36892,534,8
36893,NULL,1
36894,430,8
36895,430,9
36896,391,10
36897,499,1
36898,NULL,1
36899,NULL,1
36900,187,11
36901,NULL,1
36902,430,10
36903,121,11
36904,391,10
36905,NULL,1
36906,NULL,1
36907,NULL,1
36908,430,9
36909,NULL,1
36910,492,10
36911,391,4
36912,NULL,1
36913,430,10
36914,542,1
36915,294,1
36916,NULL,1
36917,430,9
36918,430,10
36919,430,10
36920,534,9
36921,NULL,1
36922,542,1
36923,391,4
36924,534,9
36925,NULL,1
36926,430,9
36927,294,1
36928,430,9
36929,391,4
36930,391,10
36931,391,4
36932,499,10
36933,NULL,1
36934,270,10
36935,391,4
36936,3,25
36937,3,25
36938,550,21
36939,534,8
36940,430,9
36941,121,11
36942,125,1
36943,385,10
36944,3,25
36945,NULL,1
36946,499,10
36947,534,8
36948,NULL,21
36949,NULL,21
36950,125,1
36951,250,10
36952,534,9
36953,NULL,10
36954,499,10
36955,250,10
36956,NULL,21
36957,NULL,21
36958,121,11
36959,NULL,4
36960,NULL,1
36961,NULL,1
36962,307,10
36963,NULL,1
36964,430,9
36965,250,10
36966,NULL,1
36967,NULL,10
36968,430,10
36969,3,25
36970,391,10
36971,430,10
36972,430,9
36973,342,10
36974,499,10
36975,499,10
36976,NULL,1
36977,430,9
36978,NULL,3
36979,430,10
36980,430,9
36981,470,1
36982,534,8
36983,499,10
36984,342,10
36985,391,10
36986,267,2
36987,NULL,1
36988,NULL,1
36989,232,9
36990,430,10
36991,250,10
36992,342,10
36993,391,10
36994,NULL,3
36995,542,1
36996,499,10
36997,430,10
36998,430,9
36999,270,10
37000,NULL,1
37001,391,10
37002,549,1
37003,542,1
37004,430,10
37005,NULL,1
37006,121,11
37007,NULL,10
37008,NULL,1
37009,391,10
37010,430,10
37011,391,4
37012,NULL,1
37013,NULL,1
37014,NULL,1
37015,NULL,4
37016,NULL,1
37017,NULL,4
37018,385,10
37019,391,4
37020,NULL,1
37021,391,4
37022,430,10
37023,NULL,1
37024,550,1
37025,NULL,4
37026,470,1
37027,NULL,1
37028,542,1
37029,197,1
37030,NULL,1
37031,NULL,4
37032,430,9
37033,430,10
37034,NULL,1
37035,NULL,10
37036,542,1
37037,391,4
37038,430,8
37039,391,4
37040,430,9
37041,307,10
37042,499,10
37043,430,10
37044,542,1
37045,267,2
37046,270,1
37047,430,8
37048,430,10
37049,307,10
37050,499,10
37051,NULL,1
37052,NULL,4
37053,70,14
37054,NULL,1
37055,430,10
37056,430,8
37057,307,10
37058,307,10
37059,307,10
37060,NULL,1
37061,270,10
37062,NULL,1
37063,454,8
37064,430,9
37065,550,21
37066,70,14
37067,430,8
37068,NULL,10
37069,250,10
37070,245,7
37071,NULL,1
37072,121,2
37073,267,2
37074,270,10
37075,NULL,1
37076,NULL,10
37077,NULL,1
37078,470,1
37079,270,10
37080,250,10
37081,430,9
37082,70,14
37083,NULL,10
37084,NULL,10
37085,NULL,10
37086,245,7
37087,391,4
37088,NULL,1
37089,430,10
37090,250,10
37091,NULL,10
37092,NULL,1
37093,NULL,10
37094,206,2
37095,430,10
37096,516,8
37097,NULL,1
37098,430,10
37099,NULL,21
37100,430,28
37101,121,11
37102,430,9
37103,385,10
37104,430,10
37105,549,1
37106,391,4
37107,250,10
37108,NULL,1
37109,464,4
37110,250,10
37111,156,21
37112,391,4
37113,391,4
37114,206,2
37115,270,10
37116,250,10
37117,430,8
37118,499,1
37119,NULL,1
37120,NULL,1
37121,430,10
37122,206,2
37123,NULL,21
37124,197,1
37125,391,4
37126,NULL,1
37127,267,11
37128,270,10
37129,430,10
37130,NULL,1
37131,NULL,1
37132,NULL,1
37133,NULL,1
37134,250,10
37135,391,4
37136,250,10
37137,270,10
37138,565,4
37139,430,9
37140,NULL,1
37141,250,1
37142,430,10
37143,430,8
37144,NULL,3
37145,NULL,1
37146,565,4
37147,391,4
37148,250,10
37149,245,21
37150,430,10
37151,430,4
37152,NULL,1
37153,430,10
37154,499,10
37155,430,10
37156,NULL,1
37157,NULL,1
37158,70,22
37159,430,10
37160,NULL,10
37161,NULL,1
37162,430,10
37163,NULL,1
37164,267,11
37165,187,11
37166,430,4
37167,385,10
37168,NULL,1
37169,534,9
37170,430,1
37171,250,10
37172,267,11
37173,391,4
37174,NULL,10
37175,542,1
37176,NULL,1
37177,250,10
37178,430,10
37179,70,22
37180,187,11
37181,NULL,3
37182,NULL,1
37183,542,1
37184,NULL,1
37185,121,11
37186,270,10
37187,250,10
37188,391,1
37189,430,1
37190,250,10
37191,542,1
37192,NULL,1
37193,70,14
37194,549,1
37195,430,10
37196,NULL,1
37197,121,11
37198,430,10
37199,430,1
37200,NULL,1
37201,430,8
37202,549,1
37203,430,9
37204,492,1
37205,391,4
37206,499,1
37207,391,4
37208,NULL,1
37209,187,11
37210,549,1
37211,70,14
37212,NULL,1
37213,391,4
37214,430,9
37215,499,10
37216,NULL,10
37217,NULL,1
37218,541,1
37219,206,2
37220,550,21
37221,391,4
37222,NULL,1
37223,430,9
37224,499,10
37225,NULL,21
37226,431,4
37227,NULL,1
37228,NULL,1
37229,250,10
37230,NULL,1
37231,499,10
37232,NULL,1
37233,267,11
37234,431,4
37235,430,10
37236,430,10
37237,250,10
37238,550,21
37239,391,4
37240,NULL,1
37241,430,9
37242,232,9
37243,125,1
37244,550,23
37245,430,10
37246,430,10
37247,250,10
37248,NULL,1
37249,250,10
37250,411,1
37251,270,10
37252,360,1
37253,245,21
37254,250,10
37255,267,11
37256,70,22
37257,NULL,4
37258,399,21
37259,121,11
37260,430,8
37261,NULL,1
37262,NULL,1
37263,267,11
37264,430,28
37265,NULL,4
37266,70,14
37267,NULL,1
37268,NULL,1
37269,245,21
37270,550,21
37271,70,14
37272,21,4
37273,430,8
37274,NULL,1
37275,250,10
37276,499,1
37277,70,14
37278,499,10
37279,70,14
37280,430,9
37281,270,10
37282,430,8
37283,391,10
37284,NULL,1
37285,499,10
37286,430,10
37287,270,1
37288,NULL,1
37289,NULL,10
37290,530,9
37291,430,10
37292,NULL,1
37293,NULL,1
37294,534,9
37295,NULL,1
37296,NULL,1
37297,NULL,1
37298,206,1
37299,550,21
37300,155,1
37301,70,14
37302,391,10
37303,NULL,1
37304,449,9
37305,499,10
37306,NULL,10
37307,391,10
37308,499,10
37309,NULL,4
37310,250,10
37311,270,10
37312,449,9
37313,NULL,1
37314,NULL,4
37315,NULL,1
37316,430,9
37317,250,10
37318,391,10
37319,391,4
37320,NULL,1
37321,430,10
37322,NULL,4
37323,391,10
37324,430,9
37325,NULL,1
37326,391,10
37327,NULL,1
37328,125,1
37329,NULL,1
37330,NULL,4
37331,3,25
37332,430,9
37333,270,10
37334,NULL,1
37335,NULL,13
37336,NULL,10
37337,391,4
37338,NULL,21
37339,391,10
37340,430,10
37341,NULL,1
37342,70,13
37343,391,4
37344,NULL,1
37345,NULL,4
37346,492,1
37347,NULL,1
37348,430,10
37349,342,10
37350,NULL,4
37351,NULL,10
37352,391,4
37353,391,4
37354,NULL,1
37355,NULL,1
37356,391,4
37357,431,1
37358,250,10
37359,250,10
37360,391,4
37361,430,10
37362,NULL,1
37363,NULL,1
37364,430,8
37365,267,2
37366,NULL,1
37367,NULL,1
37368,391,4
37369,NULL,1
37370,NULL,1
37371,430,10
37372,464,1
37373,267,2
37374,430,8
37375,430,8
37376,NULL,1
37377,430,9
37378,250,10
37379,NULL,21
37380,250,10
37381,206,2
37382,NULL,1
37383,430,9
37384,542,1
37385,NULL,21
37386,430,10
37387,391,10
37388,NULL,1
37389,267,11
37390,NULL,1
37391,NULL,1
37392,267,11
37393,499,1
37394,391,4
37395,391,10
37396,270,10
37397,267,11
37398,551,1
37399,3,25
37400,21,4
37401,430,10
37402,250,10
37403,391,10
37404,NULL,1
37405,267,11
37406,NULL,1
37407,270,10
37408,391,4
37409,NULL,1
37410,431,1
37411,NULL,1
37412,NULL,10
37413,206,2
37414,385,10
37415,NULL,4
37416,NULL,1
37417,NULL,1
37418,391,10
37419,187,11
37420,430,10
37421,NULL,1
37422,449,9
37423,430,9
37424,267,11
37425,NULL,1
37426,NULL,1
37427,492,1
37428,430,10
37429,499,10
37430,430,8
37431,430,9
37432,NULL,1
37433,NULL,1
37434,430,10
37435,70,13
37436,NULL,1
37437,391,4
37438,551,1
37439,NULL,1
37440,391,4
37441,NULL,10
37442,NULL,1
37443,430,9
37444,NULL,1
37445,391,4
37446,391,4
37447,NULL,1
37448,NULL,1
37449,NULL,10
37450,391,21
37451,NULL,1
37452,391,4
37453,NULL,1
37454,391,4
37455,NULL,1
37456,NULL,1
37457,430,4
37458,206,2
37459,534,9
37460,NULL,1
37461,430,9
37462,499,10
37463,391,10
37464,70,22
37465,NULL,10
37466,NULL,1
37467,534,9
37468,NULL,1
37469,391,4
37470,NULL,1
37471,391,10
37472,430,10
37473,NULL,1
37474,NULL,1
37475,70,13
37476,NULL,1
37477,430,9
37478,NULL,1
37479,430,9
37480,430,9
37481,430,9
37482,NULL,1
37483,NULL,1
37484,391,10
37485,NULL,10
37486,187,11
37487,391,10
37488,NULL,1
37489,391,10
37490,NULL,1
37491,70,13
37492,391,10
37493,250,10
37494,430,8
37495,3,25
37496,NULL,1
37497,391,10
37498,250,10
37499,430,10
37500,391,10
37501,NULL,10
37502,430,10
37503,121,11
37504,430,8
37505,NULL,1
37506,250,10
37507,499,10
37508,391,10
37509,430,9
37510,NULL,1
37511,NULL,1
37512,430,10
37513,NULL,1
37514,391,4
37515,70,13
37516,70,15
37517,431,1
37518,NULL,1
37519,270,10
37520,NULL,1
37521,391,4
37522,399,1
37523,NULL,1
37524,70,15
37525,NULL,2
37526,NULL,1
37527,NULL,21
37528,NULL,1
37529,NULL,1
37530,399,1
37531,NULL,1
37532,70,15
37533,NULL,1
37534,NULL,1
37535,534,9
37536,NULL,10
37537,542,1
37538,430,10
37539,513,10
37540,430,9
37541,NULL,1
37542,NULL,1
37543,NULL,1
37544,NULL,10
37545,NULL,1
37546,385,10
37547,430,9
37548,534,8
37549,250,10
37550,3,25
37551,391,10
37552,NULL,21
37553,391,4
37554,NULL,1
37555,250,10
37556,187,11
37557,NULL,1
37558,NULL,1
37559,430,9
37560,430,9
37561,NULL,1
37562,NULL,1
37563,NULL,1
37564,NULL,1
37565,430,1
37566,430,10
37567,NULL,21
37568,385,10
37569,430,10
37570,232,9
37571,NULL,1
37572,NULL,21
37573,250,10
37574,430,9
37575,NULL,21
37576,430,10
37577,430,10
37578,430,10
37579,267,2
37580,391,4
37581,391,10
37582,21,4
37583,391,10
37584,250,10
37585,430,9
37586,NULL,1
37587,NULL,1
37588,NULL,1
37589,391,10
37590,NULL,1
37591,430,1
37592,NULL,1
37593,121,11
37594,534,9
37595,385,10
37596,121,11
37597,430,9
37598,NULL,1
37599,391,4
37600,391,4
37601,NULL,1
37602,NULL,1
37603,NULL,1
37604,121,11
37605,430,9
37606,NULL,4
37607,492,1
37608,NULL,1
37609,391,4
37610,270,10
37611,267,2
37612,250,10
37613,430,9
37614,NULL,4
37615,391,10
37616,NULL,1
37617,449,9
37618,430,10
37619,430,10
37620,391,10
37621,431,1
37622,NULL,4
37623,232,9
37624,430,10
37625,430,10
37626,391,4
37627,NULL,1
37628,NULL,1
37629,431,1
37630,NULL,1
37631,430,9
37632,430,1
37633,250,10
37634,NULL,1
37635,430,10
37636,NULL,1
37637,NULL,1
37638,270,10
37639,232,9
37640,NULL,1
37641,NULL,1
37642,NULL,1
37643,449,9
37644,NULL,1
37645,NULL,1
37646,542,1
37647,NULL,1
37648,391,4
37649,NULL,1
37650,391,4
37651,NULL,1
37652,391,10
37653,NULL,1
37654,430,10
37655,206,2
37656,250,1
37657,NULL,1
37658,391,4
37659,121,11
37660,391,10
37661,NULL,1
37662,499,10
37663,NULL,1
37664,270,10
37665,NULL,1
37666,NULL,21
37667,125,1
37668,391,10
37669,NULL,1
37670,NULL,1
37671,329,1
37672,391,4
37673,449,9
37674,187,11
37675,NULL,1
37676,NULL,1
37677,NULL,1
37678,391,4
37679,250,10
37680,430,10
37681,NULL,1
37682,NULL,1
37683,NULL,10
37684,NULL,10
37685,430,8
37686,21,4
37687,NULL,1
37688,430,10
37689,250,1
37690,250,10
37691,431,1
37692,NULL,1
37693,534,9
37694,542,1
37695,70,14
37696,391,4
37697,NULL,10
37698,430,10
37699,430,9
37700,250,10
37701,385,10
37702,NULL,1
37703,245,21
37704,187,1
37705,NULL,1
37706,NULL,1
37707,NULL,1
37708,NULL,1
37709,NULL,1
37710,3,25
37711,NULL,3
37712,430,9
37713,NULL,1
37714,430,8
37715,270,10
37716,NULL,13
37717,NULL,21
37718,NULL,21
37719,250,10
37720,NULL,1
37721,NULL,1
37722,430,10
37723,430,10
37724,430,9
37725,NULL,1
37726,70,15
37727,391,4
37728,NULL,1
37729,NULL,1
37730,430,9
37731,NULL,4
37732,250,10
37733,NULL,21
37734,250,10
37735,391,4
37736,499,10
37737,NULL,1
37738,542,25
37739,430,9
37740,430,10
37741,NULL,1
37742,499,10
37743,391,4
37744,430,9
37745,430,10
37746,250,10
37747,NULL,1
37748,430,9
37749,NULL,1
37750,430,9
37751,NULL,1
37752,NULL,1
37753,NULL,1
37754,430,10
37755,70,15
37756,430,9
37757,NULL,10
37758,NULL,1
37759,NULL,1
37760,NULL,1
37761,NULL,1
37762,NULL,10
37763,NULL,4
37764,NULL,21
37765,3,25
37766,NULL,1
37767,430,10
37768,534,9
37769,NULL,1
37770,430,9
37771,70,15
37772,NULL,21
37773,NULL,1
37774,70,15
37775,267,11
37776,NULL,1
37777,NULL,1
37778,513,10
37779,NULL,1
37780,534,8
37781,NULL,1
37782,70,15
37783,NULL,1
37784,NULL,1
37785,NULL,1
37786,534,8
37787,NULL,4
37788,155,1
37789,499,10
37790,NULL,4
37791,542,1
37792,NULL,21
37793,449,9
37794,NULL,1
37795,NULL,1
37796,121,11
37797,430,10
37798,NULL,4
37799,250,10
37800,385,10
37801,449,9
37802,245,7
37803,NULL,1
37804,121,11
37805,430,1
37806,NULL,1
37807,250,10
37808,3,25
37809,270,1
37810,NULL,1
37811,499,10
37812,NULL,10
37813,267,11
37814,430,8
37815,70,15
37816,3,25
37817,NULL,1
37818,391,4
37819,NULL,1
37820,NULL,1
37821,267,11
37822,NULL,1
37823,391,10
37824,NULL,21
37825,NULL,1
37826,391,4
37827,499,10
37828,431,1
37829,391,10
37830,NULL,1
37831,391,10
37832,307,10
37833,NULL,1
37834,NULL,1
37835,430,9
37836,391,10
37837,391,10
37838,430,9
37839,430,9
37840,NULL,1
37841,430,10
37842,70,13
37843,NULL,1
37844,391,10
37845,NULL,1
37846,542,1
37847,430,9
37848,250,10
37849,NULL,1
37850,499,10
37851,430,10
37852,391,10
37853,430,9
37854,NULL,4
37855,430,28
37856,NULL,10
37857,250,10
37858,430,9
37859,NULL,1
37860,391,10
37861,550,10
37862,391,10
37863,430,9
37864,NULL,10
37865,430,8
37866,499,10
37867,391,4
37868,391,10
37869,NULL,1
37870,NULL,1
37871,NULL,1
37872,430,10
37873,250,10
37874,550,1
37875,250,10
37876,NULL,1
37877,NULL,4
37878,NULL,1
37879,250,10
37880,NULL,1
37881,430,8
37882,NULL,1
37883,NULL,1
37884,NULL,1
37885,430,9
37886,NULL,1
37887,267,11
37888,70,15
37889,267,2
37890,NULL,1
37891,430,10
37892,430,10
37893,NULL,1
37894,NULL,4
37895,NULL,1
37896,430,9
37897,267,2
37898,NULL,1
37899,70,22
37900,391,4
37901,430,9
37902,267,2
37903,430,10
37904,430,9
37905,NULL,1
37906,391,10
37907,187,1
37908,NULL,1
37909,391,10
37910,NULL,1
37911,NULL,1
37912,391,10
37913,NULL,1
37914,391,10
37915,NULL,1
37916,NULL,1
37917,391,10
37918,430,10
37919,391,10
37920,NULL,1
37921,534,9
37922,430,10
37923,NULL,1
37924,NULL,1
37925,391,10
37926,NULL,1
37927,NULL,1
37928,430,10
37929,NULL,1
37930,NULL,21
37931,391,4
37932,399,21
37933,430,10
37934,430,9
37935,430,8
37936,NULL,1
37937,430,9
37938,NULL,21
37939,499,10
37940,NULL,1
37941,NULL,1
37942,NULL,1
37943,NULL,1
37944,NULL,1
37945,NULL,1
37946,NULL,1
37947,492,1
37948,125,1
37949,430,9
37950,70,15
37951,NULL,1
37952,NULL,1
37953,NULL,4
37954,NULL,1
37955,430,9
37956,125,1
37957,391,4
37958,534,8
37959,NULL,1
37960,NULL,1
37961,267,2
37962,NULL,1
37963,430,10
37964,430,9
37965,430,8
37966,391,4
37967,NULL,1
37968,NULL,1
37969,430,9
37970,121,11
37971,449,9
37972,430,10
37973,270,10
37974,430,10
37975,430,10
37976,267,11
37977,430,10
37978,121,11
37979,NULL,1
37980,430,9
37981,267,11
37982,430,10
37983,430,10
37984,267,11
37985,NULL,1
37986,250,10
37987,NULL,1
37988,430,9
37989,267,11
37990,54,9
37991,430,10
37992,430,9
37993,NULL,1
37994,NULL,1
37995,391,1
37996,NULL,1
37997,391,4
37998,430,9
37999,250,10
38000,NULL,1
38001,NULL,1
38002,NULL,1
38003,499,10
38004,430,9
38005,430,9
38006,245,7
38007,NULL,1
38008,430,10
38009,NULL,10
38010,551,1
38011,121,1
38012,391,4
38013,391,10
38014,391,4
38015,430,10
38016,NULL,4
38017,NULL,10
38018,NULL,10
38019,534,9
38020,391,4
38021,391,10
38022,430,9
38023,267,11
38024,250,10
38025,NULL,1
38026,NULL,1
38027,NULL,1
38028,70,15
38029,270,10
38030,430,9
38031,NULL,1
38032,430,8
38033,250,10
38034,NULL,1
38035,NULL,1
38036,430,8
38037,54,1
38038,NULL,1
38039,NULL,1
38040,NULL,1
38041,431,1
38042,NULL,1
38043,391,1
38044,NULL,1
38045,430,9
38046,391,4
38047,NULL,1
38048,391,10
38049,270,10
38050,NULL,1
38051,499,10
38052,NULL,1
38053,70,13
38054,NULL,1
38055,250,10
38056,NULL,1
38057,NULL,1
38058,NULL,1
38059,464,1
38060,NULL,1
38061,NULL,1
38062,NULL,1
38063,430,10
38064,430,10
38065,250,10
38066,430,9
38067,NULL,1
38068,NULL,4
38069,430,10
38070,391,4
38071,70,15
38072,391,10
38073,NULL,1
38074,NULL,4
38075,430,9
38076,NULL,1
38077,430,10
38078,NULL,1
38079,54,1
38080,430,10
38081,NULL,1
38082,NULL,1
38083,NULL,1
38084,NULL,1
38085,121,11
38086,NULL,10
38087,NULL,1
38088,89,1
38089,430,9
38090,430,9
38091,NULL,1
38092,NULL,1
38093,391,4
38094,542,1
38095,NULL,1
38096,206,2
38097,430,10
38098,430,9
38099,430,9
38100,NULL,1
38101,125,1
38102,NULL,1
38103,542,1
38104,391,10
38105,430,9
38106,NULL,1
38107,NULL,10
38108,NULL,1
38109,430,9
38110,430,9
38111,NULL,1
38112,391,10
38113,430,9
38114,250,10
38115,3,25
38116,NULL,1
38117,NULL,1
38118,NULL,1
38119,NULL,1
38120,391,10
38121,NULL,1
38122,499,1
38123,318,1
38124,542,1
38125,270,10
38126,NULL,1
38127,NULL,1
38128,250,10
38129,499,10
38130,NULL,1
38131,NULL,1
38132,70,15
38133,318,1
38134,54,1
38135,430,9
38136,NULL,1
38137,NULL,1
38138,430,9
38139,NULL,1
38140,NULL,1
38141,318,1
38142,121,11
38143,NULL,1
38144,NULL,1
38145,499,10
38146,250,10
38147,NULL,1
38148,NULL,1
38149,430,9
38150,NULL,10
38151,542,1
38152,NULL,1
38153,430,9
38154,391,10
38155,NULL,1
38156,NULL,1
38157,542,1
38158,NULL,1
38159,391,4
38160,NULL,1
38161,430,9
38162,NULL,10
38163,NULL,1
38164,NULL,1
38165,NULL,1
38166,391,4
38167,NULL,1
38168,70,14
38169,NULL,1
38170,NULL,10
38171,NULL,1
38172,430,8
38173,NULL,1
38174,430,9
38175,267,2
38176,430,10
38177,542,1
38178,430,9
38179,NULL,4
38180,542,1
38181,NULL,14
38182,NULL,1
38183,NULL,1
38184,430,10
38185,391,4
38186,NULL,21
38187,NULL,1
38188,NULL,1
38189,NULL,1
38190,430,9
38191,NULL,1
38192,NULL,1
38193,NULL,1
38194,499,10
38195,NULL,1
38196,430,10
38197,NULL,1
38198,NULL,1
38199,NULL,4
38200,NULL,1
38201,430,9
38202,NULL,1
38203,551,1
38204,267,2
38205,534,9
38206,391,4
38207,250,10
38208,NULL,10
38209,NULL,1
38210,NULL,1
38211,70,15
38212,430,10
38213,NULL,1
38214,NULL,1
38215,NULL,1
38216,499,10
38217,430,8
38218,430,9
38219,430,9
38220,NULL,1
38221,534,9
38222,NULL,1
38223,430,9
38224,NULL,1
38225,430,4
38226,NULL,1
38227,70,15
38228,513,10
38229,430,9
38230,430,8
38231,NULL,1
38232,430,9
38233,NULL,1
38234,156,21
38235,70,15
38236,430,10
38237,430,9
38238,NULL,1
38239,NULL,1
38240,430,10
38241,430,9
38242,430,10
38243,NULL,1
38244,NULL,1
38245,NULL,1
38246,550,21
38247,NULL,1
38248,430,9
38249,270,10
38250,430,10
38251,464,21
38252,430,9
38253,NULL,1
38254,385,10
38255,542,1
38256,NULL,1
38257,NULL,1
38258,430,9
38259,430,8
38260,NULL,1
38261,NULL,1
38262,430,9
38263,NULL,4
38264,NULL,1
38265,430,10
38266,430,10
38267,NULL,1
38268,125,1
38269,NULL,1
38270,430,9
38271,391,4
38272,430,10
38273,NULL,1
38274,430,4
38275,430,9
38276,125,1
38277,250,10
38278,430,9
38279,NULL,4
38280,NULL,4
38281,430,9
38282,NULL,1
38283,250,10
38284,430,8
38285,449,9
38286,391,10
38287,391,4
38288,NULL,4
38289,NULL,1
38290,3,25
38291,430,8
38292,430,4
38293,NULL,1
38294,391,10
38295,534,9
38296,NULL,1
38297,NULL,1
38298,NULL,1
38299,NULL,1
38300,391,4
38301,270,10
38302,430,10
38303,391,4
38304,391,4
38305,499,10
38306,499,10
38307,NULL,1
38308,430,10
38309,391,1
38310,391,10
38311,431,1
38312,391,4
38313,430,1
38314,NULL,1
38315,NULL,1
38316,NULL,1
38317,499,10
38318,391,10
38319,499,10
38320,499,10
38321,250,10
38322,NULL,1
38323,NULL,1
38324,NULL,1
38325,NULL,1
38326,391,10
38327,391,4
38328,391,4
38329,499,10
38330,NULL,1
38331,NULL,1
38332,NULL,1
38333,430,9
38334,250,10
38335,430,10
38336,391,4
38337,430,10
38338,NULL,1
38339,NULL,1
38340,NULL,4
38341,NULL,1
38342,267,2
38343,NULL,1
38344,270,10
38345,NULL,1
38346,391,4
38347,391,4
38348,391,4
38349,NULL,1
38350,499,10
38351,70,13
38352,NULL,4
38353,NULL,10
38354,NULL,1
38355,270,10
38356,250,10
38357,NULL,1
38358,NULL,1
38359,54,1
38360,NULL,4
38361,270,10
38362,250,10
38363,385,10
38364,318,1
38365,70,13
38366,430,9
38367,513,10
38368,NULL,10
38369,NULL,1
38370,NULL,1
38371,430,9
38372,NULL,1
38373,70,13
38374,70,22
38375,270,10
38376,385,10
38377,NULL,1
38378,530,9
38379,550,1
38380,267,11
38381,NULL,4
38382,NULL,1
38383,NULL,1
38384,NULL,1
38385,NULL,1
38386,530,9
38387,NULL,1
38388,250,10
38389,NULL,1
38390,NULL,1
38391,499,10
38392,NULL,10
38393,NULL,1
38394,187,1
38395,550,8
38396,534,9
38397,430,9
38398,NULL,1
38399,NULL,1
38400,NULL,1
38401,499,10
38402,NULL,1
38403,431,1
38404,534,9
38405,499,10
38406,187,1
38407,430,10
38408,430,10
38409,NULL,1
38410,NULL,4
38411,431,10
38412,430,9
38413,NULL,1
38414,NULL,10
38415,499,10
38416,NULL,10
38417,NULL,1
38418,NULL,1
38419,NULL,1
38420,70,7
38421,550,1
38422,NULL,1
38423,54,8
38424,NULL,1
38425,499,10
38426,499,10
38427,430,9
38428,551,1
38429,70,15
38430,NULL,1
38431,270,10
38432,NULL,1
38433,542,1
38434,NULL,1
38435,121,23
38436,549,1
38437,391,4
38438,NULL,1
38439,270,10
38440,430,9
38441,125,1
38442,NULL,1
38443,70,15
38444,NULL,1
38445,121,1
38446,NULL,1
38447,70,7
38448,NULL,1
38449,125,1
38450,NULL,1
38451,NULL,1
38452,NULL,1
38453,121,1
38454,NULL,1
38455,NULL,1
38456,391,4
38457,NULL,1
38458,391,4
38459,415,1
38460,NULL,1
38461,430,9
38462,NULL,1
38463,430,10
38464,NULL,10
38465,NULL,1
38466,430,10
38467,70,22
38468,549,1
38469,430,9
38470,NULL,1
38471,NULL,1
38472,449,9
38473,542,1
38474,513,1
38475,70,22
38476,250,10
38477,70,15
38478,NULL,1
38479,391,1
38480,513,10
38481,430,10
38482,430,10
38483,430,9
38484,NULL,1
38485,430,10
38486,431,10
38487,430,4
38488,NULL,1
38489,431,1
38490,NULL,1
38491,NULL,1
38492,430,9
38493,391,4
38494,391,4
38495,499,10
38496,NULL,1
38497,431,1
38498,250,10
38499,NULL,1
38500,121,23
38501,NULL,1
38502,NULL,1
38503,499,10
38504,NULL,1
38505,NULL,7
38506,NULL,1
38507,245,7
38508,534,8
38509,NULL,1
38510,NULL,10
38511,499,10
38512,NULL,1
38513,431,1
38514,NULL,1
38515,550,21
38516,NULL,1
38517,542,1
38518,430,9
38519,430,1
38520,NULL,1
38521,431,1
38522,391,4
38523,391,4
38524,NULL,10
38525,542,1
38526,430,10
38527,250,10
38528,430,10
38529,206,23
38530,430,9
38531,391,4
38532,430,9
38533,NULL,10
38534,54,9
38535,NULL,1
38536,430,10
38537,NULL,10
38538,430,10
38539,430,9
38540,NULL,1
38541,430,10
38542,391,4
38543,NULL,1
38544,NULL,1
38545,318,1
38546,NULL,1
38547,NULL,1
38548,430,10
38549,70,15
38550,431,10
38551,250,10
38552,267,2
38553,318,1
38554,391,4
38555,121,11
38556,NULL,1
38557,430,9
38558,245,7
38559,499,10
38560,267,2
38561,121,11
38562,542,1
38563,270,10
38564,399,21
38565,430,10
38566,430,9
38567,NULL,1
38568,550,1
38569,391,4
38570,550,21
38571,NULL,1
38572,430,10
38573,NULL,1
38574,70,7
38575,NULL,1
38576,267,2
38577,318,1
38578,431,1
38579,NULL,1
38580,270,10
38581,NULL,1
38582,NULL,1
38583,430,9
38584,NULL,13
38585,551,1
38586,499,10
38587,NULL,1
38588,NULL,10
38589,267,2
38590,513,10
38591,NULL,17
38592,NULL,10
38593,70,22
38594,NULL,1
38595,250,1
38596,70,13
38597,NULL,1
38598,550,8
38599,121,11
38600,NULL,11
38601,430,10
38602,NULL,1
38603,70,7
38604,430,10
38605,499,10
38606,NULL,1
38607,NULL,1
38608,430,1
38609,70,15
38610,430,10
38611,430,9
38612,430,9
38613,NULL,1
38614,NULL,1
38615,NULL,1
38616,430,1
38617,NULL,1
38618,391,4
38619,NULL,1
38620,250,10
38621,430,10
38622,499,10
38623,550,1
38624,549,8
38625,NULL,1
38626,391,4
38627,250,10
38628,NULL,1
38629,430,8
38630,NULL,1
38631,NULL,1
38632,NULL,1
38633,391,4
38634,NULL,1
38635,499,10
38636,NULL,1
38637,542,1
38638,NULL,1
38639,430,10
38640,270,10
38641,NULL,1
38642,NULL,1
38643,499,10
38644,121,11
38645,NULL,1
38646,430,9
38647,NULL,1
38648,391,4
38649,431,1
38650,NULL,1
38651,430,10
38652,121,11
38653,NULL,1
38654,NULL,1
38655,318,1
38656,250,1
38657,NULL,1
38658,NULL,1
38659,NULL,1
38660,431,10
38661,NULL,1
38662,NULL,1
38663,430,9
38664,430,9
38665,430,9
38666,NULL,1
38667,391,4
38668,431,1
38669,NULL,1
38670,430,10
38671,430,9
38672,NULL,1
38673,430,9
38674,245,7
38675,430,9
38676,70,7
38677,250,10
38678,391,4
38679,430,9
38680,492,1
38681,70,15
38682,NULL,1
38683,534,9
38684,430,9
38685,250,10
38686,NULL,1
38687,391,4
38688,NULL,1
38689,121,11
38690,391,4
38691,391,4
38692,499,10
38693,NULL,1
38694,250,10
38695,534,9
38696,499,10
38697,391,4
38698,NULL,4
38699,391,4
38700,499,10
38701,NULL,1
38702,391,4
38703,NULL,1
38704,NULL,1
38705,511,9
38706,NULL,1
38707,NULL,1
38708,NULL,1
38709,NULL,1
38710,NULL,1
38711,534,8
38712,NULL,1
38713,430,9
38714,NULL,4
38715,NULL,1
38716,NULL,1
38717,NULL,1
38718,391,4
38719,430,8
38720,430,9
38721,550,1
38722,391,4
38723,121,11
38724,270,10
38725,125,1
38726,391,4
38727,NULL,1
38728,534,9
38729,NULL,1
38730,70,22
38731,267,11
38732,550,21
38733,NULL,3
38734,NULL,1
38735,NULL,1
38736,54,9
38737,391,10
38738,NULL,1
38739,430,8
38740,70,15
38741,NULL,4
38742,542,1
38743,70,15
38744,NULL,1
38745,245,7
38746,430,9
38747,NULL,1
38748,499,10
38749,NULL,4
38750,NULL,1
38751,534,9
38752,430,1
38753,431,10
38754,NULL,1
38755,NULL,1
38756,550,21
38757,430,9
38758,NULL,1
38759,NULL,1
38760,464,21
38761,430,8
38762,549,1
38763,430,10
38764,NULL,1
38765,NULL,1
38766,270,1
38767,NULL,1
38768,430,10
38769,70,15
38770,NULL,1
38771,NULL,1
38772,267,2
38773,430,9
38774,430,10
38775,70,15
38776,NULL,1
38777,70,15
38778,250,10
38779,430,9
38780,70,22
38781,430,10
38782,430,10
38783,NULL,1
38784,NULL,1
38785,430,10
38786,NULL,10
38787,344,1
38788,430,10
38789,NULL,1
38790,270,10
38791,NULL,10
38792,430,10
38793,430,10
38794,NULL,1
38795,530,9
38796,391,4
38797,250,10
38798,391,4
38799,NULL,1
38800,NULL,1
38801,NULL,1
38802,NULL,1
38803,250,10
38804,NULL,1
38805,430,9
38806,430,9
38807,NULL,1
38808,267,2
38809,250,10
38810,430,10
38811,430,9
38812,NULL,1
38813,250,10
38814,NULL,1
38815,431,10
38816,NULL,1
38817,NULL,1
38818,430,8
38819,431,10
38820,NULL,1
38821,431,10
38822,NULL,1
38823,391,4
38824,250,10
38825,430,9
38826,NULL,1
38827,431,10
38828,NULL,1
38829,431,10
38830,499,10
38831,391,4
38832,NULL,1
38833,NULL,1
38834,492,1
38835,391,4
38836,250,10
38837,430,8
38838,NULL,1
38839,430,9
38840,NULL,1
38841,250,10
38842,NULL,1
38843,NULL,1
38844,499,10
38845,70,15
38846,550,1
38847,NULL,1
38848,NULL,1
38849,430,10
38850,499,10
38851,534,8
38852,550,1
38853,250,10
38854,430,9
38855,NULL,1
38856,431,10
38857,430,1
38858,NULL,1
38859,430,9
38860,449,9
38861,NULL,1
38862,NULL,1
38863,430,1
38864,430,8
38865,245,7
38866,391,1
38867,250,10
38868,NULL,1
38869,140,1
38870,NULL,1
38871,121,11
38872,270,10
38873,430,10
38874,NULL,1
38875,430,1
38876,NULL,1
38877,270,10
38878,430,10
38879,NULL,1
38880,NULL,1
38881,54,9
38882,499,10
38883,NULL,1
38884,391,1
38885,430,9
38886,NULL,1
38887,430,9
38888,430,10
38889,121,11
38890,449,9
38891,511,1
38892,NULL,21
38893,430,9
38894,430,10
38895,431,10
38896,430,8
38897,NULL,1
38898,250,10
38899,70,15
38900,430,9
38901,NULL,1
38902,430,1
38903,NULL,1
38904,499,10
38905,534,8
38906,430,9
38907,430,9
38908,NULL,1
38909,NULL,1
38910,550,8
38911,431,10
38912,430,9
38913,267,11
38914,NULL,1
38915,550,3
38916,NULL,1
38917,430,9
38918,NULL,1
38919,NULL,1
38920,464,21
38921,430,9
38922,NULL,1
38923,430,9
38924,430,10
38925,464,21
38926,430,9
38927,NULL,1
38928,511,1
38929,430,9
38930,250,10
38931,NULL,1
38932,NULL,1
38933,391,4
38934,431,1
38935,430,10
38936,NULL,1
38937,NULL,1
38938,431,1
38939,430,8
38940,NULL,1
38941,430,9
38942,250,10
38943,NULL,1
38944,NULL,1
38945,430,9
38946,391,4
38947,NULL,1
38948,550,1
38949,391,4
38950,267,11
38951,430,9
38952,270,10
38953,391,4
38954,534,9
38955,430,8
38956,431,10
38957,250,10
38958,NULL,1
38959,430,9
38960,499,10
38961,NULL,1
38962,NULL,14
38963,NULL,1
38964,430,10
38965,121,11
38966,430,9
38967,430,10
38968,NULL,1
38969,431,10
38970,430,10
38971,430,10
38972,250,10
38973,121,16
38974,NULL,1
38975,NULL,1
38976,70,15
38977,121,11
38978,250,10
38979,267,11
38980,430,9
38981,530,9
38982,430,10
38983,NULL,1
38984,250,10
38985,70,15
38986,NULL,1
38987,373,10
38988,NULL,1
38989,121,16
38990,270,10
38991,430,1
38992,NULL,1
38993,270,10
38994,430,9
38995,NULL,1
38996,430,10
38997,430,10
38998,NULL,1
38999,NULL,1
39000,499,10
39001,430,9
39002,430,9
39003,534,8
39004,430,8
39005,70,15
39006,542,1
39007,70,15
39008,430,9
39009,499,10
39010,430,9
39011,NULL,1
39012,430,9
39013,430,10
39014,430,9
39015,430,10
39016,70,22
39017,NULL,1
39018,NULL,1
39019,NULL,1
39020,NULL,1
39021,307,10
39022,70,13
39023,430,10
39024,NULL,1
39025,430,10
39026,NULL,1
39027,391,4
39028,NULL,1
39029,70,15
39030,499,10
39031,70,13
39032,391,4
39033,NULL,1
39034,391,4
39035,NULL,1
39036,499,10
39037,430,10
39038,430,9
39039,70,15
39040,NULL,1
39041,NULL,1
39042,430,10
39043,NULL,1
39044,534,8
39045,NULL,1
39046,534,8
39047,530,9
39048,534,8
39049,NULL,1
39050,430,8
39051,430,10
39052,499,10
39053,NULL,1
39054,70,15
39055,NULL,1
39056,245,7
39057,499,10
39058,NULL,1
39059,250,10
39060,NULL,1
39061,NULL,1
39062,NULL,1
39063,NULL,1
39064,NULL,1
39065,430,9
39066,NULL,1
39067,430,9
39068,NULL,1
39069,250,10
39070,511,1
39071,250,10
39072,250,10
39073,NULL,1
39074,499,10
39075,499,10
39076,391,4
39077,499,10
39078,270,10
39079,NULL,1
39080,NULL,1
39081,NULL,1
39082,NULL,1
39083,NULL,1
39084,NULL,1
39085,NULL,1
39086,NULL,1
39087,414,1
39088,399,1
39089,NULL,1
39090,NULL,1
39091,NULL,1
39092,NULL,1
39093,NULL,1
39094,NULL,1
39095,156,1
39096,NULL,1
39097,NULL,1
39098,534,1
39099,NULL,1
39100,NULL,1
39101,NULL,1
39102,NULL,1
39103,NULL,1
39104,NULL,1
39105,NULL,1
39106,513,10
39107,NULL,1
39108,NULL,1
39109,NULL,1
39110,NULL,1
39111,NULL,1
39112,70,14
39113,NULL,1
39114,NULL,1
39115,NULL,1
39116,121,16
39117,121,16
39118,121,16
39119,121,16
39120,121,16
39121,121,16
39122,121,16
39123,121,16
39124,121,16
39125,NULL,1
39126,NULL,10
39127,NULL,1
39128,NULL,1
39129,NULL,1
39130,NULL,1
39131,391,10
39132,NULL,1
39133,399,1
39134,NULL,1
39135,NULL,1
39136,NULL,1
39137,391,10
39138,NULL,1
39139,391,10
39140,NULL,1
39141,NULL,1
39142,391,10
39143,NULL,1
39144,NULL,1
39145,NULL,1
39146,NULL,1
39147,NULL,1
39148,NULL,1
39149,NULL,1
39150,391,10
39151,187,1
39152,NULL,10
