Species Name,Family,Genus,Local Status,Fire Traits
Capillipedium spicigerum,,,,"{'post_fire_recruitment': 'post_fire_recruitment (f)', 'resprouting_capacity': 'resprouts (1)', 'resprouting_capacity_non_fire_disturbance': 'resprouts_non_fire_disturbance (1)', 'resprouting_capacity_juvenile': 'juvenile_resprout (f)', 'resprouting_capacity_proportion_individuals': '1 (f)', 'fire_time_from_fire_to_flowering': '12 (f)'}"
Carpobrotus glaucescens,,,,{'resprouting_capacity': 'fire_killed (1)'}
Centipeda minima,,,,"{'post_fire_recruitment': 'post_fire_recruitment (f)', 'resprouting_capacity': 'fire_killed (3)', 'resprouting_capacity_non_fire_disturbance': 'resprouts_non_fire_disturbance (f)', 'resprouting_capacity_juvenile': 'juvenile_fire_killed (f)', 'fire_time_from_fire_to_flowering': '12 (f)'}"
Chiloglottis diphylla,,,,"{'post_fire_recruitment': 'post_fire_recruitment_absent (f)', 'post_fire_flowering': 'fire_enhanced_flowering (f)', 'resprouting_capacity': 'resprouts (f)', 'resprouting_capacity_non_fire_disturbance': 'resprouts_non_fire_disturbance (f)', 'resprouting_capacity_juvenile': 'juvenile_resprout (f)', 'fire_time_from_fire_to_flowering': '12 (f)'}"
Chiloglottis formicifera,,,,"{'post_fire_recruitment': 'post_fire_recruitment_absent (f)', 'post_fire_flowering': 'fire_enhanced_flowering (f)', 'resprouting_capacity': 'resprouts (f)', 'resprouting_capacity_non_fire_disturbance': 'resprouts_non_fire_disturbance (f)', 'resprouting_capacity_juvenile': 'juvenile_resprout (f)', 'fire_time_from_fire_to_flowering': '12 (f)'}"
Comesperma sphaerocarpum,,,,"{'resprouting_capacity': 'resprouts (4)', 'resprouting_capacity_non_fire_disturbance': 'resprouts_non_fire_disturbance (1)', 'fire_time_from_fire_to_flowering': '12.093023255814 (1); 3.6 (1); 3.72093023255814 (1); 4.8 (1)', 'fire_time_from_fire_to_fruiting': '3.72093023255814 (1)'}"
Conospermum longifolium,,,,"{'post_fire_recruitment': 'post_fire_recruitment (f)', 'resprouting_capacity': 'resprouts (V)', 'resprouting_capacity_non_fire_disturbance': 'resprouts_non_fire_disturbance (f)', 'fire_time_from_fire_to_flowering': '24 (1)'}"
Corybas fimbriatus,,,,"{'post_fire_recruitment': 'post_fire_recruitment_absent (f)', 'post_fire_flowering': 'fire_enhanced_flowering (f)', 'resprouting_capacity': 'resprouts (1)', 'resprouting_capacity_non_fire_disturbance': 'resprouts_non_fire_disturbance (1)', 'resprouting_capacity_juvenile': 'juvenile_resprout (f)', 'fire_time_from_fire_to_flowering': '12 (f)'}"
Cymbidium suave,,,,"{'post_fire_recruitment': 'post_fire_recruitment_absent (f)', 'post_fire_flowering': 'fire_enhanced_flowering (f)', 'resprouting_capacity': 'fire_killed (3); resprouts (3)', 'resprouting_capacity_non_fire_disturbance': 'resprouts_non_fire_disturbance (f)', 'resprouting_capacity_juvenile': 'juvenile_fire_killed (1)', 'fire_time_from_fire_to_flowering': '21.3953488372093 (1)'}"
Cyperus mirus,,,,"{'resprouting_capacity': 'resprouts (f)', 'resprouting_capacity_non_fire_disturbance': 'resprouts_non_fire_disturbance (f)', 'resprouting_capacity_juvenile': 'juvenile_fire_killed (f)'}"
Cyperus odoratus,,,,"{'resprouting_capacity': 'resprouts (f)', 'resprouting_capacity_non_fire_disturbance': 'resprouts_non_fire_disturbance (f)', 'resprouting_capacity_juvenile': 'juvenile_fire_killed (f)'}"
Cyperus platystylis,,,,"{'resprouting_capacity': 'fire_killed (2)', 'resprouting_capacity_non_fire_disturbance': 'resprouts_non_fire_disturbance (f)', 'resprouting_capacity_juvenile': 'juvenile_fire_killed (f)'}"
Daviesia squarrosa,,,,"{'post_fire_recruitment': 'post_fire_recruitment (f)', 'resprouting_capacity': 'fire_killed (1); partial_resprouting (1)', 'resprouting_capacity_non_fire_disturbance': 'resprouts_non_fire_disturbance (f)', 'resprouting_capacity_juvenile': 'juvenile_fire_killed (f)'}"
Dendrobium speciosum,,,,"{'post_fire_recruitment': 'post_fire_recruitment_absent (f)', 'post_fire_flowering': 'fire_enhanced_flowering (f)', 'resprouting_capacity': 'fire_killed (V)', 'resprouting_capacity_non_fire_disturbance': 'resprouts_non_fire_disturbance (2)', 'resprouting_capacity_juvenile': 'juvenile_resprout (f)', 'fire_time_from_fire_to_flowering': '12 (f)'}"
Dichelachne sieberiana,,,,"{'post_fire_recruitment': 'post_fire_recruitment (f)', 'resprouting_capacity': 'partial_resprouting (V)', 'resprouting_capacity_non_fire_disturbance': 'resprouts_non_fire_disturbance (f)', 'resprouting_capacity_juvenile': 'juvenile_resprout (f)', 'resprouting_capacity_proportion_individuals': '0 (3)', 'fire_time_from_fire_to_flowering': '12 (f)'}"
Digitaria diffusa,,,,"{'post_fire_recruitment': 'post_fire_recruitment (f)', 'resprouting_capacity': 'fire_killed (V)', 'resprouting_capacity_non_fire_disturbance': 'resprouts_non_fire_disturbance (1)', 'resprouting_capacity_juvenile': 'juvenile_resprout (f)', 'resprouting_capacity_proportion_individuals': '1 (f)', 'fire_time_from_fire_to_flowering': '12 (f)'}"
Dillwynia elegans,,,,"{'post_fire_recruitment': 'post_fire_recruitment (1)', 'resprouting_capacity': 'fire_killed (2)', 'resprouting_capacity_non_fire_disturbance': 'resprouts_non_fire_disturbance (f)', 'resprouting_capacity_juvenile': 'juvenile_fire_killed (f)'}"
Dillwynia phylicoides,,,,"{'post_fire_recruitment': 'post_fire_recruitment (V)', 'resprouting_capacity': 'fire_killed (V)', 'resprouting_capacity_non_fire_disturbance': 'resprouts_non_fire_disturbance (f)', 'resprouting_capacity_juvenile': 'juvenile_fire_killed (1)'}"
Dipodium roseum,,,,"{'post_fire_recruitment': 'post_fire_recruitment_absent (f)', 'post_fire_flowering': 'fire_enhanced_flowering (f)', 'resprouting_capacity': 'resprouts (4)', 'resprouting_capacity_non_fire_disturbance': 'resprouts_non_fire_disturbance (2)', 'resprouting_capacity_juvenile': 'juvenile_resprout (1)', 'fire_time_from_fire_to_flowering': '23.4883720930233 (1)'}"
Dysphania carinata,,,,{'resprouting_capacity': 'fire_killed (1)'}
Dysphania pumilio,,,,{'resprouting_capacity': 'fire_killed (2)'}
Eragrostis elongata,,,,"{'post_fire_recruitment': 'post_fire_recruitment (f)', 'resprouting_capacity': 'fire_killed (1)', 'resprouting_capacity_non_fire_disturbance': 'resprouts_non_fire_disturbance (f)', 'resprouting_capacity_juvenile': 'juvenile_resprout (f)', 'resprouting_capacity_proportion_individuals': '1 (f)', 'fire_time_from_fire_to_flowering': '12 (f)'}"
Erythrorchis cassythoides,,,,"{'post_fire_recruitment': 'post_fire_recruitment_absent (f)', 'post_fire_flowering': 'fire_enhanced_flowering (f)', 'resprouting_capacity': 'resprouts (f)', 'resprouting_capacity_non_fire_disturbance': 'resprouts_non_fire_disturbance (f)', 'resprouting_capacity_juvenile': 'juvenile_resprout (f)', 'fire_time_from_fire_to_flowering': '12 (f)'}"
Ficus coronata,,,,"{'post_fire_recruitment': 'post_fire_recruitment_absent (1)', 'resprouting_capacity': 'resprouts (4)', 'resprouting_capacity_non_fire_disturbance': 'resprouts_non_fire_disturbance (1)'}"
Galium liratum,,,,{'resprouting_capacity': 'fire_killed (2)'}
Gompholobium inconspicuum,,,,"{'post_fire_recruitment': 'post_fire_recruitment (1)', 'resprouting_capacity': 'fire_killed (V)', 'resprouting_capacity_non_fire_disturbance': 'resprouts_non_fire_disturbance (2)', 'resprouting_capacity_juvenile': 'juvenile_fire_killed (f)'}"
Gonocarpus micranthus,,,,"{'post_fire_recruitment': 'post_fire_recruitment (1)', 'resprouting_capacity': 'resprouts (V)', 'resprouting_capacity_non_fire_disturbance': 'resprouts_non_fire_disturbance (1)', 'resprouting_capacity_juvenile': 'juvenile_fire_killed (1)'}"
Hemarthria uncinata,,,,"{'post_fire_recruitment': 'post_fire_recruitment (f)', 'resprouting_capacity': 'partial_resprouting (V)', 'resprouting_capacity_non_fire_disturbance': 'resprouts_non_fire_disturbance (1)', 'resprouting_capacity_juvenile': 'juvenile_resprout (1)', 'resprouting_capacity_proportion_individuals': '1 (3)', 'fire_time_from_fire_to_flowering': '2.55813953488372 (1)'}"
Eucalyptus camaldulensis,,,,"{'post_fire_recruitment': 'post_fire_recruitment (4)', 'resprouting_capacity': 'resprouts (V)', 'resprouting_capacity_non_fire_disturbance': 'resprouts_non_fire_disturbance (f)', 'resprouting_capacity_juvenile': 'juvenile_fire_killed (1)'}"
Hydrocotyle acutiloba,,,,"{'resprouting_capacity': 'resprouts (2)', 'resprouting_capacity_non_fire_disturbance': 'resprouts_non_fire_disturbance (1)'}"
Hydrocotyle tripartita,,,,"{'resprouting_capacity': 'resprouts (V)', 'resprouting_capacity_non_fire_disturbance': 'resprouts_non_fire_disturbance (1)', 'resprouting_capacity_juvenile': 'juvenile_fire_killed (1)'}"
Juncus aridicola,,,,"{'resprouting_capacity': 'resprouts (1)', 'resprouting_capacity_non_fire_disturbance': 'resprouts_non_fire_disturbance (1)'}"
Juncus flavidus,,,,"{'resprouting_capacity': 'resprouts (2)', 'resprouting_capacity_non_fire_disturbance': 'resprouts_non_fire_disturbance (1)', 'resprouting_capacity_juvenile': 'juvenile_resprout (1)'}"
Juncus planifolius,,,,"{'post_fire_recruitment': 'post_fire_recruitment (1)', 'resprouting_capacity': 'fire_killed (2); resprouts (2)', 'resprouting_capacity_non_fire_disturbance': 'resprouts_non_fire_disturbance (g)', 'resprouting_capacity_juvenile': 'juvenile_fire_killed (1)', 'fire_time_from_fire_to_flowering': '12 (1); 24 (1)', 'fire_time_from_fire_to_fruiting': '9.30232558139535 (1)'}"
Leptospermum grandifolium,,,,"{'post_fire_recruitment': 'post_fire_recruitment (2)', 'resprouting_capacity': 'resprouts (V)', 'resprouting_capacity_non_fire_disturbance': 'resprouts_non_fire_disturbance (f)', 'resprouting_capacity_juvenile': 'juvenile_fire_killed (1)', 'fire_time_from_fire_to_flowering': '36 (1)'}"
Lomandra hystrix,,,,"{'resprouting_capacity': 'resprouts (g)', 'resprouting_capacity_non_fire_disturbance': 'resprouts_non_fire_disturbance (f)'}"
Lythrum hyssopifolia,,,,"{'post_fire_recruitment': 'post_fire_recruitment (1)', 'resprouting_capacity': 'fire_killed (3)'}"
Melaleuca armillaris,,,,"{'post_fire_recruitment': 'post_fire_recruitment (f)', 'resprouting_capacity': 'resprouts (1)', 'resprouting_capacity_non_fire_disturbance': 'resprouts_non_fire_disturbance (f)', 'resprouting_capacity_juvenile': 'juvenile_fire_killed (f)', 'resprouting_capacity_proportion_individuals': '0 (1); 0.00279069767 (1); 0.14 (1); 0.279069767 (1); 0.31 (1); 0.63 (1)'}"
Melaleuca hypericifolia,,,,"{'post_fire_recruitment': 'post_fire_recruitment (f)', 'resprouting_capacity': 'partial_resprouting (V)', 'resprouting_capacity_non_fire_disturbance': 'resprouts_non_fire_disturbance (1)', 'resprouting_capacity_juvenile': 'juvenile_fire_killed (f)'}"
Mentha satureioides,,,,"{'post_fire_recruitment': 'post_fire_recruitment (1)', 'resprouting_capacity': 'resprouts (2)', 'resprouting_capacity_non_fire_disturbance': 'resprouts_non_fire_disturbance (1)'}"
Microtis parviflora,,,,"{'post_fire_recruitment': 'post_fire_recruitment_absent (1)', 'post_fire_flowering': 'fire_enhanced_flowering (f)', 'resprouting_capacity': 'resprouts (4)', 'resprouting_capacity_non_fire_disturbance': 'resprouts_non_fire_disturbance (1)', 'resprouting_capacity_juvenile': 'juvenile_resprout (1)', 'fire_time_from_fire_to_flowering': '12 (2)'}"
Mirbelia speciosa,,,,"{'post_fire_recruitment': 'post_fire_recruitment (1)', 'resprouting_capacity': 'fire_killed (1)', 'resprouting_capacity_non_fire_disturbance': 'resprouts_non_fire_disturbance (f)', 'resprouting_capacity_juvenile': 'juvenile_fire_killed (f)'}"
Myriophyllum variifolium,,,,"{'resprouting_capacity': 'resprouts (1)', 'resprouting_capacity_non_fire_disturbance': 'resprouts_non_fire_disturbance (1)'}"
Paspalidium caespitosum,,,,"{'post_fire_recruitment': 'post_fire_recruitment (f)', 'resprouting_capacity': 'resprouts (1)', 'resprouting_capacity_non_fire_disturbance': 'resprouts_non_fire_disturbance (1)', 'resprouting_capacity_juvenile': 'juvenile_resprout (f)', 'resprouting_capacity_proportion_individuals': '1 (f)', 'fire_time_from_fire_to_flowering': '12 (f)'}"
Pelargonium australe,,,,"{'post_fire_recruitment': 'post_fire_recruitment (2)', 'resprouting_capacity': 'fire_killed (V)', 'resprouting_capacity_juvenile': 'juvenile_fire_killed (1)', 'fire_time_from_fire_to_flowering': '12 (1); 6 (1)'}"
Petrophile pulchella,,,,"{'post_fire_recruitment': 'post_fire_recruitment (1)', 'resprouting_capacity': 'fire_killed (V)', 'resprouting_capacity_non_fire_disturbance': 'resprouts_non_fire_disturbance (f)', 'fire_time_from_fire_to_flowering': '36.2790697674419 (1); 60.4651162790698 (1)', 'fire_time_from_fire_to_fruiting': '44.4186046511628 (1)'}"
Philotheca hispidula,,,,"{'post_fire_recruitment': 'post_fire_recruitment (f)', 'resprouting_capacity': 'fire_killed (1); partial_resprouting (1)'}"
Pomaderris elliptica,,,,"{'resprouting_capacity': 'fire_killed (3)', 'fire_time_from_fire_to_flowering': '45.3488372093023 (1)'}"
Potamogeton sulcatus,,,,"{'resprouting_capacity': 'resprouts (1)', 'resprouting_capacity_non_fire_disturbance': 'resprouts_non_fire_disturbance (1)'}"
Pterostylis bicolor,,,,"{'post_fire_recruitment': 'post_fire_recruitment_absent (f)', 'post_fire_flowering': 'fire_enhanced_flowering (f)', 'resprouting_capacity': 'resprouts (3)', 'resprouting_capacity_non_fire_disturbance': 'resprouts_non_fire_disturbance (1)', 'resprouting_capacity_juvenile': 'juvenile_resprout (1)', 'fire_time_from_fire_to_flowering': '12 (f)'}"
Pterostylis curta,,,,"{'post_fire_recruitment': 'post_fire_recruitment_absent (f)', 'post_fire_flowering': 'fire_enhanced_flowering (f)', 'resprouting_capacity': 'resprouts (3)', 'resprouting_capacity_non_fire_disturbance': 'resprouts_non_fire_disturbance (1)', 'resprouting_capacity_juvenile': 'juvenile_resprout (1)', 'fire_time_from_fire_to_flowering': '12 (f)'}"
Pterostylis oblonga,,,,"{'post_fire_recruitment': 'post_fire_recruitment_absent (f)', 'post_fire_flowering': 'fire_enhanced_flowering (f)', 'resprouting_capacity': 'resprouts (g)', 'resprouting_capacity_non_fire_disturbance': 'resprouts_non_fire_disturbance (g)', 'resprouting_capacity_juvenile': 'juvenile_resprout (f)', 'fire_time_from_fire_to_flowering': '12 (f)'}"
Pterostylis pedunculata,,,,"{'post_fire_recruitment': 'post_fire_recruitment_absent (f)', 'post_fire_flowering': 'fire_enhanced_flowering (f)', 'resprouting_capacity': 'resprouts (3)', 'resprouting_capacity_non_fire_disturbance': 'resprouts_non_fire_disturbance (1)', 'resprouting_capacity_juvenile': 'juvenile_resprout (1)', 'fire_time_from_fire_to_flowering': '12 (f)'}"
Pterostylis truncata,,,,"{'post_fire_recruitment': 'post_fire_recruitment (1)', 'post_fire_flowering': 'fire_enhanced_flowering (f)', 'resprouting_capacity': 'resprouts (2)', 'resprouting_capacity_non_fire_disturbance': 'resprouts_non_fire_disturbance (1)', 'resprouting_capacity_juvenile': 'juvenile_resprout (f)', 'fire_time_from_fire_to_flowering': '12 (f)'}"
Pultenaea paleacea,,,,"{'post_fire_recruitment': 'post_fire_recruitment (f)', 'resprouting_capacity': 'fire_killed (3)', 'resprouting_capacity_non_fire_disturbance': 'resprouts_non_fire_disturbance (f)', 'resprouting_capacity_juvenile': 'juvenile_fire_killed (f)'}"
Pultenaea scabra,,,,"{'post_fire_recruitment': 'post_fire_recruitment (1)', 'resprouting_capacity': 'fire_killed (7)', 'resprouting_capacity_non_fire_disturbance': 'resprouts_non_fire_disturbance (f)', 'resprouting_capacity_juvenile': 'juvenile_fire_killed (1)'}"
Ranunculus lappaceus,,,,"{'post_fire_recruitment': 'post_fire_recruitment (1)', 'resprouting_capacity': 'fire_killed (V)', 'resprouting_capacity_non_fire_disturbance': 'resprouts_non_fire_disturbance (1)'}"
Senecio tenuiflorus,,,,"{'post_fire_recruitment': 'post_fire_recruitment (1)', 'resprouting_capacity': 'fire_killed (3)', 'resprouting_capacity_non_fire_disturbance': 'resprouts_non_fire_disturbance (f)', 'resprouting_capacity_juvenile': 'juvenile_fire_killed (f)', 'fire_time_from_fire_to_flowering': '12 (f)'}"
Senna clavigera,,,,"{'post_fire_recruitment': 'post_fire_recruitment (f)', 'resprouting_capacity': 'fire_killed (f)', 'resprouting_capacity_non_fire_disturbance': 'resprouts_non_fire_disturbance (f)', 'resprouting_capacity_juvenile': 'juvenile_fire_killed (f)'}"
Sigesbeckia orientalis,,,,"{'post_fire_recruitment': 'post_fire_recruitment (2)', 'resprouting_capacity': 'fire_killed (6)', 'resprouting_capacity_non_fire_disturbance': 'resprouts_non_fire_disturbance (f)', 'resprouting_capacity_juvenile': 'juvenile_fire_killed (1)', 'fire_time_from_fire_to_flowering': '2.55813953488372 (1); 3.72093023255814 (1)', 'fire_time_from_fire_to_fruiting': '3.72093023255814 (1)'}"
Sphaeromorphaea australis,,,,"{'post_fire_recruitment': 'post_fire_recruitment (f)', 'resprouting_capacity': 'fire_killed (1)', 'resprouting_capacity_non_fire_disturbance': 'resprouts_non_fire_disturbance (f)', 'resprouting_capacity_juvenile': 'juvenile_fire_killed (f)', 'fire_time_from_fire_to_flowering': '12 (f)'}"
Stylidium laricifolium,,,,"{'resprouting_capacity': 'fire_killed (1); resprouts (1)', 'resprouting_capacity_non_fire_disturbance': 'resprouts_non_fire_disturbance (1)'}"
Stylidium productum,,,,"{'resprouting_capacity': 'resprouts (3)', 'fire_time_from_fire_to_flowering': '22.5581395348837 (1); 24 (1); 24.1860465116279 (1); 36 (1); 36.2790697674419 (1)', 'fire_time_from_fire_to_fruiting': '23.4883720930233 (1)'}"
Styphelia triflora,,,,"{'post_fire_recruitment': 'post_fire_recruitment (V)', 'resprouting_capacity': 'fire_killed (4)', 'fire_time_from_fire_to_flowering': '36.2790697674419 (1)', 'fire_time_from_fire_to_fruiting': '34.6511627906977 (1)'}"
Styphelia viridis,,,,"{'post_fire_recruitment': 'post_fire_recruitment (1)', 'resprouting_capacity': 'fire_killed (2)'}"
Thelymitra ixioides,,,,"{'post_fire_recruitment': 'post_fire_recruitment_absent (f)', 'post_fire_flowering': 'fire_enhanced_flowering (f)', 'resprouting_capacity': 'resprouts (5)', 'resprouting_capacity_non_fire_disturbance': 'resprouts_non_fire_disturbance (2)', 'resprouting_capacity_juvenile': 'juvenile_resprout (1)', 'fire_time_from_fire_to_flowering': '7.2093023255814 (1)', 'fire_time_from_fire_to_fruiting': '10 (1)'}"
Thysanotus tuberosus,,,,"{'post_fire_recruitment': 'post_fire_recruitment_absent (1)', 'resprouting_capacity': 'resprouts (3)', 'resprouting_capacity_non_fire_disturbance': 'resprouts_non_fire_disturbance (1)', 'fire_time_from_fire_to_flowering': '10.6976744186047 (1); 12 (1)'}"
Vittadinia pustulata,,,,"{'post_fire_recruitment': 'post_fire_recruitment (f)', 'resprouting_capacity': 'fire_killed (1)', 'resprouting_capacity_non_fire_disturbance': 'resprouts_non_fire_disturbance (f)', 'resprouting_capacity_juvenile': 'juvenile_fire_killed (f)', 'fire_time_from_fire_to_flowering': '12 (f)'}"
Wurmbea dioica,,,,"{'post_fire_recruitment': 'post_fire_recruitment (1)', 'resprouting_capacity': 'resprouts (4)', 'resprouting_capacity_non_fire_disturbance': 'resprouts_non_fire_disturbance (2)', 'resprouting_capacity_juvenile': 'juvenile_resprout (1)'}"
Acacia baileyana,,,,"{'post_fire_recruitment': 'post_fire_recruitment (2)', 'resprouting_capacity': 'fire_killed (5)', 'resprouting_capacity_non_fire_disturbance': 'resprouts_non_fire_disturbance (f)', 'resprouting_capacity_juvenile': 'juvenile_fire_killed (1)', 'fire_time_from_fire_to_flowering': '31.3953488372093 (1); 36.2790697674419 (1); 48.3720930232558 (1)', 'fire_time_from_fire_to_fruiting': '46.046511627907 (1)'}"
Acacia binervia,,,,"{'post_fire_recruitment': 'post_fire_recruitment (g)', 'resprouting_capacity': 'fire_killed (4)', 'resprouting_capacity_non_fire_disturbance': 'resprouts_non_fire_disturbance (f)', 'resprouting_capacity_juvenile': 'juvenile_fire_killed (g)', 'fire_time_from_fire_to_flowering': '33.0232558139535 (1); 36.2790697674419 (1); 48.3720930232558 (1)', 'fire_time_from_fire_to_fruiting': '46.046511627907 (1)'}"
Acacia brownii,,,,"{'post_fire_recruitment': 'post_fire_recruitment (1)', 'resprouting_capacity': 'fire_killed (V)', 'resprouting_capacity_non_fire_disturbance': 'resprouts_non_fire_disturbance (f)', 'resprouting_capacity_juvenile': 'juvenile_fire_killed (g)'}"
Acacia decurrens,,,,"{'post_fire_recruitment': 'post_fire_recruitment (2)', 'resprouting_capacity': 'fire_killed (V)', 'resprouting_capacity_non_fire_disturbance': 'resprouts_non_fire_disturbance (f)', 'resprouting_capacity_juvenile': 'juvenile_fire_killed (1)'}"
Acacia echinula,,,,"{'post_fire_recruitment': 'post_fire_recruitment (g)', 'resprouting_capacity': 'fire_killed (3)', 'resprouting_capacity_non_fire_disturbance': 'resprouts_non_fire_disturbance (f)', 'resprouting_capacity_juvenile': 'juvenile_fire_killed (g)', 'fire_time_from_fire_to_flowering': '43.2558139534884 (1)'}"
Acacia falcata,,,,"{'post_fire_recruitment': 'post_fire_recruitment (1)', 'resprouting_capacity': 'fire_killed (4)', 'resprouting_capacity_non_fire_disturbance': 'resprouts_non_fire_disturbance (f)', 'resprouting_capacity_juvenile': 'juvenile_fire_killed (g)', 'fire_time_from_fire_to_flowering': '24.1860465116279 (1); 36.2790697674419 (1)', 'fire_time_from_fire_to_fruiting': '20.9302325581395 (1)'}"
Acacia fimbriata,,,,"{'post_fire_recruitment': 'post_fire_recruitment (1); post_fire_recruitment_absent (1)', 'resprouting_capacity': 'fire_killed (3)', 'resprouting_capacity_non_fire_disturbance': 'resprouts_non_fire_disturbance (f)', 'resprouting_capacity_juvenile': 'juvenile_fire_killed (1)'}"
Acacia floribunda,,,,"{'post_fire_recruitment': 'post_fire_recruitment (3)', 'resprouting_capacity': 'resprouts (V)', 'resprouting_capacity_non_fire_disturbance': 'resprouts_non_fire_disturbance (f)', 'resprouting_capacity_juvenile': 'juvenile_fire_killed (1)', 'fire_time_from_fire_to_flowering': '30 (1); 31.3953488372093 (1)'}"
Acacia genistifolia,,,,"{'post_fire_recruitment': 'post_fire_recruitment (2)', 'resprouting_capacity': 'fire_killed (5)', 'resprouting_capacity_non_fire_disturbance': 'resprouts_non_fire_disturbance (f)', 'resprouting_capacity_juvenile': 'juvenile_fire_killed (g)', 'fire_time_from_fire_to_flowering': '36 (1)'}"
Acacia implexa,,,,"{'post_fire_recruitment': 'post_fire_recruitment (2)', 'resprouting_capacity': 'resprouts (V)', 'resprouting_capacity_non_fire_disturbance': 'resprouts_non_fire_disturbance (1)', 'resprouting_capacity_juvenile': 'juvenile_fire_killed (1)'}"
Acacia linifolia,,,,"{'post_fire_recruitment': 'post_fire_recruitment (1)', 'resprouting_capacity': 'fire_killed (4)', 'resprouting_capacity_non_fire_disturbance': 'resprouts_non_fire_disturbance (f)', 'resprouting_capacity_juvenile': 'juvenile_fire_killed (g)', 'fire_time_from_fire_to_flowering': '13.0232558139535 (1); 24.1860465116279 (1); 36.2790697674419 (1)', 'fire_time_from_fire_to_fruiting': '22.5581395348837 (1)'}"
Acacia longifolia,,,,"{'post_fire_recruitment': 'post_fire_recruitment (3)', 'resprouting_capacity': 'fire_killed (5)', 'resprouting_capacity_non_fire_disturbance': 'resprouts_non_fire_disturbance (f)', 'resprouting_capacity_juvenile': 'juvenile_fire_killed (1)'}"
Acacia maidenii,,,,"{'post_fire_recruitment': 'post_fire_recruitment (3)', 'resprouting_capacity': 'resprouts (V)', 'resprouting_capacity_non_fire_disturbance': 'resprouts_non_fire_disturbance (1)', 'resprouting_capacity_juvenile': 'juvenile_fire_killed (g)'}"
Acacia mearnsii,,,,"{'post_fire_recruitment': 'post_fire_recruitment (3)', 'resprouting_capacity': 'fire_killed (V); resprouts (V)', 'resprouting_capacity_non_fire_disturbance': 'resprouts_non_fire_disturbance (f)', 'resprouting_capacity_juvenile': 'juvenile_fire_killed (1)'}"
Acacia myrtifolia,,,,"{'post_fire_recruitment': 'post_fire_recruitment (4)', 'resprouting_capacity': 'fire_killed (V)', 'resprouting_capacity_non_fire_disturbance': 'resprouts_non_fire_disturbance (f)', 'resprouting_capacity_juvenile': 'juvenile_fire_killed (1)', 'fire_time_from_fire_to_flowering': '21 (1); 30.4651162790698 (1); 36.2790697674419 (1)', 'fire_time_from_fire_to_fruiting': '34.6511627906977 (1)', 'fire_time_from_fire_to_flowering_decline': '72 (1)', 'fire_time_from_fire_to_peak_flowering': '48 (1)'}"
Acacia parramattensis,,,,"{'post_fire_recruitment': 'post_fire_recruitment (1)', 'resprouting_capacity': 'fire_killed (4)', 'resprouting_capacity_non_fire_disturbance': 'resprouts_non_fire_disturbance (f)', 'resprouting_capacity_juvenile': 'juvenile_fire_killed (g)'}"
Acacia parvipinnula,,,,"{'post_fire_recruitment': 'post_fire_recruitment (g)', 'resprouting_capacity': 'fire_killed (3)', 'resprouting_capacity_non_fire_disturbance': 'resprouts_non_fire_disturbance (f)', 'resprouting_capacity_juvenile': 'juvenile_fire_killed (g)', 'fire_time_from_fire_to_flowering': '31.3953488372093 (1)'}"
Acacia stricta,,,,"{'post_fire_recruitment': 'post_fire_recruitment (2)', 'resprouting_capacity': 'fire_killed (V)', 'resprouting_capacity_non_fire_disturbance': 'resprouts_non_fire_disturbance (f)', 'resprouting_capacity_juvenile': 'juvenile_fire_killed (1)'}"
Acacia suaveolens,,,,"{'post_fire_recruitment': 'post_fire_recruitment (2)', 'resprouting_capacity': 'fire_killed (V)', 'resprouting_capacity_non_fire_disturbance': 'resprouts_non_fire_disturbance (f)', 'resprouting_capacity_juvenile': 'juvenile_fire_killed (1)', 'fire_time_from_fire_to_flowering': '16.5116279069767 (1); 24.1860465116279 (1)', 'fire_time_from_fire_to_fruiting': '22.5581395348837 (1)', 'fire_time_from_fire_to_peak_flowering': '24 (1); 48 (1)'}"
Acacia prominens,,,,"{'post_fire_recruitment': 'post_fire_recruitment (1)', 'resprouting_capacity': 'fire_killed (2)', 'resprouting_capacity_non_fire_disturbance': 'resprouts_non_fire_disturbance (f)', 'resprouting_capacity_juvenile': 'juvenile_fire_killed (g)'}"
Acacia ulicifolia,,,,"{'post_fire_recruitment': 'post_fire_recruitment (3)', 'resprouting_capacity': 'fire_killed (V)', 'resprouting_capacity_non_fire_disturbance': 'resprouts_non_fire_disturbance (f)', 'resprouting_capacity_juvenile': 'juvenile_fire_killed (1)', 'fire_time_from_fire_to_flowering': '15.5813953488372 (1); 24.1860465116279 (1); 36.2790697674419 (1)', 'fire_time_from_fire_to_fruiting': '23.4883720930233 (1)', 'fire_time_from_fire_to_peak_flowering': '36 (1); 60 (1)'}"
Acianthus caudatus,,,,"{'post_fire_recruitment': 'post_fire_recruitment_absent (1)', 'post_fire_flowering': 'fire_enhanced_flowering (1)', 'resprouting_capacity': 'resprouts (4)', 'resprouting_capacity_non_fire_disturbance': 'resprouts_non_fire_disturbance (1)', 'resprouting_capacity_juvenile': 'juvenile_resprout (1)', 'fire_time_from_fire_to_flowering': '12 (1); 6.51162790697674 (1)', 'fire_time_from_fire_to_fruiting': '8.83720930232558 (1)'}"
Acianthus fornicatus,,,,"{'post_fire_recruitment': 'post_fire_recruitment_absent (f)', 'post_fire_flowering': 'fire_enhanced_flowering (f)', 'resprouting_capacity': 'resprouts (4)', 'resprouting_capacity_non_fire_disturbance': 'resprouts_non_fire_disturbance (2)', 'resprouting_capacity_juvenile': 'juvenile_resprout (f)', 'fire_time_from_fire_to_flowering': '5.34883720930233 (1); 9 (1)', 'fire_time_from_fire_to_fruiting': '7.67441860465116 (1)'}"
Actinotus helianthi,,,,"{'resprouting_capacity': 'fire_killed (4)', 'fire_time_from_fire_to_flowering': '13.0232558139535 (1); 9.53488372093023 (1)', 'fire_time_from_fire_to_fruiting': '13.0232558139535 (1)', 'fire_time_from_fire_to_peak_flowering': '24 (1); 36 (1)'}"
Actinotus minor,,,,"{'resprouting_capacity': 'fire_killed (V)', 'fire_time_from_fire_to_flowering': '12 (1); 9.76744186046512 (1)'}"
Aegiceras corniculatum,,,,{'resprouting_capacity': 'resprouts (V)'}
Allocasuarina littoralis,,,,"{'post_fire_recruitment': 'post_fire_recruitment (4)', 'resprouting_capacity': 'fire_killed (5); resprouts (5)', 'resprouting_capacity_non_fire_disturbance': 'resprouts_non_fire_disturbance (1)', 'resprouting_capacity_juvenile': 'juvenile_fire_killed (1)', 'resprouting_capacity_proportion_individuals': '0 (2)', 'fire_time_from_fire_to_flowering': '28.8372093023256 (1); 36 (1)', 'fire_time_from_fire_to_fruiting': '36 (1); 41.6279069767442 (1)'}"
Allocasuarina paludosa,,,,"{'post_fire_recruitment': 'post_fire_recruitment (2)', 'resprouting_capacity': 'resprouts (4)', 'resprouting_capacity_non_fire_disturbance': 'resprouts_non_fire_disturbance (1)', 'resprouting_capacity_juvenile': 'juvenile_fire_killed (1)'}"
Allocasuarina torulosa,,,,"{'post_fire_recruitment': 'post_fire_recruitment (2)', 'resprouting_capacity': 'resprouts (5)'}"
Alphitonia excelsa,,,,"{'post_fire_recruitment': 'post_fire_recruitment (3)', 'resprouting_capacity': 'resprouts (V)', 'resprouting_capacity_non_fire_disturbance': 'resprouts_non_fire_disturbance (1)'}"
Alternanthera denticulata,,,,"{'post_fire_recruitment': 'post_fire_recruitment (1)', 'resprouting_capacity': 'fire_killed (V)', 'fire_time_from_fire_to_flowering': '2.32558139534884 (1)'}"
Amyema gaudichaudii,,,,{'resprouting_capacity': 'fire_killed (1)'}
Amyema miquelii,,,,"{'post_fire_recruitment': 'post_fire_recruitment_absent (V)', 'resprouting_capacity': 'fire_killed (V)'}"
Amyema pendula,,,,"{'post_fire_recruitment': 'post_fire_recruitment (1); post_fire_recruitment_absent (1)', 'resprouting_capacity': 'fire_killed (2)'}"
Angophora bakeri,,,,"{'post_fire_recruitment': 'post_fire_recruitment (2)', 'resprouting_capacity': 'resprouts (4)', 'resprouting_capacity_non_fire_disturbance': 'resprouts_non_fire_disturbance (f)', 'resprouting_capacity_juvenile': 'juvenile_fire_killed (f)', 'fire_time_from_fire_to_flowering': '11.6279069767442 (1); 12 (1); 14.1860465116279 (1); 15.5813953488372 (1)', 'fire_time_from_fire_to_fruiting': '14.1860465116279 (1)'}"
Angophora costata,,,,"{'post_fire_recruitment': 'post_fire_recruitment (2)', 'resprouting_capacity': 'resprouts (3)', 'resprouting_capacity_non_fire_disturbance': 'resprouts_non_fire_disturbance (f)', 'resprouting_capacity_juvenile': 'juvenile_fire_killed (f)'}"
Angophora floribunda,,,,"{'post_fire_recruitment': 'post_fire_recruitment (2)', 'resprouting_capacity': 'resprouts (4)', 'resprouting_capacity_non_fire_disturbance': 'resprouts_non_fire_disturbance (f)', 'resprouting_capacity_juvenile': 'juvenile_fire_killed (f)'}"
Angophora hispida,,,,"{'post_fire_recruitment': 'post_fire_recruitment (1)', 'resprouting_capacity': 'resprouts (5)', 'resprouting_capacity_non_fire_disturbance': 'resprouts_non_fire_disturbance (f)', 'resprouting_capacity_juvenile': 'juvenile_fire_killed (f)', 'fire_time_from_fire_to_flowering': '12 (1); 14.1860465116279 (1); 18 (1); 7.44186046511628 (1)', 'fire_time_from_fire_to_fruiting': '14.1860465116279 (1)', 'fire_time_from_fire_to_peak_flowering': '12 (1); 24 (1)', 'fire_time_from_fire_to_50_percent_flowering': '11.3953488372093 (1)'}"
Angophora subvelutina,,,,"{'post_fire_recruitment': 'post_fire_recruitment (f)', 'resprouting_capacity': 'resprouts (2)', 'resprouting_capacity_non_fire_disturbance': 'resprouts_non_fire_disturbance (f)', 'resprouting_capacity_juvenile': 'juvenile_fire_killed (f)'}"
Anisopogon avenaceus,,,,"{'post_fire_recruitment': 'post_fire_recruitment (2)', 'resprouting_capacity': 'resprouts (6)', 'resprouting_capacity_non_fire_disturbance': 'resprouts_non_fire_disturbance (1)', 'resprouting_capacity_juvenile': 'juvenile_fire_killed (1)', 'resprouting_capacity_proportion_individuals': '1 (f)', 'fire_time_from_fire_to_flowering': '12 (1); 12.093023255814 (1); 9.53488372093023 (1)', 'fire_time_from_fire_to_fruiting': '11.3953488372093 (1)', 'fire_time_from_fire_to_peak_flowering': '12 (1); 24 (1)'}"
Anthosachne scabra,,,,"{'post_fire_recruitment': 'post_fire_recruitment (f)', 'resprouting_capacity': 'partial_resprouting (15); resprouts (15)', 'resprouting_capacity_non_fire_disturbance': 'resprouts_non_fire_disturbance (8)', 'resprouting_capacity_juvenile': 'juvenile_resprout (1)', 'resprouting_capacity_proportion_individuals': '1 (3)', 'fire_time_from_fire_to_flowering': '12 (1)'}"
Aristida ramosa,,,,"{'post_fire_recruitment': 'post_fire_recruitment (f)', 'resprouting_capacity': 'resprouts (8)', 'resprouting_capacity_non_fire_disturbance': 'resprouts_non_fire_disturbance (2)', 'resprouting_capacity_juvenile': 'juvenile_fire_killed (1)', 'resprouting_capacity_proportion_individuals': '1 (f)', 'fire_time_from_fire_to_flowering': '12 (V)', 'fire_time_from_fire_to_fruiting': '3.95348837209302 (1)'}"
Aristida warburgii,,,,"{'post_fire_recruitment': 'post_fire_recruitment (f)', 'resprouting_capacity': 'resprouts (3)', 'resprouting_capacity_non_fire_disturbance': 'resprouts_non_fire_disturbance (f)', 'resprouting_capacity_juvenile': 'juvenile_resprout (f)', 'resprouting_capacity_proportion_individuals': '1 (f)', 'fire_time_from_fire_to_flowering': '12 (1); 2.55813953488372 (1); 3.72093023255814 (1)', 'fire_time_from_fire_to_fruiting': '3.72093023255814 (1)'}"
Arthropodium milleflorum,,,,"{'post_fire_recruitment': 'post_fire_recruitment (2)', 'resprouting_capacity': 'resprouts (6)', 'resprouting_capacity_non_fire_disturbance': 'resprouts_non_fire_disturbance (2)', 'resprouting_capacity_juvenile': 'juvenile_resprout (2)'}"
Arthropodium minus,,,,"{'post_fire_recruitment': 'post_fire_recruitment (2)', 'resprouting_capacity': 'resprouts (3)', 'resprouting_capacity_non_fire_disturbance': 'resprouts_non_fire_disturbance (1)', 'resprouting_capacity_juvenile': 'juvenile_resprout (1)'}"
Asperula conferta,,,,"{'post_fire_recruitment': 'post_fire_recruitment (1)', 'resprouting_capacity': 'resprouts (V)', 'resprouting_capacity_non_fire_disturbance': 'resprouts_non_fire_disturbance (1)', 'resprouting_capacity_juvenile': 'juvenile_fire_killed (1)', 'fire_time_from_fire_to_flowering': '12 (1)'}"
Astroloma humifusum,,,,"{'post_fire_recruitment': 'post_fire_recruitment (2)', 'resprouting_capacity': 'resprouts (5)', 'resprouting_capacity_juvenile': 'juvenile_fire_killed (1)', 'fire_time_from_fire_to_flowering': '24 (1)'}"
Atriplex australasica,,,,{'resprouting_capacity': 'fire_killed (1)'}
Atriplex semibaccata,,,,"{'post_fire_recruitment': 'post_fire_recruitment_absent (1)', 'resprouting_capacity': 'fire_killed (6)'}"
Austrostipa pubescens,,,,"{'post_fire_recruitment': 'post_fire_recruitment (f)', 'resprouting_capacity': 'resprouts (5)', 'resprouting_capacity_non_fire_disturbance': 'resprouts_non_fire_disturbance (2)', 'resprouting_capacity_juvenile': 'juvenile_resprout (f)', 'resprouting_capacity_proportion_individuals': '1 (f)', 'fire_time_from_fire_to_flowering': '12 (1); 12.093023255814 (1)', 'fire_time_from_fire_to_fruiting': '11.3953488372093 (1)'}"
Austrostipa ramosissima,,,,"{'post_fire_recruitment': 'post_fire_recruitment (f)', 'resprouting_capacity': 'resprouts (f)', 'resprouting_capacity_non_fire_disturbance': 'resprouts_non_fire_disturbance (f)', 'resprouting_capacity_juvenile': 'juvenile_resprout (f)', 'resprouting_capacity_proportion_individuals': '1 (f)', 'fire_time_from_fire_to_flowering': '12 (f)'}"
Austrostipa setacea,,,,"{'post_fire_recruitment': 'post_fire_recruitment (f)', 'resprouting_capacity': 'resprouts (1)', 'resprouting_capacity_non_fire_disturbance': 'resprouts_non_fire_disturbance (f)', 'resprouting_capacity_juvenile': 'juvenile_resprout (f)', 'resprouting_capacity_proportion_individuals': '1 (f)', 'fire_time_from_fire_to_flowering': '12 (1)'}"
Backhousia myrtifolia,,,,"{'post_fire_recruitment': 'post_fire_recruitment_absent (1)', 'resprouting_capacity': 'resprouts (V)', 'resprouting_capacity_non_fire_disturbance': 'resprouts_non_fire_disturbance (f)', 'resprouting_capacity_juvenile': 'juvenile_fire_killed (f)'}"
Baeckea diosmifolia,,,,"{'post_fire_recruitment': 'post_fire_recruitment (2)', 'resprouting_capacity': 'resprouts (5)', 'resprouting_capacity_non_fire_disturbance': 'resprouts_non_fire_disturbance (f)', 'resprouting_capacity_juvenile': 'juvenile_fire_killed (f)', 'fire_time_from_fire_to_flowering': '10.6976744186047 (1); 12 (1); 13.0232558139535 (1)', 'fire_time_from_fire_to_fruiting': '13.0232558139535 (1)'}"
Banksia ericifolia,,,,"{'post_fire_recruitment': 'post_fire_recruitment (2)', 'resprouting_capacity': 'fire_killed (5)', 'resprouting_capacity_non_fire_disturbance': 'resprouts_non_fire_disturbance (f)', 'fire_time_from_fire_to_flowering': '41.1627906976744 (1); 48.3720930232558 (1); 60.4651162790698 (1)', 'fire_time_from_fire_to_fruiting': '54.4186046511628 (1)'}"
Banksia integrifolia,,,,"{'post_fire_recruitment': 'post_fire_recruitment (3)', 'resprouting_capacity': 'resprouts (4)', 'resprouting_capacity_non_fire_disturbance': 'resprouts_non_fire_disturbance (f)', 'resprouting_capacity_juvenile': 'juvenile_fire_killed (1)'}"
Banksia marginata,,,,"{'post_fire_recruitment': 'post_fire_recruitment (V)', 'resprouting_capacity': 'fire_killed (V)', 'resprouting_capacity_non_fire_disturbance': 'resprouts_non_fire_disturbance (1)', 'resprouting_capacity_juvenile': 'juvenile_fire_killed (1)', 'resprouting_capacity_proportion_individuals': '0 (V)', 'fire_time_from_fire_to_flowering': '24 (1); 39.3023255813954 (1); 48.3720930232558 (1); 60.4651162790698 (1); 84 (1)', 'fire_time_from_fire_to_fruiting': '50.6976744186047 (1)', 'fire_time_from_fire_to_peak_flowering': '120 (1)'}"
Banksia oblongifolia,,,,"{'post_fire_recruitment': 'post_fire_recruitment (3)', 'resprouting_capacity': 'resprouts (7)', 'resprouting_capacity_non_fire_disturbance': 'resprouts_non_fire_disturbance (f)', 'fire_time_from_fire_to_flowering': '24 (1); 26.5116279069767 (1); 48.3720930232558 (1); 60 (1); 60.4651162790698 (1)', 'fire_time_from_fire_to_fruiting': '54.4186046511628 (1)'}"
Banksia serrata,,,,"{'post_fire_recruitment': 'post_fire_recruitment (5)', 'resprouting_capacity': 'resprouts (V)', 'resprouting_capacity_non_fire_disturbance': 'resprouts_non_fire_disturbance (f)', 'resprouting_capacity_juvenile': 'juvenile_fire_killed (1)', 'fire_time_from_fire_to_flowering': '24 (1); 25.1162790697674 (1); 36 (1); 36.2790697674419 (1); 48.3720930232558 (1)', 'fire_time_from_fire_to_fruiting': '41.1627906976744 (1)'}"
Banksia spinulosa,,,,"{'post_fire_recruitment': 'post_fire_recruitment (2)', 'resprouting_capacity': 'resprouts (V)', 'resprouting_capacity_non_fire_disturbance': 'resprouts_non_fire_disturbance (f)', 'fire_time_from_fire_to_flowering': '28.3720930232558 (1); 36 (1); 36.2790697674419 (1); 48 (1); 48.3720930232558 (1)', 'fire_time_from_fire_to_fruiting': '46.7441860465116 (1)'}"
Billardiera scandens,,,,"{'post_fire_recruitment': 'post_fire_recruitment (V)', 'resprouting_capacity': 'resprouts (V)', 'resprouting_capacity_juvenile': 'juvenile_fire_killed (2)', 'fire_time_from_fire_to_flowering': '22.8 (1); 24 (1); 24.1860465116279 (1); 8.83720930232558 (1)', 'fire_time_from_fire_to_fruiting': '23.4883720930233 (1)', 'fire_time_from_fire_to_peak_flowering': '48 (1); 60 (1)'}"
Bolboschoenus caldwellii,,,,"{'resprouting_capacity': 'resprouts (4)', 'resprouting_capacity_non_fire_disturbance': 'resprouts_non_fire_disturbance (2)', 'resprouting_capacity_juvenile': 'juvenile_fire_killed (f)'}"
Bolboschoenus fluviatilis,,,,"{'resprouting_capacity': 'resprouts (3)', 'resprouting_capacity_non_fire_disturbance': 'resprouts_non_fire_disturbance (3)', 'resprouting_capacity_juvenile': 'juvenile_fire_killed (f)'}"
Boronia ledifolia,,,,"{'post_fire_recruitment': 'post_fire_recruitment (1); post_fire_recruitment_absent (1)', 'resprouting_capacity': 'fire_killed (V)', 'fire_time_from_fire_to_flowering': '19.7674418604651 (1); 22.5581395348837 (1); 3.6 (1)', 'fire_time_from_fire_to_fruiting': '24.1860465116279 (1)', 'fire_time_from_fire_to_peak_flowering': '48 (1); 60 (1)'}"
Bossiaea heterophylla,,,,"{'post_fire_recruitment': 'post_fire_recruitment (3)', 'resprouting_capacity': 'fire_killed (V)', 'resprouting_capacity_non_fire_disturbance': 'resprouts_non_fire_disturbance (f)', 'resprouting_capacity_juvenile': 'juvenile_fire_killed (1)', 'fire_time_from_fire_to_flowering': '15.5813953488372 (1); 24.1860465116279 (1)', 'fire_time_from_fire_to_fruiting': '22.5581395348837 (1)'}"
Bossiaea prostrata,,,,"{'post_fire_recruitment': 'post_fire_recruitment (1)', 'resprouting_capacity': 'resprouts (V)', 'resprouting_capacity_non_fire_disturbance': 'resprouts_non_fire_disturbance (f)', 'resprouting_capacity_juvenile': 'juvenile_fire_killed (1)'}"
Bossiaea scolopendria,,,,"{'post_fire_recruitment': 'post_fire_recruitment (2)', 'resprouting_capacity': 'resprouts (V)', 'resprouting_capacity_non_fire_disturbance': 'resprouts_non_fire_disturbance (f)', 'resprouting_capacity_juvenile': 'juvenile_fire_killed (f)', 'fire_time_from_fire_to_flowering': '20 (1); 24 (1); 24.1860465116279 (1)', 'fire_time_from_fire_to_fruiting': '24.1860465116279 (1)'}"
Bothriochloa macra,,,,"{'post_fire_recruitment': 'post_fire_recruitment (1)', 'resprouting_capacity': 'partial_resprouting (V)', 'resprouting_capacity_non_fire_disturbance': 'resprouts_non_fire_disturbance (1)', 'resprouting_capacity_juvenile': 'juvenile_resprout (1)', 'resprouting_capacity_proportion_individuals': '0.8 (V)', 'fire_time_from_fire_to_flowering': '12 (1)'}"
Brachychiton acerifolius,,,,{'resprouting_capacity': 'resprouts (1)'}
Brachychiton populneus,,,,"{'post_fire_recruitment': 'post_fire_recruitment_absent (1)', 'resprouting_capacity': 'resprouts (4)', 'resprouting_capacity_non_fire_disturbance': 'resprouts_non_fire_disturbance (1)', 'resprouting_capacity_juvenile': 'juvenile_resprout (1)'}"
Brachyloma daphnoides,,,,"{'post_fire_recruitment': 'post_fire_recruitment (V)', 'resprouting_capacity': 'resprouts (V)', 'resprouting_capacity_juvenile': 'juvenile_fire_killed (1)', 'fire_time_from_fire_to_flowering': '24 (V)', 'fire_time_from_fire_to_peak_flowering': '36 (1); 60 (1)', 'fire_time_from_fire_to_50_percent_flowering': '20 (1)'}"
Breynia oblongifolia,,,,"{'post_fire_recruitment': 'post_fire_recruitment_absent (2)', 'resprouting_capacity': 'resprouts (V)', 'fire_time_from_fire_to_flowering': '10.6976744186047 (1); 12 (1); 14.6511627906977 (1); 60 (1)', 'fire_time_from_fire_to_fruiting': '14.6511627906977 (1)', 'fire_time_from_fire_to_peak_flowering': '36 (1); 48 (1)'}"
Brunoniella australis,,,,"{'resprouting_capacity': 'resprouts (4)', 'resprouting_capacity_non_fire_disturbance': 'resprouts_non_fire_disturbance (1)'}"
Brunoniella pumilio,,,,"{'post_fire_recruitment': 'post_fire_recruitment (1)', 'resprouting_capacity': 'resprouts (3)', 'resprouting_capacity_non_fire_disturbance': 'resprouts_non_fire_disturbance (1)', 'fire_time_from_fire_to_flowering': '1.3953488372093 (1); 12 (1); 6.04651162790698 (1)', 'fire_time_from_fire_to_fruiting': '2.55813953488372 (1)', 'fire_time_from_fire_to_peak_flowering': '12 (1)'}"
Burchardia umbellata,,,,"{'post_fire_recruitment': 'post_fire_recruitment_absent (2)', 'resprouting_capacity': 'resprouts (8)', 'resprouting_capacity_non_fire_disturbance': 'resprouts_non_fire_disturbance (1)', 'resprouting_capacity_juvenile': 'juvenile_resprout (1)', 'fire_time_from_fire_to_flowering': '0--24 (1); 10.6976744186047 (1); 12 (1); 18 (1); 24 (1); 8.37209302325581 (1)', 'fire_time_from_fire_to_fruiting': '10.6976744186047 (1)'}"
Bursaria spinosa,,,,"{'post_fire_recruitment': 'post_fire_recruitment_absent (1)', 'resprouting_capacity': 'resprouts (7)', 'resprouting_capacity_non_fire_disturbance': 'resprouts_non_fire_disturbance (1)', 'resprouting_capacity_proportion_individuals': '1 (V)', 'fire_time_from_fire_to_flowering': '11.8604651162791 (1); 12.093023255814 (1); 24 (1); 24.1860465116279 (1)', 'fire_time_from_fire_to_fruiting': '16.5116279069767 (1)', 'fire_time_from_fire_to_peak_flowering': '60 (1)'}"
Chorizema parviflorum,,,,"{'post_fire_recruitment': 'post_fire_recruitment (f)', 'resprouting_capacity': 'resprouts (V)', 'resprouting_capacity_non_fire_disturbance': 'resprouts_non_fire_disturbance (f)', 'resprouting_capacity_juvenile': 'juvenile_fire_killed (f)'}"
Caladenia carnea,,,,"{'post_fire_recruitment': 'post_fire_recruitment_absent (1)', 'post_fire_flowering': 'fire_enhanced_flowering (f)', 'resprouting_capacity': 'resprouts (11)', 'resprouting_capacity_non_fire_disturbance': 'resprouts_non_fire_disturbance (7)', 'resprouting_capacity_juvenile': 'juvenile_resprout (1)', 'fire_time_from_fire_to_flowering': '12 (V)'}"
Caladenia catenata,,,,"{'post_fire_recruitment': 'post_fire_recruitment_absent (1)', 'post_fire_flowering': 'fire_enhanced_flowering (f)', 'resprouting_capacity': 'resprouts (6)', 'resprouting_capacity_non_fire_disturbance': 'resprouts_non_fire_disturbance (4)', 'resprouting_capacity_juvenile': 'juvenile_resprout (f)', 'fire_time_from_fire_to_flowering': '12 (1); 7.90697674418605 (1)', 'fire_time_from_fire_to_fruiting': '9.06976744186047 (1)'}"
Caladenia picta,,,,"{'post_fire_recruitment': 'post_fire_recruitment_absent (f)', 'post_fire_flowering': 'fire_enhanced_flowering (1)', 'resprouting_capacity': 'resprouts (f)', 'resprouting_capacity_non_fire_disturbance': 'resprouts_non_fire_disturbance (f)', 'resprouting_capacity_juvenile': 'juvenile_resprout (f)', 'fire_time_from_fire_to_flowering': '12 (f)'}"
Calandrinia pickeringii,,,,"{'post_fire_recruitment': 'post_fire_recruitment (1)', 'resprouting_capacity': 'fire_killed (1); resprouts (1)', 'fire_time_from_fire_to_flowering': '3.6 (1)'}"
Callicoma serratifolia,,,,"{'post_fire_recruitment': 'post_fire_recruitment_absent (V)', 'resprouting_capacity': 'resprouts (5)', 'fire_time_from_fire_to_flowering': '21.1627906976744 (1); 24 (1); 24.1860465116279 (1)', 'fire_time_from_fire_to_fruiting': '25.1162790697674 (1)', 'fire_time_from_fire_to_peak_flowering': '36 (1)'}"
Callistemon citrinus,,,,"{'post_fire_recruitment': 'post_fire_recruitment (1)', 'resprouting_capacity': 'resprouts (6)', 'resprouting_capacity_non_fire_disturbance': 'resprouts_non_fire_disturbance (1)', 'resprouting_capacity_juvenile': 'juvenile_resprout (1)', 'fire_time_from_fire_to_flowering': '22.5581395348837 (1); 24 (1)'}"
Callistemon linearis,,,,"{'post_fire_recruitment': 'post_fire_recruitment (1)', 'resprouting_capacity': 'resprouts (8)', 'resprouting_capacity_non_fire_disturbance': 'resprouts_non_fire_disturbance (f)', 'resprouting_capacity_juvenile': 'juvenile_fire_killed (f)', 'fire_time_from_fire_to_flowering': '21.3953488372093 (1); 36 (1); 36.2790697674419 (1)', 'fire_time_from_fire_to_fruiting': '33.4883720930233 (1)'}"
Callistemon pinifolius,,,,"{'post_fire_recruitment': 'post_fire_recruitment (f)', 'resprouting_capacity': 'resprouts (2)', 'resprouting_capacity_non_fire_disturbance': 'resprouts_non_fire_disturbance (f)', 'resprouting_capacity_juvenile': 'juvenile_fire_killed (f)'}"
Callistemon salignus,,,,"{'post_fire_recruitment': 'post_fire_recruitment (1)', 'resprouting_capacity': 'resprouts (2)', 'resprouting_capacity_non_fire_disturbance': 'resprouts_non_fire_disturbance (f)', 'resprouting_capacity_juvenile': 'juvenile_fire_killed (f)', 'fire_time_from_fire_to_flowering': '12 (1)'}"
Callistemon sieberi,,,,"{'post_fire_recruitment': 'post_fire_recruitment (1)', 'resprouting_capacity': 'resprouts (4)', 'resprouting_capacity_non_fire_disturbance': 'resprouts_non_fire_disturbance (f)', 'resprouting_capacity_juvenile': 'juvenile_fire_killed (f)', 'fire_time_from_fire_to_flowering': '48 (1)', 'fire_time_from_fire_to_fruiting': '48 (1)'}"
Callistemon viminalis,,,,"{'post_fire_recruitment': 'post_fire_recruitment (1)', 'resprouting_capacity': 'resprouts (1)', 'resprouting_capacity_non_fire_disturbance': 'resprouts_non_fire_disturbance (f)', 'resprouting_capacity_juvenile': 'juvenile_fire_killed (f)'}"
Calochilus campestris,,,,"{'post_fire_recruitment': 'post_fire_recruitment_absent (f)', 'post_fire_flowering': 'fire_enhanced_flowering (f)', 'resprouting_capacity': 'resprouts (5)', 'resprouting_capacity_non_fire_disturbance': 'resprouts_non_fire_disturbance (1)', 'resprouting_capacity_juvenile': 'juvenile_resprout (1)', 'fire_time_from_fire_to_flowering': '8.6046511627907 (1)', 'fire_time_from_fire_to_fruiting': '9.76744186046512 (1)'}"
Calochilus paludosus,,,,"{'post_fire_recruitment': 'post_fire_recruitment_absent (f)', 'post_fire_flowering': 'fire_enhanced_flowering (f)', 'resprouting_capacity': 'resprouts (5)', 'resprouting_capacity_non_fire_disturbance': 'resprouts_non_fire_disturbance (1)', 'resprouting_capacity_juvenile': 'juvenile_resprout (1)', 'fire_time_from_fire_to_flowering': '8.6046511627907 (1)', 'fire_time_from_fire_to_fruiting': '9.53488372093023 (1)'}"
Calotis cuneifolia,,,,"{'post_fire_recruitment': 'post_fire_recruitment (f)', 'resprouting_capacity': 'fire_killed (V)', 'resprouting_capacity_non_fire_disturbance': 'resprouts_non_fire_disturbance (1)', 'resprouting_capacity_juvenile': 'juvenile_fire_killed (f)', 'fire_time_from_fire_to_flowering': '12 (f)'}"
Calotis dentex,,,,"{'post_fire_recruitment': 'post_fire_recruitment (f)', 'resprouting_capacity': 'fire_killed (3)', 'resprouting_capacity_non_fire_disturbance': 'resprouts_non_fire_disturbance (f)', 'resprouting_capacity_juvenile': 'juvenile_fire_killed (f)', 'fire_time_from_fire_to_flowering': '12 (f)'}"
Calotis lappulacea,,,,"{'post_fire_recruitment': 'post_fire_recruitment (f)', 'resprouting_capacity': 'resprouts (V)', 'resprouting_capacity_non_fire_disturbance': 'resprouts_non_fire_disturbance (f)', 'resprouting_capacity_juvenile': 'juvenile_fire_killed (f)', 'fire_time_from_fire_to_flowering': '12 (f)'}"
Calystegia marginata,,,,"{'post_fire_recruitment': 'post_fire_recruitment (1)', 'resprouting_capacity': 'fire_killed (V)', 'resprouting_capacity_non_fire_disturbance': 'resprouts_non_fire_disturbance (1)', 'fire_time_from_fire_to_flowering': '10.6976744186047 (1); 9.53488372093023 (1)', 'fire_time_from_fire_to_fruiting': '10.6976744186047 (1)'}"
Carex appressa,,,,"{'resprouting_capacity': 'resprouts (4)', 'resprouting_capacity_non_fire_disturbance': 'resprouts_non_fire_disturbance (2)', 'resprouting_capacity_juvenile': 'juvenile_fire_killed (1)'}"
Carex breviculmis,,,,"{'post_fire_recruitment': 'post_fire_recruitment (1); post_fire_recruitment_absent (1)', 'resprouting_capacity': 'fire_killed (V)', 'resprouting_capacity_non_fire_disturbance': 'resprouts_non_fire_disturbance (1)', 'resprouting_capacity_juvenile': 'juvenile_fire_killed (1)', 'fire_time_from_fire_to_flowering': '12 (1)'}"
Carex inversa,,,,"{'resprouting_capacity': 'resprouts (9)', 'resprouting_capacity_non_fire_disturbance': 'resprouts_non_fire_disturbance (5)', 'resprouting_capacity_juvenile': 'juvenile_fire_killed (1)', 'fire_time_from_fire_to_flowering': '12 (1); 3.48837209302326 (1)'}"
Carex pumila,,,,"{'resprouting_capacity': 'resprouts (1)', 'resprouting_capacity_non_fire_disturbance': 'resprouts_non_fire_disturbance (1)', 'resprouting_capacity_juvenile': 'juvenile_fire_killed (f)'}"
Cassinia aureonitens,,,,"{'post_fire_recruitment': 'post_fire_recruitment (f)', 'resprouting_capacity': 'fire_killed (2)', 'resprouting_capacity_non_fire_disturbance': 'resprouts_non_fire_disturbance (f)', 'resprouting_capacity_juvenile': 'juvenile_fire_killed (f)', 'fire_time_from_fire_to_flowering': '12 (f)'}"
Cassinia laevis,,,,"{'post_fire_recruitment': 'post_fire_recruitment (1); post_fire_recruitment_absent (1)', 'resprouting_capacity': 'fire_killed (V)', 'resprouting_capacity_non_fire_disturbance': 'resprouts_non_fire_disturbance (f)', 'resprouting_capacity_juvenile': 'juvenile_fire_killed (f)', 'fire_time_from_fire_to_flowering': '12 (f)'}"
Cassinia longifolia,,,,"{'post_fire_recruitment': 'post_fire_recruitment (3)', 'resprouting_capacity': 'fire_killed (V)', 'resprouting_capacity_non_fire_disturbance': 'resprouts_non_fire_disturbance (f)', 'resprouting_capacity_juvenile': 'juvenile_fire_killed (1)', 'fire_time_from_fire_to_flowering': '46.9767441860465 (1)'}"
Cassinia sifton,,,,"{'post_fire_recruitment': 'post_fire_recruitment (1)', 'resprouting_capacity': 'fire_killed (f)', 'resprouting_capacity_non_fire_disturbance': 'resprouts_non_fire_disturbance (f)', 'resprouting_capacity_juvenile': 'juvenile_fire_killed (f)', 'fire_time_from_fire_to_flowering': '12 (f)'}"
Cassinia trinerva,,,,"{'post_fire_recruitment': 'post_fire_recruitment (f)', 'resprouting_capacity': 'fire_killed (V)', 'resprouting_capacity_non_fire_disturbance': 'resprouts_non_fire_disturbance (f)', 'resprouting_capacity_juvenile': 'juvenile_fire_killed (f)', 'fire_time_from_fire_to_flowering': '12 (f)'}"
Cassytha glabella,,,,"{'post_fire_recruitment': 'post_fire_recruitment (1); post_fire_recruitment_absent (1)', 'resprouting_capacity': 'fire_killed (5)', 'resprouting_capacity_juvenile': 'juvenile_fire_killed (1)', 'fire_time_from_fire_to_flowering': '14.1860465116279 (1); 24.1860465116279 (1); 36.2790697674419 (1)', 'fire_time_from_fire_to_fruiting': '21.1627906976744 (1)', 'fire_time_from_fire_to_peak_flowering': '36 (1); 72 (1)'}"
Cassytha pubescens,,,,"{'post_fire_recruitment': 'post_fire_recruitment (4)', 'resprouting_capacity': 'fire_killed (8)', 'resprouting_capacity_juvenile': 'juvenile_fire_killed (1)', 'fire_time_from_fire_to_flowering': '34.8837209302326 (1); 36.2790697674419 (1); 48.3720930232558 (1)', 'fire_time_from_fire_to_fruiting': '44.4186046511628 (1)'}"
Casuarina glauca,,,,"{'post_fire_recruitment': 'post_fire_recruitment_absent (1)', 'resprouting_capacity': 'resprouts (V)', 'resprouting_capacity_proportion_individuals': '1'}"
Caustis flexuosa,,,,"{'resprouting_capacity': 'resprouts (V)', 'resprouting_capacity_non_fire_disturbance': 'resprouts_non_fire_disturbance (3)', 'resprouting_capacity_juvenile': 'juvenile_fire_killed (f)', 'fire_time_from_fire_to_flowering': '24.1860465116279 (1); 36.2790697674419 (1)'}"
Cayratia clematidea,,,,"{'post_fire_recruitment': 'post_fire_recruitment_absent (2)', 'resprouting_capacity': 'resprouts (V)', 'fire_time_from_fire_to_flowering': '11.8604651162791 (1); 12 (1); 12.093023255814 (1)', 'fire_time_from_fire_to_fruiting': '11.8604651162791 (1)'}"
Cenchrus purpurascens,,,,"{'post_fire_recruitment': 'post_fire_recruitment (f)', 'resprouting_capacity': 'resprouts (f)', 'resprouting_capacity_non_fire_disturbance': 'resprouts_non_fire_disturbance (f)', 'resprouting_capacity_juvenile': 'juvenile_resprout (f)', 'resprouting_capacity_proportion_individuals': '1 (f)', 'fire_time_from_fire_to_flowering': '12 (f)'}"
Centella asiatica,,,,"{'resprouting_capacity': 'resprouts (V)', 'resprouting_capacity_non_fire_disturbance': 'resprouts_non_fire_disturbance (1)', 'fire_time_from_fire_to_fruiting': '2.32558139534884 (1)'}"
Ceratopetalum apetalum,,,,"{'post_fire_recruitment': 'post_fire_recruitment_absent (1)', 'resprouting_capacity': 'resprouts (3)'}"
Ceratopetalum gummiferum,,,,"{'post_fire_recruitment': 'post_fire_recruitment_absent (1)', 'resprouting_capacity': 'resprouts (4)', 'fire_time_from_fire_to_flowering': '11.6279069767442 (1); 12 (1); 24.1860465116279 (1); 36 (1); 36.2790697674419 (1)'}"
Acacia pubescens,,,,"{'post_fire_recruitment': 'post_fire_recruitment (g)', 'resprouting_capacity': 'fire_killed (1); resprouts (1)', 'resprouting_capacity_non_fire_disturbance': 'resprouts_non_fire_disturbance (f)', 'resprouting_capacity_juvenile': 'juvenile_fire_killed (g)'}"
Chloris truncata,,,,"{'post_fire_recruitment': 'post_fire_recruitment (1)', 'resprouting_capacity': 'partial_resprouting (V)', 'resprouting_capacity_non_fire_disturbance': 'resprouts_non_fire_disturbance (f)', 'resprouting_capacity_juvenile': 'juvenile_fire_killed (1)', 'resprouting_capacity_proportion_individuals': '1 (3)', 'fire_time_from_fire_to_flowering': '12 (1)'}"
Chloris ventricosa,,,,"{'post_fire_recruitment': 'post_fire_recruitment (f)', 'resprouting_capacity': 'resprouts (2)', 'resprouting_capacity_non_fire_disturbance': 'resprouts_non_fire_disturbance (f)', 'resprouting_capacity_juvenile': 'juvenile_resprout (f)', 'resprouting_capacity_proportion_individuals': '1 (f)', 'fire_time_from_fire_to_flowering': '12 (f)'}"
Chrysocephalum apiculatum,,,,"{'post_fire_recruitment': 'post_fire_recruitment (1); post_fire_recruitment_absent (1)', 'resprouting_capacity': 'resprouts (V)', 'resprouting_capacity_non_fire_disturbance': 'resprouts_non_fire_disturbance (f)', 'resprouting_capacity_juvenile': 'juvenile_resprout (1)', 'fire_time_from_fire_to_flowering': '12 (1)'}"
Clematis aristata,,,,"{'post_fire_recruitment': 'post_fire_recruitment_absent (2)', 'resprouting_capacity': 'resprouts (V)', 'resprouting_capacity_non_fire_disturbance': 'resprouts_non_fire_disturbance (3)', 'resprouting_capacity_juvenile': 'juvenile_fire_killed (1)', 'fire_time_from_fire_to_flowering': '12 (1); 8.83720930232558 (1)'}"
Clematis glycinoides,,,,"{'post_fire_recruitment': 'post_fire_recruitment_absent (1)', 'resprouting_capacity': 'resprouts (V)', 'resprouting_capacity_non_fire_disturbance': 'resprouts_non_fire_disturbance (1)'}"
Callistemon linearifolius,,,,"{'post_fire_recruitment': 'post_fire_recruitment (f)', 'resprouting_capacity': 'resprouts (g)', 'resprouting_capacity_non_fire_disturbance': 'resprouts_non_fire_disturbance (f)', 'resprouting_capacity_juvenile': 'juvenile_fire_killed (f)'}"
Clerodendrum tomentosum,,,,"{'post_fire_recruitment': 'post_fire_recruitment_absent (1)', 'resprouting_capacity': 'resprouts (4)', 'fire_time_from_fire_to_flowering': '33.2558139534884 (1)', 'fire_time_from_fire_to_fruiting': '48.3720930232558 (1)'}"
Comesperma ericinum,,,,"{'post_fire_recruitment': 'post_fire_recruitment (1); post_fire_recruitment_absent (1)', 'resprouting_capacity': 'resprouts (V)', 'resprouting_capacity_non_fire_disturbance': 'resprouts_non_fire_disturbance (4)', 'resprouting_capacity_juvenile': 'juvenile_fire_killed (1)', 'fire_time_from_fire_to_flowering': '20.2325581395349 (1); 24.1860465116279 (1)', 'fire_time_from_fire_to_fruiting': '23.4883720930233 (1)', 'fire_time_from_fire_to_peak_flowering': '36 (1); 60 (1)'}"
Commelina cyanea,,,,"{'resprouting_capacity': 'resprouts (V)', 'fire_time_from_fire_to_flowering': '2.32558139534884 (1)'}"
Commersonia dasyphylla,,,,"{'post_fire_recruitment': 'post_fire_recruitment (3)', 'resprouting_capacity': 'fire_killed (2)', 'fire_time_from_fire_to_flowering': '24.1860465116279 (1); 8.83720930232558 (1)', 'fire_time_from_fire_to_fruiting': '21.3953488372093 (1)', 'fire_time_from_fire_to_peak_flowering': '36 (1); 48 (1)'}"
Convolvulus erubescens,,,,"{'post_fire_recruitment': 'post_fire_recruitment (1); post_fire_recruitment_absent (1)', 'resprouting_capacity': 'resprouts (V)', 'resprouting_capacity_non_fire_disturbance': 'resprouts_non_fire_disturbance (1)', 'resprouting_capacity_juvenile': 'juvenile_resprout (1)', 'fire_time_from_fire_to_flowering': '12 (1)', 'fire_time_from_fire_to_fruiting': '11.8604651162791 (1)'}"
Coronidium oxylepis,,,,"{'post_fire_recruitment': 'post_fire_recruitment (1)', 'resprouting_capacity': 'resprouts (V)', 'resprouting_capacity_non_fire_disturbance': 'resprouts_non_fire_disturbance (2)', 'resprouting_capacity_juvenile': 'juvenile_fire_killed (f)', 'fire_time_from_fire_to_flowering': '12 (f)'}"
Coronidium scorpioides,,,,"{'post_fire_recruitment': 'post_fire_recruitment (1)', 'resprouting_capacity': 'resprouts (V)', 'resprouting_capacity_non_fire_disturbance': 'resprouts_non_fire_disturbance (4)', 'resprouting_capacity_juvenile': 'juvenile_fire_killed (1)', 'fire_time_from_fire_to_flowering': '10 (1); 12 (1); 3.72093023255814 (1); 6 (1)', 'fire_time_from_fire_to_fruiting': '5.34883720930233 (1)'}"
Corybas aconitiflorus,,,,"{'post_fire_recruitment': 'post_fire_recruitment_absent (f)', 'post_fire_flowering': 'fire_enhanced_flowering (f)', 'resprouting_capacity': 'resprouts (2)', 'resprouting_capacity_non_fire_disturbance': 'resprouts_non_fire_disturbance (1)', 'resprouting_capacity_juvenile': 'juvenile_resprout (f)', 'fire_time_from_fire_to_flowering': '12 (f)'}"
Corymbia gummifera,,,,"{'post_fire_recruitment': 'post_fire_recruitment (2)', 'resprouting_capacity': 'resprouts (5)', 'resprouting_capacity_non_fire_disturbance': 'resprouts_non_fire_disturbance (f)', 'resprouting_capacity_juvenile': 'juvenile_fire_killed (f)', 'fire_time_from_fire_to_flowering': '36 (1); 36.2790697674419 (1)', 'fire_time_from_fire_to_fruiting': '37.906976744186 (1)'}"
Corymbia maculata,,,,"{'post_fire_recruitment': 'post_fire_recruitment (V)', 'resprouting_capacity': 'resprouts (5)', 'resprouting_capacity_non_fire_disturbance': 'resprouts_non_fire_disturbance (f)', 'resprouting_capacity_juvenile': 'juvenile_fire_killed (f)'}"
Cotula australis,,,,"{'post_fire_recruitment': 'post_fire_recruitment (1)', 'resprouting_capacity': 'fire_killed (4)', 'resprouting_capacity_non_fire_disturbance': 'resprouts_non_fire_disturbance (f)', 'resprouting_capacity_juvenile': 'juvenile_fire_killed (f)', 'fire_time_from_fire_to_flowering': '12 (f)', 'fire_time_from_fire_to_fruiting': '3.48837209302326 (1)'}"
Crassula sieberiana,,,,"{'post_fire_recruitment': 'post_fire_recruitment (2)', 'resprouting_capacity': 'fire_killed (V)', 'resprouting_capacity_juvenile': 'juvenile_fire_killed (1)', 'fire_time_from_fire_to_flowering': '12 (1); 6.04651162790698 (1)', 'fire_time_from_fire_to_fruiting': '6.04651162790698 (1)'}"
Crinum pedunculatum,,,,"{'resprouting_capacity': 'resprouts (1)', 'resprouting_capacity_non_fire_disturbance': 'resprouts_non_fire_disturbance (1)'}"
Cryptandra amara,,,,"{'post_fire_recruitment': 'post_fire_recruitment (V)', 'resprouting_capacity': 'fire_killed (V)', 'resprouting_capacity_juvenile': 'juvenile_fire_killed (1)', 'fire_time_from_fire_to_flowering': '16.5116279069767 (1)', 'fire_time_from_fire_to_fruiting': '17.4418604651163 (1); 36 (1)', 'fire_time_from_fire_to_peak_flowering': '36 (1); 60 (1)'}"
Cryptandra propinqua,,,,{'resprouting_capacity': 'fire_killed (1)'}
Cryptandra spinescens,,,,{'resprouting_capacity': 'fire_killed (f)'}
Cryptostylis erecta,,,,"{'post_fire_recruitment': 'post_fire_recruitment_absent (f)', 'post_fire_flowering': 'fire_suppressed_flowering (1)', 'resprouting_capacity': 'resprouts (V)', 'resprouting_capacity_non_fire_disturbance': 'resprouts_non_fire_disturbance (1)', 'resprouting_capacity_juvenile': 'juvenile_resprout (f)', 'fire_time_from_fire_to_flowering': '10.6976744186047 (1)', 'fire_time_from_fire_to_fruiting': '25.1162790697674 (1)'}"
Cyanicula caerulea,,,,"{'post_fire_recruitment': 'post_fire_recruitment_absent (1)', 'post_fire_flowering': 'fire_enhanced_flowering (f)', 'resprouting_capacity': 'resprouts (7)', 'resprouting_capacity_non_fire_disturbance': 'resprouts_non_fire_disturbance (4)', 'resprouting_capacity_juvenile': 'juvenile_resprout (1)', 'fire_time_from_fire_to_flowering': '12 (2)'}"
Cyanthillium cinereum,,,,"{'post_fire_recruitment': 'post_fire_recruitment (f)', 'resprouting_capacity': 'fire_killed (4)', 'resprouting_capacity_non_fire_disturbance': 'resprouts_non_fire_disturbance (f)', 'resprouting_capacity_juvenile': 'juvenile_fire_killed (f)', 'fire_time_from_fire_to_flowering': '12 (f)'}"
Cyathochaeta diandra,,,,"{'post_fire_recruitment': 'post_fire_recruitment (1)', 'resprouting_capacity': 'resprouts (4)', 'resprouting_capacity_non_fire_disturbance': 'resprouts_non_fire_disturbance (1)', 'resprouting_capacity_juvenile': 'juvenile_fire_killed (f)', 'fire_time_from_fire_to_flowering': '10.4651162790698 (1); 3.6 (1)', 'fire_time_from_fire_to_fruiting': '13.0232558139535 (1)', 'fire_time_from_fire_to_peak_flowering': '12 (1)'}"
Cymbopogon refractus,,,,"{'post_fire_recruitment': 'post_fire_recruitment_absent (1)', 'resprouting_capacity': 'partial_resprouting (V)', 'resprouting_capacity_non_fire_disturbance': 'resprouts_non_fire_disturbance (f)', 'resprouting_capacity_juvenile': 'juvenile_resprout (1)', 'resprouting_capacity_proportion_individuals': '1 (3)', 'fire_time_from_fire_to_flowering': '2.09302325581395 (1); 3.6 (1); 4.41860465116279 (1)', 'fire_time_from_fire_to_fruiting': '4.41860465116279 (1)'}"
Cynodon dactylon,,,,"{'post_fire_recruitment': 'post_fire_recruitment (f)', 'resprouting_capacity': 'resprouts (V)', 'resprouting_capacity_non_fire_disturbance': 'resprouts_non_fire_disturbance (1)', 'resprouting_capacity_juvenile': 'juvenile_resprout (f)', 'resprouting_capacity_proportion_individuals': '1 (f)', 'fire_time_from_fire_to_flowering': '12 (f)'}"
Cyperus difformis,,,,"{'resprouting_capacity': 'fire_killed (1)', 'resprouting_capacity_non_fire_disturbance': 'resprouts_non_fire_disturbance (f)', 'resprouting_capacity_juvenile': 'juvenile_fire_killed (f)'}"
Cyperus gracilis,,,,"{'resprouting_capacity': 'fire_killed (1); resprouts (1)', 'resprouting_capacity_non_fire_disturbance': 'resprouts_non_fire_disturbance (f)', 'resprouting_capacity_juvenile': 'juvenile_fire_killed (f)'}"
Cyperus imbecillis,,,,"{'resprouting_capacity': 'resprouts (f)', 'resprouting_capacity_non_fire_disturbance': 'resprouts_non_fire_disturbance (f)', 'resprouting_capacity_juvenile': 'juvenile_fire_killed (f)'}"
Cyperus laevis,,,,"{'resprouting_capacity': 'resprouts (f)', 'resprouting_capacity_non_fire_disturbance': 'resprouts_non_fire_disturbance (f)', 'resprouting_capacity_juvenile': 'juvenile_fire_killed (f)'}"
Cyperus polystachyos,,,,"{'resprouting_capacity': 'fire_killed (V)', 'resprouting_capacity_non_fire_disturbance': 'resprouts_non_fire_disturbance (f)', 'resprouting_capacity_juvenile': 'juvenile_fire_killed (f)', 'fire_time_from_fire_to_flowering': '2.32558139534884 (1)'}"
Dampiera stricta,,,,"{'post_fire_recruitment': 'post_fire_recruitment (2)', 'resprouting_capacity': 'resprouts (7)', 'resprouting_capacity_non_fire_disturbance': 'resprouts_non_fire_disturbance (2)', 'resprouting_capacity_juvenile': 'juvenile_fire_killed (1)', 'fire_time_from_fire_to_flowering': '12 (1); 7.2093023255814 (1)', 'fire_time_from_fire_to_fruiting': '14.8837209302326 (1)', 'fire_time_from_fire_to_peak_flowering': '24 (1); 36 (1)'}"
Daviesia acicularis,,,,"{'post_fire_recruitment': 'post_fire_recruitment (1)', 'resprouting_capacity': 'fire_killed (2)', 'resprouting_capacity_non_fire_disturbance': 'resprouts_non_fire_disturbance (f)', 'resprouting_capacity_juvenile': 'juvenile_fire_killed (f)'}"
Daviesia corymbosa,,,,"{'post_fire_recruitment': 'post_fire_recruitment (1)', 'resprouting_capacity': 'resprouts (V)', 'resprouting_capacity_non_fire_disturbance': 'resprouts_non_fire_disturbance (f)', 'resprouting_capacity_juvenile': 'juvenile_fire_killed (f)'}"
Dendrophthoe vitellina,,,,"{'post_fire_recruitment': 'post_fire_recruitment_absent (1)', 'resprouting_capacity': 'fire_killed (2)'}"
Denhamia silvestris,,,,"{'post_fire_recruitment': 'post_fire_recruitment_absent (1)', 'resprouting_capacity': 'resprouts (5)', 'resprouting_capacity_non_fire_disturbance': 'resprouts_non_fire_disturbance (1)', 'fire_time_from_fire_to_flowering': '24 (1); 24.1860465116279 (1); 36 (1); 36.2790697674419 (1)', 'fire_time_from_fire_to_fruiting': '28.8372093023256 (1)'}"
Epacris purpurascens,,,,"{'post_fire_recruitment': 'post_fire_recruitment (f)', 'resprouting_capacity': 'fire_killed (1)'}"
Deyeuxia quadriseta,,,,"{'post_fire_recruitment': 'post_fire_recruitment (f)', 'resprouting_capacity': 'partial_resprouting (V)', 'resprouting_capacity_non_fire_disturbance': 'resprouts_non_fire_disturbance (f)', 'resprouting_capacity_juvenile': 'juvenile_resprout (f)', 'resprouting_capacity_proportion_individuals': '1 (V)', 'fire_time_from_fire_to_flowering': '12 (V)', 'fire_time_from_fire_to_fruiting': '10.2325581395349 (1)'}"
Dianella caerulea,,,,"{'resprouting_capacity': 'resprouts (V)', 'resprouting_capacity_non_fire_disturbance': 'resprouts_non_fire_disturbance (1)', 'resprouting_capacity_juvenile': 'juvenile_fire_killed (1)', 'fire_time_from_fire_to_flowering': '12 (1); 12.093023255814 (1); 9.53488372093023 (1)', 'fire_time_from_fire_to_fruiting': '11.3953488372093 (1)'}"
Dianella revoluta,,,,"{'post_fire_recruitment': 'post_fire_recruitment_absent (2)', 'resprouting_capacity': 'resprouts (9)', 'resprouting_capacity_non_fire_disturbance': 'resprouts_non_fire_disturbance (1)', 'resprouting_capacity_juvenile': 'juvenile_resprout (1)', 'fire_time_from_fire_to_flowering': '24 (V)'}"
Dichanthium sericeum,,,,"{'post_fire_recruitment': 'post_fire_recruitment (f)', 'resprouting_capacity': 'partial_resprouting (V)', 'resprouting_capacity_non_fire_disturbance': 'resprouts_non_fire_disturbance (f)', 'resprouting_capacity_juvenile': 'juvenile_resprout (1)', 'resprouting_capacity_proportion_individuals': '1 (V)', 'fire_time_from_fire_to_flowering': '12 (f)'}"
Dichelachne crinita,,,,"{'post_fire_recruitment': 'post_fire_recruitment_absent (1)', 'resprouting_capacity': 'resprouts (V)', 'resprouting_capacity_non_fire_disturbance': 'resprouts_non_fire_disturbance (f)', 'resprouting_capacity_juvenile': 'juvenile_fire_killed (1)', 'resprouting_capacity_proportion_individuals': '1 (f)', 'fire_time_from_fire_to_flowering': '12 (1); 12.093023255814 (1); 30 (1); 8.6046511627907 (1)', 'fire_time_from_fire_to_fruiting': '11.3953488372093 (1)'}"
Dichelachne inaequiglumis,,,,"{'post_fire_recruitment': 'post_fire_recruitment (1)', 'resprouting_capacity': 'resprouts (2)', 'resprouting_capacity_non_fire_disturbance': 'resprouts_non_fire_disturbance (f)', 'resprouting_capacity_juvenile': 'juvenile_fire_killed (1)', 'resprouting_capacity_proportion_individuals': '1 (f)', 'fire_time_from_fire_to_flowering': '12 (f)'}"
Dichelachne micrantha,,,,"{'post_fire_recruitment': 'post_fire_recruitment (1)', 'resprouting_capacity': 'resprouts (4)', 'resprouting_capacity_non_fire_disturbance': 'resprouts_non_fire_disturbance (f)', 'resprouting_capacity_juvenile': 'juvenile_resprout (f)', 'resprouting_capacity_proportion_individuals': '1 (f)', 'fire_time_from_fire_to_flowering': '12 (V)'}"
Dichelachne parva,,,,"{'post_fire_recruitment': 'post_fire_recruitment (f)', 'resprouting_capacity': 'resprouts (f)', 'resprouting_capacity_non_fire_disturbance': 'resprouts_non_fire_disturbance (f)', 'resprouting_capacity_juvenile': 'juvenile_resprout (f)', 'resprouting_capacity_proportion_individuals': '1 (f)', 'fire_time_from_fire_to_flowering': '9.06976744186047 (1)'}"
Dichelachne rara,,,,"{'post_fire_recruitment': 'post_fire_recruitment (f)', 'resprouting_capacity': 'resprouts (V)', 'resprouting_capacity_non_fire_disturbance': 'resprouts_non_fire_disturbance (f)', 'resprouting_capacity_juvenile': 'juvenile_fire_killed (1)', 'resprouting_capacity_proportion_individuals': '1 (f)', 'fire_time_from_fire_to_flowering': '12 (1); 9.53488372093023 (1)'}"
Dichondra repens,,,,"{'post_fire_recruitment': 'post_fire_recruitment (1)', 'resprouting_capacity': 'resprouts (V)', 'resprouting_capacity_non_fire_disturbance': 'resprouts_non_fire_disturbance (1)', 'resprouting_capacity_juvenile': 'juvenile_fire_killed (1)', 'fire_time_from_fire_to_fruiting': '4.18604651162791 (1)'}"
Digitaria didactyla,,,,"{'post_fire_recruitment': 'post_fire_recruitment (f)', 'resprouting_capacity': 'fire_killed (1); resprouts (1)', 'resprouting_capacity_non_fire_disturbance': 'resprouts_non_fire_disturbance (1)', 'resprouting_capacity_juvenile': 'juvenile_resprout (f)', 'resprouting_capacity_proportion_individuals': '1 (f)', 'fire_time_from_fire_to_flowering': '12 (f)'}"
Digitaria parviflora,,,,"{'post_fire_recruitment': 'post_fire_recruitment (f)', 'resprouting_capacity': 'resprouts (5)', 'resprouting_capacity_non_fire_disturbance': 'resprouts_non_fire_disturbance (1)', 'resprouting_capacity_juvenile': 'juvenile_resprout (f)', 'resprouting_capacity_proportion_individuals': '1 (f)', 'fire_time_from_fire_to_flowering': '12 (1); 3.02325581395349 (1); 6.97674418604651 (1)', 'fire_time_from_fire_to_fruiting': '6.97674418604651 (1)'}"
Digitaria ramularis,,,,"{'post_fire_recruitment': 'post_fire_recruitment (f)', 'resprouting_capacity': 'resprouts (1)', 'resprouting_capacity_non_fire_disturbance': 'resprouts_non_fire_disturbance (1)', 'resprouting_capacity_juvenile': 'juvenile_resprout (f)', 'resprouting_capacity_proportion_individuals': '1 (f)', 'fire_time_from_fire_to_flowering': '12 (f)'}"
Dillwynia parvifolia,,,,"{'post_fire_recruitment': 'post_fire_recruitment (f)', 'resprouting_capacity': 'fire_killed (f)', 'resprouting_capacity_non_fire_disturbance': 'resprouts_non_fire_disturbance (f)', 'resprouting_capacity_juvenile': 'juvenile_fire_killed (f)'}"
Dillwynia retorta,,,,"{'post_fire_recruitment': 'post_fire_recruitment (3)', 'resprouting_capacity': 'fire_killed (9)', 'resprouting_capacity_non_fire_disturbance': 'resprouts_non_fire_disturbance (f)', 'resprouting_capacity_juvenile': 'juvenile_fire_killed (f)', 'fire_time_from_fire_to_flowering': '19.7674418604651 (1); 36 (1); 36.2790697674419 (1)', 'fire_time_from_fire_to_fruiting': '34.8837209302326 (1)', 'fire_time_from_fire_to_peak_flowering': '60 (1)'}"
Dillwynia sericea,,,,"{'post_fire_recruitment': 'post_fire_recruitment (2)', 'resprouting_capacity': 'fire_killed (V); resprouts (V)', 'resprouting_capacity_non_fire_disturbance': 'resprouts_non_fire_disturbance (1)', 'resprouting_capacity_juvenile': 'juvenile_fire_killed (1)', 'fire_time_from_fire_to_flowering': '24 (1)'}"
Dillwynia sieberi,,,,"{'post_fire_recruitment': 'post_fire_recruitment (1)', 'resprouting_capacity': 'fire_killed (V)', 'resprouting_capacity_non_fire_disturbance': 'resprouts_non_fire_disturbance (f)', 'resprouting_capacity_juvenile': 'juvenile_fire_killed (f)'}"
Dipodium punctatum,,,,"{'post_fire_recruitment': 'post_fire_recruitment_absent (1)', 'post_fire_flowering': 'fire_enhanced_flowering (f)', 'resprouting_capacity': 'resprouts (4)', 'resprouting_capacity_non_fire_disturbance': 'resprouts_non_fire_disturbance (2)', 'resprouting_capacity_juvenile': 'juvenile_resprout (1)', 'fire_time_from_fire_to_flowering': '12 (1)'}"
Dipodium variegatum,,,,"{'post_fire_recruitment': 'post_fire_recruitment_absent (f)', 'post_fire_flowering': 'fire_enhanced_flowering (f)', 'resprouting_capacity': 'resprouts (3)', 'resprouting_capacity_non_fire_disturbance': 'resprouts_non_fire_disturbance (1)', 'resprouting_capacity_juvenile': 'juvenile_resprout (f)', 'fire_time_from_fire_to_flowering': '11.3953488372093 (1)'}"
Diuris aurea,,,,"{'post_fire_recruitment': 'post_fire_recruitment_absent (f)', 'post_fire_flowering': 'fire_enhanced_flowering (f)', 'resprouting_capacity': 'resprouts (1)', 'resprouting_capacity_non_fire_disturbance': 'resprouts_non_fire_disturbance (f)', 'resprouting_capacity_juvenile': 'juvenile_resprout (f)', 'fire_time_from_fire_to_flowering': '8.6046511627907 (1)', 'fire_time_from_fire_to_fruiting': '9.76744186046512 (1)'}"
Diuris maculata,,,,"{'post_fire_recruitment': 'post_fire_recruitment_absent (1)', 'post_fire_flowering': 'fire_enhanced_flowering (f)', 'resprouting_capacity': 'resprouts (4)', 'resprouting_capacity_non_fire_disturbance': 'resprouts_non_fire_disturbance (1)', 'resprouting_capacity_juvenile': 'juvenile_resprout (f)', 'fire_time_from_fire_to_flowering': '12 (V)', 'fire_time_from_fire_to_fruiting': '8.37209302325581 (1)', 'fire_time_from_fire_to_peak_flowering': '12 (1)'}"
Diuris sulphurea,,,,"{'post_fire_recruitment': 'post_fire_recruitment_absent (1)', 'post_fire_flowering': 'fire_enhanced_flowering (1)', 'resprouting_capacity': 'resprouts (3)', 'resprouting_capacity_non_fire_disturbance': 'resprouts_non_fire_disturbance (1)', 'resprouting_capacity_juvenile': 'juvenile_resprout (1)', 'fire_time_from_fire_to_flowering': '12 (f)'}"
Dodonaea multijuga,,,,{'resprouting_capacity': 'fire_killed (3)'}
Dodonaea triquetra,,,,"{'post_fire_recruitment': 'post_fire_recruitment (V)', 'resprouting_capacity': 'fire_killed (V)', 'fire_time_from_fire_to_flowering': '14.6511627906977 (1); 24.1860465116279 (1); 36.2790697674419 (1)', 'fire_time_from_fire_to_fruiting': '20.2325581395349 (1); 36 (1)'}"
Drosera auriculata,,,,"{'post_fire_recruitment': 'post_fire_recruitment (1); post_fire_recruitment_absent (1)', 'resprouting_capacity': 'resprouts (V)', 'resprouting_capacity_non_fire_disturbance': 'resprouts_non_fire_disturbance (1)', 'resprouting_capacity_juvenile': 'juvenile_resprout (1)', 'fire_time_from_fire_to_flowering': '6.04651162790698 (V)', 'fire_time_from_fire_to_fruiting': '6.04651162790698 (1)'}"
Drosera glanduligera,,,,"{'post_fire_recruitment': 'post_fire_recruitment (1); post_fire_recruitment_absent (1)', 'resprouting_capacity': 'resprouts (V)', 'resprouting_capacity_non_fire_disturbance': 'resprouts_non_fire_disturbance (1)', 'fire_time_from_fire_to_flowering': '12 (V)'}"
Drosera peltata,,,,"{'post_fire_recruitment': 'post_fire_recruitment (V)', 'resprouting_capacity': 'resprouts (V)', 'resprouting_capacity_non_fire_disturbance': 'resprouts_non_fire_disturbance (2)', 'resprouting_capacity_juvenile': 'juvenile_resprout (1)', 'fire_time_from_fire_to_flowering': '24 (1); 3.6 (1); 3.95348837209302 (1); 7.44186046511628 (1)', 'fire_time_from_fire_to_fruiting': '7.44186046511628 (1)'}"
Drosera pygmaea,,,,"{'post_fire_recruitment': 'post_fire_recruitment (1); post_fire_recruitment_absent (1)', 'resprouting_capacity': 'fire_killed (V)', 'fire_time_from_fire_to_flowering': '12 (1)'}"
Drosera spatulata,,,,"{'resprouting_capacity': 'resprouts (V)', 'resprouting_capacity_non_fire_disturbance': 'resprouts_non_fire_disturbance (1)', 'fire_time_from_fire_to_flowering': '12 (1); 14.6511627906977 (1); 9.53488372093023 (1)', 'fire_time_from_fire_to_fruiting': '14.6511627906977 (1)'}"
Echinopogon caespitosus,,,,"{'post_fire_recruitment': 'post_fire_recruitment (f)', 'resprouting_capacity': 'resprouts (2)', 'resprouting_capacity_non_fire_disturbance': 'resprouts_non_fire_disturbance (f)', 'resprouting_capacity_juvenile': 'juvenile_resprout (f)', 'resprouting_capacity_proportion_individuals': '1 (f)', 'fire_time_from_fire_to_flowering': '1.86046511627907 (1); 3.48837209302326 (1)', 'fire_time_from_fire_to_fruiting': '3.48837209302326 (1)'}"
Echinopogon ovatus,,,,"{'post_fire_recruitment': 'post_fire_recruitment (f)', 'resprouting_capacity': 'partial_resprouting (V)', 'resprouting_capacity_non_fire_disturbance': 'resprouts_non_fire_disturbance (2)', 'resprouting_capacity_juvenile': 'juvenile_resprout (1)', 'resprouting_capacity_proportion_individuals': '1 (3)', 'fire_time_from_fire_to_flowering': '21 (1)'}"
Eclipta prostrata,,,,"{'post_fire_recruitment': 'post_fire_recruitment (f)', 'resprouting_capacity': 'fire_killed (1)', 'resprouting_capacity_non_fire_disturbance': 'resprouts_non_fire_disturbance (f)', 'resprouting_capacity_juvenile': 'juvenile_fire_killed (f)', 'fire_time_from_fire_to_flowering': '12 (f)'}"
Einadia hastata,,,,"{'post_fire_recruitment': 'post_fire_recruitment_absent (V)', 'resprouting_capacity': 'fire_killed (3)', 'resprouting_capacity_juvenile': 'juvenile_fire_killed (1)'}"
Einadia polygonoides,,,,"{'post_fire_recruitment': 'post_fire_recruitment_absent (1)', 'resprouting_capacity': 'fire_killed (1)'}"
Einadia trigonos,,,,"{'post_fire_recruitment': 'post_fire_recruitment_absent (1)', 'resprouting_capacity': 'fire_killed (3)', 'resprouting_capacity_juvenile': 'juvenile_fire_killed (1)'}"
Elaeocarpus reticulatus,,,,"{'post_fire_recruitment': 'post_fire_recruitment (V)', 'resprouting_capacity': 'resprouts (V)', 'fire_time_from_fire_to_flowering': '46.7441860465116 (1); 60 (1); 60.4651162790698 (1)', 'fire_time_from_fire_to_fruiting': '60.4651162790698 (1)'}"
Eleocharis gracilis,,,,"{'resprouting_capacity': 'resprouts (2)', 'resprouting_capacity_non_fire_disturbance': 'resprouts_non_fire_disturbance (1)', 'resprouting_capacity_juvenile': 'juvenile_resprout (1)'}"
Eleocharis sphacelata,,,,"{'resprouting_capacity': 'resprouts (5)', 'resprouting_capacity_non_fire_disturbance': 'resprouts_non_fire_disturbance (1)', 'resprouting_capacity_juvenile': 'juvenile_fire_killed (1)'}"
Entolasia marginata,,,,"{'post_fire_recruitment': 'post_fire_recruitment (1)', 'resprouting_capacity': 'resprouts (4)', 'resprouting_capacity_non_fire_disturbance': 'resprouts_non_fire_disturbance (1)', 'resprouting_capacity_juvenile': 'juvenile_resprout (f)', 'resprouting_capacity_proportion_individuals': '1 (f)', 'fire_time_from_fire_to_flowering': '12 (1); 2.09302325581395 (1); 6.51162790697674 (1)', 'fire_time_from_fire_to_fruiting': '6.51162790697674 (1)'}"
Entolasia whiteana,,,,"{'post_fire_recruitment': 'post_fire_recruitment (f)', 'resprouting_capacity': 'resprouts (f)', 'resprouting_capacity_non_fire_disturbance': 'resprouts_non_fire_disturbance (f)', 'resprouting_capacity_juvenile': 'juvenile_resprout (f)', 'resprouting_capacity_proportion_individuals': '1 (f)', 'fire_time_from_fire_to_flowering': '12 (f)'}"
Epacris longiflora,,,,"{'post_fire_recruitment': 'post_fire_recruitment (2)', 'resprouting_capacity': 'fire_killed (5)', 'fire_time_from_fire_to_flowering': '28.8372093023256 (1)'}"
Epacris microphylla,,,,"{'post_fire_recruitment': 'post_fire_recruitment (2)', 'post_fire_flowering': 'fire_enhanced_flowering (1)', 'resprouting_capacity': 'fire_killed (V)', 'fire_time_from_fire_to_flowering': '20 (1); 24 (1)', 'fire_time_from_fire_to_peak_flowering': '48 (1); 72 (1)'}"
Epacris pulchella,,,,"{'post_fire_recruitment': 'post_fire_recruitment (1)', 'resprouting_capacity': 'fire_killed (V)', 'fire_time_from_fire_to_flowering': '24.1860465116279 (1); 27.906976744186 (1); 32.4 (1); 36.2790697674419 (1)', 'fire_time_from_fire_to_fruiting': '28.3720930232558 (1); 34.8 (1)'}"
Epilobium hirtigerum,,,,{'resprouting_capacity': 'fire_killed (1)'}
Eragrostis brownii,,,,"{'post_fire_recruitment': 'post_fire_recruitment (2)', 'resprouting_capacity': 'partial_resprouting (V)', 'resprouting_capacity_non_fire_disturbance': 'resprouts_non_fire_disturbance (f)', 'resprouting_capacity_juvenile': 'juvenile_resprout (1)', 'resprouting_capacity_proportion_individuals': '1 (3)', 'fire_time_from_fire_to_flowering': '1.86046511627907 (1); 3.6 (1)'}"
Eragrostis leptostachya,,,,"{'post_fire_recruitment': 'post_fire_recruitment (f)', 'resprouting_capacity': 'resprouts (3)', 'resprouting_capacity_non_fire_disturbance': 'resprouts_non_fire_disturbance (f)', 'resprouting_capacity_juvenile': 'juvenile_resprout (f)', 'resprouting_capacity_proportion_individuals': '1 (f)', 'fire_time_from_fire_to_flowering': '2.09302325581395 (1); 3.6 (1)'}"
Eragrostis parviflora,,,,"{'post_fire_recruitment': 'post_fire_recruitment (f)', 'resprouting_capacity': 'fire_killed (1)', 'resprouting_capacity_non_fire_disturbance': 'resprouts_non_fire_disturbance (f)', 'resprouting_capacity_juvenile': 'juvenile_resprout (f)', 'resprouting_capacity_proportion_individuals': '1 (f)', 'fire_time_from_fire_to_flowering': '12 (f)'}"
Eremophila debilis,,,,"{'post_fire_recruitment': 'post_fire_recruitment_absent (3)', 'resprouting_capacity': 'resprouts (V)', 'resprouting_capacity_non_fire_disturbance': 'resprouts_non_fire_disturbance (2)'}"
Eriochloa pseudoacrotricha,,,,"{'post_fire_recruitment': 'post_fire_recruitment (f)', 'resprouting_capacity': 'fire_killed (1)', 'resprouting_capacity_non_fire_disturbance': 'resprouts_non_fire_disturbance (f)', 'resprouting_capacity_juvenile': 'juvenile_resprout (f)', 'resprouting_capacity_proportion_individuals': '1 (f)', 'fire_time_from_fire_to_flowering': '12 (f)'}"
Eriostemon australasius,,,,"{'post_fire_recruitment': 'post_fire_recruitment (1)', 'resprouting_capacity': 'fire_killed (V)', 'fire_time_from_fire_to_fruiting': '60 (1)'}"
Eucalyptus acmenoides,,,,"{'post_fire_recruitment': 'post_fire_recruitment (2)', 'resprouting_capacity': 'resprouts (5)', 'resprouting_capacity_non_fire_disturbance': 'resprouts_non_fire_disturbance (f)', 'resprouting_capacity_juvenile': 'juvenile_fire_killed (f)'}"
Eucalyptus amplifolia,,,,"{'post_fire_recruitment': 'post_fire_recruitment (g)', 'resprouting_capacity': 'resprouts (1)', 'resprouting_capacity_non_fire_disturbance': 'resprouts_non_fire_disturbance (f)', 'resprouting_capacity_juvenile': 'juvenile_fire_killed (f)'}"
Eucalyptus baueriana,,,,"{'post_fire_recruitment': 'post_fire_recruitment (g)', 'resprouting_capacity': 'resprouts (3)', 'resprouting_capacity_non_fire_disturbance': 'resprouts_non_fire_disturbance (f)', 'resprouting_capacity_juvenile': 'juvenile_fire_killed (f)'}"
Eucalyptus beyeriana,,,,"{'post_fire_recruitment': 'post_fire_recruitment (g)', 'resprouting_capacity': 'resprouts (2)', 'resprouting_capacity_non_fire_disturbance': 'resprouts_non_fire_disturbance (f)', 'resprouting_capacity_juvenile': 'juvenile_fire_killed (f)'}"
Eucalyptus bosistoana,,,,"{'post_fire_recruitment': 'post_fire_recruitment (g)', 'resprouting_capacity': 'resprouts (3)', 'resprouting_capacity_non_fire_disturbance': 'resprouts_non_fire_disturbance (f)', 'resprouting_capacity_juvenile': 'juvenile_fire_killed (f)'}"
Eucalyptus botryoides,,,,"{'post_fire_recruitment': 'post_fire_recruitment (1)', 'resprouting_capacity': 'resprouts (5)', 'resprouting_capacity_non_fire_disturbance': 'resprouts_non_fire_disturbance (f)', 'resprouting_capacity_juvenile': 'juvenile_fire_killed (f)'}"
Eucalyptus capitellata,,,,"{'post_fire_recruitment': 'post_fire_recruitment (g)', 'resprouting_capacity': 'resprouts (3)', 'resprouting_capacity_non_fire_disturbance': 'resprouts_non_fire_disturbance (f)', 'resprouting_capacity_juvenile': 'juvenile_fire_killed (f)'}"
Eucalyptus crebra,,,,"{'post_fire_recruitment': 'post_fire_recruitment (2)', 'resprouting_capacity': 'resprouts (5)', 'resprouting_capacity_non_fire_disturbance': 'resprouts_non_fire_disturbance (f)', 'resprouting_capacity_juvenile': 'juvenile_fire_killed (f)'}"
Eucalyptus eugenioides,,,,"{'post_fire_recruitment': 'post_fire_recruitment (2)', 'resprouting_capacity': 'resprouts (3)', 'resprouting_capacity_non_fire_disturbance': 'resprouts_non_fire_disturbance (f)', 'resprouting_capacity_juvenile': 'juvenile_fire_killed (f)'}"
Eucalyptus fibrosa,,,,"{'post_fire_recruitment': 'post_fire_recruitment (1)', 'resprouting_capacity': 'resprouts (3)', 'resprouting_capacity_non_fire_disturbance': 'resprouts_non_fire_disturbance (f)', 'resprouting_capacity_juvenile': 'juvenile_fire_killed (f)'}"
Eucalyptus globoidea,,,,"{'post_fire_recruitment': 'post_fire_recruitment (V)', 'resprouting_capacity': 'resprouts (7)', 'resprouting_capacity_non_fire_disturbance': 'resprouts_non_fire_disturbance (f)', 'resprouting_capacity_juvenile': 'juvenile_fire_killed (f)'}"
Eucalyptus grandis,,,,"{'post_fire_recruitment': 'post_fire_recruitment (2)', 'resprouting_capacity': 'resprouts (V)', 'resprouting_capacity_non_fire_disturbance': 'resprouts_non_fire_disturbance (f)', 'resprouting_capacity_juvenile': 'juvenile_fire_killed (f)'}"
Eucalyptus longifolia,,,,"{'post_fire_recruitment': 'post_fire_recruitment (g)', 'resprouting_capacity': 'resprouts (3)', 'resprouting_capacity_non_fire_disturbance': 'resprouts_non_fire_disturbance (f)', 'resprouting_capacity_juvenile': 'juvenile_fire_killed (f)'}"
Eucalyptus microcorys,,,,"{'post_fire_recruitment': 'post_fire_recruitment (1)', 'resprouting_capacity': 'resprouts (4)', 'resprouting_capacity_non_fire_disturbance': 'resprouts_non_fire_disturbance (f)', 'resprouting_capacity_juvenile': 'juvenile_fire_killed (f)'}"
Eucalyptus moluccana,,,,"{'post_fire_recruitment': 'post_fire_recruitment (1)', 'resprouting_capacity': 'resprouts (3)', 'resprouting_capacity_non_fire_disturbance': 'resprouts_non_fire_disturbance (f)', 'resprouting_capacity_juvenile': 'juvenile_fire_killed (f)'}"
Eucalyptus paniculata,,,,"{'post_fire_recruitment': 'post_fire_recruitment (2)', 'resprouting_capacity': 'resprouts (12)', 'resprouting_capacity_non_fire_disturbance': 'resprouts_non_fire_disturbance (f)', 'resprouting_capacity_juvenile': 'juvenile_fire_killed (f)'}"
Eucalyptus pilularis,,,,"{'post_fire_recruitment': 'post_fire_recruitment (1)', 'resprouting_capacity': 'resprouts (3)', 'resprouting_capacity_non_fire_disturbance': 'resprouts_non_fire_disturbance (f)', 'resprouting_capacity_juvenile': 'juvenile_fire_killed (f)', 'fire_time_from_fire_to_flowering': '48.3720930232558 (1); 60.4651162790698 (1)'}"
Eucalyptus piperita,,,,"{'post_fire_recruitment': 'post_fire_recruitment (1)', 'resprouting_capacity': 'resprouts (5)', 'resprouting_capacity_non_fire_disturbance': 'resprouts_non_fire_disturbance (f)', 'resprouting_capacity_juvenile': 'juvenile_fire_killed (f)', 'fire_time_from_fire_to_flowering': '36.2790697674419 (1); 60.4651162790698 (1)'}"
Eucalyptus racemosa,,,,"{'post_fire_recruitment': 'post_fire_recruitment (1)', 'resprouting_capacity': 'resprouts (7)', 'resprouting_capacity_non_fire_disturbance': 'resprouts_non_fire_disturbance (f)', 'resprouting_capacity_juvenile': 'juvenile_fire_killed (f)'}"
Eucalyptus resinifera,,,,"{'post_fire_recruitment': 'post_fire_recruitment (3)', 'resprouting_capacity': 'resprouts (4)', 'resprouting_capacity_non_fire_disturbance': 'resprouts_non_fire_disturbance (f)', 'resprouting_capacity_juvenile': 'juvenile_fire_killed (2)', 'fire_time_from_fire_to_flowering': '44.1860465116279 (1)'}"
Eucalyptus robusta,,,,"{'post_fire_recruitment': 'post_fire_recruitment (g)', 'resprouting_capacity': 'resprouts (3)', 'resprouting_capacity_non_fire_disturbance': 'resprouts_non_fire_disturbance (f)', 'resprouting_capacity_juvenile': 'juvenile_fire_killed (f)'}"
Eucalyptus saligna,,,,"{'post_fire_recruitment': 'post_fire_recruitment (1)', 'resprouting_capacity': 'resprouts (4)', 'resprouting_capacity_non_fire_disturbance': 'resprouts_non_fire_disturbance (f)', 'resprouting_capacity_juvenile': 'juvenile_fire_killed (f)'}"
Eucalyptus siderophloia,,,,"{'post_fire_recruitment': 'post_fire_recruitment (1)', 'resprouting_capacity': 'resprouts (V)', 'resprouting_capacity_non_fire_disturbance': 'resprouts_non_fire_disturbance (f)', 'resprouting_capacity_juvenile': 'juvenile_fire_killed (f)'}"
Eucalyptus sideroxylon,,,,"{'post_fire_recruitment': 'post_fire_recruitment (1)', 'resprouting_capacity': 'resprouts (3)', 'resprouting_capacity_non_fire_disturbance': 'resprouts_non_fire_disturbance (f)', 'resprouting_capacity_juvenile': 'juvenile_fire_killed (f)', 'fire_time_from_fire_to_flowering': '36 (1)'}"
Eucalyptus tereticornis,,,,"{'post_fire_recruitment': 'post_fire_recruitment (1)', 'resprouting_capacity': 'resprouts (3)', 'resprouting_capacity_non_fire_disturbance': 'resprouts_non_fire_disturbance (f)', 'resprouting_capacity_juvenile': 'juvenile_fire_killed (f)'}"
Eucalyptus umbra,,,,"{'post_fire_recruitment': 'post_fire_recruitment (g)', 'resprouting_capacity': 'resprouts (4)', 'resprouting_capacity_non_fire_disturbance': 'resprouts_non_fire_disturbance (f)', 'resprouting_capacity_juvenile': 'juvenile_fire_killed (f)'}"
Euchiton involucratus,,,,"{'post_fire_recruitment': 'post_fire_recruitment (2)', 'resprouting_capacity': 'fire_killed (6)', 'resprouting_capacity_non_fire_disturbance': 'resprouts_non_fire_disturbance (f)', 'resprouting_capacity_juvenile': 'juvenile_fire_killed (f)', 'fire_time_from_fire_to_flowering': '12 (1)'}"
Euchiton sphaericus,,,,"{'post_fire_recruitment': 'post_fire_recruitment (1); post_fire_recruitment_absent (1)', 'resprouting_capacity': 'fire_killed (10)', 'resprouting_capacity_non_fire_disturbance': 'resprouts_non_fire_disturbance (f)', 'resprouting_capacity_juvenile': 'juvenile_fire_killed (1)', 'fire_time_from_fire_to_flowering': '10 (1); 6 (1)', 'fire_time_from_fire_to_fruiting': '10 (1)'}"
Euphorbia dallachyana,,,,{'resprouting_capacity': 'fire_killed (2)'}
Euryomyrtus ramosissima,,,,"{'post_fire_recruitment': 'post_fire_recruitment (1); post_fire_recruitment_absent (1)', 'resprouting_capacity': 'resprouts (V)', 'resprouting_capacity_non_fire_disturbance': 'resprouts_non_fire_disturbance (2)', 'resprouting_capacity_juvenile': 'juvenile_fire_killed (1)', 'fire_time_from_fire_to_flowering': '32.3255813953488 (1)'}"
Eustrephus latifolius,,,,"{'post_fire_recruitment': 'post_fire_recruitment (2); post_fire_recruitment_absent (2)', 'resprouting_capacity': 'resprouts (V)', 'resprouting_capacity_non_fire_disturbance': 'resprouts_non_fire_disturbance (3)', 'fire_time_from_fire_to_flowering': '12 (1); 3.48837209302326 (1); 8.13953488372093 (1)', 'fire_time_from_fire_to_fruiting': '8.13953488372093 (1)'}"
Exocarpos cupressiformis,,,,"{'post_fire_recruitment': 'post_fire_recruitment (V)', 'resprouting_capacity': 'resprouts (V)', 'resprouting_capacity_non_fire_disturbance': 'resprouts_non_fire_disturbance (1)', 'resprouting_capacity_juvenile': 'juvenile_fire_killed (1)', 'fire_time_from_fire_to_flowering': '120 (1); 14.1860465116279 (1); 36 (1)', 'fire_time_from_fire_to_fruiting': '44.1860465116279 (1)'}"
Exocarpos strictus,,,,"{'post_fire_recruitment': 'post_fire_recruitment (1); post_fire_recruitment_absent (1)', 'resprouting_capacity': 'resprouts (4)', 'resprouting_capacity_non_fire_disturbance': 'resprouts_non_fire_disturbance (1)', 'resprouting_capacity_juvenile': 'juvenile_fire_killed (1)'}"
Ficus macrophylla,,,,"{'resprouting_capacity': 'resprouts (1)', 'resprouting_capacity_non_fire_disturbance': 'resprouts_non_fire_disturbance (1)'}"
Ficus rubiginosa,,,,"{'post_fire_recruitment': 'post_fire_recruitment (1)', 'resprouting_capacity': 'resprouts (5)', 'resprouting_capacity_non_fire_disturbance': 'resprouts_non_fire_disturbance (1)', 'fire_time_from_fire_to_flowering': '32.4 (1)', 'fire_time_from_fire_to_fruiting': '32.5581395348837 (1)'}"
Fimbristylis dichotoma,,,,"{'resprouting_capacity': 'resprouts (V)', 'resprouting_capacity_non_fire_disturbance': 'resprouts_non_fire_disturbance (f)', 'resprouting_capacity_juvenile': 'juvenile_fire_killed (f)', 'fire_time_from_fire_to_fruiting': '16.5116279069767 (1)'}"
Gahnia aspera,,,,"{'resprouting_capacity': 'resprouts (2)', 'resprouting_capacity_non_fire_disturbance': 'resprouts_non_fire_disturbance (1)', 'resprouting_capacity_juvenile': 'juvenile_fire_killed (f)'}"
Gahnia clarkei,,,,"{'resprouting_capacity': 'resprouts (3)', 'resprouting_capacity_non_fire_disturbance': 'resprouts_non_fire_disturbance (1)', 'resprouting_capacity_juvenile': 'juvenile_fire_killed (f)', 'fire_time_from_fire_to_flowering': '36 (1); 36.2790697674419 (1)', 'fire_time_from_fire_to_fruiting': '36.9767441860465 (1)'}"
Gahnia filum,,,,"{'resprouting_capacity': 'resprouts (1)', 'resprouting_capacity_non_fire_disturbance': 'resprouts_non_fire_disturbance (1)', 'resprouting_capacity_juvenile': 'juvenile_fire_killed (f)'}"
Gahnia melanocarpa,,,,"{'resprouting_capacity': 'resprouts (4)', 'resprouting_capacity_non_fire_disturbance': 'resprouts_non_fire_disturbance (1)', 'resprouting_capacity_juvenile': 'juvenile_fire_killed (1)', 'fire_time_from_fire_to_flowering': '24 (1); 24.1860465116279 (1); 36.2790697674419 (1)', 'fire_time_from_fire_to_fruiting': '29.0697674418605 (1)'}"
Gahnia sieberiana,,,,"{'post_fire_recruitment': 'post_fire_recruitment (V)', 'resprouting_capacity': 'resprouts (4)', 'resprouting_capacity_non_fire_disturbance': 'resprouts_non_fire_disturbance (1)', 'resprouting_capacity_juvenile': 'juvenile_fire_killed (1)', 'fire_time_from_fire_to_flowering': '24 (1)'}"
Galium gaudichaudii,,,,"{'resprouting_capacity': 'resprouts (V)', 'resprouting_capacity_non_fire_disturbance': 'resprouts_non_fire_disturbance (2)', 'resprouting_capacity_juvenile': 'juvenile_fire_killed (1)'}"
Galium leiocarpum,,,,"{'resprouting_capacity': 'resprouts (2)', 'resprouting_capacity_non_fire_disturbance': 'resprouts_non_fire_disturbance (1)'}"
Geitonoplesium cymosum,,,,"{'post_fire_recruitment': 'post_fire_recruitment_absent (1)', 'resprouting_capacity': 'resprouts (5)', 'resprouting_capacity_non_fire_disturbance': 'resprouts_non_fire_disturbance (1)', 'fire_time_from_fire_to_flowering': '8.13953488372093 (1)'}"
Geranium homeanum,,,,"{'resprouting_capacity': 'resprouts (V)', 'resprouting_capacity_non_fire_disturbance': 'resprouts_non_fire_disturbance (1)', 'fire_time_from_fire_to_flowering': '4.41860465116279 (1)', 'fire_time_from_fire_to_fruiting': '4.41860465116279 (1)'}"
Geranium solanderi,,,,"{'resprouting_capacity': 'fire_killed (2); resprouts (2)', 'resprouting_capacity_non_fire_disturbance': 'resprouts_non_fire_disturbance (1)', 'resprouting_capacity_juvenile': 'juvenile_resprout (1)', 'fire_time_from_fire_to_flowering': '6 (1)'}"
Glossocardia bidens,,,,"{'post_fire_recruitment': 'post_fire_recruitment (f)', 'resprouting_capacity': 'fire_killed (3)', 'resprouting_capacity_non_fire_disturbance': 'resprouts_non_fire_disturbance (f)', 'resprouting_capacity_juvenile': 'juvenile_fire_killed (f)', 'fire_time_from_fire_to_flowering': '12 (f)'}"
Glossodia major,,,,"{'post_fire_recruitment': 'post_fire_recruitment_absent (1)', 'post_fire_flowering': 'fire_enhanced_flowering (1)', 'resprouting_capacity': 'resprouts (V)', 'resprouting_capacity_non_fire_disturbance': 'resprouts_non_fire_disturbance (1)', 'resprouting_capacity_juvenile': 'juvenile_resprout (1)', 'fire_time_from_fire_to_flowering': '12 (V)'}"
Glossodia minor,,,,"{'post_fire_recruitment': 'post_fire_recruitment_absent (f)', 'post_fire_flowering': 'fire_enhanced_flowering (1)', 'resprouting_capacity': 'resprouts (4)', 'resprouting_capacity_non_fire_disturbance': 'resprouts_non_fire_disturbance (1)', 'resprouting_capacity_juvenile': 'juvenile_resprout (f)', 'fire_time_from_fire_to_flowering': '7.2093023255814 (1); 9 (1)', 'fire_time_from_fire_to_fruiting': '8.37209302325581 (1)'}"
Glycine microphylla,,,,"{'post_fire_recruitment': 'post_fire_recruitment (1)', 'resprouting_capacity': 'resprouts (3)', 'resprouting_capacity_non_fire_disturbance': 'resprouts_non_fire_disturbance (1)', 'resprouting_capacity_juvenile': 'juvenile_fire_killed (f)'}"
Glycine tabacina,,,,"{'post_fire_recruitment': 'post_fire_recruitment (1)', 'resprouting_capacity': 'resprouts (7)', 'resprouting_capacity_non_fire_disturbance': 'resprouts_non_fire_disturbance (3)', 'resprouting_capacity_juvenile': 'juvenile_fire_killed (f)', 'fire_time_from_fire_to_flowering': '2.32558139534884 (1); 6 (1); 6.97674418604651 (1)', 'fire_time_from_fire_to_fruiting': '6.97674418604651 (1)'}"
Gompholobium glabratum,,,,"{'post_fire_recruitment': 'post_fire_recruitment (3)', 'resprouting_capacity': 'fire_killed (V)', 'resprouting_capacity_non_fire_disturbance': 'resprouts_non_fire_disturbance (1)', 'resprouting_capacity_juvenile': 'juvenile_fire_killed (f)', 'fire_time_from_fire_to_flowering': '24.1860465116279 (1)', 'fire_time_from_fire_to_fruiting': '20.6976744186047 (1)'}"
Gompholobium grandiflorum,,,,"{'post_fire_recruitment': 'post_fire_recruitment (2)', 'resprouting_capacity': 'resprouts (V)', 'resprouting_capacity_non_fire_disturbance': 'resprouts_non_fire_disturbance (f)', 'resprouting_capacity_juvenile': 'juvenile_fire_killed (f)', 'fire_time_from_fire_to_flowering': '20.9302325581395 (1); 24.1860465116279 (1); 30 (1); 36.2790697674419 (1)', 'fire_time_from_fire_to_fruiting': '29.0697674418605 (1)'}"
Gonocarpus tetragynus,,,,"{'post_fire_recruitment': 'post_fire_recruitment (V)', 'resprouting_capacity': 'resprouts (V)', 'resprouting_capacity_non_fire_disturbance': 'resprouts_non_fire_disturbance (1)', 'resprouting_capacity_juvenile': 'juvenile_fire_killed (1)', 'fire_time_from_fire_to_flowering': '12 (2); 24 (2)'}"
Goodenia bellidifolia,,,,"{'resprouting_capacity': 'resprouts (3)', 'fire_time_from_fire_to_flowering': '12.093023255814 (1); 7.2093023255814 (1)', 'fire_time_from_fire_to_fruiting': '11.8604651162791 (1)'}"
Goodenia hederacea,,,,"{'post_fire_recruitment': 'post_fire_recruitment (1); post_fire_recruitment_absent (1)', 'resprouting_capacity': 'resprouts (6)', 'resprouting_capacity_non_fire_disturbance': 'resprouts_non_fire_disturbance (1)', 'resprouting_capacity_juvenile': 'juvenile_resprout (1)', 'fire_time_from_fire_to_flowering': '12 (1); 12.093023255814 (1); 9.06976744186047 (1)', 'fire_time_from_fire_to_fruiting': '11.3953488372093 (1)'}"
Goodenia ovata,,,,"{'post_fire_recruitment': 'post_fire_recruitment (1)', 'resprouting_capacity': 'fire_killed (V)', 'resprouting_capacity_juvenile': 'juvenile_resprout (1)', 'fire_time_from_fire_to_flowering': '24.1860465116279 (1); 33.2558139534884 (1); 36.2790697674419 (1)', 'fire_time_from_fire_to_fruiting': '33.953488372093 (1)'}"
Goodenia paniculata,,,,"{'resprouting_capacity': 'resprouts (3)', 'resprouting_capacity_non_fire_disturbance': 'resprouts_non_fire_disturbance (1)', 'fire_time_from_fire_to_flowering': '2.32558139534884 (1); 4.65116279069767 (1); 6 (1)'}"
Gratiola pedunculata,,,,"{'resprouting_capacity': 'fire_killed (1); resprouts (1)', 'resprouting_capacity_non_fire_disturbance': 'resprouts_non_fire_disturbance (1)'}"
Grevillea mucronulata,,,,"{'post_fire_recruitment': 'post_fire_recruitment (1)', 'resprouting_capacity': 'fire_killed (1); partial_resprouting (1)', 'resprouting_capacity_non_fire_disturbance': 'resprouts_non_fire_disturbance (f)'}"
Grevillea robusta,,,,"{'post_fire_recruitment': 'post_fire_recruitment (f)', 'resprouting_capacity': 'resprouts (f)', 'resprouting_capacity_non_fire_disturbance': 'resprouts_non_fire_disturbance (f)'}"
Grevillea sericea,,,,"{'post_fire_recruitment': 'post_fire_recruitment (1)', 'resprouting_capacity': 'fire_killed (V)', 'resprouting_capacity_non_fire_disturbance': 'resprouts_non_fire_disturbance (f)', 'fire_time_from_fire_to_flowering': '13.0232558139535 (1); 24.1860465116279 (1); 36.2790697674419 (1)', 'fire_time_from_fire_to_fruiting': '26.5116279069767 (1)', 'fire_time_from_fire_to_peak_flowering': '48 (1); 72 (1)', 'fire_time_from_fire_to_50_percent_flowering': '24.1860465116279 (1)'}"
Grevillea sphacelata,,,,"{'post_fire_recruitment': 'post_fire_recruitment (f)', 'resprouting_capacity': 'resprouts (V)', 'resprouting_capacity_non_fire_disturbance': 'resprouts_non_fire_disturbance (f)'}"
Guioa semiglauca,,,,"{'post_fire_recruitment': 'post_fire_recruitment_absent (1)', 'resprouting_capacity': 'resprouts (3)'}"
Haemodorum planifolium,,,,"{'resprouting_capacity': 'resprouts (4)', 'resprouting_capacity_non_fire_disturbance': 'resprouts_non_fire_disturbance (1)', 'fire_time_from_fire_to_flowering': '13.0232558139535 (1); 18 (1); 9.76744186046512 (1)', 'fire_time_from_fire_to_fruiting': '13.0232558139535 (1)', 'fire_time_from_fire_to_peak_flowering': '12 (1)'}"
Hakea dactyloides,,,,"{'post_fire_recruitment': 'post_fire_recruitment (4)', 'resprouting_capacity': 'resprouts (V)', 'resprouting_capacity_non_fire_disturbance': 'resprouts_non_fire_disturbance (3)', 'resprouting_capacity_juvenile': 'juvenile_fire_killed (1)', 'fire_time_from_fire_to_flowering': '78.6046511627907 (1)', 'fire_time_from_fire_to_fruiting': '78.6046511627907 (1)'}"
Hakea laevipes,,,,"{'post_fire_recruitment': 'post_fire_recruitment (1)', 'resprouting_capacity': 'resprouts (1)', 'resprouting_capacity_non_fire_disturbance': 'resprouts_non_fire_disturbance (f)'}"
Hakea salicifolia,,,,"{'post_fire_recruitment': 'post_fire_recruitment (2)', 'resprouting_capacity': 'fire_killed (3)', 'resprouting_capacity_non_fire_disturbance': 'resprouts_non_fire_disturbance (f)', 'fire_time_from_fire_to_flowering': '68.6046511627907 (1); 78.6046511627907 (1)', 'fire_time_from_fire_to_fruiting': '78.6046511627907 (1)'}"
Hakea sericea,,,,"{'post_fire_recruitment': 'post_fire_recruitment (3)', 'resprouting_capacity': 'fire_killed (4)', 'resprouting_capacity_non_fire_disturbance': 'resprouts_non_fire_disturbance (f)', 'resprouting_capacity_juvenile': 'juvenile_fire_killed (1)', 'fire_time_from_fire_to_flowering': '30 (1); 36.2790697674419 (1); 48.3720930232558 (1)', 'fire_time_from_fire_to_fruiting': '37.906976744186 (1)'}"
Hakea teretifolia,,,,"{'post_fire_recruitment': 'post_fire_recruitment (3)', 'resprouting_capacity': 'fire_killed (V)', 'resprouting_capacity_non_fire_disturbance': 'resprouts_non_fire_disturbance (1)', 'resprouting_capacity_juvenile': 'juvenile_fire_killed (1)', 'resprouting_capacity_proportion_individuals': '0 (5)', 'fire_time_from_fire_to_flowering': '35.5813953488372 (1); 36.2790697674419 (1); 60.4651162790698 (1)', 'fire_time_from_fire_to_fruiting': '42.7906976744186 (1)'}"
Hardenbergia violacea,,,,"{'post_fire_recruitment': 'post_fire_recruitment (4)', 'resprouting_capacity': 'resprouts (V)', 'resprouting_capacity_non_fire_disturbance': 'resprouts_non_fire_disturbance (f)', 'resprouting_capacity_juvenile': 'juvenile_fire_killed (f)', 'fire_time_from_fire_to_flowering': '12 (V)', 'fire_time_from_fire_to_fruiting': '9.30232558139535 (1)', 'fire_time_from_fire_to_peak_flowering': '36 (1); 60 (1)'}"
Hemigenia purpurea,,,,"{'post_fire_recruitment': 'post_fire_recruitment (1)', 'resprouting_capacity': 'fire_killed (V)', 'fire_time_from_fire_to_flowering': '23.2558139534884 (1); 24.1860465116279 (1)', 'fire_time_from_fire_to_fruiting': '24.1860465116279 (1)'}"
Hibbertia aspera,,,,"{'resprouting_capacity': 'resprouts (V)', 'resprouting_capacity_non_fire_disturbance': 'resprouts_non_fire_disturbance (1)', 'fire_time_from_fire_to_flowering': '11.6279069767442 (1)'}"
Hibbertia circumdans,,,,"{'resprouting_capacity': 'resprouts (1)', 'resprouting_capacity_non_fire_disturbance': 'resprouts_non_fire_disturbance (1)'}"
Hibbertia dentata,,,,"{'post_fire_recruitment': 'post_fire_recruitment (1)', 'resprouting_capacity': 'resprouts (6)', 'resprouting_capacity_non_fire_disturbance': 'resprouts_non_fire_disturbance (3)', 'fire_time_from_fire_to_flowering': '12 (1); 8.83720930232558 (1)', 'fire_time_from_fire_to_peak_flowering': '48 (1); 60 (1)'}"
Hibbertia diffusa,,,,"{'post_fire_recruitment': 'post_fire_recruitment (1)', 'resprouting_capacity': 'resprouts (V)', 'resprouting_capacity_non_fire_disturbance': 'resprouts_non_fire_disturbance (1)', 'fire_time_from_fire_to_flowering': '5.34883720930233 (1); 6 (1)'}"
Wahlenbergia multicaulis,,,,"{'post_fire_recruitment': 'post_fire_recruitment (1)', 'resprouting_capacity': 'resprouts (V)', 'resprouting_capacity_non_fire_disturbance': 'resprouts_non_fire_disturbance (1)', 'resprouting_capacity_juvenile': 'juvenile_resprout (1)', 'fire_time_from_fire_to_flowering': '32 (1)'}"
Hibbertia nitida,,,,"{'resprouting_capacity': 'fire_killed (3)', 'resprouting_capacity_non_fire_disturbance': 'resprouts_non_fire_disturbance (g)'}"
Hibbertia pedunculata,,,,"{'resprouting_capacity': 'resprouts (3)', 'resprouting_capacity_non_fire_disturbance': 'resprouts_non_fire_disturbance (1)'}"
Hibbertia scandens,,,,"{'post_fire_recruitment': 'post_fire_recruitment (1)', 'resprouting_capacity': 'resprouts (V)', 'resprouting_capacity_non_fire_disturbance': 'resprouts_non_fire_disturbance (g)'}"
Homalanthus populifolius,,,,"{'post_fire_recruitment': 'post_fire_recruitment (1)', 'resprouting_capacity': 'resprouts (V)'}"
Hovea linearis,,,,"{'post_fire_recruitment': 'post_fire_recruitment (2)', 'resprouting_capacity': 'resprouts (V)', 'resprouting_capacity_non_fire_disturbance': 'resprouts_non_fire_disturbance (f)', 'resprouting_capacity_juvenile': 'juvenile_fire_killed (f)', 'fire_time_from_fire_to_flowering': '24 (1); 24.1860465116279 (1); 36 (1); 7.2093023255814 (1)', 'fire_time_from_fire_to_fruiting': '23.2558139534884 (1)'}"
Hovea longifolia,,,,"{'post_fire_recruitment': 'post_fire_recruitment (f)', 'resprouting_capacity': 'fire_killed (V)', 'resprouting_capacity_non_fire_disturbance': 'resprouts_non_fire_disturbance (1)', 'resprouting_capacity_juvenile': 'juvenile_fire_killed (f)', 'fire_time_from_fire_to_flowering': '44.1860465116279 (1); 48.3720930232558 (1)', 'fire_time_from_fire_to_fruiting': '46.046511627907 (1)'}"
Hydrocotyle sibthorpioides,,,,"{'post_fire_recruitment': 'post_fire_recruitment (1)', 'resprouting_capacity': 'resprouts (4)', 'resprouting_capacity_non_fire_disturbance': 'resprouts_non_fire_disturbance (2)', 'fire_time_from_fire_to_flowering': '2.32558139534884 (1)', 'fire_time_from_fire_to_fruiting': '3.72093023255814 (1)'}"
Hypericum gramineum,,,,"{'post_fire_recruitment': 'post_fire_recruitment (2)', 'resprouting_capacity': 'resprouts (V)', 'resprouting_capacity_non_fire_disturbance': 'resprouts_non_fire_disturbance (1)', 'resprouting_capacity_juvenile': 'juvenile_fire_killed (1)', 'fire_time_from_fire_to_flowering': '12 (V)', 'fire_time_from_fire_to_fruiting': '8.83720930232558 (1)'}"
Indigofera australis,,,,"{'post_fire_recruitment': 'post_fire_recruitment (V)', 'resprouting_capacity': 'resprouts (V)', 'resprouting_capacity_non_fire_disturbance': 'resprouts_non_fire_disturbance (f)', 'resprouting_capacity_juvenile': 'juvenile_fire_killed (f)', 'resprouting_capacity_proportion_individuals': '0.6', 'fire_time_from_fire_to_flowering': '24 (2)'}"
Isolepis cernua,,,,"{'resprouting_capacity': 'fire_killed (V)', 'resprouting_capacity_non_fire_disturbance': 'resprouts_non_fire_disturbance (f)', 'resprouting_capacity_juvenile': 'juvenile_fire_killed (1)', 'fire_time_from_fire_to_flowering': '2.32558139534884 (1)'}"
Isolepis inundata,,,,"{'post_fire_recruitment': 'post_fire_recruitment_absent (1)', 'resprouting_capacity': 'fire_killed (2); resprouts (2)', 'resprouting_capacity_non_fire_disturbance': 'resprouts_non_fire_disturbance (f)', 'resprouting_capacity_juvenile': 'juvenile_fire_killed (1)', 'fire_time_from_fire_to_flowering': '12 (1); 6.51162790697674 (1)'}"
Isopogon anemonifolius,,,,"{'post_fire_recruitment': 'post_fire_recruitment (V)', 'resprouting_capacity': 'resprouts (V)', 'resprouting_capacity_non_fire_disturbance': 'resprouts_non_fire_disturbance (1)', 'fire_time_from_fire_to_flowering': '20.9302325581395 (1); 24 (1); 36.2790697674419 (1); 48 (1); 48.3720930232558 (1)', 'fire_time_from_fire_to_fruiting': '45.5813953488372 (1)'}"
Jacksonia scoparia,,,,"{'post_fire_recruitment': 'post_fire_recruitment (1); post_fire_recruitment_absent (1)', 'resprouting_capacity': 'resprouts (2)', 'resprouting_capacity_non_fire_disturbance': 'resprouts_non_fire_disturbance (f)', 'resprouting_capacity_juvenile': 'juvenile_fire_killed (f)'}"
Juncus continuus,,,,"{'resprouting_capacity': 'resprouts (3)', 'resprouting_capacity_non_fire_disturbance': 'resprouts_non_fire_disturbance (1)', 'fire_time_from_fire_to_flowering': '12 (1); 9.76744186046512 (1)'}"
Juncus homalocaulis,,,,"{'post_fire_recruitment': 'post_fire_recruitment (1)', 'resprouting_capacity': 'resprouts (3)', 'resprouting_capacity_non_fire_disturbance': 'resprouts_non_fire_disturbance (1)', 'resprouting_capacity_juvenile': 'juvenile_resprout (1)'}"
Juncus mollis,,,,"{'resprouting_capacity': 'resprouts (g)', 'resprouting_capacity_non_fire_disturbance': 'resprouts_non_fire_disturbance (g)'}"
Juncus pallidus,,,,"{'resprouting_capacity': 'resprouts (4)', 'resprouting_capacity_non_fire_disturbance': 'resprouts_non_fire_disturbance (1)', 'resprouting_capacity_juvenile': 'juvenile_resprout (1)'}"
Juncus usitatus,,,,"{'post_fire_recruitment': 'post_fire_recruitment_absent (1)', 'resprouting_capacity': 'resprouts (2)', 'resprouting_capacity_non_fire_disturbance': 'resprouts_non_fire_disturbance (1)'}"
Juncus remotiflorus,,,,"{'resprouting_capacity': 'resprouts (3)', 'resprouting_capacity_non_fire_disturbance': 'resprouts_non_fire_disturbance (1)', 'resprouting_capacity_juvenile': 'juvenile_resprout (1)'}"
Juncus subsecundus,,,,"{'resprouting_capacity': 'resprouts (6)', 'resprouting_capacity_non_fire_disturbance': 'resprouts_non_fire_disturbance (2)', 'resprouting_capacity_juvenile': 'juvenile_resprout (1)', 'fire_time_from_fire_to_flowering': '12 (1); 24 (1)'}"
Kennedia rubicunda,,,,"{'post_fire_recruitment': 'post_fire_recruitment (2)', 'resprouting_capacity': 'fire_killed (V)', 'resprouting_capacity_non_fire_disturbance': 'resprouts_non_fire_disturbance (f)', 'resprouting_capacity_juvenile': 'juvenile_fire_killed (f)', 'fire_time_from_fire_to_flowering': '12.093023255814 (1); 8.13953488372093 (1)', 'fire_time_from_fire_to_fruiting': '10.6976744186047 (1)'}"
Kunzea ambigua,,,,"{'post_fire_recruitment': 'post_fire_recruitment (f)', 'resprouting_capacity': 'fire_killed (6)', 'resprouting_capacity_non_fire_disturbance': 'resprouts_non_fire_disturbance (f)', 'resprouting_capacity_juvenile': 'juvenile_fire_killed (f)', 'fire_time_from_fire_to_flowering': '22.5581395348837 (1); 24.1860465116279 (1); 48.3720930232558 (1)', 'fire_time_from_fire_to_fruiting': '23.2558139534884 (1)'}"
Kunzea capitata,,,,"{'post_fire_recruitment': 'post_fire_recruitment (2)', 'resprouting_capacity': 'fire_killed (V)', 'resprouting_capacity_non_fire_disturbance': 'resprouts_non_fire_disturbance (f)', 'resprouting_capacity_juvenile': 'juvenile_fire_killed (f)', 'fire_time_from_fire_to_flowering': '21.1627906976744 (1); 24 (1)'}"
Lachnagrostis filiformis,,,,"{'post_fire_recruitment': 'post_fire_recruitment (1)', 'resprouting_capacity': 'partial_resprouting (V)', 'resprouting_capacity_non_fire_disturbance': 'resprouts_non_fire_disturbance (f)', 'resprouting_capacity_juvenile': 'juvenile_resprout (f)', 'resprouting_capacity_proportion_individuals': '0.2 (1); 0.4 (1); 0.6 (1)', 'fire_time_from_fire_to_flowering': '12 (V)', 'fire_time_from_fire_to_fruiting': '10.2325581395349 (1)'}"
Lagenophora gracilis,,,,"{'post_fire_recruitment': 'post_fire_recruitment (f)', 'resprouting_capacity': 'resprouts (5)', 'resprouting_capacity_non_fire_disturbance': 'resprouts_non_fire_disturbance (2)', 'resprouting_capacity_juvenile': 'juvenile_resprout (1)', 'fire_time_from_fire_to_flowering': '12 (1); 2.09302325581395 (1); 2.7906976744186 (1)', 'fire_time_from_fire_to_fruiting': '2.7906976744186 (1)'}"
Lambertia formosa,,,,"{'post_fire_recruitment': 'post_fire_recruitment (2)', 'resprouting_capacity': 'resprouts (3)', 'resprouting_capacity_non_fire_disturbance': 'resprouts_non_fire_disturbance (f)', 'fire_time_from_fire_to_flowering': '16.5116279069767 (1); 24 (1); 36.2790697674419 (1); 48.3720930232558 (1)', 'fire_time_from_fire_to_fruiting': '45.3488372093023 (1)', 'fire_time_from_fire_to_peak_flowering': '24 (1); 36 (1)', 'fire_time_from_fire_to_50_percent_flowering': '21.8604651162791 (1)'}"
Lasiopetalum ferrugineum,,,,"{'post_fire_recruitment': 'post_fire_recruitment (2)', 'resprouting_capacity': 'fire_killed (V)', 'fire_time_from_fire_to_flowering': '12 (1); 20.2325581395349 (1); 24.1860465116279 (1)', 'fire_time_from_fire_to_fruiting': '22.5581395348837 (1)', 'fire_time_from_fire_to_peak_flowering': '48 (1); 60 (1)'}"
Lasiopetalum macrophyllum,,,,"{'post_fire_recruitment': 'post_fire_recruitment (1)', 'resprouting_capacity': 'partial_resprouting (1); resprouts (1)'}"
Lasiopetalum parviflorum,,,,"{'resprouting_capacity': 'fire_killed (V)', 'fire_time_from_fire_to_flowering': '33.4883720930233 (1)'}"
Lasiopetalum rufum,,,,{'resprouting_capacity': 'fire_killed (f)'}
Laxmannia gracilis,,,,"{'resprouting_capacity': 'fire_killed (V)', 'resprouting_capacity_non_fire_disturbance': 'resprouts_non_fire_disturbance (f)', 'fire_time_from_fire_to_flowering': '10 (1); 3.6 (1)', 'fire_time_from_fire_to_fruiting': '11.8604651162791 (1)', 'fire_time_from_fire_to_50_percent_flowering': '10.6976744186047 (1)'}"
Lemna disperma,,,,"{'resprouting_capacity': 'fire_killed (2)', 'resprouting_capacity_juvenile': 'juvenile_fire_killed (1)'}"
Lepidosperma laterale,,,,"{'post_fire_recruitment': 'post_fire_recruitment (1); post_fire_recruitment_absent (1)', 'resprouting_capacity': 'resprouts (7)', 'resprouting_capacity_non_fire_disturbance': 'resprouts_non_fire_disturbance (3)', 'resprouting_capacity_juvenile': 'juvenile_fire_killed (1)', 'fire_time_from_fire_to_flowering': '11.3953488372093 (1); 13.0232558139535 (1); 15 (1)', 'fire_time_from_fire_to_fruiting': '13.0232558139535 (1)'}"
Lepidosperma gunnii,,,,"{'resprouting_capacity': 'resprouts (3)', 'resprouting_capacity_non_fire_disturbance': 'resprouts_non_fire_disturbance (1)', 'resprouting_capacity_juvenile': 'juvenile_fire_killed (f)', 'fire_time_from_fire_to_flowering': '12 (1)', 'fire_time_from_fire_to_fruiting': '14.1860465116279 (1)'}"
Leptomeria acida,,,,"{'post_fire_recruitment': 'post_fire_recruitment (1); post_fire_recruitment_absent (1)', 'resprouting_capacity': 'fire_killed (V); resprouts (V)', 'resprouting_capacity_non_fire_disturbance': 'resprouts_non_fire_disturbance (2)', 'fire_time_from_fire_to_flowering': '36.2790697674419 (1); 37.906976744186 (1); 60.4651162790698 (1)', 'fire_time_from_fire_to_fruiting': '44.1860465116279 (1)'}"
Leptospermum arachnoides,,,,"{'post_fire_recruitment': 'post_fire_recruitment (1)', 'resprouting_capacity': 'resprouts (V)', 'resprouting_capacity_non_fire_disturbance': 'resprouts_non_fire_disturbance (f)', 'resprouting_capacity_juvenile': 'juvenile_fire_killed (f)', 'fire_time_from_fire_to_flowering': '22.5581395348837 (1); 24.1860465116279 (1); 30 (1); 36.2790697674419 (1)', 'fire_time_from_fire_to_fruiting': '28.8372093023256 (1)', 'fire_time_from_fire_to_peak_flowering': '24 (1); 36 (1)'}"
Leptospermum juniperinum,,,,"{'post_fire_recruitment': 'post_fire_recruitment (1)', 'resprouting_capacity': 'resprouts (V)', 'resprouting_capacity_non_fire_disturbance': 'resprouts_non_fire_disturbance (1)', 'resprouting_capacity_juvenile': 'juvenile_fire_killed (f)', 'fire_time_from_fire_to_flowering': '24 (1)'}"
Leptospermum laevigatum,,,,"{'post_fire_recruitment': 'post_fire_recruitment (2)', 'resprouting_capacity': 'fire_killed (V)', 'resprouting_capacity_non_fire_disturbance': 'resprouts_non_fire_disturbance (f)', 'resprouting_capacity_juvenile': 'juvenile_fire_killed (1)', 'resprouting_capacity_proportion_individuals': '0 (V)'}"
Leptospermum parvifolium,,,,"{'post_fire_recruitment': 'post_fire_recruitment (f)', 'resprouting_capacity': 'resprouts (V)', 'resprouting_capacity_non_fire_disturbance': 'resprouts_non_fire_disturbance (1)', 'resprouting_capacity_juvenile': 'juvenile_fire_killed (f)', 'fire_time_from_fire_to_flowering': '20.9302325581395 (1); 36.2790697674419 (1); 48 (1); 48.3720930232558 (1)', 'fire_time_from_fire_to_fruiting': '25.1162790697674 (1)'}"
Leptospermum petersonii,,,,"{'post_fire_recruitment': 'post_fire_recruitment (f)', 'resprouting_capacity': 'resprouts (V)', 'resprouting_capacity_non_fire_disturbance': 'resprouts_non_fire_disturbance (f)', 'resprouting_capacity_juvenile': 'juvenile_fire_killed (f)', 'fire_time_from_fire_to_flowering': '36 (1)'}"
Leptospermum polygalifolium,,,,"{'post_fire_recruitment': 'post_fire_recruitment (1); post_fire_recruitment_absent (1)', 'resprouting_capacity': 'resprouts (3)', 'resprouting_capacity_non_fire_disturbance': 'resprouts_non_fire_disturbance (f)', 'resprouting_capacity_juvenile': 'juvenile_fire_killed (f)', 'fire_time_from_fire_to_flowering': '21.8604651162791 (1); 36.2790697674419 (1)', 'fire_time_from_fire_to_fruiting': '33.2558139534884 (1)', 'fire_time_from_fire_to_peak_flowering': '48 (1)'}"
Lepyrodia scariosa,,,,"{'resprouting_capacity': 'resprouts (5)', 'resprouting_capacity_non_fire_disturbance': 'resprouts_non_fire_disturbance (1)', 'fire_time_from_fire_to_flowering': '12 (1); 13.0232558139535 (1)'}"
Leucopogon amplexicaulis,,,,"{'post_fire_recruitment': 'post_fire_recruitment (1)', 'resprouting_capacity': 'fire_killed (5)', 'fire_time_from_fire_to_flowering': '20.2325581395349 (1); 36.2790697674419 (1); 48.3720930232558 (1)', 'fire_time_from_fire_to_fruiting': '33.0232558139535 (1)'}"
Leucopogon ericoides,,,,"{'post_fire_recruitment': 'post_fire_recruitment (3)', 'resprouting_capacity': 'fire_killed (V)', 'resprouting_capacity_juvenile': 'juvenile_fire_killed (1)', 'fire_time_from_fire_to_flowering': '31.3953488372093 (1); 36.2790697674419 (1)', 'fire_time_from_fire_to_fruiting': '33.2558139534884 (1)', 'fire_time_from_fire_to_peak_flowering': '48 (1); 72 (1)'}"
Leucopogon juniperinus,,,,"{'post_fire_recruitment': 'post_fire_recruitment (1)', 'resprouting_capacity': 'fire_killed (V)', 'fire_time_from_fire_to_flowering': '36.2790697674419 (1); 48.3720930232558 (1)'}"
Leucopogon microphyllus,,,,"{'post_fire_recruitment': 'post_fire_recruitment (2)', 'resprouting_capacity': 'fire_killed (4)', 'fire_time_from_fire_to_flowering': '17.4418604651163 (1)', 'fire_time_from_fire_to_peak_flowering': '48 (1); 72 (1)'}"
Leucopogon virgatus,,,,"{'post_fire_recruitment': 'post_fire_recruitment (1); post_fire_recruitment_absent (1)', 'resprouting_capacity': 'resprouts (5)', 'fire_time_from_fire_to_flowering': '24 (1)'}"
Linum marginale,,,,"{'post_fire_recruitment': 'post_fire_recruitment (1)', 'resprouting_capacity': 'resprouts (V)', 'resprouting_capacity_juvenile': 'juvenile_fire_killed (1)', 'resprouting_capacity_proportion_individuals': '1', 'fire_time_from_fire_to_flowering': '12 (1); 21 (1)'}"
Lissanthe strigosa,,,,"{'post_fire_recruitment': 'post_fire_recruitment (1)', 'resprouting_capacity': 'resprouts (2)', 'resprouting_capacity_juvenile': 'juvenile_fire_killed (1)'}"
Lobelia anceps,,,,"{'post_fire_recruitment': 'post_fire_recruitment (1)', 'resprouting_capacity': 'fire_killed (V)', 'fire_time_from_fire_to_flowering': '11.3953488372093 (1); 12 (1)', 'fire_time_from_fire_to_fruiting': '14.6511627906977 (1)', 'fire_time_from_fire_to_peak_flowering': '36 (1)'}"
Lobelia andrewsii,,,,"{'resprouting_capacity': 'fire_killed (1)', 'fire_time_from_fire_to_flowering': '11.3953488372093 (1)', 'fire_time_from_fire_to_fruiting': '15.5813953488372 (1)'}"
Lobelia dentata,,,,"{'post_fire_recruitment': 'post_fire_recruitment (1)', 'resprouting_capacity': 'fire_killed (2); resprouts (2)', 'fire_time_from_fire_to_flowering': '12 (1); 4.41860465116279 (1); 6 (1)', 'fire_time_from_fire_to_fruiting': '11.3953488372093 (1)', 'fire_time_from_fire_to_peak_flowering': '12 (1)'}"
Lobelia purpurascens,,,,"{'resprouting_capacity': 'resprouts (4)', 'resprouting_capacity_non_fire_disturbance': 'resprouts_non_fire_disturbance (1)', 'fire_time_from_fire_to_flowering': '1.3953488372093 (1); 3.48837209302326 (1); 3.6 (1)', 'fire_time_from_fire_to_fruiting': '3.48837209302326 (1)'}"
Logania albiflora,,,,"{'post_fire_recruitment': 'post_fire_recruitment_absent (1)', 'resprouting_capacity': 'resprouts (V)', 'resprouting_capacity_non_fire_disturbance': 'resprouts_non_fire_disturbance (6)', 'fire_time_from_fire_to_flowering': '12 (1); 20.2325581395349 (1); 36 (1); 36.2790697674419 (1)', 'fire_time_from_fire_to_fruiting': '37.906976744186 (1); 48.3720930232558 (1)', 'fire_time_from_fire_to_peak_flowering': '48 (1); 72 (1)'}"
Lomandra brevis,,,,"{'resprouting_capacity': 'resprouts (1)', 'resprouting_capacity_non_fire_disturbance': 'resprouts_non_fire_disturbance (f)', 'fire_time_from_fire_to_flowering': '12 (1); 24 (1)'}"
Lomandra cylindrica,,,,"{'post_fire_recruitment': 'post_fire_recruitment (1)', 'resprouting_capacity': 'resprouts (3)', 'resprouting_capacity_non_fire_disturbance': 'resprouts_non_fire_disturbance (1)', 'fire_time_from_fire_to_flowering': '13.0232558139535 (1); 15 (1); 9.30232558139535 (1)', 'fire_time_from_fire_to_fruiting': '13.0232558139535 (1)'}"
Lomandra glauca,,,,"{'post_fire_recruitment': 'post_fire_recruitment_absent (2)', 'resprouting_capacity': 'resprouts (7)', 'resprouting_capacity_non_fire_disturbance': 'resprouts_non_fire_disturbance (3)', 'resprouting_capacity_juvenile': 'juvenile_fire_killed (1)', 'fire_time_from_fire_to_flowering': '12.093023255814 (1); 7.2 (1); 8.37209302325581 (1)', 'fire_time_from_fire_to_fruiting': '11.3953488372093 (1)'}"
Lomandra gracilis,,,,"{'resprouting_capacity': 'resprouts (3)', 'resprouting_capacity_non_fire_disturbance': 'resprouts_non_fire_disturbance (f)', 'fire_time_from_fire_to_flowering': '12 (1); 12.093023255814 (1); 8.83720930232558 (1)', 'fire_time_from_fire_to_fruiting': '11.8604651162791 (1)'}"
Lomandra longifolia,,,,"{'post_fire_recruitment': 'post_fire_recruitment_absent (1)', 'resprouting_capacity': 'resprouts (10)', 'resprouting_capacity_non_fire_disturbance': 'resprouts_non_fire_disturbance (3)', 'resprouting_capacity_juvenile': 'juvenile_fire_killed (2)', 'fire_time_from_fire_to_flowering': '12 (V)', 'fire_time_from_fire_to_fruiting': '11.6279069767442 (1)'}"
Lomandra multiflora,,,,"{'resprouting_capacity': 'resprouts (4)', 'resprouting_capacity_non_fire_disturbance': 'resprouts_non_fire_disturbance (1)', 'fire_time_from_fire_to_flowering': '12.093023255814 (1); 24 (1); 9.53488372093023 (1)', 'fire_time_from_fire_to_fruiting': '11.8604651162791 (1)'}"
Lomandra obliqua,,,,"{'post_fire_recruitment': 'post_fire_recruitment (1)', 'resprouting_capacity': 'resprouts (V)', 'resprouting_capacity_non_fire_disturbance': 'resprouts_non_fire_disturbance (f)', 'fire_time_from_fire_to_flowering': '12.093023255814 (1); 9.53488372093023 (1)', 'fire_time_from_fire_to_fruiting': '11.3953488372093 (1); 12 (1); 3.6 (1)'}"
Lomatia silaifolia,,,,"{'post_fire_recruitment': 'post_fire_recruitment (V)', 'post_fire_flowering': 'fire_enhanced_flowering (1)', 'resprouting_capacity': 'resprouts (7)', 'resprouting_capacity_non_fire_disturbance': 'resprouts_non_fire_disturbance (1)', 'fire_time_from_fire_to_flowering': '11.3953488372093 (1); 12 (1); 12.093023255814 (1); 24.1860465116279 (1)', 'fire_time_from_fire_to_fruiting': '14.6511627906977 (1)', 'fire_time_from_fire_to_peak_flowering': '12 (1)'}"
Lophostemon confertus,,,,"{'post_fire_recruitment': 'post_fire_recruitment (1); post_fire_recruitment_absent (1)', 'resprouting_capacity': 'resprouts (3)', 'resprouting_capacity_non_fire_disturbance': 'resprouts_non_fire_disturbance (f)', 'resprouting_capacity_juvenile': 'juvenile_fire_killed (f)'}"
Lyperanthus suaveolens,,,,"{'post_fire_recruitment': 'post_fire_recruitment_absent (f)', 'post_fire_flowering': 'fire_enhanced_flowering (f)', 'resprouting_capacity': 'resprouts (3)', 'resprouting_capacity_non_fire_disturbance': 'resprouts_non_fire_disturbance (1)', 'resprouting_capacity_juvenile': 'juvenile_resprout (f)', 'fire_time_from_fire_to_flowering': '8.37209302325581 (1); 9 (1)'}"
Machaerina acuta,,,,"{'post_fire_recruitment': 'post_fire_recruitment (1)', 'resprouting_capacity': 'resprouts (3)', 'resprouting_capacity_non_fire_disturbance': 'resprouts_non_fire_disturbance (1)', 'resprouting_capacity_juvenile': 'juvenile_resprout (1)', 'fire_time_from_fire_to_flowering': '12 (1)'}"
Machaerina articulata,,,,"{'resprouting_capacity': 'resprouts (f)', 'resprouting_capacity_non_fire_disturbance': 'resprouts_non_fire_disturbance (f)', 'resprouting_capacity_juvenile': 'juvenile_fire_killed (f)'}"
Machaerina juncea,,,,"{'post_fire_recruitment': 'post_fire_recruitment_absent (1)', 'resprouting_capacity': 'resprouts (5)', 'resprouting_capacity_non_fire_disturbance': 'resprouts_non_fire_disturbance (1)', 'resprouting_capacity_juvenile': 'juvenile_fire_killed (f)', 'fire_time_from_fire_to_flowering': '11.3953488372093 (1); 6 (1)', 'fire_time_from_fire_to_fruiting': '11.8604651162791 (1)'}"
Leichhardtia suaveolens,,,,"{'post_fire_recruitment': 'post_fire_recruitment_absent (1)', 'resprouting_capacity': 'resprouts (5)', 'resprouting_capacity_non_fire_disturbance': 'resprouts_non_fire_disturbance (1)', 'fire_time_from_fire_to_flowering': '2.32558139534884 (1); 4.8 (1); 7.44186046511628 (1)', 'fire_time_from_fire_to_fruiting': '7.44186046511628 (1)'}"
Leichhardtia viridiflora,,,,"{'post_fire_recruitment': 'post_fire_recruitment_absent (1)', 'resprouting_capacity': 'resprouts (2)', 'resprouting_capacity_non_fire_disturbance': 'resprouts_non_fire_disturbance (1)'}"
Melaleuca decora,,,,"{'post_fire_recruitment': 'post_fire_recruitment (f)', 'resprouting_capacity': 'resprouts (1)', 'resprouting_capacity_non_fire_disturbance': 'resprouts_non_fire_disturbance (f)', 'resprouting_capacity_juvenile': 'juvenile_fire_killed (f)'}"
Melaleuca ericifolia,,,,"{'post_fire_recruitment': 'post_fire_recruitment_absent (1)', 'resprouting_capacity': 'resprouts (V)', 'resprouting_capacity_non_fire_disturbance': 'resprouts_non_fire_disturbance (1)', 'resprouting_capacity_juvenile': 'juvenile_fire_killed (f)', 'resprouting_capacity_proportion_individuals': '0 (2)'}"
Melaleuca linariifolia,,,,"{'post_fire_recruitment': 'post_fire_recruitment (2)', 'resprouting_capacity': 'resprouts (V)', 'resprouting_capacity_non_fire_disturbance': 'resprouts_non_fire_disturbance (f)', 'resprouting_capacity_juvenile': 'juvenile_fire_killed (f)', 'fire_time_from_fire_to_flowering': '21.8604651162791 (1); 48 (1)', 'fire_time_from_fire_to_peak_flowering': '48 (1)'}"
Melaleuca nodosa,,,,"{'post_fire_recruitment': 'post_fire_recruitment (1)', 'resprouting_capacity': 'resprouts (4)', 'resprouting_capacity_non_fire_disturbance': 'resprouts_non_fire_disturbance (f)', 'resprouting_capacity_juvenile': 'juvenile_fire_killed (f)', 'fire_time_from_fire_to_flowering': '21.1627906976744 (1); 24.1860465116279 (1); 48 (1)', 'fire_time_from_fire_to_fruiting': '23.2558139534884 (1)'}"
Melaleuca quinquenervia,,,,"{'post_fire_recruitment': 'post_fire_recruitment (f)', 'resprouting_capacity': 'fire_killed (1); resprouts (1)', 'resprouting_capacity_non_fire_disturbance': 'resprouts_non_fire_disturbance (f)', 'resprouting_capacity_juvenile': 'juvenile_fire_killed (f)', 'fire_time_from_fire_to_flowering': '2.4 (1)'}"
Melaleuca styphelioides,,,,"{'post_fire_recruitment': 'post_fire_recruitment_absent (1)', 'resprouting_capacity': 'resprouts (3)', 'resprouting_capacity_non_fire_disturbance': 'resprouts_non_fire_disturbance (f)', 'resprouting_capacity_juvenile': 'juvenile_fire_killed (f)'}"
Melaleuca thymifolia,,,,"{'post_fire_recruitment': 'post_fire_recruitment (1)', 'resprouting_capacity': 'resprouts (3)', 'resprouting_capacity_non_fire_disturbance': 'resprouts_non_fire_disturbance (f)', 'resprouting_capacity_juvenile': 'juvenile_fire_killed (f)', 'fire_time_from_fire_to_flowering': '4.8 (1)'}"
Melia azedarach,,,,"{'post_fire_recruitment': 'post_fire_recruitment (1)', 'resprouting_capacity': 'resprouts (7)'}"
Melichrus procumbens,,,,"{'post_fire_recruitment': 'post_fire_recruitment (1); post_fire_recruitment_absent (1)', 'resprouting_capacity': 'resprouts (V)', 'fire_time_from_fire_to_flowering': '36.2790697674419 (1); 48.3720930232558 (1)'}"
Melicope micrococca,,,,"{'post_fire_recruitment': 'post_fire_recruitment (1); post_fire_recruitment_absent (1)', 'resprouting_capacity': 'resprouts (3)'}"
Mentha diemenica,,,,"{'post_fire_recruitment': 'post_fire_recruitment (1)', 'resprouting_capacity': 'resprouts (4)', 'resprouting_capacity_non_fire_disturbance': 'resprouts_non_fire_disturbance (3)', 'resprouting_capacity_juvenile': 'juvenile_resprout (1)'}"
Micrantheum ericoides,,,,"{'post_fire_recruitment': 'post_fire_recruitment (1)', 'resprouting_capacity': 'fire_killed (V)', 'resprouting_capacity_non_fire_disturbance': 'resprouts_non_fire_disturbance (1)', 'fire_time_from_fire_to_flowering': '19.7674418604651 (1); 24.1860465116279 (1); 36.2790697674419 (1)', 'fire_time_from_fire_to_fruiting': '20 (1)', 'fire_time_from_fire_to_peak_flowering': '60 (1); 72 (1)'}"
Microlaena stipoides,,,,"{'post_fire_recruitment': 'post_fire_recruitment (f)', 'resprouting_capacity': 'partial_resprouting (V)', 'resprouting_capacity_non_fire_disturbance': 'resprouts_non_fire_disturbance (1)', 'resprouting_capacity_juvenile': 'juvenile_resprout (f)', 'resprouting_capacity_proportion_individuals': '1 (3)', 'fire_time_from_fire_to_flowering': '1.86046511627907 (1); 12 (1); 18 (1); 24 (1); 3.48837209302326 (1)', 'fire_time_from_fire_to_fruiting': '3.48837209302326 (1)'}"
Microtis unifolia,,,,"{'post_fire_recruitment': 'post_fire_recruitment_absent (1)', 'post_fire_flowering': 'fire_enhanced_flowering (f)', 'resprouting_capacity': 'resprouts (6)', 'resprouting_capacity_non_fire_disturbance': 'resprouts_non_fire_disturbance (1)', 'resprouting_capacity_juvenile': 'juvenile_resprout (1)', 'fire_time_from_fire_to_flowering': '12 (1); 6 (1); 8.37209302325581 (1)', 'fire_time_from_fire_to_fruiting': '10 (1)'}"
Mirbelia rubiifolia,,,,"{'post_fire_recruitment': 'post_fire_recruitment (1)', 'resprouting_capacity': 'fire_killed (V)', 'resprouting_capacity_non_fire_disturbance': 'resprouts_non_fire_disturbance (f)', 'resprouting_capacity_juvenile': 'juvenile_fire_killed (f)', 'fire_time_from_fire_to_flowering': '32.7906976744186 (1); 36.2790697674419 (1); 48.3720930232558 (1)', 'fire_time_from_fire_to_fruiting': '36 (V)'}"
Mitrasacme paludosa,,,,{'resprouting_capacity': 'fire_killed (2)'}
Mitrasacme polymorpha,,,,"{'post_fire_recruitment': 'post_fire_recruitment (1)', 'resprouting_capacity': 'fire_killed (V)', 'fire_time_from_fire_to_flowering': '10 (1); 12.093023255814 (1)', 'fire_time_from_fire_to_peak_flowering': '36 (1)'}"
Monotoca elliptica,,,,"{'post_fire_recruitment': 'post_fire_recruitment (V)', 'resprouting_capacity': 'fire_killed (V)'}"
Monotoca scoparia,,,,"{'post_fire_recruitment': 'post_fire_recruitment (V)', 'resprouting_capacity': 'resprouts (V)', 'resprouting_capacity_juvenile': 'juvenile_fire_killed (1)', 'fire_time_from_fire_to_flowering': '15.5813953488372 (1); 16.8 (1); 24 (1)'}"
Muehlenbeckia gracillima,,,,{'resprouting_capacity': 'fire_killed (1)'}
Muellerina celastroides,,,,{'resprouting_capacity': 'fire_killed (1)'}
Muellerina eucalyptoides,,,,"{'post_fire_recruitment': 'post_fire_recruitment (1); post_fire_recruitment_absent (1)', 'resprouting_capacity': 'fire_killed (V)'}"
Myoporum acuminatum,,,,"{'post_fire_recruitment': 'post_fire_recruitment_absent (1)', 'resprouting_capacity': 'resprouts (V)'}"
Myoporum insulare,,,,"{'post_fire_recruitment': 'post_fire_recruitment (1)', 'resprouting_capacity': 'fire_killed (V)'}"
Myrsine howittiana,,,,"{'post_fire_recruitment': 'post_fire_recruitment_absent (2)', 'resprouting_capacity': 'resprouts (V)'}"
Myrsine variabilis,,,,"{'post_fire_recruitment': 'post_fire_recruitment_absent (2)', 'resprouting_capacity': 'resprouts (7)', 'fire_time_from_fire_to_flowering': '28.3720930232558 (1); 30 (1)'}"
Notelaea longifolia,,,,"{'post_fire_recruitment': 'post_fire_recruitment_absent (1)', 'resprouting_capacity': 'resprouts (4)', 'fire_time_from_fire_to_flowering': '24.1860465116279 (1)', 'fire_time_from_fire_to_fruiting': '23.4883720930233 (1)'}"
Notelaea ovata,,,,{'resprouting_capacity': 'resprouts (2)'}
Olearia elliptica,,,,"{'post_fire_recruitment': 'post_fire_recruitment_absent (1)', 'resprouting_capacity': 'fire_killed (1); resprouts (1)', 'resprouting_capacity_non_fire_disturbance': 'resprouts_non_fire_disturbance (f)', 'resprouting_capacity_juvenile': 'juvenile_fire_killed (f)', 'fire_time_from_fire_to_flowering': '12 (f)'}"
Olearia microphylla,,,,"{'post_fire_recruitment': 'post_fire_recruitment_absent (1)', 'resprouting_capacity': 'fire_killed (V)', 'resprouting_capacity_non_fire_disturbance': 'resprouts_non_fire_disturbance (f)', 'resprouting_capacity_juvenile': 'juvenile_fire_killed (f)', 'fire_time_from_fire_to_flowering': '19.7674418604651 (1); 24.1860465116279 (1); 36.2790697674419 (1)', 'fire_time_from_fire_to_fruiting': '21.8604651162791 (1)', 'fire_time_from_fire_to_peak_flowering': '48 (1); 60 (1)'}"
Olearia viscidula,,,,"{'post_fire_recruitment': 'post_fire_recruitment_absent (1)', 'resprouting_capacity': 'resprouts (V)', 'resprouting_capacity_non_fire_disturbance': 'resprouts_non_fire_disturbance (f)', 'resprouting_capacity_juvenile': 'juvenile_fire_killed (f)', 'fire_time_from_fire_to_flowering': '12 (f)'}"
Omphacomeria acerba,,,,"{'resprouting_capacity': 'resprouts (3)', 'resprouting_capacity_non_fire_disturbance': 'resprouts_non_fire_disturbance (1)'}"
Opercularia aspera,,,,"{'post_fire_recruitment': 'post_fire_recruitment (1)', 'resprouting_capacity': 'resprouts (V)', 'resprouting_capacity_non_fire_disturbance': 'resprouts_non_fire_disturbance (1)', 'resprouting_capacity_juvenile': 'juvenile_fire_killed (1)', 'fire_time_from_fire_to_flowering': '12 (1)', 'fire_time_from_fire_to_fruiting': '5.34883720930233 (1)'}"
Opercularia diphylla,,,,{'resprouting_capacity': 'fire_killed (1); partial_resprouting (1)'}
Opercularia hispida,,,,"{'post_fire_recruitment': 'post_fire_recruitment (1)', 'resprouting_capacity': 'resprouts (1)', 'resprouting_capacity_non_fire_disturbance': 'resprouts_non_fire_disturbance (1)'}"
Opercularia varia,,,,"{'post_fire_recruitment': 'post_fire_recruitment (2)', 'resprouting_capacity': 'resprouts (V)', 'resprouting_capacity_non_fire_disturbance': 'resprouts_non_fire_disturbance (1)', 'resprouting_capacity_juvenile': 'juvenile_fire_killed (1)', 'fire_time_from_fire_to_flowering': '7.67441860465116 (1)', 'fire_time_from_fire_to_fruiting': '7.67441860465116 (1)'}"
Oplismenus hirtellus,,,,"{'post_fire_recruitment': 'post_fire_recruitment (1)', 'resprouting_capacity': 'partial_resprouting (V)', 'resprouting_capacity_non_fire_disturbance': 'resprouts_non_fire_disturbance (f)', 'resprouting_capacity_juvenile': 'juvenile_fire_killed (1)', 'resprouting_capacity_proportion_individuals': '0.2 (V)', 'fire_time_from_fire_to_flowering': '4.41860465116279 (1)'}"
Orianthera pusilla,,,,"{'post_fire_recruitment': 'post_fire_recruitment (1); post_fire_recruitment_absent (1)', 'resprouting_capacity': 'resprouts (V)', 'resprouting_capacity_non_fire_disturbance': 'resprouts_non_fire_disturbance (1)'}"
Oxalis exilis,,,,"{'post_fire_recruitment': 'post_fire_recruitment (1)', 'resprouting_capacity': 'resprouts (V)', 'resprouting_capacity_non_fire_disturbance': 'resprouts_non_fire_disturbance (1)', 'resprouting_capacity_juvenile': 'juvenile_fire_killed (1)'}"
Oxalis perennans,,,,"{'post_fire_recruitment': 'post_fire_recruitment (V)', 'resprouting_capacity': 'resprouts (V)', 'resprouting_capacity_non_fire_disturbance': 'resprouts_non_fire_disturbance (1)', 'resprouting_capacity_juvenile': 'juvenile_resprout (1)', 'fire_time_from_fire_to_flowering': '12 (1)'}"
Oxytes brachypoda,,,,"{'post_fire_recruitment': 'post_fire_recruitment (1)', 'resprouting_capacity': 'resprouts (2)', 'resprouting_capacity_non_fire_disturbance': 'resprouts_non_fire_disturbance (f)', 'resprouting_capacity_juvenile': 'juvenile_fire_killed (f)'}"
Ozothamnus diosmifolius,,,,"{'post_fire_recruitment': 'post_fire_recruitment_absent (3)', 'resprouting_capacity': 'fire_killed (V)', 'resprouting_capacity_non_fire_disturbance': 'resprouts_non_fire_disturbance (f)', 'resprouting_capacity_juvenile': 'juvenile_fire_killed (f)', 'fire_time_from_fire_to_flowering': '23.2558139534884 (1); 24.1860465116279 (1)', 'fire_time_from_fire_to_fruiting': '24.1860465116279 (1)', 'fire_time_from_fire_to_peak_flowering': '36 (1); 48 (1)'}"
Pandorea pandorana,,,,"{'post_fire_recruitment': 'post_fire_recruitment (1); post_fire_recruitment_absent (1)', 'post_fire_flowering': 'fire_enhanced_flowering (1)', 'resprouting_capacity': 'resprouts (V)', 'fire_time_from_fire_to_flowering': '12.093023255814 (1); 6.04651162790698 (1)', 'fire_time_from_fire_to_fruiting': '11.6279069767442 (1); 3.6 (1); 7.2 (1)'}"
Panicum effusum,,,,"{'post_fire_recruitment': 'post_fire_recruitment (f)', 'resprouting_capacity': 'partial_resprouting (V)', 'resprouting_capacity_non_fire_disturbance': 'resprouts_non_fire_disturbance (2)', 'resprouting_capacity_juvenile': 'juvenile_resprout (1)', 'resprouting_capacity_proportion_individuals': '1 (3)', 'fire_time_from_fire_to_flowering': '12 (f)'}"
Panicum simile,,,,"{'post_fire_recruitment': 'post_fire_recruitment (f)', 'resprouting_capacity': 'resprouts (4)', 'resprouting_capacity_non_fire_disturbance': 'resprouts_non_fire_disturbance (2)', 'resprouting_capacity_juvenile': 'juvenile_resprout (f)', 'resprouting_capacity_proportion_individuals': '1 (f)', 'fire_time_from_fire_to_flowering': '3.48837209302326 (1); 3.6 (1)', 'fire_time_from_fire_to_fruiting': '3.72093023255814 (1)'}"
Parsonsia lanceolata,,,,"{'post_fire_recruitment': 'post_fire_recruitment_absent (1)', 'resprouting_capacity': 'resprouts (3)', 'resprouting_capacity_non_fire_disturbance': 'resprouts_non_fire_disturbance (1)'}"
Parsonsia straminea,,,,"{'post_fire_recruitment': 'post_fire_recruitment (1)', 'resprouting_capacity': 'resprouts (V)', 'resprouting_capacity_non_fire_disturbance': 'resprouts_non_fire_disturbance (1)'}"
Paspalidium criniforme,,,,"{'post_fire_recruitment': 'post_fire_recruitment (f)', 'resprouting_capacity': 'resprouts (1)', 'resprouting_capacity_non_fire_disturbance': 'resprouts_non_fire_disturbance (1)', 'resprouting_capacity_juvenile': 'juvenile_resprout (f)', 'resprouting_capacity_proportion_individuals': '1 (f)', 'fire_time_from_fire_to_flowering': '12 (f)'}"
Paspalidium distans,,,,"{'post_fire_recruitment': 'post_fire_recruitment (f)', 'resprouting_capacity': 'resprouts (1)', 'resprouting_capacity_non_fire_disturbance': 'resprouts_non_fire_disturbance (1)', 'resprouting_capacity_juvenile': 'juvenile_resprout (f)', 'resprouting_capacity_proportion_individuals': '1 (f)', 'fire_time_from_fire_to_flowering': '12 (f)'}"
Paspalum vaginatum,,,,"{'post_fire_recruitment': 'post_fire_recruitment (f)', 'resprouting_capacity': 'resprouts (f)', 'resprouting_capacity_non_fire_disturbance': 'resprouts_non_fire_disturbance (f)', 'resprouting_capacity_juvenile': 'juvenile_resprout (f)', 'resprouting_capacity_proportion_individuals': '1 (f)', 'fire_time_from_fire_to_flowering': '12 (f)'}"
Passiflora herbertiana,,,,"{'resprouting_capacity': 'resprouts (2)', 'fire_time_from_fire_to_flowering': '28.3720930232558 (1)', 'fire_time_from_fire_to_fruiting': '28.3720930232558 (1)', 'fire_time_from_fire_to_peak_flowering': '48 (1)'}"
Patersonia glabrata,,,,"{'post_fire_recruitment': 'post_fire_recruitment_absent (1)', 'resprouting_capacity': 'resprouts (6)', 'resprouting_capacity_non_fire_disturbance': 'resprouts_non_fire_disturbance (1)', 'resprouting_capacity_juvenile': 'juvenile_resprout (1)', 'fire_time_from_fire_to_flowering': '12.093023255814 (1); 3.6 (1); 8.83720930232558 (1)', 'fire_time_from_fire_to_fruiting': '11.3953488372093 (1)'}"
Patersonia sericea,,,,"{'post_fire_recruitment': 'post_fire_recruitment (1)', 'resprouting_capacity': 'resprouts (5)', 'resprouting_capacity_non_fire_disturbance': 'resprouts_non_fire_disturbance (1)', 'fire_time_from_fire_to_flowering': '12 (1); 12.093023255814 (1); 24 (1); 6 (1); 7.2093023255814 (1)', 'fire_time_from_fire_to_fruiting': '10.2325581395349 (1)'}"
Pelargonium inodorum,,,,"{'post_fire_recruitment': 'post_fire_recruitment (1)', 'resprouting_capacity': 'fire_killed (2)', 'fire_time_from_fire_to_flowering': '8.13953488372093 (1)', 'fire_time_from_fire_to_fruiting': '10.2325581395349 (1)', 'fire_time_from_fire_to_peak_flowering': '12 (1)'}"
Persicaria decipiens,,,,"{'post_fire_recruitment': 'post_fire_recruitment (1)', 'resprouting_capacity': 'resprouts (3)', 'resprouting_capacity_non_fire_disturbance': 'resprouts_non_fire_disturbance (2)', 'fire_time_from_fire_to_flowering': '4.65116279069767 (1); 4.8 (1)'}"
Persicaria hydropiper,,,,"{'post_fire_recruitment': 'post_fire_recruitment (1)', 'resprouting_capacity': 'fire_killed (1)'}"
Persicaria lapathifolia,,,,"{'resprouting_capacity': 'fire_killed (V)', 'fire_time_from_fire_to_flowering': '4.65116279069767 (1); 4.8 (1)', 'fire_time_from_fire_to_fruiting': '4.65116279069767 (1)'}"
Persoonia lanceolata,,,,"{'post_fire_recruitment': 'post_fire_recruitment_absent (1)', 'resprouting_capacity': 'fire_killed (4)', 'resprouting_capacity_non_fire_disturbance': 'resprouts_non_fire_disturbance (f)', 'fire_time_from_fire_to_flowering': '25.1162790697674 (1); 36.2790697674419 (1); 48.3720930232558 (1)', 'fire_time_from_fire_to_fruiting': '45.5813953488372 (1)'}"
Persoonia levis,,,,"{'post_fire_recruitment': 'post_fire_recruitment (2)', 'resprouting_capacity': 'resprouts (4)', 'resprouting_capacity_non_fire_disturbance': 'resprouts_non_fire_disturbance (f)', 'fire_time_from_fire_to_flowering': '11.6279069767442 (1); 12 (1); 24.1860465116279 (1); 48 (1)', 'fire_time_from_fire_to_fruiting': '23.2558139534884 (1)'}"
Persoonia linearis,,,,"{'post_fire_recruitment': 'post_fire_recruitment (2)', 'resprouting_capacity': 'resprouts (6)', 'resprouting_capacity_non_fire_disturbance': 'resprouts_non_fire_disturbance (f)', 'resprouting_capacity_juvenile': 'juvenile_fire_killed (1)', 'fire_time_from_fire_to_flowering': '24.1860465116279 (1); 25.1162790697674 (1); 36.2790697674419 (1)', 'fire_time_from_fire_to_fruiting': '30.9302325581395 (1)'}"
Petrophile sessilis,,,,"{'post_fire_recruitment': 'post_fire_recruitment (1)', 'resprouting_capacity': 'fire_killed (1); partial_resprouting (1)', 'resprouting_capacity_non_fire_disturbance': 'resprouts_non_fire_disturbance (f)'}"
Philotheca myoporoides,,,,"{'post_fire_recruitment': 'post_fire_recruitment (1)', 'resprouting_capacity': 'fire_killed (V)'}"
Philydrum lanuginosum,,,,"{'post_fire_recruitment': 'post_fire_recruitment (1)', 'resprouting_capacity': 'resprouts (2)', 'resprouting_capacity_non_fire_disturbance': 'resprouts_non_fire_disturbance (1)', 'fire_time_from_fire_to_fruiting': '4.65116279069767 (1)'}"
Phragmites australis,,,,"{'post_fire_recruitment': 'post_fire_recruitment (1)', 'resprouting_capacity': 'partial_resprouting (V)', 'resprouting_capacity_non_fire_disturbance': 'resprouts_non_fire_disturbance (1)', 'resprouting_capacity_juvenile': 'juvenile_resprout (1)', 'resprouting_capacity_proportion_individuals': '1 (3)', 'fire_time_from_fire_to_flowering': '12 (1); 12.093023255814 (1); 24 (1); 24.1860465116279 (1)', 'fire_time_from_fire_to_fruiting': '16.5116279069767 (1)'}"
Phyllanthus gunnii,,,,"{'post_fire_recruitment': 'post_fire_recruitment (V)', 'resprouting_capacity': 'resprouts (V)'}"
Phyllanthus hirtellus,,,,"{'post_fire_recruitment': 'post_fire_recruitment (2)', 'resprouting_capacity': 'fire_killed (V)', 'fire_time_from_fire_to_flowering': '10 (1); 12 (1); 5.34883720930233 (1)', 'fire_time_from_fire_to_fruiting': '8.83720930232558 (1)'}"
Phyllanthus virgatus,,,,"{'post_fire_recruitment': 'post_fire_recruitment (1)', 'resprouting_capacity': 'resprouts (V)', 'resprouting_capacity_non_fire_disturbance': 'resprouts_non_fire_disturbance (1)', 'fire_time_from_fire_to_flowering': '12 (1)'}"
Phyllota phylicoides,,,,"{'post_fire_recruitment': 'post_fire_recruitment (1)', 'resprouting_capacity': 'resprouts (V)', 'resprouting_capacity_non_fire_disturbance': 'resprouts_non_fire_disturbance (f)', 'resprouting_capacity_juvenile': 'juvenile_fire_killed (f)', 'fire_time_from_fire_to_flowering': '20 (1)', 'fire_time_from_fire_to_fruiting': '36 (1)', 'fire_time_from_fire_to_peak_flowering': '48 (1); 60 (1)'}"
Pimelea linifolia,,,,"{'post_fire_recruitment': 'post_fire_recruitment (4)', 'resprouting_capacity': 'fire_killed (V)', 'resprouting_capacity_non_fire_disturbance': 'resprouts_non_fire_disturbance (2)', 'resprouting_capacity_juvenile': 'juvenile_fire_killed (1)', 'fire_time_from_fire_to_flowering': '13.0232558139535 (1); 24 (1); 24.1860465116279 (1)', 'fire_time_from_fire_to_fruiting': '17.4418604651163 (1)', 'fire_time_from_fire_to_peak_flowering': '36 (1); 60 (1)'}"
Grevillea parviflora,,,,{'resprouting_capacity': 'fire_killed (1); partial_resprouting (1)'}
Pittosporum revolutum,,,,"{'post_fire_recruitment': 'post_fire_recruitment_absent (1)', 'resprouting_capacity': 'resprouts (V)', 'fire_time_from_fire_to_flowering': '20.4651162790698 (1); 24 (1); 36 (1); 8.37209302325581 (1)', 'fire_time_from_fire_to_fruiting': '9.53488372093023 (1)', 'fire_time_from_fire_to_peak_flowering': '60 (1)'}"
Pittosporum undulatum,,,,"{'post_fire_recruitment': 'post_fire_recruitment_absent (V)', 'resprouting_capacity': 'resprouts (V)', 'fire_time_from_fire_to_flowering': '56.2790697674419 (1); 60.4651162790698 (1)', 'fire_time_from_fire_to_fruiting': '60.9302325581395 (1)'}"
Plantago debilis,,,,"{'resprouting_capacity': 'resprouts (V)', 'resprouting_capacity_non_fire_disturbance': 'resprouts_non_fire_disturbance (1)'}"
Plantago gaudichaudii,,,,"{'post_fire_recruitment': 'post_fire_recruitment (1)', 'resprouting_capacity': 'resprouts (3)', 'resprouting_capacity_non_fire_disturbance': 'resprouts_non_fire_disturbance (1)', 'resprouting_capacity_juvenile': 'juvenile_resprout (1)', 'fire_time_from_fire_to_flowering': '12 (1)'}"
Platysace ericoides,,,,"{'post_fire_recruitment': 'post_fire_recruitment (3)', 'resprouting_capacity': 'resprouts (V)', 'resprouting_capacity_non_fire_disturbance': 'resprouts_non_fire_disturbance (1)', 'resprouting_capacity_juvenile': 'juvenile_fire_killed (1)', 'fire_time_from_fire_to_flowering': '12 (1)', 'fire_time_from_fire_to_fruiting': '24 (1)'}"
Platysace linearifolia,,,,"{'resprouting_capacity': 'resprouts (V)', 'fire_time_from_fire_to_flowering': '14.6511627906977 (1); 3.6 (1)', 'fire_time_from_fire_to_fruiting': '14.8837209302326 (1)', 'fire_time_from_fire_to_peak_flowering': '24 (1); 36 (1)'}"
Plectranthus parviflorus,,,,"{'resprouting_capacity': 'fire_killed (5)', 'fire_time_from_fire_to_flowering': '11.3953488372093 (1)', 'fire_time_from_fire_to_fruiting': '11.3953488372093 (1)'}"
Poa affinis,,,,"{'post_fire_recruitment': 'post_fire_recruitment (f)', 'resprouting_capacity': 'resprouts (1)', 'resprouting_capacity_non_fire_disturbance': 'resprouts_non_fire_disturbance (1)', 'resprouting_capacity_juvenile': 'juvenile_resprout (f)', 'resprouting_capacity_proportion_individuals': '1 (f)', 'fire_time_from_fire_to_flowering': '12 (f)'}"
Podolobium ilicifolium,,,,"{'post_fire_recruitment': 'post_fire_recruitment (V)', 'resprouting_capacity': 'resprouts (V)', 'resprouting_capacity_non_fire_disturbance': 'resprouts_non_fire_disturbance (f)', 'resprouting_capacity_juvenile': 'juvenile_fire_killed (1)', 'fire_time_from_fire_to_flowering': '8.83720930232558 (1)'}"
Polymeria calycina,,,,"{'resprouting_capacity': 'resprouts (4)', 'resprouting_capacity_non_fire_disturbance': 'resprouts_non_fire_disturbance (1)', 'fire_time_from_fire_to_flowering': '13.2 (1); 8.83720930232558 (1)', 'fire_time_from_fire_to_fruiting': '13.0232558139535 (1)'}"
Pomaderris discolor,,,,"{'post_fire_recruitment': 'post_fire_recruitment (1)', 'resprouting_capacity': 'fire_killed (4)', 'fire_time_from_fire_to_flowering': '32.5581395348837 (1)', 'fire_time_from_fire_to_fruiting': '57.906976744186 (1)', 'fire_time_from_fire_to_peak_flowering': '48 (1); 72 (1)'}"
Pomaderris ferruginea,,,,"{'post_fire_recruitment': 'post_fire_recruitment (1)', 'resprouting_capacity': 'fire_killed (4)', 'fire_time_from_fire_to_flowering': '24.1860465116279 (1); 32.5581395348837 (1); 36.2790697674419 (1)', 'fire_time_from_fire_to_fruiting': '34.6511627906977 (1)', 'fire_time_from_fire_to_peak_flowering': '48 (1); 72 (1)'}"
Pomaderris intermedia,,,,"{'post_fire_recruitment': 'post_fire_recruitment (1)', 'resprouting_capacity': 'fire_killed (6)', 'fire_time_from_fire_to_flowering': '20.6976744186047 (1)', 'fire_time_from_fire_to_fruiting': '33.2558139534884 (1)', 'fire_time_from_fire_to_peak_flowering': '48 (1); 72 (1)'}"
Pomaderris lanigera,,,,"{'post_fire_recruitment': 'post_fire_recruitment (1); post_fire_recruitment_absent (1)', 'resprouting_capacity': 'fire_killed (V)'}"
Pomaderris ligustrina,,,,{'resprouting_capacity': 'fire_killed (f)'}
Pomax umbellata,,,,"{'resprouting_capacity': 'fire_killed (6)', 'fire_time_from_fire_to_flowering': '12.093023255814 (1); 8.83720930232558 (1)', 'fire_time_from_fire_to_fruiting': '11.3953488372093 (1)'}"
Poranthera ericifolia,,,,"{'resprouting_capacity': 'fire_killed (5)', 'fire_time_from_fire_to_flowering': '11.6279069767442 (1); 8.83720930232558 (1)', 'fire_time_from_fire_to_fruiting': '10 (1)'}"
Poranthera microphylla,,,,"{'post_fire_recruitment': 'post_fire_recruitment (2)', 'resprouting_capacity': 'fire_killed (V)', 'resprouting_capacity_juvenile': 'juvenile_fire_killed (1)', 'fire_time_from_fire_to_flowering': '12 (V); 4.18604651162791 (V)', 'fire_time_from_fire_to_fruiting': '4.18604651162791 (1)'}"
Portulaca oleracea,,,,"{'resprouting_capacity': 'fire_killed (V)', 'fire_time_from_fire_to_fruiting': '3.48837209302326 (1)'}"
Potamogeton crispus,,,,"{'resprouting_capacity': 'resprouts (1)', 'resprouting_capacity_non_fire_disturbance': 'resprouts_non_fire_disturbance (1)'}"
Potamogeton ochreatus,,,,"{'resprouting_capacity': 'resprouts (1)', 'resprouting_capacity_non_fire_disturbance': 'resprouts_non_fire_disturbance (1)'}"
Prasophyllum elatum,,,,"{'post_fire_recruitment': 'post_fire_recruitment_absent (1)', 'post_fire_flowering': 'fire_enhanced_flowering (3)', 'resprouting_capacity': 'resprouts (7)', 'resprouting_capacity_non_fire_disturbance': 'resprouts_non_fire_disturbance (1)', 'resprouting_capacity_juvenile': 'juvenile_resprout (1)', 'fire_time_from_fire_to_flowering': '8.37209302325581 (1); 9 (1)', 'fire_time_from_fire_to_fruiting': '10 (1)'}"
Pseuderanthemum variabile,,,,"{'resprouting_capacity': 'resprouts (V)', 'resprouting_capacity_non_fire_disturbance': 'resprouts_non_fire_disturbance (1)', 'fire_time_from_fire_to_flowering': '1.62790697674419 (1); 12 (1); 4.65116279069767 (1)', 'fire_time_from_fire_to_fruiting': '2.32558139534884 (1)'}"
Pseudognaphalium luteoalbum,,,,"{'post_fire_recruitment': 'post_fire_recruitment (1)', 'resprouting_capacity': 'fire_killed (7)', 'resprouting_capacity_non_fire_disturbance': 'resprouts_non_fire_disturbance (f)', 'resprouting_capacity_juvenile': 'juvenile_fire_killed (f)', 'fire_time_from_fire_to_flowering': '10 (1); 9.53488372093023 (1)', 'fire_time_from_fire_to_fruiting': '10 (1)'}"
Pterostylis acuminata,,,,"{'post_fire_recruitment': 'post_fire_recruitment_absent (f)', 'post_fire_flowering': 'fire_enhanced_flowering (f)', 'resprouting_capacity': 'resprouts (2)', 'resprouting_capacity_non_fire_disturbance': 'resprouts_non_fire_disturbance (g)', 'resprouting_capacity_juvenile': 'juvenile_resprout (f)', 'fire_time_from_fire_to_flowering': '4.18604651162791 (1)'}"
Pterostylis concinna,,,,"{'post_fire_recruitment': 'post_fire_recruitment_absent (f)', 'post_fire_flowering': 'fire_enhanced_flowering (f)', 'resprouting_capacity': 'resprouts (4)', 'resprouting_capacity_non_fire_disturbance': 'resprouts_non_fire_disturbance (1)', 'resprouting_capacity_juvenile': 'juvenile_resprout (1)', 'fire_time_from_fire_to_flowering': '6.74418604651163 (1)', 'fire_time_from_fire_to_fruiting': '6.97674418604651 (1)'}"
Pterostylis grandiflora,,,,"{'post_fire_recruitment': 'post_fire_recruitment_absent (f)', 'post_fire_flowering': 'fire_enhanced_flowering (f)', 'resprouting_capacity': 'resprouts (3)', 'resprouting_capacity_non_fire_disturbance': 'resprouts_non_fire_disturbance (2)', 'resprouting_capacity_juvenile': 'juvenile_resprout (f)', 'fire_time_from_fire_to_flowering': '12 (f)'}"
Pterostylis longifolia,,,,"{'post_fire_recruitment': 'post_fire_recruitment_absent (1)', 'post_fire_flowering': 'fire_enhanced_flowering (f)', 'resprouting_capacity': 'resprouts (4)', 'resprouting_capacity_non_fire_disturbance': 'resprouts_non_fire_disturbance (1)', 'resprouting_capacity_juvenile': 'juvenile_resprout (1)', 'fire_time_from_fire_to_flowering': '12 (1); 5.58139534883721 (1)'}"
Pterostylis mutica,,,,"{'post_fire_recruitment': 'post_fire_recruitment_absent (1)', 'post_fire_flowering': 'fire_enhanced_flowering (f)', 'resprouting_capacity': 'resprouts (3)', 'resprouting_capacity_non_fire_disturbance': 'resprouts_non_fire_disturbance (1)', 'resprouting_capacity_juvenile': 'juvenile_resprout (1)', 'fire_time_from_fire_to_flowering': '12 (f)'}"
Pterostylis nutans,,,,"{'post_fire_recruitment': 'post_fire_recruitment_absent (1)', 'post_fire_flowering': 'fire_enhanced_flowering (f)', 'resprouting_capacity': 'resprouts (6)', 'resprouting_capacity_non_fire_disturbance': 'resprouts_non_fire_disturbance (2)', 'resprouting_capacity_juvenile': 'juvenile_resprout (1)', 'fire_time_from_fire_to_flowering': '12 (1); 6.97674418604651 (1)', 'fire_time_from_fire_to_fruiting': '8.37209302325581 (1)'}"
Pterostylis obtusa,,,,"{'post_fire_recruitment': 'post_fire_recruitment_absent (f)', 'post_fire_flowering': 'fire_enhanced_flowering (f)', 'resprouting_capacity': 'resprouts (g)', 'resprouting_capacity_non_fire_disturbance': 'resprouts_non_fire_disturbance (g)', 'resprouting_capacity_juvenile': 'juvenile_resprout (f)', 'fire_time_from_fire_to_flowering': '12 (f)'}"
Pterostylis revoluta,,,,"{'post_fire_recruitment': 'post_fire_recruitment_absent (f)', 'post_fire_flowering': 'fire_enhanced_flowering (f)', 'resprouting_capacity': 'resprouts (1)', 'resprouting_capacity_non_fire_disturbance': 'resprouts_non_fire_disturbance (1)', 'resprouting_capacity_juvenile': 'juvenile_resprout (f)', 'fire_time_from_fire_to_flowering': '12 (f)'}"
Pterostylis rufa,,,,"{'post_fire_recruitment': 'post_fire_recruitment_absent (f)', 'post_fire_flowering': 'fire_enhanced_flowering (f)', 'resprouting_capacity': 'resprouts (g)', 'resprouting_capacity_non_fire_disturbance': 'resprouts_non_fire_disturbance (g)', 'resprouting_capacity_juvenile': 'juvenile_resprout (f)', 'fire_time_from_fire_to_flowering': '12 (f)'}"
Pultenaea daphnoides,,,,"{'post_fire_recruitment': 'post_fire_recruitment (3)', 'resprouting_capacity': 'fire_killed (7)', 'resprouting_capacity_non_fire_disturbance': 'resprouts_non_fire_disturbance (f)', 'resprouting_capacity_juvenile': 'juvenile_fire_killed (1)', 'fire_time_from_fire_to_flowering': '20 (1); 36.2790697674419 (1)', 'fire_time_from_fire_to_fruiting': '34.8837209302326 (1)', 'fire_time_from_fire_to_peak_flowering': '36 (1); 60 (1)'}"
Pultenaea flexilis,,,,"{'post_fire_recruitment': 'post_fire_recruitment (1)', 'resprouting_capacity': 'fire_killed (5)', 'resprouting_capacity_non_fire_disturbance': 'resprouts_non_fire_disturbance (f)', 'resprouting_capacity_juvenile': 'juvenile_fire_killed (f)', 'fire_time_from_fire_to_flowering': '20.4651162790698 (1)', 'fire_time_from_fire_to_peak_flowering': '60 (1)'}"
Pultenaea hispidula,,,,"{'post_fire_recruitment': 'post_fire_recruitment (2)', 'resprouting_capacity': 'fire_killed (4)', 'resprouting_capacity_non_fire_disturbance': 'resprouts_non_fire_disturbance (f)', 'resprouting_capacity_juvenile': 'juvenile_fire_killed (1)'}"
Pomaderris prunifolia,,,,{'resprouting_capacity': 'fire_killed (2)'}
Pultenaea retusa,,,,"{'post_fire_recruitment': 'post_fire_recruitment (2)', 'resprouting_capacity': 'fire_killed (6)', 'resprouting_capacity_non_fire_disturbance': 'resprouts_non_fire_disturbance (f)', 'resprouting_capacity_juvenile': 'juvenile_fire_killed (1)', 'fire_time_from_fire_to_flowering': '20 (1); 24.1860465116279 (1)', 'fire_time_from_fire_to_fruiting': '20.9302325581395 (1)'}"
Pultenaea tuberculata,,,,"{'post_fire_recruitment': 'post_fire_recruitment (1)', 'resprouting_capacity': 'fire_killed (V)', 'resprouting_capacity_non_fire_disturbance': 'resprouts_non_fire_disturbance (f)', 'resprouting_capacity_juvenile': 'juvenile_fire_killed (f)', 'fire_time_from_fire_to_flowering': '14.1860465116279 (1); 24 (1)', 'fire_time_from_fire_to_peak_flowering': '60 (1); 72 (1)', 'fire_time_from_fire_to_50_percent_flowering': '24.1860465116279 (1)'}"
Pultenaea villosa,,,,"{'post_fire_recruitment': 'post_fire_recruitment (f)', 'resprouting_capacity': 'fire_killed (4)', 'resprouting_capacity_non_fire_disturbance': 'resprouts_non_fire_disturbance (f)', 'resprouting_capacity_juvenile': 'juvenile_fire_killed (f)'}"
Macadamia tetraphylla,,,,"{'post_fire_recruitment': 'post_fire_recruitment (f)', 'resprouting_capacity': 'resprouts (f)', 'resprouting_capacity_non_fire_disturbance': 'resprouts_non_fire_disturbance (f)'}"
Rhytidosporum procumbens,,,,"{'post_fire_recruitment': 'post_fire_recruitment (2)', 'resprouting_capacity': 'fire_killed (V)', 'resprouting_capacity_non_fire_disturbance': 'resprouts_non_fire_disturbance (2)', 'resprouting_capacity_juvenile': 'juvenile_fire_killed (1)', 'fire_time_from_fire_to_flowering': '10 (1); 9.6 (1)', 'fire_time_from_fire_to_fruiting': '10 (1)'}"
Ricinocarpos pinifolius,,,,"{'post_fire_recruitment': 'post_fire_recruitment (1)', 'resprouting_capacity': 'resprouts (V)', 'resprouting_capacity_juvenile': 'juvenile_fire_killed (1)', 'fire_time_from_fire_to_flowering': '12 (1); 20 (1); 24 (1); 24.1860465116279 (1)', 'fire_time_from_fire_to_fruiting': '21.8604651162791 (1)'}"
Rorippa laciniata,,,,{'resprouting_capacity': 'fire_killed (1)'}
Rubus parvifolius,,,,"{'post_fire_recruitment': 'post_fire_recruitment (1)', 'resprouting_capacity': 'resprouts (5)', 'resprouting_capacity_non_fire_disturbance': 'resprouts_non_fire_disturbance (1)', 'resprouting_capacity_juvenile': 'juvenile_resprout (1)'}"
Rumex brownii,,,,"{'post_fire_recruitment': 'post_fire_recruitment_absent (1)', 'resprouting_capacity': 'resprouts (6)', 'resprouting_capacity_non_fire_disturbance': 'resprouts_non_fire_disturbance (1)', 'resprouting_capacity_juvenile': 'juvenile_resprout (1)', 'fire_time_from_fire_to_flowering': '2.09302325581395 (1); 4.8 (1)', 'fire_time_from_fire_to_fruiting': '4.41860465116279 (1)'}"
Rytidosperma bipartitum,,,,"{'post_fire_recruitment': 'post_fire_recruitment (f)', 'resprouting_capacity': 'partial_resprouting (V)', 'resprouting_capacity_non_fire_disturbance': 'resprouts_non_fire_disturbance (f)', 'resprouting_capacity_juvenile': 'juvenile_fire_killed (1); juvenile_resprout (1)', 'resprouting_capacity_proportion_individuals': '0.6 (V)', 'fire_time_from_fire_to_flowering': '12 (f)', 'fire_time_from_fire_to_fruiting': '6.97674418604651 (1)'}"
Rytidosperma caespitosum,,,,"{'post_fire_recruitment': 'post_fire_recruitment (f)', 'resprouting_capacity': 'partial_resprouting (V)', 'resprouting_capacity_non_fire_disturbance': 'resprouts_non_fire_disturbance (f)', 'resprouting_capacity_juvenile': 'juvenile_resprout (1)', 'resprouting_capacity_proportion_individuals': '0.8 (V)', 'fire_time_from_fire_to_flowering': '12 (1); 20 (1); 24 (1)'}"
Rytidosperma fulvum,,,,"{'post_fire_recruitment': 'post_fire_recruitment (f)', 'resprouting_capacity': 'partial_resprouting (V)', 'resprouting_capacity_non_fire_disturbance': 'resprouts_non_fire_disturbance (f)', 'resprouting_capacity_juvenile': 'juvenile_resprout (1)', 'resprouting_capacity_proportion_individuals': '0.4 (1); 0.8 (1); 1 (1)', 'fire_time_from_fire_to_flowering': '12 (f)'}"
Rytidosperma longifolium,,,,"{'post_fire_recruitment': 'post_fire_recruitment (f)', 'resprouting_capacity': 'fire_killed (2); resprouts (2)', 'resprouting_capacity_non_fire_disturbance': 'resprouts_non_fire_disturbance (f)', 'resprouting_capacity_juvenile': 'juvenile_resprout (1)', 'resprouting_capacity_proportion_individuals': '1 (f)', 'fire_time_from_fire_to_flowering': '12 (f)'}"
Rytidosperma monticola,,,,"{'post_fire_recruitment': 'post_fire_recruitment (f)', 'resprouting_capacity': 'resprouts (f)', 'resprouting_capacity_non_fire_disturbance': 'resprouts_non_fire_disturbance (f)', 'resprouting_capacity_juvenile': 'juvenile_resprout (f)', 'resprouting_capacity_proportion_individuals': '1 (f)', 'fire_time_from_fire_to_flowering': '12 (f)'}"
Rytidosperma pallidum,,,,"{'post_fire_recruitment': 'post_fire_recruitment (V)', 'post_fire_flowering': 'fire_dependent_flowering (1)', 'resprouting_capacity': 'partial_resprouting (V)', 'resprouting_capacity_non_fire_disturbance': 'resprouts_non_fire_disturbance (f)', 'resprouting_capacity_juvenile': 'juvenile_resprout (2)', 'resprouting_capacity_proportion_individuals': '0.2 (1); 0.4 (1); 0.6 (1)', 'fire_time_from_fire_to_flowering': '24 (V)'}"
Rytidosperma pilosum,,,,"{'post_fire_recruitment': 'post_fire_recruitment (3)', 'resprouting_capacity': 'partial_resprouting (V)', 'resprouting_capacity_non_fire_disturbance': 'resprouts_non_fire_disturbance (f)', 'resprouting_capacity_juvenile': 'juvenile_fire_killed (1); juvenile_resprout (1)', 'resprouting_capacity_proportion_individuals': '1 (3)', 'fire_time_from_fire_to_flowering': '12 (V)'}"
Rytidosperma racemosum,,,,"{'post_fire_recruitment': 'post_fire_recruitment (1)', 'resprouting_capacity': 'partial_resprouting (V)', 'resprouting_capacity_non_fire_disturbance': 'resprouts_non_fire_disturbance (f)', 'resprouting_capacity_juvenile': 'juvenile_fire_killed (1); juvenile_resprout (1)', 'resprouting_capacity_proportion_individuals': '0.4 (1); 0.6 (1); 1 (1)', 'fire_time_from_fire_to_flowering': '12 (f)'}"
Rytidosperma setaceum,,,,"{'post_fire_recruitment': 'post_fire_recruitment (1)', 'resprouting_capacity': 'partial_resprouting (V)', 'resprouting_capacity_non_fire_disturbance': 'resprouts_non_fire_disturbance (f)', 'resprouting_capacity_juvenile': 'juvenile_fire_killed (V)', 'resprouting_capacity_proportion_individuals': '0.4 (1); 0.6 (1); 0.8 (1)', 'fire_time_from_fire_to_flowering': '12 (1)'}"
Samolus repens,,,,"{'resprouting_capacity': 'fire_killed (2); resprouts (2)', 'resprouting_capacity_non_fire_disturbance': 'resprouts_non_fire_disturbance (1)', 'fire_time_from_fire_to_flowering': '11.3953488372093 (1); 30 (1)', 'fire_time_from_fire_to_fruiting': '11.3953488372093 (1)'}"
Sannantha pluriflora,,,,"{'post_fire_recruitment': 'post_fire_recruitment (f)', 'resprouting_capacity': 'resprouts (V)', 'resprouting_capacity_non_fire_disturbance': 'resprouts_non_fire_disturbance (f)', 'resprouting_capacity_juvenile': 'juvenile_fire_killed (f)', 'fire_time_from_fire_to_flowering': '30 (1)', 'fire_time_from_fire_to_fruiting': '28.8372093023256 (1)'}"
Sarcopetalum harveyanum,,,,"{'post_fire_recruitment': 'post_fire_recruitment_absent (1)', 'resprouting_capacity': 'resprouts (6)', 'resprouting_capacity_non_fire_disturbance': 'resprouts_non_fire_disturbance (2)'}"
Scaevola albida,,,,{'resprouting_capacity': 'fire_killed (V)'}
Scaevola ramosissima,,,,"{'resprouting_capacity': 'resprouts (V)', 'fire_time_from_fire_to_flowering': '12 (1); 12.093023255814 (1); 3.72093023255814 (1)', 'fire_time_from_fire_to_fruiting': '11.8604651162791 (1)'}"
Schizomeria ovata,,,,"{'post_fire_recruitment': 'post_fire_recruitment_absent (2)', 'resprouting_capacity': 'resprouts (7)'}"
Schoenoplectus subulatus,,,,"{'resprouting_capacity': 'resprouts (2)', 'resprouting_capacity_non_fire_disturbance': 'resprouts_non_fire_disturbance (2)', 'resprouting_capacity_juvenile': 'juvenile_fire_killed (f)'}"
Schoenus apogon,,,,"{'post_fire_recruitment': 'post_fire_recruitment (V)', 'resprouting_capacity': 'fire_killed (V)', 'resprouting_capacity_non_fire_disturbance': 'resprouts_non_fire_disturbance (f)', 'resprouting_capacity_juvenile': 'juvenile_fire_killed (1)', 'fire_time_from_fire_to_flowering': '12 (1); 8.83720930232558 (1)'}"
Schoenus ericetorum,,,,"{'post_fire_recruitment': 'post_fire_recruitment (1)', 'resprouting_capacity': 'resprouts (3)', 'resprouting_capacity_non_fire_disturbance': 'resprouts_non_fire_disturbance (1)', 'resprouting_capacity_juvenile': 'juvenile_fire_killed (f)', 'fire_time_from_fire_to_flowering': '8.37209302325581 (1)'}"
Schoenus melanostachys,,,,"{'post_fire_recruitment': 'post_fire_recruitment_absent (1)', 'resprouting_capacity': 'resprouts (4)', 'resprouting_capacity_non_fire_disturbance': 'resprouts_non_fire_disturbance (1)', 'resprouting_capacity_juvenile': 'juvenile_fire_killed (f)', 'fire_time_from_fire_to_flowering': '12 (1); 12.093023255814 (1); 8.13953488372093 (1)', 'fire_time_from_fire_to_fruiting': '11.8604651162791 (1)'}"
Schoenus moorei,,,,"{'resprouting_capacity': 'resprouts (3)', 'resprouting_capacity_non_fire_disturbance': 'resprouts_non_fire_disturbance (f)', 'resprouting_capacity_juvenile': 'juvenile_fire_killed (f)', 'fire_time_from_fire_to_flowering': '12 (1); 12.093023255814 (1); 7.44186046511628 (1)', 'fire_time_from_fire_to_fruiting': '11.8604651162791 (1)'}"
Schoenus nitens,,,,"{'resprouting_capacity': 'resprouts (2)', 'resprouting_capacity_non_fire_disturbance': 'resprouts_non_fire_disturbance (1)', 'resprouting_capacity_juvenile': 'juvenile_fire_killed (f)'}"
Scutellaria humilis,,,,"{'post_fire_recruitment': 'post_fire_recruitment_absent (1)', 'resprouting_capacity': 'resprouts (2)', 'resprouting_capacity_non_fire_disturbance': 'resprouts_non_fire_disturbance (1)', 'resprouting_capacity_juvenile': 'juvenile_resprout (1)'}"
Selliera radicans,,,,"{'post_fire_recruitment': 'post_fire_recruitment (1)', 'resprouting_capacity': 'resprouts (1)', 'resprouting_capacity_non_fire_disturbance': 'resprouts_non_fire_disturbance (1)'}"
Senecio diaschides,,,,"{'post_fire_recruitment': 'post_fire_recruitment (f)', 'resprouting_capacity': 'fire_killed (3)', 'resprouting_capacity_non_fire_disturbance': 'resprouts_non_fire_disturbance (f)', 'resprouting_capacity_juvenile': 'juvenile_fire_killed (f)', 'fire_time_from_fire_to_flowering': '12 (f)'}"
Senecio hispidulus,,,,"{'post_fire_recruitment': 'post_fire_recruitment (2)', 'resprouting_capacity': 'fire_killed (V)', 'resprouting_capacity_non_fire_disturbance': 'resprouts_non_fire_disturbance (f)', 'resprouting_capacity_juvenile': 'juvenile_fire_killed (1)', 'fire_time_from_fire_to_flowering': '10 (1); 10.2325581395349 (1); 8.83720930232558 (1)', 'fire_time_from_fire_to_fruiting': '10.2325581395349 (1)'}"
Senecio minimus,,,,"{'post_fire_recruitment': 'post_fire_recruitment (2)', 'resprouting_capacity': 'fire_killed (V)', 'resprouting_capacity_non_fire_disturbance': 'resprouts_non_fire_disturbance (f)', 'resprouting_capacity_juvenile': 'juvenile_fire_killed (f)', 'fire_time_from_fire_to_flowering': '10 (1)'}"
Senecio quadridentatus,,,,"{'post_fire_recruitment': 'post_fire_recruitment (3)', 'resprouting_capacity': 'fire_killed (5)', 'resprouting_capacity_non_fire_disturbance': 'resprouts_non_fire_disturbance (f)', 'resprouting_capacity_juvenile': 'juvenile_fire_killed (1)', 'fire_time_from_fire_to_flowering': '12 (1)'}"
Smilax australis,,,,"{'post_fire_recruitment': 'post_fire_recruitment_absent (2)', 'resprouting_capacity': 'resprouts (9)', 'resprouting_capacity_non_fire_disturbance': 'resprouts_non_fire_disturbance (2)', 'fire_time_from_fire_to_flowering': '12 (1); 8.13953488372093 (1)'}"
Smilax glyciphylla,,,,"{'post_fire_recruitment': 'post_fire_recruitment_absent (1)', 'resprouting_capacity': 'resprouts (4)', 'resprouting_capacity_non_fire_disturbance': 'resprouts_non_fire_disturbance (1)', 'fire_time_from_fire_to_flowering': '10.6976744186047 (1); 12 (1); 12.093023255814 (1)', 'fire_time_from_fire_to_fruiting': '11.6279069767442 (1)'}"
Solanum aviculare,,,,"{'post_fire_recruitment': 'post_fire_recruitment (1); post_fire_recruitment_absent (1)', 'resprouting_capacity': 'fire_killed (4)', 'fire_time_from_fire_to_flowering': '11.6279069767442 (1)', 'fire_time_from_fire_to_fruiting': '21.8604651162791 (1)'}"
Solanum linearifolium,,,,"{'post_fire_recruitment': 'post_fire_recruitment (2)', 'resprouting_capacity': 'fire_killed (2)', 'resprouting_capacity_juvenile': 'juvenile_fire_killed (1)'}"
Solanum prinophyllum,,,,"{'post_fire_recruitment': 'post_fire_recruitment (1); post_fire_recruitment_absent (1)', 'resprouting_capacity': 'fire_killed (7)', 'resprouting_capacity_juvenile': 'juvenile_fire_killed (1)', 'fire_time_from_fire_to_flowering': '8.13953488372093 (1)', 'fire_time_from_fire_to_fruiting': '36 (V)'}"
Solanum stelligerum,,,,"{'post_fire_recruitment': 'post_fire_recruitment (1)', 'resprouting_capacity': 'fire_killed (V)', 'resprouting_capacity_non_fire_disturbance': 'resprouts_non_fire_disturbance (1)'}"
Solenogyne bellioides,,,,"{'post_fire_recruitment': 'post_fire_recruitment (f)', 'resprouting_capacity': 'resprouts (1)', 'resprouting_capacity_non_fire_disturbance': 'resprouts_non_fire_disturbance (1)', 'resprouting_capacity_juvenile': 'juvenile_fire_killed (f)', 'fire_time_from_fire_to_flowering': '12 (f)'}"
Sorghum leiocladum,,,,"{'post_fire_recruitment': 'post_fire_recruitment (f)', 'resprouting_capacity': 'resprouts (V)', 'resprouting_capacity_non_fire_disturbance': 'resprouts_non_fire_disturbance (1)', 'resprouting_capacity_juvenile': 'juvenile_resprout (f)', 'resprouting_capacity_proportion_individuals': '1 (f)', 'fire_time_from_fire_to_flowering': '12 (1)'}"
Sporobolus creber,,,,"{'post_fire_recruitment': 'post_fire_recruitment (f)', 'resprouting_capacity': 'resprouts (V)', 'resprouting_capacity_non_fire_disturbance': 'resprouts_non_fire_disturbance (f)', 'resprouting_capacity_juvenile': 'juvenile_resprout (f)', 'resprouting_capacity_proportion_individuals': '1 (f)', 'fire_time_from_fire_to_flowering': '12 (1); 3.48837209302326 (1)'}"
Sporobolus elongatus,,,,"{'post_fire_recruitment': 'post_fire_recruitment (f)', 'resprouting_capacity': 'resprouts (f)', 'resprouting_capacity_non_fire_disturbance': 'resprouts_non_fire_disturbance (f)', 'resprouting_capacity_juvenile': 'juvenile_resprout (f)', 'resprouting_capacity_proportion_individuals': '1 (f)', 'fire_time_from_fire_to_flowering': '12 (f)'}"
Stackhousia viminea,,,,"{'resprouting_capacity': 'fire_killed (V)', 'resprouting_capacity_non_fire_disturbance': 'resprouts_non_fire_disturbance (1)', 'fire_time_from_fire_to_flowering': '12.093023255814 (1); 8.6046511627907 (1)', 'fire_time_from_fire_to_fruiting': '9.76744186046512 (1)'}"
Stellaria flaccida,,,,"{'post_fire_recruitment': 'post_fire_recruitment (1)', 'resprouting_capacity': 'fire_killed (2)'}"
Stylidium graminifolium,,,,"{'post_fire_recruitment': 'post_fire_recruitment (2)', 'resprouting_capacity': 'resprouts (V)', 'resprouting_capacity_non_fire_disturbance': 'resprouts_non_fire_disturbance (2)', 'resprouting_capacity_juvenile': 'juvenile_fire_killed (1)', 'fire_time_from_fire_to_flowering': '12 (V)', 'fire_time_from_fire_to_fruiting': '11.8604651162791 (1)'}"
Stylidium lineare,,,,"{'post_fire_recruitment': 'post_fire_recruitment (1)', 'resprouting_capacity': 'fire_killed (V)', 'fire_time_from_fire_to_flowering': '21.6279069767442 (1); 24 (1); 24.1860465116279 (1); 9.76744186046512 (1)', 'fire_time_from_fire_to_fruiting': '24.1860465116279 (1)', 'fire_time_from_fire_to_peak_flowering': '36 (1)'}"
Stypandra glauca,,,,"{'resprouting_capacity': 'resprouts (5)', 'resprouting_capacity_non_fire_disturbance': 'resprouts_non_fire_disturbance (1)', 'resprouting_capacity_juvenile': 'juvenile_fire_killed (1)', 'fire_time_from_fire_to_flowering': '18 (1); 54 (1)'}"
Suaeda australis,,,,{'resprouting_capacity': 'fire_killed (1)'}
Syncarpia glomulifera,,,,"{'post_fire_recruitment': 'post_fire_recruitment (2)', 'resprouting_capacity': 'resprouts (4)', 'resprouting_capacity_non_fire_disturbance': 'resprouts_non_fire_disturbance (f)', 'resprouting_capacity_juvenile': 'juvenile_fire_killed (f)', 'fire_time_from_fire_to_flowering': '60.4651162790698 (1)'}"
Telopea speciosissima,,,,"{'post_fire_recruitment': 'post_fire_recruitment (1)', 'resprouting_capacity': 'resprouts (3)', 'resprouting_capacity_non_fire_disturbance': 'resprouts_non_fire_disturbance (f)', 'fire_time_from_fire_to_flowering': '24.1860465116279 (V)', 'fire_time_from_fire_to_fruiting': '24.1860465116279 (1); 25.2 (1); 36.2790697674419 (1)'}"
Tetragonia tetragonoides,,,,"{'post_fire_recruitment': 'post_fire_recruitment_absent (1)', 'resprouting_capacity': 'fire_killed (4)', 'fire_time_from_fire_to_flowering': '9.06976744186047 (1)', 'fire_time_from_fire_to_fruiting': '9.06976744186047 (1)'}"
Thelionema caespitosum,,,,"{'resprouting_capacity': 'resprouts (6)', 'resprouting_capacity_non_fire_disturbance': 'resprouts_non_fire_disturbance (3)', 'resprouting_capacity_juvenile': 'juvenile_fire_killed (1)', 'fire_time_from_fire_to_flowering': '21.1627906976744 (1); 24 (1)', 'fire_time_from_fire_to_fruiting': '23.2558139534884 (1)'}"
Thelymitra carnea,,,,"{'post_fire_recruitment': 'post_fire_recruitment_absent (f)', 'post_fire_flowering': 'fire_enhanced_flowering (f)', 'resprouting_capacity': 'resprouts (3)', 'resprouting_capacity_non_fire_disturbance': 'resprouts_non_fire_disturbance (1)', 'resprouting_capacity_juvenile': 'juvenile_resprout (1)', 'fire_time_from_fire_to_flowering': '12 (f)'}"
Thelymitra pauciflora,,,,"{'post_fire_recruitment': 'post_fire_recruitment_absent (1)', 'post_fire_flowering': 'fire_enhanced_flowering (f)', 'resprouting_capacity': 'resprouts (8)', 'resprouting_capacity_non_fire_disturbance': 'resprouts_non_fire_disturbance (2)', 'resprouting_capacity_juvenile': 'juvenile_resprout (1)', 'fire_time_from_fire_to_flowering': '12 (V)', 'fire_time_from_fire_to_fruiting': '9.76744186046512 (1)'}"
Thelymitra peniculata,,,,"{'post_fire_recruitment': 'post_fire_recruitment_absent (f)', 'post_fire_flowering': 'fire_enhanced_flowering (f)', 'resprouting_capacity': 'resprouts (1)', 'resprouting_capacity_non_fire_disturbance': 'resprouts_non_fire_disturbance (1)', 'resprouting_capacity_juvenile': 'juvenile_resprout (f)', 'fire_time_from_fire_to_flowering': '12 (f)'}"
Themeda triandra,,,,"{'post_fire_recruitment': 'post_fire_recruitment (V)', 'resprouting_capacity': 'partial_resprouting (V)', 'resprouting_capacity_non_fire_disturbance': 'resprouts_non_fire_disturbance (f)', 'resprouting_capacity_juvenile': 'juvenile_resprout (1)', 'resprouting_capacity_proportion_individuals': '1 (3)', 'fire_time_from_fire_to_flowering': '12 (V)', 'fire_time_from_fire_to_fruiting': '11.3953488372093 (1)'}"
Thysanotus juncifolius,,,,"{'post_fire_recruitment': 'post_fire_recruitment (1)', 'resprouting_capacity': 'resprouts (V)', 'resprouting_capacity_non_fire_disturbance': 'resprouts_non_fire_disturbance (1)', 'resprouting_capacity_juvenile': 'juvenile_resprout (1)', 'fire_time_from_fire_to_flowering': '12 (1); 2.4 (1); 3.95348837209302 (1)', 'fire_time_from_fire_to_fruiting': '14.8837209302326 (1)'}"
Trachymene incisa,,,,"{'post_fire_recruitment': 'post_fire_recruitment (1)', 'resprouting_capacity': 'resprouts (V)', 'resprouting_capacity_non_fire_disturbance': 'resprouts_non_fire_disturbance (1)', 'fire_time_from_fire_to_flowering': '8.13953488372093 (V)', 'fire_time_from_fire_to_fruiting': '8.13953488372093 (1)'}"
Trema tomentosa,,,,"{'post_fire_recruitment': 'post_fire_recruitment (2)', 'resprouting_capacity': 'fire_killed (5)'}"
Tricoryne elatior,,,,"{'post_fire_recruitment': 'post_fire_recruitment_absent (V)', 'resprouting_capacity': 'resprouts (V)', 'resprouting_capacity_non_fire_disturbance': 'resprouts_non_fire_disturbance (1)', 'resprouting_capacity_juvenile': 'juvenile_resprout (1)', 'fire_time_from_fire_to_flowering': '12 (1); 24 (1); 6 (1)'}"
Tricoryne simplex,,,,"{'resprouting_capacity': 'resprouts (2)', 'fire_time_from_fire_to_flowering': '12 (1); 12.093023255814 (1); 3.72093023255814 (1)', 'fire_time_from_fire_to_fruiting': '9.53488372093023 (1)'}"
Triglochin striata,,,,"{'resprouting_capacity': 'resprouts (4)', 'resprouting_capacity_non_fire_disturbance': 'resprouts_non_fire_disturbance (4)'}"
Vincetoxicum barbatum,,,,"{'post_fire_recruitment': 'post_fire_recruitment_absent (2)', 'resprouting_capacity': 'resprouts (3)', 'fire_time_from_fire_to_flowering': '10 (1)'}"
Typha orientalis,,,,"{'resprouting_capacity': 'resprouts (3)', 'resprouting_capacity_non_fire_disturbance': 'resprouts_non_fire_disturbance (1)', 'fire_time_from_fire_to_fruiting': '19.7674418604651 (1)'}"
Urtica incisa,,,,"{'post_fire_recruitment': 'post_fire_recruitment (1)', 'resprouting_capacity': 'fire_killed (1); resprouts (1)', 'resprouting_capacity_non_fire_disturbance': 'resprouts_non_fire_disturbance (1)', 'fire_time_from_fire_to_flowering': '8.83720930232558 (1)'}"
Rhamnus alaternus,,,,{'resprouting_capacity': 'resprouts (1)'}
Dillwynia floribunda,,,,"{'post_fire_recruitment': 'post_fire_recruitment (1)', 'resprouting_capacity': 'fire_killed (4)', 'resprouting_capacity_non_fire_disturbance': 'resprouts_non_fire_disturbance (f)', 'resprouting_capacity_juvenile': 'juvenile_fire_killed (f)', 'fire_time_from_fire_to_flowering': '20.9302325581395 (1)'}"
Melaleuca diosmatifolia,,,,"{'post_fire_recruitment': 'post_fire_recruitment (f)', 'resprouting_capacity': 'resprouts (1)', 'resprouting_capacity_non_fire_disturbance': 'resprouts_non_fire_disturbance (1)', 'resprouting_capacity_juvenile': 'juvenile_fire_killed (f)'}"
Lolium arundinaceum,,,,"{'post_fire_recruitment': 'post_fire_recruitment (f)', 'resprouting_capacity': 'resprouts (f)', 'resprouting_capacity_non_fire_disturbance': 'resprouts_non_fire_disturbance (f)', 'resprouting_capacity_juvenile': 'juvenile_resprout (f)', 'resprouting_capacity_proportion_individuals': '1 (f)', 'fire_time_from_fire_to_flowering': '12 (f)'}"
Gladiolus carneus,,,,"{'resprouting_capacity': 'resprouts (1)', 'fire_time_from_fire_to_flowering': '12 (1)'}"
Sonchus asper,,,,"{'post_fire_recruitment': 'post_fire_recruitment (4)', 'resprouting_capacity': 'fire_killed (7)', 'resprouting_capacity_non_fire_disturbance': 'resprouts_non_fire_disturbance (f)', 'resprouting_capacity_juvenile': 'juvenile_fire_killed (3)', 'fire_time_from_fire_to_flowering': '12 (1)'}"
Pterostylis saxicola,,,,"{'post_fire_recruitment': 'post_fire_recruitment_absent (f)', 'post_fire_flowering': 'fire_enhanced_flowering (f)', 'resprouting_capacity': 'resprouts (g)', 'resprouting_capacity_non_fire_disturbance': 'resprouts_non_fire_disturbance (g)', 'resprouting_capacity_juvenile': 'juvenile_resprout (f)', 'fire_time_from_fire_to_flowering': '12 (f)'}"
Syzygium paniculatum,,,,"{'post_fire_recruitment': 'post_fire_recruitment (f)', 'resprouting_capacity': 'partial_resprouting (1)', 'resprouting_capacity_non_fire_disturbance': 'resprouts_non_fire_disturbance (f)', 'resprouting_capacity_juvenile': 'juvenile_fire_killed (f)', 'fire_time_from_fire_to_flowering': '24 (1)'}"
Acacia filicifolia,,,,"{'post_fire_recruitment': 'post_fire_recruitment (1); post_fire_recruitment_absent (1)', 'resprouting_capacity': 'fire_killed (1); partial_resprouting (1); resprouts (1)', 'resprouting_capacity_non_fire_disturbance': 'resprouts_non_fire_disturbance (f)', 'resprouting_capacity_juvenile': 'juvenile_fire_killed (g)'}"
Senna pendula,,,,"{'post_fire_recruitment': 'post_fire_recruitment (f)', 'resprouting_capacity': 'resprouts (3)', 'resprouting_capacity_non_fire_disturbance': 'resprouts_non_fire_disturbance (f)', 'resprouting_capacity_juvenile': 'juvenile_fire_killed (f)', 'fire_time_from_fire_to_flowering': '14.1860465116279 (1); 24 (1); 24.1860465116279 (1)', 'fire_time_from_fire_to_fruiting': '19.7674418604651 (1)'}"
Corunastylis filiformis,,,,"{'post_fire_recruitment': 'post_fire_recruitment_absent (f)', 'post_fire_flowering': 'fire_enhanced_flowering (f)', 'resprouting_capacity': 'resprouts (f)', 'resprouting_capacity_non_fire_disturbance': 'resprouts_non_fire_disturbance (f)', 'resprouting_capacity_juvenile': 'juvenile_resprout (f)', 'fire_time_from_fire_to_flowering': '12 (f)'}"
Agave attenuata,,,,"{'resprouting_capacity': 'resprouts (f)', 'resprouting_capacity_non_fire_disturbance': 'resprouts_non_fire_disturbance (f)'}"
Triticum aestivum,,,,"{'post_fire_recruitment': 'post_fire_recruitment (f)', 'resprouting_capacity': 'resprouts (f)', 'resprouting_capacity_non_fire_disturbance': 'resprouts_non_fire_disturbance (f)', 'resprouting_capacity_juvenile': 'juvenile_resprout (f)', 'resprouting_capacity_proportion_individuals': '1 (f)', 'fire_time_from_fire_to_flowering': '12 (f)'}"
Dockrillia linguiformis,,,,"{'post_fire_recruitment': 'post_fire_recruitment_absent (f)', 'post_fire_flowering': 'fire_enhanced_flowering (f)', 'resprouting_capacity': 'fire_killed (2)', 'resprouting_capacity_non_fire_disturbance': 'resprouts_non_fire_disturbance (f)', 'resprouting_capacity_juvenile': 'juvenile_resprout (f)', 'fire_time_from_fire_to_flowering': '33.2558139534884 (1)'}"
Prunus armeniaca,,,,{'resprouting_capacity': 'resprouts (f)'}
Ludwigia peploides,,,,"{'post_fire_recruitment': 'post_fire_recruitment_absent (1)', 'resprouting_capacity': 'resprouts (1)', 'resprouting_capacity_non_fire_disturbance': 'resprouts_non_fire_disturbance (1)'}"
Paraserianthes lophantha,,,,"{'post_fire_recruitment': 'post_fire_recruitment (f)', 'resprouting_capacity': 'fire_killed (2)', 'resprouting_capacity_non_fire_disturbance': 'resprouts_non_fire_disturbance (f)', 'resprouting_capacity_juvenile': 'juvenile_fire_killed (f)', 'fire_time_from_fire_to_flowering': '24 (1)'}"
Leucopogon affinis,,,,"{'post_fire_recruitment': 'post_fire_recruitment (V)', 'resprouting_capacity': 'resprouts (11)', 'resprouting_capacity_juvenile': 'juvenile_fire_killed (1)', 'fire_time_from_fire_to_flowering': '20.4651162790698 (1); 24.1860465116279 (1); 36 (1); 36.2790697674419 (1); 4.8 (1)', 'fire_time_from_fire_to_fruiting': '36 (V)'}"
Westringia eremicola,,,,"{'post_fire_recruitment': 'post_fire_recruitment (1)', 'resprouting_capacity': 'fire_killed (V)'}"
Crassocephalum crepidioides,,,,"{'post_fire_recruitment': 'post_fire_recruitment (f)', 'resprouting_capacity': 'fire_killed (3)', 'resprouting_capacity_non_fire_disturbance': 'resprouts_non_fire_disturbance (f)', 'resprouting_capacity_juvenile': 'juvenile_fire_killed (f)', 'fire_time_from_fire_to_flowering': '3.48837209302326 (1); 9.06976744186047 (1)', 'fire_time_from_fire_to_fruiting': '3.48837209302326 (1)'}"
Tragopogon porrifolius,,,,"{'post_fire_recruitment': 'post_fire_recruitment_absent (1)', 'resprouting_capacity': 'fire_killed (f)', 'resprouting_capacity_non_fire_disturbance': 'resprouts_non_fire_disturbance (f)', 'resprouting_capacity_juvenile': 'juvenile_fire_killed (f)', 'fire_time_from_fire_to_flowering': '12 (f)'}"
Urospermum picroides,,,,"{'post_fire_recruitment': 'post_fire_recruitment (f)', 'resprouting_capacity': 'fire_killed (f)', 'resprouting_capacity_non_fire_disturbance': 'resprouts_non_fire_disturbance (f)', 'resprouting_capacity_juvenile': 'juvenile_fire_killed (f)', 'fire_time_from_fire_to_flowering': '12 (f)'}"
Plantago major,,,,"{'post_fire_recruitment': 'post_fire_recruitment (1)', 'fire_time_from_fire_to_flowering': '11.6279069767442 (1)', 'fire_time_from_fire_to_fruiting': '11.6279069767442 (1)'}"
Crassula multicava,,,,"{'resprouting_capacity': 'resprouts (2)', 'fire_time_from_fire_to_flowering': '8.83720930232558 (1)'}"
Colocasia esculenta,,,,{'resprouting_capacity': 'resprouts (5)'}
Correa alba,,,,"{'post_fire_recruitment': 'post_fire_recruitment (1)', 'resprouting_capacity': 'fire_killed (2)', 'resprouting_capacity_juvenile': 'juvenile_fire_killed (1)'}"
Alstroemeria psittacina,,,,"{'post_fire_recruitment': 'post_fire_recruitment (1)', 'resprouting_capacity': 'resprouts (1)', 'fire_time_from_fire_to_flowering': '11.3953488372093 (1)', 'fire_time_from_fire_to_fruiting': '11.3953488372093 (1)'}"
Coleonema pulchellum,,,,"{'post_fire_recruitment': 'post_fire_recruitment (f)', 'resprouting_capacity': 'fire_killed (f)'}"
Rumex hypogaeus,,,,"{'resprouting_capacity': 'fire_killed (1)', 'fire_time_from_fire_to_flowering': '12 (1)'}"
Erechtites valerianifolius,,,,"{'post_fire_recruitment': 'post_fire_recruitment (f)', 'resprouting_capacity': 'fire_killed (2)', 'resprouting_capacity_non_fire_disturbance': 'resprouts_non_fire_disturbance (f)', 'resprouting_capacity_juvenile': 'juvenile_fire_killed (f)', 'fire_time_from_fire_to_flowering': '6.51162790697674 (1); 9.06976744186047 (1)', 'fire_time_from_fire_to_fruiting': '6.97674418604651 (1)'}"
Stenanthera pinifolia,,,,"{'post_fire_recruitment': 'post_fire_recruitment (2)', 'resprouting_capacity': 'fire_killed (V)', 'resprouting_capacity_juvenile': 'juvenile_fire_killed (1)'}"
Cosmos sulphureus,,,,"{'post_fire_recruitment': 'post_fire_recruitment (f)', 'resprouting_capacity': 'fire_killed (f)', 'resprouting_capacity_non_fire_disturbance': 'resprouts_non_fire_disturbance (f)', 'resprouting_capacity_juvenile': 'juvenile_fire_killed (f)', 'fire_time_from_fire_to_flowering': '12 (f)'}"
Acacia irrorata,,,,"{'post_fire_recruitment': 'post_fire_recruitment (1)', 'resprouting_capacity': 'fire_killed (3)', 'resprouting_capacity_non_fire_disturbance': 'resprouts_non_fire_disturbance (f)', 'resprouting_capacity_juvenile': 'juvenile_fire_killed (g)'}"
Solanum lycopersicum,,,,"{'fire_time_from_fire_to_flowering': '3.48837209302326 (1)', 'fire_time_from_fire_to_fruiting': '6.74418604651163 (1)'}"
Rostraria cristata,,,,"{'post_fire_recruitment': 'post_fire_recruitment (1)', 'resprouting_capacity': 'fire_killed (1)', 'resprouting_capacity_non_fire_disturbance': 'resprouts_non_fire_disturbance (f)', 'resprouting_capacity_juvenile': 'juvenile_fire_killed (1)', 'resprouting_capacity_proportion_individuals': '1 (f)', 'fire_time_from_fire_to_flowering': '12 (f)'}"
Drosera binata,,,,"{'resprouting_capacity': 'resprouts (4)', 'resprouting_capacity_non_fire_disturbance': 'resprouts_non_fire_disturbance (1)', 'fire_time_from_fire_to_flowering': '1.2 (1); 3.95348837209302 (1)'}"
Dolichandra unguis-cati,,,,{'resprouting_capacity': 'resprouts (1)'}
Euphorbia maculata,,,,"{'resprouting_capacity': 'fire_killed (1)', 'fire_time_from_fire_to_fruiting': '2.09302325581395 (1)'}"
Auranticarpa rhombifolia,,,,"{'resprouting_capacity': 'fire_killed (2)', 'resprouting_capacity_non_fire_disturbance': 'resprouts_non_fire_disturbance (2)'}"
Schinus molle,,,,{'post_fire_recruitment': 'post_fire_recruitment (1)'}
Sphagneticola trilobata,,,,"{'post_fire_recruitment': 'post_fire_recruitment (f)', 'resprouting_capacity': 'fire_killed (f)', 'resprouting_capacity_non_fire_disturbance': 'resprouts_non_fire_disturbance (f)', 'resprouting_capacity_juvenile': 'juvenile_fire_killed (f)', 'fire_time_from_fire_to_flowering': '12 (f)'}"
Casuarina cunninghamiana,,,,"{'post_fire_recruitment': 'post_fire_recruitment (1)', 'resprouting_capacity': 'resprouts (V)', 'resprouting_capacity_juvenile': 'juvenile_resprout (2)'}"
Freesia leichtlinii,,,,{'resprouting_capacity': 'resprouts (f)'}
Fumaria muralis,,,,{'post_fire_recruitment': 'post_fire_recruitment (1)'}
Avena barbata,,,,"{'post_fire_recruitment': 'post_fire_recruitment (1)', 'resprouting_capacity': 'fire_killed (1)', 'resprouting_capacity_non_fire_disturbance': 'resprouts_non_fire_disturbance (f)', 'resprouting_capacity_juvenile': 'juvenile_resprout (f)', 'resprouting_capacity_proportion_individuals': '1 (f)', 'fire_time_from_fire_to_flowering': '12 (f)'}"
Freesia laxa,,,,"{'resprouting_capacity': 'resprouts (1)', 'fire_time_from_fire_to_flowering': '9.30232558139535 (1)'}"
Abutilon grandifolium,,,,"{'post_fire_recruitment': 'post_fire_recruitment (1)', 'resprouting_capacity': 'fire_killed (1)'}"
Zantedeschia aethiopica,,,,{'resprouting_capacity': 'resprouts (1)'}
Pyracantha crenulata,,,,"{'resprouting_capacity': 'resprouts (2)', 'fire_time_from_fire_to_flowering': '24 (1); 24.1860465116279 (1); 36 (1); 36.2790697674419 (1)', 'fire_time_from_fire_to_fruiting': '29.0697674418605 (1)'}"
Plectranthus intraterraneus,,,,{'resprouting_capacity': 'fire_killed (1)'}
Eucalyptus polyanthemos,,,,"{'post_fire_recruitment': 'post_fire_recruitment (g)', 'resprouting_capacity': 'resprouts (1)', 'resprouting_capacity_non_fire_disturbance': 'resprouts_non_fire_disturbance (f)', 'resprouting_capacity_juvenile': 'juvenile_fire_killed (f)'}"
Polypogon viridis,,,,"{'post_fire_recruitment': 'post_fire_recruitment (f)', 'resprouting_capacity': 'resprouts (f)', 'resprouting_capacity_non_fire_disturbance': 'resprouts_non_fire_disturbance (f)', 'resprouting_capacity_juvenile': 'juvenile_resprout (f)', 'resprouting_capacity_proportion_individuals': '1 (f)', 'fire_time_from_fire_to_flowering': '12 (f)'}"
Corunastylis fimbriata,,,,"{'post_fire_recruitment': 'post_fire_recruitment_absent (f)', 'post_fire_flowering': 'fire_enhanced_flowering (f)', 'resprouting_capacity': 'resprouts (4)', 'resprouting_capacity_non_fire_disturbance': 'resprouts_non_fire_disturbance (3)', 'resprouting_capacity_juvenile': 'juvenile_resprout (f)', 'fire_time_from_fire_to_flowering': '2.32558139534884 (1)', 'fire_time_from_fire_to_fruiting': '4.88372093023256 (1)'}"
Lobularia maritima,,,,"{'resprouting_capacity': 'fire_killed (2)', 'fire_time_from_fire_to_flowering': '5.34883720930233 (1)'}"
Banksia robur,,,,"{'post_fire_recruitment': 'post_fire_recruitment (2)', 'resprouting_capacity': 'resprouts (4)', 'resprouting_capacity_non_fire_disturbance': 'resprouts_non_fire_disturbance (f)'}"
Romulea rosea,,,,"{'post_fire_recruitment': 'post_fire_recruitment (1)', 'resprouting_capacity': 'resprouts (4)', 'resprouting_capacity_juvenile': 'juvenile_resprout (1)', 'fire_time_from_fire_to_flowering': '7.67441860465116 (1)'}"
Convolvulus angustissimus,,,,"{'resprouting_capacity': 'resprouts (1)', 'resprouting_capacity_non_fire_disturbance': 'resprouts_non_fire_disturbance (1)'}"
Juncus kraussii,,,,"{'resprouting_capacity': 'resprouts (1)', 'resprouting_capacity_non_fire_disturbance': 'resprouts_non_fire_disturbance (1)', 'fire_time_from_fire_to_flowering': '33 (1)'}"
Epilobium ciliatum,,,,"{'fire_time_from_fire_to_flowering': '8.83720930232558 (1)', 'fire_time_from_fire_to_fruiting': '8.83720930232558 (1)'}"
Murraya koenigii,,,,"{'post_fire_recruitment': 'post_fire_recruitment (f)', 'resprouting_capacity': 'fire_killed (f)'}"
Fumaria capreolata,,,,"{'resprouting_capacity': 'fire_killed (2)', 'fire_time_from_fire_to_flowering': '2.7906976744186 (1)', 'fire_time_from_fire_to_fruiting': '2.7906976744186 (1)'}"
Acacia dealbata,,,,"{'post_fire_recruitment': 'post_fire_recruitment (V)', 'resprouting_capacity': 'fire_killed (V)', 'resprouting_capacity_non_fire_disturbance': 'resprouts_non_fire_disturbance (1)', 'resprouting_capacity_juvenile': 'juvenile_fire_killed (1)', 'resprouting_capacity_proportion_individuals': '0 (V)'}"
Senna didymobotrya,,,,"{'post_fire_recruitment': 'post_fire_recruitment_absent (1)', 'resprouting_capacity': 'resprouts (1)', 'resprouting_capacity_non_fire_disturbance': 'resprouts_non_fire_disturbance (f)', 'resprouting_capacity_juvenile': 'juvenile_fire_killed (f)'}"
Holcus lanatus,,,,"{'post_fire_recruitment': 'post_fire_recruitment (2)', 'resprouting_capacity': 'resprouts (V)', 'resprouting_capacity_non_fire_disturbance': 'resprouts_non_fire_disturbance (f)', 'resprouting_capacity_juvenile': 'juvenile_fire_killed (1)', 'resprouting_capacity_proportion_individuals': '1 (f)', 'fire_time_from_fire_to_flowering': '12 (f)'}"
Sagina apetala,,,,{'resprouting_capacity': 'fire_killed (4)'}
Salicornia quinqueflora,,,,{'resprouting_capacity': 'fire_killed (1)'}
Petroselinum crispum,,,,"{'resprouting_capacity': 'fire_killed (1)', 'resprouting_capacity_juvenile': 'juvenile_fire_killed (1)'}"
Erigeron canadensis,,,,"{'post_fire_recruitment': 'post_fire_recruitment (f)', 'resprouting_capacity': 'fire_killed (V)', 'resprouting_capacity_non_fire_disturbance': 'resprouts_non_fire_disturbance (f)', 'resprouting_capacity_juvenile': 'juvenile_fire_killed (f)', 'fire_time_from_fire_to_flowering': '12 (f)'}"
Youngia japonica,,,,"{'post_fire_recruitment': 'post_fire_recruitment_absent (1)', 'resprouting_capacity': 'resprouts (1)', 'resprouting_capacity_non_fire_disturbance': 'resprouts_non_fire_disturbance (f)', 'resprouting_capacity_juvenile': 'juvenile_fire_killed (f)', 'fire_time_from_fire_to_flowering': '12 (f)'}"
Syngonium podophyllum,,,,{'resprouting_capacity': 'fire_killed (1)'}
Melilotus albus,,,,"{'post_fire_recruitment': 'post_fire_recruitment (f)', 'resprouting_capacity': 'fire_killed (f)', 'resprouting_capacity_non_fire_disturbance': 'resprouts_non_fire_disturbance (f)', 'resprouting_capacity_juvenile': 'juvenile_fire_killed (f)'}"
Senecio angulatus,,,,"{'post_fire_recruitment': 'post_fire_recruitment (f)', 'resprouting_capacity': 'fire_killed (f)', 'resprouting_capacity_non_fire_disturbance': 'resprouts_non_fire_disturbance (f)', 'resprouting_capacity_juvenile': 'juvenile_fire_killed (f)', 'fire_time_from_fire_to_flowering': '12 (f)'}"
Corunastylis rufa,,,,"{'post_fire_recruitment': 'post_fire_recruitment_absent (1)', 'post_fire_flowering': 'fire_enhanced_flowering (f)', 'resprouting_capacity': 'resprouts (9)', 'resprouting_capacity_non_fire_disturbance': 'resprouts_non_fire_disturbance (5)', 'resprouting_capacity_juvenile': 'juvenile_resprout (f)', 'fire_time_from_fire_to_flowering': '12 (V)', 'fire_time_from_fire_to_fruiting': '5.58139534883721 (1)'}"
Tritonia gladiolaris,,,,{'resprouting_capacity': 'resprouts (f)'}
Medicago lupulina,,,,"{'post_fire_recruitment': 'post_fire_recruitment (f)', 'resprouting_capacity': 'fire_killed (f)', 'resprouting_capacity_non_fire_disturbance': 'resprouts_non_fire_disturbance (f)', 'resprouting_capacity_juvenile': 'juvenile_fire_killed (f)'}"
Xyris complanata,,,,{'resprouting_capacity': 'fire_killed (1); partial_resprouting (1); resprouts (1)'}
Epidendrum radicans,,,,"{'post_fire_recruitment': 'post_fire_recruitment_absent (f)', 'post_fire_flowering': 'fire_enhanced_flowering (f)', 'resprouting_capacity': 'resprouts (f)', 'resprouting_capacity_non_fire_disturbance': 'resprouts_non_fire_disturbance (f)', 'resprouting_capacity_juvenile': 'juvenile_resprout (f)', 'fire_time_from_fire_to_flowering': '12 (f)'}"
Dactyloctenium aegyptium,,,,"{'post_fire_recruitment': 'post_fire_recruitment (f)', 'resprouting_capacity': 'fire_killed (2)', 'resprouting_capacity_non_fire_disturbance': 'resprouts_non_fire_disturbance (f)', 'resprouting_capacity_juvenile': 'juvenile_resprout (f)', 'resprouting_capacity_proportion_individuals': '1 (f)', 'fire_time_from_fire_to_flowering': '12 (f)'}"
Grevillea rosmarinifolia,,,,"{'post_fire_recruitment': 'post_fire_recruitment (2)', 'resprouting_capacity': 'fire_killed (1); resprouts (1)', 'resprouting_capacity_non_fire_disturbance': 'resprouts_non_fire_disturbance (1)'}"
Gladiolus dalenii,,,,{'resprouting_capacity': 'resprouts (f)'}
Physalis angulata,,,,{'resprouting_capacity': 'fire_killed (2)'}
Cryptostylis subulata,,,,"{'resprouting_capacity': 'resprouts (V)', 'resprouting_capacity_non_fire_disturbance': 'resprouts_non_fire_disturbance (1)', 'resprouting_capacity_juvenile': 'juvenile_resprout (1)', 'fire_time_from_fire_to_flowering': '23.4883720930233 (1); 24 (1)', 'fire_time_from_fire_to_fruiting': '23.4883720930233 (1)'}"
Acacia longissima,,,,"{'post_fire_recruitment': 'post_fire_recruitment (g)', 'resprouting_capacity': 'fire_killed (3)', 'resprouting_capacity_non_fire_disturbance': 'resprouts_non_fire_disturbance (f)', 'resprouting_capacity_juvenile': 'juvenile_fire_killed (g)', 'fire_time_from_fire_to_flowering': '35.5813953488372 (1)', 'fire_time_from_fire_to_fruiting': '39.3023255813954 (1)'}"
Leontodon rhagadioloides,,,,"{'post_fire_recruitment': 'post_fire_recruitment (f)', 'resprouting_capacity': 'fire_killed (1)', 'resprouting_capacity_non_fire_disturbance': 'resprouts_non_fire_disturbance (f)', 'resprouting_capacity_juvenile': 'juvenile_fire_killed (f)', 'fire_time_from_fire_to_flowering': '12 (f)'}"
Narcissus tazetta,,,,{'resprouting_capacity': 'resprouts (1)'}
Paspalum notatum,,,,"{'post_fire_recruitment': 'post_fire_recruitment (f)', 'resprouting_capacity': 'resprouts (f)', 'resprouting_capacity_non_fire_disturbance': 'resprouts_non_fire_disturbance (f)', 'resprouting_capacity_juvenile': 'juvenile_resprout (f)', 'resprouting_capacity_proportion_individuals': '1 (f)', 'fire_time_from_fire_to_flowering': '12 (f)'}"
Solidago altissima,,,,"{'post_fire_recruitment': 'post_fire_recruitment (f)', 'resprouting_capacity': 'fire_killed (f)', 'resprouting_capacity_non_fire_disturbance': 'resprouts_non_fire_disturbance (f)', 'resprouting_capacity_juvenile': 'juvenile_fire_killed (f)', 'fire_time_from_fire_to_flowering': '12 (f)'}"
Notelaea venosa,,,,"{'post_fire_recruitment': 'post_fire_recruitment_absent (1)', 'resprouting_capacity': 'resprouts (2)'}"
Acacia iteaphylla,,,,"{'post_fire_recruitment': 'post_fire_recruitment (1)', 'resprouting_capacity': 'fire_killed (1)', 'resprouting_capacity_non_fire_disturbance': 'resprouts_non_fire_disturbance (f)', 'resprouting_capacity_juvenile': 'juvenile_fire_killed (g)'}"
Pilea microphylla,,,,{'resprouting_capacity': 'fire_killed (1)'}
Gamochaeta americana,,,,"{'post_fire_recruitment': 'post_fire_recruitment (f)', 'resprouting_capacity': 'fire_killed (1); partial_resprouting (1); resprouts (1)', 'resprouting_capacity_non_fire_disturbance': 'resprouts_non_fire_disturbance (f)', 'resprouting_capacity_juvenile': 'juvenile_fire_killed (f)', 'fire_time_from_fire_to_flowering': '12 (1); 2.32558139534884 (1)', 'fire_time_from_fire_to_fruiting': '2.32558139534884 (1)'}"
Centaurea cyanus,,,,"{'post_fire_recruitment': 'post_fire_recruitment (f)', 'resprouting_capacity': 'fire_killed (f)', 'resprouting_capacity_non_fire_disturbance': 'resprouts_non_fire_disturbance (f)', 'resprouting_capacity_juvenile': 'juvenile_fire_killed (f)', 'fire_time_from_fire_to_flowering': '12 (f)'}"
Vincetoxicum woollsii,,,,"{'post_fire_recruitment': 'post_fire_recruitment (1)', 'resprouting_capacity': 'fire_killed (1)'}"
Callistemon pallidus,,,,"{'post_fire_recruitment': 'post_fire_recruitment_absent (V)', 'resprouting_capacity': 'resprouts (V)', 'resprouting_capacity_non_fire_disturbance': 'resprouts_non_fire_disturbance (f)', 'resprouting_capacity_juvenile': 'juvenile_fire_killed (1)'}"
Allium triquetrum,,,,{'resprouting_capacity': 'resprouts (1)'}
Desmodium rhytidophyllum,,,,"{'post_fire_recruitment': 'post_fire_recruitment (1)', 'resprouting_capacity': 'resprouts (V)', 'resprouting_capacity_non_fire_disturbance': 'resprouts_non_fire_disturbance (f)', 'resprouting_capacity_juvenile': 'juvenile_fire_killed (f)', 'fire_time_from_fire_to_flowering': '3.02325581395349 (1); 3.6 (1)', 'fire_time_from_fire_to_fruiting': '3.02325581395349 (1)'}"
Oenothera mollissima,,,,{'fire_time_from_fire_to_fruiting': '9.06976744186047 (1)'}
Lactuca sativa,,,,"{'post_fire_recruitment': 'post_fire_recruitment (f)', 'resprouting_capacity': 'fire_killed (f)', 'resprouting_capacity_non_fire_disturbance': 'resprouts_non_fire_disturbance (f)', 'resprouting_capacity_juvenile': 'juvenile_fire_killed (f)', 'fire_time_from_fire_to_flowering': '12 (f)'}"
Diuris punctata,,,,"{'post_fire_recruitment': 'post_fire_recruitment_absent (f)', 'post_fire_flowering': 'fire_enhanced_flowering (f)', 'resprouting_capacity': 'resprouts (2)', 'resprouting_capacity_non_fire_disturbance': 'resprouts_non_fire_disturbance (2)', 'resprouting_capacity_juvenile': 'juvenile_resprout (f)', 'fire_time_from_fire_to_flowering': '12 (f)'}"
Artemisia verlotiorum,,,,"{'post_fire_recruitment': 'post_fire_recruitment (f)', 'resprouting_capacity': 'fire_killed (f)', 'resprouting_capacity_non_fire_disturbance': 'resprouts_non_fire_disturbance (f)', 'resprouting_capacity_juvenile': 'juvenile_fire_killed (f)', 'fire_time_from_fire_to_flowering': '12 (f)'}"
Geranium molle,,,,{'post_fire_recruitment': 'post_fire_recruitment (1)'}
Sorghum bicolor,,,,"{'post_fire_recruitment': 'post_fire_recruitment (f)', 'resprouting_capacity': 'resprouts (f)', 'resprouting_capacity_non_fire_disturbance': 'resprouts_non_fire_disturbance (f)', 'resprouting_capacity_juvenile': 'juvenile_resprout (f)', 'resprouting_capacity_proportion_individuals': '1 (f)', 'fire_time_from_fire_to_flowering': '5.34883720930233 (1)', 'fire_time_from_fire_to_fruiting': '5.34883720930233 (1)'}"
Rubus laudatus,,,,{'resprouting_capacity': 'resprouts (f)'}
Hibiscus mutabilis,,,,{'resprouting_capacity': 'fire_killed (f)'}
Ipheion uniflorum,,,,{'resprouting_capacity': 'resprouts (1)'}
Cotoneaster coriaceus,,,,{'resprouting_capacity': 'resprouts (f)'}
Vittadinia gracilis,,,,"{'post_fire_recruitment': 'post_fire_recruitment (1)', 'resprouting_capacity': 'resprouts (1)', 'resprouting_capacity_non_fire_disturbance': 'resprouts_non_fire_disturbance (f)', 'resprouting_capacity_juvenile': 'juvenile_resprout (1)', 'fire_time_from_fire_to_flowering': '12 (f)'}"
Cyperus congestus,,,,"{'resprouting_capacity': 'fire_killed (1)', 'resprouting_capacity_non_fire_disturbance': 'resprouts_non_fire_disturbance (f)', 'resprouting_capacity_juvenile': 'juvenile_fire_killed (f)'}"
Styphelia laeta,,,,"{'post_fire_recruitment': 'post_fire_recruitment (f)', 'resprouting_capacity': 'fire_killed (1)'}"
Sisymbrium irio,,,,{'resprouting_capacity': 'fire_killed (3)'}
Euphorbia oblongata,,,,"{'resprouting_capacity': 'fire_killed (1)', 'fire_time_from_fire_to_flowering': '10 (1)'}"
Coronidium elatum,,,,"{'post_fire_recruitment': 'post_fire_recruitment (f)', 'resprouting_capacity': 'fire_killed (4)', 'resprouting_capacity_non_fire_disturbance': 'resprouts_non_fire_disturbance (f)', 'resprouting_capacity_juvenile': 'juvenile_fire_killed (f)', 'fire_time_from_fire_to_flowering': '20.2325581395349 (1); 24.1860465116279 (1)', 'fire_time_from_fire_to_fruiting': '22.5581395348837 (1)', 'fire_time_from_fire_to_peak_flowering': '36 (1)'}"
Digitaria aequiglumis,,,,"{'post_fire_recruitment': 'post_fire_recruitment (f)', 'resprouting_capacity': 'resprouts (f)', 'resprouting_capacity_non_fire_disturbance': 'resprouts_non_fire_disturbance (f)', 'resprouting_capacity_juvenile': 'juvenile_resprout (f)', 'resprouting_capacity_proportion_individuals': '1 (f)', 'fire_time_from_fire_to_flowering': '12 (f)'}"
Wahlenbergia littoricola,,,,"{'resprouting_capacity': 'fire_killed (1); resprouts (1)', 'resprouting_capacity_non_fire_disturbance': 'resprouts_non_fire_disturbance (1)', 'fire_time_from_fire_to_flowering': '24 (1)'}"
Almaleea paludosa,,,,"{'post_fire_recruitment': 'post_fire_recruitment (f)', 'resprouting_capacity': 'fire_killed (3)', 'resprouting_capacity_non_fire_disturbance': 'resprouts_non_fire_disturbance (f)', 'resprouting_capacity_juvenile': 'juvenile_fire_killed (f)'}"
Cymbidium canaliculatum,,,,"{'post_fire_recruitment': 'post_fire_recruitment_absent (f)', 'post_fire_flowering': 'fire_enhanced_flowering (f)', 'resprouting_capacity': 'resprouts (V)', 'resprouting_capacity_non_fire_disturbance': 'resprouts_non_fire_disturbance (f)', 'resprouting_capacity_juvenile': 'juvenile_resprout (f)', 'fire_time_from_fire_to_flowering': '12 (f)'}"
Pyrus communis,,,,{'resprouting_capacity': 'resprouts (f)'}
Leucopogon attenuatus,,,,"{'post_fire_recruitment': 'post_fire_recruitment (1)', 'resprouting_capacity': 'resprouts (2)'}"
Cyperus tetraphyllus,,,,"{'resprouting_capacity': 'resprouts (f)', 'resprouting_capacity_non_fire_disturbance': 'resprouts_non_fire_disturbance (f)', 'resprouting_capacity_juvenile': 'juvenile_fire_killed (f)'}"
Juncus polyanthemus,,,,"{'resprouting_capacity': 'resprouts (1)', 'resprouting_capacity_non_fire_disturbance': 'resprouts_non_fire_disturbance (1)'}"
Euphorbia lathyris,,,,{'post_fire_recruitment': 'post_fire_recruitment (1)'}
Nymphoides montana,,,,"{'resprouting_capacity': 'resprouts (1)', 'resprouting_capacity_non_fire_disturbance': 'resprouts_non_fire_disturbance (1)'}"
Leontodon saxatilis,,,,"{'post_fire_recruitment': 'post_fire_recruitment (1)', 'resprouting_capacity': 'fire_killed (f)', 'resprouting_capacity_non_fire_disturbance': 'resprouts_non_fire_disturbance (f)', 'resprouting_capacity_juvenile': 'juvenile_fire_killed (f)', 'fire_time_from_fire_to_flowering': '12 (f)'}"
Caladenia capillata,,,,"{'post_fire_recruitment': 'post_fire_recruitment_absent (1)', 'post_fire_flowering': 'fire_enhanced_flowering (f)', 'resprouting_capacity': 'resprouts (2)', 'resprouting_capacity_non_fire_disturbance': 'resprouts_non_fire_disturbance (1)', 'resprouting_capacity_juvenile': 'juvenile_resprout (f)', 'fire_time_from_fire_to_flowering': '12 (1)'}"
Schoenoplectiella erecta,,,,"{'resprouting_capacity': 'resprouts (f)', 'resprouting_capacity_non_fire_disturbance': 'resprouts_non_fire_disturbance (f)', 'resprouting_capacity_juvenile': 'juvenile_fire_killed (f)'}"
Schoenoplectus tabernaemontani,,,,"{'resprouting_capacity': 'resprouts (2)', 'resprouting_capacity_non_fire_disturbance': 'resprouts_non_fire_disturbance (1)', 'resprouting_capacity_juvenile': 'juvenile_fire_killed (f)'}"
Cardamine occulta,,,,{'resprouting_capacity': 'fire_killed (f)'}
Poa labillardierei,,,,"{'post_fire_recruitment': 'post_fire_recruitment (f)', 'resprouting_capacity': 'partial_resprouting (V)', 'resprouting_capacity_non_fire_disturbance': 'resprouts_non_fire_disturbance (f)', 'resprouting_capacity_juvenile': 'juvenile_resprout (1)', 'resprouting_capacity_proportion_individuals': '1 (3)', 'fire_time_from_fire_to_flowering': '12 (f)'}"
Passiflora foetida,,,,{'resprouting_capacity': 'fire_killed (2)'}
Rumex vesicarius,,,,{'resprouting_capacity': 'fire_killed (2)'}
Juncus capillaceus,,,,"{'resprouting_capacity': 'resprouts (g)', 'resprouting_capacity_non_fire_disturbance': 'resprouts_non_fire_disturbance (g)'}"
Cassytha phaeolasia,,,,"{'post_fire_recruitment': 'post_fire_recruitment (1)', 'resprouting_capacity': 'fire_killed (1)'}"
Darwinia fascicularis,,,,{'resprouting_capacity': 'fire_killed (1)'}
Lepidosperma concavum,,,,"{'post_fire_recruitment': 'post_fire_recruitment (1); post_fire_recruitment_absent (1)', 'resprouting_capacity': 'resprouts (3)', 'resprouting_capacity_non_fire_disturbance': 'resprouts_non_fire_disturbance (1)', 'resprouting_capacity_juvenile': 'juvenile_fire_killed (1)', 'fire_time_from_fire_to_flowering': '24 (1)'}"
Acacia burkittii,,,,"{'post_fire_recruitment': 'post_fire_recruitment (1)', 'resprouting_capacity': 'fire_killed (V)', 'resprouting_capacity_non_fire_disturbance': 'resprouts_non_fire_disturbance (f)', 'resprouting_capacity_juvenile': 'juvenile_fire_killed (g)'}"
Austrostipa elegantissima,,,,"{'post_fire_recruitment': 'post_fire_recruitment (f)', 'resprouting_capacity': 'resprouts (V)', 'resprouting_capacity_non_fire_disturbance': 'resprouts_non_fire_disturbance (2)', 'resprouting_capacity_juvenile': 'juvenile_fire_killed (1)', 'resprouting_capacity_proportion_individuals': '1 (f)', 'fire_time_from_fire_to_flowering': '6 (1)'}"
Philotheca obovalis,,,,"{'post_fire_recruitment': 'post_fire_recruitment (f)', 'resprouting_capacity': 'fire_killed (1); partial_resprouting (1)'}"
Litsea leefeana,,,,"{'post_fire_recruitment': 'post_fire_recruitment (1)', 'resprouting_capacity': 'resprouts (3)'}"
Eriochilus petricola,,,,"{'post_fire_recruitment': 'post_fire_recruitment_absent (f)', 'post_fire_flowering': 'fire_enhanced_flowering (f)', 'resprouting_capacity': 'resprouts (1)', 'resprouting_capacity_non_fire_disturbance': 'resprouts_non_fire_disturbance (f)', 'resprouting_capacity_juvenile': 'juvenile_resprout (f)', 'fire_time_from_fire_to_flowering': '14.8837209302326 (1)'}"
Ptilotus seminudus,,,,"{'post_fire_recruitment': 'post_fire_recruitment (1)', 'resprouting_capacity': 'resprouts (2)', 'resprouting_capacity_non_fire_disturbance': 'resprouts_non_fire_disturbance (1)', 'resprouting_capacity_juvenile': 'juvenile_resprout (1)'}"
Rhinerrhiza divitiflora,,,,"{'post_fire_recruitment': 'post_fire_recruitment_absent (f)', 'post_fire_flowering': 'fire_enhanced_flowering (f)', 'resprouting_capacity': 'resprouts (f)', 'resprouting_capacity_non_fire_disturbance': 'resprouts_non_fire_disturbance (f)', 'resprouting_capacity_juvenile': 'juvenile_resprout (f)', 'fire_time_from_fire_to_flowering': '12 (f)'}"
Dendrobium kingianum,,,,"{'post_fire_recruitment': 'post_fire_recruitment_absent (f)', 'post_fire_flowering': 'fire_enhanced_flowering (f)', 'resprouting_capacity': 'resprouts (f)', 'resprouting_capacity_non_fire_disturbance': 'resprouts_non_fire_disturbance (f)', 'resprouting_capacity_juvenile': 'juvenile_resprout (f)', 'fire_time_from_fire_to_flowering': '12 (f)'}"
Eucalyptus parramattensis,,,,"{'post_fire_recruitment': 'post_fire_recruitment (g)', 'resprouting_capacity': 'resprouts (1)', 'resprouting_capacity_non_fire_disturbance': 'resprouts_non_fire_disturbance (f)', 'resprouting_capacity_juvenile': 'juvenile_fire_killed (f)'}"
Leptospermum scoparium,,,,"{'post_fire_recruitment': 'post_fire_recruitment (2)', 'resprouting_capacity': 'resprouts (V)', 'resprouting_capacity_non_fire_disturbance': 'resprouts_non_fire_disturbance (f)', 'resprouting_capacity_juvenile': 'juvenile_fire_killed (1)', 'resprouting_capacity_proportion_individuals': '0 (V)'}"
Syzygium smithii,,,,"{'post_fire_recruitment': 'post_fire_recruitment_absent (2)', 'resprouting_capacity': 'resprouts (7)', 'resprouting_capacity_non_fire_disturbance': 'resprouts_non_fire_disturbance (f)', 'resprouting_capacity_juvenile': 'juvenile_fire_killed (f)', 'fire_time_from_fire_to_flowering': '12 (1); 60 (1)'}"
Coprosma repens,,,,{'resprouting_capacity': 'resprouts (1)'}
Ageratum houstonianum,,,,"{'resprouting_capacity': 'fire_killed (1)', 'fire_time_from_fire_to_flowering': '8.83720930232558 (1)'}"
Prunus cerasifera,,,,{'post_fire_recruitment': 'post_fire_recruitment (1)'}
Euryops chrysanthemoides,,,,"{'post_fire_recruitment': 'post_fire_recruitment (f)', 'resprouting_capacity': 'fire_killed (f)', 'resprouting_capacity_non_fire_disturbance': 'resprouts_non_fire_disturbance (f)', 'resprouting_capacity_juvenile': 'juvenile_fire_killed (f)', 'fire_time_from_fire_to_flowering': '12 (f)'}"
Dimorphotheca pluvialis,,,,{'fire_time_from_fire_to_flowering': '8.37209302325581 (1)'}
Spinifex sericeus,,,,"{'post_fire_recruitment': 'post_fire_recruitment (f)', 'resprouting_capacity': 'partial_resprouting (V)', 'resprouting_capacity_non_fire_disturbance': 'resprouts_non_fire_disturbance (1)', 'resprouting_capacity_juvenile': 'juvenile_fire_killed (1)', 'resprouting_capacity_proportion_individuals': '0 (V)', 'fire_time_from_fire_to_flowering': '12 (f)'}"
Callistemon comboynensis,,,,"{'post_fire_recruitment': 'post_fire_recruitment (1)', 'resprouting_capacity': 'resprouts (3)', 'resprouting_capacity_non_fire_disturbance': 'resprouts_non_fire_disturbance (f)', 'resprouting_capacity_juvenile': 'juvenile_fire_killed (f)'}"
Grastidium baileyi,,,,"{'post_fire_recruitment': 'post_fire_recruitment_absent (f)', 'post_fire_flowering': 'fire_enhanced_flowering (f)', 'resprouting_capacity': 'resprouts (f)', 'resprouting_capacity_non_fire_disturbance': 'resprouts_non_fire_disturbance (f)', 'resprouting_capacity_juvenile': 'juvenile_resprout (f)', 'fire_time_from_fire_to_flowering': '12 (f)'}"
Hakea laurina,,,,"{'post_fire_recruitment': 'post_fire_recruitment (2)', 'resprouting_capacity': 'fire_killed (5)', 'resprouting_capacity_non_fire_disturbance': 'resprouts_non_fire_disturbance (f)', 'fire_time_from_fire_to_flowering': '36 (1)'}"
Eucalyptus chlorophylla,,,,"{'post_fire_recruitment': 'post_fire_recruitment (g)', 'resprouting_capacity': 'resprouts (1)', 'resprouting_capacity_non_fire_disturbance': 'resprouts_non_fire_disturbance (f)', 'resprouting_capacity_juvenile': 'juvenile_fire_killed (f)'}"
Geranium brevicaule,,,,"{'resprouting_capacity': 'resprouts (1)', 'resprouting_capacity_non_fire_disturbance': 'resprouts_non_fire_disturbance (1)'}"
Amphibromus neesii,,,,"{'post_fire_recruitment': 'post_fire_recruitment (f)', 'resprouting_capacity': 'fire_killed (1)', 'resprouting_capacity_non_fire_disturbance': 'resprouts_non_fire_disturbance (f)', 'resprouting_capacity_juvenile': 'juvenile_fire_killed (1)', 'resprouting_capacity_proportion_individuals': '1 (f)', 'fire_time_from_fire_to_flowering': '12 (f)'}"
Hordeum glaucum,,,,"{'post_fire_recruitment': 'post_fire_recruitment (1)', 'resprouting_capacity': 'fire_killed (1)', 'resprouting_capacity_non_fire_disturbance': 'resprouts_non_fire_disturbance (f)', 'resprouting_capacity_juvenile': 'juvenile_fire_killed (1)', 'resprouting_capacity_proportion_individuals': '1 (f)', 'fire_time_from_fire_to_flowering': '12 (f)'}"
Cassinia denticulata,,,,"{'post_fire_recruitment': 'post_fire_recruitment (f)', 'resprouting_capacity': 'fire_killed (3)', 'resprouting_capacity_non_fire_disturbance': 'resprouts_non_fire_disturbance (f)', 'resprouting_capacity_juvenile': 'juvenile_fire_killed (f)', 'fire_time_from_fire_to_flowering': '12 (f)'}"
Hordeum hystrix,,,,"{'post_fire_recruitment': 'post_fire_recruitment (1)', 'resprouting_capacity': 'fire_killed (1)', 'resprouting_capacity_non_fire_disturbance': 'resprouts_non_fire_disturbance (f)', 'resprouting_capacity_juvenile': 'juvenile_fire_killed (1)', 'resprouting_capacity_proportion_individuals': '1 (f)', 'fire_time_from_fire_to_flowering': '12 (f)'}"
Petrophile canescens,,,,"{'post_fire_recruitment': 'post_fire_recruitment (1); post_fire_recruitment_absent (1)', 'resprouting_capacity': 'resprouts (4)', 'resprouting_capacity_non_fire_disturbance': 'resprouts_non_fire_disturbance (f)'}"
Philotheca trachyphylla,,,,"{'post_fire_recruitment': 'post_fire_recruitment (f)', 'resprouting_capacity': 'fire_killed (2)'}"
Hakea eriantha,,,,"{'post_fire_recruitment': 'post_fire_recruitment (5)', 'resprouting_capacity': 'resprouts (V)', 'resprouting_capacity_non_fire_disturbance': 'resprouts_non_fire_disturbance (1)', 'resprouting_capacity_juvenile': 'juvenile_resprout (1)'}"
Digitaria velutina,,,,"{'post_fire_recruitment': 'post_fire_recruitment (f)', 'resprouting_capacity': 'resprouts (f)', 'resprouting_capacity_non_fire_disturbance': 'resprouts_non_fire_disturbance (f)', 'resprouting_capacity_juvenile': 'juvenile_resprout (f)', 'resprouting_capacity_proportion_individuals': '1 (f)', 'fire_time_from_fire_to_flowering': '12 (f)'}"
Sparganium subglobosum,,,,"{'resprouting_capacity': 'resprouts (2)', 'resprouting_capacity_non_fire_disturbance': 'resprouts_non_fire_disturbance (2)'}"
Amaranthus macrocarpus,,,,{'resprouting_capacity': 'fire_killed (3)'}
Callistemon pachyphyllus,,,,"{'post_fire_recruitment': 'post_fire_recruitment_absent (1)', 'resprouting_capacity': 'resprouts (2)', 'resprouting_capacity_non_fire_disturbance': 'resprouts_non_fire_disturbance (f)', 'resprouting_capacity_juvenile': 'juvenile_fire_killed (f)'}"
Pterostylis ampliata,,,,"{'post_fire_recruitment': 'post_fire_recruitment_absent (f)', 'post_fire_flowering': 'fire_enhanced_flowering (f)', 'resprouting_capacity': 'resprouts (g)', 'resprouting_capacity_non_fire_disturbance': 'resprouts_non_fire_disturbance (g)', 'resprouting_capacity_juvenile': 'juvenile_resprout (f)', 'fire_time_from_fire_to_flowering': '12 (f)'}"
Enteropogon acicularis,,,,"{'post_fire_recruitment': 'post_fire_recruitment (1)', 'resprouting_capacity': 'resprouts (5)', 'resprouting_capacity_non_fire_disturbance': 'resprouts_non_fire_disturbance (f)', 'resprouting_capacity_juvenile': 'juvenile_resprout (1)', 'resprouting_capacity_proportion_individuals': '1 (f)', 'fire_time_from_fire_to_flowering': '12 (f)'}"
Conospermum taxifolium,,,,"{'post_fire_recruitment': 'post_fire_recruitment (V)', 'resprouting_capacity': 'resprouts (V)', 'resprouting_capacity_non_fire_disturbance': 'resprouts_non_fire_disturbance (f)'}"
Notothixos subaureus,,,,"{'post_fire_recruitment': 'post_fire_recruitment (1); post_fire_recruitment_absent (1)', 'resprouting_capacity': 'fire_killed (V)'}"
Solanum pungetium,,,,{'resprouting_capacity': 'fire_killed (2)'}
Melaleuca deanei,,,,"{'post_fire_recruitment': 'post_fire_recruitment (f)', 'resprouting_capacity': 'resprouts (3)', 'resprouting_capacity_non_fire_disturbance': 'resprouts_non_fire_disturbance (f)', 'resprouting_capacity_juvenile': 'juvenile_fire_killed (f)', 'fire_time_from_fire_to_flowering': '20.9302325581395 (1); 24 (1)'}"
Pterostylis chaetophora,,,,"{'post_fire_recruitment': 'post_fire_recruitment_absent (f)', 'post_fire_flowering': 'fire_enhanced_flowering (f)', 'resprouting_capacity': 'resprouts (1)', 'resprouting_capacity_non_fire_disturbance': 'resprouts_non_fire_disturbance (g)', 'resprouting_capacity_juvenile': 'juvenile_resprout (f)', 'fire_time_from_fire_to_flowering': '12 (f)'}"
Correa baeuerlenii,,,,{'resprouting_capacity': 'fire_killed (2)'}
Asparagus macowanii,,,,"{'resprouting_capacity': 'resprouts (f)', 'resprouting_capacity_non_fire_disturbance': 'resprouts_non_fire_disturbance (f)'}"
Ligustrum vulgare,,,,{'post_fire_recruitment': 'post_fire_recruitment (1)'}
Salix cinerea,,,,"{'resprouting_capacity': 'fire_killed (2)', 'resprouting_capacity_juvenile': 'juvenile_resprout (1)'}"
Spartium junceum,,,,"{'post_fire_recruitment': 'post_fire_recruitment (f)', 'resprouting_capacity': 'fire_killed (f)', 'resprouting_capacity_non_fire_disturbance': 'resprouts_non_fire_disturbance (f)', 'resprouting_capacity_juvenile': 'juvenile_fire_killed (f)'}"
Cytisus scoparius,,,,"{'post_fire_recruitment': 'post_fire_recruitment (1)', 'resprouting_capacity': 'fire_killed (2)', 'resprouting_capacity_non_fire_disturbance': 'resprouts_non_fire_disturbance (f)', 'resprouting_capacity_juvenile': 'juvenile_fire_killed (1)'}"
Carduus nutans,,,,"{'post_fire_recruitment': 'post_fire_recruitment (f)', 'resprouting_capacity': 'fire_killed (f)', 'resprouting_capacity_non_fire_disturbance': 'resprouts_non_fire_disturbance (f)', 'resprouting_capacity_juvenile': 'juvenile_fire_killed (f)', 'fire_time_from_fire_to_flowering': '12 (f)'}"
Phaseolus vulgaris,,,,"{'post_fire_recruitment': 'post_fire_recruitment (f)', 'resprouting_capacity': 'fire_killed (f)', 'resprouting_capacity_non_fire_disturbance': 'resprouts_non_fire_disturbance (f)', 'resprouting_capacity_juvenile': 'juvenile_fire_killed (f)'}"
Pennantia cunninghamii,,,,"{'post_fire_recruitment': 'post_fire_recruitment_absent (1)', 'resprouting_capacity': 'fire_killed (1)'}"
Grevillea lanigera,,,,"{'post_fire_recruitment': 'post_fire_recruitment_absent (2)', 'resprouting_capacity': 'resprouts (4)', 'resprouting_capacity_non_fire_disturbance': 'resprouts_non_fire_disturbance (1)', 'resprouting_capacity_juvenile': 'juvenile_fire_killed (1)'}"
Grevillea biternata,,,,"{'post_fire_recruitment': 'post_fire_recruitment (f)', 'resprouting_capacity': 'resprouts (f)', 'resprouting_capacity_non_fire_disturbance': 'resprouts_non_fire_disturbance (f)'}"
Lechenaultia biloba,,,,"{'resprouting_capacity': 'resprouts (V)', 'fire_time_from_fire_to_flowering': '0--24 (1); 24 (1); 30 (1)'}"
Cordyline petiolaris,,,,"{'post_fire_recruitment': 'post_fire_recruitment_absent (1)', 'resprouting_capacity': 'fire_killed (1)', 'resprouting_capacity_non_fire_disturbance': 'resprouts_non_fire_disturbance (f)'}"
Eupomatia bennettii,,,,"{'post_fire_recruitment': 'post_fire_recruitment_absent (1)', 'resprouting_capacity': 'resprouts (1)'}"
Seringia hillii,,,,"{'resprouting_capacity': 'fire_killed (V)', 'fire_time_from_fire_to_fruiting': '60 (1)'}"
Melaleuca decussata,,,,"{'post_fire_recruitment': 'post_fire_recruitment (1)', 'resprouting_capacity': 'resprouts (2)', 'resprouting_capacity_non_fire_disturbance': 'resprouts_non_fire_disturbance (1)', 'resprouting_capacity_juvenile': 'juvenile_resprout (1)'}"
Acacia boormanii,,,,"{'post_fire_recruitment': 'post_fire_recruitment (g)', 'resprouting_capacity': 'fire_killed (1)', 'resprouting_capacity_non_fire_disturbance': 'resprouts_non_fire_disturbance (f)', 'resprouting_capacity_juvenile': 'juvenile_fire_killed (g)'}"
Dracophyllum secundum,,,,"{'post_fire_recruitment': 'post_fire_recruitment (1)', 'resprouting_capacity': 'fire_killed (V)', 'fire_time_from_fire_to_flowering': '36.2790697674419 (1); 48.3720930232558 (1)', 'fire_time_from_fire_to_fruiting': '36.2790697674419 (1)'}"
Grevillea stenomera,,,,"{'post_fire_recruitment': 'post_fire_recruitment (f)', 'resprouting_capacity': 'resprouts (f)', 'resprouting_capacity_non_fire_disturbance': 'resprouts_non_fire_disturbance (f)'}"
Prostanthera teretifolia,,,,"{'post_fire_recruitment': 'post_fire_recruitment (1)', 'resprouting_capacity': 'fire_killed (2)', 'fire_time_from_fire_to_fruiting': '96 (1)'}"
Banksia undata,,,,"{'post_fire_recruitment': 'post_fire_recruitment (g)', 'resprouting_capacity': 'fire_killed (1)', 'resprouting_capacity_non_fire_disturbance': 'resprouts_non_fire_disturbance (f)'}"
Guichenotia macrantha,,,,{'resprouting_capacity': 'fire_killed (f)'}
Adenanthos sericeus,,,,"{'post_fire_recruitment': 'post_fire_recruitment (f)', 'resprouting_capacity': 'resprouts (f)', 'resprouting_capacity_non_fire_disturbance': 'resprouts_non_fire_disturbance (f)'}"
Grevillea victoriae,,,,"{'post_fire_recruitment': 'post_fire_recruitment (f)', 'resprouting_capacity': 'fire_killed (2)', 'resprouting_capacity_non_fire_disturbance': 'resprouts_non_fire_disturbance (f)'}"
Acacia pravissima,,,,"{'post_fire_recruitment': 'post_fire_recruitment (2)', 'resprouting_capacity': 'fire_killed (2); resprouts (2)', 'resprouting_capacity_non_fire_disturbance': 'resprouts_non_fire_disturbance (f)', 'resprouting_capacity_juvenile': 'juvenile_fire_killed (1)'}"
Calothamnus pinifolius,,,,"{'post_fire_recruitment': 'post_fire_recruitment (f)', 'resprouting_capacity': 'resprouts (f)', 'resprouting_capacity_non_fire_disturbance': 'resprouts_non_fire_disturbance (f)', 'resprouting_capacity_juvenile': 'juvenile_fire_killed (f)'}"
Grevillea petrophiloides,,,,"{'post_fire_recruitment': 'post_fire_recruitment (f)', 'resprouting_capacity': 'fire_killed (1)', 'resprouting_capacity_non_fire_disturbance': 'resprouts_non_fire_disturbance (f)'}"
Banksia plagiocarpa,,,,"{'post_fire_recruitment': 'post_fire_recruitment (1)', 'resprouting_capacity': 'resprouts (V)', 'resprouting_capacity_non_fire_disturbance': 'resprouts_non_fire_disturbance (f)'}"
Melastoma affine,,,,"{'post_fire_recruitment': 'post_fire_recruitment (3)', 'resprouting_capacity': 'resprouts (3)'}"
Alyogyne huegelii,,,,{'resprouting_capacity': 'fire_killed (f)'}
Phebalium whitei,,,,"{'post_fire_recruitment': 'post_fire_recruitment (f)', 'resprouting_capacity': 'fire_killed (f)'}"
Acacia vestita,,,,"{'post_fire_recruitment': 'post_fire_recruitment (g)', 'resprouting_capacity': 'fire_killed (1)', 'resprouting_capacity_non_fire_disturbance': 'resprouts_non_fire_disturbance (f)', 'resprouting_capacity_juvenile': 'juvenile_fire_killed (g)'}"
Linospadix monostachyos,,,,"{'post_fire_recruitment': 'post_fire_recruitment_absent (1)', 'resprouting_capacity': 'resprouts (1)'}"
Prostanthera scutellarioides,,,,"{'post_fire_recruitment': 'post_fire_recruitment (1); post_fire_recruitment_absent (1)', 'resprouting_capacity': 'resprouts (V)', 'fire_time_from_fire_to_flowering': '12 (1); 36 (1)', 'fire_time_from_fire_to_fruiting': '12 (1); 36 (1)'}"
Spyridium parvifolium,,,,"{'post_fire_recruitment': 'post_fire_recruitment (2)', 'resprouting_capacity': 'fire_killed (V)', 'resprouting_capacity_juvenile': 'juvenile_fire_killed (1)'}"
Grevillea tenuiloba,,,,"{'post_fire_recruitment': 'post_fire_recruitment (f)', 'resprouting_capacity': 'resprouts (f)', 'resprouting_capacity_non_fire_disturbance': 'resprouts_non_fire_disturbance (f)'}"
Banksia coccinea,,,,"{'post_fire_recruitment': 'post_fire_recruitment (2)', 'resprouting_capacity': 'fire_killed (5)', 'resprouting_capacity_non_fire_disturbance': 'resprouts_non_fire_disturbance (f)', 'fire_time_from_fire_to_flowering': '24 (1); 36 (1)', 'fire_time_from_fire_to_fruiting': '36 (1)'}"
Lysiosepalum involucratum,,,,{'resprouting_capacity': 'fire_killed (f)'}
Melaleuca leucadendra,,,,"{'post_fire_recruitment': 'post_fire_recruitment (1)', 'resprouting_capacity': 'resprouts (4)', 'resprouting_capacity_non_fire_disturbance': 'resprouts_non_fire_disturbance (f)', 'resprouting_capacity_juvenile': 'juvenile_fire_killed (f)'}"
Austromyrtus dulcis,,,,"{'post_fire_recruitment': 'post_fire_recruitment (f)', 'resprouting_capacity': 'fire_killed (1)', 'resprouting_capacity_non_fire_disturbance': 'resprouts_non_fire_disturbance (f)', 'resprouting_capacity_juvenile': 'juvenile_fire_killed (f)'}"
Austromyrtus tenuifolia,,,,"{'post_fire_recruitment': 'post_fire_recruitment (f)', 'resprouting_capacity': 'resprouts (4)', 'resprouting_capacity_non_fire_disturbance': 'resprouts_non_fire_disturbance (f)', 'resprouting_capacity_juvenile': 'juvenile_fire_killed (f)', 'fire_time_from_fire_to_flowering': '34.8837209302326 (1); 36 (1); 36.2790697674419 (1)', 'fire_time_from_fire_to_fruiting': '37.906976744186 (1)', 'fire_time_from_fire_to_peak_flowering': '36 (1)'}"
Hibbertia acicularis,,,,"{'post_fire_recruitment': 'post_fire_recruitment (V)', 'resprouting_capacity': 'resprouts (V)', 'resprouting_capacity_non_fire_disturbance': 'resprouts_non_fire_disturbance (1)', 'resprouting_capacity_juvenile': 'juvenile_fire_killed (1)', 'fire_time_from_fire_to_fruiting': '36 (2)'}"
Chamelaucium uncinatum,,,,"{'post_fire_recruitment': 'post_fire_recruitment (1)', 'resprouting_capacity': 'resprouts (2)', 'resprouting_capacity_non_fire_disturbance': 'resprouts_non_fire_disturbance (f)', 'resprouting_capacity_juvenile': 'juvenile_fire_killed (f)', 'fire_time_from_fire_to_flowering': '24 (1)'}"
Anigozanthos flavidus,,,,"{'resprouting_capacity': 'resprouts (1)', 'fire_time_from_fire_to_flowering': '6 (1)'}"
Chorilaena quercifolia,,,,"{'post_fire_recruitment': 'post_fire_recruitment (f)', 'resprouting_capacity': 'fire_killed (1)', 'fire_time_from_fire_to_flowering': '28 (1)'}"
Rhododendron lochiae,,,,"{'post_fire_recruitment': 'post_fire_recruitment (f)', 'resprouting_capacity': 'fire_killed (f)'}"
Commersonia hermanniifolia,,,,{'resprouting_capacity': 'fire_killed (1)'}
Rubus moluccanus,,,,{'resprouting_capacity': 'resprouts (4)'}
Melaleuca squarrosa,,,,"{'post_fire_recruitment': 'post_fire_recruitment (2)', 'resprouting_capacity': 'resprouts (V)', 'resprouting_capacity_non_fire_disturbance': 'resprouts_non_fire_disturbance (f)', 'resprouting_capacity_juvenile': 'juvenile_fire_killed (1)', 'resprouting_capacity_proportion_individuals': '0 (V)', 'fire_time_from_fire_to_flowering': '24 (1); 36 (1)'}"
Commersonia salviifolia,,,,"{'post_fire_recruitment': 'post_fire_recruitment (1)', 'resprouting_capacity': 'fire_killed (f)'}"
Chorizema cordatum,,,,"{'post_fire_recruitment': 'post_fire_recruitment (f)', 'resprouting_capacity': 'resprouts (1)', 'resprouting_capacity_non_fire_disturbance': 'resprouts_non_fire_disturbance (f)', 'resprouting_capacity_juvenile': 'juvenile_fire_killed (f)'}"
Orthrosanthus multiflorus,,,,"{'resprouting_capacity': 'resprouts (2)', 'resprouting_capacity_non_fire_disturbance': 'resprouts_non_fire_disturbance (1)'}"
Micromyrtus ciliata,,,,"{'post_fire_recruitment': 'post_fire_recruitment (2)', 'resprouting_capacity': 'fire_killed (V)', 'resprouting_capacity_non_fire_disturbance': 'resprouts_non_fire_disturbance (f)', 'resprouting_capacity_juvenile': 'juvenile_resprout (1)', 'fire_time_from_fire_to_flowering': '20.4651162790698 (1); 48 (1)', 'fire_time_from_fire_to_peak_flowering': '48 (1)'}"
Synoum glandulosum,,,,"{'post_fire_recruitment': 'post_fire_recruitment_absent (2)', 'resprouting_capacity': 'resprouts (V)'}"
Psychotria loniceroides,,,,"{'post_fire_recruitment': 'post_fire_recruitment (1); post_fire_recruitment_absent (1)', 'resprouting_capacity': 'resprouts (V)'}"
Spyridium scortechinii,,,,"{'post_fire_recruitment': 'post_fire_recruitment (1)', 'resprouting_capacity': 'fire_killed (V)', 'fire_time_from_fire_to_fruiting': '48 (2)'}"
Pseudanthus pimeleoides,,,,"{'post_fire_recruitment': 'post_fire_recruitment (1)', 'resprouting_capacity': 'resprouts (2)'}"
Grevillea insignis,,,,"{'post_fire_recruitment': 'post_fire_recruitment (f)', 'resprouting_capacity': 'resprouts (f)', 'resprouting_capacity_non_fire_disturbance': 'resprouts_non_fire_disturbance (f)'}"
Hibbertia vestita,,,,"{'post_fire_recruitment': 'post_fire_recruitment (1); post_fire_recruitment_absent (1)', 'resprouting_capacity': 'resprouts (5)', 'resprouting_capacity_non_fire_disturbance': 'resprouts_non_fire_disturbance (g)'}"
Potentilla indica,,,,"{'resprouting_capacity': 'resprouts (2)', 'fire_time_from_fire_to_flowering': '6 (1)', 'fire_time_from_fire_to_fruiting': '5.34883720930233 (1)'}"
Blandfordia grandiflora,,,,{'resprouting_capacity': 'resprouts (1)'}
Arundo donax,,,,"{'post_fire_recruitment': 'post_fire_recruitment (f)', 'resprouting_capacity': 'resprouts (4)', 'resprouting_capacity_non_fire_disturbance': 'resprouts_non_fire_disturbance (f)', 'resprouting_capacity_juvenile': 'juvenile_resprout (f)', 'resprouting_capacity_proportion_individuals': '1 (f)', 'fire_time_from_fire_to_flowering': '12 (f)'}"
Convolvulus arvensis,,,,{'resprouting_capacity': 'resprouts (1)'}
Ficus pumila,,,,{'resprouting_capacity': 'fire_killed (1); partial_resprouting (1)'}
Dimorphotheca fruticosa,,,,"{'post_fire_recruitment': 'post_fire_recruitment (f)', 'resprouting_capacity': 'fire_killed (f)', 'resprouting_capacity_non_fire_disturbance': 'resprouts_non_fire_disturbance (f)', 'resprouting_capacity_juvenile': 'juvenile_fire_killed (f)', 'fire_time_from_fire_to_flowering': '12 (f)'}"
Caladenia tessellata,,,,"{'post_fire_recruitment': 'post_fire_recruitment (1)', 'post_fire_flowering': 'fire_enhanced_flowering (1)', 'resprouting_capacity': 'resprouts (3)', 'resprouting_capacity_non_fire_disturbance': 'resprouts_non_fire_disturbance (1)', 'resprouting_capacity_juvenile': 'juvenile_resprout (1)', 'fire_time_from_fire_to_flowering': '12 (f)'}"
Melaleuca bracteata,,,,"{'post_fire_recruitment': 'post_fire_recruitment (2)', 'resprouting_capacity': 'resprouts (7)', 'resprouting_capacity_non_fire_disturbance': 'resprouts_non_fire_disturbance (1)', 'resprouting_capacity_juvenile': 'juvenile_fire_killed (f)'}"
Rumex acetosella,,,,"{'post_fire_recruitment': 'post_fire_recruitment (1)', 'resprouting_capacity': 'fire_killed (1); partial_resprouting (1); resprouts (1)', 'resprouting_capacity_juvenile': 'juvenile_fire_killed (1)', 'fire_time_from_fire_to_flowering': '12 (1); 9.06976744186047 (1)', 'fire_time_from_fire_to_fruiting': '9.06976744186047 (1)'}"
Lagenophora stipitata,,,,"{'post_fire_recruitment': 'post_fire_recruitment_absent (1)', 'resprouting_capacity': 'resprouts (V)', 'resprouting_capacity_non_fire_disturbance': 'resprouts_non_fire_disturbance (2)', 'resprouting_capacity_juvenile': 'juvenile_resprout (1)', 'fire_time_from_fire_to_flowering': '12 (1); 2.4 (1)'}"
Eragrostis laniflora,,,,"{'post_fire_recruitment': 'post_fire_recruitment (f)', 'resprouting_capacity': 'resprouts (3)', 'resprouting_capacity_non_fire_disturbance': 'resprouts_non_fire_disturbance (1)', 'resprouting_capacity_juvenile': 'juvenile_resprout (f)', 'resprouting_capacity_proportion_individuals': '1 (f)', 'fire_time_from_fire_to_flowering': '12 (f)'}"
Onopordum acanthium,,,,"{'post_fire_recruitment': 'post_fire_recruitment (f)', 'resprouting_capacity': 'fire_killed (f)', 'resprouting_capacity_non_fire_disturbance': 'resprouts_non_fire_disturbance (f)', 'resprouting_capacity_juvenile': 'juvenile_fire_killed (f)', 'fire_time_from_fire_to_flowering': '12 (f)'}"
Leichhardtia rostrata,,,,"{'post_fire_recruitment': 'post_fire_recruitment_absent (2)', 'resprouting_capacity': 'resprouts (3)'}"
Brachyscome triloba,,,,"{'post_fire_recruitment': 'post_fire_recruitment (f)', 'resprouting_capacity': 'resprouts (V)', 'resprouting_capacity_non_fire_disturbance': 'resprouts_non_fire_disturbance (2)', 'resprouting_capacity_juvenile': 'juvenile_fire_killed (f)', 'fire_time_from_fire_to_flowering': '3.6 (1)'}"
Wahlenbergia ceracea,,,,"{'post_fire_recruitment': 'post_fire_recruitment (1)', 'resprouting_capacity': 'resprouts (V)', 'resprouting_capacity_non_fire_disturbance': 'resprouts_non_fire_disturbance (1)'}"
Eucalyptus major,,,,"{'post_fire_recruitment': 'post_fire_recruitment (g)', 'resprouting_capacity': 'resprouts (1)', 'resprouting_capacity_non_fire_disturbance': 'resprouts_non_fire_disturbance (f)', 'resprouting_capacity_juvenile': 'juvenile_fire_killed (f)'}"
Capparis mitchellii,,,,"{'post_fire_recruitment': 'post_fire_recruitment_absent (2)', 'resprouting_capacity': 'resprouts (V)'}"
Leptinella longipes,,,,"{'post_fire_recruitment': 'post_fire_recruitment (f)', 'resprouting_capacity': 'resprouts (2)', 'resprouting_capacity_non_fire_disturbance': 'resprouts_non_fire_disturbance (2)', 'resprouting_capacity_juvenile': 'juvenile_fire_killed (f)', 'fire_time_from_fire_to_flowering': '12 (f)'}"
Eucalyptus macrorhyncha,,,,"{'post_fire_recruitment': 'post_fire_recruitment (3)', 'resprouting_capacity': 'resprouts (5)', 'resprouting_capacity_non_fire_disturbance': 'resprouts_non_fire_disturbance (f)', 'resprouting_capacity_juvenile': 'juvenile_fire_killed (1)'}"
Cassinia ochracea,,,,"{'post_fire_recruitment': 'post_fire_recruitment (f)', 'resprouting_capacity': 'fire_killed (f)', 'resprouting_capacity_non_fire_disturbance': 'resprouts_non_fire_disturbance (f)', 'resprouting_capacity_juvenile': 'juvenile_fire_killed (f)', 'fire_time_from_fire_to_flowering': '12 (f)'}"
Juncus vaginatus,,,,"{'resprouting_capacity': 'resprouts (1)', 'resprouting_capacity_non_fire_disturbance': 'resprouts_non_fire_disturbance (1)'}"
Dietes robinsoniana,,,,{'resprouting_capacity': 'resprouts (f)'}
Eucalyptus canaliculata,,,,"{'post_fire_recruitment': 'post_fire_recruitment (g)', 'resprouting_capacity': 'resprouts (1)', 'resprouting_capacity_non_fire_disturbance': 'resprouts_non_fire_disturbance (f)', 'resprouting_capacity_juvenile': 'juvenile_fire_killed (f)'}"
Hibiscus brachysiphonius,,,,"{'post_fire_recruitment': 'post_fire_recruitment (1)', 'resprouting_capacity': 'fire_killed (3)'}"
Saccharum officinarum,,,,"{'post_fire_recruitment': 'post_fire_recruitment (f)', 'resprouting_capacity': 'resprouts (f)', 'resprouting_capacity_non_fire_disturbance': 'resprouts_non_fire_disturbance (f)', 'resprouting_capacity_juvenile': 'juvenile_resprout (f)', 'resprouting_capacity_proportion_individuals': '1 (f)', 'fire_time_from_fire_to_flowering': '12 (f)'}"
Abutilon theophrasti,,,,{'resprouting_capacity': 'fire_killed (f)'}
Plumbago zeylanica,,,,"{'post_fire_recruitment': 'post_fire_recruitment (1)', 'resprouting_capacity': 'fire_killed (4)'}"
Asterolasia correifolia,,,,"{'post_fire_recruitment': 'post_fire_recruitment (2)', 'resprouting_capacity': 'fire_killed (4)'}"
Chloris barbata,,,,"{'post_fire_recruitment': 'post_fire_recruitment (f)', 'resprouting_capacity': 'resprouts (f)', 'resprouting_capacity_non_fire_disturbance': 'resprouts_non_fire_disturbance (f)', 'resprouting_capacity_juvenile': 'juvenile_resprout (f)', 'resprouting_capacity_proportion_individuals': '1 (f)', 'fire_time_from_fire_to_flowering': '12 (f)'}"
Facelis retusa,,,,"{'post_fire_recruitment': 'post_fire_recruitment (f)', 'resprouting_capacity': 'fire_killed (f)', 'resprouting_capacity_non_fire_disturbance': 'resprouts_non_fire_disturbance (f)', 'resprouting_capacity_juvenile': 'juvenile_fire_killed (f)', 'fire_time_from_fire_to_flowering': '12 (f)', 'fire_time_from_fire_to_fruiting': '10 (1)'}"
Hibbertia empetrifolia,,,,"{'resprouting_capacity': 'resprouts (4)', 'resprouting_capacity_non_fire_disturbance': 'resprouts_non_fire_disturbance (1)', 'resprouting_capacity_juvenile': 'juvenile_resprout (1)', 'fire_time_from_fire_to_flowering': '12 (1)', 'fire_time_from_fire_to_fruiting': '12 (1)'}"
Juncus acutus,,,,"{'resprouting_capacity': 'resprouts (2)', 'resprouting_capacity_juvenile': 'juvenile_resprout (1)'}"
Persoonia laurina,,,,"{'resprouting_capacity': 'resprouts (3)', 'fire_time_from_fire_to_flowering': '23.4883720930233 (1); 24 (1); 24.1860465116279 (1); 36 (1); 36.2790697674419 (1)', 'fire_time_from_fire_to_fruiting': '30.4651162790698 (1)'}"
Robinia pseudoacacia,,,,"{'post_fire_recruitment': 'post_fire_recruitment (f)', 'resprouting_capacity': 'resprouts (1)', 'resprouting_capacity_non_fire_disturbance': 'resprouts_non_fire_disturbance (f)', 'resprouting_capacity_juvenile': 'juvenile_fire_killed (f)'}"
Cyperus reflexus,,,,"{'resprouting_capacity': 'resprouts (f)', 'resprouting_capacity_non_fire_disturbance': 'resprouts_non_fire_disturbance (f)', 'resprouting_capacity_juvenile': 'juvenile_fire_killed (f)'}"
Philotheca buxifolia,,,,{'resprouting_capacity': 'fire_killed (1); partial_resprouting (1)'}
Boronia anemonifolia,,,,{'resprouting_capacity': 'fire_killed (2)'}
Urochloa panicoides,,,,"{'post_fire_recruitment': 'post_fire_recruitment (f)', 'resprouting_capacity': 'resprouts (f)', 'resprouting_capacity_non_fire_disturbance': 'resprouts_non_fire_disturbance (f)', 'resprouting_capacity_juvenile': 'juvenile_resprout (f)', 'resprouting_capacity_proportion_individuals': '1 (f)', 'fire_time_from_fire_to_flowering': '12 (f)'}"
Eragrostis mexicana,,,,"{'post_fire_recruitment': 'post_fire_recruitment (f)', 'resprouting_capacity': 'resprouts (f)', 'resprouting_capacity_non_fire_disturbance': 'resprouts_non_fire_disturbance (f)', 'resprouting_capacity_juvenile': 'juvenile_resprout (f)', 'resprouting_capacity_proportion_individuals': '1 (f)', 'fire_time_from_fire_to_flowering': '12 (f)'}"
Schoenus lepidosperma,,,,"{'resprouting_capacity': 'resprouts (2)', 'resprouting_capacity_non_fire_disturbance': 'resprouts_non_fire_disturbance (2)'}"
Grevillea diffusa,,,,{'resprouting_capacity': 'fire_killed (1)'}
Philotheca difformis,,,,{'resprouting_capacity': 'fire_killed (2)'}
Diplachne fusca,,,,"{'resprouting_capacity': 'partial_resprouting (1); resprouts (1)', 'resprouting_capacity_non_fire_disturbance': 'resprouts_non_fire_disturbance (1)'}"
Lomandra micrantha,,,,"{'resprouting_capacity': 'resprouts (4)', 'resprouting_capacity_non_fire_disturbance': 'resprouts_non_fire_disturbance (2)', 'fire_time_from_fire_to_flowering': '14.8837209302326 (1)'}"
Boronia barkeriana,,,,{'resprouting_capacity': 'resprouts (1)'}
Epilobium billardiereanum,,,,{'resprouting_capacity': 'fire_killed (V)'}
Sarcochilus falcatus,,,,"{'post_fire_recruitment': 'post_fire_recruitment_absent (f)', 'post_fire_flowering': 'fire_enhanced_flowering (f)', 'resprouting_capacity': 'fire_killed (1)', 'resprouting_capacity_non_fire_disturbance': 'resprouts_non_fire_disturbance (f)', 'resprouting_capacity_juvenile': 'juvenile_resprout (f)', 'fire_time_from_fire_to_flowering': '12 (f)'}"
Plantago coronopus,,,,{'resprouting_capacity': 'fire_killed (1)'}
Myoporum boninense,,,,{'resprouting_capacity': 'fire_killed (1)'}
Pyrorchis nigricans,,,,"{'post_fire_recruitment': 'post_fire_recruitment_absent (V)', 'post_fire_flowering': 'fire_enhanced_flowering (V)', 'resprouting_capacity': 'resprouts (V)', 'resprouting_capacity_non_fire_disturbance': 'resprouts_non_fire_disturbance (2)', 'resprouting_capacity_juvenile': 'juvenile_fire_killed (1)', 'fire_time_from_fire_to_flowering': '12 (V)'}"
Eucalyptus globulus,,,,"{'post_fire_recruitment': 'post_fire_recruitment (2)', 'resprouting_capacity': 'resprouts (4)', 'resprouting_capacity_juvenile': 'juvenile_fire_killed (1)', 'resprouting_capacity_proportion_individuals': '0.00466666667 (1); 0.29 (1); 0.466666667 (1); 0.64 (1); 1 (1)'}"
Acacia saligna,,,,"{'post_fire_recruitment': 'post_fire_recruitment (2)', 'resprouting_capacity': 'resprouts (V)', 'resprouting_capacity_non_fire_disturbance': 'resprouts_non_fire_disturbance (f)', 'resprouting_capacity_juvenile': 'juvenile_fire_killed (1)', 'fire_time_from_fire_to_flowering': '32.5581395348837 (1); 36 (1)', 'fire_time_from_fire_to_fruiting': '33.7209302325581 (1)', 'fire_time_from_fire_to_flowering_decline': '72 (1)', 'fire_time_from_fire_to_peak_flowering': '48 (1)'}"
Corymbia citriodora,,,,"{'post_fire_recruitment': 'post_fire_recruitment (1); post_fire_recruitment_absent (1)', 'resprouting_capacity': 'resprouts (4)', 'resprouting_capacity_non_fire_disturbance': 'resprouts_non_fire_disturbance (f)', 'resprouting_capacity_juvenile': 'juvenile_fire_killed (f)'}"
Corymbia torelliana,,,,"{'post_fire_recruitment': 'post_fire_recruitment (f)', 'resprouting_capacity': 'resprouts (1)', 'resprouting_capacity_non_fire_disturbance': 'resprouts_non_fire_disturbance (f)', 'resprouting_capacity_juvenile': 'juvenile_fire_killed (f)'}"
Cotula coronopifolia,,,,"{'post_fire_recruitment': 'post_fire_recruitment (f)', 'resprouting_capacity': 'fire_killed (1)', 'resprouting_capacity_non_fire_disturbance': 'resprouts_non_fire_disturbance (f)', 'resprouting_capacity_juvenile': 'juvenile_fire_killed (f)', 'fire_time_from_fire_to_flowering': '12 (f)'}"
Oxalis thompsoniae,,,,{'resprouting_capacity': 'fire_killed (1)'}
Sida spinosa,,,,{'resprouting_capacity': 'fire_killed (f)'}
Thunbergia alata,,,,"{'resprouting_capacity': 'resprouts (1)', 'fire_time_from_fire_to_flowering': '6.04651162790698 (1)'}"
Agave americana,,,,"{'resprouting_capacity': 'resprouts (2)', 'resprouting_capacity_non_fire_disturbance': 'resprouts_non_fire_disturbance (f)', 'resprouting_capacity_juvenile': 'juvenile_resprout (1)', 'fire_time_from_fire_to_flowering': '4.41860465116279 (1)'}"
Yucca aloifolia,,,,"{'resprouting_capacity': 'resprouts (1)', 'resprouting_capacity_non_fire_disturbance': 'resprouts_non_fire_disturbance (f)'}"
Nothoscordum borbonicum,,,,"{'resprouting_capacity': 'resprouts (3)', 'fire_time_from_fire_to_flowering': '2.09302325581395 (1)', 'fire_time_from_fire_to_fruiting': '4.18604651162791 (1)'}"
Amaranthus hybridus,,,,"{'resprouting_capacity': 'fire_killed (1)', 'fire_time_from_fire_to_flowering': '2.7906976744186 (1)', 'fire_time_from_fire_to_fruiting': '4.41860465116279 (1)'}"
Amaranthus viridis,,,,{'resprouting_capacity': 'fire_killed (1)'}
Toxicodendron succedaneum,,,,{'resprouting_capacity': 'resprouts (1)'}
Chlorophytum comosum,,,,"{'resprouting_capacity': 'resprouts (2)', 'resprouting_capacity_non_fire_disturbance': 'resprouts_non_fire_disturbance (f)', 'fire_time_from_fire_to_flowering': '12 (1); 12.093023255814 (1); 3.72093023255814 (1)'}"
Cyclospermum leptophyllum,,,,"{'resprouting_capacity': 'fire_killed (2)', 'fire_time_from_fire_to_flowering': '6.51162790697674 (1)', 'fire_time_from_fire_to_fruiting': '10 (1)'}"
Foeniculum vulgare,,,,"{'resprouting_capacity': 'resprouts (4)', 'fire_time_from_fire_to_flowering': '11.6279069767442 (1); 14.6511627906977 (1)', 'fire_time_from_fire_to_fruiting': '14.6511627906977 (1)'}"
Hydrocotyle bonariensis,,,,"{'resprouting_capacity': 'resprouts (3)', 'fire_time_from_fire_to_flowering': '2.55813953488372 (1)', 'fire_time_from_fire_to_fruiting': '4.65116279069767 (1)'}"
Araujia sericifera,,,,"{'resprouting_capacity': 'resprouts (V)', 'fire_time_from_fire_to_fruiting': '14.1860465116279 (1)'}"
Gomphocarpus fruticosus,,,,"{'resprouting_capacity': 'fire_killed (2)', 'fire_time_from_fire_to_flowering': '8.83720930232558 (1)'}"
Nerium oleander,,,,"{'resprouting_capacity': 'resprouts (2)', 'fire_time_from_fire_to_flowering': '34.8837209302326 (1)'}"
Vinca major,,,,"{'resprouting_capacity': 'resprouts (1)', 'fire_time_from_fire_to_flowering': '8.37209302325581 (1)'}"
Hedera helix,,,,{'resprouting_capacity': 'resprouts (V)'}
Phoenix canariensis,,,,{'resprouting_capacity': 'resprouts (1)'}
Washingtonia filifera,,,,"{'post_fire_flowering': 'fire_enhanced_flowering (1)', 'resprouting_capacity': 'fire_killed (1)'}"
Asparagus aethiopicus,,,,"{'resprouting_capacity': 'resprouts (3)', 'resprouting_capacity_non_fire_disturbance': 'resprouts_non_fire_disturbance (f)', 'fire_time_from_fire_to_flowering': '11.6279069767442 (1); 12 (1)'}"
Asparagus africanus,,,,"{'resprouting_capacity': 'resprouts (f)', 'resprouting_capacity_non_fire_disturbance': 'resprouts_non_fire_disturbance (f)'}"
Asparagus asparagoides,,,,"{'resprouting_capacity': 'resprouts (6)', 'resprouting_capacity_non_fire_disturbance': 'resprouts_non_fire_disturbance (f)', 'resprouting_capacity_juvenile': 'juvenile_resprout (1)', 'fire_time_from_fire_to_flowering': '12 (1); 12.093023255814 (1)', 'fire_time_from_fire_to_fruiting': '10.6976744186047 (1)'}"
Asparagus officinalis,,,,"{'resprouting_capacity': 'resprouts (1)', 'resprouting_capacity_non_fire_disturbance': 'resprouts_non_fire_disturbance (f)', 'fire_time_from_fire_to_fruiting': '4.18604651162791 (1)'}"
Asparagus plumosus,,,,"{'resprouting_capacity': 'resprouts (f)', 'resprouting_capacity_non_fire_disturbance': 'resprouts_non_fire_disturbance (f)'}"
Asparagus scandens,,,,"{'resprouting_capacity': 'resprouts (3)', 'resprouting_capacity_non_fire_disturbance': 'resprouts_non_fire_disturbance (f)'}"
Asparagus virgatus,,,,"{'resprouting_capacity': 'resprouts (f)', 'resprouting_capacity_non_fire_disturbance': 'resprouts_non_fire_disturbance (f)'}"
Asphodelus fistulosus,,,,{'resprouting_capacity': 'resprouts (1)'}
Ageratina adenophora,,,,"{'post_fire_recruitment': 'post_fire_recruitment (f)', 'resprouting_capacity': 'resprouts (3)', 'resprouting_capacity_non_fire_disturbance': 'resprouts_non_fire_disturbance (f)', 'resprouting_capacity_juvenile': 'juvenile_fire_killed (f)', 'fire_time_from_fire_to_flowering': '10.2325581395349 (1); 12 (1); 8.83720930232558 (1)', 'fire_time_from_fire_to_fruiting': '10.2325581395349 (1)'}"
Ageratina riparia,,,,"{'post_fire_recruitment': 'post_fire_recruitment (f)', 'resprouting_capacity': 'resprouts (2)', 'resprouting_capacity_non_fire_disturbance': 'resprouts_non_fire_disturbance (f)', 'resprouting_capacity_juvenile': 'juvenile_fire_killed (f)', 'fire_time_from_fire_to_flowering': '12 (1); 7.90697674418605 (1); 9.30232558139535 (1)', 'fire_time_from_fire_to_fruiting': '8.83720930232558 (1)'}"
Ambrosia artemisiifolia,,,,"{'post_fire_recruitment': 'post_fire_recruitment (f)', 'resprouting_capacity': 'resprouts (2)', 'resprouting_capacity_non_fire_disturbance': 'resprouts_non_fire_disturbance (f)', 'resprouting_capacity_juvenile': 'juvenile_fire_killed (f)', 'fire_time_from_fire_to_flowering': '3.02325581395349 (1)'}"
Ambrosia psilostachya,,,,"{'post_fire_recruitment': 'post_fire_recruitment (f)', 'resprouting_capacity': 'resprouts (1)', 'resprouting_capacity_non_fire_disturbance': 'resprouts_non_fire_disturbance (f)', 'resprouting_capacity_juvenile': 'juvenile_fire_killed (f)', 'fire_time_from_fire_to_flowering': '12 (f)'}"
Arctotheca calendula,,,,"{'post_fire_recruitment': 'post_fire_recruitment (2)', 'resprouting_capacity': 'fire_killed (4)', 'resprouting_capacity_non_fire_disturbance': 'resprouts_non_fire_disturbance (f)', 'resprouting_capacity_juvenile': 'juvenile_fire_killed (f)', 'fire_time_from_fire_to_flowering': '12 (V)'}"
Bidens pilosa,,,,"{'post_fire_recruitment': 'post_fire_recruitment (f)', 'resprouting_capacity': 'fire_killed (5)', 'resprouting_capacity_non_fire_disturbance': 'resprouts_non_fire_disturbance (f)', 'resprouting_capacity_juvenile': 'juvenile_fire_killed (f)', 'fire_time_from_fire_to_flowering': '3.02325581395349 (1); 4.41860465116279 (1)', 'fire_time_from_fire_to_fruiting': '4.41860465116279 (1)'}"
Bidens subalternans,,,,"{'post_fire_recruitment': 'post_fire_recruitment (f)', 'resprouting_capacity': 'fire_killed (2)', 'resprouting_capacity_non_fire_disturbance': 'resprouts_non_fire_disturbance (f)', 'resprouting_capacity_juvenile': 'juvenile_fire_killed (f)', 'fire_time_from_fire_to_flowering': '2.7906976744186 (1)', 'fire_time_from_fire_to_fruiting': '3.72093023255814 (1)'}"
Bidens tripartita,,,,"{'post_fire_recruitment': 'post_fire_recruitment (f)', 'resprouting_capacity': 'fire_killed (2)', 'resprouting_capacity_non_fire_disturbance': 'resprouts_non_fire_disturbance (f)', 'resprouting_capacity_juvenile': 'juvenile_fire_killed (f)', 'fire_time_from_fire_to_flowering': '3.48837209302326 (1)', 'fire_time_from_fire_to_fruiting': '3.48837209302326 (1)'}"
Centaurea melitensis,,,,"{'post_fire_recruitment': 'post_fire_recruitment (1)', 'resprouting_capacity': 'fire_killed (2)', 'resprouting_capacity_non_fire_disturbance': 'resprouts_non_fire_disturbance (f)', 'resprouting_capacity_juvenile': 'juvenile_fire_killed (1)', 'fire_time_from_fire_to_flowering': '12 (f)'}"
Chrysanthemoides monilifera,,,,"{'post_fire_recruitment': 'post_fire_recruitment (1)', 'resprouting_capacity': 'fire_killed (V)', 'resprouting_capacity_non_fire_disturbance': 'resprouts_non_fire_disturbance (f)', 'resprouting_capacity_juvenile': 'juvenile_fire_killed (f)', 'fire_time_from_fire_to_flowering': '12 (f)'}"
Cichorium intybus,,,,"{'post_fire_recruitment': 'post_fire_recruitment (f)', 'resprouting_capacity': 'fire_killed (f)', 'resprouting_capacity_non_fire_disturbance': 'resprouts_non_fire_disturbance (f)', 'resprouting_capacity_juvenile': 'juvenile_fire_killed (f)', 'fire_time_from_fire_to_flowering': '12 (f)'}"
Cirsium vulgare,,,,"{'post_fire_recruitment': 'post_fire_recruitment (V)', 'resprouting_capacity': 'fire_killed (V)', 'resprouting_capacity_non_fire_disturbance': 'resprouts_non_fire_disturbance (f)', 'resprouting_capacity_juvenile': 'juvenile_fire_killed (f)', 'fire_time_from_fire_to_flowering': '12 (V)', 'fire_time_from_fire_to_fruiting': '10.6976744186047 (1); 11.8604651162791 (1)'}"
Coreopsis lanceolata,,,,"{'post_fire_recruitment': 'post_fire_recruitment (f)', 'resprouting_capacity': 'partial_resprouting (1); resprouts (1)', 'resprouting_capacity_non_fire_disturbance': 'resprouts_non_fire_disturbance (f)', 'resprouting_capacity_juvenile': 'juvenile_fire_killed (f)', 'fire_time_from_fire_to_flowering': '9.76744186046512 (1)', 'fire_time_from_fire_to_peak_flowering': '24 (1); 36 (1)'}"
Crepis capillaris,,,,"{'post_fire_recruitment': 'post_fire_recruitment (f)', 'resprouting_capacity': 'partial_resprouting (1)', 'resprouting_capacity_non_fire_disturbance': 'resprouts_non_fire_disturbance (f)', 'resprouting_capacity_juvenile': 'juvenile_fire_killed (f)', 'fire_time_from_fire_to_flowering': '12 (1)'}"
Delairea odorata,,,,"{'post_fire_recruitment': 'post_fire_recruitment (f)', 'resprouting_capacity': 'fire_killed (1)', 'resprouting_capacity_non_fire_disturbance': 'resprouts_non_fire_disturbance (f)', 'resprouting_capacity_juvenile': 'juvenile_fire_killed (f)', 'fire_time_from_fire_to_flowering': '29.0697674418605 (1)'}"
Dimorphotheca ecklonis,,,,"{'post_fire_recruitment': 'post_fire_recruitment (f)', 'resprouting_capacity': 'fire_killed (f)', 'resprouting_capacity_non_fire_disturbance': 'resprouts_non_fire_disturbance (f)', 'resprouting_capacity_juvenile': 'juvenile_fire_killed (f)', 'fire_time_from_fire_to_flowering': '12 (f)'}"
Erigeron karvinskianus,,,,"{'post_fire_recruitment': 'post_fire_recruitment (f)', 'resprouting_capacity': 'resprouts (2)', 'resprouting_capacity_non_fire_disturbance': 'resprouts_non_fire_disturbance (f)', 'resprouting_capacity_juvenile': 'juvenile_fire_killed (f)', 'fire_time_from_fire_to_flowering': '12 (1); 2.32558139534884 (1); 6.27906976744186 (1)', 'fire_time_from_fire_to_fruiting': '6.27906976744186 (1)'}"
Eriocephalus africanus,,,,"{'post_fire_recruitment': 'post_fire_recruitment (f)', 'resprouting_capacity': 'fire_killed (f)', 'resprouting_capacity_non_fire_disturbance': 'resprouts_non_fire_disturbance (f)', 'resprouting_capacity_juvenile': 'juvenile_fire_killed (f)', 'fire_time_from_fire_to_flowering': '12 (f)'}"
Galinsoga parviflora,,,,"{'post_fire_recruitment': 'post_fire_recruitment (f)', 'resprouting_capacity': 'fire_killed (2)', 'resprouting_capacity_non_fire_disturbance': 'resprouts_non_fire_disturbance (f)', 'resprouting_capacity_juvenile': 'juvenile_fire_killed (f)', 'fire_time_from_fire_to_flowering': '2.7906976744186 (1); 3.48837209302326 (1)', 'fire_time_from_fire_to_fruiting': '3.48837209302326 (1)'}"
Gamochaeta calviceps,,,,"{'post_fire_recruitment': 'post_fire_recruitment (f)', 'resprouting_capacity': 'fire_killed (2)', 'resprouting_capacity_non_fire_disturbance': 'resprouts_non_fire_disturbance (f)', 'resprouting_capacity_juvenile': 'juvenile_fire_killed (f)', 'fire_time_from_fire_to_flowering': '12 (f)'}"
Gamochaeta coarctata,,,,"{'post_fire_recruitment': 'post_fire_recruitment (f)', 'resprouting_capacity': 'fire_killed (3)', 'resprouting_capacity_non_fire_disturbance': 'resprouts_non_fire_disturbance (f)', 'resprouting_capacity_juvenile': 'juvenile_fire_killed (f)', 'fire_time_from_fire_to_flowering': '6.27906976744186 (1)', 'fire_time_from_fire_to_fruiting': '6.27906976744186 (1)'}"
Gamochaeta purpurea,,,,"{'post_fire_recruitment': 'post_fire_recruitment (1)', 'resprouting_capacity': 'fire_killed (f)', 'resprouting_capacity_non_fire_disturbance': 'resprouts_non_fire_disturbance (f)', 'resprouting_capacity_juvenile': 'juvenile_fire_killed (f)', 'fire_time_from_fire_to_flowering': '12 (f)'}"
Gazania rigens,,,,"{'post_fire_recruitment': 'post_fire_recruitment (f)', 'resprouting_capacity': 'fire_killed (f)', 'resprouting_capacity_non_fire_disturbance': 'resprouts_non_fire_disturbance (f)', 'resprouting_capacity_juvenile': 'juvenile_fire_killed (f)', 'fire_time_from_fire_to_flowering': '12 (f)'}"
Gnaphalium polycaulon,,,,"{'post_fire_recruitment': 'post_fire_recruitment (f)', 'resprouting_capacity': 'fire_killed (1)', 'resprouting_capacity_non_fire_disturbance': 'resprouts_non_fire_disturbance (f)', 'resprouting_capacity_juvenile': 'juvenile_fire_killed (f)', 'fire_time_from_fire_to_flowering': '12 (f)'}"
Hypochaeris albiflora,,,,"{'post_fire_recruitment': 'post_fire_recruitment (f)', 'resprouting_capacity': 'fire_killed (f)', 'resprouting_capacity_non_fire_disturbance': 'resprouts_non_fire_disturbance (f)', 'resprouting_capacity_juvenile': 'juvenile_fire_killed (f)', 'fire_time_from_fire_to_flowering': '12 (f)'}"
Hypochaeris glabra,,,,"{'post_fire_recruitment': 'post_fire_recruitment (3)', 'resprouting_capacity': 'fire_killed (5)', 'resprouting_capacity_non_fire_disturbance': 'resprouts_non_fire_disturbance (f)', 'resprouting_capacity_juvenile': 'juvenile_fire_killed (1)', 'fire_time_from_fire_to_flowering': '12 (1); 24 (1)'}"
Hypochaeris radicata,,,,"{'post_fire_recruitment': 'post_fire_recruitment (3)', 'resprouting_capacity': 'resprouts (V)', 'resprouting_capacity_non_fire_disturbance': 'resprouts_non_fire_disturbance (f)', 'resprouting_capacity_juvenile': 'juvenile_fire_killed (1)', 'fire_time_from_fire_to_flowering': '12 (V)', 'fire_time_from_fire_to_fruiting': '2.32558139534884 (1)'}"
Lactuca serriola,,,,"{'post_fire_recruitment': 'post_fire_recruitment (3)', 'resprouting_capacity': 'fire_killed (5)', 'resprouting_capacity_non_fire_disturbance': 'resprouts_non_fire_disturbance (f)', 'resprouting_capacity_juvenile': 'juvenile_fire_killed (1)', 'fire_time_from_fire_to_flowering': '11.6279069767442 (1); 12 (1)', 'fire_time_from_fire_to_fruiting': '11.6279069767442 (1)'}"
Roldana petasitis,,,,"{'post_fire_recruitment': 'post_fire_recruitment (f)', 'resprouting_capacity': 'resprouts (3)', 'resprouting_capacity_non_fire_disturbance': 'resprouts_non_fire_disturbance (f)', 'resprouting_capacity_juvenile': 'juvenile_fire_killed (f)', 'fire_time_from_fire_to_flowering': '12 (f)', 'fire_time_from_fire_to_fruiting': '8.83720930232558 (1)'}"
Senecio madagascariensis,,,,"{'post_fire_recruitment': 'post_fire_recruitment (f)', 'resprouting_capacity': 'fire_killed (2)', 'resprouting_capacity_non_fire_disturbance': 'resprouts_non_fire_disturbance (f)', 'resprouting_capacity_juvenile': 'juvenile_fire_killed (f)', 'fire_time_from_fire_to_flowering': '3.48837209302326 (1); 3.6 (1); 6.04651162790698 (1)', 'fire_time_from_fire_to_fruiting': '4.65116279069767 (1)'}"
Senecio pterophorus,,,,"{'post_fire_recruitment': 'post_fire_recruitment (2)', 'resprouting_capacity': 'fire_killed (1)', 'resprouting_capacity_non_fire_disturbance': 'resprouts_non_fire_disturbance (f)', 'resprouting_capacity_juvenile': 'juvenile_fire_killed (f)', 'fire_time_from_fire_to_flowering': '35.8139534883721 (1)'}"
Soliva sessilis,,,,"{'post_fire_recruitment': 'post_fire_recruitment (1)', 'resprouting_capacity': 'fire_killed (f)', 'resprouting_capacity_non_fire_disturbance': 'resprouts_non_fire_disturbance (f)', 'resprouting_capacity_juvenile': 'juvenile_fire_killed (f)', 'fire_time_from_fire_to_flowering': '12 (f)', 'fire_time_from_fire_to_fruiting': '10 (1)'}"
Sonchus oleraceus,,,,"{'post_fire_recruitment': 'post_fire_recruitment (2)', 'resprouting_capacity': 'fire_killed (V)', 'resprouting_capacity_non_fire_disturbance': 'resprouts_non_fire_disturbance (f)', 'resprouting_capacity_juvenile': 'juvenile_fire_killed (2)', 'fire_time_from_fire_to_flowering': '3.48837209302326 (2)', 'fire_time_from_fire_to_fruiting': '3.48837209302326 (1)'}"
Tagetes minuta,,,,"{'post_fire_recruitment': 'post_fire_recruitment (f)', 'resprouting_capacity': 'fire_killed (2)', 'resprouting_capacity_non_fire_disturbance': 'resprouts_non_fire_disturbance (f)', 'resprouting_capacity_juvenile': 'juvenile_fire_killed (f)', 'fire_time_from_fire_to_flowering': '4.65116279069767 (2)', 'fire_time_from_fire_to_fruiting': '4.65116279069767 (1)'}"
Xanthium occidentale,,,,"{'post_fire_recruitment': 'post_fire_recruitment (f)', 'resprouting_capacity': 'fire_killed (1)', 'resprouting_capacity_non_fire_disturbance': 'resprouts_non_fire_disturbance (f)', 'resprouting_capacity_juvenile': 'juvenile_fire_killed (f)', 'fire_time_from_fire_to_flowering': '12 (f)'}"
Impatiens walleriana,,,,"{'resprouting_capacity': 'fire_killed (2)', 'fire_time_from_fire_to_flowering': '4.18604651162791 (1)'}"
Anredera cordifolia,,,,{'resprouting_capacity': 'resprouts (V)'}
Echium plantagineum,,,,"{'post_fire_recruitment': 'post_fire_recruitment (2)', 'resprouting_capacity': 'fire_killed (2)', 'fire_time_from_fire_to_flowering': '8.83720930232558 (1)', 'fire_time_from_fire_to_fruiting': '8.83720930232558 (1)'}"
Brassica fruticulosa,,,,"{'resprouting_capacity': 'fire_killed (2)', 'fire_time_from_fire_to_flowering': '2.7906976744186 (1); 6.51162790697674 (1)', 'fire_time_from_fire_to_fruiting': '6.51162790697674 (1)'}"
Capsella bursa-pastoris,,,,"{'resprouting_capacity': 'fire_killed (3)', 'fire_time_from_fire_to_flowering': '4.65116279069767 (2)', 'fire_time_from_fire_to_fruiting': '4.65116279069767 (1)'}"
Cardamine flexuosa,,,,"{'resprouting_capacity': 'fire_killed (2)', 'fire_time_from_fire_to_flowering': '3.48837209302326 (1)', 'fire_time_from_fire_to_fruiting': '3.48837209302326 (1)'}"
Cardamine hirsuta,,,,"{'resprouting_capacity': 'fire_killed (2)', 'fire_time_from_fire_to_flowering': '5.58139534883721 (2)', 'fire_time_from_fire_to_fruiting': '5.58139534883721 (1)'}"
Hirschfeldia incana,,,,{'resprouting_capacity': 'fire_killed (f)'}
Lepidium africanum,,,,{'resprouting_capacity': 'fire_killed (f)'}
Lepidium bonariense,,,,{'resprouting_capacity': 'fire_killed (f)'}
Lepidium didymum,,,,"{'resprouting_capacity': 'fire_killed (2)', 'fire_time_from_fire_to_flowering': '3.48837209302326 (1)', 'fire_time_from_fire_to_fruiting': '3.48837209302326 (1)'}"
Rorippa nasturtium-aquaticum,,,,"{'resprouting_capacity': 'fire_killed (f)', 'fire_time_from_fire_to_fruiting': '10 (1)'}"
Sisymbrium officinale,,,,{'resprouting_capacity': 'fire_killed (f)'}
Opuntia stricta,,,,"{'resprouting_capacity': 'resprouts (2)', 'resprouting_capacity_juvenile': 'juvenile_fire_killed (2)'}"
Callitriche stagnalis,,,,{'post_fire_recruitment': 'post_fire_recruitment (1)'}
Lonicera japonica,,,,{'resprouting_capacity': 'resprouts (4)'}
Cerastium glomeratum,,,,"{'post_fire_recruitment': 'post_fire_recruitment (1)', 'resprouting_capacity': 'fire_killed (5)', 'fire_time_from_fire_to_flowering': '5.34883720930233 (2)', 'fire_time_from_fire_to_fruiting': '5.34883720930233 (1)'}"
Paronychia brasiliana,,,,{'resprouting_capacity': 'fire_killed (f)'}
Petrorhagia dubia,,,,"{'post_fire_recruitment': 'post_fire_recruitment (1)', 'resprouting_capacity': 'fire_killed (3)', 'fire_time_from_fire_to_flowering': '10.2325581395349 (1); 8.83720930232558 (1)', 'fire_time_from_fire_to_fruiting': '8.83720930232558 (1)'}"
Petrorhagia nanteuilii,,,,"{'post_fire_recruitment': 'post_fire_recruitment (1)', 'resprouting_capacity': 'fire_killed (1)'}"
Polycarpon tetraphyllum,,,,"{'resprouting_capacity': 'fire_killed (3)', 'fire_time_from_fire_to_flowering': '10 (1); 10.2325581395349 (1)', 'fire_time_from_fire_to_fruiting': '10.2325581395349 (1)'}"
Silene gallica,,,,{'resprouting_capacity': 'fire_killed (1)'}
Spergularia diandra,,,,{'resprouting_capacity': 'fire_killed (f)'}
Spergularia levis,,,,{'resprouting_capacity': 'fire_killed (f)'}
Spergularia rubra,,,,"{'post_fire_recruitment': 'post_fire_recruitment (1)', 'resprouting_capacity': 'fire_killed (2)'}"
Stellaria media,,,,"{'post_fire_recruitment': 'post_fire_recruitment (1)', 'resprouting_capacity': 'fire_killed (3)', 'fire_time_from_fire_to_flowering': '3.48837209302326 (1)', 'fire_time_from_fire_to_fruiting': '3.48837209302326 (1)'}"
Atriplex prostrata,,,,{'resprouting_capacity': 'fire_killed (2)'}
Chenopodium album,,,,"{'resprouting_capacity': 'fire_killed (3)', 'fire_time_from_fire_to_fruiting': '4.65116279069767 (1)'}"
Chenopodium murale,,,,{'resprouting_capacity': 'fire_killed (f)'}
Dysphania ambrosioides,,,,{'resprouting_capacity': 'fire_killed (1)'}
Hypericum perforatum,,,,"{'post_fire_recruitment': 'post_fire_recruitment (2)', 'resprouting_capacity': 'resprouts (4)', 'fire_time_from_fire_to_flowering': '10 (1); 14.6511627906977 (1); 15 (1)', 'fire_time_from_fire_to_fruiting': '11.6279069767442 (1)'}"
Tradescantia fluminensis,,,,"{'resprouting_capacity': 'resprouts (2)', 'fire_time_from_fire_to_flowering': '10 (1)', 'fire_time_from_fire_to_peak_flowering': '36 (1)'}"
Ipomoea indica,,,,"{'resprouting_capacity': 'resprouts (3)', 'fire_time_from_fire_to_flowering': '3.48837209302326 (1)'}"
Ipomoea purpurea,,,,{'resprouting_capacity': 'resprouts (1)'}
Cyperus aggregatus,,,,"{'resprouting_capacity': 'resprouts (f)', 'resprouting_capacity_non_fire_disturbance': 'resprouts_non_fire_disturbance (f)', 'resprouting_capacity_juvenile': 'juvenile_fire_killed (f)'}"
Cyperus albostriatus,,,,"{'resprouting_capacity': 'resprouts (3)', 'resprouting_capacity_non_fire_disturbance': 'resprouts_non_fire_disturbance (f)', 'resprouting_capacity_juvenile': 'juvenile_fire_killed (f)', 'fire_time_from_fire_to_flowering': '12 (1); 6.04651162790698 (1)'}"
Cyperus brevifolius,,,,"{'resprouting_capacity': 'resprouts (2)', 'resprouting_capacity_non_fire_disturbance': 'resprouts_non_fire_disturbance (f)', 'resprouting_capacity_juvenile': 'juvenile_fire_killed (f)', 'fire_time_from_fire_to_flowering': '2.32558139534884 (1); 2.4 (1)', 'fire_time_from_fire_to_fruiting': '2.32558139534884 (1)'}"
Cyperus eragrostis,,,,"{'resprouting_capacity': 'resprouts (V)', 'resprouting_capacity_non_fire_disturbance': 'resprouts_non_fire_disturbance (f)', 'resprouting_capacity_juvenile': 'juvenile_fire_killed (1)', 'fire_time_from_fire_to_flowering': '2.32558139534884 (1); 4.8 (1)', 'fire_time_from_fire_to_fruiting': '2.32558139534884 (1)'}"
Cyperus involucratus,,,,"{'resprouting_capacity': 'resprouts (f)', 'resprouting_capacity_non_fire_disturbance': 'resprouts_non_fire_disturbance (f)', 'resprouting_capacity_juvenile': 'juvenile_fire_killed (f)'}"
Cyperus rotundus,,,,"{'resprouting_capacity': 'resprouts (f)', 'resprouting_capacity_non_fire_disturbance': 'resprouts_non_fire_disturbance (f)', 'resprouting_capacity_juvenile': 'juvenile_fire_killed (f)'}"
Cyperus sesquiflorus,,,,"{'resprouting_capacity': 'resprouts (f)', 'resprouting_capacity_non_fire_disturbance': 'resprouts_non_fire_disturbance (f)', 'resprouting_capacity_juvenile': 'juvenile_fire_killed (f)'}"
Eleocharis minuta,,,,"{'resprouting_capacity': 'resprouts (f)', 'resprouting_capacity_non_fire_disturbance': 'resprouts_non_fire_disturbance (f)', 'resprouting_capacity_juvenile': 'juvenile_fire_killed (f)'}"
Isolepis levynsiana,,,,"{'post_fire_recruitment': 'post_fire_recruitment (1)', 'resprouting_capacity': 'fire_killed (1)', 'resprouting_capacity_non_fire_disturbance': 'resprouts_non_fire_disturbance (f)', 'resprouting_capacity_juvenile': 'juvenile_fire_killed (f)'}"
Isolepis marginata,,,,"{'post_fire_recruitment': 'post_fire_recruitment (1)', 'resprouting_capacity': 'fire_killed (V)', 'resprouting_capacity_non_fire_disturbance': 'resprouts_non_fire_disturbance (f)', 'resprouting_capacity_juvenile': 'juvenile_fire_killed (1)', 'fire_time_from_fire_to_flowering': '12 (1); 6 (1)'}"
Isolepis prolifera,,,,"{'resprouting_capacity': 'resprouts (1)', 'resprouting_capacity_non_fire_disturbance': 'resprouts_non_fire_disturbance (f)', 'resprouting_capacity_juvenile': 'juvenile_fire_killed (f)', 'fire_time_from_fire_to_fruiting': '14.6511627906977 (1)'}"
Isolepis sepulcralis,,,,"{'resprouting_capacity': 'resprouts (f)', 'resprouting_capacity_non_fire_disturbance': 'resprouts_non_fire_disturbance (f)', 'resprouting_capacity_juvenile': 'juvenile_fire_killed (f)'}"
Erica lusitanica,,,,"{'post_fire_recruitment': 'post_fire_recruitment (f)', 'resprouting_capacity': 'fire_killed (f)'}"
Euphorbia peplus,,,,"{'post_fire_recruitment': 'post_fire_recruitment (1)', 'resprouting_capacity': 'fire_killed (4)', 'resprouting_capacity_juvenile': 'juvenile_fire_killed (1)', 'fire_time_from_fire_to_flowering': '2.09302325581395 (1)', 'fire_time_from_fire_to_fruiting': '2.09302325581395 (1)'}"
Ricinus communis,,,,"{'post_fire_recruitment': 'post_fire_recruitment (1)', 'resprouting_capacity': 'fire_killed (V)', 'fire_time_from_fire_to_flowering': '5.81395348837209 (V)', 'fire_time_from_fire_to_fruiting': '5.81395348837209 (1)'}"
Bauhinia variegata,,,,"{'post_fire_recruitment': 'post_fire_recruitment (f)', 'resprouting_capacity': 'fire_killed (f)', 'resprouting_capacity_non_fire_disturbance': 'resprouts_non_fire_disturbance (f)', 'resprouting_capacity_juvenile': 'juvenile_fire_killed (f)'}"
Gleditsia triacanthos,,,,"{'post_fire_recruitment': 'post_fire_recruitment (f)', 'resprouting_capacity': 'fire_killed (f)', 'resprouting_capacity_non_fire_disturbance': 'resprouts_non_fire_disturbance (f)', 'resprouting_capacity_juvenile': 'juvenile_fire_killed (f)'}"
Senna septemtrionalis,,,,"{'post_fire_recruitment': 'post_fire_recruitment (f)', 'resprouting_capacity': 'fire_killed (f)', 'resprouting_capacity_non_fire_disturbance': 'resprouts_non_fire_disturbance (f)', 'resprouting_capacity_juvenile': 'juvenile_fire_killed (f)'}"
Dipogon lignosus,,,,"{'post_fire_recruitment': 'post_fire_recruitment (1)', 'resprouting_capacity': 'fire_killed (V)', 'resprouting_capacity_non_fire_disturbance': 'resprouts_non_fire_disturbance (f)', 'resprouting_capacity_juvenile': 'juvenile_fire_killed (f)', 'fire_time_from_fire_to_flowering': '12 (1); 12.093023255814 (1); 8.83720930232558 (1)', 'fire_time_from_fire_to_fruiting': '11.6279069767442 (1)'}"
Erythrina crista-galli,,,,"{'post_fire_recruitment': 'post_fire_recruitment (f)', 'resprouting_capacity': 'resprouts (2)', 'resprouting_capacity_non_fire_disturbance': 'resprouts_non_fire_disturbance (f)', 'resprouting_capacity_juvenile': 'juvenile_fire_killed (f)', 'fire_time_from_fire_to_flowering': '3.02325581395349 (1)'}"
Genista linifolia,,,,"{'post_fire_recruitment': 'post_fire_recruitment (f)', 'resprouting_capacity': 'fire_killed (f)', 'resprouting_capacity_non_fire_disturbance': 'resprouts_non_fire_disturbance (f)', 'resprouting_capacity_juvenile': 'juvenile_fire_killed (f)'}"
Genista monspessulana,,,,"{'post_fire_recruitment': 'post_fire_recruitment (2)', 'resprouting_capacity': 'fire_killed (V)', 'resprouting_capacity_non_fire_disturbance': 'resprouts_non_fire_disturbance (f)', 'resprouting_capacity_juvenile': 'juvenile_fire_killed (1)', 'fire_time_from_fire_to_flowering': '20 (1); 24.1860465116279 (1)', 'fire_time_from_fire_to_fruiting': '24.1860465116279 (1)'}"
Lotus angustissimus,,,,"{'post_fire_recruitment': 'post_fire_recruitment (f)', 'resprouting_capacity': 'fire_killed (3)', 'resprouting_capacity_non_fire_disturbance': 'resprouts_non_fire_disturbance (f)', 'resprouting_capacity_juvenile': 'juvenile_fire_killed (f)', 'fire_time_from_fire_to_flowering': '10 (1); 8.6046511627907 (1)', 'fire_time_from_fire_to_fruiting': '10 (1)'}"
Lotus corniculatus,,,,"{'post_fire_recruitment': 'post_fire_recruitment (f)', 'resprouting_capacity': 'fire_killed (f)', 'resprouting_capacity_non_fire_disturbance': 'resprouts_non_fire_disturbance (f)', 'resprouting_capacity_juvenile': 'juvenile_fire_killed (f)'}"
Lotus subbiflorus,,,,"{'post_fire_recruitment': 'post_fire_recruitment (f)', 'resprouting_capacity': 'fire_killed (f)', 'resprouting_capacity_non_fire_disturbance': 'resprouts_non_fire_disturbance (f)', 'resprouting_capacity_juvenile': 'juvenile_fire_killed (f)'}"
Medicago arabica,,,,"{'post_fire_recruitment': 'post_fire_recruitment (1)', 'resprouting_capacity': 'fire_killed (1)', 'resprouting_capacity_non_fire_disturbance': 'resprouts_non_fire_disturbance (f)', 'resprouting_capacity_juvenile': 'juvenile_fire_killed (f)', 'fire_time_from_fire_to_flowering': '8.83720930232558 (1)', 'fire_time_from_fire_to_fruiting': '8.83720930232558 (1)'}"
Medicago minima,,,,"{'post_fire_recruitment': 'post_fire_recruitment (f)', 'resprouting_capacity': 'fire_killed (2)', 'resprouting_capacity_non_fire_disturbance': 'resprouts_non_fire_disturbance (f)', 'resprouting_capacity_juvenile': 'juvenile_fire_killed (f)'}"
Medicago polymorpha,,,,"{'post_fire_recruitment': 'post_fire_recruitment (1)', 'resprouting_capacity': 'fire_killed (2)', 'resprouting_capacity_non_fire_disturbance': 'resprouts_non_fire_disturbance (f)', 'resprouting_capacity_juvenile': 'juvenile_fire_killed (f)', 'fire_time_from_fire_to_flowering': '7.67441860465116 (1)', 'fire_time_from_fire_to_fruiting': '8.83720930232558 (1)'}"
Medicago sativa,,,,"{'post_fire_recruitment': 'post_fire_recruitment (f)', 'resprouting_capacity': 'fire_killed (f)', 'resprouting_capacity_non_fire_disturbance': 'resprouts_non_fire_disturbance (f)', 'resprouting_capacity_juvenile': 'juvenile_fire_killed (f)'}"
Medicago truncatula,,,,"{'post_fire_recruitment': 'post_fire_recruitment (f)', 'resprouting_capacity': 'fire_killed (1)', 'resprouting_capacity_non_fire_disturbance': 'resprouts_non_fire_disturbance (f)', 'resprouting_capacity_juvenile': 'juvenile_fire_killed (f)'}"
Tephrosia grandiflora,,,,"{'post_fire_recruitment': 'post_fire_recruitment (f)', 'resprouting_capacity': 'fire_killed (f)', 'resprouting_capacity_non_fire_disturbance': 'resprouts_non_fire_disturbance (f)', 'resprouting_capacity_juvenile': 'juvenile_fire_killed (f)'}"
Trifolium arvense,,,,"{'post_fire_recruitment': 'post_fire_recruitment (1)', 'resprouting_capacity': 'fire_killed (2)', 'resprouting_capacity_non_fire_disturbance': 'resprouts_non_fire_disturbance (f)', 'resprouting_capacity_juvenile': 'juvenile_fire_killed (f)'}"
Trifolium campestre,,,,"{'post_fire_recruitment': 'post_fire_recruitment (1)', 'resprouting_capacity': 'fire_killed (3)', 'resprouting_capacity_non_fire_disturbance': 'resprouts_non_fire_disturbance (f)', 'resprouting_capacity_juvenile': 'juvenile_fire_killed (f)', 'fire_time_from_fire_to_flowering': '9.53488372093023 (1)', 'fire_time_from_fire_to_fruiting': '10 (1)'}"
Trifolium dubium,,,,"{'post_fire_recruitment': 'post_fire_recruitment (1)', 'resprouting_capacity': 'fire_killed (3)', 'resprouting_capacity_non_fire_disturbance': 'resprouts_non_fire_disturbance (f)', 'resprouting_capacity_juvenile': 'juvenile_fire_killed (f)', 'fire_time_from_fire_to_flowering': '10 (1)', 'fire_time_from_fire_to_fruiting': '10 (1)'}"
Trifolium glomeratum,,,,"{'post_fire_recruitment': 'post_fire_recruitment (1)', 'resprouting_capacity': 'fire_killed (2)', 'resprouting_capacity_non_fire_disturbance': 'resprouts_non_fire_disturbance (f)', 'resprouting_capacity_juvenile': 'juvenile_fire_killed (f)', 'fire_time_from_fire_to_flowering': '8.37209302325581 (1)'}"
Trifolium pratense,,,,"{'post_fire_recruitment': 'post_fire_recruitment (f)', 'resprouting_capacity': 'fire_killed (1)', 'resprouting_capacity_non_fire_disturbance': 'resprouts_non_fire_disturbance (f)', 'resprouting_capacity_juvenile': 'juvenile_fire_killed (f)'}"
Trifolium repens,,,,"{'post_fire_recruitment': 'post_fire_recruitment (1)', 'resprouting_capacity': 'fire_killed (3)', 'resprouting_capacity_non_fire_disturbance': 'resprouts_non_fire_disturbance (f)', 'resprouting_capacity_juvenile': 'juvenile_fire_killed (f)', 'fire_time_from_fire_to_flowering': '8.37209302325581 (1)'}"
Trifolium subterraneum,,,,"{'post_fire_recruitment': 'post_fire_recruitment (1)', 'resprouting_capacity': 'fire_killed (1)', 'resprouting_capacity_non_fire_disturbance': 'resprouts_non_fire_disturbance (f)', 'resprouting_capacity_juvenile': 'juvenile_fire_killed (f)', 'fire_time_from_fire_to_flowering': '18 (1)'}"
Ulex europaeus,,,,"{'post_fire_recruitment': 'post_fire_recruitment (1)', 'resprouting_capacity': 'fire_killed (1)', 'resprouting_capacity_non_fire_disturbance': 'resprouts_non_fire_disturbance (f)', 'resprouting_capacity_juvenile': 'juvenile_fire_killed (f)'}"
Vicia sativa,,,,"{'post_fire_recruitment': 'post_fire_recruitment (1)', 'resprouting_capacity': 'fire_killed (2)', 'resprouting_capacity_non_fire_disturbance': 'resprouts_non_fire_disturbance (f)', 'resprouting_capacity_juvenile': 'juvenile_fire_killed (f)', 'fire_time_from_fire_to_flowering': '8.6046511627907 (1)', 'fire_time_from_fire_to_fruiting': '8.6046511627907 (1)'}"
Vicia tetrasperma,,,,"{'post_fire_recruitment': 'post_fire_recruitment (f)', 'resprouting_capacity': 'fire_killed (2)', 'resprouting_capacity_non_fire_disturbance': 'resprouts_non_fire_disturbance (f)', 'resprouting_capacity_juvenile': 'juvenile_fire_killed (f)', 'fire_time_from_fire_to_flowering': '7.67441860465116 (1)', 'fire_time_from_fire_to_fruiting': '8.37209302325581 (1)'}"
Wisteria sinensis,,,,"{'post_fire_recruitment': 'post_fire_recruitment (f)', 'resprouting_capacity': 'resprouts (1)', 'resprouting_capacity_non_fire_disturbance': 'resprouts_non_fire_disturbance (f)', 'resprouting_capacity_juvenile': 'juvenile_fire_killed (f)'}"
Quercus robur,,,,{'post_fire_recruitment': 'post_fire_recruitment (1)'}
Centaurium erythraea,,,,"{'post_fire_recruitment': 'post_fire_recruitment (1)', 'resprouting_capacity': 'fire_killed (V)', 'fire_time_from_fire_to_flowering': '24 (1)'}"
Centaurium tenuiflorum,,,,"{'post_fire_recruitment': 'post_fire_recruitment (1)', 'resprouting_capacity': 'fire_killed (2)', 'fire_time_from_fire_to_flowering': '10 (1)'}"
Liquidambar styraciflua,,,,{'resprouting_capacity': 'resprouts (1)'}
Aristea ecklonii,,,,"{'resprouting_capacity': 'resprouts (3)', 'fire_time_from_fire_to_flowering': '12 (1); 9.53488372093023 (1)', 'fire_time_from_fire_to_fruiting': '10.2325581395349 (1)'}"
Dietes grandiflora,,,,{'resprouting_capacity': 'resprouts (f)'}
Gladiolus undulatus,,,,"{'post_fire_recruitment': 'post_fire_recruitment (1)', 'resprouting_capacity': 'resprouts (V)', 'resprouting_capacity_juvenile': 'juvenile_resprout (1)', 'fire_time_from_fire_to_flowering': '12 (1)'}"
Iris germanica,,,,{'resprouting_capacity': 'resprouts (f)'}
Moraea flaccida,,,,"{'post_fire_flowering': 'fire_enhanced_flowering (1)', 'resprouting_capacity': 'resprouts (1)'}"
Watsonia meriana,,,,"{'post_fire_flowering': 'fire_enhanced_flowering (1)', 'resprouting_capacity': 'resprouts (3)', 'fire_time_from_fire_to_flowering': '8.83720930232558 (1)', 'fire_time_from_fire_to_fruiting': '11.6279069767442 (1)'}"
Juncus tenuis,,,,"{'resprouting_capacity': 'resprouts (g)', 'resprouting_capacity_non_fire_disturbance': 'resprouts_non_fire_disturbance (g)'}"
Stachys arvensis,,,,"{'resprouting_capacity': 'fire_killed (3)', 'fire_time_from_fire_to_flowering': '3.72093023255814 (1); 5.34883720930233 (1)', 'fire_time_from_fire_to_fruiting': '5.34883720930233 (1)'}"
Cinnamomum camphora,,,,"{'resprouting_capacity': 'resprouts (5)', 'fire_time_from_fire_to_flowering': '21.8604651162791 (1)'}"
Lilium formosanum,,,,"{'resprouting_capacity': 'resprouts (3)', 'fire_time_from_fire_to_flowering': '6.04651162790698 (1); 9 (1)', 'fire_time_from_fire_to_fruiting': '6.74418604651163 (1)'}"
Linum trigynum,,,,"{'resprouting_capacity': 'fire_killed (3)', 'fire_time_from_fire_to_flowering': '8.83720930232558 (1)', 'fire_time_from_fire_to_fruiting': '8.83720930232558 (1)'}"
Cotoneaster glaucophyllus,,,,"{'resprouting_capacity': 'resprouts (3)', 'fire_time_from_fire_to_flowering': '24 (1); 24.1860465116279 (1); 36 (1); 36.2790697674419 (1)', 'fire_time_from_fire_to_fruiting': '28.3720930232558 (1)'}"
Cotoneaster pannosus,,,,{'resprouting_capacity': 'resprouts (f)'}
Eriobotrya japonica,,,,{'resprouting_capacity': 'resprouts (1)'}
Malus domestica,,,,{'resprouting_capacity': 'resprouts (f)'}
Photinia serratifolia,,,,{'resprouting_capacity': 'resprouts (f)'}
Pyracantha angustifolia,,,,"{'resprouting_capacity': 'resprouts (2)', 'fire_time_from_fire_to_flowering': '24 (1); 24.1860465116279 (1); 36 (1); 36.2790697674419 (1)', 'fire_time_from_fire_to_fruiting': '28.3720930232558 (1)'}"
Rhaphiolepis indica,,,,{'resprouting_capacity': 'resprouts (f)'}
Hibiscus rosa-sinensis,,,,{'resprouting_capacity': 'fire_killed (f)'}
Malva neglecta,,,,{'resprouting_capacity': 'fire_killed (f)'}
Malva nicaeensis,,,,{'resprouting_capacity': 'fire_killed (f)'}
Malva parviflora,,,,"{'resprouting_capacity': 'fire_killed (4)', 'fire_time_from_fire_to_flowering': '2.55813953488372 (1)', 'fire_time_from_fire_to_fruiting': '2.55813953488372 (1)'}"
Malva sylvestris,,,,{'resprouting_capacity': 'fire_killed (f)'}
Modiola caroliniana,,,,"{'resprouting_capacity': 'fire_killed (V)', 'resprouting_capacity_juvenile': 'juvenile_fire_killed (1)', 'fire_time_from_fire_to_flowering': '12.093023255814 (1); 8.83720930232558 (1)', 'fire_time_from_fire_to_fruiting': '11.6279069767442 (1)'}"
Pavonia hastata,,,,"{'resprouting_capacity': 'fire_killed (3)', 'fire_time_from_fire_to_fruiting': '10.2325581395349 (1)'}"
Sida rhombifolia,,,,"{'post_fire_recruitment': 'post_fire_recruitment (1)', 'resprouting_capacity': 'fire_killed (2); resprouts (2)', 'fire_time_from_fire_to_flowering': '3.48837209302326 (1); 6.51162790697674 (1)', 'fire_time_from_fire_to_fruiting': '6.51162790697674 (1)', 'fire_time_from_fire_to_peak_flowering': '36 (1)'}"
Urena lobata,,,,{'resprouting_capacity': 'fire_killed (1); partial_resprouting (1); resprouts (1)'}
Ficus benjamina,,,,{'resprouting_capacity': 'fire_killed (V); resprouts (V)'}
Morus alba,,,,"{'resprouting_capacity': 'resprouts (3)', 'fire_time_from_fire_to_flowering': '12 (1); 12.093023255814 (1); 24 (1); 24.1860465116279 (1)', 'fire_time_from_fire_to_fruiting': '10.2325581395349 (1)'}"
Agonis flexuosa,,,,"{'post_fire_recruitment': 'post_fire_recruitment (f)', 'resprouting_capacity': 'resprouts (1)', 'resprouting_capacity_non_fire_disturbance': 'resprouts_non_fire_disturbance (f)', 'resprouting_capacity_juvenile': 'juvenile_fire_killed (f)', 'fire_time_from_fire_to_flowering': '30 (1)'}"
Corymbia ficifolia,,,,"{'post_fire_recruitment': 'post_fire_recruitment (f)', 'resprouting_capacity': 'resprouts (2)', 'resprouting_capacity_non_fire_disturbance': 'resprouts_non_fire_disturbance (f)', 'resprouting_capacity_juvenile': 'juvenile_fire_killed (f)', 'fire_time_from_fire_to_flowering': '42 (1)'}"
Eucalyptus cladocalyx,,,,"{'post_fire_recruitment': 'post_fire_recruitment (1)', 'resprouting_capacity': 'resprouts (1)', 'resprouting_capacity_non_fire_disturbance': 'resprouts_non_fire_disturbance (f)', 'resprouting_capacity_juvenile': 'juvenile_fire_killed (f)'}"
Metrosideros excelsa,,,,"{'post_fire_recruitment': 'post_fire_recruitment (f)', 'resprouting_capacity': 'resprouts (f)', 'resprouting_capacity_non_fire_disturbance': 'resprouts_non_fire_disturbance (f)', 'resprouting_capacity_juvenile': 'juvenile_fire_killed (f)'}"
Psidium guajava,,,,"{'post_fire_recruitment': 'post_fire_recruitment (f)', 'resprouting_capacity': 'resprouts (1)', 'resprouting_capacity_non_fire_disturbance': 'resprouts_non_fire_disturbance (f)', 'resprouting_capacity_juvenile': 'juvenile_fire_killed (f)'}"
Ochna serrulata,,,,"{'resprouting_capacity': 'resprouts (3)', 'fire_time_from_fire_to_fruiting': '21.6279069767442 (1)'}"
Jasminum polyanthum,,,,"{'resprouting_capacity': 'resprouts (1)', 'fire_time_from_fire_to_flowering': '20.2325581395349 (1)'}"
Ligustrum lucidum,,,,"{'post_fire_recruitment': 'post_fire_recruitment (1)', 'resprouting_capacity': 'resprouts (1)', 'fire_time_from_fire_to_flowering': '36.2790697674419 (1)'}"
Ligustrum sinense,,,,"{'resprouting_capacity': 'resprouts (3)', 'fire_time_from_fire_to_flowering': '21.3953488372093 (1); 24 (1); 24.1860465116279 (1); 36 (1); 36.2790697674419 (1)', 'fire_time_from_fire_to_fruiting': '28.3720930232558 (1)', 'fire_time_from_fire_to_peak_flowering': '60 (1)'}"
Olea europaea,,,,"{'resprouting_capacity': 'resprouts (1)', 'resprouting_capacity_juvenile': 'juvenile_fire_killed (1)'}"
Ludwigia peruviana,,,,"{'resprouting_capacity': 'resprouts (1)', 'fire_time_from_fire_to_fruiting': '4.65116279069767 (1)'}"
Oxalis corniculata,,,,"{'post_fire_recruitment': 'post_fire_recruitment (2)', 'resprouting_capacity': 'resprouts (V)', 'resprouting_capacity_non_fire_disturbance': 'resprouts_non_fire_disturbance (1)', 'resprouting_capacity_juvenile': 'juvenile_fire_killed (1)', 'fire_time_from_fire_to_flowering': '10 (1); 2.32558139534884 (1)', 'fire_time_from_fire_to_fruiting': '2.7906976744186 (1)'}"
Oxalis latifolia,,,,"{'resprouting_capacity': 'resprouts (1)', 'fire_time_from_fire_to_flowering': '1.86046511627907 (1)'}"
Oxalis pes-caprae,,,,"{'resprouting_capacity': 'resprouts (2)', 'fire_time_from_fire_to_flowering': '6.04651162790698 (1)'}"
Oxalis purpurea,,,,"{'resprouting_capacity': 'resprouts (3)', 'resprouting_capacity_juvenile': 'juvenile_fire_killed (1)'}"
Papaver hybridum,,,,{'resprouting_capacity': 'fire_killed (1)'}
Passiflora edulis,,,,{'fire_time_from_fire_to_fruiting': '34.8837209302326 (1)'}
Passiflora suberosa,,,,"{'post_fire_recruitment': 'post_fire_recruitment (1)', 'resprouting_capacity': 'fire_killed (V)', 'fire_time_from_fire_to_fruiting': '60.9302325581395 (1)'}"
Passiflora subpeltata,,,,"{'post_fire_recruitment': 'post_fire_recruitment (1)', 'resprouting_capacity': 'resprouts (1)'}"
Phyllanthus tenellus,,,,"{'resprouting_capacity': 'fire_killed (1)', 'fire_time_from_fire_to_flowering': '4.18604651162791 (1)'}"
Phytolacca octandra,,,,"{'post_fire_recruitment': 'post_fire_recruitment (2)', 'resprouting_capacity': 'resprouts (V)', 'fire_time_from_fire_to_flowering': '3.48837209302326 (1); 6.74418604651163 (1)', 'fire_time_from_fire_to_fruiting': '6.74418604651163 (1)'}"
Plantago lanceolata,,,,"{'post_fire_recruitment': 'post_fire_recruitment_absent (1)', 'resprouting_capacity': 'resprouts (V)', 'resprouting_capacity_juvenile': 'juvenile_resprout (1)', 'fire_time_from_fire_to_flowering': '11.6279069767442 (1); 12 (1); 2.32558139534884 (1)', 'fire_time_from_fire_to_fruiting': '2.32558139534884 (1)'}"
Veronica arvensis,,,,"{'post_fire_recruitment': 'post_fire_recruitment (1)', 'resprouting_capacity': 'fire_killed (2)'}"
Veronica persica,,,,"{'resprouting_capacity': 'fire_killed (1)', 'fire_time_from_fire_to_flowering': '8.83720930232558 (1)', 'fire_time_from_fire_to_fruiting': '8.83720930232558 (1)'}"
Agrostis capillaris,,,,"{'post_fire_recruitment': 'post_fire_recruitment (1)', 'resprouting_capacity': 'resprouts (1)', 'resprouting_capacity_non_fire_disturbance': 'resprouts_non_fire_disturbance (f)', 'resprouting_capacity_juvenile': 'juvenile_fire_killed (1)', 'resprouting_capacity_proportion_individuals': '1 (f)', 'fire_time_from_fire_to_flowering': '10 (1)'}"
Aira caryophyllea,,,,"{'post_fire_recruitment': 'post_fire_recruitment (1)', 'resprouting_capacity': 'fire_killed (4)', 'resprouting_capacity_non_fire_disturbance': 'resprouts_non_fire_disturbance (f)', 'resprouting_capacity_juvenile': 'juvenile_fire_killed (1)', 'resprouting_capacity_proportion_individuals': '1 (f)', 'fire_time_from_fire_to_flowering': '12 (1)'}"
Aira cupaniana,,,,"{'post_fire_recruitment': 'post_fire_recruitment (2)', 'resprouting_capacity': 'fire_killed (4)', 'resprouting_capacity_non_fire_disturbance': 'resprouts_non_fire_disturbance (f)', 'resprouting_capacity_juvenile': 'juvenile_fire_killed (1)', 'resprouting_capacity_proportion_individuals': '1 (f)', 'fire_time_from_fire_to_flowering': '12 (1)'}"
Andropogon virginicus,,,,"{'post_fire_recruitment': 'post_fire_recruitment (f)', 'resprouting_capacity': 'resprouts (3)', 'resprouting_capacity_non_fire_disturbance': 'resprouts_non_fire_disturbance (f)', 'resprouting_capacity_juvenile': 'juvenile_resprout (f)', 'resprouting_capacity_proportion_individuals': '1 (f)', 'fire_time_from_fire_to_flowering': '12 (1); 3.48837209302326 (1); 4.65116279069767 (1)', 'fire_time_from_fire_to_fruiting': '4.65116279069767 (1)'}"
Anthoxanthum odoratum,,,,"{'post_fire_recruitment': 'post_fire_recruitment (1)', 'resprouting_capacity': 'resprouts (V)', 'resprouting_capacity_non_fire_disturbance': 'resprouts_non_fire_disturbance (f)', 'resprouting_capacity_juvenile': 'juvenile_resprout (1)', 'resprouting_capacity_proportion_individuals': '1 (f)', 'fire_time_from_fire_to_flowering': '12 (f)'}"
Avena fatua,,,,"{'post_fire_recruitment': 'post_fire_recruitment (2)', 'resprouting_capacity': 'fire_killed (V)', 'resprouting_capacity_non_fire_disturbance': 'resprouts_non_fire_disturbance (f)', 'resprouting_capacity_juvenile': 'juvenile_resprout (1)', 'resprouting_capacity_proportion_individuals': '1 (f)', 'fire_time_from_fire_to_flowering': '12 (f)'}"
Avena sativa,,,,"{'post_fire_recruitment': 'post_fire_recruitment (f)', 'resprouting_capacity': 'resprouts (f)', 'resprouting_capacity_non_fire_disturbance': 'resprouts_non_fire_disturbance (f)', 'resprouting_capacity_juvenile': 'juvenile_resprout (f)', 'resprouting_capacity_proportion_individuals': '1 (f)', 'fire_time_from_fire_to_flowering': '5.34883720930233 (1)', 'fire_time_from_fire_to_fruiting': '10 (1)'}"
Avena sterilis,,,,"{'post_fire_recruitment': 'post_fire_recruitment (f)', 'resprouting_capacity': 'resprouts (f)', 'resprouting_capacity_non_fire_disturbance': 'resprouts_non_fire_disturbance (f)', 'resprouting_capacity_juvenile': 'juvenile_resprout (f)', 'resprouting_capacity_proportion_individuals': '1 (f)', 'fire_time_from_fire_to_flowering': '12 (f)'}"
Axonopus compressus,,,,"{'post_fire_recruitment': 'post_fire_recruitment (f)', 'resprouting_capacity': 'resprouts (f)', 'resprouting_capacity_non_fire_disturbance': 'resprouts_non_fire_disturbance (f)', 'resprouting_capacity_juvenile': 'juvenile_resprout (f)', 'resprouting_capacity_proportion_individuals': '1 (f)', 'fire_time_from_fire_to_flowering': '12 (f)'}"
Axonopus fissifolius,,,,"{'post_fire_recruitment': 'post_fire_recruitment (f)', 'resprouting_capacity': 'resprouts (3)', 'resprouting_capacity_non_fire_disturbance': 'resprouts_non_fire_disturbance (f)', 'resprouting_capacity_juvenile': 'juvenile_resprout (f)', 'resprouting_capacity_proportion_individuals': '1 (f)', 'fire_time_from_fire_to_flowering': '12 (f)'}"
Briza maxima,,,,"{'post_fire_recruitment': 'post_fire_recruitment (2)', 'resprouting_capacity': 'fire_killed (6)', 'resprouting_capacity_non_fire_disturbance': 'resprouts_non_fire_disturbance (f)', 'resprouting_capacity_juvenile': 'juvenile_resprout (f)', 'resprouting_capacity_proportion_individuals': '1 (f)', 'fire_time_from_fire_to_flowering': '10 (1); 12.093023255814 (1); 6 (1)', 'fire_time_from_fire_to_fruiting': '11.6279069767442 (1)'}"
Briza minor,,,,"{'post_fire_recruitment': 'post_fire_recruitment (3)', 'resprouting_capacity': 'fire_killed (6)', 'resprouting_capacity_non_fire_disturbance': 'resprouts_non_fire_disturbance (f)', 'resprouting_capacity_juvenile': 'juvenile_resprout (f)', 'resprouting_capacity_proportion_individuals': '1 (f)', 'fire_time_from_fire_to_flowering': '10 (1); 12 (1); 6 (1); 6.51162790697674 (1)', 'fire_time_from_fire_to_fruiting': '10 (1)'}"
Bromus brevis,,,,"{'post_fire_recruitment': 'post_fire_recruitment (f)', 'resprouting_capacity': 'resprouts (f)', 'resprouting_capacity_non_fire_disturbance': 'resprouts_non_fire_disturbance (f)', 'resprouting_capacity_juvenile': 'juvenile_resprout (f)', 'resprouting_capacity_proportion_individuals': '1 (f)', 'fire_time_from_fire_to_flowering': '12 (f)'}"
Bromus catharticus,,,,"{'post_fire_recruitment': 'post_fire_recruitment (f)', 'resprouting_capacity': 'resprouts (1)', 'resprouting_capacity_non_fire_disturbance': 'resprouts_non_fire_disturbance (f)', 'resprouting_capacity_juvenile': 'juvenile_resprout (1)', 'resprouting_capacity_proportion_individuals': '1 (f)', 'fire_time_from_fire_to_flowering': '9.06976744186047 (1)'}"
Bromus diandrus,,,,"{'post_fire_recruitment': 'post_fire_recruitment (1)', 'resprouting_capacity': 'fire_killed (2)', 'resprouting_capacity_non_fire_disturbance': 'resprouts_non_fire_disturbance (f)', 'resprouting_capacity_juvenile': 'juvenile_resprout (f)', 'resprouting_capacity_proportion_individuals': '1 (f)', 'fire_time_from_fire_to_flowering': '9.53488372093023 (1)'}"
Bromus rubens,,,,"{'post_fire_recruitment': 'post_fire_recruitment (1)', 'resprouting_capacity': 'fire_killed (2)', 'resprouting_capacity_non_fire_disturbance': 'resprouts_non_fire_disturbance (f)', 'resprouting_capacity_juvenile': 'juvenile_resprout (f)', 'resprouting_capacity_proportion_individuals': '1 (f)', 'fire_time_from_fire_to_flowering': '12 (f)'}"
Cenchrus clandestinus,,,,"{'post_fire_recruitment': 'post_fire_recruitment (f)', 'resprouting_capacity': 'resprouts (5)', 'resprouting_capacity_non_fire_disturbance': 'resprouts_non_fire_disturbance (f)', 'resprouting_capacity_juvenile': 'juvenile_resprout (f)', 'resprouting_capacity_proportion_individuals': '1 (f)', 'fire_time_from_fire_to_flowering': '12 (f)'}"
Cenchrus longisetus,,,,"{'post_fire_recruitment': 'post_fire_recruitment (f)', 'resprouting_capacity': 'resprouts (1)', 'resprouting_capacity_non_fire_disturbance': 'resprouts_non_fire_disturbance (f)', 'resprouting_capacity_juvenile': 'juvenile_resprout (f)', 'resprouting_capacity_proportion_individuals': '1 (f)', 'fire_time_from_fire_to_flowering': '12 (f)'}"
Cenchrus setaceus,,,,"{'post_fire_recruitment': 'post_fire_recruitment (f)', 'resprouting_capacity': 'resprouts (1)', 'resprouting_capacity_non_fire_disturbance': 'resprouts_non_fire_disturbance (f)', 'resprouting_capacity_juvenile': 'juvenile_resprout (f)', 'resprouting_capacity_proportion_individuals': '1 (f)', 'fire_time_from_fire_to_flowering': '12 (f)'}"
Chloris gayana,,,,"{'post_fire_recruitment': 'post_fire_recruitment (f)', 'resprouting_capacity': 'resprouts (3)', 'resprouting_capacity_non_fire_disturbance': 'resprouts_non_fire_disturbance (f)', 'resprouting_capacity_juvenile': 'juvenile_resprout (f)', 'resprouting_capacity_proportion_individuals': '1 (f)', 'fire_time_from_fire_to_flowering': '12 (1); 3.02325581395349 (1)', 'fire_time_from_fire_to_fruiting': '8.13953488372093 (1)'}"
Chloris virgata,,,,"{'post_fire_recruitment': 'post_fire_recruitment (f)', 'resprouting_capacity': 'fire_killed (2)', 'resprouting_capacity_non_fire_disturbance': 'resprouts_non_fire_disturbance (f)', 'resprouting_capacity_juvenile': 'juvenile_resprout (f)', 'resprouting_capacity_proportion_individuals': '1 (f)', 'fire_time_from_fire_to_flowering': '12 (f)'}"
Cortaderia selloana,,,,"{'post_fire_recruitment': 'post_fire_recruitment (f)', 'resprouting_capacity': 'resprouts (6)', 'resprouting_capacity_non_fire_disturbance': 'resprouts_non_fire_disturbance (f)', 'resprouting_capacity_juvenile': 'juvenile_resprout (f)', 'resprouting_capacity_proportion_individuals': '1 (f)', 'fire_time_from_fire_to_flowering': '4.18604651162791 (1)', 'fire_time_from_fire_to_fruiting': '4.65116279069767 (1)'}"
Dactylis glomerata,,,,"{'post_fire_recruitment': 'post_fire_recruitment (f)', 'resprouting_capacity': 'fire_killed (1); resprouts (1)', 'resprouting_capacity_non_fire_disturbance': 'resprouts_non_fire_disturbance (f)', 'resprouting_capacity_juvenile': 'juvenile_resprout (f)', 'resprouting_capacity_proportion_individuals': '1 (f)', 'fire_time_from_fire_to_flowering': '12 (f)'}"
Digitaria ciliaris,,,,"{'post_fire_recruitment': 'post_fire_recruitment (f)', 'resprouting_capacity': 'fire_killed (2)', 'resprouting_capacity_non_fire_disturbance': 'resprouts_non_fire_disturbance (f)', 'resprouting_capacity_juvenile': 'juvenile_resprout (f)', 'resprouting_capacity_proportion_individuals': '1 (f)', 'fire_time_from_fire_to_flowering': '12 (f)'}"
Digitaria eriantha,,,,"{'post_fire_recruitment': 'post_fire_recruitment (f)', 'resprouting_capacity': 'resprouts (f)', 'resprouting_capacity_non_fire_disturbance': 'resprouts_non_fire_disturbance (f)', 'resprouting_capacity_juvenile': 'juvenile_resprout (f)', 'resprouting_capacity_proportion_individuals': '1 (f)', 'fire_time_from_fire_to_flowering': '12 (f)'}"
Digitaria sanguinalis,,,,"{'post_fire_recruitment': 'post_fire_recruitment (f)', 'resprouting_capacity': 'resprouts (1)', 'resprouting_capacity_non_fire_disturbance': 'resprouts_non_fire_disturbance (f)', 'resprouting_capacity_juvenile': 'juvenile_resprout (f)', 'resprouting_capacity_proportion_individuals': '1 (f)', 'fire_time_from_fire_to_flowering': '12 (f)'}"
Echinochloa crus-galli,,,,"{'post_fire_recruitment': 'post_fire_recruitment (1)', 'resprouting_capacity': 'fire_killed (2)', 'resprouting_capacity_non_fire_disturbance': 'resprouts_non_fire_disturbance (f)', 'resprouting_capacity_juvenile': 'juvenile_resprout (f)', 'resprouting_capacity_proportion_individuals': '1 (f)', 'fire_time_from_fire_to_flowering': '12 (1)'}"
Ehrharta erecta,,,,"{'post_fire_recruitment': 'post_fire_recruitment (1)', 'resprouting_capacity': 'resprouts (4)', 'resprouting_capacity_non_fire_disturbance': 'resprouts_non_fire_disturbance (f)', 'resprouting_capacity_juvenile': 'juvenile_resprout (f)', 'resprouting_capacity_proportion_individuals': '1 (f)', 'fire_time_from_fire_to_flowering': '2.7906976744186 (1)', 'fire_time_from_fire_to_fruiting': '8.83720930232558 (1)'}"
Ehrharta longiflora,,,,"{'post_fire_recruitment': 'post_fire_recruitment (1)', 'resprouting_capacity': 'fire_killed (3)', 'resprouting_capacity_non_fire_disturbance': 'resprouts_non_fire_disturbance (f)', 'resprouting_capacity_juvenile': 'juvenile_resprout (f)', 'resprouting_capacity_proportion_individuals': '1 (f)', 'fire_time_from_fire_to_flowering': '12 (1)'}"
Eleusine indica,,,,"{'post_fire_recruitment': 'post_fire_recruitment (f)', 'resprouting_capacity': 'resprouts (f)', 'resprouting_capacity_non_fire_disturbance': 'resprouts_non_fire_disturbance (f)', 'resprouting_capacity_juvenile': 'juvenile_resprout (f)', 'resprouting_capacity_proportion_individuals': '1 (f)', 'fire_time_from_fire_to_flowering': '3.48837209302326 (1)'}"
Eleusine tristachya,,,,"{'post_fire_recruitment': 'post_fire_recruitment (f)', 'resprouting_capacity': 'resprouts (f)', 'resprouting_capacity_non_fire_disturbance': 'resprouts_non_fire_disturbance (f)', 'resprouting_capacity_juvenile': 'juvenile_resprout (f)', 'resprouting_capacity_proportion_individuals': '1 (f)', 'fire_time_from_fire_to_flowering': '12 (f)'}"
Eragrostis cilianensis,,,,"{'post_fire_recruitment': 'post_fire_recruitment (f)', 'resprouting_capacity': 'resprouts (f)', 'resprouting_capacity_non_fire_disturbance': 'resprouts_non_fire_disturbance (f)', 'resprouting_capacity_juvenile': 'juvenile_resprout (f)', 'resprouting_capacity_proportion_individuals': '1 (f)', 'fire_time_from_fire_to_flowering': '12 (f)'}"
Eragrostis curvula,,,,"{'post_fire_recruitment': 'post_fire_recruitment (f)', 'resprouting_capacity': 'resprouts (V)', 'resprouting_capacity_non_fire_disturbance': 'resprouts_non_fire_disturbance (f)', 'resprouting_capacity_juvenile': 'juvenile_resprout (f)', 'resprouting_capacity_proportion_individuals': '1 (f)', 'fire_time_from_fire_to_flowering': '12 (f)'}"
Hyparrhenia hirta,,,,"{'post_fire_recruitment': 'post_fire_recruitment (1)', 'resprouting_capacity': 'resprouts (1)', 'resprouting_capacity_non_fire_disturbance': 'resprouts_non_fire_disturbance (f)', 'resprouting_capacity_juvenile': 'juvenile_resprout (f)', 'resprouting_capacity_proportion_individuals': '1 (f)', 'fire_time_from_fire_to_flowering': '12 (f)'}"
Lagurus ovatus,,,,"{'post_fire_recruitment': 'post_fire_recruitment (f)', 'resprouting_capacity': 'resprouts (f)', 'resprouting_capacity_non_fire_disturbance': 'resprouts_non_fire_disturbance (f)', 'resprouting_capacity_juvenile': 'juvenile_resprout (f)', 'resprouting_capacity_proportion_individuals': '1 (f)', 'fire_time_from_fire_to_flowering': '12 (f)'}"
Lolium multiflorum,,,,"{'post_fire_recruitment': 'post_fire_recruitment (f)', 'resprouting_capacity': 'resprouts (f)', 'resprouting_capacity_non_fire_disturbance': 'resprouts_non_fire_disturbance (f)', 'resprouting_capacity_juvenile': 'juvenile_resprout (f)', 'resprouting_capacity_proportion_individuals': '1 (f)', 'fire_time_from_fire_to_flowering': '8.83720930232558 (1)'}"
Lolium perenne,,,,"{'post_fire_recruitment': 'post_fire_recruitment (1)', 'resprouting_capacity': 'fire_killed (2)', 'resprouting_capacity_non_fire_disturbance': 'resprouts_non_fire_disturbance (f)', 'resprouting_capacity_juvenile': 'juvenile_resprout (f)', 'resprouting_capacity_proportion_individuals': '1 (f)', 'fire_time_from_fire_to_flowering': '10.2325581395349 (1)'}"
Lolium rigidum,,,,"{'post_fire_recruitment': 'post_fire_recruitment (2)', 'resprouting_capacity': 'fire_killed (4)', 'resprouting_capacity_non_fire_disturbance': 'resprouts_non_fire_disturbance (f)', 'resprouting_capacity_juvenile': 'juvenile_resprout (f)', 'resprouting_capacity_proportion_individuals': '1 (f)', 'fire_time_from_fire_to_flowering': '12 (1)'}"
Megathyrsus maximus,,,,"{'post_fire_recruitment': 'post_fire_recruitment (f)', 'resprouting_capacity': 'resprouts (1)', 'resprouting_capacity_non_fire_disturbance': 'resprouts_non_fire_disturbance (f)', 'resprouting_capacity_juvenile': 'juvenile_resprout (f)', 'resprouting_capacity_proportion_individuals': '1 (f)', 'fire_time_from_fire_to_flowering': '12 (f)'}"
Melinis repens,,,,"{'post_fire_recruitment': 'post_fire_recruitment (f)', 'post_fire_flowering': 'fire_enhanced_flowering (1)', 'resprouting_capacity': 'resprouts (V)', 'resprouting_capacity_non_fire_disturbance': 'resprouts_non_fire_disturbance (f)', 'resprouting_capacity_juvenile': 'juvenile_resprout (f)', 'resprouting_capacity_proportion_individuals': '1 (f)', 'fire_time_from_fire_to_flowering': '4.41860465116279 (1)', 'fire_time_from_fire_to_fruiting': '6.04651162790698 (1)'}"
Nassella neesiana,,,,"{'post_fire_recruitment': 'post_fire_recruitment (1)', 'resprouting_capacity': 'resprouts (3)', 'resprouting_capacity_non_fire_disturbance': 'resprouts_non_fire_disturbance (f)', 'resprouting_capacity_juvenile': 'juvenile_resprout (1)', 'resprouting_capacity_proportion_individuals': '1 (f)', 'fire_time_from_fire_to_flowering': '12 (f)'}"
Parapholis incurva,,,,"{'post_fire_recruitment': 'post_fire_recruitment (f)', 'resprouting_capacity': 'resprouts (f)', 'resprouting_capacity_non_fire_disturbance': 'resprouts_non_fire_disturbance (f)', 'resprouting_capacity_juvenile': 'juvenile_resprout (f)', 'resprouting_capacity_proportion_individuals': '1 (f)', 'fire_time_from_fire_to_flowering': '12 (f)'}"
Paspalum dilatatum,,,,"{'post_fire_recruitment': 'post_fire_recruitment (f)', 'resprouting_capacity': 'resprouts (4)', 'resprouting_capacity_non_fire_disturbance': 'resprouts_non_fire_disturbance (f)', 'resprouting_capacity_juvenile': 'juvenile_fire_killed (1)', 'resprouting_capacity_proportion_individuals': '1 (f)', 'fire_time_from_fire_to_flowering': '12 (1); 2.32558139534884 (1); 3.48837209302326 (1)', 'fire_time_from_fire_to_fruiting': '3.48837209302326 (1)'}"
Paspalum quadrifarium,,,,"{'post_fire_recruitment': 'post_fire_recruitment (f)', 'resprouting_capacity': 'resprouts (3)', 'resprouting_capacity_non_fire_disturbance': 'resprouts_non_fire_disturbance (f)', 'resprouting_capacity_juvenile': 'juvenile_resprout (f)', 'resprouting_capacity_proportion_individuals': '1 (f)', 'fire_time_from_fire_to_flowering': '12 (1); 2.55813953488372 (1); 6.51162790697674 (1)', 'fire_time_from_fire_to_fruiting': '6.51162790697674 (1)'}"
Paspalum urvillei,,,,"{'post_fire_recruitment': 'post_fire_recruitment (f)', 'resprouting_capacity': 'resprouts (3)', 'resprouting_capacity_non_fire_disturbance': 'resprouts_non_fire_disturbance (f)', 'resprouting_capacity_juvenile': 'juvenile_resprout (f)', 'resprouting_capacity_proportion_individuals': '1 (f)', 'fire_time_from_fire_to_flowering': '12 (1); 2.09302325581395 (1)', 'fire_time_from_fire_to_fruiting': '2.09302325581395 (1)'}"
Phalaris aquatica,,,,"{'post_fire_recruitment': 'post_fire_recruitment (f)', 'resprouting_capacity': 'resprouts (f)', 'resprouting_capacity_non_fire_disturbance': 'resprouts_non_fire_disturbance (f)', 'resprouting_capacity_juvenile': 'juvenile_resprout (f)', 'resprouting_capacity_proportion_individuals': '1 (f)', 'fire_time_from_fire_to_flowering': '12 (f)'}"
Phalaris canariensis,,,,"{'post_fire_recruitment': 'post_fire_recruitment (f)', 'resprouting_capacity': 'resprouts (f)', 'resprouting_capacity_non_fire_disturbance': 'resprouts_non_fire_disturbance (f)', 'resprouting_capacity_juvenile': 'juvenile_resprout (f)', 'resprouting_capacity_proportion_individuals': '1 (f)', 'fire_time_from_fire_to_flowering': '12 (f)'}"
Phyllostachys nigra,,,,"{'post_fire_recruitment': 'post_fire_recruitment (f)', 'resprouting_capacity': 'resprouts (f)', 'resprouting_capacity_non_fire_disturbance': 'resprouts_non_fire_disturbance (f)', 'resprouting_capacity_juvenile': 'juvenile_resprout (f)', 'resprouting_capacity_proportion_individuals': '1 (f)', 'fire_time_from_fire_to_flowering': '12 (f)'}"
Poa annua,,,,"{'post_fire_recruitment': 'post_fire_recruitment (f)', 'resprouting_capacity': 'fire_killed (4)', 'resprouting_capacity_non_fire_disturbance': 'resprouts_non_fire_disturbance (f)', 'resprouting_capacity_juvenile': 'juvenile_resprout (f)', 'resprouting_capacity_proportion_individuals': '1 (f)', 'fire_time_from_fire_to_flowering': '6.97674418604651 (1)'}"
Poa pratensis,,,,"{'post_fire_recruitment': 'post_fire_recruitment (f)', 'resprouting_capacity': 'resprouts (1)', 'resprouting_capacity_non_fire_disturbance': 'resprouts_non_fire_disturbance (f)', 'resprouting_capacity_juvenile': 'juvenile_resprout (f)', 'resprouting_capacity_proportion_individuals': '1 (f)', 'fire_time_from_fire_to_flowering': '12 (f)'}"
Polypogon lutosus,,,,"{'post_fire_recruitment': 'post_fire_recruitment (f)', 'resprouting_capacity': 'resprouts (f)', 'resprouting_capacity_non_fire_disturbance': 'resprouts_non_fire_disturbance (f)', 'resprouting_capacity_juvenile': 'juvenile_resprout (f)', 'resprouting_capacity_proportion_individuals': '1 (f)', 'fire_time_from_fire_to_flowering': '12 (f)'}"
Setaria italica,,,,"{'post_fire_recruitment': 'post_fire_recruitment (f)', 'resprouting_capacity': 'resprouts (f)', 'resprouting_capacity_non_fire_disturbance': 'resprouts_non_fire_disturbance (f)', 'resprouting_capacity_juvenile': 'juvenile_resprout (f)', 'resprouting_capacity_proportion_individuals': '1 (f)', 'fire_time_from_fire_to_flowering': '12 (f)'}"
Setaria palmifolia,,,,"{'post_fire_recruitment': 'post_fire_recruitment (f)', 'resprouting_capacity': 'resprouts (3)', 'resprouting_capacity_non_fire_disturbance': 'resprouts_non_fire_disturbance (f)', 'resprouting_capacity_juvenile': 'juvenile_resprout (f)', 'resprouting_capacity_proportion_individuals': '1 (f)', 'fire_time_from_fire_to_flowering': '12 (1); 3.72093023255814 (1)', 'fire_time_from_fire_to_fruiting': '6.97674418604651 (1)'}"
Setaria parviflora,,,,"{'post_fire_recruitment': 'post_fire_recruitment (f)', 'resprouting_capacity': 'resprouts (2)', 'resprouting_capacity_non_fire_disturbance': 'resprouts_non_fire_disturbance (f)', 'resprouting_capacity_juvenile': 'juvenile_resprout (f)', 'resprouting_capacity_proportion_individuals': '1 (f)', 'fire_time_from_fire_to_flowering': '12 (1); 2.09302325581395 (1)', 'fire_time_from_fire_to_fruiting': '2.32558139534884 (1)'}"
Setaria pumila,,,,"{'post_fire_recruitment': 'post_fire_recruitment (f)', 'resprouting_capacity': 'resprouts (f)', 'resprouting_capacity_non_fire_disturbance': 'resprouts_non_fire_disturbance (f)', 'resprouting_capacity_juvenile': 'juvenile_resprout (f)', 'resprouting_capacity_proportion_individuals': '1 (f)', 'fire_time_from_fire_to_flowering': '12 (f)'}"
Sorghum halepense,,,,"{'post_fire_recruitment': 'post_fire_recruitment (f)', 'resprouting_capacity': 'resprouts (1)', 'resprouting_capacity_non_fire_disturbance': 'resprouts_non_fire_disturbance (f)', 'resprouting_capacity_juvenile': 'juvenile_resprout (f)', 'resprouting_capacity_proportion_individuals': '1 (f)', 'fire_time_from_fire_to_flowering': '12 (f)'}"
Sporobolus africanus,,,,"{'post_fire_recruitment': 'post_fire_recruitment (f)', 'resprouting_capacity': 'resprouts (V)', 'resprouting_capacity_non_fire_disturbance': 'resprouts_non_fire_disturbance (f)', 'resprouting_capacity_juvenile': 'juvenile_resprout (f)', 'resprouting_capacity_proportion_individuals': '1 (f)', 'fire_time_from_fire_to_flowering': '4.41860465116279 (1)'}"
Sporobolus fertilis,,,,"{'post_fire_recruitment': 'post_fire_recruitment (f)', 'resprouting_capacity': 'resprouts (f)', 'resprouting_capacity_non_fire_disturbance': 'resprouts_non_fire_disturbance (f)', 'resprouting_capacity_juvenile': 'juvenile_resprout (f)', 'resprouting_capacity_proportion_individuals': '1 (f)', 'fire_time_from_fire_to_flowering': '12 (f)'}"
Stenotaphrum secundatum,,,,"{'post_fire_recruitment': 'post_fire_recruitment (f)', 'resprouting_capacity': 'resprouts (1)', 'resprouting_capacity_non_fire_disturbance': 'resprouts_non_fire_disturbance (f)', 'resprouting_capacity_juvenile': 'juvenile_resprout (f)', 'resprouting_capacity_proportion_individuals': '1 (f)', 'fire_time_from_fire_to_flowering': '12 (f)'}"
Vulpia bromoides,,,,"{'post_fire_recruitment': 'post_fire_recruitment (2)', 'resprouting_capacity': 'fire_killed (6)', 'resprouting_capacity_non_fire_disturbance': 'resprouts_non_fire_disturbance (f)', 'resprouting_capacity_juvenile': 'juvenile_fire_killed (1)', 'resprouting_capacity_proportion_individuals': '1 (f)', 'fire_time_from_fire_to_flowering': '10 (1); 12 (1)'}"
Vulpia muralis,,,,"{'post_fire_recruitment': 'post_fire_recruitment (f)', 'resprouting_capacity': 'resprouts (f)', 'resprouting_capacity_non_fire_disturbance': 'resprouts_non_fire_disturbance (f)', 'resprouting_capacity_juvenile': 'juvenile_resprout (f)', 'resprouting_capacity_proportion_individuals': '1 (f)', 'fire_time_from_fire_to_flowering': '12 (f)'}"
Vulpia myuros,,,,"{'post_fire_recruitment': 'post_fire_recruitment (f)', 'resprouting_capacity': 'fire_killed (3)', 'resprouting_capacity_non_fire_disturbance': 'resprouts_non_fire_disturbance (f)', 'resprouting_capacity_juvenile': 'juvenile_resprout (f)', 'resprouting_capacity_proportion_individuals': '1 (f)', 'fire_time_from_fire_to_flowering': '12 (f)'}"
Polygala myrtifolia,,,,"{'post_fire_recruitment': 'post_fire_recruitment (2)', 'resprouting_capacity': 'fire_killed (2)', 'fire_time_from_fire_to_flowering': '33.0232558139535 (1)'}"
Polygala virgata,,,,"{'resprouting_capacity': 'fire_killed (2)', 'fire_time_from_fire_to_flowering': '24.1860465116279 (1); 33.0232558139535 (1); 36.2790697674419 (1)', 'fire_time_from_fire_to_fruiting': '33.0232558139535 (1)'}"
Persicaria capitata,,,,"{'resprouting_capacity': 'resprouts (1)', 'fire_time_from_fire_to_flowering': '4.41860465116279 (1)'}"
Polygonum aviculare,,,,"{'post_fire_recruitment': 'post_fire_recruitment (1)', 'resprouting_capacity': 'fire_killed (1); resprouts (1)', 'resprouting_capacity_juvenile': 'juvenile_fire_killed (1)'}"
Rumex conglomeratus,,,,"{'resprouting_capacity': 'resprouts (2)', 'fire_time_from_fire_to_fruiting': '11.6279069767442 (1)'}"
Rumex crispus,,,,"{'resprouting_capacity': 'resprouts (2)', 'fire_time_from_fire_to_flowering': '9.53488372093023 (1)', 'fire_time_from_fire_to_fruiting': '11.8604651162791 (1)'}"
Lysimachia arvensis,,,,"{'post_fire_recruitment': 'post_fire_recruitment (1)', 'resprouting_capacity': 'fire_killed (4)', 'resprouting_capacity_juvenile': 'juvenile_fire_killed (1)', 'fire_time_from_fire_to_flowering': '10 (1); 8.6046511627907 (1)', 'fire_time_from_fire_to_fruiting': '11.6279069767442 (1)'}"
Grevillea banksii,,,,"{'post_fire_recruitment': 'post_fire_recruitment (f)', 'resprouting_capacity': 'resprouts (f)', 'resprouting_capacity_non_fire_disturbance': 'resprouts_non_fire_disturbance (f)'}"
Ranunculus muricatus,,,,{'post_fire_recruitment': 'post_fire_recruitment (1)'}
Ranunculus repens,,,,"{'resprouting_capacity': 'resprouts (2)', 'fire_time_from_fire_to_flowering': '12 (1); 12.093023255814 (1); 9.06976744186047 (1)', 'fire_time_from_fire_to_fruiting': '10.2325581395349 (1)'}"
Prunus persica,,,,"{'post_fire_recruitment': 'post_fire_recruitment (1)', 'resprouting_capacity': 'resprouts (2)'}"
Rosa bracteata,,,,{'resprouting_capacity': 'resprouts (f)'}
Rosa rubiginosa,,,,"{'post_fire_recruitment': 'post_fire_recruitment (1)', 'resprouting_capacity': 'resprouts (1)', 'resprouting_capacity_juvenile': 'juvenile_resprout (1)'}"
Galium aparine,,,,"{'post_fire_recruitment': 'post_fire_recruitment (1)', 'resprouting_capacity': 'fire_killed (1)', 'fire_time_from_fire_to_flowering': '10.2325581395349 (1); 12.093023255814 (1)', 'fire_time_from_fire_to_fruiting': '10.2325581395349 (1)'}"
Richardia stellaris,,,,"{'resprouting_capacity': 'resprouts (1)', 'fire_time_from_fire_to_fruiting': '5.81395348837209 (1)'}"
Sherardia arvensis,,,,{'post_fire_recruitment': 'post_fire_recruitment (1)'}
Murraya paniculata,,,,"{'post_fire_recruitment': 'post_fire_recruitment (f)', 'resprouting_capacity': 'fire_killed (1); partial_resprouting (1); resprouts (1)'}"
Populus alba,,,,{'resprouting_capacity': 'resprouts (1)'}
Salix babylonica,,,,"{'resprouting_capacity': 'fire_killed (1); resprouts (1)', 'resprouting_capacity_juvenile': 'juvenile_resprout (1)'}"
Acer negundo,,,,{'resprouting_capacity': 'resprouts (1)'}
Cardiospermum grandiflorum,,,,"{'resprouting_capacity': 'resprouts (1)', 'fire_time_from_fire_to_flowering': '14.6511627906977 (1)', 'fire_time_from_fire_to_fruiting': '20.6976744186047 (1)'}"
Verbascum virgatum,,,,"{'post_fire_recruitment': 'post_fire_recruitment (1)', 'resprouting_capacity': 'resprouts (V)', 'resprouting_capacity_juvenile': 'juvenile_fire_killed (1)', 'fire_time_from_fire_to_flowering': '20 (1)', 'fire_time_from_fire_to_fruiting': '11.8604651162791 (1)'}"
Ailanthus altissima,,,,"{'post_fire_recruitment': 'post_fire_recruitment (1)', 'resprouting_capacity': 'resprouts (3)'}"
Cestrum parqui,,,,"{'resprouting_capacity': 'resprouts (2)', 'fire_time_from_fire_to_flowering': '12 (1); 12.093023255814 (1); 9.53488372093023 (1)', 'fire_time_from_fire_to_fruiting': '11.8604651162791 (1)'}"
Datura stramonium,,,,"{'fire_time_from_fire_to_flowering': '1.86046511627907 (1)', 'fire_time_from_fire_to_fruiting': '2.7906976744186 (1)'}"
Lycium ferocissimum,,,,"{'post_fire_recruitment': 'post_fire_recruitment (1)', 'resprouting_capacity': 'resprouts (5)', 'resprouting_capacity_juvenile': 'juvenile_resprout (1)'}"
Physalis peruviana,,,,"{'post_fire_recruitment': 'post_fire_recruitment (1)', 'resprouting_capacity': 'partial_resprouting (1)', 'fire_time_from_fire_to_flowering': '32.5581395348837 (1)', 'fire_time_from_fire_to_fruiting': '32.5581395348837 (1)'}"
Salpichroa origanifolia,,,,{'resprouting_capacity': 'resprouts (1)'}
Solanum americanum,,,,"{'resprouting_capacity': 'fire_killed (2)', 'fire_time_from_fire_to_flowering': '8.6046511627907 (1)', 'fire_time_from_fire_to_fruiting': '8.6046511627907 (1)'}"
Solanum chenopodioides,,,,"{'resprouting_capacity': 'resprouts (1)', 'fire_time_from_fire_to_flowering': '1.62790697674419 (1)', 'fire_time_from_fire_to_fruiting': '11.6279069767442 (1)'}"
Solanum mauritianum,,,,"{'post_fire_recruitment': 'post_fire_recruitment_absent (1)', 'resprouting_capacity': 'resprouts (V)', 'fire_time_from_fire_to_flowering': '12 (1); 12.093023255814 (1); 8.37209302325581 (1)', 'fire_time_from_fire_to_fruiting': '9.53488372093023 (1)'}"
Tropaeolum majus,,,,"{'fire_time_from_fire_to_flowering': '6.04651162790698 (1)', 'fire_time_from_fire_to_fruiting': '6.04651162790698 (1)'}"
Celtis australis,,,,{'resprouting_capacity': 'resprouts (1)'}
Urtica urens,,,,{'resprouting_capacity': 'fire_killed (3)'}
Lantana camara,,,,"{'post_fire_recruitment': 'post_fire_recruitment (1)', 'resprouting_capacity': 'resprouts (V)', 'fire_time_from_fire_to_flowering': '3.72093023255814 (1)', 'fire_time_from_fire_to_fruiting': '4.65116279069767 (1)'}"
Verbena bonariensis,,,,"{'post_fire_recruitment': 'post_fire_recruitment (1)', 'resprouting_capacity': 'resprouts (2)', 'fire_time_from_fire_to_flowering': '8.6046511627907 (1)', 'fire_time_from_fire_to_fruiting': '13.0232558139535 (1)'}"
Verbena litoralis,,,,"{'resprouting_capacity': 'resprouts (1)', 'fire_time_from_fire_to_flowering': '1.62790697674419 (1)', 'fire_time_from_fire_to_fruiting': '2.32558139534884 (1)'}"
Verbena officinalis,,,,{'resprouting_capacity': 'fire_killed (1)'}
Viola odorata,,,,{'resprouting_capacity': 'resprouts (1)'}
Hedychium gardnerianum,,,,"{'resprouting_capacity': 'resprouts (2)', 'fire_time_from_fire_to_fruiting': '20.4651162790698 (1)'}"
Solanum nigrum,,,,"{'post_fire_recruitment': 'post_fire_recruitment (V)', 'resprouting_capacity': 'fire_killed (8)', 'fire_time_from_fire_to_flowering': '12 (1)'}"
Rubus ulmifolius,,,,{'resprouting_capacity': 'resprouts (1)'}
Ipomoea cairica,,,,{'resprouting_capacity': 'resprouts (2)'}
Sisyrinchium rosulatum,,,,"{'resprouting_capacity': 'fire_killed (2)', 'fire_time_from_fire_to_flowering': '9.76744186046512 (1)', 'fire_time_from_fire_to_fruiting': '10.2325581395349 (1)'}"
Hibbertia fumana,,,,"{'resprouting_capacity': 'resprouts (g)', 'resprouting_capacity_non_fire_disturbance': 'resprouts_non_fire_disturbance (g)'}"
Rhodamnia rubescens,,,,"{'post_fire_recruitment': 'post_fire_recruitment_absent (2)', 'resprouting_capacity': 'resprouts (7)', 'resprouting_capacity_non_fire_disturbance': 'resprouts_non_fire_disturbance (f)', 'resprouting_capacity_juvenile': 'juvenile_fire_killed (f)'}"
Hibbertia stricta,,,,"{'post_fire_recruitment': 'post_fire_recruitment (1)', 'resprouting_capacity': 'resprouts (3)', 'resprouting_capacity_non_fire_disturbance': 'resprouts_non_fire_disturbance (2)'}"
Acacia terminalis,,,,"{'post_fire_recruitment': 'post_fire_recruitment (3)', 'resprouting_capacity': 'fire_killed (V)', 'resprouting_capacity_non_fire_disturbance': 'resprouts_non_fire_disturbance (f)', 'resprouting_capacity_juvenile': 'juvenile_fire_killed (1)', 'fire_time_from_fire_to_flowering': '21.1627906976744 (1); 36.2790697674419 (1)', 'fire_time_from_fire_to_fruiting': '34.6511627906977 (1)', 'fire_time_from_fire_to_peak_flowering': '36 (1); 48 (1)'}"
Caesia parviflora,,,,"{'post_fire_recruitment': 'post_fire_recruitment_absent (1)', 'resprouting_capacity': 'resprouts (6)', 'resprouting_capacity_non_fire_disturbance': 'resprouts_non_fire_disturbance (1)', 'resprouting_capacity_juvenile': 'juvenile_resprout (1)', 'fire_time_from_fire_to_flowering': '12 (1); 12.093023255814 (1); 6 (1); 8.6046511627907 (1)', 'fire_time_from_fire_to_fruiting': '11.3953488372093 (1)', 'fire_time_from_fire_to_50_percent_flowering': '9.76744186046512 (1)'}"
Deyeuxia appressa,,,,"{'post_fire_recruitment': 'post_fire_recruitment (f)', 'resprouting_capacity': 'resprouts (f)', 'resprouting_capacity_non_fire_disturbance': 'resprouts_non_fire_disturbance (f)', 'resprouting_capacity_juvenile': 'juvenile_resprout (f)', 'resprouting_capacity_proportion_individuals': '1 (f)', 'fire_time_from_fire_to_flowering': '12 (f)'}"
Persoonia nutans,,,,"{'post_fire_recruitment': 'post_fire_recruitment (f)', 'resprouting_capacity': 'fire_killed (1)', 'resprouting_capacity_non_fire_disturbance': 'resprouts_non_fire_disturbance (f)'}"
Pimelea spicata,,,,"{'post_fire_recruitment': 'post_fire_recruitment (1)', 'resprouting_capacity': 'resprouts (1)', 'fire_time_from_fire_to_flowering': '2.4 (1); 3.6 (1)'}"
Pomaderris brunnea,,,,"{'post_fire_recruitment': 'post_fire_recruitment (1)', 'resprouting_capacity': 'fire_killed (3)', 'resprouting_capacity_juvenile': 'juvenile_fire_killed (1)'}"
Pultenaea pedunculata,,,,"{'post_fire_recruitment': 'post_fire_recruitment (f)', 'resprouting_capacity': 'fire_killed (1); resprouts (1)', 'resprouting_capacity_non_fire_disturbance': 'resprouts_non_fire_disturbance (f)', 'resprouting_capacity_juvenile': 'juvenile_fire_killed (f)'}"
Pterostylis gibbosa,,,,"{'post_fire_recruitment': 'post_fire_recruitment_absent (f)', 'post_fire_flowering': 'fire_enhanced_flowering (f)', 'resprouting_capacity': 'resprouts (1)', 'resprouting_capacity_non_fire_disturbance': 'resprouts_non_fire_disturbance (g)', 'resprouting_capacity_juvenile': 'juvenile_resprout (f)', 'fire_time_from_fire_to_flowering': '12 (f)'}"
Phaius australis,,,,"{'post_fire_recruitment': 'post_fire_recruitment_absent (f)', 'post_fire_flowering': 'fire_enhanced_flowering (f)', 'resprouting_capacity': 'resprouts (f)', 'resprouting_capacity_non_fire_disturbance': 'resprouts_non_fire_disturbance (f)', 'resprouting_capacity_juvenile': 'juvenile_resprout (f)', 'fire_time_from_fire_to_flowering': '12 (f)'}"
Eucalyptus scoparia,,,,"{'post_fire_recruitment': 'post_fire_recruitment (g)', 'resprouting_capacity': 'resprouts (1)', 'resprouting_capacity_non_fire_disturbance': 'resprouts_non_fire_disturbance (f)', 'resprouting_capacity_juvenile': 'juvenile_fire_killed (f)'}"
Sarcochilus hartmannii,,,,"{'post_fire_recruitment': 'post_fire_recruitment_absent (f)', 'post_fire_flowering': 'fire_enhanced_flowering (f)', 'resprouting_capacity': 'fire_killed (1)', 'resprouting_capacity_non_fire_disturbance': 'resprouts_non_fire_disturbance (f)', 'resprouting_capacity_juvenile': 'juvenile_resprout (f)', 'fire_time_from_fire_to_flowering': '12 (f)'}"
Bulbophyllum globuliforme,,,,"{'post_fire_recruitment': 'post_fire_recruitment_absent (f)', 'post_fire_flowering': 'fire_enhanced_flowering (f)', 'resprouting_capacity': 'fire_killed (1)', 'resprouting_capacity_non_fire_disturbance': 'resprouts_non_fire_disturbance (f)', 'resprouting_capacity_juvenile': 'juvenile_resprout (f)', 'fire_time_from_fire_to_flowering': '12 (f)'}"
Eucalyptus camfieldii,,,,"{'post_fire_recruitment': 'post_fire_recruitment (g)', 'resprouting_capacity': 'resprouts (3)', 'resprouting_capacity_non_fire_disturbance': 'resprouts_non_fire_disturbance (f)', 'resprouting_capacity_juvenile': 'juvenile_fire_killed (f)'}"
Hakea archaeoides,,,,"{'post_fire_recruitment': 'post_fire_recruitment (1)', 'resprouting_capacity': 'resprouts (f)', 'resprouting_capacity_non_fire_disturbance': 'resprouts_non_fire_disturbance (f)'}"
Syzygium moorei,,,,"{'post_fire_recruitment': 'post_fire_recruitment (f)', 'resprouting_capacity': 'resprouts (f)', 'resprouting_capacity_non_fire_disturbance': 'resprouts_non_fire_disturbance (f)', 'resprouting_capacity_juvenile': 'juvenile_fire_killed (f)'}"
Eucalyptus caleyi,,,,"{'post_fire_recruitment': 'post_fire_recruitment (1)', 'resprouting_capacity': 'resprouts (1)', 'resprouting_capacity_non_fire_disturbance': 'resprouts_non_fire_disturbance (f)', 'resprouting_capacity_juvenile': 'juvenile_fire_killed (f)'}"
Acacia hispidula,,,,"{'post_fire_recruitment': 'post_fire_recruitment (1)', 'resprouting_capacity': 'fire_killed (3)', 'resprouting_capacity_non_fire_disturbance': 'resprouts_non_fire_disturbance (f)', 'resprouting_capacity_juvenile': 'juvenile_fire_killed (g)', 'fire_time_from_fire_to_flowering': '14.1860465116279 (1); 36.2790697674419 (1)', 'fire_time_from_fire_to_fruiting': '28.8372093023256 (1)'}"
Acacia pycnantha,,,,"{'post_fire_recruitment': 'post_fire_recruitment (4)', 'resprouting_capacity': 'fire_killed (V)', 'resprouting_capacity_non_fire_disturbance': 'resprouts_non_fire_disturbance (f)', 'resprouting_capacity_juvenile': 'juvenile_fire_killed (1)'}"
Acianthus pusillus,,,,"{'post_fire_recruitment': 'post_fire_recruitment_absent (1)', 'post_fire_flowering': 'fire_enhanced_flowering (1)', 'resprouting_capacity': 'resprouts (4)', 'resprouting_capacity_non_fire_disturbance': 'resprouts_non_fire_disturbance (1)', 'resprouting_capacity_juvenile': 'juvenile_resprout (1)', 'fire_time_from_fire_to_flowering': '12 (1); 3.72093023255814 (1)', 'fire_time_from_fire_to_fruiting': '6.04651162790698 (1)'}"
Alisma plantago-aquatica,,,,"{'resprouting_capacity': 'resprouts (1)', 'resprouting_capacity_juvenile': 'juvenile_resprout (1)'}"
Amyema congener,,,,"{'post_fire_recruitment': 'post_fire_recruitment_absent (2)', 'resprouting_capacity': 'fire_killed (3)'}"
Aphanopetalum resinosum,,,,"{'post_fire_recruitment': 'post_fire_recruitment_absent (1)', 'resprouting_capacity': 'resprouts (V)', 'resprouting_capacity_non_fire_disturbance': 'resprouts_non_fire_disturbance (1)'}"
Aristida calycina,,,,"{'post_fire_recruitment': 'post_fire_recruitment (f)', 'resprouting_capacity': 'resprouts (1)', 'resprouting_capacity_non_fire_disturbance': 'resprouts_non_fire_disturbance (f)', 'resprouting_capacity_juvenile': 'juvenile_resprout (f)', 'resprouting_capacity_proportion_individuals': '1 (f)', 'fire_time_from_fire_to_flowering': '12 (f)'}"
Austrostipa verticillata,,,,"{'post_fire_recruitment': 'post_fire_recruitment (f)', 'resprouting_capacity': 'resprouts (2)', 'resprouting_capacity_non_fire_disturbance': 'resprouts_non_fire_disturbance (2)', 'resprouting_capacity_juvenile': 'juvenile_resprout (f)', 'resprouting_capacity_proportion_individuals': '1 (f)', 'fire_time_from_fire_to_flowering': '12 (f)'}"
Baeckea linifolia,,,,"{'post_fire_recruitment': 'post_fire_recruitment (f)', 'resprouting_capacity': 'resprouts (4)', 'resprouting_capacity_non_fire_disturbance': 'resprouts_non_fire_disturbance (f)', 'resprouting_capacity_juvenile': 'juvenile_fire_killed (f)', 'fire_time_from_fire_to_flowering': '36.2790697674419 (1); 37.4418604651163 (1); 42 (1); 48.3720930232558 (1)', 'fire_time_from_fire_to_fruiting': '44.1860465116279 (1)'}"
Bauera rubioides,,,,"{'post_fire_recruitment': 'post_fire_recruitment (1)', 'resprouting_capacity': 'resprouts (V)', 'resprouting_capacity_non_fire_disturbance': 'resprouts_non_fire_disturbance (2)', 'resprouting_capacity_juvenile': 'juvenile_fire_killed (1)', 'fire_time_from_fire_to_flowering': '20.9302325581395 (1); 48.3720930232558 (1)', 'fire_time_from_fire_to_fruiting': '46.046511627907 (1)'}"
Bossiaea ensata,,,,"{'post_fire_recruitment': 'post_fire_recruitment (1); post_fire_recruitment_absent (1)', 'resprouting_capacity': 'resprouts (V)', 'resprouting_capacity_non_fire_disturbance': 'resprouts_non_fire_disturbance (f)', 'resprouting_capacity_juvenile': 'juvenile_fire_killed (f)', 'fire_time_from_fire_to_flowering': '3.6 (1)'}"
Bothriochloa decipiens,,,,"{'post_fire_recruitment': 'post_fire_recruitment (f)', 'resprouting_capacity': 'resprouts (1)', 'resprouting_capacity_non_fire_disturbance': 'resprouts_non_fire_disturbance (1)', 'resprouting_capacity_juvenile': 'juvenile_resprout (f)', 'resprouting_capacity_proportion_individuals': '1 (f)', 'fire_time_from_fire_to_flowering': '12 (f)'}"
Brachyscome graminea,,,,"{'post_fire_recruitment': 'post_fire_recruitment (f)', 'resprouting_capacity': 'resprouts (7)', 'resprouting_capacity_non_fire_disturbance': 'resprouts_non_fire_disturbance (6)', 'resprouting_capacity_juvenile': 'juvenile_fire_killed (f)', 'fire_time_from_fire_to_flowering': '2.55813953488372 (1); 3.72093023255814 (1)', 'fire_time_from_fire_to_fruiting': '3.72093023255814 (1)'}"
Caladenia alata,,,,"{'post_fire_recruitment': 'post_fire_recruitment_absent (f)', 'post_fire_flowering': 'fire_enhanced_flowering (f)', 'resprouting_capacity': 'resprouts (4)', 'resprouting_capacity_non_fire_disturbance': 'resprouts_non_fire_disturbance (2)', 'resprouting_capacity_juvenile': 'juvenile_resprout (1)', 'fire_time_from_fire_to_flowering': '12 (f)'}"
Caladenia fuscata,,,,"{'post_fire_recruitment': 'post_fire_recruitment_absent (f)', 'post_fire_flowering': 'fire_enhanced_flowering (1)', 'resprouting_capacity': 'resprouts (2)', 'resprouting_capacity_non_fire_disturbance': 'resprouts_non_fire_disturbance (1)', 'resprouting_capacity_juvenile': 'juvenile_resprout (1)', 'fire_time_from_fire_to_flowering': '12 (f)'}"
Caleana major,,,,"{'post_fire_recruitment': 'post_fire_recruitment_absent (f)', 'post_fire_flowering': 'fire_enhanced_flowering (1)', 'resprouting_capacity': 'resprouts (5)', 'resprouting_capacity_non_fire_disturbance': 'resprouts_non_fire_disturbance (1)', 'resprouting_capacity_juvenile': 'juvenile_resprout (1)', 'fire_time_from_fire_to_flowering': '12 (1); 8.6046511627907 (1)', 'fire_time_from_fire_to_fruiting': '11.3953488372093 (1)'}"
Calochilus gracillimus,,,,"{'post_fire_recruitment': 'post_fire_recruitment_absent (f)', 'post_fire_flowering': 'fire_enhanced_flowering (f)', 'resprouting_capacity': 'fire_killed (1)', 'resprouting_capacity_non_fire_disturbance': 'resprouts_non_fire_disturbance (f)', 'resprouting_capacity_juvenile': 'juvenile_resprout (f)', 'fire_time_from_fire_to_flowering': '12 (f)'}"
Calochilus robertsonii,,,,"{'post_fire_recruitment': 'post_fire_recruitment_absent (f)', 'post_fire_flowering': 'fire_enhanced_flowering (f)', 'resprouting_capacity': 'resprouts (5)', 'resprouting_capacity_non_fire_disturbance': 'resprouts_non_fire_disturbance (1)', 'resprouting_capacity_juvenile': 'juvenile_resprout (1)', 'fire_time_from_fire_to_flowering': '12 (1); 9.06976744186047 (1)'}"
Calytrix tetragona,,,,"{'post_fire_recruitment': 'post_fire_recruitment (2)', 'resprouting_capacity': 'resprouts (V)', 'resprouting_capacity_non_fire_disturbance': 'resprouts_non_fire_disturbance (5)', 'resprouting_capacity_juvenile': 'juvenile_fire_killed (1)', 'fire_time_from_fire_to_flowering': '32.3255813953488 (1); 36.2790697674419 (1); 48.3720930232558 (1)', 'fire_time_from_fire_to_peak_flowering': '48 (1)'}"
Anthosachne kingiana,,,,"{'resprouting_capacity': 'resprouts (1)', 'resprouting_capacity_non_fire_disturbance': 'resprouts_non_fire_disturbance (1)'}"
Acacia podalyriifolia,,,,"{'post_fire_recruitment': 'post_fire_recruitment (3)', 'resprouting_capacity': 'fire_killed (5)', 'resprouting_capacity_non_fire_disturbance': 'resprouts_non_fire_disturbance (f)', 'resprouting_capacity_juvenile': 'juvenile_fire_killed (g)', 'fire_time_from_fire_to_flowering': '28.8372093023256 (1); 36.2790697674419 (1)', 'fire_time_from_fire_to_fruiting': '35.8139534883721 (1)'}"
Cissus antarctica,,,,"{'post_fire_recruitment': 'post_fire_recruitment_absent (1)', 'resprouting_capacity': 'resprouts (1)'}"
Cissus hypoglauca,,,,"{'post_fire_recruitment': 'post_fire_recruitment_absent (2)', 'resprouting_capacity': 'resprouts (6)'}"
Cladium procerum,,,,"{'resprouting_capacity': 'resprouts (1)', 'resprouting_capacity_non_fire_disturbance': 'resprouts_non_fire_disturbance (1)', 'resprouting_capacity_juvenile': 'juvenile_fire_killed (f)'}"
Correa reflexa,,,,"{'post_fire_recruitment': 'post_fire_recruitment (2)', 'resprouting_capacity': 'fire_killed (6); resprouts (6)', 'resprouting_capacity_juvenile': 'juvenile_fire_killed (1)', 'fire_time_from_fire_to_flowering': '24 (1); 24.1860465116279 (1); 30.4651162790698 (1)', 'fire_time_from_fire_to_fruiting': '20.6976744186047 (1); 60 (1)', 'fire_time_from_fire_to_peak_flowering': '48 (1); 60 (1)'}"
Poa sieberiana,,,,"{'post_fire_recruitment': 'post_fire_recruitment (f)', 'resprouting_capacity': 'partial_resprouting (V)', 'resprouting_capacity_non_fire_disturbance': 'resprouts_non_fire_disturbance (f)', 'resprouting_capacity_juvenile': 'juvenile_resprout (1)', 'resprouting_capacity_proportion_individuals': '0.6 (V)', 'fire_time_from_fire_to_flowering': '12 (f)'}"
Veronica plebeia,,,,"{'resprouting_capacity': 'resprouts (3)', 'resprouting_capacity_non_fire_disturbance': 'resprouts_non_fire_disturbance (1)', 'resprouting_capacity_juvenile': 'juvenile_fire_killed (1)', 'fire_time_from_fire_to_flowering': '9.06976744186047 (1)', 'fire_time_from_fire_to_fruiting': '10.2325581395349 (1)'}"
Viminaria juncea,,,,"{'post_fire_recruitment': 'post_fire_recruitment (1)', 'resprouting_capacity': 'fire_killed (8)', 'resprouting_capacity_non_fire_disturbance': 'resprouts_non_fire_disturbance (f)', 'resprouting_capacity_juvenile': 'juvenile_fire_killed (1)', 'fire_time_from_fire_to_flowering': '21.1627906976744 (1); 24.1860465116279 (1)', 'fire_time_from_fire_to_fruiting': '23.2558139534884 (1)', 'fire_time_from_fire_to_peak_flowering': '24 (1); 60 (1)'}"
Viola hederacea,,,,"{'post_fire_recruitment': 'post_fire_recruitment (1)', 'resprouting_capacity': 'resprouts (V)', 'resprouting_capacity_non_fire_disturbance': 'resprouts_non_fire_disturbance (10)', 'resprouting_capacity_juvenile': 'juvenile_resprout (1)', 'fire_time_from_fire_to_flowering': '12 (1); 2.32558139534884 (1)', 'fire_time_from_fire_to_fruiting': '8.83720930232558 (1)'}"
Vittadinia cuneata,,,,"{'post_fire_recruitment': 'post_fire_recruitment (1)', 'resprouting_capacity': 'fire_killed (V)', 'resprouting_capacity_non_fire_disturbance': 'resprouts_non_fire_disturbance (f)', 'resprouting_capacity_juvenile': 'juvenile_fire_killed (1)', 'fire_time_from_fire_to_flowering': '12 (1)'}"
Vittadinia sulcata,,,,"{'post_fire_recruitment': 'post_fire_recruitment (f)', 'resprouting_capacity': 'fire_killed (1)', 'resprouting_capacity_non_fire_disturbance': 'resprouts_non_fire_disturbance (f)', 'resprouting_capacity_juvenile': 'juvenile_fire_killed (f)', 'fire_time_from_fire_to_flowering': '12 (f)'}"
Wahlenbergia capillaris,,,,"{'resprouting_capacity': 'resprouts (V)', 'resprouting_capacity_non_fire_disturbance': 'resprouts_non_fire_disturbance (2)', 'resprouting_capacity_juvenile': 'juvenile_fire_killed (1)', 'fire_time_from_fire_to_flowering': '6 (1); 8.83720930232558 (1)', 'fire_time_from_fire_to_fruiting': '10 (1)'}"
Wahlenbergia gracilis,,,,"{'post_fire_recruitment': 'post_fire_recruitment (1)', 'resprouting_capacity': 'fire_killed (2); resprouts (2)', 'resprouting_capacity_non_fire_disturbance': 'resprouts_non_fire_disturbance (1)', 'fire_time_from_fire_to_flowering': '3.48837209302326 (1); 6 (1)', 'fire_time_from_fire_to_fruiting': '5.34883720930233 (1)'}"
Wahlenbergia stricta,,,,"{'post_fire_recruitment': 'post_fire_recruitment (1)', 'resprouting_capacity': 'resprouts (1)', 'resprouting_capacity_juvenile': 'juvenile_fire_killed (1)'}"
Westringia fruticosa,,,,{'resprouting_capacity': 'resprouts (2)'}
Westringia longifolia,,,,{'resprouting_capacity': 'fire_killed (1)'}
Woollsia pungens,,,,"{'post_fire_recruitment': 'post_fire_recruitment (2)', 'resprouting_capacity': 'fire_killed (V)', 'fire_time_from_fire_to_flowering': '27.906976744186 (1)'}"
Xanthorrhoea arborea,,,,"{'post_fire_recruitment': 'post_fire_recruitment_absent (1)', 'resprouting_capacity': 'resprouts (4)', 'fire_time_from_fire_to_flowering': '11.8604651162791 (1); 24 (1); 24.1860465116279 (1); 8.13953488372093 (1)', 'fire_time_from_fire_to_fruiting': '23.2558139534884 (1)', 'fire_time_from_fire_to_peak_flowering': '12 (1)'}"
Xanthorrhoea concava,,,,"{'resprouting_capacity': 'resprouts (3)', 'resprouting_capacity_non_fire_disturbance': 'resprouts_non_fire_disturbance (1)'}"
Xanthorrhoea media,,,,"{'post_fire_recruitment': 'post_fire_recruitment_absent (1)', 'resprouting_capacity': 'resprouts (5)', 'fire_time_from_fire_to_flowering': '13.0232558139535 (1); 14.6511627906977 (1); 15 (1); 2.4 (1); 3.95348837209302 (1); 9.06976744186047 (1)', 'fire_time_from_fire_to_fruiting': '13.0232558139535 (1)', 'fire_time_from_fire_to_peak_flowering': '12 (1)'}"
Xanthorrhoea minor,,,,"{'resprouting_capacity': 'resprouts (1)', 'resprouting_capacity_non_fire_disturbance': 'resprouts_non_fire_disturbance (1)', 'fire_time_from_fire_to_flowering': '8.83720930232558 (1)'}"
Xanthorrhoea resinosa,,,,"{'post_fire_recruitment': 'post_fire_recruitment_absent (1)', 'resprouting_capacity': 'resprouts (5)', 'fire_time_from_fire_to_flowering': '10 (1); 12 (1)'}"
Xanthosia pilosa,,,,"{'post_fire_recruitment': 'post_fire_recruitment (1); post_fire_recruitment_absent (1)', 'resprouting_capacity': 'resprouts (V)', 'resprouting_capacity_non_fire_disturbance': 'resprouts_non_fire_disturbance (5)', 'fire_time_from_fire_to_flowering': '19.7674418604651 (1)', 'fire_time_from_fire_to_peak_flowering': '48 (1)'}"
Xanthosia tridentata,,,,"{'post_fire_recruitment': 'post_fire_recruitment_absent (1)', 'resprouting_capacity': 'fire_killed (V)', 'resprouting_capacity_non_fire_disturbance': 'resprouts_non_fire_disturbance (1)'}"
Xylomelum pyriforme,,,,"{'post_fire_recruitment': 'post_fire_recruitment (1)', 'resprouting_capacity': 'resprouts (4)', 'resprouting_capacity_non_fire_disturbance': 'resprouts_non_fire_disturbance (f)', 'fire_time_from_fire_to_flowering': '24.1860465116279 (1); 36.2790697674419 (1); 9.06976744186047 (1)', 'fire_time_from_fire_to_fruiting': '30.9302325581395 (1)'}"
Zieria pilosa,,,,"{'post_fire_recruitment': 'post_fire_recruitment (1)', 'resprouting_capacity': 'fire_killed (V)', 'fire_time_from_fire_to_flowering': '14.6511627906977 (1); 24.1860465116279 (1)', 'fire_time_from_fire_to_fruiting': '19.7674418604651 (1)', 'fire_time_from_fire_to_50_percent_flowering': '19.7674418604651 (1)'}"
Zoysia macrantha,,,,"{'post_fire_recruitment': 'post_fire_recruitment (f)', 'resprouting_capacity': 'partial_resprouting (V)', 'resprouting_capacity_non_fire_disturbance': 'resprouts_non_fire_disturbance (1)', 'resprouting_capacity_juvenile': 'juvenile_resprout (1)', 'resprouting_capacity_proportion_individuals': '1 (3)', 'fire_time_from_fire_to_flowering': '12 (f)'}"
Sambucus australasica,,,,"{'post_fire_recruitment': 'post_fire_recruitment_absent (1)', 'resprouting_capacity': 'fire_killed (1); resprouts (1)', 'resprouting_capacity_non_fire_disturbance': 'resprouts_non_fire_disturbance (1)'}"
Apium prostratum,,,,{'resprouting_capacity': 'fire_killed (1)'}
Centella cordifolia,,,,"{'resprouting_capacity': 'resprouts (2)', 'resprouting_capacity_non_fire_disturbance': 'resprouts_non_fire_disturbance (1)', 'resprouting_capacity_juvenile': 'juvenile_fire_killed (1)'}"
Hydrocotyle laxiflora,,,,"{'post_fire_recruitment': 'post_fire_recruitment (1); post_fire_recruitment_absent (1)', 'resprouting_capacity': 'resprouts (V)', 'resprouting_capacity_non_fire_disturbance': 'resprouts_non_fire_disturbance (1)', 'resprouting_capacity_juvenile': 'juvenile_fire_killed (1)'}"
Platysace lanceolata,,,,"{'post_fire_recruitment': 'post_fire_recruitment (1); post_fire_recruitment_absent (1)', 'resprouting_capacity': 'resprouts (V)', 'resprouting_capacity_non_fire_disturbance': 'resprouts_non_fire_disturbance (2)', 'resprouting_capacity_juvenile': 'juvenile_fire_killed (1)', 'fire_time_from_fire_to_flowering': '13.0232558139535 (1); 14.6511627906977 (1); 18 (1)', 'fire_time_from_fire_to_fruiting': '14.6511627906977 (1)', 'fire_time_from_fire_to_peak_flowering': '36 (1); 60 (1)'}"
Leichhardtia flavescens,,,,"{'post_fire_recruitment': 'post_fire_recruitment_absent (1)', 'resprouting_capacity': 'fire_killed (1); resprouts (1)'}"
Polyscias sambucifolia,,,,"{'post_fire_recruitment': 'post_fire_recruitment (2); post_fire_recruitment_absent (2)', 'resprouting_capacity': 'resprouts (V)', 'resprouting_capacity_non_fire_disturbance': 'resprouts_non_fire_disturbance (1)', 'resprouting_capacity_juvenile': 'juvenile_fire_killed (1)', 'fire_time_from_fire_to_flowering': '11.8604651162791 (1); 23.4883720930233 (1); 24 (1); 24.1860465116279 (1); 36 (1); 36.2790697674419 (1)', 'fire_time_from_fire_to_fruiting': '26.5116279069767 (1)'}"
Archontophoenix cunninghamiana,,,,{'resprouting_capacity': 'fire_killed (2)'}
Livistona australis,,,,"{'post_fire_recruitment': 'post_fire_recruitment_absent (1)', 'resprouting_capacity': 'resprouts (3)', 'fire_time_from_fire_to_flowering': '8.13953488372093 (1)'}"
Dianella longifolia,,,,"{'resprouting_capacity': 'resprouts (3)', 'resprouting_capacity_non_fire_disturbance': 'resprouts_non_fire_disturbance (2)'}"
Dianella prunina,,,,"{'resprouting_capacity': 'resprouts (3)', 'fire_time_from_fire_to_flowering': '10 (1); 12 (1); 12.093023255814 (1)', 'fire_time_from_fire_to_fruiting': '11.8604651162791 (1)'}"
Cordyline stricta,,,,"{'post_fire_recruitment': 'post_fire_recruitment_absent (1)', 'resprouting_capacity': 'resprouts (2)', 'resprouting_capacity_non_fire_disturbance': 'resprouts_non_fire_disturbance (f)'}"
Symphyotrichum subulatum,,,,"{'post_fire_recruitment': 'post_fire_recruitment (f)', 'resprouting_capacity': 'fire_killed (1)', 'resprouting_capacity_non_fire_disturbance': 'resprouts_non_fire_disturbance (f)', 'resprouting_capacity_juvenile': 'juvenile_fire_killed (f)', 'fire_time_from_fire_to_flowering': '14.1860465116279 (1)', 'fire_time_from_fire_to_fruiting': '14.6511627906977 (1)'}"
Brachyscome multifida,,,,"{'post_fire_recruitment': 'post_fire_recruitment (f)', 'resprouting_capacity': 'resprouts (4)', 'resprouting_capacity_non_fire_disturbance': 'resprouts_non_fire_disturbance (2)', 'resprouting_capacity_juvenile': 'juvenile_fire_killed (1)', 'fire_time_from_fire_to_flowering': '12 (f)'}"
Calotis cuneata,,,,"{'post_fire_recruitment': 'post_fire_recruitment (f)', 'resprouting_capacity': 'resprouts (2)', 'resprouting_capacity_non_fire_disturbance': 'resprouts_non_fire_disturbance (2)', 'resprouting_capacity_juvenile': 'juvenile_fire_killed (f)', 'fire_time_from_fire_to_flowering': '12 (f)'}"
Cassinia aculeata,,,,"{'post_fire_recruitment': 'post_fire_recruitment (V)', 'resprouting_capacity': 'fire_killed (V)', 'resprouting_capacity_non_fire_disturbance': 'resprouts_non_fire_disturbance (f)', 'resprouting_capacity_juvenile': 'juvenile_fire_killed (1)', 'fire_time_from_fire_to_flowering': '36.2790697674419 (1)', 'fire_time_from_fire_to_fruiting': '31.6279069767442 (1)'}"
Cassinia uncata,,,,"{'post_fire_recruitment': 'post_fire_recruitment (1); post_fire_recruitment_absent (1)', 'resprouting_capacity': 'fire_killed (3)', 'resprouting_capacity_non_fire_disturbance': 'resprouts_non_fire_disturbance (f)', 'resprouting_capacity_juvenile': 'juvenile_fire_killed (1)', 'fire_time_from_fire_to_flowering': '12 (f)'}"
Chrysocephalum semipapposum,,,,"{'post_fire_recruitment': 'post_fire_recruitment (1)', 'post_fire_flowering': 'fire_enhanced_flowering (1)', 'resprouting_capacity': 'resprouts (V)', 'resprouting_capacity_non_fire_disturbance': 'resprouts_non_fire_disturbance (2)', 'resprouting_capacity_juvenile': 'juvenile_resprout (1)', 'fire_time_from_fire_to_flowering': '6 (1)'}"
Erigeron bonariensis,,,,"{'post_fire_recruitment': 'post_fire_recruitment (1)', 'resprouting_capacity': 'fire_killed (V)', 'resprouting_capacity_non_fire_disturbance': 'resprouts_non_fire_disturbance (f)', 'resprouting_capacity_juvenile': 'juvenile_fire_killed (1)', 'fire_time_from_fire_to_flowering': '12 (V)', 'fire_time_from_fire_to_fruiting': '11.6279069767442 (1)'}"
Erigeron sumatrensis,,,,"{'post_fire_recruitment': 'post_fire_recruitment (1)', 'resprouting_capacity': 'fire_killed (5)', 'resprouting_capacity_non_fire_disturbance': 'resprouts_non_fire_disturbance (f)', 'resprouting_capacity_juvenile': 'juvenile_fire_killed (1)', 'fire_time_from_fire_to_flowering': '12 (1)'}"
Cymbonotus lawsonianus,,,,"{'post_fire_recruitment': 'post_fire_recruitment (f)', 'resprouting_capacity': 'fire_killed (1); resprouts (1)', 'resprouting_capacity_non_fire_disturbance': 'resprouts_non_fire_disturbance (1)', 'resprouting_capacity_juvenile': 'juvenile_fire_killed (f)', 'fire_time_from_fire_to_flowering': '12 (f)'}"
Zieria smithii,,,,"{'post_fire_recruitment': 'post_fire_recruitment (3)', 'resprouting_capacity': 'fire_killed (V)', 'fire_time_from_fire_to_flowering': '20.4651162790698 (1); 24.1860465116279 (1); 36.2790697674419 (1)', 'fire_time_from_fire_to_fruiting': '33.2558139534884 (1); 60 (1)', 'fire_time_from_fire_to_peak_flowering': '36 (1); 60 (1)'}"
Wilsonia backhousei,,,,"{'resprouting_capacity': 'resprouts (2)', 'resprouting_capacity_non_fire_disturbance': 'resprouts_non_fire_disturbance (1)'}"
Senecio bathurstianus,,,,"{'post_fire_recruitment': 'post_fire_recruitment (1)', 'resprouting_capacity': 'fire_killed (2)', 'resprouting_capacity_non_fire_disturbance': 'resprouts_non_fire_disturbance (f)', 'resprouting_capacity_juvenile': 'juvenile_fire_killed (f)', 'fire_time_from_fire_to_flowering': '12 (f)'}"
Senecio prenanthoides,,,,"{'post_fire_recruitment': 'post_fire_recruitment (f)', 'resprouting_capacity': 'fire_killed (2)', 'resprouting_capacity_non_fire_disturbance': 'resprouts_non_fire_disturbance (f)', 'resprouting_capacity_juvenile': 'juvenile_fire_killed (f)', 'fire_time_from_fire_to_flowering': '12 (f)'}"
Xerochrysum bracteatum,,,,"{'post_fire_recruitment': 'post_fire_recruitment (2)', 'resprouting_capacity': 'fire_killed (3)', 'resprouting_capacity_non_fire_disturbance': 'resprouts_non_fire_disturbance (f)', 'resprouting_capacity_juvenile': 'juvenile_fire_killed (f)', 'fire_time_from_fire_to_flowering': '9 (1)'}"
Brassica rapa,,,,{'resprouting_capacity': 'fire_killed (1)'}
Lepidium pseudohyssopifolium,,,,{'resprouting_capacity': 'fire_killed (1)'}
Spergularia marina,,,,{'resprouting_capacity': 'fire_killed (4)'}
Dysphania glomulifera,,,,{'resprouting_capacity': 'fire_killed (1)'}
Einadia nutans,,,,"{'post_fire_recruitment': 'post_fire_recruitment (2)', 'resprouting_capacity': 'fire_killed (5)', 'resprouting_capacity_juvenile': 'juvenile_fire_killed (1)'}"
Hypericum japonicum,,,,"{'post_fire_recruitment': 'post_fire_recruitment (1)', 'resprouting_capacity': 'resprouts (V)', 'resprouting_capacity_non_fire_disturbance': 'resprouts_non_fire_disturbance (1)', 'resprouting_capacity_juvenile': 'juvenile_fire_killed (1)'}"
Crassula helmsii,,,,"{'post_fire_recruitment': 'post_fire_recruitment (1)', 'resprouting_capacity': 'fire_killed (1)'}"
Carex fascicularis,,,,"{'resprouting_capacity': 'resprouts (2)', 'resprouting_capacity_non_fire_disturbance': 'resprouts_non_fire_disturbance (1)', 'resprouting_capacity_juvenile': 'juvenile_fire_killed (1)'}"
Cyperus enervis,,,,"{'resprouting_capacity': 'resprouts (f)', 'resprouting_capacity_non_fire_disturbance': 'resprouts_non_fire_disturbance (f)', 'resprouting_capacity_juvenile': 'juvenile_fire_killed (f)'}"
Ficinia nodosa,,,,"{'resprouting_capacity': 'resprouts (7)', 'resprouting_capacity_non_fire_disturbance': 'resprouts_non_fire_disturbance (3)', 'resprouting_capacity_juvenile': 'juvenile_fire_killed (1)', 'fire_time_from_fire_to_flowering': '6 (1)'}"
Gahnia erythrocarpa,,,,"{'resprouting_capacity': 'resprouts (3)', 'resprouting_capacity_non_fire_disturbance': 'resprouts_non_fire_disturbance (f)', 'resprouting_capacity_juvenile': 'juvenile_fire_killed (f)', 'fire_time_from_fire_to_flowering': '21.1627906976744 (1); 24 (1); 36.2790697674419 (1); 48.3720930232558 (1)', 'fire_time_from_fire_to_fruiting': '46.7441860465116 (1)'}"
Lepidosperma filiforme,,,,"{'post_fire_recruitment': 'post_fire_recruitment (1)', 'resprouting_capacity': 'resprouts (V)', 'resprouting_capacity_non_fire_disturbance': 'resprouts_non_fire_disturbance (1)', 'resprouting_capacity_juvenile': 'juvenile_fire_killed (1)', 'fire_time_from_fire_to_flowering': '24 (1); 7.2 (1)'}"
Lepidosperma latens,,,,"{'resprouting_capacity': 'resprouts (f)', 'resprouting_capacity_non_fire_disturbance': 'resprouts_non_fire_disturbance (f)', 'resprouting_capacity_juvenile': 'juvenile_fire_killed (f)'}"
Lepidosperma urophorum,,,,"{'post_fire_recruitment': 'post_fire_recruitment (1)', 'resprouting_capacity': 'resprouts (3)', 'resprouting_capacity_non_fire_disturbance': 'resprouts_non_fire_disturbance (1)', 'resprouting_capacity_juvenile': 'juvenile_fire_killed (1)'}"
Scleria mackaviensis,,,,"{'resprouting_capacity': 'resprouts (1)', 'resprouting_capacity_non_fire_disturbance': 'resprouts_non_fire_disturbance (1)', 'resprouting_capacity_juvenile': 'juvenile_fire_killed (f)'}"
Tetraria capillaris,,,,"{'resprouting_capacity': 'resprouts (6)', 'resprouting_capacity_non_fire_disturbance': 'resprouts_non_fire_disturbance (1)', 'resprouting_capacity_juvenile': 'juvenile_fire_killed (1)', 'fire_time_from_fire_to_flowering': '11.6279069767442 (1); 12 (1)'}"
Hibbertia linearis,,,,"{'post_fire_recruitment': 'post_fire_recruitment (1); post_fire_recruitment_absent (1)', 'resprouting_capacity': 'fire_killed (V)', 'resprouting_capacity_non_fire_disturbance': 'resprouts_non_fire_disturbance (1)', 'fire_time_from_fire_to_flowering': '16.7441860465116 (1)', 'fire_time_from_fire_to_peak_flowering': '48 (1); 72 (1)', 'fire_time_from_fire_to_50_percent_flowering': '20 (1)'}"
Hibbertia monogyna,,,,"{'post_fire_recruitment': 'post_fire_recruitment (1)', 'resprouting_capacity': 'fire_killed (V)', 'resprouting_capacity_non_fire_disturbance': 'resprouts_non_fire_disturbance (1)'}"
Tetratheca juncea,,,,{'resprouting_capacity': 'resprouts (1)'}
Hibbertia riparia,,,,"{'post_fire_recruitment': 'post_fire_recruitment (2)', 'resprouting_capacity': 'resprouts (14)', 'resprouting_capacity_non_fire_disturbance': 'resprouts_non_fire_disturbance (3)', 'resprouting_capacity_juvenile': 'juvenile_resprout (1)', 'fire_time_from_fire_to_flowering': '20.6976744186047 (1); 24 (1)', 'fire_time_from_fire_to_fruiting': '24 (V)'}"
Hibbertia serpyllifolia,,,,"{'post_fire_recruitment': 'post_fire_recruitment (V)', 'resprouting_capacity': 'resprouts (V)', 'resprouting_capacity_non_fire_disturbance': 'resprouts_non_fire_disturbance (1)', 'fire_time_from_fire_to_flowering': '24 (1)'}"
Doryanthes excelsa,,,,"{'resprouting_capacity': 'resprouts (1)', 'fire_time_from_fire_to_flowering': '19.2 (1)', 'fire_time_from_fire_to_fruiting': '25.2 (1)'}"
Epacris obtusifolia,,,,"{'post_fire_recruitment': 'post_fire_recruitment (3)', 'resprouting_capacity': 'fire_killed (V)'}"
Canna indica,,,,"{'resprouting_capacity': 'resprouts (3)', 'fire_time_from_fire_to_flowering': '8.83720930232558 (1)'}"
Hibbertia puberula,,,,"{'resprouting_capacity': 'resprouts (g)', 'resprouting_capacity_non_fire_disturbance': 'resprouts_non_fire_disturbance (g)'}"
Eriocaulon scariosum,,,,{'resprouting_capacity': 'fire_killed (1)'}
Alchornea ilicifolia,,,,{'resprouting_capacity': 'resprouts (2)'}
Senna barronfieldii,,,,"{'post_fire_recruitment': 'post_fire_recruitment (f)', 'resprouting_capacity': 'fire_killed (2)', 'resprouting_capacity_non_fire_disturbance': 'resprouts_non_fire_disturbance (f)', 'resprouting_capacity_juvenile': 'juvenile_fire_killed (f)'}"
Aotus ericoides,,,,"{'post_fire_recruitment': 'post_fire_recruitment (2)', 'resprouting_capacity': 'resprouts (V)', 'resprouting_capacity_non_fire_disturbance': 'resprouts_non_fire_disturbance (f)', 'resprouting_capacity_juvenile': 'juvenile_fire_killed (1)', 'fire_time_from_fire_to_flowering': '24 (1); 36 (1)', 'fire_time_from_fire_to_fruiting': '24 (1)'}"
Bossiaea buxifolia,,,,"{'post_fire_recruitment': 'post_fire_recruitment (1)', 'resprouting_capacity': 'resprouts (2)', 'resprouting_capacity_non_fire_disturbance': 'resprouts_non_fire_disturbance (1)', 'resprouting_capacity_juvenile': 'juvenile_fire_killed (f)'}"
Bossiaea rhombifolia,,,,"{'post_fire_recruitment': 'post_fire_recruitment (1)', 'resprouting_capacity': 'fire_killed (V)', 'resprouting_capacity_non_fire_disturbance': 'resprouts_non_fire_disturbance (f)', 'resprouting_capacity_juvenile': 'juvenile_fire_killed (f)'}"
Castanospermum australe,,,,"{'post_fire_recruitment': 'post_fire_recruitment (f)', 'resprouting_capacity': 'resprouts (1)', 'resprouting_capacity_non_fire_disturbance': 'resprouts_non_fire_disturbance (f)', 'resprouting_capacity_juvenile': 'juvenile_fire_killed (f)'}"
Daviesia genistifolia,,,,"{'post_fire_recruitment': 'post_fire_recruitment (1)', 'resprouting_capacity': 'fire_killed (V)', 'resprouting_capacity_non_fire_disturbance': 'resprouts_non_fire_disturbance (f)', 'resprouting_capacity_juvenile': 'juvenile_fire_killed (f)'}"
Daviesia ulicifolia,,,,"{'post_fire_recruitment': 'post_fire_recruitment (2)', 'resprouting_capacity': 'fire_killed (3); resprouts (3)', 'resprouting_capacity_non_fire_disturbance': 'resprouts_non_fire_disturbance (f)', 'resprouting_capacity_juvenile': 'juvenile_fire_killed (1)', 'fire_time_from_fire_to_flowering': '8.6046511627907 (1)', 'fire_time_from_fire_to_fruiting': '48.3720930232558 (1)'}"
Dillwynia rudis,,,,"{'post_fire_recruitment': 'post_fire_recruitment (f)', 'resprouting_capacity': 'fire_killed (3)', 'resprouting_capacity_non_fire_disturbance': 'resprouts_non_fire_disturbance (f)', 'resprouting_capacity_juvenile': 'juvenile_fire_killed (f)', 'fire_time_from_fire_to_flowering': '24.1860465116279 (1)', 'fire_time_from_fire_to_fruiting': '20.9302325581395 (1)'}"
Hovea heterophylla,,,,"{'post_fire_recruitment': 'post_fire_recruitment (V)', 'resprouting_capacity': 'resprouts (V)', 'resprouting_capacity_non_fire_disturbance': 'resprouts_non_fire_disturbance (f)', 'resprouting_capacity_juvenile': 'juvenile_fire_killed (1)', 'fire_time_from_fire_to_flowering': '24 (V)'}"
Hovea purpurea,,,,"{'post_fire_recruitment': 'post_fire_recruitment (2)', 'resprouting_capacity': 'fire_killed (6)', 'resprouting_capacity_non_fire_disturbance': 'resprouts_non_fire_disturbance (f)', 'resprouting_capacity_juvenile': 'juvenile_fire_killed (f)'}"
Hovea speciosa,,,,"{'post_fire_recruitment': 'post_fire_recruitment (f)', 'resprouting_capacity': 'fire_killed (f)', 'resprouting_capacity_non_fire_disturbance': 'resprouts_non_fire_disturbance (f)', 'resprouting_capacity_juvenile': 'juvenile_fire_killed (f)'}"
Kennedia prostrata,,,,"{'post_fire_recruitment': 'post_fire_recruitment (5)', 'resprouting_capacity': 'fire_killed (V)', 'resprouting_capacity_non_fire_disturbance': 'resprouts_non_fire_disturbance (f)', 'resprouting_capacity_juvenile': 'juvenile_fire_killed (1)', 'fire_time_from_fire_to_flowering': '19 (1); 30 (1)'}"
Mirbelia baueri,,,,"{'post_fire_recruitment': 'post_fire_recruitment (f)', 'resprouting_capacity': 'fire_killed (f)', 'resprouting_capacity_non_fire_disturbance': 'resprouts_non_fire_disturbance (f)', 'resprouting_capacity_juvenile': 'juvenile_fire_killed (f)'}"
Phyllota grandiflora,,,,"{'post_fire_recruitment': 'post_fire_recruitment (f)', 'resprouting_capacity': 'resprouts (2)', 'resprouting_capacity_non_fire_disturbance': 'resprouts_non_fire_disturbance (f)', 'resprouting_capacity_juvenile': 'juvenile_fire_killed (f)', 'fire_time_from_fire_to_flowering': '8.6046511627907 (1)'}"
Platylobium formosum,,,,"{'post_fire_recruitment': 'post_fire_recruitment (1)', 'resprouting_capacity': 'resprouts (V)', 'resprouting_capacity_non_fire_disturbance': 'resprouts_non_fire_disturbance (2)', 'resprouting_capacity_juvenile': 'juvenile_fire_killed (f)', 'fire_time_from_fire_to_flowering': '24 (1); 24.1860465116279 (1); 8.37209302325581 (1)', 'fire_time_from_fire_to_fruiting': '23.4883720930233 (1)', 'fire_time_from_fire_to_peak_flowering': '36 (1); 60 (1)', 'fire_time_from_fire_to_50_percent_flowering': '20.2325581395349 (1)'}"
Pultenaea linophylla,,,,"{'post_fire_recruitment': 'post_fire_recruitment (1)', 'resprouting_capacity': 'fire_killed (V)', 'resprouting_capacity_non_fire_disturbance': 'resprouts_non_fire_disturbance (f)', 'resprouting_capacity_juvenile': 'juvenile_fire_killed (f)'}"
Pultenaea microphylla,,,,"{'post_fire_recruitment': 'post_fire_recruitment (1); post_fire_recruitment_absent (1)', 'resprouting_capacity': 'fire_killed (V); resprouts (V)', 'resprouting_capacity_non_fire_disturbance': 'resprouts_non_fire_disturbance (f)', 'resprouting_capacity_juvenile': 'juvenile_fire_killed (f)', 'fire_time_from_fire_to_fruiting': '36 (1)'}"
Pultenaea mollis,,,,"{'post_fire_recruitment': 'post_fire_recruitment (2)', 'resprouting_capacity': 'fire_killed (5)', 'resprouting_capacity_non_fire_disturbance': 'resprouts_non_fire_disturbance (f)', 'resprouting_capacity_juvenile': 'juvenile_fire_killed (1)', 'fire_time_from_fire_to_flowering': '32.5581395348837 (1); 36.2790697674419 (1)', 'fire_time_from_fire_to_fruiting': '35.8139534883721 (1)', 'fire_time_from_fire_to_peak_flowering': '36 (1); 60 (1)'}"
Glycine clandestina,,,,"{'post_fire_recruitment': 'post_fire_recruitment (2)', 'resprouting_capacity': 'resprouts (V)', 'resprouting_capacity_non_fire_disturbance': 'resprouts_non_fire_disturbance (3)', 'resprouting_capacity_juvenile': 'juvenile_fire_killed (1)', 'fire_time_from_fire_to_flowering': '3.6 (1); 8.13953488372093 (1)'}"
Pultenaea stipularis,,,,"{'post_fire_recruitment': 'post_fire_recruitment (f)', 'resprouting_capacity': 'fire_killed (4)', 'resprouting_capacity_non_fire_disturbance': 'resprouts_non_fire_disturbance (f)', 'resprouting_capacity_juvenile': 'juvenile_fire_killed (f)', 'fire_time_from_fire_to_flowering': '20.9302325581395 (1); 24.1860465116279 (1); 36.2790697674419 (1)', 'fire_time_from_fire_to_fruiting': '24.1860465116279 (1)', 'fire_time_from_fire_to_peak_flowering': '36 (1); 60 (1)'}"
Swainsona galegifolia,,,,"{'post_fire_recruitment': 'post_fire_recruitment (f)', 'resprouting_capacity': 'resprouts (V)', 'resprouting_capacity_non_fire_disturbance': 'resprouts_non_fire_disturbance (2)', 'resprouting_capacity_juvenile': 'juvenile_fire_killed (f)'}"
Acacia buxifolia,,,,"{'post_fire_recruitment': 'post_fire_recruitment (4)', 'resprouting_capacity': 'resprouts (V)', 'resprouting_capacity_non_fire_disturbance': 'resprouts_non_fire_disturbance (f)', 'resprouting_capacity_juvenile': 'juvenile_fire_killed (1)', 'fire_time_from_fire_to_flowering': '24 (2)'}"
Acacia cultriformis,,,,"{'post_fire_recruitment': 'post_fire_recruitment (1)', 'resprouting_capacity': 'resprouts (1)', 'resprouting_capacity_non_fire_disturbance': 'resprouts_non_fire_disturbance (f)', 'resprouting_capacity_juvenile': 'juvenile_fire_killed (g)'}"
Acacia elata,,,,"{'post_fire_recruitment': 'post_fire_recruitment (3)', 'resprouting_capacity': 'fire_killed (V)', 'resprouting_capacity_non_fire_disturbance': 'resprouts_non_fire_disturbance (f)', 'resprouting_capacity_juvenile': 'juvenile_fire_killed (g)'}"
Acacia elongata,,,,"{'post_fire_recruitment': 'post_fire_recruitment (g)', 'resprouting_capacity': 'fire_killed (V)', 'resprouting_capacity_non_fire_disturbance': 'resprouts_non_fire_disturbance (f)', 'resprouting_capacity_juvenile': 'juvenile_fire_killed (g)'}"
Acacia falciformis,,,,"{'post_fire_recruitment': 'post_fire_recruitment (4)', 'resprouting_capacity': 'resprouts (V)', 'resprouting_capacity_non_fire_disturbance': 'resprouts_non_fire_disturbance (f)', 'resprouting_capacity_juvenile': 'juvenile_fire_killed (1)'}"
Acacia linearifolia,,,,"{'post_fire_recruitment': 'post_fire_recruitment (g)', 'resprouting_capacity': 'fire_killed (2)', 'resprouting_capacity_non_fire_disturbance': 'resprouts_non_fire_disturbance (f)', 'resprouting_capacity_juvenile': 'juvenile_fire_killed (g)'}"
Acacia rubida,,,,"{'post_fire_recruitment': 'post_fire_recruitment (2)', 'resprouting_capacity': 'resprouts (V)', 'resprouting_capacity_non_fire_disturbance': 'resprouts_non_fire_disturbance (1)', 'resprouting_capacity_juvenile': 'juvenile_fire_killed (1)'}"
Acacia saliciformis,,,,"{'post_fire_recruitment': 'post_fire_recruitment (g)', 'resprouting_capacity': 'fire_killed (3)', 'resprouting_capacity_non_fire_disturbance': 'resprouts_non_fire_disturbance (f)', 'resprouting_capacity_juvenile': 'juvenile_fire_killed (g)'}"
Acacia schinoides,,,,"{'post_fire_recruitment': 'post_fire_recruitment (1)', 'resprouting_capacity': 'fire_killed (3)', 'resprouting_capacity_non_fire_disturbance': 'resprouts_non_fire_disturbance (f)', 'resprouting_capacity_juvenile': 'juvenile_fire_killed (g)', 'fire_time_from_fire_to_flowering': '35.8139534883721 (1); 60.4651162790698 (1)', 'fire_time_from_fire_to_fruiting': '54.6511627906977 (1)'}"
Goodenia heterophylla,,,,"{'resprouting_capacity': 'resprouts (V)', 'fire_time_from_fire_to_flowering': '10.6976744186047 (1); 4.65116279069767 (1)', 'fire_time_from_fire_to_fruiting': '10.6976744186047 (1)', 'fire_time_from_fire_to_peak_flowering': '24 (1); 36 (1)'}"
Gonocarpus longifolius,,,,{'resprouting_capacity': 'fire_killed (2)'}
Gonocarpus teucrioides,,,,"{'post_fire_recruitment': 'post_fire_recruitment (1)', 'resprouting_capacity': 'fire_killed (V); resprouts (V)', 'resprouting_capacity_non_fire_disturbance': 'resprouts_non_fire_disturbance (2)', 'resprouting_capacity_juvenile': 'juvenile_fire_killed (1)', 'fire_time_from_fire_to_flowering': '21.8604651162791 (1); 24.1860465116279 (1)', 'fire_time_from_fire_to_fruiting': '23.2558139534884 (1)', 'fire_time_from_fire_to_peak_flowering': '24 (1); 36 (1)'}"
Hypoxis hygrometrica,,,,"{'resprouting_capacity': 'resprouts (6)', 'resprouting_capacity_non_fire_disturbance': 'resprouts_non_fire_disturbance (3)', 'resprouting_capacity_juvenile': 'juvenile_resprout (1)', 'fire_time_from_fire_to_flowering': '3.72093023255814 (1)'}"
Sisyrinchium micranthum,,,,"{'resprouting_capacity': 'fire_killed (1)', 'fire_time_from_fire_to_flowering': '9.76744186046512 (1)', 'fire_time_from_fire_to_fruiting': '9.76744186046512 (1)'}"
Luzula densiflora,,,,"{'post_fire_recruitment': 'post_fire_recruitment (1)', 'resprouting_capacity': 'resprouts (f)', 'resprouting_capacity_non_fire_disturbance': 'resprouts_non_fire_disturbance (f)'}"
Cycnogeton multifructum,,,,"{'resprouting_capacity': 'resprouts (1)', 'resprouting_capacity_non_fire_disturbance': 'resprouts_non_fire_disturbance (1)'}"
Cycnogeton procerum,,,,"{'resprouting_capacity': 'resprouts (9)', 'resprouting_capacity_non_fire_disturbance': 'resprouts_non_fire_disturbance (7)', 'fire_time_from_fire_to_flowering': '4.65116279069767 (V)', 'fire_time_from_fire_to_fruiting': '4.65116279069767 (1)'}"
Ajuga australis,,,,"{'post_fire_recruitment': 'post_fire_recruitment (1)', 'resprouting_capacity': 'resprouts (V)', 'resprouting_capacity_non_fire_disturbance': 'resprouts_non_fire_disturbance (3)', 'resprouting_capacity_juvenile': 'juvenile_resprout (1)'}"
Utricularia australis,,,,"{'resprouting_capacity': 'fire_killed (1)', 'resprouting_capacity_non_fire_disturbance': 'resprouts_non_fire_disturbance (1)'}"
Utricularia dichotoma,,,,"{'post_fire_recruitment': 'post_fire_recruitment (1)', 'resprouting_capacity': 'resprouts (6)', 'resprouting_capacity_non_fire_disturbance': 'resprouts_non_fire_disturbance (3)', 'resprouting_capacity_juvenile': 'juvenile_fire_killed (1)', 'fire_time_from_fire_to_flowering': '12 (1); 7.44186046511628 (1)'}"
Utricularia lateriflora,,,,"{'resprouting_capacity': 'resprouts (4)', 'resprouting_capacity_non_fire_disturbance': 'resprouts_non_fire_disturbance (1)', 'resprouting_capacity_juvenile': 'juvenile_fire_killed (1)', 'fire_time_from_fire_to_flowering': '7.44186046511628 (1); 8.4 (1)'}"
Lomandra confertifolia,,,,"{'post_fire_recruitment': 'post_fire_recruitment_absent (1)', 'resprouting_capacity': 'resprouts (2)', 'resprouting_capacity_non_fire_disturbance': 'resprouts_non_fire_disturbance (1)'}"
Lomandra filiformis,,,,"{'post_fire_recruitment': 'post_fire_recruitment_absent (V)', 'resprouting_capacity': 'resprouts (5)', 'resprouting_capacity_non_fire_disturbance': 'resprouts_non_fire_disturbance (1)', 'resprouting_capacity_juvenile': 'juvenile_resprout (1)', 'fire_time_from_fire_to_flowering': '12 (2)'}"
Lomandra fluviatilis,,,,"{'resprouting_capacity': 'resprouts (2)', 'resprouting_capacity_non_fire_disturbance': 'resprouts_non_fire_disturbance (f)'}"
Pultenaea parviflora,,,,"{'post_fire_recruitment': 'post_fire_recruitment (f)', 'resprouting_capacity': 'fire_killed (1)', 'resprouting_capacity_non_fire_disturbance': 'resprouts_non_fire_disturbance (f)', 'resprouting_capacity_juvenile': 'juvenile_fire_killed (f)'}"
Acacia bynoeana,,,,"{'post_fire_recruitment': 'post_fire_recruitment (g)', 'resprouting_capacity': 'fire_killed (g)', 'resprouting_capacity_non_fire_disturbance': 'resprouts_non_fire_disturbance (f)', 'resprouting_capacity_juvenile': 'juvenile_fire_killed (g)'}"
Abutilon oxycarpum,,,,"{'post_fire_recruitment': 'post_fire_recruitment (2); post_fire_recruitment_absent (2)', 'resprouting_capacity': 'fire_killed (5)'}"
Lagunaria patersonia,,,,{'resprouting_capacity': 'fire_killed (f)'}
Toona ciliata,,,,"{'post_fire_recruitment': 'post_fire_recruitment_absent (1)', 'resprouting_capacity': 'resprouts (2)'}"
Stephania japonica,,,,"{'post_fire_recruitment': 'post_fire_recruitment (1)', 'resprouting_capacity': 'resprouts (3)', 'resprouting_capacity_non_fire_disturbance': 'resprouts_non_fire_disturbance (1)'}"
Palmeria scandens,,,,"{'post_fire_recruitment': 'post_fire_recruitment_absent (1)', 'resprouting_capacity': 'resprouts (3)'}"
Ficus obliqua,,,,"{'post_fire_recruitment': 'post_fire_recruitment_absent (1)', 'resprouting_capacity': 'resprouts (1)'}"
Callistemon subulatus,,,,"{'post_fire_recruitment': 'post_fire_recruitment (f)', 'resprouting_capacity': 'resprouts (2)', 'resprouting_capacity_non_fire_disturbance': 'resprouts_non_fire_disturbance (f)', 'resprouting_capacity_juvenile': 'juvenile_fire_killed (f)'}"
Corymbia eximia,,,,"{'post_fire_recruitment': 'post_fire_recruitment (1)', 'resprouting_capacity': 'resprouts (3)', 'resprouting_capacity_non_fire_disturbance': 'resprouts_non_fire_disturbance (f)', 'resprouting_capacity_juvenile': 'juvenile_fire_killed (f)'}"
Eucalyptus consideniana,,,,"{'post_fire_recruitment': 'post_fire_recruitment (g)', 'resprouting_capacity': 'resprouts (3)', 'resprouting_capacity_non_fire_disturbance': 'resprouts_non_fire_disturbance (f)', 'resprouting_capacity_juvenile': 'juvenile_fire_killed (f)'}"
Eucalyptus elata,,,,"{'post_fire_recruitment': 'post_fire_recruitment (g)', 'resprouting_capacity': 'fire_killed (1); partial_resprouting (1); resprouts (1)', 'resprouting_capacity_non_fire_disturbance': 'resprouts_non_fire_disturbance (f)', 'resprouting_capacity_juvenile': 'juvenile_fire_killed (f)'}"
Eucalyptus haemastoma,,,,"{'post_fire_recruitment': 'post_fire_recruitment (1)', 'resprouting_capacity': 'resprouts (4)', 'resprouting_capacity_non_fire_disturbance': 'resprouts_non_fire_disturbance (f)', 'resprouting_capacity_juvenile': 'juvenile_fire_killed (f)', 'fire_time_from_fire_to_flowering': '32.3255813953488 (1); 36.2790697674419 (1); 42 (1); 48.3720930232558 (1)', 'fire_time_from_fire_to_fruiting': '41.1627906976744 (1)'}"
Eucalyptus mannifera,,,,"{'post_fire_recruitment': 'post_fire_recruitment (g)', 'resprouting_capacity': 'resprouts (1)', 'resprouting_capacity_non_fire_disturbance': 'resprouts_non_fire_disturbance (f)', 'resprouting_capacity_juvenile': 'juvenile_fire_killed (f)'}"
Eucalyptus melliodora,,,,"{'post_fire_recruitment': 'post_fire_recruitment (2)', 'resprouting_capacity': 'resprouts (5)', 'resprouting_capacity_non_fire_disturbance': 'resprouts_non_fire_disturbance (f)', 'resprouting_capacity_juvenile': 'juvenile_fire_killed (1)'}"
Eucalyptus obstans,,,,"{'post_fire_recruitment': 'post_fire_recruitment (g)', 'resprouting_capacity': 'resprouts (3)', 'resprouting_capacity_non_fire_disturbance': 'resprouts_non_fire_disturbance (f)', 'resprouting_capacity_juvenile': 'juvenile_fire_killed (f)', 'fire_time_from_fire_to_flowering': '48 (1)'}"
Eucalyptus punctata,,,,"{'post_fire_recruitment': 'post_fire_recruitment (1); post_fire_recruitment_absent (1)', 'resprouting_capacity': 'resprouts (4)', 'resprouting_capacity_non_fire_disturbance': 'resprouts_non_fire_disturbance (f)', 'resprouting_capacity_juvenile': 'juvenile_fire_killed (f)'}"
Eucalyptus sieberi,,,,"{'post_fire_recruitment': 'post_fire_recruitment (g)', 'resprouting_capacity': 'resprouts (3)', 'resprouting_capacity_non_fire_disturbance': 'resprouts_non_fire_disturbance (f)', 'resprouting_capacity_juvenile': 'juvenile_fire_killed (f)', 'fire_time_from_fire_to_flowering': '48 (1)'}"
Eucalyptus squamosa,,,,"{'post_fire_recruitment': 'post_fire_recruitment (1)', 'resprouting_capacity': 'resprouts (3)', 'resprouting_capacity_non_fire_disturbance': 'resprouts_non_fire_disturbance (f)', 'resprouting_capacity_juvenile': 'juvenile_fire_killed (f)'}"
Eucalyptus viminalis,,,,"{'post_fire_recruitment': 'post_fire_recruitment (2)', 'resprouting_capacity': 'resprouts (V)', 'resprouting_capacity_non_fire_disturbance': 'resprouts_non_fire_disturbance (f)', 'resprouting_capacity_juvenile': 'juvenile_fire_killed (f)', 'resprouting_capacity_proportion_individuals': '0.125 (1)', 'fire_time_from_fire_to_flowering': '120 (1); 36 (1)'}"
Harmogia densifolia,,,,"{'post_fire_recruitment': 'post_fire_recruitment (V)', 'resprouting_capacity': 'fire_killed (V)', 'resprouting_capacity_non_fire_disturbance': 'resprouts_non_fire_disturbance (f)', 'resprouting_capacity_juvenile': 'juvenile_fire_killed (f)', 'fire_time_from_fire_to_flowering': '24.1860465116279 (1); 36.2790697674419 (1); 48.3720930232558 (1)', 'fire_time_from_fire_to_fruiting': '38.1395348837209 (1)', 'fire_time_from_fire_to_50_percent_flowering': '36.2790697674419 (1)'}"
Leptospermum lanigerum,,,,"{'post_fire_recruitment': 'post_fire_recruitment (1)', 'resprouting_capacity': 'resprouts (V)', 'resprouting_capacity_non_fire_disturbance': 'resprouts_non_fire_disturbance (1)', 'resprouting_capacity_juvenile': 'juvenile_fire_killed (f)', 'resprouting_capacity_proportion_individuals': '0.222222222222222 (1); 0.481481481481481 (1); 0.575 (1); 0.722222222222222 (1)'}"
Leptospermum polyanthum,,,,"{'post_fire_recruitment': 'post_fire_recruitment (f)', 'resprouting_capacity': 'resprouts (f)', 'resprouting_capacity_non_fire_disturbance': 'resprouts_non_fire_disturbance (f)', 'resprouting_capacity_juvenile': 'juvenile_fire_killed (f)'}"
Leptospermum trinervium,,,,"{'post_fire_recruitment': 'post_fire_recruitment (2)', 'resprouting_capacity': 'resprouts (5)', 'resprouting_capacity_non_fire_disturbance': 'resprouts_non_fire_disturbance (f)', 'resprouting_capacity_juvenile': 'juvenile_fire_killed (f)', 'fire_time_from_fire_to_flowering': '24.1860465116279 (1); 3.95348837209302 (1); 6 (1); 7.2093023255814 (1)', 'fire_time_from_fire_to_fruiting': '8.6046511627907 (1)', 'fire_time_from_fire_to_peak_flowering': '48 (1)'}"
Melaleuca sieberi,,,,"{'post_fire_recruitment': 'post_fire_recruitment (1)', 'resprouting_capacity': 'resprouts (3)', 'resprouting_capacity_non_fire_disturbance': 'resprouts_non_fire_disturbance (f)', 'resprouting_capacity_juvenile': 'juvenile_fire_killed (f)', 'fire_time_from_fire_to_flowering': '24 (1); 36 (1)'}"
Syzygium australe,,,,"{'post_fire_recruitment': 'post_fire_recruitment_absent (1)', 'resprouting_capacity': 'resprouts (2)', 'resprouting_capacity_non_fire_disturbance': 'resprouts_non_fire_disturbance (f)', 'resprouting_capacity_juvenile': 'juvenile_fire_killed (f)'}"
Tristaniopsis laurina,,,,"{'post_fire_recruitment': 'post_fire_recruitment_absent (2)', 'resprouting_capacity': 'resprouts (4)', 'resprouting_capacity_non_fire_disturbance': 'resprouts_non_fire_disturbance (f)', 'resprouting_capacity_juvenile': 'juvenile_fire_killed (f)', 'fire_time_from_fire_to_flowering': '24.1860465116279 (1); 30 (1); 36.2790697674419 (1)', 'fire_time_from_fire_to_fruiting': '28.8372093023256 (1)'}"
Najas tenuifolia,,,,"{'resprouting_capacity': 'resprouts (1)', 'resprouting_capacity_non_fire_disturbance': 'resprouts_non_fire_disturbance (1)'}"
Acianthus exsertus,,,,"{'post_fire_recruitment': 'post_fire_recruitment_absent (1)', 'post_fire_flowering': 'fire_enhanced_flowering (f)', 'resprouting_capacity': 'resprouts (4)', 'resprouting_capacity_non_fire_disturbance': 'resprouts_non_fire_disturbance (2)', 'resprouting_capacity_juvenile': 'juvenile_resprout (1)', 'fire_time_from_fire_to_flowering': '12 (f)'}"
Pterostylis erecta,,,,"{'post_fire_recruitment': 'post_fire_recruitment_absent (f)', 'post_fire_flowering': 'fire_enhanced_flowering (f)', 'resprouting_capacity': 'resprouts (g)', 'resprouting_capacity_non_fire_disturbance': 'resprouts_non_fire_disturbance (g)', 'resprouting_capacity_juvenile': 'juvenile_resprout (f)', 'fire_time_from_fire_to_flowering': '12 (f)'}"
Oxalis chnoodes,,,,{'resprouting_capacity': 'fire_killed (1)'}
Glochidion ferdinandi,,,,"{'post_fire_recruitment': 'post_fire_recruitment (1)', 'resprouting_capacity': 'resprouts (3)', 'fire_time_from_fire_to_flowering': '24.1860465116279 (1); 36.2790697674419 (1)', 'fire_time_from_fire_to_fruiting': '17.6744186046512 (1)'}"
Poranthera corymbosa,,,,"{'post_fire_recruitment': 'post_fire_recruitment (2)', 'resprouting_capacity': 'fire_killed (4)', 'fire_time_from_fire_to_flowering': '21.8604651162791 (1)'}"
Hymenosporum flavum,,,,"{'post_fire_recruitment': 'post_fire_recruitment_absent (1)', 'resprouting_capacity': 'resprouts (5)'}"
Aristida vagans,,,,"{'post_fire_recruitment': 'post_fire_recruitment (f)', 'resprouting_capacity': 'resprouts (3)', 'resprouting_capacity_non_fire_disturbance': 'resprouts_non_fire_disturbance (f)', 'resprouting_capacity_juvenile': 'juvenile_resprout (f)', 'resprouting_capacity_proportion_individuals': '1 (f)', 'fire_time_from_fire_to_flowering': '1.3953488372093 (1); 3.48837209302326 (1); 3.6 (1)', 'fire_time_from_fire_to_fruiting': '3.48837209302326 (1)'}"
Austrostipa rudis,,,,"{'post_fire_recruitment': 'post_fire_recruitment (1)', 'resprouting_capacity': 'resprouts (4)', 'resprouting_capacity_non_fire_disturbance': 'resprouts_non_fire_disturbance (2)', 'resprouting_capacity_juvenile': 'juvenile_resprout (1)', 'resprouting_capacity_proportion_individuals': '1 (f)', 'fire_time_from_fire_to_flowering': '12 (1)'}"
Chascolytrum subaristatum,,,,"{'post_fire_recruitment': 'post_fire_recruitment (f)', 'resprouting_capacity': 'resprouts (f)', 'resprouting_capacity_non_fire_disturbance': 'resprouts_non_fire_disturbance (f)', 'resprouting_capacity_juvenile': 'juvenile_resprout (f)', 'resprouting_capacity_proportion_individuals': '1 (f)', 'fire_time_from_fire_to_flowering': '12 (f)', 'fire_time_from_fire_to_fruiting': '11.8604651162791 (1)'}"
Capillipedium parviflorum,,,,"{'post_fire_recruitment': 'post_fire_recruitment (f)', 'resprouting_capacity': 'fire_killed (2)', 'resprouting_capacity_non_fire_disturbance': 'resprouts_non_fire_disturbance (f)', 'resprouting_capacity_juvenile': 'juvenile_resprout (f)', 'resprouting_capacity_proportion_individuals': '1 (f)', 'fire_time_from_fire_to_flowering': '12 (f)'}"
Seringia denticulata,,,,{'resprouting_capacity': 'resprouts (1)'}
Eucalyptus nicholii,,,,"{'post_fire_recruitment': 'post_fire_recruitment (1)', 'resprouting_capacity': 'resprouts (3)', 'resprouting_capacity_non_fire_disturbance': 'resprouts_non_fire_disturbance (f)', 'resprouting_capacity_juvenile': 'juvenile_fire_killed (f)'}"
Entolasia stricta,,,,"{'post_fire_recruitment': 'post_fire_recruitment (1)', 'resprouting_capacity': 'resprouts (6)', 'resprouting_capacity_non_fire_disturbance': 'resprouts_non_fire_disturbance (2)', 'resprouting_capacity_juvenile': 'juvenile_resprout (f)', 'resprouting_capacity_proportion_individuals': '1 (f)', 'fire_time_from_fire_to_flowering': '1.86046511627907 (1); 3.6 (1); 5.11627906976744 (1)', 'fire_time_from_fire_to_fruiting': '5.11627906976744 (1)'}"
Imperata cylindrica,,,,"{'post_fire_recruitment': 'post_fire_recruitment (f)', 'post_fire_flowering': 'fire_enhanced_flowering (1)', 'resprouting_capacity': 'partial_resprouting (V)', 'resprouting_capacity_non_fire_disturbance': 'resprouts_non_fire_disturbance (2)', 'resprouting_capacity_juvenile': 'juvenile_resprout (1)', 'resprouting_capacity_proportion_individuals': '1 (3)', 'fire_time_from_fire_to_flowering': '1.3953488372093 (1); 2.55813953488372 (1); 3.6 (1)', 'fire_time_from_fire_to_fruiting': '2.55813953488372 (1)'}"
Lachnagrostis aemula,,,,"{'post_fire_recruitment': 'post_fire_recruitment (1)', 'resprouting_capacity': 'fire_killed (V)', 'resprouting_capacity_non_fire_disturbance': 'resprouts_non_fire_disturbance (f)', 'resprouting_capacity_juvenile': 'juvenile_fire_killed (1)', 'resprouting_capacity_proportion_individuals': '1 (f)', 'fire_time_from_fire_to_flowering': '12 (f)'}"
Paspalidium gracile,,,,"{'post_fire_recruitment': 'post_fire_recruitment (f)', 'resprouting_capacity': 'resprouts (1)', 'resprouting_capacity_non_fire_disturbance': 'resprouts_non_fire_disturbance (1)', 'resprouting_capacity_juvenile': 'juvenile_resprout (f)', 'resprouting_capacity_proportion_individuals': '1 (f)', 'fire_time_from_fire_to_flowering': '12 (f)'}"
Rytidosperma semiannulare,,,,"{'post_fire_recruitment': 'post_fire_recruitment (f)', 'resprouting_capacity': 'partial_resprouting (V)', 'resprouting_capacity_non_fire_disturbance': 'resprouts_non_fire_disturbance (f)', 'resprouting_capacity_juvenile': 'juvenile_resprout (1)', 'resprouting_capacity_proportion_individuals': '0.8 (V)', 'fire_time_from_fire_to_flowering': '12 (1)'}"
Rytidosperma tenuius,,,,"{'post_fire_recruitment': 'post_fire_recruitment (f)', 'resprouting_capacity': 'resprouts (3)', 'resprouting_capacity_non_fire_disturbance': 'resprouts_non_fire_disturbance (f)', 'resprouting_capacity_juvenile': 'juvenile_fire_killed (1)', 'resprouting_capacity_proportion_individuals': '1 (f)', 'fire_time_from_fire_to_flowering': '12 (1); 2.55813953488372 (1); 4.18604651162791 (1)', 'fire_time_from_fire_to_fruiting': '4.18604651162791 (1)'}"
Sporobolus virginicus,,,,"{'post_fire_recruitment': 'post_fire_recruitment (f)', 'resprouting_capacity': 'partial_resprouting (V)', 'resprouting_capacity_non_fire_disturbance': 'resprouts_non_fire_disturbance (1)', 'resprouting_capacity_juvenile': 'juvenile_resprout (1)', 'resprouting_capacity_proportion_individuals': '1 (3)', 'fire_time_from_fire_to_flowering': '12 (f)'}"
Rumex sagittatus,,,,"{'resprouting_capacity': 'resprouts (2)', 'fire_time_from_fire_to_flowering': '12 (1); 6.97674418604651 (1)', 'fire_time_from_fire_to_fruiting': '6.97674418604651 (1)'}"
Persicaria strigosa,,,,"{'resprouting_capacity': 'fire_killed (1); resprouts (1)', 'fire_time_from_fire_to_flowering': '4.65116279069767 (1); 4.8 (1)'}"
Banksia aemula,,,,"{'post_fire_recruitment': 'post_fire_recruitment (3)', 'resprouting_capacity': 'resprouts (3)', 'resprouting_capacity_non_fire_disturbance': 'resprouts_non_fire_disturbance (f)'}"
Conospermum ericifolium,,,,"{'post_fire_recruitment': 'post_fire_recruitment (f)', 'resprouting_capacity': 'fire_killed (3)', 'resprouting_capacity_non_fire_disturbance': 'resprouts_non_fire_disturbance (f)', 'fire_time_from_fire_to_flowering': '21.1627906976744 (1); 24.1860465116279 (1)', 'fire_time_from_fire_to_fruiting': '22.5581395348837 (1)', 'fire_time_from_fire_to_peak_flowering': '36 (1); 60 (1)'}"
Grevillea buxifolia,,,,"{'post_fire_recruitment': 'post_fire_recruitment_absent (1)', 'resprouting_capacity': 'fire_killed (V)', 'resprouting_capacity_non_fire_disturbance': 'resprouts_non_fire_disturbance (f)', 'fire_time_from_fire_to_flowering': '20 (1); 24.1860465116279 (1); 36.2790697674419 (1)', 'fire_time_from_fire_to_fruiting': '26.5116279069767 (1)', 'fire_time_from_fire_to_peak_flowering': '48 (1); 72 (1)'}"
Grevillea linearifolia,,,,"{'post_fire_recruitment': 'post_fire_recruitment (1)', 'resprouting_capacity': 'fire_killed (V)', 'resprouting_capacity_non_fire_disturbance': 'resprouts_non_fire_disturbance (f)', 'fire_time_from_fire_to_flowering': '20.2325581395349 (1); 24.1860465116279 (1); 36.2790697674419 (1)', 'fire_time_from_fire_to_fruiting': '27.906976744186 (1)', 'fire_time_from_fire_to_peak_flowering': '60 (1); 72 (1)'}"
Grevillea speciosa,,,,"{'post_fire_recruitment': 'post_fire_recruitment (1)', 'resprouting_capacity': 'fire_killed (V)', 'resprouting_capacity_non_fire_disturbance': 'resprouts_non_fire_disturbance (f)', 'fire_time_from_fire_to_flowering': '31.6279069767442 (1)', 'fire_time_from_fire_to_peak_flowering': '60 (1)'}"
Hakea gibbosa,,,,"{'post_fire_recruitment': 'post_fire_recruitment (2)', 'resprouting_capacity': 'fire_killed (5)', 'resprouting_capacity_non_fire_disturbance': 'resprouts_non_fire_disturbance (f)', 'fire_time_from_fire_to_flowering': '30 (1); 36.2790697674419 (1); 48.3720930232558 (1)', 'fire_time_from_fire_to_fruiting': '36.9767441860465 (1)'}"
Hakea propinqua,,,,"{'post_fire_recruitment': 'post_fire_recruitment (1)', 'resprouting_capacity': 'fire_killed (4)', 'resprouting_capacity_non_fire_disturbance': 'resprouts_non_fire_disturbance (f)', 'fire_time_from_fire_to_flowering': '28.8372093023256 (1); 36.2790697674419 (1); 60.4651162790698 (1)', 'fire_time_from_fire_to_fruiting': '41.1627906976744 (1)'}"
Isopogon anethifolius,,,,"{'post_fire_recruitment': 'post_fire_recruitment (1)', 'resprouting_capacity': 'resprouts (V)', 'resprouting_capacity_non_fire_disturbance': 'resprouts_non_fire_disturbance (1)', 'fire_time_from_fire_to_flowering': '33.0232558139535 (1); 46.046511627907 (1); 48.3720930232558 (1); 60.4651162790698 (1)', 'fire_time_from_fire_to_fruiting': '56.2790697674419 (1)'}"
Macadamia integrifolia,,,,"{'post_fire_recruitment': 'post_fire_recruitment (f)', 'resprouting_capacity': 'resprouts (f)', 'resprouting_capacity_non_fire_disturbance': 'resprouts_non_fire_disturbance (f)'}"
Persoonia pinifolia,,,,"{'post_fire_recruitment': 'post_fire_recruitment (1)', 'resprouting_capacity': 'fire_killed (V)', 'resprouting_capacity_non_fire_disturbance': 'resprouts_non_fire_disturbance (f)', 'fire_time_from_fire_to_flowering': '60.4651162790698 (1); 62.7906976744186 (1); 72.5581395348837 (1)', 'fire_time_from_fire_to_fruiting': '68.6046511627907 (1)'}"
Stenocarpus sinuatus,,,,"{'post_fire_recruitment': 'post_fire_recruitment (f)', 'resprouting_capacity': 'resprouts (f)', 'resprouting_capacity_non_fire_disturbance': 'resprouts_non_fire_disturbance (f)'}"
Ranunculus inundatus,,,,"{'resprouting_capacity': 'resprouts (2)', 'resprouting_capacity_non_fire_disturbance': 'resprouts_non_fire_disturbance (1)', 'resprouting_capacity_juvenile': 'juvenile_fire_killed (1)'}"
Hypolaena fastigiata,,,,"{'post_fire_recruitment': 'post_fire_recruitment (1); post_fire_recruitment_absent (1)', 'resprouting_capacity': 'resprouts (4)', 'resprouting_capacity_non_fire_disturbance': 'resprouts_non_fire_disturbance (1)', 'resprouting_capacity_juvenile': 'juvenile_resprout (1)', 'fire_time_from_fire_to_flowering': '24 (1)'}"
Sporadanthus gracilis,,,,{'resprouting_capacity': 'resprouts (2)'}
Cryptandra ericoides,,,,"{'resprouting_capacity': 'fire_killed (4)', 'fire_time_from_fire_to_flowering': '14.8837209302326 (1)'}"
Emmenosperma alphitonioides,,,,{'resprouting_capacity': 'fire_killed (f)'}
Boronia pinnata,,,,"{'post_fire_recruitment': 'post_fire_recruitment (1)', 'resprouting_capacity': 'resprouts (V)', 'fire_time_from_fire_to_flowering': '24 (1); 24.1860465116279 (1); 3.6 (1); 8.6046511627907 (1)', 'fire_time_from_fire_to_fruiting': '22.5581395348837 (1)', 'fire_time_from_fire_to_peak_flowering': '36 (1)', 'fire_time_from_fire_to_50_percent_flowering': '20.6976744186047 (1)'}"
Crowea saligna,,,,"{'post_fire_recruitment': 'post_fire_recruitment (1)', 'resprouting_capacity': 'fire_killed (3)'}"
Leionema dentatum,,,,"{'post_fire_recruitment': 'post_fire_recruitment (f)', 'resprouting_capacity': 'fire_killed (3)', 'fire_time_from_fire_to_flowering': '43.953488372093 (1); 48.3720930232558 (1); 60.4651162790698 (1)', 'fire_time_from_fire_to_fruiting': '57.4418604651163 (1)', 'fire_time_from_fire_to_peak_flowering': '120 (1)'}"
Philotheca salsolifolia,,,,"{'post_fire_recruitment': 'post_fire_recruitment (1)', 'resprouting_capacity': 'resprouts (1)'}"
Philotheca scabra,,,,"{'post_fire_recruitment': 'post_fire_recruitment (f)', 'resprouting_capacity': 'fire_killed (1)'}"
Cupaniopsis anacardioides,,,,"{'post_fire_recruitment': 'post_fire_recruitment_absent (1)', 'resprouting_capacity': 'resprouts (V)'}"
Diploglottis australis,,,,"{'post_fire_recruitment': 'post_fire_recruitment_absent (1)', 'resprouting_capacity': 'fire_killed (1)'}"
Dodonaea viscosa,,,,"{'post_fire_recruitment': 'post_fire_recruitment (4)', 'resprouting_capacity': 'fire_killed (V)', 'resprouting_capacity_proportion_individuals': '0 (2)', 'fire_time_from_fire_to_flowering': '48 (1)'}"
Melilotus indicus,,,,"{'post_fire_recruitment': 'post_fire_recruitment (1)', 'resprouting_capacity': 'fire_killed (3)', 'resprouting_capacity_non_fire_disturbance': 'resprouts_non_fire_disturbance (f)', 'resprouting_capacity_juvenile': 'juvenile_fire_killed (f)', 'fire_time_from_fire_to_flowering': '6.04651162790698 (1)', 'fire_time_from_fire_to_fruiting': '8.83720930232558 (1)'}"
Grevillea juniperina,,,,"{'post_fire_recruitment': 'post_fire_recruitment (f)', 'resprouting_capacity': 'fire_killed (1); resprouts (1)', 'resprouting_capacity_non_fire_disturbance': 'resprouts_non_fire_disturbance (1)'}"
Verbena rigida,,,,"{'fire_time_from_fire_to_flowering': '2.7906976744186 (1)', 'fire_time_from_fire_to_fruiting': '5.34883720930233 (1)'}"
Viola betonicifolia,,,,"{'post_fire_recruitment': 'post_fire_recruitment (1)', 'resprouting_capacity': 'resprouts (V)', 'resprouting_capacity_non_fire_disturbance': 'resprouts_non_fire_disturbance (1)', 'resprouting_capacity_juvenile': 'juvenile_fire_killed (1)'}"
Desmodium varians,,,,"{'post_fire_recruitment': 'post_fire_recruitment (2)', 'resprouting_capacity': 'resprouts (3)', 'resprouting_capacity_non_fire_disturbance': 'resprouts_non_fire_disturbance (f)', 'resprouting_capacity_juvenile': 'juvenile_fire_killed (1)', 'fire_time_from_fire_to_flowering': '12 (1)'}"
Hibbertia hypericoides,,,,"{'post_fire_recruitment': 'post_fire_recruitment (34)', 'resprouting_capacity': 'resprouts (38)', 'resprouting_capacity_non_fire_disturbance': 'resprouts_non_fire_disturbance (g)', 'fire_time_from_fire_to_flowering': '0--24 (1); 22 (1)'}"
Corymbia calophylla,,,,"{'post_fire_recruitment': 'post_fire_recruitment (1)', 'resprouting_capacity': 'resprouts (V)', 'resprouting_capacity_non_fire_disturbance': 'resprouts_non_fire_disturbance (f)', 'resprouting_capacity_juvenile': 'juvenile_fire_killed (f)', 'fire_time_from_fire_to_flowering': '48 (1)', 'fire_time_from_fire_to_50_percent_flowering': '48 (1)'}"
Hakea lorea,,,,"{'post_fire_recruitment': 'post_fire_recruitment (1)', 'resprouting_capacity': 'partial_resprouting (1); resprouts (1)', 'resprouting_capacity_non_fire_disturbance': 'resprouts_non_fire_disturbance (f)'}"
Ipomoea muelleri,,,,{'resprouting_capacity': 'resprouts (2)'}
Adansonia gregorii,,,,"{'post_fire_recruitment': 'post_fire_recruitment (2)', 'resprouting_capacity': 'resprouts (5)', 'fire_time_from_fire_to_flowering': '--120 (1)'}"
Cochlospermum fraseri,,,,"{'post_fire_recruitment': 'post_fire_recruitment (1)', 'resprouting_capacity': 'resprouts (V)'}"
Swainsona formosa,,,,"{'post_fire_recruitment': 'post_fire_recruitment (f)', 'resprouting_capacity': 'fire_killed (1)', 'resprouting_capacity_non_fire_disturbance': 'resprouts_non_fire_disturbance (f)', 'resprouting_capacity_juvenile': 'juvenile_fire_killed (f)'}"
Nymphoides crenata,,,,"{'resprouting_capacity': 'resprouts (1)', 'resprouting_capacity_non_fire_disturbance': 'resprouts_non_fire_disturbance (1)'}"
Vicia hirsuta,,,,"{'post_fire_recruitment': 'post_fire_recruitment (1)', 'resprouting_capacity': 'fire_killed (2)', 'resprouting_capacity_non_fire_disturbance': 'resprouts_non_fire_disturbance (f)', 'resprouting_capacity_juvenile': 'juvenile_fire_killed (f)', 'fire_time_from_fire_to_flowering': '12 (1)', 'fire_time_from_fire_to_fruiting': '8.83720930232558 (1)'}"
Cyperus alterniflorus,,,,"{'resprouting_capacity': 'resprouts (f)', 'resprouting_capacity_non_fire_disturbance': 'resprouts_non_fire_disturbance (f)', 'resprouting_capacity_juvenile': 'juvenile_fire_killed (f)'}"
Bidens alba,,,,"{'post_fire_recruitment': 'post_fire_recruitment (f)', 'resprouting_capacity': 'fire_killed (f)', 'resprouting_capacity_non_fire_disturbance': 'resprouts_non_fire_disturbance (f)', 'resprouting_capacity_juvenile': 'juvenile_fire_killed (f)', 'fire_time_from_fire_to_flowering': '12 (f)'}"
Heptapleurum actinophyllum,,,,{'resprouting_capacity': 'resprouts (V)'}
Samolus valerandi,,,,"{'resprouting_capacity': 'fire_killed (1)', 'fire_time_from_fire_to_flowering': '96 (1)'}"
Polypogon monspeliensis,,,,"{'post_fire_recruitment': 'post_fire_recruitment (f)', 'resprouting_capacity': 'fire_killed (4)', 'resprouting_capacity_non_fire_disturbance': 'resprouts_non_fire_disturbance (f)', 'resprouting_capacity_juvenile': 'juvenile_resprout (f)', 'resprouting_capacity_proportion_individuals': '1 (f)', 'fire_time_from_fire_to_flowering': '12 (f)'}"
Euphorbia paralias,,,,{'resprouting_capacity': 'fire_killed (1); resprouts (1)'}
Grevillea venusta,,,,"{'post_fire_recruitment': 'post_fire_recruitment (f)', 'resprouting_capacity': 'resprouts (f)', 'resprouting_capacity_non_fire_disturbance': 'resprouts_non_fire_disturbance (f)'}"
Digitaria violascens,,,,"{'post_fire_recruitment': 'post_fire_recruitment (f)', 'resprouting_capacity': 'resprouts (f)', 'resprouting_capacity_non_fire_disturbance': 'resprouts_non_fire_disturbance (f)', 'resprouting_capacity_juvenile': 'juvenile_resprout (f)', 'resprouting_capacity_proportion_individuals': '1 (f)', 'fire_time_from_fire_to_flowering': '12 (f)'}"
Polygonum arenastrum,,,,"{'resprouting_capacity': 'fire_killed (2)', 'resprouting_capacity_juvenile': 'juvenile_fire_killed (1)'}"
Rubus anglocandicans,,,,"{'post_fire_recruitment': 'post_fire_recruitment (2); post_fire_recruitment_absent (2)', 'resprouting_capacity': 'resprouts (8)', 'resprouting_capacity_juvenile': 'juvenile_fire_killed (1)', 'fire_time_from_fire_to_flowering': '12 (1); 12.093023255814 (1); 8.83720930232558 (1)', 'fire_time_from_fire_to_fruiting': '11.3953488372093 (1)'}"
