Occurrence ID,Scientific Name,Event Date,Dataset Name,Reserve Name,Decimal Latitude,Decimal Longitude,Individual Count,Reproductive Condition,Establishment Means,Occurrence Remarks,Year,Month,Day,Habitat,Sampling Protocol,Locality,Location Remarks,Identified By,Date Identified,Owner Institution Code,Basis of Record,Data Generalizations,Recorded By,Client Business Name,__source,year,decimals,precision_tier
30776,Acacia pubescens,2009-09-16T00:00:00,DPIE Data from Scientific Licences dataset,Carysfield,-33.901327,150.997818,,,,occurrenceRemarks withheld,2009.0,9.0,16.0,,,locality withheld,locationRemarks withheld,,,NSW National Parks and Wildlife Service,HUMAN_OBSERVATION,,ODMP11031700,CB Council,ALA,2009,6,<1 m (6+ dp)
7689,Stylidium graminifolium,2021-12-30T15:25:00,iNaturalist research-grade observations,Not in a reserve,-33.97498,151.02919,,flowers,,,2021.0,12.0,30.0,,,,,Bradley W. Jones,2022-06-28T09:23:18Z,,HUMAN_OBSERVATION,,Bradley W. Jones,CB Council,iNaturalist,2021,5,≈1–10 m (5 dp)
23924,Acacia linifolia,2009-11-12T00:00:00,DPIE Default Sightings,Salt Pan Reserve,-33.96298,151.04025,,,,occurrenceRemarks withheld,2009.0,11.0,12.0,,,locality withheld,locationRemarks withheld,,,NSW Dept of Planning and Environment,HUMAN_OBSERVATION,,OEMM09102201,CB Council,ALA,2009,5,≈1–10 m (5 dp)
33645,Paspalum dilatatum,2016-09-08T00:00:00,Ecoplanning Vegetation Survey,Not in a reserve,-33.887222,151.053333,,,introduced,occurrenceRemarks withheld,2016.0,9.0,8.0,,Floristic Data,locality withheld,locationRemarks withheld,,,Ecoplanning P/L,HUMAN_OBSERVATION,,OPUR16031000,CB Council,ALA,2016,6,<1 m (6+ dp)
10650,Rhaphiolepis indica,2021-03-31T14:14:22,iNaturalist observations,Not in a reserve,-33.923794,151.121611,,,,,2021.0,3.0,31.0,,,,,,,,HUMAN_OBSERVATION,,etet,CB Council,iNaturalist,2021,6,<1 m (6+ dp)
4037,Acacia pubescens,2010-01-15T00:00:00,DPIE Data from Scientific Licences dataset,Lansdowne,-33.89215,150.974213,,,,occurrenceRemarks withheld,2010.0,1.0,15.0,,,locality withheld,locationRemarks withheld,,,NSW National Parks and Wildlife Service,HUMAN_OBSERVATION,,ODMP11031700,CB Council,ALA,2010,6,<1 m (6+ dp)
29877,Cyclospermum leptophyllum,2011-04-13T00:00:00,DPIE Data from Scientific Licences dataset,Not in a reserve,-33.951399,150.974736,,,introduced,occurrenceRemarks withheld,2011.0,4.0,,,,locality withheld,locationRemarks withheld,,,NSW National Parks and Wildlife Service,HUMAN_OBSERVATION,,OEMM09100802;OEMM09100803;OJJS10080400;OIXR13062400,CB Council,ALA,2011,6,<1 m (6+ dp)
41675,Pittosporum revolutum,2004-05-01T12:00:00,The Crest-Appendix,Bellevue,-33.910871,150.998776,,,,,2004,5,1,,,,,,,,,,,CB Council,Prototype,2004,6,<1 m (6+ dp)
29088,Araujia sericifera,2015-11-23T00:00:00,DPIE Data from Scientific Licences dataset,Not in a reserve,-33.947766,150.991852,,,introduced,occurrenceRemarks withheld,2015.0,11.0,,,,locality withheld,locationRemarks withheld,,,NSW National Parks and Wildlife Service,HUMAN_OBSERVATION,,ODMP09120203,CB Council,ALA,2015,6,<1 m (6+ dp)
22939,Casuarina glauca,2014-02-05T00:00:00,ACA Vegetation Survey,Deepwater,-33.949588,150.97427,,,,occurrenceRemarks withheld,2014.0,2.0,5.0,,Floristic Data,locality withheld,locationRemarks withheld,,,Anne Clements & Associates,HUMAN_OBSERVATION,,OEMM09100802;OIXR13100400,CB Council,ALA,2014,6,<1 m (6+ dp)
22173,Erigeron bonariensis,2000-06-01T00:00:00,DTHOMAS2 Vegetation Survey,Not in a reserve,-33.928986,151.024518,,,introduced,occurrenceRemarks withheld,2000.0,6.0,1.0,,Floristic Data,locality withheld,locationRemarks withheld,,,"David Thomas, 9 Miriam Road, Denistone",HUMAN_OBSERVATION,,OPUR23081001,CB Council,ALA,2000,6,<1 m (6+ dp)
34977,Lobelia purpurascens,2021-05-27T00:00:00,DPIE Data from Scientific Licences dataset,Deepwater,-33.946339,150.979163,,,,occurrenceRemarks withheld,2021.0,5.0,27.0,,,locality withheld,locationRemarks withheld,,,NSW National Parks and Wildlife Service,HUMAN_OBSERVATION,,OMFZ23032802,CB Council,ALA,2021,6,<1 m (6+ dp)
19590,Solanum pseudocapsicum,2015-12-10T00:00:00,DPIE Data from Scientific Licences dataset,Miram-Beena,-33.908598,150.974971,,,introduced,occurrenceRemarks withheld,2015.0,12.0,10.0,,,locality withheld,locationRemarks withheld,,,NSW National Parks and Wildlife Service,HUMAN_OBSERVATION,,OIXR13102801,CB Council,ALA,2015,6,<1 m (6+ dp)
21887,Eucalyptus longifolia,2008-02-13T00:00:00,METROCMA2 Vegetation Survey,Deepwater,-33.95152,150.980112,,,,occurrenceRemarks withheld,2008.0,2.0,13.0,,Floristic Data,locality withheld,locationRemarks withheld,,,NSW Dept of Planning and Environment,HUMAN_OBSERVATION,,VEG-NICR;OPUR23081001,CB Council,ALA,2008,6,<1 m (6+ dp)
29132,Syagrus romanzoffiana,2020-03-06T00:00:00,DPIE Data from Scientific Licences dataset,Not in a reserve,-33.932073,150.977844,,,introduced,occurrenceRemarks withheld,2020.0,3.0,6.0,,,locality withheld,locationRemarks withheld,,,NSW National Parks and Wildlife Service,HUMAN_OBSERVATION,,OLUC19010800,CB Council,ALA,2020,6,<1 m (6+ dp)
22857,Ozothamnus diosmifolius,2009-11-18T00:00:00,DPIE Default Sightings,Crest,-33.90947,150.99401,,,,occurrenceRemarks withheld,2009.0,11.0,18.0,,,locality withheld,locationRemarks withheld,,,NSW Dept of Planning and Environment,HUMAN_OBSERVATION,,OEMM09102201,CB Council,ALA,2009,5,≈1–10 m (5 dp)
21165,Leucopogon juniperinus,2024-05-28T00:00:00,DPIE Data from Scientific Licences dataset,Not in a reserve,-33.89015,151.03269,,,,occurrenceRemarks withheld,2024.0,5.0,28.0,,,locality withheld,locationRemarks withheld,,,NSW National Parks and Wildlife Service,HUMAN_OBSERVATION,,OLHP24010904;OLHP24010909,CB Council,ALA,2024,5,≈1–10 m (5 dp)
6525,Ochna serrulata,2023-11-04T13:27:35,iNaturalist research-grade observations,Not in a reserve,-33.97287,151.037033,,,,,2023.0,11.0,4.0,,,,,Julianne,2023-11-04T03:53:15Z,,HUMAN_OBSERVATION,,robyn_young,CB Council,iNaturalist,2023,6,<1 m (6+ dp)
6788,Aphanopetalum resinosum,2023-07-09T11:46:00,iNaturalist research-grade observations,Not in a reserve,-33.888422,151.022469,,,,,2023.0,7.0,9.0,,,,,Thomas Mesaglio,2023-07-09T03:53:51Z,,HUMAN_OBSERVATION,,Thomas Mesaglio,CB Council,iNaturalist,2023,6,<1 m (6+ dp)
3432,Leichhardtia viridiflora subsp. viridiflora,2020-05-29T00:00:00,DPIE Data from Scientific Licences dataset,Lansdowne,-33.89197,150.974272,,,,occurrenceRemarks withheld,2020.0,5.0,29.0,,,locality withheld,locationRemarks withheld,,,NSW National Parks and Wildlife Service,HUMAN_OBSERVATION,,OJJS16072001,CB Council,ALA,2020,6,<1 m (6+ dp)
38894,Foeniculum vulgare,2004-05-01T12:00:00,Salt Pan Creek Flora&Fauna Apndx4 POM,Salt Pan Reserve,-33.946515,151.039711,,,,,2004,5,1,,,,,,,,,,,CB Council,Prototype,2004,6,<1 m (6+ dp)
25302,Digitaria sanguinalis,2018-01-25T00:00:00,DPIE Data from Scientific Licences dataset,Not in a reserve,-33.874778,151.006314,,,introduced,occurrenceRemarks withheld,2018.0,1.0,25.0,,,locality withheld,locationRemarks withheld,,,NSW National Parks and Wildlife Service,HUMAN_OBSERVATION,,OPUR17101700;OPUR17101701,CB Council,ALA,2018,6,<1 m (6+ dp)
25377,Populus nigra,2023-06-21T00:00:00,DPIE Data from Scientific Licences dataset,Not in a reserve,-33.936373,151.031151,,,introduced,occurrenceRemarks withheld,2023.0,6.0,21.0,,,locality withheld,locationRemarks withheld,,,NSW National Parks and Wildlife Service,HUMAN_OBSERVATION,,OJAL01071800;OMFZ23040517;ODFK24022801;ODFK24022802,CB Council,ALA,2023,6,<1 m (6+ dp)
34968,Eragrostis curvula,2019-06-18T00:00:00,DPIE Data from Scientific Licences dataset,Not in a reserve,-33.892342,151.032942,,,introduced,occurrenceRemarks withheld,2019.0,,,,,locality withheld,locationRemarks withheld,,,NSW National Parks and Wildlife Service,HUMAN_OBSERVATION,,ODMP00113020,CB Council,ALA,2019,6,<1 m (6+ dp)
28554,Lambertia formosa,2010-12-14T00:00:00,NP_GEORGES Vegetation Survey,Not in a reserve,-33.976092,151.007833,,,,occurrenceRemarks withheld,2010.0,12.0,14.0,,Floristic Data,locality withheld,locationRemarks withheld,,,NSW Dept of Planning and Environment,HUMAN_OBSERVATION,,ODMP99111100;VEG-NICR,CB Council,ALA,2010,6,<1 m (6+ dp)
41741,Plantago lanceolata,2004-05-01T12:00:00,The Crest-Appendix,Crest,-33.908539,150.99598,,,,,2004,5,1,,,,,,,,,,,CB Council,Prototype,2004,6,<1 m (6+ dp)
38761,Eucalyptus tereticornis,2004-05-01T12:00:00,Lansdowne area Flora&Fauna Appndx6 POM,Miram-Beena,-33.906477,150.980754,,,,,2004,5,1,,,,,,,,,,,CB Council,Prototype,2004,6,<1 m (6+ dp)
6906,Solanum lycopersicum,2023-01-29T15:35:00,iNaturalist research-grade observations,Not in a reserve,-33.88267,151.008974,,,,,2023.0,1.0,29.0,,,,,Thomas Mesaglio,2023-01-29T07:48:26Z,,HUMAN_OBSERVATION,,Thomas Mesaglio,CB Council,iNaturalist,2023,6,<1 m (6+ dp)
38620,Eucalyptus microcorys,2004-05-01T12:00:00,Lansdowne area Flora&Fauna Appndx6 POM,Boggabilla,-33.893074,150.979543,,,,,2004,5,1,,,,,,,,,,,CB Council,Prototype,2004,6,<1 m (6+ dp)
35040,Grevillea juniperina,2015-09-15T00:00:00,DPIE Default Sightings,Not in a reserve,-33.890332,151.055229,,,,occurrenceRemarks withheld,2015.0,9.0,15.0,,,locality withheld,locationRemarks withheld,,,NSW Dept of Planning and Environment,HUMAN_OBSERVATION,,OIXR15081800,CB Council,ALA,2015,6,<1 m (6+ dp)
39152,Grevillea mucronulata,2004-05-01T12:00:00,Southern Reserves Flora&Fauna Apndx4 POM,Churchill Reserve,-33.969913,151.028269,,,,,2004,5,1,,,,,,,,,,,CB Council,Prototype,2004,6,<1 m (6+ dp)
23256,Lobelia purpurascens,2008-03-07T00:00:00,METROCMA2 Vegetation Survey,Crest,-33.911035,150.996728,,,,occurrenceRemarks withheld,2008.0,3.0,7.0,,Floristic Data,locality withheld,locationRemarks withheld,,,NSW Dept of Planning and Environment,HUMAN_OBSERVATION,,OPJGI0002327;VEG-NICR,CB Council,ALA,2008,6,<1 m (6+ dp)
23748,Clematis glycinoides,2014-02-05T00:00:00,ACA Vegetation Survey,Deepwater,-33.94749,150.974969,,,,occurrenceRemarks withheld,2014.0,2.0,5.0,,Floristic Data,locality withheld,locationRemarks withheld,,,Anne Clements & Associates,HUMAN_OBSERVATION,,OEMM09100802;OIXR13100400,CB Council,ALA,2014,6,<1 m (6+ dp)
17662,Strelitzia reginae,2019-02-15T06:03:59,Individual sighting,Not in a reserve,-33.942065,151.014223,1.0,,,"Close crop of the topside of the leaf, image is backlit.",2019.0,2.0,15.0,,,,nullnull,,,,HUMAN_OBSERVATION,,Michael Hains,CB Council,ALA,2019,6,<1 m (6+ dp)
27831,Acacia pubescens,2009-08-18T00:00:00,DPIE Data from Scientific Licences dataset,Crest,-33.907869,150.995297,,,,occurrenceRemarks withheld,2009.0,8.0,18.0,,,locality withheld,locationRemarks withheld,,,NSW National Parks and Wildlife Service,HUMAN_OBSERVATION,,ODMP11031700,CB Council,ALA,2009,6,<1 m (6+ dp)
7951,Ficus macrophylla,2021-08-19T14:03:42,iNaturalist observations,Not in a reserve,-33.929729,151.126943,,,,,2021.0,8.0,19.0,,,,,,,,HUMAN_OBSERVATION,,Gareth,CB Council,iNaturalist,2021,6,<1 m (6+ dp)
36660,Bursaria spinosa,2004-05-01T12:00:00,Birrong Sefton Flora&Fauna Apndx3 POM,Jenson Pk,-33.883502,151.01767,,,,,2004,5,1,,,,,,,,,,,CB Council,Prototype,2004,6,<1 m (6+ dp)
41074,Onopordum acanthium,2004-05-01T12:00:00,Birrong Sefton Flora&Fauna Apndx3 POM,Band Hall Reserve,-33.896649,151.019718,,,,,2004,5,1,,,,,,,,,,,CB Council,Prototype,2004,6,<1 m (6+ dp)
31434,Oxalis exilis,2014-02-05T00:00:00,DPIE Data from Scientific Licences dataset,Deepwater,-33.950022,150.975958,,,,occurrenceRemarks withheld,2014.0,2.0,5.0,Woodland,,locality withheld,locationRemarks withheld,,,NSW National Parks and Wildlife Service,HUMAN_OBSERVATION,,OEMM09100802;OIXR13062400,CB Council,ALA,2014,6,<1 m (6+ dp)
1317,Acacia pubescens,2010-01-15T00:00:00,DPIE Data from Scientific Licences dataset,Lansdowne,-33.892804,150.975052,,,,occurrenceRemarks withheld,2010.0,1.0,15.0,,,locality withheld,locationRemarks withheld,,,NSW National Parks and Wildlife Service,HUMAN_OBSERVATION,,ODMP11031700,CB Council,ALA,2010,6,<1 m (6+ dp)
23719,Ipomoea indica,2018-09-06T00:00:00,DPIE Data from Scientific Licences dataset,Not in a reserve,-33.926126,151.147934,,,introduced,occurrenceRemarks withheld,2018.0,9.0,6.0,,,locality withheld,locationRemarks withheld,,,NSW National Parks and Wildlife Service,HUMAN_OBSERVATION,,OIXR1609090L,CB Council,ALA,2018,6,<1 m (6+ dp)
20148,Pandorea pandorana,2014-12-11T00:00:00,DPIE Data from Scientific Licences dataset,Not in a reserve,-33.926678,151.147453,,FR Fresh Fruit,,occurrenceRemarks withheld,2014.0,12.0,11.0,,,locality withheld,locationRemarks withheld,,,NSW National Parks and Wildlife Service,HUMAN_OBSERVATION,,OCAM11011800,CB Council,ALA,2014,6,<1 m (6+ dp)
12630,Centaurium tenuiflorum,1892-12-04T00:00:00,The Australasian Virtual Herbarium (AVH),Not in a reserve,-33.915297,151.100939,,,,,1892.0,12.0,4.0,,,Canterbury,,unknown,,,PRESERVED_SPECIMEN,,Holloway,CB Council,ALA,1892,6,<1 m (6+ dp)
6060,Pomax umbellata,2022-01-02T14:29:00,iNaturalist research-grade observations,Not in a reserve,-33.970978,151.014436,,,,,2022.0,1.0,2.0,,,,,Melissa Abdallah,2022-01-02T06:28:55Z,,HUMAN_OBSERVATION,,Melissa Abdallah,CB Council,iNaturalist,2022,6,<1 m (6+ dp)
8772,Actinotus helianthi,2018-12-23T16:45:00,iNaturalist research-grade observations,Not in a reserve,-33.975191,151.003882,,flowers,,,2018.0,12.0,23.0,,,,,Kevin Huang,2023-07-08T14:37:21Z,,HUMAN_OBSERVATION,,Kevin Huang,CB Council,iNaturalist,2018,6,<1 m (6+ dp)
4058,Acacia pubescens,2010-01-15T00:00:00,DPIE Data from Scientific Licences dataset,Lansdowne,-33.892856,150.974921,,,,occurrenceRemarks withheld,2010.0,1.0,15.0,,,locality withheld,locationRemarks withheld,,,NSW National Parks and Wildlife Service,HUMAN_OBSERVATION,,ODMP11031700,CB Council,ALA,2010,6,<1 m (6+ dp)
19132,Eragrostis leptostachya,2001-12-01T00:00:00,DTHOMAS2 Vegetation Survey,Not in a reserve,-33.90605,151.067873,,,,occurrenceRemarks withheld,2001.0,12.0,1.0,,Floristic Data,locality withheld,locationRemarks withheld,,,"David Thomas, 9 Miriam Road, Denistone",HUMAN_OBSERVATION,,OPUR23081001,CB Council,ALA,2001,6,<1 m (6+ dp)
28393,Poa annua,2008-05-29T00:00:00,DPIE Data from Scientific Licences dataset,Not in a reserve,-33.96926,151.044229,,,introduced,occurrenceRemarks withheld,2008.0,5.0,29.0,,,locality withheld,locationRemarks withheld,,,NSW National Parks and Wildlife Service,HUMAN_OBSERVATION,,OJJS07082200,CB Council,ALA,2008,6,<1 m (6+ dp)
38627,Eucalyptus microcorys,2004-05-01T12:00:00,Lansdowne area Flora&Fauna Appndx6 POM,Miram-Beena,-33.893451,150.970339,,,,,2004,5,1,,,,,,,,,,,CB Council,Prototype,2004,6,<1 m (6+ dp)
24161,Einadia hastata,2001-12-21T00:00:00,DPIE Default Sightings,Not in a reserve,-33.972962,150.996914,,,,occurrenceRemarks withheld,2001.0,12.0,21.0,,,locality withheld,locationRemarks withheld,,,NSW Dept of Planning and Environment,HUMAN_OBSERVATION,,OPXE96052900,CB Council,ALA,2001,6,<1 m (6+ dp)
41893,Pomaderris prunifolia,2004-05-01T12:00:00,The Crest-Appendix,Crest,-33.908539,150.99598,,,,,2004,5,1,,,,,,,,,,,CB Council,Prototype,2004,6,<1 m (6+ dp)
30870,Pimelea spicata,2010-02-11T00:00:00,DPIE Data from Scientific Licences dataset,Crest,-33.910742,150.996787,,,,occurrenceRemarks withheld,2010.0,2.0,11.0,,,locality withheld,locationRemarks withheld,,,NSW National Parks and Wildlife Service,HUMAN_OBSERVATION,,ODMP11031700,CB Council,ALA,2010,6,<1 m (6+ dp)
20065,Pavonia hastata,2000-06-29T00:00:00,WESTSYD2 Vegetation Survey,Not in a reserve,-33.941424,151.046734,,,introduced,occurrenceRemarks withheld,2000.0,6.0,29.0,,Floristic Data,locality withheld,locationRemarks withheld,,,NSW Dept of Planning and Environment,HUMAN_OBSERVATION,,OPUR23081001,CB Council,ALA,2000,6,<1 m (6+ dp)
19761,Leucopogon juniperinus,2008-12-07T00:00:00,DPIE Data from Scientific Licences dataset,Not in a reserve,-33.921711,150.997024,,,,occurrenceRemarks withheld,2008.0,12.0,7.0,,,locality withheld,locationRemarks withheld,,,NSW National Parks and Wildlife Service,HUMAN_OBSERVATION,,ODMP08080501,CB Council,ALA,2008,6,<1 m (6+ dp)
27803,Casuarina glauca,2018-05-23T00:00:00,DPIE Data from Scientific Licences dataset,Not in a reserve,-33.930036,150.980607,,,,occurrenceRemarks withheld,2018.0,5.0,23.0,,,locality withheld,locationRemarks withheld,,,NSW National Parks and Wildlife Service,HUMAN_OBSERVATION,,OIXR15013005,CB Council,ALA,2018,6,<1 m (6+ dp)
20335,Acacia pubescens,2009-08-18T00:00:00,DPIE Data from Scientific Licences dataset,Carysfield,-33.903382,150.997208,,,,occurrenceRemarks withheld,2009.0,8.0,18.0,,,locality withheld,locationRemarks withheld,,,NSW National Parks and Wildlife Service,HUMAN_OBSERVATION,,ODMP11031700,CB Council,ALA,2009,6,<1 m (6+ dp)
42802,Tradescantia fluminensis,2004-05-01T12:00:00,Lansdowne area Flora&Fauna Appndx6 POM,Miram-Beena,-33.900525,150.97568,,,,,2004,5,1,,,,,,,,,,,CB Council,Prototype,2004,6,<1 m (6+ dp)
29770,Acacia pubescens,2009-09-08T00:00:00,DPIE Data from Scientific Licences dataset,Carysfield,-33.901965,150.997663,,,,occurrenceRemarks withheld,2009.0,9.0,8.0,,,locality withheld,locationRemarks withheld,,,NSW National Parks and Wildlife Service,HUMAN_OBSERVATION,,ODMP11031700,CB Council,ALA,2009,6,<1 m (6+ dp)
9930,Passiflora suberosa,2020-06-12T12:44:47,iNaturalist research-grade observations,Salt Pan Reserve,-33.948475,151.040236,,,,,2020.0,6.0,12.0,,,,,J.R. Kuethe,2020-07-14T19:35:40Z,,HUMAN_OBSERVATION,,Thomas Mesaglio,CB Council,iNaturalist,2020,6,<1 m (6+ dp)
3117,Oxalis perennans,2014-11-07T00:00:00,GC-offsets Vegetation Survey,Lansdowne,-33.892471,150.977849,,,,occurrenceRemarks withheld,2014.0,11.0,7.0,,Floristic Data,locality withheld,locationRemarks withheld,,,NSW Dept of Planning and Environment,HUMAN_OBSERVATION,,ORXM97042200,CB Council,ALA,2014,6,<1 m (6+ dp)
7859,Lambertia formosa,2021-11-23T15:07:00,iNaturalist research-grade observations,Not in a reserve,-33.976478,151.003468,,,,,2021.0,11.0,23.0,,,,,Eamonn Culhane,2021-12-22T11:51:14Z,,HUMAN_OBSERVATION,,Eamonn Culhane,CB Council,iNaturalist,2021,6,<1 m (6+ dp)
36711,Callistemon linearis,2004-05-01T12:00:00,Salt Pan Creek Flora&Fauna Apndx4 POM,Salt Pan Reserve,-33.946515,151.039711,,,,,2004,5,1,,,,,,,,,,,CB Council,Prototype,2004,6,<1 m (6+ dp)
34756,Hedera helix,2009-10-01T00:00:00,DPIE Data from Scientific Licences dataset,Not in a reserve,-33.966686,151.041687,,,introduced,occurrenceRemarks withheld,2009.0,10.0,1.0,,,locality withheld,locationRemarks withheld,,,NSW National Parks and Wildlife Service,HUMAN_OBSERVATION,,ODMP07040202,CB Council,ALA,2009,6,<1 m (6+ dp)
35711,Allocasuarina littoralis,2004-05-01T12:00:00,Milperra area Flora&Fauna Apndx5 POM,Newland Reserve,-33.938076,150.978967,,,,,2004,5,1,,,,,,,,,,,CB Council,Prototype,2004,6,<1 m (6+ dp)
38790,Euphorbia peplus,2004-05-01T12:00:00,Lansdowne area Flora&Fauna Appndx6 POM,Miram-Beena,-33.906477,150.980754,,,,,2004,5,1,,,,,,,,,,,CB Council,Prototype,2004,6,<1 m (6+ dp)
40779,Modiola caroliniana,2004-05-01T12:00:00,Lansdowne area Flora&Fauna Appndx6 POM,Miram-Beena,-33.909351,150.975191,,,,,2004,5,1,,,,,,,,,,,CB Council,Prototype,2004,6,<1 m (6+ dp)
6107,Acacia suaveolens,2024-11-16T15:03:30,iNaturalist research-grade observations,Not in a reserve,-33.926697,151.147099,,fruits or seeds,,,2024.0,11.0,16.0,,,,,tmkey,2024-11-16T04:04:15Z,,HUMAN_OBSERVATION,,tmkey,CB Council,iNaturalist,2024,6,<1 m (6+ dp)
31224,Acacia pubescens,2009-09-15T00:00:00,DPIE Data from Scientific Licences dataset,Salt Pan Reserve,-33.955708,151.040379,,,,occurrenceRemarks withheld,2009.0,9.0,15.0,,,locality withheld,locationRemarks withheld,,,NSW National Parks and Wildlife Service,HUMAN_OBSERVATION,,ODMP11031700,CB Council,ALA,2009,6,<1 m (6+ dp)
38192,Elaeocarpus reticulatus,2004-05-01T12:00:00,Southern Reserves Flora&Fauna Apndx4 POM,Lambeth Reserve,-33.971772,150.996708,,,,,2004,5,1,,,,,,,,,,,CB Council,Prototype,2004,6,<1 m (6+ dp)
26813,Cirsium vulgare,2014-09-05T00:00:00,DPIE Data from Scientific Licences dataset,Not in a reserve,-33.892993,151.045921,,,introduced,occurrenceRemarks withheld,2014.0,9.0,5.0,,,locality withheld,locationRemarks withheld,,,NSW National Parks and Wildlife Service,HUMAN_OBSERVATION,,OIXR15011200,CB Council,ALA,2014,6,<1 m (6+ dp)
42523,Solanum seaforthianum,2004-05-01T12:00:00,Milperra area Flora&Fauna Apndx5 POM,Newland Reserve,-33.938076,150.978967,,,,,2004,5,1,,,,,,,,,,,CB Council,Prototype,2004,6,<1 m (6+ dp)
10345,Ozothamnus diosmifolius,2024-10-27T15:32:12,iNaturalist research-grade observations,Not in a reserve,-33.92935,151.136295,,,,,2024.0,10.0,27.0,,,,,benjamingiannaras,2025-02-25T03:47:45Z,,HUMAN_OBSERVATION,,benjamingiannaras,CB Council,iNaturalist,2024,6,<1 m (6+ dp)
23100,Bothriochloa macra,2007-04-05T00:00:00,DPIE Default Sightings,Crest,-33.909146,150.996486,,,,occurrenceRemarks withheld,2007.0,4.0,5.0,,,locality withheld,locationRemarks withheld,,,NSW Dept of Planning and Environment,HUMAN_OBSERVATION,,OEMM09111310,CB Council,ALA,2007,6,<1 m (6+ dp)
26839,Callistemon salignus,2014-06-06T00:00:00,DPIE Data from Scientific Licences dataset,Not in a reserve,-33.967904,151.007012,,,,occurrenceRemarks withheld,2014.0,6.0,6.0,,,locality withheld,locationRemarks withheld,,,NSW National Parks and Wildlife Service,HUMAN_OBSERVATION,,OPJGI0001723,CB Council,ALA,2014,6,<1 m (6+ dp)
1645,Acacia pubescens,2020-05-29T00:00:00,DPIE Data from Scientific Licences dataset,Lansdowne,-33.892712,150.974852,,,,occurrenceRemarks withheld,2020.0,5.0,29.0,,,locality withheld,locationRemarks withheld,,,NSW National Parks and Wildlife Service,HUMAN_OBSERVATION,,OJJS16072001,CB Council,ALA,2020,6,<1 m (6+ dp)
7546,Elaeocarpus reticulatus,2022-11-17T14:27:03,iNaturalist research-grade observations,Not in a reserve,-33.971025,151.020028,,,,,2022.0,11.0,17.0,,,,,lissabelleg,2022-11-17T03:28:02Z,,HUMAN_OBSERVATION,,lissabelleg,CB Council,iNaturalist,2022,6,<1 m (6+ dp)
34661,Galium aparine,2021-05-27T00:00:00,DPIE Data from Scientific Licences dataset,Deepwater,-33.946339,150.979163,,,introduced,occurrenceRemarks withheld,2021.0,5.0,27.0,,,locality withheld,locationRemarks withheld,,,NSW National Parks and Wildlife Service,HUMAN_OBSERVATION,,OMFZ23032802,CB Council,ALA,2021,6,<1 m (6+ dp)
10247,Ageratina adenophora,2023-06-09T09:50:00,iNaturalist research-grade observations,Not in a reserve,-33.970105,151.031188,,,,,2023.0,6.0,9.0,,,,,David,2023-06-09T04:24:38Z,,HUMAN_OBSERVATION,,David,CB Council,iNaturalist,2023,6,<1 m (6+ dp)
9409,Dodonaea triquetra,2020-08-03T15:51:50,iNaturalist research-grade observations,Maluga Passive Pk,-33.895325,151.014647,,,,,2020.0,8.0,3.0,,,,,,,,HUMAN_OBSERVATION,,Thomas Mesaglio,CB Council,iNaturalist,2020,6,<1 m (6+ dp)
33589,Leptospermum polygalifolium,2007-02-27T00:00:00,METROCMA Vegetation Survey,Not in a reserve,-33.929191,151.128771,,,,occurrenceRemarks withheld,2007.0,2.0,27.0,,Floristic Data,locality withheld,locationRemarks withheld,,,Sydney Metropolitan Catchment Management Authority,HUMAN_OBSERVATION,,OPXE97062300,CB Council,ALA,2007,6,<1 m (6+ dp)
23514,Araujia sericifera,2018-05-23T00:00:00,DPIE Data from Scientific Licences dataset,Ashford Reserve,-33.929585,150.986124,,,introduced,occurrenceRemarks withheld,2018.0,5.0,23.0,,,locality withheld,locationRemarks withheld,,,NSW National Parks and Wildlife Service,HUMAN_OBSERVATION,,OIXR15013005,CB Council,ALA,2018,6,<1 m (6+ dp)
34793,Leucopogon juniperinus,2014-02-05T00:00:00,ACA Vegetation Survey,Kelso Beach,-33.951841,150.981282,,,,occurrenceRemarks withheld,2014.0,2.0,5.0,,Floristic Data,locality withheld,locationRemarks withheld,,,Anne Clements & Associates,HUMAN_OBSERVATION,,OEMM09100802;OIXR13100400,CB Council,ALA,2014,6,<1 m (6+ dp)
5927,Lantana camara,2022-05-18T15:33:00,iNaturalist research-grade observations,Not in a reserve,-33.97387,151.03149,,flowers,,,2022.0,5.0,18.0,,,,,Bradley W. Jones,2022-05-18T09:31:17Z,,HUMAN_OBSERVATION,,Bradley W. Jones,CB Council,iNaturalist,2022,5,≈1–10 m (5 dp)
40568,Melaleuca linariifolia,2004-05-01T12:00:00,Bankstown Airport Reserves Flora&Fauna Apndx6 POM,Airport Reserve,-33.929014,150.985006,,,,,2004,5,1,,,,,,,,,,,CB Council,Prototype,2004,6,<1 m (6+ dp)
33072,Coronidium oxylepis,2001-12-21T00:00:00,DPIE Default Sightings,Lambeth Reserve,-33.972761,150.998401,,,,occurrenceRemarks withheld,2001.0,12.0,21.0,,,locality withheld,locationRemarks withheld,,,NSW Dept of Planning and Environment,HUMAN_OBSERVATION,,OPXE96052900;OSGH99040700,CB Council,ALA,2001,6,<1 m (6+ dp)
31642,Hardenbergia violacea,2001-12-01T00:00:00,DTHOMAS2 Vegetation Survey,Not in a reserve,-33.90605,151.067873,,,,occurrenceRemarks withheld,2001.0,12.0,1.0,,Floristic Data,locality withheld,locationRemarks withheld,,,"David Thomas, 9 Miriam Road, Denistone",HUMAN_OBSERVATION,,OPUR23081001,CB Council,ALA,2001,6,<1 m (6+ dp)
8140,Eustrephus latifolius,2021-07-13T15:09:00,iNaturalist research-grade observations,Not in a reserve,-33.92681,151.146626,,fruits or seeds,,,2021.0,7.0,13.0,,,,,Stefan Neuwirth,2021-07-13T12:53:59Z,,HUMAN_OBSERVATION,,lostinthebush,CB Council,iNaturalist,2021,6,<1 m (6+ dp)
6422,Centella asiatica,2023-06-27T14:38:00,iNaturalist research-grade observations,Crest,-33.909397,150.993378,,,,,2023.0,6.0,27.0,,,,,Thomas Mesaglio,2023-06-27T08:56:17Z,,HUMAN_OBSERVATION,,Thomas Mesaglio,CB Council,iNaturalist,2023,6,<1 m (6+ dp)
22315,Senecio hispidulus,2009-10-26T00:00:00,DPIE Data from Scientific Licences dataset,Not in a reserve,-33.927625,151.139081,,,,occurrenceRemarks withheld,2009.0,10.0,26.0,,,locality withheld,locationRemarks withheld,,,NSW National Parks and Wildlife Service,HUMAN_OBSERVATION,,OEXK99062500;OEMM09100803,CB Council,ALA,2009,6,<1 m (6+ dp)
43195,Zieria smithii,2004-05-01T12:00:00,Salt Pan Creek Flora&Fauna Apndx4 POM,Salt Pan Reserve,-33.946515,151.039711,,,,,2004,5,1,,,,,,,,,,,CB Council,Prototype,2004,6,<1 m (6+ dp)
40176,Lomandra filiformis,2004-05-01T12:00:00,Adept Tracey Flood Ruse Flora&Fauna Apndx6 POM,Ruse Park,-33.926102,151.034921,,,,,2004,5,1,,,,,,,,,,,CB Council,Prototype,2004,6,<1 m (6+ dp)
39381,Hibbertia aspera,2004-05-01T12:00:00,Bankstown Airport Reserves Flora&Fauna Apndx6 POM,Ashford Reserve,-33.930003,150.984825,,,,,2004,5,1,,,,,,,,,,,CB Council,Prototype,2004,6,<1 m (6+ dp)
36662,Bursaria spinosa,2004-05-01T12:00:00,Revesby and Padstow reserves Flora&Fauna Apndx6 POM,Montgomery Reserve,-33.954794,151.020454,,,,,2004,5,1,,,,,,,,,,,CB Council,Prototype,2004,6,<1 m (6+ dp)
23453,Leucopogon affinis,2014-06-25T00:00:00,DPIE Data from Scientific Licences dataset,Not in a reserve,-33.926775,151.141393,,"Y  Breeding Present, but not specified",,occurrenceRemarks withheld,2014.0,6.0,25.0,,,locality withheld,locationRemarks withheld,,,NSW National Parks and Wildlife Service,HUMAN_OBSERVATION,,OCAM11011800,CB Council,ALA,2014,6,<1 m (6+ dp)
10204,Passiflora caerulea,2023-09-10T15:00:00,iNaturalist research-grade observations,Not in a reserve,-33.892815,151.048401,,,,,2023.0,9.0,10.0,,,,,Thomas Mesaglio,2023-09-10T08:55:02Z,,HUMAN_OBSERVATION,,Thomas Mesaglio,CB Council,iNaturalist,2023,6,<1 m (6+ dp)
25999,Acacia longifolia,2004-05-01T12:00:00,Lansdowne area Flora&Fauna Appndx6 POM,Lansdowne,-33.896245,150.978391,,,,,2004,5,1,,,,,,,,,,,CB Council,Prototype,2004,6,<1 m (6+ dp)
21464,Acacia pubescens,2009-09-08T00:00:00,DPIE Data from Scientific Licences dataset,Not in a reserve,-33.902432,150.997014,,,,occurrenceRemarks withheld,2009.0,9.0,8.0,,,locality withheld,locationRemarks withheld,,,NSW National Parks and Wildlife Service,HUMAN_OBSERVATION,,ODMP11031700,CB Council,ALA,2009,6,<1 m (6+ dp)
6659,Thysanotus tuberosus,2023-01-11T12:49:40,iNaturalist observations,Not in a reserve,-33.975592,151.016841,,flowers,,,2023.0,1.0,11.0,,,,,,,,HUMAN_OBSERVATION,,lbruggem,CB Council,iNaturalist,2023,6,<1 m (6+ dp)
1458,Pimelea spicata,2003-10-22T00:00:00,DPIE Data from Scientific Licences dataset,Lansdowne,-33.897729,150.981677,7.0,"BU Flower Buds,FL Flowering",,occurrenceRemarks withheld,2003.0,10.0,22.0,,,locality withheld,locationRemarks withheld,,,NSW National Parks and Wildlife Service,HUMAN_OBSERVATION,,ODMP99112300,CB Council,ALA,2003,6,<1 m (6+ dp)
2465,Acacia pubescens,2020-05-29T00:00:00,DPIE Data from Scientific Licences dataset,Lansdowne,-33.892715,150.975436,,,,occurrenceRemarks withheld,2020.0,5.0,29.0,,,locality withheld,locationRemarks withheld,,,NSW National Parks and Wildlife Service,HUMAN_OBSERVATION,,OJJS16072001,CB Council,ALA,2020,6,<1 m (6+ dp)
4779,Bursaria spinosa,1999-06-28T00:00:00,GEORGES Vegetation Survey,Lansdowne,-33.902277,150.978906,,,,occurrenceRemarks withheld,1999.0,6.0,28.0,,Floristic Data,locality withheld,locationRemarks withheld,,,NSW Dept of Planning and Environment,HUMAN_OBSERVATION,,OVLU99062101;OSLS05031800,CB Council,ALA,1999,6,<1 m (6+ dp)
19244,Einadia hastata,1999-02-15T00:00:00,DPIE Data from Scientific Licences dataset,Norfolk Reserve,-33.893488,151.062926,,,,occurrenceRemarks withheld,1999.0,2.0,15.0,,,locality withheld,locationRemarks withheld,,,NSW National Parks and Wildlife Service,HUMAN_OBSERVATION,,OJKP98040900,CB Council,ALA,1999,6,<1 m (6+ dp)
9140,Hibbertia puberula,2024-10-28T08:59:00,iNaturalist research-grade observations,Not in a reserve,-33.974033,151.00676,,flowers,,"Voucher specimen: T.A. Hammer 588, et al. (AD)",2024.0,10.0,28.0,,,,,Tim Hammer,2024-11-03T01:29:09Z,,HUMAN_OBSERVATION,,Tim Hammer,CB Council,iNaturalist,2024,6,<1 m (6+ dp)
39622,Ipomoea purpurea,2004-05-01T12:00:00,The Crest-Appendix,Louisa,-33.905454,150.999701,,,,,2004,5,1,,,,,,,,,,,CB Council,Prototype,2004,6,<1 m (6+ dp)
9136,Capsella bursa-pastoris,2023-07-08T12:59:21,iNaturalist research-grade observations,Not in a reserve,-33.91235,150.985262,,,,,2023.0,7.0,8.0,,,,,Thomas Mesaglio,2023-07-08T03:02:58Z,,HUMAN_OBSERVATION,,Thomas Mesaglio,CB Council,iNaturalist,2023,6,<1 m (6+ dp)
28423,Hypochaeris albiflora,2020-03-30T00:00:00,DPIE Data from Scientific Licences dataset,Not in a reserve,-33.964571,151.010754,,,introduced,occurrenceRemarks withheld,2020.0,3.0,30.0,,,locality withheld,locationRemarks withheld,,,NSW National Parks and Wildlife Service,HUMAN_OBSERVATION,,OICG17110100;ODMP2107270K,CB Council,ALA,2020,6,<1 m (6+ dp)
5700,Trifolium repens,2023-09-10T11:48:00,iNaturalist research-grade observations,Band Hall Reserve,-33.897056,151.02059,,,,,2023.0,9.0,10.0,,,,,Thomas Mesaglio,2023-09-10T08:26:49Z,,HUMAN_OBSERVATION,,Thomas Mesaglio,CB Council,iNaturalist,2023,6,<1 m (6+ dp)
8097,Manihot grahamii,2022-04-11T14:08:31,iNaturalist research-grade observations,Not in a reserve,-33.910748,150.980376,,,,,2022.0,4.0,11.0,,,,,Evangelos Laios,2022-04-11T04:10:34Z,,HUMAN_OBSERVATION,,Evangelos Laios,CB Council,iNaturalist,2022,6,<1 m (6+ dp)
19491,Liquidambar styraciflua,2021-10-01T00:00:00,DPIE Data from Scientific Licences dataset,Not in a reserve,-33.942025,150.995881,,,introduced,occurrenceRemarks withheld,2021.0,10.0,1.0,,,locality withheld,locationRemarks withheld,,,NSW National Parks and Wildlife Service,HUMAN_OBSERVATION,,OPUR21081201,CB Council,ALA,2021,6,<1 m (6+ dp)
17832,Lophostemon confertus,2019-02-14T13:00:00,Individual sighting,Not in a reserve,-33.94364,151.01337,1.0,,,"Montage of leaves, backlit. ",2019.0,2.0,14.0,,,,,,,,HUMAN_OBSERVATION,,Michael Hains,CB Council,ALA,2019,5,≈1–10 m (5 dp)
42204,Salix babylonica,2004-05-01T12:00:00,Lansdowne area Flora&Fauna Appndx6 POM,Miram-Beena,-33.906477,150.980754,,,,,2004,5,1,,,,,,,,,,,CB Council,Prototype,2004,6,<1 m (6+ dp)
22860,Asparagus aethiopicus,2000-07-05T00:00:00,WESTSYD2 Vegetation Survey,Not in a reserve,-33.896681,151.028616,,,introduced,occurrenceRemarks withheld,2000.0,7.0,5.0,,Floristic Data,locality withheld,locationRemarks withheld,,,NSW Dept of Planning and Environment,HUMAN_OBSERVATION,,OPUR23081001,CB Council,ALA,2000,6,<1 m (6+ dp)
21534,Acacia pubescens,2009-12-10T00:00:00,DPIE Data from Scientific Licences dataset,Norfolk Reserve,-33.893942,151.062597,,,,occurrenceRemarks withheld,2009.0,12.0,10.0,,,locality withheld,locationRemarks withheld,,,NSW National Parks and Wildlife Service,HUMAN_OBSERVATION,,ODMP11031700,CB Council,ALA,2009,6,<1 m (6+ dp)
8986,Acacia linifolia,2023-04-07T14:36:00,iNaturalist research-grade observations,Not in a reserve,-33.973341,151.038954,,,,,2023.0,4.0,7.0,,,,,Bradley W. Jones,2023-04-07T08:15:17Z,,HUMAN_OBSERVATION,,Bradley W. Jones,CB Council,iNaturalist,2023,6,<1 m (6+ dp)
2613,Austrostipa rudis,2007-11-23T00:00:00,DPIE Default Sightings,Lansdowne,-33.89269,150.97436,,,,occurrenceRemarks withheld,2007.0,11.0,23.0,,,locality withheld,locationRemarks withheld,,,NSW Dept of Planning and Environment,HUMAN_OBSERVATION,,OEMM09102201,CB Council,ALA,2007,5,≈1–10 m (5 dp)
32006,Poa sieberiana,2006-12-04T00:00:00,DPIE Default Sightings,Not in a reserve,-33.97194,151.032868,,,,occurrenceRemarks withheld,2006.0,12.0,4.0,,,locality withheld,locationRemarks withheld,,,NSW Dept of Planning and Environment,HUMAN_OBSERVATION,,OEMM09111310,CB Council,ALA,2006,6,<1 m (6+ dp)
20769,Acacia pubescens,2009-12-10T00:00:00,DPIE Data from Scientific Licences dataset,Adept Lane Reserve,-33.931703,151.036851,,,,occurrenceRemarks withheld,2009.0,12.0,10.0,,,locality withheld,locationRemarks withheld,,,NSW National Parks and Wildlife Service,HUMAN_OBSERVATION,,ODMP11031700,CB Council,ALA,2009,6,<1 m (6+ dp)
6544,Grevillea sericea,2022-01-03T08:40:00,iNaturalist research-grade observations,Not in a reserve,-33.975915,151.003227,,flowers|fruits or seeds|flower buds,,,2022.0,1.0,3.0,,,,,David,2022-02-23T09:00:29Z,,HUMAN_OBSERVATION,,ronavery,CB Council,iNaturalist,2022,6,<1 m (6+ dp)
275,Dichondra repens,2023-10-02T12:35:00,iNaturalist research-grade observations,Lansdowne,-33.902145,150.980087,,,,,2023.0,10.0,2.0,,,,,Thomas Mesaglio,2023-10-02T05:51:59Z,,HUMAN_OBSERVATION,,Thomas Mesaglio,CB Council,iNaturalist,2023,6,<1 m (6+ dp)
31438,Verbena bonariensis,2016-06-22T00:00:00,DPIE Data from Scientific Licences dataset,Not in a reserve,-33.925173,151.05426,,,introduced,occurrenceRemarks withheld,2016.0,6.0,,,,locality withheld,locationRemarks withheld,,,NSW National Parks and Wildlife Service,HUMAN_OBSERVATION,,OJJS10042000;OIXR13081400,CB Council,ALA,2016,6,<1 m (6+ dp)
7400,Syncarpia glomulifera,2021-07-13T14:46:00,iNaturalist research-grade observations,Not in a reserve,-33.926736,151.146893,,,,,2021.0,7.0,13.0,,,,,lostinthebush,2021-07-13T12:47:42Z,,HUMAN_OBSERVATION,,lostinthebush,CB Council,iNaturalist,2021,6,<1 m (6+ dp)
30561,Nicotiana tabacum,2004-10-08T00:00:00,DPIE Data from Scientific Licences dataset,Davies Road,-33.955749,151.038922,,,introduced,occurrenceRemarks withheld,2004.0,10.0,8.0,,,locality withheld,locationRemarks withheld,,,NSW National Parks and Wildlife Service,HUMAN_OBSERVATION,,OPXE99012800,CB Council,ALA,2004,6,<1 m (6+ dp)
25680,Acacia pubescens,2009-09-16T00:00:00,DPIE Data from Scientific Licences dataset,Carysfield,-33.901726,150.99795,,,,occurrenceRemarks withheld,2009.0,9.0,16.0,,,locality withheld,locationRemarks withheld,,,NSW National Parks and Wildlife Service,HUMAN_OBSERVATION,,ODMP11031700,CB Council,ALA,2009,6,<1 m (6+ dp)
39417,Histiopteris incisa,2004-05-01T12:00:00,Salt Pan Creek Flora&Fauna Apndx4 POM,Salt Pan Reserve,-33.946515,151.039711,,,,,2004,5,1,,,,,,,,,,,CB Council,Prototype,2004,6,<1 m (6+ dp)
35247,Commelina cyanea,2007-02-27T00:00:00,METROCMA Vegetation Survey,Not in a reserve,-33.929191,151.128771,,,,occurrenceRemarks withheld,2007.0,2.0,27.0,,Floristic Data,locality withheld,locationRemarks withheld,,,Sydney Metropolitan Catchment Management Authority,HUMAN_OBSERVATION,,OPXE97062300,CB Council,ALA,2007,6,<1 m (6+ dp)
25167,Persicaria chinensis,2020-04-03T00:00:00,DPIE Data from Scientific Licences dataset,Not in a reserve,-33.977766,150.996904,,,introduced,occurrenceRemarks withheld,2020.0,4.0,3.0,,,locality withheld,locationRemarks withheld,,,NSW National Parks and Wildlife Service,HUMAN_OBSERVATION,,OJJS18050102;OJJS20082503,CB Council,ALA,2020,6,<1 m (6+ dp)
8078,Dockrillia linguiformis,2024-09-22T14:16:00,iNaturalist research-grade observations,Not in a reserve,-33.977252,151.00251,,,,,2024.0,9.0,22.0,,,,,Rolf Lawrenz,2024-09-24T11:24:35Z,,HUMAN_OBSERVATION,,Rolf Lawrenz,CB Council,iNaturalist,2024,6,<1 m (6+ dp)
17385,Hibbertia pedunculata,2022-12-13T13:00:00,Individual sighting,Not in a reserve,-33.977921,150.999724,1.0,,,,2022.0,12.0,13.0,,,,nullnull,,,,HUMAN_OBSERVATION,,Michael Hains,CB Council,ALA,2022,6,<1 m (6+ dp)
39991,Leptospermum juniperinum,2004-05-01T12:00:00,Southern Reserves Flora&Fauna Apndx4 POM,Lambeth Reserve,-33.971772,150.996708,,,,,2004,5,1,,,,,,,,,,,CB Council,Prototype,2004,6,<1 m (6+ dp)
6474,Medicago polymorpha,2021-10-22T08:43:16,iNaturalist research-grade observations,Not in a reserve,-33.882075,151.009583,,,,,2021.0,10.0,22.0,,,,,Thomas Mesaglio,2021-10-21T21:50:45Z,,HUMAN_OBSERVATION,,Thomas Mesaglio,CB Council,iNaturalist,2021,6,<1 m (6+ dp)
9331,Rumex sagittatus,2024-07-14T12:34:00,iNaturalist research-grade observations,Not in a reserve,-33.897985,151.044709,,,,,2024.0,7.0,14.0,,,,,julianeribeiro,2024-07-24T10:36:16Z,,HUMAN_OBSERVATION,,julianeribeiro,CB Council,iNaturalist,2024,6,<1 m (6+ dp)
34215,Typha orientalis,2007-12-07T00:00:00,DPIE Data from Scientific Licences dataset,Not in a reserve,-33.921721,150.997022,,,,occurrenceRemarks withheld,2007.0,12.0,7.0,,,locality withheld,locationRemarks withheld,,,NSW National Parks and Wildlife Service,HUMAN_OBSERVATION,,ODMP08080501,CB Council,ALA,2007,6,<1 m (6+ dp)
24915,Philotheca scabra,1996-06-03T00:00:00,Urban Bushland Biodiversity 2,Not in a reserve,-33.979836,151.007121,,,,occurrenceRemarks withheld,1996.0,6.0,3.0,,20 by 20 Vegetation Plot (old type),locality withheld,locationRemarks withheld,,,NSW Dept of Planning and Environment,HUMAN_OBSERVATION,,BOFAT,CB Council,ALA,1996,6,<1 m (6+ dp)
8945,Acacia myrtifolia,2023-07-14T13:55:00,iNaturalist research-grade observations,Dilke Reserve,-33.97301,151.034705,,,,,2023.0,7.0,14.0,,,,,Bradley W. Jones,2023-07-14T08:05:32Z,,HUMAN_OBSERVATION,,Bradley W. Jones,CB Council,iNaturalist,2023,6,<1 m (6+ dp)
24511,Hibbertia diffusa,2022-11-18T00:00:00,DPIE Data from Scientific Licences dataset,Not in a reserve,-33.973697,151.005009,,FL Flowering,,occurrenceRemarks withheld,2022.0,11.0,18.0,,,locality withheld,locationRemarks withheld,,,NSW National Parks and Wildlife Service,HUMAN_OBSERVATION,,OLJH97031100,CB Council,ALA,2022,6,<1 m (6+ dp)
4004,Dichondra repens,2019-05-08T00:00:00,DPIE Data from Scientific Licences dataset,Lansdowne,-33.897071,150.971142,,,,occurrenceRemarks withheld,2019.0,5.0,8.0,,,locality withheld,locationRemarks withheld,,,NSW National Parks and Wildlife Service,HUMAN_OBSERVATION,,OPUR19032102,CB Council,ALA,2019,6,<1 m (6+ dp)
27264,Acacia myrtifolia,2004-05-01T12:00:00,Salt Pan Creek Flora&Fauna Apndx4 POM,Alma Reserve,-33.963313,151.038039,,,,,2004,5,1,,,,,,,,,,,CB Council,Prototype,2004,6,<1 m (6+ dp)
40658,Melicope micrococca,2004-05-01T12:00:00,The Crest-Appendix,Crest,-33.908539,150.99598,,,,,2004,5,1,,,,,,,,,,,CB Council,Prototype,2004,6,<1 m (6+ dp)
23105,Echinopogon caespitosus,2016-11-30T00:00:00,DPIE Data from Scientific Licences dataset,Not in a reserve,-33.903889,150.994444,,,,occurrenceRemarks withheld,2016.0,11.0,30.0,,,locality withheld,locationRemarks withheld,,,NSW National Parks and Wildlife Service,HUMAN_OBSERVATION,,OJJS17112202,CB Council,ALA,2016,6,<1 m (6+ dp)
17635,Rubus moluccanus,2022-12-20T13:00:00,Individual sighting,Not in a reserve,-33.977921,150.999724,1.0,,,,2022.0,12.0,20.0,,,,nullnull,,,,HUMAN_OBSERVATION,,Michael Hains,CB Council,ALA,2022,6,<1 m (6+ dp)
23266,Acacia falcata,2004-05-01T12:00:00,Bankstown Airport Reserves Flora&Fauna Apndx6 POM,Airport Reserve,-33.929014,150.985006,,,,,2004,5,1,,,,,,,,,,,CB Council,Prototype,2004,6,<1 m (6+ dp)
22827,Persoonia lanceolata,2010-12-14T00:00:00,NP_GEORGES Vegetation Survey,Not in a reserve,-33.976092,151.007833,,,,occurrenceRemarks withheld,2010.0,12.0,14.0,,Floristic Data,locality withheld,locationRemarks withheld,,,NSW Dept of Planning and Environment,PRESERVED_SPECIMEN,,ODMP99111100;VEG-NICR,CB Council,ALA,2010,6,<1 m (6+ dp)
23205,Dianella longifolia,2014-02-05T00:00:00,ACA Vegetation Survey,Deepwater,-33.9473,150.97387,,,,occurrenceRemarks withheld,2014.0,2.0,5.0,,Floristic Data,locality withheld,locationRemarks withheld,,,Anne Clements & Associates,HUMAN_OBSERVATION,,OEMM09100802;OIXR13100400,CB Council,ALA,2014,5,≈1–10 m (5 dp)
21817,Cayratia clematidea,2013-12-17T00:00:00,DPIE Data from Scientific Licences dataset,Not in a reserve,-33.888269,151.029949,,,,occurrenceRemarks withheld,2013.0,12.0,17.0,,,locality withheld,locationRemarks withheld,,,NSW National Parks and Wildlife Service,HUMAN_OBSERVATION,,OPJGI0001401,CB Council,ALA,2013,6,<1 m (6+ dp)
37451,Culcita dubia,2004-05-01T12:00:00,Southern Reserves Flora&Fauna Apndx4 POM,Little Salt Pan Creek Reserve,-33.96882,151.029014,,,,,2004,5,1,,,,,,,,,,,CB Council,Prototype,2004,6,<1 m (6+ dp)
27633,Acacia pubescens,2009-08-18T00:00:00,DPIE Data from Scientific Licences dataset,Carysfield,-33.903381,150.997154,,,,occurrenceRemarks withheld,2009.0,8.0,18.0,,,locality withheld,locationRemarks withheld,,,NSW National Parks and Wildlife Service,HUMAN_OBSERVATION,,ODMP11031700,CB Council,ALA,2009,6,<1 m (6+ dp)
20181,Acacia pubescens,2009-09-14T00:00:00,DPIE Data from Scientific Licences dataset,Adept Lane Reserve,-33.93163,151.036809,,,,occurrenceRemarks withheld,2009.0,9.0,14.0,,,locality withheld,locationRemarks withheld,,,NSW National Parks and Wildlife Service,HUMAN_OBSERVATION,,ODMP11031700,CB Council,ALA,2009,6,<1 m (6+ dp)
26705,Verbena bonariensis,2024-05-28T00:00:00,DPIE Data from Scientific Licences dataset,Not in a reserve,-33.89015,151.03269,,,introduced,occurrenceRemarks withheld,2024.0,5.0,28.0,,,locality withheld,locationRemarks withheld,,,NSW National Parks and Wildlife Service,HUMAN_OBSERVATION,,OLHP24010904;OLHP24010909,CB Council,ALA,2024,5,≈1–10 m (5 dp)
27089,Pimelea spicata,2010-02-11T00:00:00,DPIE Data from Scientific Licences dataset,Crest,-33.9108,150.996483,,,,occurrenceRemarks withheld,2010.0,2.0,11.0,,,locality withheld,locationRemarks withheld,,,NSW National Parks and Wildlife Service,HUMAN_OBSERVATION,,ODMP11031700,CB Council,ALA,2010,6,<1 m (6+ dp)
22622,Acacia pubescens,2009-09-16T00:00:00,DPIE Data from Scientific Licences dataset,Salt Pan Reserve,-33.939799,151.039045,,,,occurrenceRemarks withheld,2009.0,9.0,16.0,,,locality withheld,locationRemarks withheld,,,NSW National Parks and Wildlife Service,HUMAN_OBSERVATION,,ODMP11031700,CB Council,ALA,2009,6,<1 m (6+ dp)
5327,Ehrharta erecta,2023-11-09T12:00:00,C-B Council Reserves plot survey data 2023_Western Sydney University ,Lansdowne,-33.8966359,150.9788917,40.0,,,,2023.0,11.0,9.0,,,,,,,,,,"M Franklin, J Bendall, D Bristol.",CB Council,ALA,2023,7,<1 m (6+ dp)
22214,Pittosporum undulatum,2024-05-28T00:00:00,DPIE Data from Scientific Licences dataset,Not in a reserve,-33.89015,151.03269,,,,occurrenceRemarks withheld,2024.0,5.0,28.0,,,locality withheld,locationRemarks withheld,,,NSW National Parks and Wildlife Service,HUMAN_OBSERVATION,,OLHP24010904;OLHP24010909,CB Council,ALA,2024,5,≈1–10 m (5 dp)
2333,Acacia pubescens,2009-10-22T00:00:00,DPIE Data from Scientific Licences dataset,Lansdowne,-33.892722,150.976676,,,,occurrenceRemarks withheld,2009.0,10.0,22.0,,,locality withheld,locationRemarks withheld,,,NSW National Parks and Wildlife Service,HUMAN_OBSERVATION,,ODMP11031700,CB Council,ALA,2009,6,<1 m (6+ dp)
35168,Sarcopetalum harveyanum,1998-12-21T00:00:00,WESTSYD Vegetation Survey,Crest,-33.907955,150.995264,,,,occurrenceRemarks withheld,1998.0,12.0,21.0,,Floristic Data,locality withheld,locationRemarks withheld,,,NSW Dept of Planning and Environment,HUMAN_OBSERVATION,,OPXE97062300;OVLU99062101,CB Council,ALA,1998,6,<1 m (6+ dp)
25623,Microlaena stipoides,2011-04-13T00:00:00,ACA Vegetation Survey,Deepwater,-33.949849,150.974231,,,,occurrenceRemarks withheld,2011.0,4.0,13.0,,Floristic Data,locality withheld,locationRemarks withheld,,,Anne Clements & Associates,HUMAN_OBSERVATION,,OEMM09100802;OEMM09100803;OJJS10080400;OIXR13100400,CB Council,ALA,2011,6,<1 m (6+ dp)
11182,Acacia longifolia,2021-07-16T16:07:00,iNaturalist research-grade observations,Not in a reserve,-33.926648,151.147208,,,,,2021.0,7.0,16.0,,,,,lostinthebush,2021-07-16T10:00:22Z,,HUMAN_OBSERVATION,,lostinthebush,CB Council,iNaturalist,2021,6,<1 m (6+ dp)
38632,Eucalyptus microcorys,2004-05-01T12:00:00,Bankstown Airport Reserves Flora&Fauna Apndx6 POM,Kentucky Reserve,-33.922449,150.975933,,,,,2004,5,1,,,,,,,,,,,CB Council,Prototype,2004,6,<1 m (6+ dp)
32737,Acacia suaveolens,2013-04-17T00:00:00,DPIE Data from Scientific Licences dataset,Not in a reserve,-33.93623,151.11514,,,,occurrenceRemarks withheld,2013.0,4.0,17.0,Open forest,,locality withheld,locationRemarks withheld,,,NSW National Parks and Wildlife Service,HUMAN_OBSERVATION,,ODMP10061700,CB Council,ALA,2013,5,≈1–10 m (5 dp)
39357,Chrysocephalum apiculatum,2004-05-01T12:00:00,Lansdowne area Flora&Fauna Appndx6 POM,Miram-Beena,-33.900525,150.97568,,,,,2004,5,1,,,,,,,,,,,CB Council,Prototype,2004,6,<1 m (6+ dp)
33273,Cirsium vulgare,2015-11-23T00:00:00,DPIE Data from Scientific Licences dataset,Not in a reserve,-33.944646,150.990702,,,introduced,occurrenceRemarks withheld,2015.0,11.0,,,,locality withheld,locationRemarks withheld,,,NSW National Parks and Wildlife Service,HUMAN_OBSERVATION,,ODMP09120203,CB Council,ALA,2015,6,<1 m (6+ dp)
38190,Elaeocarpus reticulatus,2004-05-01T12:00:00,Southern Reserves Flora&Fauna Apndx4 POM,Churchill Reserve,-33.969913,151.028269,,,,,2004,5,1,,,,,,,,,,,CB Council,Prototype,2004,6,<1 m (6+ dp)
42709,Taraxacum officinale,2004-05-01T12:00:00,Southern Reserves Flora&Fauna Apndx4 POM,Lambeth Reserve,-33.971772,150.996708,,,,,2004,5,1,,,,,,,,,,,CB Council,Prototype,2004,6,<1 m (6+ dp)
24844,Centella asiatica,2011-04-13T00:00:00,ACA Vegetation Survey,Deepwater,-33.949849,150.974231,,,,occurrenceRemarks withheld,2011.0,4.0,13.0,,Floristic Data,locality withheld,locationRemarks withheld,,,Anne Clements & Associates,HUMAN_OBSERVATION,,OEMM09100802;OEMM09100803;OJJS10080400;OIXR13100400,CB Council,ALA,2011,6,<1 m (6+ dp)
7715,Chloris virgata,2020-04-24T12:05:00,iNaturalist research-grade observations,Maluga Passive Pk,-33.893625,151.016352,,,,,2020.0,4.0,24.0,,,,,Alan Bedggood,2020-05-01T10:55:59Z,,HUMAN_OBSERVATION,,Thomas Mesaglio,CB Council,iNaturalist,2020,6,<1 m (6+ dp)
34003,Dichelachne micrantha,2001-12-21T00:00:00,DPIE Default Sightings,Lambeth Reserve,-33.972761,150.998401,,,,occurrenceRemarks withheld,2001.0,12.0,21.0,,,locality withheld,locationRemarks withheld,,,NSW Dept of Planning and Environment,HUMAN_OBSERVATION,,OPXE96052900;OSGH99040700,CB Council,ALA,2001,6,<1 m (6+ dp)
7351,Drosera pygmaea,2022-02-21T10:28:00,iNaturalist research-grade observations,Not in a reserve,-33.97651,151.009202,,,,,2022.0,2.0,21.0,,,,,Eamonn Culhane,2022-02-21T11:35:41Z,,HUMAN_OBSERVATION,,Eamonn Culhane,CB Council,iNaturalist,2022,6,<1 m (6+ dp)
28949,Melaleuca styphelioides,2008-02-14T00:00:00,METROCMA2 Vegetation Survey,Kelso Beach,-33.952205,150.981156,,,,occurrenceRemarks withheld,2008.0,2.0,14.0,,Floristic Data,locality withheld,locationRemarks withheld,,,NSW Dept of Planning and Environment,HUMAN_OBSERVATION,,VEG-NICR;OPUR23081001,CB Council,ALA,2008,6,<1 m (6+ dp)
30311,Lomandra obliqua,2010-12-14T00:00:00,NP_GEORGES Vegetation Survey,Not in a reserve,-33.971219,151.028823,,,,occurrenceRemarks withheld,2010.0,12.0,14.0,,Floristic Data,locality withheld,locationRemarks withheld,,,NSW Dept of Planning and Environment,HUMAN_OBSERVATION,,ODMP99111100;VEG-NICR,CB Council,ALA,2010,6,<1 m (6+ dp)
30730,Digitaria parviflora,2011-04-13T00:00:00,ACA Vegetation Survey,Deepwater,-33.951547,150.980445,,,,occurrenceRemarks withheld,2011.0,4.0,13.0,,Floristic Data,locality withheld,locationRemarks withheld,,,Anne Clements & Associates,HUMAN_OBSERVATION,,OEMM09100802;OEMM09100803;OJJS10080400;OIXR13100400,CB Council,ALA,2011,6,<1 m (6+ dp)
30088,Einadia nutans,2010-11-15T00:00:00,DPIE Default Sightings,Not in a reserve,-33.949454,150.981382,,,,occurrenceRemarks withheld,2010.0,11.0,15.0,,,locality withheld,locationRemarks withheld,,,NSW Dept of Planning and Environment,HUMAN_OBSERVATION,,ODMP11031700,CB Council,ALA,2010,6,<1 m (6+ dp)
21881,Cirsium vulgare,2017-07-05T00:00:00,DPIE Data from Scientific Licences dataset,Not in a reserve,-33.892794,151.022068,,,introduced,occurrenceRemarks withheld,2017.0,7.0,5.0,,,locality withheld,locationRemarks withheld,,,NSW National Parks and Wildlife Service,HUMAN_OBSERVATION,,OPUR23021400,CB Council,ALA,2017,6,<1 m (6+ dp)
33028,Hypochaeris radicata,2021-08-18T00:00:00,DPIE Data from Scientific Licences dataset,Rose Pk,-33.896184,151.012427,,,introduced,occurrenceRemarks withheld,2021.0,8.0,18.0,,,locality withheld,locationRemarks withheld,,,NSW National Parks and Wildlife Service,HUMAN_OBSERVATION,,OJJS20102601,CB Council,ALA,2021,6,<1 m (6+ dp)
8460,Lepidosperma laterale,2023-09-15T11:23:51,iNaturalist observations,Louisa,-33.904923,151.000757,,,,Leaf blade section twisted along length.,2023.0,9.0,15.0,,,,,,,,HUMAN_OBSERVATION,,gingernightmare,CB Council,iNaturalist,2023,6,<1 m (6+ dp)
19333,Gonocarpus teucrioides,2009-05-28T00:00:00,BANKS_VEG Vegetation Survey,Not in a reserve,-33.973447,151.038284,,,,occurrenceRemarks withheld,2009.0,5.0,28.0,,Floristic Data,locality withheld,locationRemarks withheld,,,Bankstown City Council,HUMAN_OBSERVATION,,OJJS07082200;ODMP09101600,CB Council,ALA,2009,6,<1 m (6+ dp)
8312,Grevillea sericea,2022-08-05T13:35:00,iNaturalist research-grade observations,Not in a reserve,-33.971375,151.032327,,flowers|flower buds,,,2022.0,8.0,5.0,,,,,Bradley W. Jones,2022-08-05T07:45:18Z,,HUMAN_OBSERVATION,,Bradley W. Jones,CB Council,iNaturalist,2022,6,<1 m (6+ dp)
19535,Sida rhombifolia,2001-12-01T00:00:00,DTHOMAS2 Vegetation Survey,Not in a reserve,-33.90605,151.067873,,,introduced,occurrenceRemarks withheld,2001.0,12.0,1.0,,Floristic Data,locality withheld,locationRemarks withheld,,,"David Thomas, 9 Miriam Road, Denistone",HUMAN_OBSERVATION,,OPUR23081001,CB Council,ALA,2001,6,<1 m (6+ dp)
4999,Acacia pubescens,2010-01-15T00:00:00,DPIE Data from Scientific Licences dataset,Lansdowne,-33.892899,150.97426,,,,occurrenceRemarks withheld,2010.0,1.0,15.0,,,locality withheld,locationRemarks withheld,,,NSW National Parks and Wildlife Service,HUMAN_OBSERVATION,,ODMP11031700,CB Council,ALA,2010,6,<1 m (6+ dp)
39039,Glycine sp.,2004-05-01T12:00:00,Birrong Sefton Flora&Fauna Apndx3 POM,Jenson Pk,-33.883502,151.01767,,,,,2004,5,1,,,,,,,,,,,CB Council,Prototype,2004,6,<1 m (6+ dp)
4563,Hypochaeris radicata,1999-06-28T00:00:00,GEORGES Vegetation Survey,Lansdowne,-33.902277,150.978906,,,introduced,occurrenceRemarks withheld,1999.0,6.0,28.0,,Floristic Data,locality withheld,locationRemarks withheld,,,NSW Dept of Planning and Environment,HUMAN_OBSERVATION,,OVLU99062101;OSLS05031800,CB Council,ALA,1999,6,<1 m (6+ dp)
33455,Angophora costata,2017-03-02T00:00:00,DPIE Data from Scientific Licences dataset,Not in a reserve,-33.979368,151.015177,,,,occurrenceRemarks withheld,2017.0,3.0,2.0,,,locality withheld,locationRemarks withheld,,,NSW National Parks and Wildlife Service,HUMAN_OBSERVATION,,OJJS18031302,CB Council,ALA,2017,6,<1 m (6+ dp)
40054,Leucopogon juniperinus,2004-05-01T12:00:00,Southern Reserves Flora&Fauna Apndx4 POM,Picnic Point Reserve,-33.977563,150.996147,,,,,2004,5,1,,,,,,,,,,,CB Council,Prototype,2004,6,<1 m (6+ dp)
9160,Pandorea pandorana,2024-07-26T14:03:35,iNaturalist observations,Thornton,-33.908446,151.001823,,,,,2024.0,7.0,26.0,,,,,,,,HUMAN_OBSERVATION,,jaydevittor,CB Council,iNaturalist,2024,6,<1 m (6+ dp)
24590,Olea europaea,2018-04-04T00:00:00,DPIE Data from Scientific Licences dataset,Not in a reserve,-33.917913,151.116308,,,introduced,occurrenceRemarks withheld,2018.0,4.0,4.0,,,locality withheld,locationRemarks withheld,,,NSW National Parks and Wildlife Service,HUMAN_OBSERVATION,,OJJS19102800,CB Council,ALA,2018,6,<1 m (6+ dp)
23447,Acacia pubescens,2016-06-22T00:00:00,DPIE Data from Scientific Licences dataset,Not in a reserve,-33.925173,151.05426,,,,occurrenceRemarks withheld,2016.0,6.0,,,,locality withheld,locationRemarks withheld,,,NSW National Parks and Wildlife Service,HUMAN_OBSERVATION,,OJJS10042000;OIXR13081400,CB Council,ALA,2016,6,<1 m (6+ dp)
38348,Eragrostis curvula,2004-05-01T12:00:00,Bankstown Airport Reserves Flora&Fauna Apndx6 POM,Airport Reserve,-33.929014,150.985006,,,,,2004,5,1,,,,,,,,,,,CB Council,Prototype,2004,6,<1 m (6+ dp)
26782,Solanum nigrum,2008-04-30T00:00:00,DPIE Data from Scientific Licences dataset,Norfolk Reserve,-33.893591,151.06261,,,introduced,occurrenceRemarks withheld,2008.0,,,,,locality withheld,locationRemarks withheld,,,NSW National Parks and Wildlife Service,HUMAN_OBSERVATION,,OJJS07082200,CB Council,ALA,2008,6,<1 m (6+ dp)
35631,Ageratina adenophora,2004-05-01T12:00:00,CondellPark Flora&Fauna Apndx4 POM,Manahan Reserve,-33.92033,151.006218,,,,,2004,5,1,,,,,,,,,,,CB Council,Prototype,2004,6,<1 m (6+ dp)
37452,Culcita dubia,2004-05-01T12:00:00,Southern Reserves Flora&Fauna Apndx4 POM,Thomas Street Depot,-33.96590278,151.013035,,,,,2004,5,1,,,,,,,,,,,CB Council,Prototype,2004,8,<1 m (6+ dp)
9065,Pultenaea daphnoides,2023-04-23T14:39:00,iNaturalist research-grade observations,Alma Reserve,-33.963457,151.038422,,,,,2023.0,4.0,23.0,,,,,Bradley W. Jones,2023-04-23T07:50:02Z,,HUMAN_OBSERVATION,,Bradley W. Jones,CB Council,iNaturalist,2023,6,<1 m (6+ dp)
34178,Xanthosia tridentata,2010-12-14T00:00:00,NP_GEORGES Vegetation Survey,Not in a reserve,-33.976092,151.007833,,,,occurrenceRemarks withheld,2010.0,12.0,14.0,,Floristic Data,locality withheld,locationRemarks withheld,,,NSW Dept of Planning and Environment,HUMAN_OBSERVATION,,ODMP99111100;VEG-NICR,CB Council,ALA,2010,6,<1 m (6+ dp)
39411,Hibbertia sp.,2004-05-01T12:00:00,Lansdowne area Flora&Fauna Appndx6 POM,Miram-Beena,-33.900525,150.97568,,,,,2004,5,1,,,,,,,,,,,CB Council,Prototype,2004,6,<1 m (6+ dp)
42405,Setaria parviflora,2004-05-01T12:00:00,Deepwater Flora&Fauna Apndx5 POM,Deepwater,-33.949066,150.976607,,,,,2004,5,1,,,,,,,,,,,CB Council,Prototype,2004,6,<1 m (6+ dp)
28809,Glochidion ferdinandi,2009-10-01T00:00:00,DPIE Data from Scientific Licences dataset,Not in a reserve,-33.966686,151.041687,,,,occurrenceRemarks withheld,2009.0,10.0,1.0,,,locality withheld,locationRemarks withheld,,,NSW National Parks and Wildlife Service,HUMAN_OBSERVATION,,ODMP07040202,CB Council,ALA,2009,6,<1 m (6+ dp)
25196,Trifolium repens,2009-10-26T00:00:00,DPIE Data from Scientific Licences dataset,Not in a reserve,-33.927625,151.139081,,,introduced,occurrenceRemarks withheld,2009.0,10.0,26.0,,,locality withheld,locationRemarks withheld,,,NSW National Parks and Wildlife Service,HUMAN_OBSERVATION,,OEXK99062500;OEMM09100803,CB Council,ALA,2009,6,<1 m (6+ dp)
10235,Calotis cuneifolia,2023-10-02T12:45:00,iNaturalist observations,Lansdowne,-33.900852,150.979889,,,,,2023.0,10.0,2.0,,,,,,,,HUMAN_OBSERVATION,,Thomas Mesaglio,CB Council,iNaturalist,2023,6,<1 m (6+ dp)
1953,Acacia pubescens,2008-03-07T00:00:00,METROCMA2 Vegetation Survey,Lansdowne,-33.893876,150.977407,,,,occurrenceRemarks withheld,2008.0,3.0,7.0,,Floristic Data,locality withheld,locationRemarks withheld,,,NSW Dept of Planning and Environment,HUMAN_OBSERVATION,,OPJGI0002327;VEG-NICR,CB Council,ALA,2008,6,<1 m (6+ dp)
37421,Cotoneaster spp.,2004-05-01T12:00:00,Adept Tracey Flood Ruse Flora&Fauna Apndx6 POM,Flood Reserve,-33.935995,151.021996,,,,,2004,5,1,,,,,,,,,,,CB Council,Prototype,2004,6,<1 m (6+ dp)
27314,Sida rhombifolia,2020-04-03T00:00:00,DPIE Data from Scientific Licences dataset,Not in a reserve,-33.977766,150.996904,,,introduced,occurrenceRemarks withheld,2020.0,4.0,3.0,,,locality withheld,locationRemarks withheld,,,NSW National Parks and Wildlife Service,HUMAN_OBSERVATION,,OJJS18050102;OJJS20082503,CB Council,ALA,2020,6,<1 m (6+ dp)
27816,Acacia pubescens,2009-09-16T00:00:00,DPIE Data from Scientific Licences dataset,Salt Pan Reserve,-33.939809,151.03911,,,,occurrenceRemarks withheld,2009.0,9.0,16.0,,,locality withheld,locationRemarks withheld,,,NSW National Parks and Wildlife Service,HUMAN_OBSERVATION,,ODMP11031700,CB Council,ALA,2009,6,<1 m (6+ dp)
19687,Hibbertia puberula,2019-05-20T00:00:00,DPIE Data from Scientific Licences dataset,Not in a reserve,-33.917034,150.978733,,,,occurrenceRemarks withheld,2019.0,5.0,20.0,,,locality withheld,locationRemarks withheld,,,NSW National Parks and Wildlife Service,HUMAN_OBSERVATION,,OPUR18091500;OICG19070400;OJJS20071501,CB Council,ALA,2019,6,<1 m (6+ dp)
33506,Polyscias sambucifolia,2014-06-12T00:00:00,DPIE Data from Scientific Licences dataset,Not in a reserve,-33.926653,151.147235,,OF Old Fruit,,occurrenceRemarks withheld,2014.0,6.0,12.0,,,locality withheld,locationRemarks withheld,,,NSW National Parks and Wildlife Service,HUMAN_OBSERVATION,,OCAM11011800,CB Council,ALA,2014,6,<1 m (6+ dp)
41219,Ozothamnus diosmifolius,2004-05-01T12:00:00,Lansdowne area Flora&Fauna Appndx6 POM,Miram-Beena,-33.909351,150.975191,,,,,2004,5,1,,,,,,,,,,,CB Council,Prototype,2004,6,<1 m (6+ dp)
38564,Eucalyptus globoidea,2004-05-01T12:00:00,EastHills Flora&Fauna Apndx5 POM,Monash Reserve,-33.963992,150.988145,,,,,2004,5,1,,,,,,,,,,,CB Council,Prototype,2004,6,<1 m (6+ dp)
24016,Aristida vagans,2018-05-23T00:00:00,DPIE Data from Scientific Licences dataset,Ashford Reserve,-33.929585,150.986124,,,,occurrenceRemarks withheld,2018.0,5.0,23.0,,,locality withheld,locationRemarks withheld,,,NSW National Parks and Wildlife Service,HUMAN_OBSERVATION,,OIXR15013005,CB Council,ALA,2018,6,<1 m (6+ dp)
28293,Polyscias sambucifolia,2011-04-13T00:00:00,ACA Vegetation Survey,Deepwater,-33.951875,150.979561,,,,occurrenceRemarks withheld,2011.0,4.0,13.0,,Floristic Data,locality withheld,locationRemarks withheld,,,Anne Clements & Associates,HUMAN_OBSERVATION,,OEMM09100802;OEMM09100803;OJJS10080400;OIXR13100400,CB Council,ALA,2011,6,<1 m (6+ dp)
7273,Bothriochloa macra,2023-11-26T15:27:00,iNaturalist research-grade observations,Not in a reserve,-33.89016,150.967651,,,,,2023.0,11.0,26.0,,,,,Thomas Mesaglio,2023-11-26T09:08:48Z,,HUMAN_OBSERVATION,,Thomas Mesaglio,CB Council,iNaturalist,2023,6,<1 m (6+ dp)
4684,Acacia pubescens,2009-09-17T00:00:00,DPIE Data from Scientific Licences dataset,Lansdowne,-33.893479,150.977209,,,,occurrenceRemarks withheld,2009.0,9.0,17.0,,,locality withheld,locationRemarks withheld,,,NSW National Parks and Wildlife Service,HUMAN_OBSERVATION,,ODMP11031700,CB Council,ALA,2009,6,<1 m (6+ dp)
22835,Acacia saligna,2015-11-23T00:00:00,DPIE Data from Scientific Licences dataset,Not in a reserve,-33.945433,150.983143,,,introduced,occurrenceRemarks withheld,2015.0,11.0,,,,locality withheld,locationRemarks withheld,,,NSW National Parks and Wildlife Service,HUMAN_OBSERVATION,,ODMP09120203,CB Council,ALA,2015,6,<1 m (6+ dp)
3559,Acacia pubescens,2009-10-22T00:00:00,DPIE Data from Scientific Licences dataset,Lansdowne,-33.892759,150.975075,,,,occurrenceRemarks withheld,2009.0,10.0,22.0,,,locality withheld,locationRemarks withheld,,,NSW National Parks and Wildlife Service,HUMAN_OBSERVATION,,ODMP11031700,CB Council,ALA,2009,6,<1 m (6+ dp)
40247,Lomandra gracilis,2004-05-01T12:00:00,Southern Reserves Flora&Fauna Apndx4 POM,Dilke Reserve,-33.972867,151.035019,,,,,2004,5,1,,,,,,,,,,,CB Council,Prototype,2004,6,<1 m (6+ dp)
22060,Ehrharta erecta,2019-10-08T00:00:00,DPIE Data from Scientific Licences dataset,Not in a reserve,-33.927239,151.144304,,,introduced,occurrenceRemarks withheld,2019.0,10.0,8.0,,,locality withheld,locationRemarks withheld,,,NSW National Parks and Wildlife Service,HUMAN_OBSERVATION,,OIXR13081400;OIXR14091000,CB Council,ALA,2019,6,<1 m (6+ dp)
33679,Paspalum dilatatum,2011-04-13T00:00:00,ACA Vegetation Survey,Not in a reserve,-33.950566,150.975578,,,introduced,occurrenceRemarks withheld,2011.0,4.0,13.0,,Floristic Data,locality withheld,locationRemarks withheld,,,Anne Clements & Associates,HUMAN_OBSERVATION,,OEMM09100802;OEMM09100803;OJJS10080400;OIXR13100400,CB Council,ALA,2011,6,<1 m (6+ dp)
29191,Eragrostis brownii,2020-03-06T00:00:00,DPIE Data from Scientific Licences dataset,Airport Reserve,-33.928863,150.983869,,,,occurrenceRemarks withheld,2020.0,3.0,6.0,,,locality withheld,locationRemarks withheld,,,NSW National Parks and Wildlife Service,HUMAN_OBSERVATION,,OLUC19010800,CB Council,ALA,2020,6,<1 m (6+ dp)
5050,Leichhardtia viridiflora subsp. viridiflora,2010-01-15T00:00:00,DPIE Data from Scientific Licences dataset,Lansdowne,-33.892307,150.973917,,,,occurrenceRemarks withheld,2010.0,1.0,15.0,,,locality withheld,locationRemarks withheld,,,NSW National Parks and Wildlife Service,HUMAN_OBSERVATION,,ODMP11031700,CB Council,ALA,2010,6,<1 m (6+ dp)
27659,Chloris gayana,2018-05-23T00:00:00,DPIE Data from Scientific Licences dataset,Ashford Reserve,-33.929542,150.984621,,,introduced,occurrenceRemarks withheld,2018.0,5.0,23.0,,,locality withheld,locationRemarks withheld,,,NSW National Parks and Wildlife Service,HUMAN_OBSERVATION,,OIXR15013005,CB Council,ALA,2018,6,<1 m (6+ dp)
34397,Tradescantia fluminensis,2019-10-08T00:00:00,DPIE Data from Scientific Licences dataset,Not in a reserve,-33.92694,151.14242,,,introduced,occurrenceRemarks withheld,2019.0,10.0,8.0,,,locality withheld,locationRemarks withheld,,,NSW National Parks and Wildlife Service,HUMAN_OBSERVATION,,OIXR13081400;OIXR14091000,CB Council,ALA,2019,5,≈1–10 m (5 dp)
36990,Cerastium holosteoidesn,2004-05-01T12:00:00,Norfolk Flora&Fauna Apndx3 POM,Norfolk Reserve,-33.893604,151.062656,,,,,2004,5,1,,,,,,,,,,,CB Council,Prototype,2004,6,<1 m (6+ dp)
41781,Plectranthus verticillatus,2004-05-01T12:00:00,Southern Reserves Flora&Fauna Apndx4 POM,Little Salt Pan Creek Reserve,-33.96882,151.029014,,,,,2004,5,1,,,,,,,,,,,CB Council,Prototype,2004,6,<1 m (6+ dp)
35501,Anisomeles moschata,1992-11-01T04:03:27,Neil Rankin Surveys,Not in a reserve,-33.929167,151.136667,1.0,,,,1992.0,11.0,1.0,,,,nullnull,,,,HUMAN_OBSERVATION,,Wolli Creek Birdos,CB Council,ALA,1992,6,<1 m (6+ dp)
39812,Kennedia rubicunda,2004-05-01T12:00:00,Southern Reserves Flora&Fauna Apndx4 POM,Lambeth Reserve,-33.971772,150.996708,,,,,2004,5,1,,,,,,,,,,,CB Council,Prototype,2004,6,<1 m (6+ dp)
33824,Acacia pubescens,2009-09-16T00:00:00,DPIE Data from Scientific Licences dataset,Carysfield,-33.901725,150.997896,,,,occurrenceRemarks withheld,2009.0,9.0,16.0,,,locality withheld,locationRemarks withheld,,,NSW National Parks and Wildlife Service,HUMAN_OBSERVATION,,ODMP11031700,CB Council,ALA,2009,6,<1 m (6+ dp)
25895,Acacia pubescens,2009-09-16T00:00:00,DPIE Data from Scientific Licences dataset,Carysfield,-33.901342,150.997634,,,,occurrenceRemarks withheld,2009.0,9.0,16.0,,,locality withheld,locationRemarks withheld,,,NSW National Parks and Wildlife Service,HUMAN_OBSERVATION,,ODMP11031700,CB Council,ALA,2009,6,<1 m (6+ dp)
29163,Acacia pubescens,2009-09-15T00:00:00,DPIE Data from Scientific Licences dataset,Norfolk Reserve,-33.893941,151.062554,,,,occurrenceRemarks withheld,2009.0,9.0,15.0,,,locality withheld,locationRemarks withheld,,,NSW National Parks and Wildlife Service,HUMAN_OBSERVATION,,ODMP11031700,CB Council,ALA,2009,6,<1 m (6+ dp)
20316,Bursaria spinosa,2008-02-13T00:00:00,METROCMA2 Vegetation Survey,Deepwater,-33.946827,150.972747,,,,occurrenceRemarks withheld,2008.0,2.0,13.0,,Floristic Data,locality withheld,locationRemarks withheld,,,NSW Dept of Planning and Environment,HUMAN_OBSERVATION,,VEG-NICR;OPUR23081001,CB Council,ALA,2008,6,<1 m (6+ dp)
1445,Dillwynia sieberi,2014-11-07T00:00:00,GC-offsets Vegetation Survey,Lansdowne,-33.892471,150.977849,,,,occurrenceRemarks withheld,2014.0,11.0,7.0,,Floristic Data,locality withheld,locationRemarks withheld,,,NSW Dept of Planning and Environment,HUMAN_OBSERVATION,,ORXM97042200,CB Council,ALA,2014,6,<1 m (6+ dp)
28560,Dianella longifolia,2008-11-25T00:00:00,DPIE Default Sightings,Crest,-33.906706,150.993264,,,,occurrenceRemarks withheld,2008.0,11.0,25.0,,,locality withheld,locationRemarks withheld,,,NSW Dept of Planning and Environment,HUMAN_OBSERVATION,,OEMM09102201,CB Council,ALA,2008,6,<1 m (6+ dp)
19122,Dichelachne micrantha,2000-06-29T00:00:00,WESTSYD2 Vegetation Survey,Not in a reserve,-33.940003,151.08831,,,,occurrenceRemarks withheld,2000.0,6.0,29.0,,Floristic Data,locality withheld,locationRemarks withheld,,,NSW Dept of Planning and Environment,HUMAN_OBSERVATION,,OPUR23081001,CB Council,ALA,2000,6,<1 m (6+ dp)
30312,Melaleuca ericifolia,2015-10-15T00:00:00,DPIE Data from Scientific Licences dataset,Virginius Reserve,-33.95872,151.02234,,,,occurrenceRemarks withheld,2015.0,10.0,15.0,,,locality withheld,locationRemarks withheld,,,NSW National Parks and Wildlife Service,HUMAN_OBSERVATION,,OIXR15110501,CB Council,ALA,2015,5,≈1–10 m (5 dp)
20819,Acacia pubescens,2009-08-18T00:00:00,DPIE Data from Scientific Licences dataset,Carysfield,-33.9035,150.998373,,,,occurrenceRemarks withheld,2009.0,8.0,18.0,,,locality withheld,locationRemarks withheld,,,NSW National Parks and Wildlife Service,HUMAN_OBSERVATION,,ODMP11031700,CB Council,ALA,2009,6,<1 m (6+ dp)
35220,Hakea sericea,2013-11-22T00:00:00,DPIE Data from Scientific Licences dataset,Not in a reserve,-33.929467,151.136033,,FR Fresh Fruit,,occurrenceRemarks withheld,2013.0,11.0,22.0,,,locality withheld,locationRemarks withheld,,,NSW National Parks and Wildlife Service,HUMAN_OBSERVATION,,OCAM11011800,CB Council,ALA,2013,6,<1 m (6+ dp)
21990,Acacia pubescens,2009-08-18T00:00:00,DPIE Data from Scientific Licences dataset,Carysfield,-33.903345,150.997717,,,,occurrenceRemarks withheld,2009.0,8.0,18.0,,,locality withheld,locationRemarks withheld,,,NSW National Parks and Wildlife Service,HUMAN_OBSERVATION,,ODMP11031700,CB Council,ALA,2009,6,<1 m (6+ dp)
7459,Senna didymobotrya,2021-10-24T12:22:09,iNaturalist research-grade observations,Not in a reserve,-33.920406,151.114824,,,,"[All these qualities can be observed within the photographs.] Firstly, this plant has distinct qualities of the Fabaceae family; woody shrub, legumes as fruit and flowers with 5 free petals. This plant is of the Fabaceae subfamily, Caesalpinioideae as the flowers are irregular with a non-papilionaceous corolla and equally sized petals. Secondly, it has distinct qualities of the Genus Senna; absent spines/prickles, pinnately compound leaves, yellow petals and flat dehiscent pods. Thirdly, it has distinct qualities of the species Senna didymobotrya; 7-15 leaflet pairs per leaf, absent glands on leaves, tall raceme inflorescence with dark brown bracts, 2 conspicuous anthers and oblong pods with depressions between the seeds. All other Senna species do not have as tall of a raceme and have much lighter coloured bracts. Extra info: This plant is commonly referred to as the popcorn plant as rubbing the leaves will bring about the scent of buttered popcorn, however, it does depend on the person. References include Field Guide to the Native Plants by Les Robinson (2003) and PlantNET. Photographed during the day.",2021.0,10.0,24.0,,,,,faene,2021-10-24T19:08:48Z,,HUMAN_OBSERVATION,,faene,CB Council,iNaturalist,2021,6,<1 m (6+ dp)
4169,Leichhardtia viridiflora subsp. viridiflora,2020-05-29T00:00:00,DPIE Data from Scientific Licences dataset,Lansdowne,-33.893388,150.975146,,,,occurrenceRemarks withheld,2020.0,5.0,29.0,,,locality withheld,locationRemarks withheld,,,NSW National Parks and Wildlife Service,HUMAN_OBSERVATION,,OJJS16072001,CB Council,ALA,2020,6,<1 m (6+ dp)
11230,Aegiceras corniculatum,2024-04-28T13:19:57,iNaturalist research-grade observations,Salt Pan Reserve,-33.963046,151.040269,,,,,2024.0,4.0,28.0,,,,,jgb_,2024-04-28T03:20:47Z,,HUMAN_OBSERVATION,,jgb_,CB Council,iNaturalist,2024,6,<1 m (6+ dp)
3935,Acacia pubescens,2010-01-15T00:00:00,DPIE Data from Scientific Licences dataset,Lansdowne,-33.892918,150.974865,,,,occurrenceRemarks withheld,2010.0,1.0,15.0,,,locality withheld,locationRemarks withheld,,,NSW National Parks and Wildlife Service,HUMAN_OBSERVATION,,ODMP11031700,CB Council,ALA,2010,6,<1 m (6+ dp)
39115,Goodenia hederacea,2004-05-01T12:00:00,Lansdowne area Flora&Fauna Appndx6 POM,Lansdowne,-33.896245,150.978391,,,,,2004,5,1,,,,,,,,,,,CB Council,Prototype,2004,6,<1 m (6+ dp)
22160,Acacia pubescens,2009-08-18T00:00:00,DPIE Data from Scientific Licences dataset,Carysfield,-33.903269,150.998,,,,occurrenceRemarks withheld,2009.0,8.0,18.0,,,locality withheld,locationRemarks withheld,,,NSW National Parks and Wildlife Service,HUMAN_OBSERVATION,,ODMP11031700,CB Council,ALA,2009,6,<1 m (6+ dp)
8023,Pittosporum undulatum,2023-07-24T14:59:34,iNaturalist research-grade observations,Not in a reserve,-33.895528,151.026668,,,,,2023.0,7.0,24.0,,,,,Shu Chen,2023-07-24T05:00:42Z,,HUMAN_OBSERVATION,,Shu Chen,CB Council,iNaturalist,2023,6,<1 m (6+ dp)
35005,Themeda triandra,2015-09-15T00:00:00,DPIE Default Sightings,Not in a reserve,-33.890332,151.055229,,,,occurrenceRemarks withheld,2015.0,9.0,15.0,,,locality withheld,locationRemarks withheld,,,NSW Dept of Planning and Environment,HUMAN_OBSERVATION,,OIXR15081800,CB Council,ALA,2015,6,<1 m (6+ dp)
34675,Commersonia dasyphylla,2022-08-24T00:00:00,DPIE Data from Scientific Licences dataset,Norfolk Reserve,-33.893288,151.06232,,,,occurrenceRemarks withheld,2022.0,8.0,24.0,,,locality withheld,locationRemarks withheld,,,NSW National Parks and Wildlife Service,HUMAN_OBSERVATION,,OMFZ23041401,CB Council,ALA,2022,6,<1 m (6+ dp)
20553,Pomax umbellata,2015-09-08T00:00:00,DPIE Data from Scientific Licences dataset,East Hills Park,-33.964295,150.982435,,,,occurrenceRemarks withheld,2015.0,9.0,8.0,,,locality withheld,locationRemarks withheld,,,NSW National Parks and Wildlife Service,HUMAN_OBSERVATION,,OJJS12110500,CB Council,ALA,2015,6,<1 m (6+ dp)
21512,Hibbertia puberula,2019-05-20T00:00:00,DPIE Data from Scientific Licences dataset,Not in a reserve,-33.917228,150.980239,,,,occurrenceRemarks withheld,2019.0,5.0,20.0,,,locality withheld,locationRemarks withheld,,,NSW National Parks and Wildlife Service,HUMAN_OBSERVATION,,OPUR18091500;OICG19070400;OJJS20071501,CB Council,ALA,2019,6,<1 m (6+ dp)
20893,Brunoniella pumilio,2008-03-07T00:00:00,METROCMA2 Vegetation Survey,Crest,-33.911035,150.996728,,,,occurrenceRemarks withheld,2008.0,3.0,7.0,,Floristic Data,locality withheld,locationRemarks withheld,,,NSW Dept of Planning and Environment,HUMAN_OBSERVATION,,OPJGI0002327;VEG-NICR,CB Council,ALA,2008,6,<1 m (6+ dp)
36657,Bursaria spinosa,2004-05-01T12:00:00,Bankstown Airport Reserves Flora&Fauna Apndx6 POM,Ashford Reserve,-33.930003,150.984825,,,,,2004,5,1,,,,,,,,,,,CB Council,Prototype,2004,6,<1 m (6+ dp)
21855,Pimelea spicata,2010-02-11T00:00:00,DPIE Data from Scientific Licences dataset,Crest,-33.910618,150.996887,,,,occurrenceRemarks withheld,2010.0,2.0,11.0,,,locality withheld,locationRemarks withheld,,,NSW National Parks and Wildlife Service,HUMAN_OBSERVATION,,ODMP11031700,CB Council,ALA,2010,6,<1 m (6+ dp)
35028,Ailanthus altissima,2016-06-22T00:00:00,DPIE Data from Scientific Licences dataset,Not in a reserve,-33.911385,151.130478,,,introduced,occurrenceRemarks withheld,2016.0,6.0,,,,locality withheld,locationRemarks withheld,,,NSW National Parks and Wildlife Service,HUMAN_OBSERVATION,,OJJS10042000;OIXR13081400,CB Council,ALA,2016,6,<1 m (6+ dp)
42530,Solanum vescum,2004-05-01T12:00:00,Norfolk Flora&Fauna Apndx3 POM,Norfolk Reserve,-33.893604,151.062656,,,,,2004,5,1,,,,,,,,,,,CB Council,Prototype,2004,6,<1 m (6+ dp)
4487,Dodonaea triquetra,2014-11-07T00:00:00,GC-offsets Vegetation Survey,Lansdowne,-33.893524,150.977165,,,,occurrenceRemarks withheld,2014.0,11.0,7.0,,Floristic Data,locality withheld,locationRemarks withheld,,,NSW Dept of Planning and Environment,HUMAN_OBSERVATION,,OPXE04110301;VEG-SARAHB,CB Council,ALA,2014,6,<1 m (6+ dp)
37022,Chamaesyce drummondii,2004-05-01T12:00:00,Deepwater Flora&Fauna Apndx5 POM,Kelso Creek,-33.950301,150.984015,,,,,2004,5,1,,,,,,,,,,,CB Council,Prototype,2004,6,<1 m (6+ dp)
30658,Persicaria capitata,2023-06-14T00:00:00,DPIE Data from Scientific Licences dataset,Not in a reserve,-33.95243,151.04037,,,introduced,occurrenceRemarks withheld,2023.0,6.0,14.0,Woodland,,locality withheld,locationRemarks withheld,,,NSW National Parks and Wildlife Service,HUMAN_OBSERVATION,,OSHD13030401,CB Council,ALA,2023,5,≈1–10 m (5 dp)
4606,Pomaderris brunnea,2020-05-29T00:00:00,DPIE Data from Scientific Licences dataset,Lansdowne,-33.892709,150.975241,,,,occurrenceRemarks withheld,2020.0,5.0,29.0,,,locality withheld,locationRemarks withheld,,,NSW National Parks and Wildlife Service,HUMAN_OBSERVATION,,OJJS16072001,CB Council,ALA,2020,6,<1 m (6+ dp)
42803,Tradescantia fluminensis,2004-05-01T12:00:00,Lansdowne area Flora&Fauna Appndx6 POM,Miram-Beena,-33.893451,150.970339,,,,,2004,5,1,,,,,,,,,,,CB Council,Prototype,2004,6,<1 m (6+ dp)
7222,Acacia terminalis,2023-06-09T10:00:00,iNaturalist research-grade observations,Not in a reserve,-33.972423,151.031455,,,,,2023.0,6.0,9.0,,,,,David,2023-06-09T04:24:40Z,,HUMAN_OBSERVATION,,David,CB Council,iNaturalist,2023,6,<1 m (6+ dp)
35708,Alisma plantago-aquatica,2004-05-01T12:00:00,Salt Pan Creek Flora&Fauna Apndx4 POM,Salt Pan Reserve,-33.946515,151.039711,,,,,2004,5,1,,,,,,,,,,,CB Council,Prototype,2004,6,<1 m (6+ dp)
20125,Acacia pubescens,2009-09-16T00:00:00,DPIE Data from Scientific Licences dataset,Salt Pan Reserve,-33.948685,151.040432,,,,occurrenceRemarks withheld,2009.0,9.0,16.0,,,locality withheld,locationRemarks withheld,,,NSW National Parks and Wildlife Service,HUMAN_OBSERVATION,,ODMP11031700,CB Council,ALA,2009,6,<1 m (6+ dp)
23595,Doryanthes excelsa,2020-06-27T00:00:00,DPIE Data from Scientific Licences dataset,Not in a reserve,-33.935253,150.9881,,,,occurrenceRemarks withheld,2020.0,6.0,27.0,,,locality withheld,locationRemarks withheld,,,NSW National Parks and Wildlife Service,HUMAN_OBSERVATION,,ODMP07040202,CB Council,ALA,2020,6,<1 m (6+ dp)
25258,Carex inversa,2014-02-05T00:00:00,ACA Vegetation Survey,Deepwater,-33.949556,150.97452,,,,occurrenceRemarks withheld,2014.0,2.0,5.0,,Floristic Data,locality withheld,locationRemarks withheld,,,Anne Clements & Associates,HUMAN_OBSERVATION,,OEMM09100802;OIXR13100400,CB Council,ALA,2014,6,<1 m (6+ dp)
19562,Glycine tabacina,2018-05-23T00:00:00,DPIE Data from Scientific Licences dataset,Miram-Beena,-33.909909,150.979481,,,,occurrenceRemarks withheld,2018.0,5.0,23.0,,,locality withheld,locationRemarks withheld,,,NSW National Parks and Wildlife Service,HUMAN_OBSERVATION,,OIXR15013005,CB Council,ALA,2018,6,<1 m (6+ dp)
20132,Asparagus asparagoides,2016-11-16T00:00:00,DPIE Data from Scientific Licences dataset,Not in a reserve,-33.926639,151.147833,,,introduced,occurrenceRemarks withheld,2016.0,11.0,16.0,,,locality withheld,locationRemarks withheld,,,NSW National Parks and Wildlife Service,HUMAN_OBSERVATION,,ODMP17013000,CB Council,ALA,2016,6,<1 m (6+ dp)
40580,Melaleuca linariifolia,2004-05-01T12:00:00,Southern Reserves Flora&Fauna Apndx4 POM,Thomas Street Depot,-33.96590278,151.013035,,,,,2004,5,1,,,,,,,,,,,CB Council,Prototype,2004,8,<1 m (6+ dp)
42817,Tradescantia fluminensis,2004-05-01T12:00:00,Revesby and Padstow reserves Flora&Fauna Apndx6 POM,Virginius Reserve,-33.960678,151.022552,,,,,2004,5,1,,,,,,,,,,,CB Council,Prototype,2004,6,<1 m (6+ dp)
9655,Exocarpos cupressiformis,2022-06-01T14:17:31,iNaturalist research-grade observations,Thornton,-33.906947,151.001583,,,,,2022.0,6.0,1.0,,,,,Evangelos Laios,2022-06-01T04:20:13Z,,HUMAN_OBSERVATION,,Evangelos Laios,CB Council,iNaturalist,2022,6,<1 m (6+ dp)
35598,Aegiceras corniculatum,2004-05-01T12:00:00,EastHills Flora&Fauna Apndx5 POM,Monash Reserve,-33.963992,150.988145,,,,,2004,5,1,,,,,,,,,,,CB Council,Prototype,2004,6,<1 m (6+ dp)
5804,Pomaderris discolor,2022-09-04T15:06:00,iNaturalist observations,Deepwater,-33.95197,150.979994,,,,,2022.0,9.0,4.0,,,,,,,,HUMAN_OBSERVATION,,Eamonn Culhane,CB Council,iNaturalist,2022,6,<1 m (6+ dp)
11074,Ipomoea indica,2021-04-02T00:00:00,iNaturalist research-grade observations,Not in a reserve,-33.93056,151.123147,,flowers,,"Huge sprawling plant growing on a dead tree next to a walking trail, flowers observed are roughly 5 cm across and the leaves are roughly 5 cm across and 7 cm long. Light canopy overhead.",2021.0,4.0,2.0,,,,,Michael,2021-04-02T07:19:45Z,,HUMAN_OBSERVATION,,Michael,CB Council,iNaturalist,2021,6,<1 m (6+ dp)
32963,Eucalyptus longifolia,2005-11-22T00:00:00,DPIE Default Sightings,Flood Reserve,-33.93576,151.02208,,,,occurrenceRemarks withheld,2005.0,11.0,22.0,,,locality withheld,locationRemarks withheld,,,NSW Dept of Planning and Environment,HUMAN_OBSERVATION,,OEMM09102201,CB Council,ALA,2005,5,≈1–10 m (5 dp)
24636,Plantago lanceolata,2020-02-19T00:00:00,DPIE Data from Scientific Licences dataset,Not in a reserve,-33.904543,151.038029,,,introduced,occurrenceRemarks withheld,2020.0,2.0,19.0,,,locality withheld,locationRemarks withheld,,,NSW National Parks and Wildlife Service,HUMAN_OBSERVATION,,OPUR17042400,CB Council,ALA,2020,6,<1 m (6+ dp)
36170,Asplenium flabellifolium,2004-05-01T12:00:00,Salt Pan Creek Flora&Fauna Apndx4 POM,Alma Reserve,-33.963313,151.038039,,,,,2004,5,1,,,,,,,,,,,CB Council,Prototype,2004,6,<1 m (6+ dp)
9046,Acacia parramattensis,2020-04-26T09:48:40,iNaturalist observations,Miram-Beena,-33.906772,150.981567,,,,,2020.0,4.0,26.0,,,,,,,,HUMAN_OBSERVATION,,Thomas Mesaglio,CB Council,iNaturalist,2020,6,<1 m (6+ dp)
7051,Galium aparine,2023-07-03T12:38:00,iNaturalist research-grade observations,Bellevue,-33.911526,150.998856,,,,,2023.0,7.0,3.0,,,,,Thomas Mesaglio,2023-07-03T06:02:55Z,,HUMAN_OBSERVATION,,Thomas Mesaglio,CB Council,iNaturalist,2023,6,<1 m (6+ dp)
37612,Rytidosperma racemosum,2004-05-01T12:00:00,Norfolk Flora&Fauna Apndx3 POM,Norfolk Reserve,-33.893604,151.062656,,,,,2004,5,1,,,,,,,,,,,CB Council,Prototype,2004,6,<1 m (6+ dp)
28004,Pomaderris lanigera,2008-11-26T00:00:00,DPIE Data from Scientific Licences dataset,Davies Road,-33.955611,151.040085,,,,occurrenceRemarks withheld,2008.0,11.0,26.0,,,locality withheld,locationRemarks withheld,,,NSW National Parks and Wildlife Service,HUMAN_OBSERVATION,,OJJS07082200,CB Council,ALA,2008,6,<1 m (6+ dp)
35204,Ailanthus altissima,2018-05-23T00:00:00,DPIE Data from Scientific Licences dataset,Kentucky Reserve,-33.920732,150.975224,,,introduced,occurrenceRemarks withheld,2018.0,5.0,23.0,,,locality withheld,locationRemarks withheld,,,NSW National Parks and Wildlife Service,HUMAN_OBSERVATION,,OIXR15013005,CB Council,ALA,2018,6,<1 m (6+ dp)
35234,Erigeron bonariensis,2020-03-06T00:00:00,DPIE Data from Scientific Licences dataset,Airport Reserve,-33.928863,150.983869,,,introduced,occurrenceRemarks withheld,2020.0,3.0,6.0,,,locality withheld,locationRemarks withheld,,,NSW National Parks and Wildlife Service,HUMAN_OBSERVATION,,OLUC19010800,CB Council,ALA,2020,6,<1 m (6+ dp)
27003,Notelaea longifolia,2024-05-28T00:00:00,DPIE Data from Scientific Licences dataset,Not in a reserve,-33.89015,151.03269,,,,occurrenceRemarks withheld,2024.0,5.0,28.0,,,locality withheld,locationRemarks withheld,,,NSW National Parks and Wildlife Service,HUMAN_OBSERVATION,,OLHP24010904;OLHP24010909,CB Council,ALA,2024,5,≈1–10 m (5 dp)
9843,Romulea rosea,2024-08-20T12:37:11,iNaturalist research-grade observations,Not in a reserve,-33.922874,151.125076,,,,"In the grass on the verge outside this house, appeared self-seeded. Did not see any others with a quick glance around.",2024.0,8.0,20.0,,,,,danceswithplants,2024-08-21T00:48:38Z,,HUMAN_OBSERVATION,,danceswithplants,CB Council,iNaturalist,2024,6,<1 m (6+ dp)
19707,Corymbia maculata,2011-04-13T00:00:00,DPIE Data from Scientific Licences dataset,Not in a reserve,-33.951399,150.974736,,,,occurrenceRemarks withheld,2011.0,4.0,,,,locality withheld,locationRemarks withheld,,,NSW National Parks and Wildlife Service,HUMAN_OBSERVATION,,OEMM09100802;OEMM09100803;OJJS10080400;OIXR13062400,CB Council,ALA,2011,6,<1 m (6+ dp)
30458,Acacia pubescens,2009-09-16T00:00:00,DPIE Data from Scientific Licences dataset,Salt Pan Reserve,-33.950812,151.040967,,,,occurrenceRemarks withheld,2009.0,9.0,16.0,,,locality withheld,locationRemarks withheld,,,NSW National Parks and Wildlife Service,HUMAN_OBSERVATION,,ODMP11031700,CB Council,ALA,2009,6,<1 m (6+ dp)
23082,Acacia pubescens,2009-08-18T00:00:00,DPIE Data from Scientific Licences dataset,Carysfield,-33.903137,150.997073,,,,occurrenceRemarks withheld,2009.0,8.0,18.0,,,locality withheld,locationRemarks withheld,,,NSW National Parks and Wildlife Service,HUMAN_OBSERVATION,,ODMP11031700,CB Council,ALA,2009,6,<1 m (6+ dp)
19134,Pimelea spicata,2010-02-26T00:00:00,DPIE Data from Scientific Licences dataset,Amaroo,-33.907656,150.982822,,,,occurrenceRemarks withheld,2010.0,2.0,26.0,,,locality withheld,locationRemarks withheld,,,NSW National Parks and Wildlife Service,HUMAN_OBSERVATION,,ODMP11031700,CB Council,ALA,2010,6,<1 m (6+ dp)
39621,Ipomoea purpurea,2004-05-01T12:00:00,The Crest-Appendix,Crest,-33.908539,150.99598,,,,,2004,5,1,,,,,,,,,,,CB Council,Prototype,2004,6,<1 m (6+ dp)
6882,Sonchus oleraceus,2021-09-17T10:51:53,iNaturalist observations,Not in a reserve,-33.941734,150.98053,,,,,2021.0,9.0,17.0,,,,,,,,HUMAN_OBSERVATION,,stefaninko94,CB Council,iNaturalist,2021,6,<1 m (6+ dp)
3509,Acacia pubescens,2009-10-22T00:00:00,DPIE Data from Scientific Licences dataset,Lansdowne,-33.892994,150.975674,,,,occurrenceRemarks withheld,2009.0,10.0,22.0,,,locality withheld,locationRemarks withheld,,,NSW National Parks and Wildlife Service,HUMAN_OBSERVATION,,ODMP11031700,CB Council,ALA,2009,6,<1 m (6+ dp)
20178,Hypochaeris radicata,2008-03-07T00:00:00,METROCMA2 Vegetation Survey,Crest,-33.911035,150.996728,,,introduced,occurrenceRemarks withheld,2008.0,3.0,7.0,,Floristic Data,locality withheld,locationRemarks withheld,,,NSW Dept of Planning and Environment,HUMAN_OBSERVATION,,OPJGI0002327;VEG-NICR,CB Council,ALA,2008,6,<1 m (6+ dp)
42705,Taraxacum officinale,2004-05-01T12:00:00,The Crest-Appendix,Crest,-33.908539,150.99598,,,,,2004,5,1,,,,,,,,,,,CB Council,Prototype,2004,6,<1 m (6+ dp)
19386,Chascolytrum subaristatum,2007-07-24T00:00:00,DTHOMAS2 Vegetation Survey,Airport Reserve,-33.928988,150.985685,,,introduced,occurrenceRemarks withheld,2007.0,7.0,24.0,,Floristic Data,locality withheld,locationRemarks withheld,,,"David Thomas, 9 Miriam Road, Denistone",HUMAN_OBSERVATION,,OPUR23081001,CB Council,ALA,2007,6,<1 m (6+ dp)
25433,Acacia pubescens,2014-02-05T00:00:00,DPIE Data from Scientific Licences dataset,Deepwater,-33.950022,150.975958,,,,occurrenceRemarks withheld,2014.0,2.0,5.0,Woodland,,locality withheld,locationRemarks withheld,,,NSW National Parks and Wildlife Service,HUMAN_OBSERVATION,,OEMM09100802;OIXR13062400,CB Council,ALA,2014,6,<1 m (6+ dp)
34147,Acacia ulicifolia,2004-05-01T12:00:00,Salt Pan Creek Flora&Fauna Apndx4 POM,Salt Pan Reserve,-33.946515,151.039711,,,,,2004,5,1,,,,,,,,,,,CB Council,Prototype,2004,6,<1 m (6+ dp)
24144,Caustis flexuosa,2000-06-01T00:00:00,DTHOMAS2 Vegetation Survey,Not in a reserve,-33.928986,151.024518,,,,occurrenceRemarks withheld,2000.0,6.0,1.0,,Floristic Data,locality withheld,locationRemarks withheld,,,"David Thomas, 9 Miriam Road, Denistone",HUMAN_OBSERVATION,,OPUR23081001,CB Council,ALA,2000,6,<1 m (6+ dp)
5195,Ehrharta erecta,2024-10-23T12:00:00,BAM241023_095103,Lansdowne,-33.89297001,150.9768421,5.0,,Introduced,,2024.0,10.0,23.0,,Florist Data,Lansdowne Reserve,BAM data and floristic data from two monitoring plots collected in 2068,,2024-10-23T12:00:00Z,,human observation,,BLM,CB Council,ALA,2024,8,<1 m (6+ dp)
20470,Acacia parramattensis,2008-11-24T00:00:00,DPIE Default Sightings,Norfolk Reserve,-33.89413,151.0627,,,,occurrenceRemarks withheld,2008.0,11.0,24.0,,,locality withheld,locationRemarks withheld,,,NSW Dept of Planning and Environment,HUMAN_OBSERVATION,,OEMM09102201,CB Council,ALA,2008,5,≈1–10 m (5 dp)
3995,Acacia pubescens,2009-10-22T00:00:00,DPIE Data from Scientific Licences dataset,Lansdowne,-33.892261,150.976049,,,,occurrenceRemarks withheld,2009.0,10.0,22.0,,,locality withheld,locationRemarks withheld,,,NSW National Parks and Wildlife Service,HUMAN_OBSERVATION,,ODMP11031700,CB Council,ALA,2009,6,<1 m (6+ dp)
41849,Polypogon sp.,2004-05-01T12:00:00,Lansdowne area Flora&Fauna Appndx6 POM,Amaroo,-33.908,150.982962,,,,,2004,5,1,,,,,,,,,,,CB Council,Prototype,2004,6,<1 m (6+ dp)
24514,Ehrharta erecta,2018-04-04T00:00:00,DPIE Data from Scientific Licences dataset,Not in a reserve,-33.917913,151.116308,,,introduced,occurrenceRemarks withheld,2018.0,4.0,4.0,,,locality withheld,locationRemarks withheld,,,NSW National Parks and Wildlife Service,HUMAN_OBSERVATION,,OJJS19102800,CB Council,ALA,2018,6,<1 m (6+ dp)
3651,Desmodium varians,2007-04-05T00:00:00,DPIE Default Sightings,Lansdowne,-33.895029,150.978671,,,,occurrenceRemarks withheld,2007.0,4.0,5.0,,,locality withheld,locationRemarks withheld,,,NSW Dept of Planning and Environment,HUMAN_OBSERVATION,,OEMM09111310,CB Council,ALA,2007,6,<1 m (6+ dp)
29324,Aristida vagans,1999-02-11T00:00:00,DPIE Data from Scientific Licences dataset,Carysfield,-33.900784,150.997609,,,,occurrenceRemarks withheld,1999.0,2.0,11.0,,,locality withheld,locationRemarks withheld,,,NSW National Parks and Wildlife Service,HUMAN_OBSERVATION,,OPJGI0002327,CB Council,ALA,1999,6,<1 m (6+ dp)
25182,Notelaea longifolia,2008-04-30T00:00:00,DPIE Data from Scientific Licences dataset,Norfolk Reserve,-33.893591,151.06261,,,,occurrenceRemarks withheld,2008.0,,,,,locality withheld,locationRemarks withheld,,,NSW National Parks and Wildlife Service,HUMAN_OBSERVATION,,OJJS07082200,CB Council,ALA,2008,6,<1 m (6+ dp)
1168,Acacia pubescens,2010-01-15T00:00:00,DPIE Data from Scientific Licences dataset,Lansdowne,-33.892898,150.974228,,,,occurrenceRemarks withheld,2010.0,1.0,15.0,,,locality withheld,locationRemarks withheld,,,NSW National Parks and Wildlife Service,HUMAN_OBSERVATION,,ODMP11031700,CB Council,ALA,2010,6,<1 m (6+ dp)
30564,Angophora costata,1999-04-21T00:00:00,GEORGES Vegetation Survey,Not in a reserve,-33.970898,151.026255,,,,occurrenceRemarks withheld,1999.0,4.0,21.0,,Floristic Data,locality withheld,locationRemarks withheld,,,NSW Dept of Planning and Environment,HUMAN_OBSERVATION,,OVLU99062101;OSLS05031800,CB Council,ALA,1999,6,<1 m (6+ dp)
32496,Ligustrum lucidum,2019-03-28T00:00:00,DPIE Data from Scientific Licences dataset,Salt Pan Reserve,-33.963093,151.04053,,,introduced,occurrenceRemarks withheld,2019.0,3.0,28.0,,,locality withheld,locationRemarks withheld,,,NSW National Parks and Wildlife Service,HUMAN_OBSERVATION,,ODMP00113020,CB Council,ALA,2019,6,<1 m (6+ dp)
5157,Breynia oblongifolia,2024-10-23T12:00:00,BAM241023_095103,Lansdowne,-33.89297001,150.9768421,200.0,,"Alive in NSW, Native",,2024.0,10.0,23.0,,Florist Data,Lansdowne Reserve,BAM data and floristic data from two monitoring plots collected in 2030,,2024-10-23T12:00:00Z,,human observation,,BLM,CB Council,ALA,2024,8,<1 m (6+ dp)
6924,Homalanthus populifolius,2023-03-17T15:06:00,iNaturalist research-grade observations,Amberdale Reserve,-33.972247,151.003356,,,,,2023.0,3.0,17.0,,,,,James K. Douch,2023-03-17T06:24:11Z,,HUMAN_OBSERVATION,,James K. Douch,CB Council,iNaturalist,2023,6,<1 m (6+ dp)
11077,Phyllanthus virgatus,2024-03-25T14:51:52,iNaturalist observations,Lansdowne,-33.898862,150.978505,,flowers|fruits or seeds,,,2024.0,3.0,25.0,,,,,,,,HUMAN_OBSERVATION,,Nina,CB Council,iNaturalist,2024,6,<1 m (6+ dp)
33895,Melaleuca ericifolia,2020-03-06T00:00:00,DPIE Data from Scientific Licences dataset,Ashford Reserve,-33.929733,150.98307,,,,occurrenceRemarks withheld,2020.0,3.0,6.0,,,locality withheld,locationRemarks withheld,,,NSW National Parks and Wildlife Service,HUMAN_OBSERVATION,,OLUC19010800,CB Council,ALA,2020,6,<1 m (6+ dp)
42050,Pultenaea villosa,2004-05-01T12:00:00,Walshaw Flora&Fauna Apndx4 POM,Walshaw Park,-33.901345,151.004631,,,,,2004,5,1,,,,,,,,,,,CB Council,Prototype,2004,6,<1 m (6+ dp)
30860,Cenchrus clandestinus,2024-02-29T00:00:00,DPIE Data from Scientific Licences dataset,Not in a reserve,-33.913225,150.989012,,,introduced,occurrenceRemarks withheld,2024.0,2.0,29.0,,,locality withheld,locationRemarks withheld,,,NSW National Parks and Wildlife Service,HUMAN_OBSERVATION,,ODFK24032100,CB Council,ALA,2024,6,<1 m (6+ dp)
26562,Hypericum gramineum,2000-06-29T00:00:00,WESTSYD2 Vegetation Survey,Not in a reserve,-33.940003,151.08831,,,,occurrenceRemarks withheld,2000.0,6.0,29.0,,Floristic Data,locality withheld,locationRemarks withheld,,,NSW Dept of Planning and Environment,HUMAN_OBSERVATION,,OPUR23081001,CB Council,ALA,2000,6,<1 m (6+ dp)
30004,Ozothamnus diosmifolius,2020-02-19T00:00:00,DPIE Data from Scientific Licences dataset,Not in a reserve,-33.904543,151.038029,,,,occurrenceRemarks withheld,2020.0,2.0,19.0,,,locality withheld,locationRemarks withheld,,,NSW National Parks and Wildlife Service,HUMAN_OBSERVATION,,OPUR17042400,CB Council,ALA,2020,6,<1 m (6+ dp)
1084,Wurmbea dioica subsp. dioica,1998-12-21T00:00:00,WESTSYD Vegetation Survey,Lansdowne,-33.896626,150.977958,,,,occurrenceRemarks withheld,1998.0,12.0,21.0,,Floristic Data,locality withheld,locationRemarks withheld,,,NSW Dept of Planning and Environment,HUMAN_OBSERVATION,,OPXE97062300;OVLU99062101,CB Council,ALA,1998,6,<1 m (6+ dp)
21664,Angophora costata,2020-04-03T00:00:00,DPIE Data from Scientific Licences dataset,Not in a reserve,-33.977766,150.996904,,,,occurrenceRemarks withheld,2020.0,4.0,3.0,,,locality withheld,locationRemarks withheld,,,NSW National Parks and Wildlife Service,HUMAN_OBSERVATION,,OJJS18050102;OJJS20082503,CB Council,ALA,2020,6,<1 m (6+ dp)
38807,Eustrephus latifolius,2004-05-01T12:00:00,CondellPark Flora&Fauna Apndx4 POM,Manahan Reserve,-33.92033,151.006218,,,,,2004,5,1,,,,,,,,,,,CB Council,Prototype,2004,6,<1 m (6+ dp)
34993,Atriplex semibaccata,2011-04-13T00:00:00,ACA Vegetation Survey,Not in a reserve,-33.950566,150.975578,,,,occurrenceRemarks withheld,2011.0,4.0,13.0,,Floristic Data,locality withheld,locationRemarks withheld,,,Anne Clements & Associates,HUMAN_OBSERVATION,,OEMM09100802;OEMM09100803;OJJS10080400;OIXR13100400,CB Council,ALA,2011,6,<1 m (6+ dp)
38579,Eucalyptus haemastoma,2004-05-01T12:00:00,Southern Reserves Flora&Fauna Apndx4 POM,Dilke Reserve,-33.972867,151.035019,,,,,2004,5,1,,,,,,,,,,,CB Council,Prototype,2004,6,<1 m (6+ dp)
8934,Eucalyptus punctata,2023-05-21T13:47:08,iNaturalist research-grade observations,Not in a reserve,-33.970413,151.013917,,,,,2023.0,5.0,21.0,,,,,Jude Wright,2023-05-21T05:59:37Z,,HUMAN_OBSERVATION,,Jude Wright,CB Council,iNaturalist,2023,6,<1 m (6+ dp)
42792,Trachymene incisa,2004-05-01T12:00:00,Salt Pan Creek Flora&Fauna Apndx4 POM,Salt Pan Reserve,-33.946515,151.039711,,,,,2004,5,1,,,,,,,,,,,CB Council,Prototype,2004,6,<1 m (6+ dp)
1260,Glycine clandestina,2014-11-06T00:00:00,GC-offsets Vegetation Survey,Lansdowne,-33.89427,150.97705,,,,occurrenceRemarks withheld,2014.0,11.0,6.0,,Floristic Data,locality withheld,locationRemarks withheld,,,NSW Dept of Planning and Environment,HUMAN_OBSERVATION,,ORXM97042200,CB Council,ALA,2014,5,≈1–10 m (5 dp)
24855,Melaleuca decora,1999-02-15T00:00:00,WESTSYD Vegetation Survey,Norfolk Reserve,-33.893483,151.062912,,,,occurrenceRemarks withheld,1999.0,2.0,15.0,,Floristic Data,locality withheld,locationRemarks withheld,,,NSW Dept of Planning and Environment,HUMAN_OBSERVATION,,OJKP98040900;OVLU99062101,CB Council,ALA,1999,6,<1 m (6+ dp)
1790,Microlaena stipoides,2014-11-07T00:00:00,GC-offsets Vegetation Survey,Lansdowne,-33.893524,150.977165,,,,occurrenceRemarks withheld,2014.0,11.0,7.0,,Floristic Data,locality withheld,locationRemarks withheld,,,NSW Dept of Planning and Environment,HUMAN_OBSERVATION,,OPXE04110301;VEG-SARAHB,CB Council,ALA,2014,6,<1 m (6+ dp)
25608,Eleusine tristachya,2023-06-14T00:00:00,DPIE Data from Scientific Licences dataset,Not in a reserve,-33.95243,151.04037,,,introduced,occurrenceRemarks withheld,2023.0,6.0,14.0,Woodland,,locality withheld,locationRemarks withheld,,,NSW National Parks and Wildlife Service,HUMAN_OBSERVATION,,OSHD13030401,CB Council,ALA,2023,5,≈1–10 m (5 dp)
10289,Cyperus eragrostis,2021-10-22T11:56:00,iNaturalist research-grade observations,Not in a reserve,-33.941836,151.050125,,,,,2021.0,10.0,22.0,,,,,Thomas Mesaglio,2021-10-26T05:41:09Z,,HUMAN_OBSERVATION,,Thomas Mesaglio,CB Council,iNaturalist,2021,6,<1 m (6+ dp)
6695,Ligustrum sinense,2022-11-20T11:59:20,iNaturalist observations,Not in a reserve,-33.971133,151.040526,,,,,2022.0,11.0,20.0,,,,,,,,HUMAN_OBSERVATION,,slloyd98,CB Council,iNaturalist,2022,6,<1 m (6+ dp)
6139,Crassocephalum crepidioides,2022-06-14T14:59:00,iNaturalist research-grade observations,Not in a reserve,-33.97042,151.02747,,flower buds,,,2022.0,6.0,14.0,,,,,Bradley W. Jones,2022-06-14T08:42:26Z,,HUMAN_OBSERVATION,,Bradley W. Jones,CB Council,iNaturalist,2022,5,≈1–10 m (5 dp)
26663,Eragrostis curvula,2011-04-13T00:00:00,ACA Vegetation Survey,Deepwater,-33.951547,150.980445,,,introduced,occurrenceRemarks withheld,2011.0,4.0,13.0,,Floristic Data,locality withheld,locationRemarks withheld,,,Anne Clements & Associates,HUMAN_OBSERVATION,,OEMM09100802;OEMM09100803;OJJS10080400;OIXR13100400,CB Council,ALA,2011,6,<1 m (6+ dp)
21582,Hedera helix,2009-04-23T00:00:00,BANKS_VEG Vegetation Survey,Not in a reserve,-33.97967,151.00081,,,introduced,occurrenceRemarks withheld,2009.0,4.0,23.0,,Floristic Data,locality withheld,locationRemarks withheld,,,Bankstown City Council,HUMAN_OBSERVATION,,OJJS07082200;ODMP08080503,CB Council,ALA,2009,5,≈1–10 m (5 dp)
6929,Acacia longifolia,2021-07-29T14:54:40,iNaturalist research-grade observations,Not in a reserve,-33.913725,151.122947,,,,,2021.0,7.0,29.0,,,,,David,2021-07-29T20:16:10Z,,HUMAN_OBSERVATION,,Ari Ro,CB Council,iNaturalist,2021,6,<1 m (6+ dp)
23251,Bothriochloa macra,2008-03-07T00:00:00,METROCMA2 Vegetation Survey,Crest,-33.911035,150.996728,,,,occurrenceRemarks withheld,2008.0,3.0,7.0,,Floristic Data,locality withheld,locationRemarks withheld,,,NSW Dept of Planning and Environment,HUMAN_OBSERVATION,,OPJGI0002327;VEG-NICR,CB Council,ALA,2008,6,<1 m (6+ dp)
37450,Culcita dubia,2004-05-01T12:00:00,Southern Reserves Flora&Fauna Apndx4 POM,Lambeth Reserve,-33.971772,150.996708,,,,,2004,5,1,,,,,,,,,,,CB Council,Prototype,2004,6,<1 m (6+ dp)
38746,Eucalyptus sideroxylon,2004-05-01T12:00:00,Deepwater Flora&Fauna Apndx5 POM,Kelso Creek,-33.950301,150.984015,,,,,2004,5,1,,,,,,,,,,,CB Council,Prototype,2004,6,<1 m (6+ dp)
4262,Acacia pubescens,2009-10-08T00:00:00,DPIE Data from Scientific Licences dataset,Lansdowne,-33.893697,150.976739,,,,occurrenceRemarks withheld,2009.0,10.0,8.0,,,locality withheld,locationRemarks withheld,,,NSW National Parks and Wildlife Service,HUMAN_OBSERVATION,,ODMP11031700,CB Council,ALA,2009,6,<1 m (6+ dp)
3561,Hardenbergia violacea,2018-12-18T00:00:00,DPIE Data from Scientific Licences dataset,Lansdowne,-33.893002,150.974849,,,,occurrenceRemarks withheld,2018.0,12.0,18.0,,,locality withheld,locationRemarks withheld,,,NSW National Parks and Wildlife Service,HUMAN_OBSERVATION,,OIXR15070200,CB Council,ALA,2018,6,<1 m (6+ dp)
21720,Acacia pubescens,2009-08-18T00:00:00,DPIE Data from Scientific Licences dataset,Carysfield,-33.903333,150.998074,,,,occurrenceRemarks withheld,2009.0,8.0,18.0,,,locality withheld,locationRemarks withheld,,,NSW National Parks and Wildlife Service,HUMAN_OBSERVATION,,ODMP11031700,CB Council,ALA,2009,6,<1 m (6+ dp)
28707,Galium aparine,2018-05-18T00:00:00,DPIE Data from Scientific Licences dataset,Not in a reserve,-33.933291,150.97841,,,introduced,occurrenceRemarks withheld,2018.0,5.0,18.0,,,locality withheld,locationRemarks withheld,,,NSW National Parks and Wildlife Service,HUMAN_OBSERVATION,,OJJS19102800,CB Council,ALA,2018,6,<1 m (6+ dp)
6211,Einadia hastata,2020-08-03T15:41:02,iNaturalist research-grade observations,Maluga Passive Pk,-33.893312,151.014939,,,,,2020.0,8.0,3.0,,,,,Thomas Mesaglio,2020-08-03T08:27:34Z,,HUMAN_OBSERVATION,,Thomas Mesaglio,CB Council,iNaturalist,2020,6,<1 m (6+ dp)
34668,Pimelea spicata,2010-02-11T00:00:00,DPIE Data from Scientific Licences dataset,Crest,-33.911008,150.996467,,,,occurrenceRemarks withheld,2010.0,2.0,11.0,,,locality withheld,locationRemarks withheld,,,NSW National Parks and Wildlife Service,HUMAN_OBSERVATION,,ODMP11031700,CB Council,ALA,2010,6,<1 m (6+ dp)
34269,Entolasia marginata,2011-04-13T00:00:00,ACA Vegetation Survey,Deepwater,-33.950045,150.973523,,,,occurrenceRemarks withheld,2011.0,4.0,13.0,,Floristic Data,locality withheld,locationRemarks withheld,,,Anne Clements & Associates,HUMAN_OBSERVATION,,OEMM09100802;OEMM09100803;OJJS10080400;OIXR13100400,CB Council,ALA,2011,6,<1 m (6+ dp)
39328,Hardenbergia violacea,2004-05-01T12:00:00,Southern Reserves Flora&Fauna Apndx4 POM,The River Reserve,-33.969546,151.016111,,,,,2004,5,1,,,,,,,,,,,CB Council,Prototype,2004,6,<1 m (6+ dp)
21774,Hakea sericea,2018-03-23T00:00:00,DPIE Data from Scientific Licences dataset,Not in a reserve,-33.971111,151.032694,,,,occurrenceRemarks withheld,2018.0,3.0,23.0,,,locality withheld,locationRemarks withheld,,,NSW National Parks and Wildlife Service,PRESERVED_SPECIMEN,,OJJS19073004,CB Council,ALA,2018,6,<1 m (6+ dp)
7594,Persicaria capitata,2024-04-16T16:26:39,iNaturalist research-grade observations,Not in a reserve,-33.926514,151.142151,,,,,2024.0,4.0,16.0,,,,,cjj12345,2024-04-16T06:27:24Z,,HUMAN_OBSERVATION,,cjj12345,CB Council,iNaturalist,2024,6,<1 m (6+ dp)
2622,Olea europaea,2018-05-23T00:00:00,DPIE Data from Scientific Licences dataset,Lansdowne,-33.898246,150.974264,,,introduced,occurrenceRemarks withheld,2018.0,5.0,23.0,,,locality withheld,locationRemarks withheld,,,NSW National Parks and Wildlife Service,HUMAN_OBSERVATION,,OIXR15013005,CB Council,ALA,2018,6,<1 m (6+ dp)
7163,Banksia spinulosa,2022-05-18T15:06:00,iNaturalist research-grade observations,Not in a reserve,-33.97664,151.02844,,flowers,,,2022.0,5.0,18.0,,,,,Bradley W. Jones,2022-05-18T09:31:24Z,,HUMAN_OBSERVATION,,Bradley W. Jones,CB Council,iNaturalist,2022,5,≈1–10 m (5 dp)
10173,Avicennia marina,2021-08-13T14:39:11,iNaturalist research-grade observations,Not in a reserve,-33.976822,150.996617,,,,,2021.0,8.0,13.0,,,,,Julianne,2021-08-13T08:48:07Z,,HUMAN_OBSERVATION,,sam_nasser,CB Council,iNaturalist,2021,6,<1 m (6+ dp)
30205,Wahlenbergia gracilis,1999-06-28T00:00:00,GEORGES Vegetation Survey,Lot 5 Prescott Parade,-33.945452,150.972476,,,,occurrenceRemarks withheld,1999.0,6.0,28.0,,Floristic Data,locality withheld,locationRemarks withheld,,,NSW Dept of Planning and Environment,HUMAN_OBSERVATION,,OVLU99062101;OSLS05031800,CB Council,ALA,1999,6,<1 m (6+ dp)
5223,Bursaria spinosa,2024-10-23T12:00:00,BAM241023_113137,Lansdowne,-33.89421228,150.9778359,100.0,,"Alive in NSW, Native",,2024.0,10.0,23.0,,Florist Data,Lansdowne Reserve,BAM data and floristic data from two monitoring plots collected in 2095,,2024-10-23T12:00:00Z,,human observation,,BLM,CB Council,ALA,2024,8,<1 m (6+ dp)
9750,Bossiaea heterophylla,2020-05-20T12:40:17,iNaturalist research-grade observations,Not in a reserve,-33.977587,151.002686,,,,,2020.0,5.0,20.0,,,,,Thomas Mesaglio,2020-05-20T10:03:17Z,,HUMAN_OBSERVATION,,Thomas Mesaglio,CB Council,iNaturalist,2020,6,<1 m (6+ dp)
22156,Casuarina glauca,2015-01-29T00:00:00,DPIE Data from Scientific Licences dataset,Not in a reserve,-33.929556,151.135333,,FR Fresh Fruit,,occurrenceRemarks withheld,2015.0,1.0,29.0,,,locality withheld,locationRemarks withheld,,,NSW National Parks and Wildlife Service,HUMAN_OBSERVATION,,OCAM11011800,CB Council,ALA,2015,6,<1 m (6+ dp)
42690,Syncarpia glomulifera,2004-05-01T12:00:00,Lansdowne area Flora&Fauna Appndx6 POM,Miram-Beena,-33.906477,150.980754,,,,,2004,5,1,,,,,,,,,,,CB Council,Prototype,2004,6,<1 m (6+ dp)
18419,Darwinia taxifolia,2023-07-16T14:00:00,Individual sighting,Not in a reserve,-33.97833,151.00022,1.0,,,,2023.0,7.0,16.0,,,,nullnull,,,,HUMAN_OBSERVATION,,Michael Hains,CB Council,ALA,2023,5,≈1–10 m (5 dp)
6890,Acacia suaveolens,2021-08-22T14:59:27,iNaturalist research-grade observations,Not in a reserve,-33.929729,151.126943,,,,,2021.0,8.0,22.0,,,,,Gareth,2021-08-24T00:26:04Z,,HUMAN_OBSERVATION,,Gareth,CB Council,iNaturalist,2021,6,<1 m (6+ dp)
28407,Hibbertia puberula,2019-05-20T00:00:00,DPIE Data from Scientific Licences dataset,Not in a reserve,-33.917214,150.98016,,,,occurrenceRemarks withheld,2019.0,5.0,20.0,,,locality withheld,locationRemarks withheld,,,NSW National Parks and Wildlife Service,HUMAN_OBSERVATION,,OPUR18091500;OICG19070400;OJJS20071501,CB Council,ALA,2019,6,<1 m (6+ dp)
4861,Pomaderris brunnea,2020-05-29T00:00:00,DPIE Data from Scientific Licences dataset,Lansdowne,-33.893363,150.974976,,,,occurrenceRemarks withheld,2020.0,5.0,29.0,,,locality withheld,locationRemarks withheld,,,NSW National Parks and Wildlife Service,HUMAN_OBSERVATION,,OJJS16072001,CB Council,ALA,2020,6,<1 m (6+ dp)
25889,Aristida warburgii,2010-12-14T00:00:00,NP_GEORGES Vegetation Survey,Not in a reserve,-33.972536,151.037905,,,,occurrenceRemarks withheld,2010.0,12.0,14.0,,Floristic Data,locality withheld,locationRemarks withheld,,,NSW Dept of Planning and Environment,HUMAN_OBSERVATION,,ODMP99111100;VEG-NICR,CB Council,ALA,2010,6,<1 m (6+ dp)
42860,Trifolium repens,2004-05-01T12:00:00,Southern Reserves Flora&Fauna Apndx4 POM,Cox Reserve,-33.969139,151.021958,,,,,2004,5,1,,,,,,,,,,,CB Council,Prototype,2004,6,<1 m (6+ dp)
1532,Acacia pubescens,2010-01-15T00:00:00,DPIE Data from Scientific Licences dataset,Lansdowne,-33.892964,150.974908,,,,occurrenceRemarks withheld,2010.0,1.0,15.0,,,locality withheld,locationRemarks withheld,,,NSW National Parks and Wildlife Service,HUMAN_OBSERVATION,,ODMP11031700,CB Council,ALA,2010,6,<1 m (6+ dp)
35353,Atriplex prostrata,2015-11-23T00:00:00,DPIE Data from Scientific Licences dataset,Not in a reserve,-33.950503,150.986053,,,introduced,occurrenceRemarks withheld,2015.0,11.0,,,,locality withheld,locationRemarks withheld,,,NSW National Parks and Wildlife Service,HUMAN_OBSERVATION,,ODMP09120203,CB Council,ALA,2015,6,<1 m (6+ dp)
21874,Eucalyptus longifolia,2000-07-05T00:00:00,WESTSYD2 Vegetation Survey,Not in a reserve,-33.890259,151.032981,,,,occurrenceRemarks withheld,2000.0,7.0,5.0,,Floristic Data,locality withheld,locationRemarks withheld,,,NSW Dept of Planning and Environment,HUMAN_OBSERVATION,,OPUR23081001,CB Council,ALA,2000,6,<1 m (6+ dp)
7003,Dodonaea viscosa,2020-08-03T14:26:57,iNaturalist observations,Not in a reserve,-33.885803,151.014083,,,,,2020.0,8.0,3.0,,,,,,,,HUMAN_OBSERVATION,,Thomas Mesaglio,CB Council,iNaturalist,2020,6,<1 m (6+ dp)
41762,Plantago lanceolata,2004-05-01T12:00:00,Southern Reserves Flora&Fauna Apndx4 POM,Roma Reserve,-33.970703,151.033469,,,,,2004,5,1,,,,,,,,,,,CB Council,Prototype,2004,6,<1 m (6+ dp)
29754,Asparagus asparagoides,2015-10-15T00:00:00,DPIE Data from Scientific Licences dataset,Virginius Reserve,-33.95872,151.02234,,,introduced,occurrenceRemarks withheld,2015.0,10.0,15.0,,,locality withheld,locationRemarks withheld,,,NSW National Parks and Wildlife Service,HUMAN_OBSERVATION,,OIXR15110501,CB Council,ALA,2015,5,≈1–10 m (5 dp)
4909,Leichhardtia viridiflora subsp. viridiflora,2009-10-22T00:00:00,DPIE Data from Scientific Licences dataset,Lansdowne,-33.893431,150.97481,,,,occurrenceRemarks withheld,2009.0,10.0,22.0,,,locality withheld,locationRemarks withheld,,,NSW National Parks and Wildlife Service,HUMAN_OBSERVATION,,ODMP11031700,CB Council,ALA,2009,6,<1 m (6+ dp)
10324,Pomaderris ferruginea,2023-06-12T14:29:00,iNaturalist observations,Not in a reserve,-33.973313,151.033693,,flower buds,,,2023.0,6.0,12.0,,,,,,,,HUMAN_OBSERVATION,,Bradley W. Jones,CB Council,iNaturalist,2023,6,<1 m (6+ dp)
24191,Setaria parviflora,2007-04-16T00:00:00,ACA Vegetation Survey,Deepwater,-33.94951,150.973882,,,introduced,occurrenceRemarks withheld,2007.0,4.0,16.0,,Floristic Data,locality withheld,locationRemarks withheld,,,Anne Clements & Associates,HUMAN_OBSERVATION,,ODMP05122005;OEMM09100802;OPUR23021400,CB Council,ALA,2007,6,<1 m (6+ dp)
28985,Commelina cyanea,2018-04-07T00:00:00,DPIE Data from Scientific Licences dataset,Not in a reserve,-33.929541,151.128481,,FL Flowering,,occurrenceRemarks withheld,2018.0,4.0,7.0,,,locality withheld,locationRemarks withheld,,,NSW National Parks and Wildlife Service,HUMAN_OBSERVATION,,OLJH97031100,CB Council,ALA,2018,6,<1 m (6+ dp)
35769,Alternanthera philoxeroides,2004-05-01T12:00:00,Lansdowne area Flora&Fauna Appndx6 POM,Miram-Beena,-33.900525,150.97568,,,,,2004,5,1,,,,,,,,,,,CB Council,Prototype,2004,6,<1 m (6+ dp)
20036,Acacia terminalis,2015-09-08T00:00:00,DPIE Data from Scientific Licences dataset,East Hills Park,-33.964295,150.982435,,,,occurrenceRemarks withheld,2015.0,9.0,8.0,,,locality withheld,locationRemarks withheld,,,NSW National Parks and Wildlife Service,HUMAN_OBSERVATION,,OJJS12110500,CB Council,ALA,2015,6,<1 m (6+ dp)
1630,Acacia pubescens,2009-09-17T00:00:00,DPIE Data from Scientific Licences dataset,Lansdowne,-33.893386,150.977557,,,,occurrenceRemarks withheld,2009.0,9.0,17.0,,,locality withheld,locationRemarks withheld,,,NSW National Parks and Wildlife Service,HUMAN_OBSERVATION,,ODMP11031700,CB Council,ALA,2009,6,<1 m (6+ dp)
20975,Polymeria calycina,2011-04-13T00:00:00,DPIE Data from Scientific Licences dataset,Not in a reserve,-33.951399,150.974736,,,,occurrenceRemarks withheld,2011.0,4.0,,,,locality withheld,locationRemarks withheld,,,NSW National Parks and Wildlife Service,HUMAN_OBSERVATION,,OEMM09100802;OEMM09100803;OJJS10080400;OIXR13062400,CB Council,ALA,2011,6,<1 m (6+ dp)
5262,Dichondra repens,2023-11-21T12:00:00,C-B Council Reserves plot survey data 2023_Western Sydney University ,Lansdowne,-33.89212877,150.9740341,200.0,,,,2023.0,11.0,21.0,,,,,,,,,,"M Franklin, J Bendall, D Bristol.",CB Council,ALA,2023,8,<1 m (6+ dp)
39464,Hypericum gramineum,2004-05-01T12:00:00,Adept Tracey Flood Ruse Flora&Fauna Apndx6 POM,Flood Reserve,-33.935995,151.021996,,,,,2004,5,1,,,,,,,,,,,CB Council,Prototype,2004,6,<1 m (6+ dp)
42841,Tricoryne elatior,2004-05-01T12:00:00,Lansdowne area Flora&Fauna Appndx6 POM,Amaroo,-33.908,150.982962,,,,,2004,5,1,,,,,,,,,,,CB Council,Prototype,2004,6,<1 m (6+ dp)
25192,Ageratina adenophora,1999-05-05T00:00:00,GEORGES Vegetation Survey,Not in a reserve,-33.973341,151.009964,,,introduced,occurrenceRemarks withheld,1999.0,5.0,5.0,,Floristic Data,locality withheld,locationRemarks withheld,,,NSW Dept of Planning and Environment,HUMAN_OBSERVATION,,OVLU99062101;OSLS05031800,CB Council,ALA,1999,6,<1 m (6+ dp)
36597,Brunoniella australis,2004-05-01T12:00:00,The Crest-Appendix,Crest,-33.908539,150.99598,,,,,2004,5,1,,,,,,,,,,,CB Council,Prototype,2004,6,<1 m (6+ dp)
39069,Euchiton involucratus,2004-05-01T12:00:00,Lansdowne area Flora&Fauna Appndx6 POM,Miram-Beena,-33.906477,150.980754,,,,,2004,5,1,,,,,,,,,,,CB Council,Prototype,2004,6,<1 m (6+ dp)
20483,Ochna serrulata,2020-04-03T00:00:00,DPIE Data from Scientific Licences dataset,Not in a reserve,-33.977766,150.996904,,,introduced,occurrenceRemarks withheld,2020.0,4.0,3.0,,,locality withheld,locationRemarks withheld,,,NSW National Parks and Wildlife Service,HUMAN_OBSERVATION,,OJJS18050102;OJJS20082503,CB Council,ALA,2020,6,<1 m (6+ dp)
23236,Polycarpon tetraphyllum,2008-05-29T00:00:00,DPIE Data from Scientific Licences dataset,Not in a reserve,-33.96926,151.044229,,,introduced,occurrenceRemarks withheld,2008.0,5.0,29.0,,,locality withheld,locationRemarks withheld,,,NSW National Parks and Wildlife Service,HUMAN_OBSERVATION,,OJJS07082200,CB Council,ALA,2008,6,<1 m (6+ dp)
3167,Acacia pubescens,2009-10-22T00:00:00,DPIE Data from Scientific Licences dataset,Lansdowne,-33.892747,150.977075,,,,occurrenceRemarks withheld,2009.0,10.0,22.0,,,locality withheld,locationRemarks withheld,,,NSW National Parks and Wildlife Service,HUMAN_OBSERVATION,,ODMP11031700,CB Council,ALA,2009,6,<1 m (6+ dp)
8955,Syncarpia glomulifera,2023-06-27T14:05:00,iNaturalist research-grade observations,Crest,-33.910488,150.995804,,,,,2023.0,6.0,27.0,,,,,Thomas Mesaglio,2023-06-27T08:36:13Z,,HUMAN_OBSERVATION,,Thomas Mesaglio,CB Council,iNaturalist,2023,6,<1 m (6+ dp)
20638,Plantago lanceolata,2021-08-18T00:00:00,DPIE Data from Scientific Licences dataset,Kelso Creek,-33.951296,150.981672,,,introduced,occurrenceRemarks withheld,2021.0,8.0,18.0,,,locality withheld,locationRemarks withheld,,,NSW National Parks and Wildlife Service,HUMAN_OBSERVATION,,OJJS20102601,CB Council,ALA,2021,6,<1 m (6+ dp)
19424,Dimorphotheca ecklonis,2020-02-19T00:00:00,DPIE Data from Scientific Licences dataset,Not in a reserve,-33.904543,151.038029,,,introduced,occurrenceRemarks withheld,2020.0,2.0,19.0,,,locality withheld,locationRemarks withheld,,,NSW National Parks and Wildlife Service,HUMAN_OBSERVATION,,OPUR17042400,CB Council,ALA,2020,6,<1 m (6+ dp)
1490,Acacia pubescens,2010-01-15T00:00:00,DPIE Data from Scientific Licences dataset,Lansdowne,-33.892847,150.974921,,,,occurrenceRemarks withheld,2010.0,1.0,15.0,,,locality withheld,locationRemarks withheld,,,NSW National Parks and Wildlife Service,HUMAN_OBSERVATION,,ODMP11031700,CB Council,ALA,2010,6,<1 m (6+ dp)
966,Acacia pubescens,2009-09-17T00:00:00,DPIE Data from Scientific Licences dataset,Lansdowne,-33.893056,150.978322,,,,occurrenceRemarks withheld,2009.0,9.0,17.0,,,locality withheld,locationRemarks withheld,,,NSW National Parks and Wildlife Service,HUMAN_OBSERVATION,,ODMP11031700,CB Council,ALA,2009,6,<1 m (6+ dp)
2680,Eremophila debilis,2008-03-07T00:00:00,METROCMA2 Vegetation Survey,Lansdowne,-33.893876,150.977407,,,,occurrenceRemarks withheld,2008.0,3.0,7.0,,Floristic Data,locality withheld,locationRemarks withheld,,,NSW Dept of Planning and Environment,HUMAN_OBSERVATION,,OPJGI0002327;VEG-NICR,CB Council,ALA,2008,6,<1 m (6+ dp)
4296,Acacia pubescens,1985-11-30T00:00:00,DPIE Default Sightings,Lansdowne,-33.892778,150.976712,,"Y Breeding Present, but not specified",,occurrenceRemarks withheld,1985.0,11.0,30.0,,,locality withheld,locationRemarks withheld,,,NSW Dept of Planning and Environment,PRESERVED_SPECIMEN,,FORDC,CB Council,ALA,1985,6,<1 m (6+ dp)
21811,Xanthosia pilosa,2004-05-01T12:00:00,The Crest-Appendix,Crest,-33.908539,150.99598,,,,,2004,5,1,,,,,,,,,,,CB Council,Prototype,2004,6,<1 m (6+ dp)
36139,Asparagus officinalis,2004-05-01T12:00:00,Lansdowne area Flora&Fauna Appndx6 POM,Miram-Beena,-33.893451,150.970339,,,,,2004,5,1,,,,,,,,,,,CB Council,Prototype,2004,6,<1 m (6+ dp)
2873,Acacia pubescens,2009-10-08T00:00:00,DPIE Data from Scientific Licences dataset,Lansdowne,-33.893388,150.976606,,,,occurrenceRemarks withheld,2009.0,10.0,8.0,,,locality withheld,locationRemarks withheld,,,NSW National Parks and Wildlife Service,HUMAN_OBSERVATION,,ODMP11031700,CB Council,ALA,2009,6,<1 m (6+ dp)
1578,Acacia pubescens,2009-10-22T00:00:00,DPIE Data from Scientific Licences dataset,Lansdowne,-33.892991,150.977113,,,,occurrenceRemarks withheld,2009.0,10.0,22.0,,,locality withheld,locationRemarks withheld,,,NSW National Parks and Wildlife Service,HUMAN_OBSERVATION,,ODMP11031700,CB Council,ALA,2009,6,<1 m (6+ dp)
22051,Acacia pubescens,1996-01-01T00:00:00,DPIE Default Sightings,Allder Pk,-33.889666,151.007059,,,,occurrenceRemarks withheld,1996.0,,,,,locality withheld,locationRemarks withheld,,,NSW Dept of Planning and Environment,HUMAN_OBSERVATION,,OSMB96120400,CB Council,ALA,1996,6,<1 m (6+ dp)
29567,Rytidosperma tenuius,2008-11-25T00:00:00,DPIE Default Sightings,Crest,-33.90947,150.99401,,,,occurrenceRemarks withheld,2008.0,11.0,25.0,,,locality withheld,locationRemarks withheld,,,NSW Dept of Planning and Environment,HUMAN_OBSERVATION,,OEMM09102201,CB Council,ALA,2008,5,≈1–10 m (5 dp)
10107,Hypoxis hygrometrica,2024-02-29T13:48:51,iNaturalist observations,Amaroo,-33.908244,150.983176,,,,,2024.0,2.0,29.0,,,,,,,,HUMAN_OBSERVATION,,Nina,CB Council,iNaturalist,2024,6,<1 m (6+ dp)
26860,Dianella revoluta,2020-04-03T00:00:00,DPIE Data from Scientific Licences dataset,Not in a reserve,-33.977766,150.996904,,,,occurrenceRemarks withheld,2020.0,4.0,3.0,,,locality withheld,locationRemarks withheld,,,NSW National Parks and Wildlife Service,HUMAN_OBSERVATION,,OJJS18050102;OJJS20082503,CB Council,ALA,2020,6,<1 m (6+ dp)
7795,Isopogon anemonifolius,2022-10-15T14:00:00,iNaturalist research-grade observations,Not in a reserve,-33.977782,151.017543,,,,This plant is in the Proteaceae family due to its alternatign pinnatisect leaves and inflorescences. In the genus Isopogon due to its spike-like inflorescence. I've identified it as Isopogon anemonifolius based on the leaf pattern and arrangement as well as the flowers matching the decription on Plantnet. Other plants have also been seen around the area. The other possible species is Isopogon anethifolius but I've excluded it because its leaves are too thin.,2022.0,10.0,15.0,,,,,georgie_feng,2022-10-16T08:01Z,,HUMAN_OBSERVATION,,georgie_feng,CB Council,iNaturalist,2022,6,<1 m (6+ dp)
29091,Acacia pubescens,2009-08-18T00:00:00,DPIE Data from Scientific Licences dataset,Carysfield,-33.903287,150.998,,,,occurrenceRemarks withheld,2009.0,8.0,18.0,,,locality withheld,locationRemarks withheld,,,NSW National Parks and Wildlife Service,HUMAN_OBSERVATION,,ODMP11031700,CB Council,ALA,2009,6,<1 m (6+ dp)
41399,Passiflora herbertiana,2004-05-01T12:00:00,Lansdowne area Flora&Fauna Appndx6 POM,Miram-Beena,-33.906477,150.980754,,,,,2004,5,1,,,,,,,,,,,CB Council,Prototype,2004,6,<1 m (6+ dp)
9664,Modiola caroliniana,2022-05-26T10:56:43,iNaturalist research-grade observations,Not in a reserve,-33.964887,150.998658,,,,,2022.0,5.0,26.0,,,,,Nathan Odgers,2022-05-26T02:42:38Z,,HUMAN_OBSERVATION,,Nathan Odgers,CB Council,iNaturalist,2022,6,<1 m (6+ dp)
33121,Acacia pubescens,2009-09-16T00:00:00,DPIE Data from Scientific Licences dataset,Salt Pan Reserve,-33.949664,151.041308,,,,occurrenceRemarks withheld,2009.0,9.0,16.0,,,locality withheld,locationRemarks withheld,,,NSW National Parks and Wildlife Service,HUMAN_OBSERVATION,,ODMP11031700,CB Council,ALA,2009,6,<1 m (6+ dp)
9907,Acacia longifolia,2022-08-05T13:30:00,iNaturalist research-grade observations,Not in a reserve,-33.971087,151.032502,,flowers|flower buds,,,2022.0,8.0,5.0,,,,,Bradley W. Jones,2022-08-05T07:45:16Z,,HUMAN_OBSERVATION,,Bradley W. Jones,CB Council,iNaturalist,2022,6,<1 m (6+ dp)
9026,Castanospermum australe,2023-09-21T14:58:00,iNaturalist research-grade observations,Salt Pan Reserve,-33.956836,151.040558,,,,,2023.0,9.0,21.0,,,,,Thomas Mesaglio,2023-09-23T09:15:40Z,,HUMAN_OBSERVATION,,Thomas Mesaglio,CB Council,iNaturalist,2023,6,<1 m (6+ dp)
42582,Sporobolus africanus,2004-05-01T12:00:00,The Crest-Appendix,Louisa,-33.905454,150.999701,,,,,2004,5,1,,,,,,,,,,,CB Council,Prototype,2004,6,<1 m (6+ dp)
2407,Lomandra multiflora subsp. multiflora,2018-05-23T00:00:00,DPIE Data from Scientific Licences dataset,Lansdowne,-33.89111,150.970745,,,,occurrenceRemarks withheld,2018.0,5.0,23.0,,,locality withheld,locationRemarks withheld,,,NSW National Parks and Wildlife Service,HUMAN_OBSERVATION,,OIXR15013005,CB Council,ALA,2018,6,<1 m (6+ dp)
24992,Acacia pubescens,2007-06-25T00:00:00,DPIE Data from Scientific Licences dataset,Salt Pan Reserve,-33.95108,151.040741,,,,occurrenceRemarks withheld,2007.0,,,,,locality withheld,locationRemarks withheld,,,NSW National Parks and Wildlife Service,HUMAN_OBSERVATION,,STAG-035,CB Council,ALA,2007,6,<1 m (6+ dp)
9701,Acacia decurrens,2022-08-12T14:56:04,iNaturalist research-grade observations,Not in a reserve,-33.942486,151.046893,,flowers,,,2022.0,8.0,12.0,,,,,David,2022-08-12T10:51:41Z,,HUMAN_OBSERVATION,,David,CB Council,iNaturalist,2022,6,<1 m (6+ dp)
37731,Dendrophthoe vitellina,2004-05-01T12:00:00,Bankstown Airport Reserves Flora&Fauna Apndx6 POM,Airport Reserve,-33.929014,150.985006,,,,,2004,5,1,,,,,,,,,,,CB Council,Prototype,2004,6,<1 m (6+ dp)
8903,Senecio madagascariensis,2022-05-18T15:02:00,iNaturalist research-grade observations,Not in a reserve,-33.97683,151.02756,,,,,2022.0,5.0,18.0,,,,,Bradley W. Jones,2022-05-18T09:31:24Z,,HUMAN_OBSERVATION,,Bradley W. Jones,CB Council,iNaturalist,2022,5,≈1–10 m (5 dp)
6951,Phyllanthus hirtellus,2023-07-11T13:30:00,iNaturalist research-grade observations,Not in a reserve,-33.97068,151.026749,,,,,2023.0,7.0,11.0,,,,,Thomas Mesaglio,2023-07-11T08:40:20Z,,HUMAN_OBSERVATION,,Thomas Mesaglio,CB Council,iNaturalist,2023,6,<1 m (6+ dp)
21205,Entolasia marginata,2013-10-25T00:00:00,DPIE Data from Scientific Licences dataset,Not in a reserve,-33.926667,151.141056,,FR Fresh Fruit,,occurrenceRemarks withheld,2013.0,10.0,25.0,,,locality withheld,locationRemarks withheld,,,NSW National Parks and Wildlife Service,HUMAN_OBSERVATION,,OCAM11011800,CB Council,ALA,2013,6,<1 m (6+ dp)
7768,Schoenus melanostachys,2024-04-28T15:18:33,iNaturalist observations,Picnic Point Reserve,-33.976606,150.997229,,,,,2024.0,4.0,28.0,,,,,,,,HUMAN_OBSERVATION,,isie,CB Council,iNaturalist,2024,6,<1 m (6+ dp)
41975,Pteridium esculentum,2004-05-01T12:00:00,Southern Reserves Flora&Fauna Apndx4 POM,Picnic Point Reserve,-33.977563,150.996147,,,,,2004,5,1,,,,,,,,,,,CB Council,Prototype,2004,6,<1 m (6+ dp)
1907,Leichhardtia viridiflora subsp. viridiflora,2020-06-02T00:00:00,DPIE Data from Scientific Licences dataset,Lansdowne,-33.893378,150.977593,,,,occurrenceRemarks withheld,2020.0,6.0,2.0,,,locality withheld,locationRemarks withheld,,,NSW National Parks and Wildlife Service,HUMAN_OBSERVATION,,OJJS16072001,CB Council,ALA,2020,6,<1 m (6+ dp)
20872,Asparagus aethiopicus,2007-07-03T00:00:00,DPIE Data from Scientific Licences dataset,Not in a reserve,-33.910303,150.988021,,,introduced,occurrenceRemarks withheld,2007.0,7.0,3.0,,,locality withheld,locationRemarks withheld,,,NSW National Parks and Wildlife Service,HUMAN_OBSERVATION,,ODMP08071402,CB Council,ALA,2007,6,<1 m (6+ dp)
7992,Sonchus oleraceus,2021-01-16T16:21:57,iNaturalist research-grade observations,Not in a reserve,-33.88235,151.009492,,,,,2021.0,1.0,16.0,,,,,Thomas Mesaglio,2021-01-16T05:36:25Z,,HUMAN_OBSERVATION,,Thomas Mesaglio,CB Council,iNaturalist,2021,6,<1 m (6+ dp)
36813,Carex appressa,2004-05-01T12:00:00,The Crest-Appendix,Carysfield,-33.902185,150.998468,,,,,2004,5,1,,,,,,,,,,,CB Council,Prototype,2004,6,<1 m (6+ dp)
28672,Acacia pubescens,2009-08-18T00:00:00,DPIE Data from Scientific Licences dataset,Carysfield,-33.903247,150.997763,,,,occurrenceRemarks withheld,2009.0,8.0,18.0,,,locality withheld,locationRemarks withheld,,,NSW National Parks and Wildlife Service,HUMAN_OBSERVATION,,ODMP11031700,CB Council,ALA,2009,6,<1 m (6+ dp)
20644,Acacia longifolia,2001-12-01T00:00:00,DTHOMAS2 Vegetation Survey,Not in a reserve,-33.90605,151.067873,,,,occurrenceRemarks withheld,2001.0,12.0,1.0,,Floristic Data,locality withheld,locationRemarks withheld,,,"David Thomas, 9 Miriam Road, Denistone",HUMAN_OBSERVATION,,OPUR23081001,CB Council,ALA,2001,6,<1 m (6+ dp)
36364,Baumea articulata,2004-05-01T12:00:00,Bankstown Airport Reserves Flora&Fauna Apndx6 POM,Ashford Reserve,-33.930003,150.984825,,,,,2004,5,1,,,,,,,,,,,CB Council,Prototype,2004,6,<1 m (6+ dp)
39547,Hypochaeris radicata,2004-05-01T12:00:00,Walshaw Flora&Fauna Apndx4 POM,Walshaw Park,-33.901345,151.004631,,,,,2004,5,1,,,,,,,,,,,CB Council,Prototype,2004,6,<1 m (6+ dp)
37250,Commelina cyanea,2004-05-01T12:00:00,Bankstown Airport Reserves Flora&Fauna Apndx6 POM,Cnr HLD and Milperra Road,-33.931506,150.97956,,,,,2004,5,1,,,,,,,,,,,CB Council,Prototype,2004,6,<1 m (6+ dp)
22811,Fumaria capreolata,2015-11-23T00:00:00,DPIE Data from Scientific Licences dataset,Not in a reserve,-33.944646,150.990702,,,introduced,occurrenceRemarks withheld,2015.0,11.0,,,,locality withheld,locationRemarks withheld,,,NSW National Parks and Wildlife Service,HUMAN_OBSERVATION,,ODMP09120203,CB Council,ALA,2015,6,<1 m (6+ dp)
38338,Eragrostis curvula,2004-05-01T12:00:00,Lansdowne area Flora&Fauna Appndx6 POM,Amaroo,-33.908,150.982962,,,,,2004,5,1,,,,,,,,,,,CB Council,Prototype,2004,6,<1 m (6+ dp)
34335,Lactuca serriola,2015-11-23T00:00:00,DPIE Data from Scientific Licences dataset,Not in a reserve,-33.944646,150.990702,,,introduced,occurrenceRemarks withheld,2015.0,11.0,,,,locality withheld,locationRemarks withheld,,,NSW National Parks and Wildlife Service,HUMAN_OBSERVATION,,ODMP09120203,CB Council,ALA,2015,6,<1 m (6+ dp)
8862,Lyperanthus suaveolens,2020-08-27T11:35:12,iNaturalist research-grade observations,Not in a reserve,-33.890327,151.056823,,,,,2020.0,8.0,27.0,,,,,petraclarke3,2020-08-27T02:59:26Z,,HUMAN_OBSERVATION,,petraclarke3,CB Council,iNaturalist,2020,6,<1 m (6+ dp)
5358,Aristida vagans,2023-11-06T12:00:00,C-B Council Reserves plot survey data 2023_Western Sydney University ,Lake Gillawarna Council Reserve,-33.90949128,150.9798222,200.0,,,,2023.0,11.0,6.0,,,,,,,,,,"M Franklin, J Bendall, D Bristol.",CB Council,ALA,2023,8,<1 m (6+ dp)
3134,Acacia pubescens,2020-06-02T00:00:00,DPIE Data from Scientific Licences dataset,Lansdowne,-33.893287,150.977087,,,,occurrenceRemarks withheld,2020.0,6.0,2.0,,,locality withheld,locationRemarks withheld,,,NSW National Parks and Wildlife Service,HUMAN_OBSERVATION,,OJJS16072001,CB Council,ALA,2020,6,<1 m (6+ dp)
2058,Eucalyptus tereticornis,2010-08-18T00:00:00,DPIE Default Sightings,Lansdowne,-33.896033,150.968563,,,,occurrenceRemarks withheld,2010.0,8.0,18.0,,,locality withheld,locationRemarks withheld,,,NSW Dept of Planning and Environment,HUMAN_OBSERVATION,,OADB09012301,CB Council,ALA,2010,6,<1 m (6+ dp)
31382,Hibbertia puberula,2019-05-20T00:00:00,DPIE Data from Scientific Licences dataset,Not in a reserve,-33.917082,150.978801,,,,occurrenceRemarks withheld,2019.0,5.0,20.0,,,locality withheld,locationRemarks withheld,,,NSW National Parks and Wildlife Service,HUMAN_OBSERVATION,,OPUR18091500;OICG19070400;OJJS20071501,CB Council,ALA,2019,6,<1 m (6+ dp)
11039,Avicennia marina,2024-09-01T13:35:01,iNaturalist research-grade observations,Salt Pan Reserve,-33.960218,151.040133,,,,,2024.0,9.0,1.0,,,,,jgb_,2024-09-01T03:35:35Z,,HUMAN_OBSERVATION,,jgb_,CB Council,iNaturalist,2024,6,<1 m (6+ dp)
27518,Cinnamomum camphora,2018-05-18T00:00:00,DPIE Data from Scientific Licences dataset,Not in a reserve,-33.933291,150.97841,,,introduced,occurrenceRemarks withheld,2018.0,5.0,18.0,,,locality withheld,locationRemarks withheld,,,NSW National Parks and Wildlife Service,HUMAN_OBSERVATION,,OJJS19102800,CB Council,ALA,2018,6,<1 m (6+ dp)
26085,Plantago lanceolata,2008-02-13T00:00:00,METROCMA2 Vegetation Survey,Deepwater,-33.946827,150.972747,,,introduced,occurrenceRemarks withheld,2008.0,2.0,13.0,,Floristic Data,locality withheld,locationRemarks withheld,,,NSW Dept of Planning and Environment,HUMAN_OBSERVATION,,VEG-NICR;OPUR23081001,CB Council,ALA,2008,6,<1 m (6+ dp)
34879,Leptospermum arachnoides,2010-12-14T00:00:00,NP_GEORGES Vegetation Survey,Not in a reserve,-33.976092,151.007833,,,,occurrenceRemarks withheld,2010.0,12.0,14.0,,Floristic Data,locality withheld,locationRemarks withheld,,,NSW Dept of Planning and Environment,HUMAN_OBSERVATION,,ODMP99111100;VEG-NICR,CB Council,ALA,2010,6,<1 m (6+ dp)
33366,Modiola caroliniana,2007-07-03T00:00:00,DPIE Data from Scientific Licences dataset,Not in a reserve,-33.910303,150.988021,,,introduced,occurrenceRemarks withheld,2007.0,7.0,3.0,,,locality withheld,locationRemarks withheld,,,NSW National Parks and Wildlife Service,HUMAN_OBSERVATION,,ODMP08071402,CB Council,ALA,2007,6,<1 m (6+ dp)
33950,Juncus usitatus,2016-06-23T00:00:00,DPIE Data from Scientific Licences dataset,Not in a reserve,-33.903638,151.095381,,FR Fresh Fruit,,occurrenceRemarks withheld,2016.0,6.0,23.0,,,locality withheld,locationRemarks withheld,,,NSW National Parks and Wildlife Service,HUMAN_OBSERVATION,,OCAM11011800,CB Council,ALA,2016,6,<1 m (6+ dp)
8285,Typha orientalis,2021-10-22T12:23:00,iNaturalist observations,Not in a reserve,-33.941517,151.042494,,,,,2021.0,10.0,22.0,,,,,,,,HUMAN_OBSERVATION,,Thomas Mesaglio,CB Council,iNaturalist,2021,6,<1 m (6+ dp)
40938,Notelaea ovata,2004-05-01T12:00:00,Lansdowne area Flora&Fauna Appndx6 POM,Miram-Beena,-33.900525,150.97568,,,,,2004,5,1,,,,,,,,,,,CB Council,Prototype,2004,6,<1 m (6+ dp)
35032,Rytidosperma fulvum,2014-02-05T00:00:00,ACA Vegetation Survey,Kelso Beach,-33.951841,150.981282,,,,occurrenceRemarks withheld,2014.0,2.0,5.0,,Floristic Data,locality withheld,locationRemarks withheld,,,Anne Clements & Associates,HUMAN_OBSERVATION,,OEMM09100802;OIXR13100400,CB Council,ALA,2014,6,<1 m (6+ dp)
5344,Acacia parvipinnula,2023-11-09T12:00:00,C-B Council Reserves plot survey data 2023_Western Sydney University ,Lansdowne,-33.9000201,150.9801646,30.0,,,,2023.0,11.0,9.0,,,,,,,,,,"M Franklin, J Bendall, D Bristol.",CB Council,ALA,2023,7,<1 m (6+ dp)
31132,Acacia pubescens,2006-02-21T00:00:00,DPIE Data from Scientific Licences dataset,Not in a reserve,-33.891908,151.021961,,,,occurrenceRemarks withheld,2006.0,2.0,21.0,,,locality withheld,locationRemarks withheld,,,NSW National Parks and Wildlife Service,HUMAN_OBSERVATION,,OPXE99012800,CB Council,ALA,2006,6,<1 m (6+ dp)
34488,Senecio madagascariensis,2016-06-22T00:00:00,DPIE Data from Scientific Licences dataset,Not in a reserve,-33.924622,151.061751,,,introduced,occurrenceRemarks withheld,2016.0,6.0,,,,locality withheld,locationRemarks withheld,,,NSW National Parks and Wildlife Service,HUMAN_OBSERVATION,,OJJS10042000;OIXR13081400,CB Council,ALA,2016,6,<1 m (6+ dp)
41576,Phragmites australis,2004-05-01T12:00:00,Deepwater Flora&Fauna Apndx5 POM,Kelso Beach,-33.953352,150.98246,,,,,2004,5,1,,,,,,,,,,,CB Council,Prototype,2004,6,<1 m (6+ dp)
32899,Chenopodium murale,2004-11-23T00:00:00,DPIE Data from Scientific Licences dataset,Not in a reserve,-33.891122,151.041625,,,introduced,occurrenceRemarks withheld,2004.0,11.0,23.0,,,locality withheld,locationRemarks withheld,,,NSW National Parks and Wildlife Service,HUMAN_OBSERVATION,,OSYK01020901,CB Council,ALA,2004,6,<1 m (6+ dp)
10976,Phyllanthus tenellus,2023-05-05T16:31:22,iNaturalist research-grade observations,Not in a reserve,-33.903798,151.122731,,,,,2023.0,5.0,5.0,,,,,truknosevi,2023-05-05T06:32:22Z,,HUMAN_OBSERVATION,,truknosevi,CB Council,iNaturalist,2023,6,<1 m (6+ dp)
27071,Clematis glycinoides,2014-02-05T00:00:00,ACA Vegetation Survey,Deepwater,-33.949556,150.97452,,,,occurrenceRemarks withheld,2014.0,2.0,5.0,,Floristic Data,locality withheld,locationRemarks withheld,,,Anne Clements & Associates,HUMAN_OBSERVATION,,OEMM09100802;OIXR13100400,CB Council,ALA,2014,6,<1 m (6+ dp)
10431,Harmogia densifolia,2022-02-21T10:34:00,iNaturalist observations,Not in a reserve,-33.976927,151.009177,,,,,2022.0,2.0,21.0,,,,,,,,HUMAN_OBSERVATION,,Eamonn Culhane,CB Council,iNaturalist,2022,6,<1 m (6+ dp)
42296,Senecio hispidulus,2004-05-01T12:00:00,The Crest-Appendix,Louisa,-33.905454,150.999701,,,,,2004,5,1,,,,,,,,,,,CB Council,Prototype,2004,6,<1 m (6+ dp)
6441,Banksia spinulosa,2023-05-14T16:23:00,iNaturalist research-grade observations,Not in a reserve,-33.974984,151.019113,,,,,2023.0,5.0,14.0,,,,,Philip Rae,2023-05-14T09:48:06Z,,HUMAN_OBSERVATION,,Philip Rae,CB Council,iNaturalist,2023,6,<1 m (6+ dp)
17826,Eucalyptus baueriana,2021-07-26T14:00:00,Individual sighting,Deepwater,-33.951601,150.976833,1.0,,,Bark at 2X.,2021.0,7.0,26.0,,,,nullnull,,,,HUMAN_OBSERVATION,,Michael Hains,CB Council,ALA,2021,6,<1 m (6+ dp)
25359,Nymphaea alba,2019-04-14T00:00:00,DPIE Data from Scientific Licences dataset,Not in a reserve,-33.978226,151.004102,,,introduced,occurrenceRemarks withheld,2019.0,4.0,14.0,Sedgeland,,locality withheld,locationRemarks withheld,,,NSW National Parks and Wildlife Service,PRESERVED_SPECIMEN,,OPUR15071301;OJJS19070803,CB Council,ALA,2019,6,<1 m (6+ dp)
36870,Cassytha spp.,2004-05-01T12:00:00,Birrong Sefton Flora&Fauna Apndx3 POM,Jenson Pk,-33.883502,151.01767,,,,,2004,5,1,,,,,,,,,,,CB Council,Prototype,2004,6,<1 m (6+ dp)
1816,Symphyotrichum subulatum,1999-06-28T00:00:00,GEORGES Vegetation Survey,Lansdowne,-33.902277,150.978906,,,introduced,occurrenceRemarks withheld,1999.0,6.0,28.0,,Floristic Data,locality withheld,locationRemarks withheld,,,NSW Dept of Planning and Environment,HUMAN_OBSERVATION,,OVLU99062101;OSLS05031800,CB Council,ALA,1999,6,<1 m (6+ dp)
23380,Centella asiatica,2022-11-04T00:00:00,DPIE Data from Scientific Licences dataset,Not in a reserve,-33.877828,150.988911,,,,occurrenceRemarks withheld,2022.0,11.0,4.0,,,locality withheld,locationRemarks withheld,,,NSW National Parks and Wildlife Service,HUMAN_OBSERVATION,,OMFZ23032802,CB Council,ALA,2022,6,<1 m (6+ dp)
11372,Acacia decurrens,2022-08-21T13:55:00,iNaturalist research-grade observations,Not in a reserve,-33.969985,151.030665,,flowers|flower buds,,,2022.0,8.0,21.0,,,,,Bradley W. Jones,2022-08-21T06:18:37Z,,HUMAN_OBSERVATION,,Bradley W. Jones,CB Council,iNaturalist,2022,6,<1 m (6+ dp)
9472,Olea europaea,2023-09-27T13:55:43,iNaturalist observations,Crest,-33.909159,150.994874,,,,,2023.0,9.0,27.0,,,,,,,,HUMAN_OBSERVATION,,thehamcat,CB Council,iNaturalist,2023,6,<1 m (6+ dp)
28025,Hibbertia puberula,2019-07-17T00:00:00,DPIE Data from Scientific Licences dataset,Not in a reserve,-33.917083,150.979265,,N  No Breeding Evident,,occurrenceRemarks withheld,2019.0,7.0,17.0,,,locality withheld,locationRemarks withheld,,,NSW National Parks and Wildlife Service,HUMAN_OBSERVATION,,OICG19070400,CB Council,ALA,2019,6,<1 m (6+ dp)
40434,Lotus spp.,2004-05-01T12:00:00,The Crest-Appendix,Crest,-33.908539,150.99598,,,,,2004,5,1,,,,,,,,,,,CB Council,Prototype,2004,6,<1 m (6+ dp)
26698,Acacia pubescens,2009-09-15T00:00:00,DPIE Data from Scientific Licences dataset,Norfolk Reserve,-33.893925,151.062695,,,,occurrenceRemarks withheld,2009.0,9.0,15.0,,,locality withheld,locationRemarks withheld,,,NSW National Parks and Wildlife Service,HUMAN_OBSERVATION,,ODMP11031700,CB Council,ALA,2009,6,<1 m (6+ dp)
20512,Acacia pubescens,2023-05-24T00:00:00,DPIE Data from Scientific Licences dataset,Flood Reserve,-33.935812,151.021503,,,,occurrenceRemarks withheld,2023.0,5.0,24.0,,,locality withheld,locationRemarks withheld,,,NSW National Parks and Wildlife Service,HUMAN_OBSERVATION,,ODMP21040700,CB Council,ALA,2023,6,<1 m (6+ dp)
24849,Oxalis perennans,2010-11-15T00:00:00,DPIE Default Sightings,Not in a reserve,-33.949454,150.981382,,,,occurrenceRemarks withheld,2010.0,11.0,15.0,,,locality withheld,locationRemarks withheld,,,NSW Dept of Planning and Environment,HUMAN_OBSERVATION,,ODMP11031700,CB Council,ALA,2010,6,<1 m (6+ dp)
25305,Goodenia hederacea,2008-11-26T00:00:00,DPIE Data from Scientific Licences dataset,Davies Road,-33.955611,151.040085,,,,occurrenceRemarks withheld,2008.0,11.0,26.0,,,locality withheld,locationRemarks withheld,,,NSW National Parks and Wildlife Service,HUMAN_OBSERVATION,,OJJS07082200,CB Council,ALA,2008,6,<1 m (6+ dp)
9636,Dianella caerulea,2022-12-11T12:05:23,iNaturalist observations,Not in a reserve,-33.926789,151.141033,,,,,2022.0,12.0,11.0,,,,,,,,HUMAN_OBSERVATION,,Michael Walsh,CB Council,iNaturalist,2022,6,<1 m (6+ dp)
42710,Taraxacum officinale,2004-05-01T12:00:00,Walshaw Flora&Fauna Apndx4 POM,Walshaw Park,-33.901345,151.004631,,,,,2004,5,1,,,,,,,,,,,CB Council,Prototype,2004,6,<1 m (6+ dp)
11301,Gomphocarpus fruticosus,2023-07-03T13:10:00,iNaturalist research-grade observations,Crest,-33.907345,150.992447,,fruits or seeds,,,2023.0,7.0,3.0,,,,,Mark Fishbein,2023-07-03T14:05:16Z,,HUMAN_OBSERVATION,,Thomas Mesaglio,CB Council,iNaturalist,2023,6,<1 m (6+ dp)
28852,Bidens pilosa,2011-04-13T00:00:00,ACA Vegetation Survey,Deepwater,-33.952058,150.980812,,,introduced,occurrenceRemarks withheld,2011.0,4.0,13.0,,Floristic Data,locality withheld,locationRemarks withheld,,,Anne Clements & Associates,HUMAN_OBSERVATION,,OEMM09100802;OEMM09100803;OJJS10080400;OIXR13100400,CB Council,ALA,2011,6,<1 m (6+ dp)
7017,Angophora costata,2022-01-03T09:08:13,iNaturalist research-grade observations,Not in a reserve,-33.97673,151.002997,,,,,2022.0,1.0,3.0,,,,,ronavery,2022-01-03T01:13:12Z,,HUMAN_OBSERVATION,,ronavery,CB Council,iNaturalist,2022,6,<1 m (6+ dp)
19090,Lomandra longifolia,2009-04-23T00:00:00,BANKS_VEG Vegetation Survey,Not in a reserve,-33.97967,151.00081,,,,occurrenceRemarks withheld,2009.0,4.0,23.0,,Floristic Data,locality withheld,locationRemarks withheld,,,Bankstown City Council,HUMAN_OBSERVATION,,OJJS07082200;ODMP08080503,CB Council,ALA,2009,5,≈1–10 m (5 dp)
1478,Acacia pubescens,2010-01-15T00:00:00,DPIE Data from Scientific Licences dataset,Lansdowne,-33.892852,150.974672,,,,occurrenceRemarks withheld,2010.0,1.0,15.0,,,locality withheld,locationRemarks withheld,,,NSW National Parks and Wildlife Service,HUMAN_OBSERVATION,,ODMP11031700,CB Council,ALA,2010,6,<1 m (6+ dp)
20837,Daviesia ulicifolia,2004-01-16T00:00:00,DPIE Data from Scientific Licences dataset,Not in a reserve,-33.910549,150.988188,,,,occurrenceRemarks withheld,2004.0,1.0,16.0,,,locality withheld,locationRemarks withheld,,,NSW National Parks and Wildlife Service,HUMAN_OBSERVATION,,ODMP04110301,CB Council,ALA,2004,6,<1 m (6+ dp)
1311,Acacia pubescens,2020-05-29T00:00:00,DPIE Data from Scientific Licences dataset,Lansdowne,-33.892961,150.975195,,,,occurrenceRemarks withheld,2020.0,5.0,29.0,,,locality withheld,locationRemarks withheld,,,NSW National Parks and Wildlife Service,HUMAN_OBSERVATION,,OJJS16072001,CB Council,ALA,2020,6,<1 m (6+ dp)
24743,Leucopogon juniperinus,1999-02-11T00:00:00,DPIE Data from Scientific Licences dataset,Carysfield,-33.900784,150.997609,,,,occurrenceRemarks withheld,1999.0,2.0,11.0,,,locality withheld,locationRemarks withheld,,,NSW National Parks and Wildlife Service,HUMAN_OBSERVATION,,OPJGI0002327,CB Council,ALA,1999,6,<1 m (6+ dp)
24908,Pimelea spicata,2003-09-02T00:00:00,DPIE Data from Scientific Licences dataset,Crest,-33.910976,150.996711,6.0,"BU Flower Buds,FL Flowering",,occurrenceRemarks withheld,2003.0,9.0,2.0,,,locality withheld,locationRemarks withheld,,,NSW National Parks and Wildlife Service,HUMAN_OBSERVATION,,ODMP99112300,CB Council,ALA,2003,6,<1 m (6+ dp)
1062,Sida rhombifolia,2016-05-02T00:00:00,DPIE Data from Scientific Licences dataset,Lansdowne,-33.904674,150.979362,,,introduced,occurrenceRemarks withheld,2016.0,,,,,locality withheld,locationRemarks withheld,,,NSW National Parks and Wildlife Service,HUMAN_OBSERVATION,,OIXR13102801,CB Council,ALA,2016,6,<1 m (6+ dp)
6669,Sida rhombifolia,2020-08-03T15:18:00,iNaturalist observations,Maluga Passive Pk,-33.892295,151.016222,,,,,2020.0,8.0,3.0,,,,,,,,HUMAN_OBSERVATION,,Thomas Mesaglio,CB Council,iNaturalist,2020,6,<1 m (6+ dp)
24454,Centella asiatica,1999-02-11T00:00:00,DPIE Data from Scientific Licences dataset,Carysfield,-33.900784,150.997609,,,,occurrenceRemarks withheld,1999.0,2.0,11.0,,,locality withheld,locationRemarks withheld,,,NSW National Parks and Wildlife Service,HUMAN_OBSERVATION,,OPJGI0002327,CB Council,ALA,1999,6,<1 m (6+ dp)
6658,Acacia filicifolia,2024-11-14T11:49:55,iNaturalist research-grade observations,Not in a reserve,-33.953267,151.013893,,,,,2024.0,11.0,14.0,,,,,melaleuca_j,2024-11-14T04:21:01Z,,HUMAN_OBSERVATION,,melaleuca_j,CB Council,iNaturalist,2024,6,<1 m (6+ dp)
39280,Hardenbergia violacea,2004-05-01T12:00:00,Norfolk Flora&Fauna Apndx3 POM,Norfolk Reserve,-33.893604,151.062656,,,,,2004,5,1,,,,,,,,,,,CB Council,Prototype,2004,6,<1 m (6+ dp)
25218,Melaleuca decora,2018-05-23T00:00:00,DPIE Data from Scientific Licences dataset,Kentucky Reserve,-33.927609,150.979464,,,,occurrenceRemarks withheld,2018.0,5.0,23.0,,,locality withheld,locationRemarks withheld,,,NSW National Parks and Wildlife Service,HUMAN_OBSERVATION,,OIXR15013005,CB Council,ALA,2018,6,<1 m (6+ dp)
26208,Rosa rubiginosa,2015-11-23T00:00:00,DPIE Data from Scientific Licences dataset,Not in a reserve,-33.945433,150.983143,,,introduced,occurrenceRemarks withheld,2015.0,11.0,,,,locality withheld,locationRemarks withheld,,,NSW National Parks and Wildlife Service,HUMAN_OBSERVATION,,ODMP09120203,CB Council,ALA,2015,6,<1 m (6+ dp)
6365,Drosera spatulata,2022-01-02T15:15:00,iNaturalist research-grade observations,Not in a reserve,-33.975322,151.013933,,,,,2022.0,1.0,2.0,,,,,cdlew,2022-01-03T01:23:02Z,,HUMAN_OBSERVATION,,Melissa Abdallah,CB Council,iNaturalist,2022,6,<1 m (6+ dp)
22841,Clematis aristata,2020-03-16T00:00:00,DPIE Data from Scientific Licences dataset,Not in a reserve,-33.918362,150.978117,,,,occurrenceRemarks withheld,2020.0,3.0,16.0,,,locality withheld,locationRemarks withheld,,,NSW National Parks and Wildlife Service,HUMAN_OBSERVATION,,OJJS19031803;OJJS20080501,CB Council,ALA,2020,6,<1 m (6+ dp)
25059,Eucalyptus fibrosa,2006-02-21T00:00:00,DPIE Data from Scientific Licences dataset,Not in a reserve,-33.888501,151.030527,,,,occurrenceRemarks withheld,2006.0,2.0,21.0,,,locality withheld,locationRemarks withheld,,,NSW National Parks and Wildlife Service,HUMAN_OBSERVATION,,OPXE99012800,CB Council,ALA,2006,6,<1 m (6+ dp)
20477,Pterostylis erecta,2009-09-02T00:00:00,DPIE Default Sightings,Kelso Beach,-33.952073,150.981742,,FL Flowering,,occurrenceRemarks withheld,2009.0,9.0,2.0,,,locality withheld,locationRemarks withheld,,,NSW Dept of Planning and Environment,HUMAN_OBSERVATION,,OJJS12102400,CB Council,ALA,2009,6,<1 m (6+ dp)
8133,Wisteria sinensis,2021-09-18T11:29:57,iNaturalist observations,Not in a reserve,-33.977863,150.996384,,,,,2021.0,9.0,18.0,,,,,,,,HUMAN_OBSERVATION,,stefaninko94,CB Council,iNaturalist,2021,6,<1 m (6+ dp)
35219,Eucalyptus parramattensis,2018-05-23T00:00:00,DPIE Data from Scientific Licences dataset,Ashford Reserve,-33.929585,150.986124,,,,occurrenceRemarks withheld,2018.0,5.0,23.0,,,locality withheld,locationRemarks withheld,,,NSW National Parks and Wildlife Service,HUMAN_OBSERVATION,,OIXR15013005,CB Council,ALA,2018,6,<1 m (6+ dp)
21620,Asparagus aethiopicus,2014-03-18T00:00:00,DPIE Data from Scientific Licences dataset,Not in a reserve,-33.93508,151.023087,,,introduced,occurrenceRemarks withheld,2014.0,3.0,18.0,,,locality withheld,locationRemarks withheld,,,NSW National Parks and Wildlife Service,HUMAN_OBSERVATION,,OIXR15011200,CB Council,ALA,2014,6,<1 m (6+ dp)
31349,Senecio madagascariensis,2015-09-15T00:00:00,DPIE Default Sightings,Not in a reserve,-33.890332,151.055229,,,introduced,occurrenceRemarks withheld,2015.0,9.0,15.0,,,locality withheld,locationRemarks withheld,,,NSW Dept of Planning and Environment,HUMAN_OBSERVATION,,OIXR15081800,CB Council,ALA,2015,6,<1 m (6+ dp)
23681,Sonchus oleraceus,2022-11-04T00:00:00,DPIE Data from Scientific Licences dataset,Not in a reserve,-33.877828,150.988911,,,introduced,occurrenceRemarks withheld,2022.0,11.0,4.0,,,locality withheld,locationRemarks withheld,,,NSW National Parks and Wildlife Service,HUMAN_OBSERVATION,,OMFZ23032802,CB Council,ALA,2022,6,<1 m (6+ dp)
9867,Plumbago auriculata,2021-04-01T14:01:57,iNaturalist research-grade observations,Not in a reserve,-33.903391,151.034784,,,,Large shrub with bright light blue flowers all over,2021.0,4.0,1.0,,,,,Emmanuel Katsaros,2021-04-01T03:02:46Z,,HUMAN_OBSERVATION,,Emmanuel Katsaros,CB Council,iNaturalist,2021,6,<1 m (6+ dp)
29370,Pimelea spicata,2010-02-11T00:00:00,DPIE Data from Scientific Licences dataset,Crest,-33.910549,150.997116,,,,occurrenceRemarks withheld,2010.0,2.0,11.0,,,locality withheld,locationRemarks withheld,,,NSW National Parks and Wildlife Service,HUMAN_OBSERVATION,,ODMP11031700,CB Council,ALA,2010,6,<1 m (6+ dp)
8625,Bursaria spinosa,2020-03-29T13:55:28,iNaturalist research-grade observations,Not in a reserve,-33.922628,151.14917,,,,,2020.0,3.0,29.0,,,,,Josh Moloney,2020-03-29T05:24:54Z,,HUMAN_OBSERVATION,,Josh Moloney,CB Council,iNaturalist,2020,6,<1 m (6+ dp)
25798,Acacia pubescens,2009-09-15T00:00:00,DPIE Data from Scientific Licences dataset,Norfolk Reserve,-33.893923,151.062587,,,,occurrenceRemarks withheld,2009.0,9.0,15.0,,,locality withheld,locationRemarks withheld,,,NSW National Parks and Wildlife Service,HUMAN_OBSERVATION,,ODMP11031700,CB Council,ALA,2009,6,<1 m (6+ dp)
33687,Asparagus asparagoides,2015-11-23T00:00:00,DPIE Data from Scientific Licences dataset,Not in a reserve,-33.944646,150.990702,,,introduced,occurrenceRemarks withheld,2015.0,11.0,,,,locality withheld,locationRemarks withheld,,,NSW National Parks and Wildlife Service,HUMAN_OBSERVATION,,ODMP09120203,CB Council,ALA,2015,6,<1 m (6+ dp)
1251,Acacia pubescens,2009-10-22T00:00:00,DPIE Data from Scientific Licences dataset,Lansdowne,-33.892815,150.977376,,,,occurrenceRemarks withheld,2009.0,10.0,22.0,,,locality withheld,locationRemarks withheld,,,NSW National Parks and Wildlife Service,HUMAN_OBSERVATION,,ODMP11031700,CB Council,ALA,2009,6,<1 m (6+ dp)
20271,Entolasia stricta,2009-05-28T00:00:00,BANKS_VEG Vegetation Survey,Not in a reserve,-33.973447,151.038284,,,,occurrenceRemarks withheld,2009.0,5.0,28.0,,Floristic Data,locality withheld,locationRemarks withheld,,,Bankstown City Council,HUMAN_OBSERVATION,,OJJS07082200;ODMP09101600,CB Council,ALA,2009,6,<1 m (6+ dp)
29528,Lambertia formosa,2010-12-14T00:00:00,NP_GEORGES Vegetation Survey,Not in a reserve,-33.971219,151.028823,,,,occurrenceRemarks withheld,2010.0,12.0,14.0,,Floristic Data,locality withheld,locationRemarks withheld,,,NSW Dept of Planning and Environment,HUMAN_OBSERVATION,,ODMP99111100;VEG-NICR,CB Council,ALA,2010,6,<1 m (6+ dp)
39195,Grevillea sp.,2004-05-01T12:00:00,Revesby and Padstow reserves Flora&Fauna Apndx6 POM,Richardson Reserve,-33.963555,151.027909,,,,,2004,5,1,,,,,,,,,,,CB Council,Prototype,2004,6,<1 m (6+ dp)
40486,Denhamia silvestris,2004-05-01T12:00:00,Lansdowne area Flora&Fauna Appndx6 POM,Lansdowne,-33.896245,150.978391,,,,,2004,5,1,,,,,,,,,,,CB Council,Prototype,2004,6,<1 m (6+ dp)
2304,Leichhardtia viridiflora subsp. viridiflora,2020-05-29T00:00:00,DPIE Data from Scientific Licences dataset,Lansdowne,-33.893833,150.975228,,,,occurrenceRemarks withheld,2020.0,5.0,29.0,,,locality withheld,locationRemarks withheld,,,NSW National Parks and Wildlife Service,HUMAN_OBSERVATION,,OJJS16072001,CB Council,ALA,2020,6,<1 m (6+ dp)
34438,Oxalis exilis,1999-06-28T00:00:00,GEORGES Vegetation Survey,Miram-Beena,-33.909506,150.979817,,,,occurrenceRemarks withheld,1999.0,6.0,28.0,,Floristic Data,locality withheld,locationRemarks withheld,,,NSW Dept of Planning and Environment,HUMAN_OBSERVATION,,OVLU99062101;OSLS05031800,CB Council,ALA,1999,6,<1 m (6+ dp)
1504,Hardenbergia violacea,2008-12-18T00:00:00,DPIE Default Sightings,Lansdowne,-33.89269,150.97436,,,,occurrenceRemarks withheld,2008.0,12.0,18.0,,,locality withheld,locationRemarks withheld,,,NSW Dept of Planning and Environment,HUMAN_OBSERVATION,,OEMM09102201,CB Council,ALA,2008,5,≈1–10 m (5 dp)
6872,Ageratina adenophora,2020-09-17T12:26:22,iNaturalist research-grade observations,Not in a reserve,-33.973257,151.003282,,,,Waterway weed?,2020.0,9.0,17.0,,,,,David,2020-09-17T02:52:38Z,,HUMAN_OBSERVATION,,Lauren Danecek,CB Council,iNaturalist,2020,6,<1 m (6+ dp)
36244,Avena fatua,2004-05-01T12:00:00,Lansdowne area Flora&Fauna Appndx6 POM,Amaroo,-33.908,150.982962,,,,,2004,5,1,,,,,,,,,,,CB Council,Prototype,2004,6,<1 m (6+ dp)
4659,Acacia pubescens,2020-05-29T00:00:00,DPIE Data from Scientific Licences dataset,Lansdowne,-33.89261,150.975102,,,,occurrenceRemarks withheld,2020.0,5.0,29.0,,,locality withheld,locationRemarks withheld,,,NSW National Parks and Wildlife Service,HUMAN_OBSERVATION,,OJJS16072001,CB Council,ALA,2020,6,<1 m (6+ dp)
38340,Eragrostis curvula,2004-05-01T12:00:00,Lansdowne area Flora&Fauna Appndx6 POM,Miram-Beena,-33.906477,150.980754,,,,,2004,5,1,,,,,,,,,,,CB Council,Prototype,2004,6,<1 m (6+ dp)
41365,Paspalum dilatatum,2004-05-01T12:00:00,Revesby and Padstow reserves Flora&Fauna Apndx6 POM,Virginius Reserve,-33.960678,151.022552,,,,,2004,5,1,,,,,,,,,,,CB Council,Prototype,2004,6,<1 m (6+ dp)
35244,Cenchrus clandestinus,2019-12-11T00:00:00,DPIE Data from Scientific Licences dataset,Not in a reserve,-33.909648,151.085877,,,introduced,occurrenceRemarks withheld,2019.0,12.0,11.0,,,locality withheld,locationRemarks withheld,,,NSW National Parks and Wildlife Service,HUMAN_OBSERVATION,,OIXR14091000,CB Council,ALA,2019,6,<1 m (6+ dp)
40922,Notelaea longifolia,2004-05-01T12:00:00,The Crest-Appendix,Bellevue,-33.910871,150.998776,,,,,2004,5,1,,,,,,,,,,,CB Council,Prototype,2004,6,<1 m (6+ dp)
29996,Homalanthus populifolius,2014-03-18T00:00:00,DPIE Data from Scientific Licences dataset,Not in a reserve,-33.93508,151.023087,,,,occurrenceRemarks withheld,2014.0,3.0,18.0,,,locality withheld,locationRemarks withheld,,,NSW National Parks and Wildlife Service,HUMAN_OBSERVATION,,OIXR15011200,CB Council,ALA,2014,6,<1 m (6+ dp)
29578,Melia azedarach,2014-02-05T00:00:00,ACA Vegetation Survey,Deepwater,-33.948652,150.973816,,,,occurrenceRemarks withheld,2014.0,2.0,5.0,,Floristic Data,locality withheld,locationRemarks withheld,,,Anne Clements & Associates,HUMAN_OBSERVATION,,OEMM09100802;OIXR13100400,CB Council,ALA,2014,6,<1 m (6+ dp)
36643,Bursaria spinosa,2004-05-01T12:00:00,Lansdowne area Flora&Fauna Appndx6 POM,Miram-Beena,-33.909351,150.975191,,,,,2004,5,1,,,,,,,,,,,CB Council,Prototype,2004,6,<1 m (6+ dp)
4003,Acacia pubescens,2009-10-22T00:00:00,DPIE Data from Scientific Licences dataset,Lansdowne,-33.893038,150.975598,,,,occurrenceRemarks withheld,2009.0,10.0,22.0,,,locality withheld,locationRemarks withheld,,,NSW National Parks and Wildlife Service,HUMAN_OBSERVATION,,ODMP11031700,CB Council,ALA,2009,6,<1 m (6+ dp)
40199,Lomandra filiformis ssp. coriacea,2004-05-01T12:00:00,EastHills Flora&Fauna Apndx5 POM,East Hills Park,-33.96446,150.982875,,,,,2004,5,1,,,,,,,,,,,CB Council,Prototype,2004,6,<1 m (6+ dp)
34544,Ipomoea indica,2016-06-22T00:00:00,DPIE Data from Scientific Licences dataset,Not in a reserve,-33.911385,151.130478,,,introduced,occurrenceRemarks withheld,2016.0,6.0,,,,locality withheld,locationRemarks withheld,,,NSW National Parks and Wildlife Service,HUMAN_OBSERVATION,,OJJS10042000;OIXR13081400,CB Council,ALA,2016,6,<1 m (6+ dp)
24014,Ligustrum lucidum,2021-12-06T00:00:00,GAP_EAST Vegetation Survey,Not in a reserve,-33.927173,151.149572,,,introduced,occurrenceRemarks withheld,2021.0,12.0,6.0,,Floristic Data,locality withheld,locationRemarks withheld,,,NSW Dept of Planning and Environment,HUMAN_OBSERVATION,,OEMM09121701;OKET22042701,CB Council,ALA,2021,6,<1 m (6+ dp)
29141,Clematis glycinoides,2011-04-13T00:00:00,ACA Vegetation Survey,Deepwater,-33.952058,150.980812,,,,occurrenceRemarks withheld,2011.0,4.0,13.0,,Floristic Data,locality withheld,locationRemarks withheld,,,Anne Clements & Associates,HUMAN_OBSERVATION,,OEMM09100802;OEMM09100803;OJJS10080400;OIXR13100400,CB Council,ALA,2011,6,<1 m (6+ dp)
6656,Ficus microcarpa,2024-11-17T10:28:58,iNaturalist observations,Not in a reserve,-33.914133,151.124315,,,,,2024.0,11.0,17.0,,,,,,,,HUMAN_OBSERVATION,,alalal,CB Council,iNaturalist,2024,6,<1 m (6+ dp)
29447,Calotis lappulacea,1996-05-28T00:00:00,Urban Bushland Biodiversity 2,Not in a reserve,-33.873956,150.983642,,,,occurrenceRemarks withheld,1996.0,5.0,28.0,,20 by 20 Vegetation Plot (old type),locality withheld,locationRemarks withheld,,,NSW Dept of Planning and Environment,HUMAN_OBSERVATION,,OPXE97062300,CB Council,ALA,1996,6,<1 m (6+ dp)
19401,Acacia pubescens,2009-09-08T00:00:00,DPIE Data from Scientific Licences dataset,Louisa,-33.904465,151.000589,,,,occurrenceRemarks withheld,2009.0,9.0,8.0,,,locality withheld,locationRemarks withheld,,,NSW National Parks and Wildlife Service,HUMAN_OBSERVATION,,ODMP11031700,CB Council,ALA,2009,6,<1 m (6+ dp)
22876,Allocasuarina littoralis,2019-03-08T00:00:00,DPIE Data from Scientific Licences dataset,Not in a reserve,-33.905179,151.038241,,,,occurrenceRemarks withheld,2019.0,3.0,8.0,,,locality withheld,locationRemarks withheld,,,NSW National Parks and Wildlife Service,HUMAN_OBSERVATION,,OPUR17042400,CB Council,ALA,2019,6,<1 m (6+ dp)
37897,Dichelachne micrantha,2004-05-01T12:00:00,Lansdowne area Flora&Fauna Appndx6 POM,Lansdowne,-33.896245,150.978391,,,,,2004,5,1,,,,,,,,,,,CB Council,Prototype,2004,6,<1 m (6+ dp)
10322,Pelargonium australe,2024-05-08T07:38:21,iNaturalist observations,Not in a reserve,-33.950303,151.003981,,,,,2024.0,5.0,8.0,,,,,,,,HUMAN_OBSERVATION,,Alex Pintsen JIN,CB Council,iNaturalist,2024,6,<1 m (6+ dp)
26283,Paspalidium distans,2011-04-13T00:00:00,ACA Vegetation Survey,Deepwater,-33.951875,150.979561,,,,occurrenceRemarks withheld,2011.0,4.0,13.0,,Floristic Data,locality withheld,locationRemarks withheld,,,Anne Clements & Associates,HUMAN_OBSERVATION,,OEMM09100802;OEMM09100803;OJJS10080400;OIXR13100400,CB Council,ALA,2011,6,<1 m (6+ dp)
29202,Smilax glyciphylla,2018-04-16T00:00:00,DPIE Data from Scientific Licences dataset,Not in a reserve,-33.9269,151.147854,,,,occurrenceRemarks withheld,2018.0,4.0,16.0,,,locality withheld,locationRemarks withheld,,,NSW National Parks and Wildlife Service,HUMAN_OBSERVATION,,OPJGI0002201,CB Council,ALA,2018,6,<1 m (6+ dp)
27828,Stylidium graminifolium,2009-04-23T00:00:00,BANKS_VEG Vegetation Survey,Not in a reserve,-33.97967,151.00081,,,,occurrenceRemarks withheld,2009.0,4.0,23.0,,Floristic Data,locality withheld,locationRemarks withheld,,,Bankstown City Council,HUMAN_OBSERVATION,,OJJS07082200;ODMP08080503,CB Council,ALA,2009,5,≈1–10 m (5 dp)
4337,Themeda triandra,1999-06-28T00:00:00,GEORGES Vegetation Survey,Lansdowne,-33.902277,150.978906,,,,occurrenceRemarks withheld,1999.0,6.0,28.0,,Floristic Data,locality withheld,locationRemarks withheld,,,NSW Dept of Planning and Environment,HUMAN_OBSERVATION,,OVLU99062101;OSLS05031800,CB Council,ALA,1999,6,<1 m (6+ dp)
34293,Angophora floribunda,2018-05-23T00:00:00,DPIE Data from Scientific Licences dataset,Ashford Reserve,-33.929585,150.986124,,,,occurrenceRemarks withheld,2018.0,5.0,23.0,,,locality withheld,locationRemarks withheld,,,NSW National Parks and Wildlife Service,HUMAN_OBSERVATION,,OIXR15013005,CB Council,ALA,2018,6,<1 m (6+ dp)
38263,Entolasia stricta,2004-05-01T12:00:00,Salt Pan Creek Flora&Fauna Apndx4 POM,Alma Reserve,-33.963313,151.038039,,,,,2004,5,1,,,,,,,,,,,CB Council,Prototype,2004,6,<1 m (6+ dp)
17575,Dracophyllum secundum,2023-08-11T14:00:00,Individual sighting,Not in a reserve,-33.978303,150.999972,1.0,,,,2023.0,8.0,11.0,,,,nullnull,,,,HUMAN_OBSERVATION,,Michael Hains,CB Council,ALA,2023,6,<1 m (6+ dp)
3253,Acacia pubescens,1985-11-30T00:00:00,DPIE Default Sightings,Lansdowne,-33.89249,150.975178,,,,occurrenceRemarks withheld,1985.0,11.0,30.0,,,locality withheld,locationRemarks withheld,,,NSW Dept of Planning and Environment,PRESERVED_SPECIMEN,,FORDC,CB Council,ALA,1985,6,<1 m (6+ dp)
1396,Cinnamomum camphora,2014-11-07T00:00:00,GC-offsets Vegetation Survey,Lansdowne,-33.895919,150.97859,,,introduced,occurrenceRemarks withheld,2014.0,11.0,7.0,,Floristic Data,locality withheld,locationRemarks withheld,,,NSW Dept of Planning and Environment,HUMAN_OBSERVATION,,OPXE04110301,CB Council,ALA,2014,6,<1 m (6+ dp)
38271,Entolasia stricta,2004-05-01T12:00:00,Walshaw Flora&Fauna Apndx4 POM,Walshaw Park,-33.901345,151.004631,,,,,2004,5,1,,,,,,,,,,,CB Council,Prototype,2004,6,<1 m (6+ dp)
37526,Cyperus brevifolius,2004-05-01T12:00:00,Deepwater Flora&Fauna Apndx5 POM,Deepwater,-33.949066,150.976607,,,,,2004,5,1,,,,,,,,,,,CB Council,Prototype,2004,6,<1 m (6+ dp)
40445,Lycopodium cernuum,2004-05-01T12:00:00,Lansdowne area Flora&Fauna Appndx6 POM,Miram-Beena,-33.909351,150.975191,,,,,2004,5,1,,,,,,,,,,,CB Council,Prototype,2004,6,<1 m (6+ dp)
37296,Erigeron sumatrensis,2004-05-01T12:00:00,Southern Reserves Flora&Fauna Apndx4 POM,Thomas Street Depot,-33.96590278,151.013035,,,,,2004,5,1,,,,,,,,,,,CB Council,Prototype,2004,8,<1 m (6+ dp)
6238,Olearia microphylla,2022-09-18T14:50:00,iNaturalist research-grade observations,Not in a reserve,-33.970509,151.026988,,,,,2022.0,9.0,18.0,,,,,Bradley W. Jones,2022-09-18T07:45:14Z,,HUMAN_OBSERVATION,,Bradley W. Jones,CB Council,iNaturalist,2022,6,<1 m (6+ dp)
40215,Lomandra filiformis ssp. coriacea,2004-05-01T12:00:00,The Crest-Appendix,Carysfield,-33.902185,150.998468,,,,,2004,5,1,,,,,,,,,,,CB Council,Prototype,2004,6,<1 m (6+ dp)
9607,Olea europaea,2020-04-25T15:28:36,iNaturalist research-grade observations,Not in a reserve,-33.882172,151.009583,,,,Weed,2020.0,4.0,25.0,,,,,Thomas Mesaglio,2024-10-30T21:49:40Z,,HUMAN_OBSERVATION,,Thomas Mesaglio,CB Council,iNaturalist,2020,6,<1 m (6+ dp)
18269,Philotheca difformis,2023-05-22T14:00:00,Individual sighting,Not in a reserve,-33.977921,150.999724,1.0,,,,2023.0,5.0,22.0,,,,nullnull,,,,HUMAN_OBSERVATION,,Michael Hains,CB Council,ALA,2023,6,<1 m (6+ dp)
35647,Ageratina adenophora,2004-05-01T12:00:00,The Crest-Appendix,Louisa,-33.905454,150.999701,,,,,2004,5,1,,,,,,,,,,,CB Council,Prototype,2004,6,<1 m (6+ dp)
26747,Asparagus asparagoides,2018-05-23T00:00:00,DPIE Data from Scientific Licences dataset,Ashford Reserve,-33.929585,150.986124,,,introduced,occurrenceRemarks withheld,2018.0,5.0,23.0,,,locality withheld,locationRemarks withheld,,,NSW National Parks and Wildlife Service,HUMAN_OBSERVATION,,OIXR15013005,CB Council,ALA,2018,6,<1 m (6+ dp)
36375,Bidens pilosa,2004-05-01T12:00:00,Adept Tracey Flood Ruse Flora&Fauna Apndx6 POM,Ruse Park,-33.926102,151.034921,,,,,2004,5,1,,,,,,,,,,,CB Council,Prototype,2004,6,<1 m (6+ dp)
24548,Eucalyptus baueriana,2008-02-13T00:00:00,METROCMA2 Vegetation Survey,Deepwater,-33.948794,150.973327,,,,occurrenceRemarks withheld,2008.0,2.0,13.0,,Floristic Data,locality withheld,locationRemarks withheld,,,NSW Dept of Planning and Environment,HUMAN_OBSERVATION,,VEG-NICR;OPUR23081001,CB Council,ALA,2008,6,<1 m (6+ dp)
4179,Acacia pubescens,2009-09-17T00:00:00,DPIE Data from Scientific Licences dataset,Lansdowne,-33.892486,150.977644,,,,occurrenceRemarks withheld,2009.0,9.0,17.0,,,locality withheld,locationRemarks withheld,,,NSW National Parks and Wildlife Service,HUMAN_OBSERVATION,,ODMP11031700,CB Council,ALA,2009,6,<1 m (6+ dp)
3803,Glycine clandestina,2018-05-23T00:00:00,DPIE Data from Scientific Licences dataset,Lansdowne,-33.898246,150.974264,,,,occurrenceRemarks withheld,2018.0,5.0,23.0,,,locality withheld,locationRemarks withheld,,,NSW National Parks and Wildlife Service,HUMAN_OBSERVATION,,OIXR15013005,CB Council,ALA,2018,6,<1 m (6+ dp)
33903,Rumex crispus,2011-04-13T00:00:00,ACA Vegetation Survey,Not in a reserve,-33.950566,150.975578,,,introduced,occurrenceRemarks withheld,2011.0,4.0,13.0,,Floristic Data,locality withheld,locationRemarks withheld,,,Anne Clements & Associates,HUMAN_OBSERVATION,,OEMM09100802;OEMM09100803;OJJS10080400;OIXR13100400,CB Council,ALA,2011,6,<1 m (6+ dp)
25281,Aristida vagans,2018-01-25T00:00:00,DPIE Data from Scientific Licences dataset,Not in a reserve,-33.874778,151.006314,,,,occurrenceRemarks withheld,2018.0,1.0,25.0,,,locality withheld,locationRemarks withheld,,,NSW National Parks and Wildlife Service,HUMAN_OBSERVATION,,OPUR17101700;OPUR17101701,CB Council,ALA,2018,6,<1 m (6+ dp)
35724,Allocasuarina littoralis,2004-05-01T12:00:00,Southern Reserves Flora&Fauna Apndx4 POM,Thomas Street Depot,-33.96590278,151.013035,,,,,2004,5,1,,,,,,,,,,,CB Council,Prototype,2004,8,<1 m (6+ dp)
37430,Cotula australis,2004-05-01T12:00:00,Southern Reserves Flora&Fauna Apndx4 POM,Picnic Point Reserve,-33.977563,150.996147,,,,,2004,5,1,,,,,,,,,,,CB Council,Prototype,2004,6,<1 m (6+ dp)
36759,Calystegia sepium,2004-05-01T12:00:00,Deepwater Flora&Fauna Apndx5 POM,Kelso Creek,-33.950301,150.984015,,,,,2004,5,1,,,,,,,,,,,CB Council,Prototype,2004,6,<1 m (6+ dp)
21354,Hardenbergia violacea,2000-07-05T00:00:00,WESTSYD2 Vegetation Survey,Not in a reserve,-33.896681,151.028616,,,,occurrenceRemarks withheld,2000.0,7.0,5.0,,Floristic Data,locality withheld,locationRemarks withheld,,,NSW Dept of Planning and Environment,HUMAN_OBSERVATION,,OPUR23081001,CB Council,ALA,2000,6,<1 m (6+ dp)
19601,Wahlenbergia multicaulis,2010-11-02T00:00:00,DPIE Default Sightings,Not in a reserve,-33.901169,150.999174,,FL Flowering,,occurrenceRemarks withheld,2010.0,11.0,2.0,,,locality withheld,locationRemarks withheld,,,NSW Dept of Planning and Environment,HUMAN_OBSERVATION,,OJJS12102400,CB Council,ALA,2010,6,<1 m (6+ dp)
20108,Persicaria decipiens,2008-12-07T00:00:00,DPIE Data from Scientific Licences dataset,Not in a reserve,-33.921711,150.997024,,,,occurrenceRemarks withheld,2008.0,12.0,7.0,,,locality withheld,locationRemarks withheld,,,NSW National Parks and Wildlife Service,HUMAN_OBSERVATION,,ODMP08080501,CB Council,ALA,2008,6,<1 m (6+ dp)
6297,Pterostylis curta,2024-08-25T12:56:01,iNaturalist research-grade observations,Not in a reserve,-33.973422,151.004753,,,,,2024.0,8.0,25.0,,,,,ChrisH,2024-08-25T06:39:51Z,,HUMAN_OBSERVATION,,ChrisH,CB Council,iNaturalist,2024,6,<1 m (6+ dp)
4025,Anthosachne scabra,2019-01-16T00:00:00,DPIE Data from Scientific Licences dataset,Lansdowne,-33.893548,150.97815,,,,occurrenceRemarks withheld,2019.0,1.0,16.0,,,locality withheld,locationRemarks withheld,,,NSW National Parks and Wildlife Service,HUMAN_OBSERVATION,,OIXR15070200,CB Council,ALA,2019,6,<1 m (6+ dp)
24214,Acacia pubescens,2009-09-16T00:00:00,DPIE Data from Scientific Licences dataset,Salt Pan Reserve,-33.938771,151.040172,,,,occurrenceRemarks withheld,2009.0,9.0,16.0,,,locality withheld,locationRemarks withheld,,,NSW National Parks and Wildlife Service,HUMAN_OBSERVATION,,ODMP11031700,CB Council,ALA,2009,6,<1 m (6+ dp)
10125,Lantana camara,2022-04-18T14:53:00,iNaturalist research-grade observations,Not in a reserve,-33.97153,151.03377,,flowers,,,2022.0,4.0,18.0,,,,,Bradley W. Jones,2022-04-18T06:41:57Z,,HUMAN_OBSERVATION,,Bradley W. Jones,CB Council,iNaturalist,2022,5,≈1–10 m (5 dp)
39583,Imperata cylindrica,2004-05-01T12:00:00,Southern Reserves Flora&Fauna Apndx4 POM,Dilke Reserve,-33.972867,151.035019,,,,,2004,5,1,,,,,,,,,,,CB Council,Prototype,2004,6,<1 m (6+ dp)
5161,Acacia pubescens,2024-10-23T12:00:00,BAM241023_095103,Lansdowne,-33.89297001,150.9768421,5.0,,"Alive in NSW, Native",,2024.0,10.0,23.0,,Florist Data,Lansdowne Reserve,BAM data and floristic data from two monitoring plots collected in 2034,,2024-10-23T12:00:00Z,,human observation,,BLM,CB Council,ALA,2024,8,<1 m (6+ dp)
25758,Acacia ulicifolia,2008-11-17T00:00:00,DPIE Default Sightings,Not in a reserve,-33.97194,151.03287,,,,occurrenceRemarks withheld,2008.0,11.0,17.0,,,locality withheld,locationRemarks withheld,,,NSW Dept of Planning and Environment,HUMAN_OBSERVATION,,OEMM09102201,CB Council,ALA,2008,5,≈1–10 m (5 dp)
1705,Axonopus fissifolius,1999-06-28T00:00:00,GEORGES Vegetation Survey,Lansdowne,-33.902277,150.978906,,,introduced,occurrenceRemarks withheld,1999.0,6.0,28.0,,Floristic Data,locality withheld,locationRemarks withheld,,,NSW Dept of Planning and Environment,HUMAN_OBSERVATION,,OVLU99062101;OSLS05031800,CB Council,ALA,1999,6,<1 m (6+ dp)
22158,Ochna serrulata,2022-11-18T00:00:00,DPIE Data from Scientific Licences dataset,Not in a reserve,-33.973697,151.005009,,FR Fresh Fruit,introduced,occurrenceRemarks withheld,2022.0,11.0,18.0,,,locality withheld,locationRemarks withheld,,,NSW National Parks and Wildlife Service,HUMAN_OBSERVATION,,OLJH97031100,CB Council,ALA,2022,6,<1 m (6+ dp)
3024,Leichhardtia viridiflora subsp. viridiflora,2009-10-22T00:00:00,DPIE Data from Scientific Licences dataset,Lansdowne,-33.893783,150.975396,,,,occurrenceRemarks withheld,2009.0,10.0,22.0,,,locality withheld,locationRemarks withheld,,,NSW National Parks and Wildlife Service,HUMAN_OBSERVATION,,ODMP11031700,CB Council,ALA,2009,6,<1 m (6+ dp)
37366,Corymbia gummifera,2004-05-01T12:00:00,Southern Reserves Flora&Fauna Apndx4 POM,Thomas Street Depot,-33.96590278,151.013035,,,,,2004,5,1,,,,,,,,,,,CB Council,Prototype,2004,8,<1 m (6+ dp)
22927,Phragmites australis,2015-09-08T00:00:00,DPIE Data from Scientific Licences dataset,East Hills Park,-33.964295,150.982435,,,,occurrenceRemarks withheld,2015.0,9.0,8.0,,,locality withheld,locationRemarks withheld,,,NSW National Parks and Wildlife Service,HUMAN_OBSERVATION,,OJJS12110500,CB Council,ALA,2015,6,<1 m (6+ dp)
37902,Dichelachne micrantha,2004-05-01T12:00:00,Norfolk Flora&Fauna Apndx3 POM,Norfolk Reserve,-33.893604,151.062656,,,,,2004,5,1,,,,,,,,,,,CB Council,Prototype,2004,6,<1 m (6+ dp)
33831,Phyllanthus virgatus,2016-06-22T00:00:00,DPIE Data from Scientific Licences dataset,Not in a reserve,-33.92418,151.051983,,,,occurrenceRemarks withheld,2016.0,6.0,,,,locality withheld,locationRemarks withheld,,,NSW National Parks and Wildlife Service,HUMAN_OBSERVATION,,OJJS10042000;OIXR13081400,CB Council,ALA,2016,6,<1 m (6+ dp)
42660,Austrostipa verticillata,2004-05-01T12:00:00,Lansdowne area Flora&Fauna Appndx6 POM,Amaroo,-33.908,150.982962,,,,,2004,5,1,,,,,,,,,,,CB Council,Prototype,2004,6,<1 m (6+ dp)
32192,Freesia leichtlinii,2008-02-13T00:00:00,METROCMA2 Vegetation Survey,Deepwater,-33.95152,150.980112,,,introduced,occurrenceRemarks withheld,2008.0,2.0,13.0,,Floristic Data,locality withheld,locationRemarks withheld,,,NSW Dept of Planning and Environment,HUMAN_OBSERVATION,,VEG-NICR;OPUR23081001,CB Council,ALA,2008,6,<1 m (6+ dp)
8612,Cupaniopsis anacardioides,2023-11-26T13:21:00,iNaturalist research-grade observations,Miram-Beena,-33.905338,150.981339,,,,,2023.0,11.0,26.0,,,,,Thomas Mesaglio,2023-11-26T08:30:06Z,,HUMAN_OBSERVATION,,Thomas Mesaglio,CB Council,iNaturalist,2023,6,<1 m (6+ dp)
42707,Taraxacum officinale,2004-05-01T12:00:00,Birrong Sefton Flora&Fauna Apndx3 POM,Jenson Pk,-33.883502,151.01767,,,,,2004,5,1,,,,,,,,,,,CB Council,Prototype,2004,6,<1 m (6+ dp)
9292,Acacia longifolia,2022-08-19T15:55:07,iNaturalist research-grade observations,Not in a reserve,-33.929994,151.128758,,flowers,,,2022.0,8.0,19.0,,,,,Cal McKinley,2022-08-19T05:56:14Z,,HUMAN_OBSERVATION,,Cal McKinley,CB Council,iNaturalist,2022,6,<1 m (6+ dp)
24868,Oxytes brachypoda,1999-02-15T00:00:00,WESTSYD Vegetation Survey,Norfolk Reserve,-33.893483,151.062912,,,,occurrenceRemarks withheld,1999.0,2.0,15.0,,Floristic Data,locality withheld,locationRemarks withheld,,,NSW Dept of Planning and Environment,HUMAN_OBSERVATION,,OJKP98040900;OVLU99062101,CB Council,ALA,1999,6,<1 m (6+ dp)
11028,Nothoscordum gracile,2024-10-25T00:00:00,iNaturalist observations,Not in a reserve,-33.923553,151.073558,,,,,2024.0,10.0,25.0,,,,,,,,HUMAN_OBSERVATION,,khadijahh24,CB Council,iNaturalist,2024,6,<1 m (6+ dp)
5163,Opercularia diphylla,2024-10-23T12:00:00,BAM241023_095103,Lansdowne,-33.89297001,150.9768421,10.0,,"Alive in NSW, Native",,2024.0,10.0,23.0,,Florist Data,Lansdowne Reserve,BAM data and floristic data from two monitoring plots collected in 2036,,2024-10-23T12:00:00Z,,human observation,,BLM,CB Council,ALA,2024,8,<1 m (6+ dp)
38150,Einadia hastata,2004-05-01T12:00:00,Deepwater Flora&Fauna Apndx5 POM,Kelso Creek,-33.950301,150.984015,,,,,2004,5,1,,,,,,,,,,,CB Council,Prototype,2004,6,<1 m (6+ dp)
30353,Erythrina sykesii,2018-05-18T00:00:00,DPIE Data from Scientific Licences dataset,Not in a reserve,-33.933291,150.97841,,,introduced,occurrenceRemarks withheld,2018.0,5.0,18.0,,,locality withheld,locationRemarks withheld,,,NSW National Parks and Wildlife Service,HUMAN_OBSERVATION,,OJJS19102800,CB Council,ALA,2018,6,<1 m (6+ dp)
26341,Asparagus asparagoides,2011-04-13T00:00:00,ACA Vegetation Survey,Deepwater,-33.952058,150.980812,,,introduced,occurrenceRemarks withheld,2011.0,4.0,13.0,,Floristic Data,locality withheld,locationRemarks withheld,,,Anne Clements & Associates,HUMAN_OBSERVATION,,OEMM09100802;OEMM09100803;OJJS10080400;OIXR13100400,CB Council,ALA,2011,6,<1 m (6+ dp)
31608,Juncus acutus,2009-11-27T00:00:00,DPIE Default Sightings,Not in a reserve,-33.9748,151.03316,,,introduced,occurrenceRemarks withheld,2009.0,11.0,27.0,,,locality withheld,locationRemarks withheld,,,NSW Dept of Planning and Environment,HUMAN_OBSERVATION,,OJJS15092900,CB Council,ALA,2009,5,≈1–10 m (5 dp)
34073,Hibbertia puberula,2019-07-17T00:00:00,DPIE Data from Scientific Licences dataset,Not in a reserve,-33.917012,150.978687,,N  No Breeding Evident,,occurrenceRemarks withheld,2019.0,7.0,17.0,,,locality withheld,locationRemarks withheld,,,NSW National Parks and Wildlife Service,HUMAN_OBSERVATION,,OICG19070400,CB Council,ALA,2019,6,<1 m (6+ dp)
6835,Thelymitra ixioides,2024-08-26T14:28:00,iNaturalist research-grade observations,Not in a reserve,-33.971236,151.029535,,,,,2024.0,8.0,26.0,,,,,Bradley W. Jones,2024-08-26T09:40:14Z,,HUMAN_OBSERVATION,,Bradley W. Jones,CB Council,iNaturalist,2024,6,<1 m (6+ dp)
2909,Acacia pubescens,2009-10-22T00:00:00,DPIE Data from Scientific Licences dataset,Lansdowne,-33.892899,150.976466,,,,occurrenceRemarks withheld,2009.0,10.0,22.0,,,locality withheld,locationRemarks withheld,,,NSW National Parks and Wildlife Service,HUMAN_OBSERVATION,,ODMP11031700,CB Council,ALA,2009,6,<1 m (6+ dp)
8219,Bidens pilosa,2023-07-11T13:00:00,iNaturalist research-grade observations,Not in a reserve,-33.970521,151.028652,,,,,2023.0,7.0,11.0,,,,,Thomas Mesaglio,2023-07-11T08:20:19Z,,HUMAN_OBSERVATION,,Thomas Mesaglio,CB Council,iNaturalist,2023,6,<1 m (6+ dp)
20560,Lomandra longifolia,2013-05-01T00:00:00,DPIE Data from Scientific Licences dataset,Not in a reserve,-33.92648,151.14578,,,,occurrenceRemarks withheld,2013.0,5.0,1.0,Open forest,,locality withheld,locationRemarks withheld,,,NSW National Parks and Wildlife Service,HUMAN_OBSERVATION,,ODMP10061700,CB Council,ALA,2013,5,≈1–10 m (5 dp)
4438,Leichhardtia viridiflora subsp. viridiflora,2020-06-03T00:00:00,DPIE Data from Scientific Licences dataset,Lansdowne,-33.892956,150.974465,,,,occurrenceRemarks withheld,2020.0,6.0,3.0,,,locality withheld,locationRemarks withheld,,,NSW National Parks and Wildlife Service,HUMAN_OBSERVATION,,OJJS16072001,CB Council,ALA,2020,6,<1 m (6+ dp)
6393,Pimelea linifolia,2022-06-14T15:01:00,iNaturalist research-grade observations,Not in a reserve,-33.9705,151.02788,,flowers|flower buds,,,2022.0,6.0,14.0,,,,,Bradley W. Jones,2022-06-14T08:42:26Z,,HUMAN_OBSERVATION,,Bradley W. Jones,CB Council,iNaturalist,2022,5,≈1–10 m (5 dp)
41335,Paspalum dilatatum,2004-05-01T12:00:00,Deepwater Flora&Fauna Apndx5 POM,Kelso Creek,-33.950301,150.984015,,,,,2004,5,1,,,,,,,,,,,CB Council,Prototype,2004,6,<1 m (6+ dp)
23308,Acacia pubescens,2009-09-16T00:00:00,DPIE Data from Scientific Licences dataset,Salt Pan Reserve,-33.949892,151.041519,,,,occurrenceRemarks withheld,2009.0,9.0,16.0,,,locality withheld,locationRemarks withheld,,,NSW National Parks and Wildlife Service,HUMAN_OBSERVATION,,ODMP11031700,CB Council,ALA,2009,6,<1 m (6+ dp)
31483,Exocarpos cupressiformis,2015-09-15T00:00:00,DPIE Default Sightings,Not in a reserve,-33.890332,151.055229,,,,occurrenceRemarks withheld,2015.0,9.0,15.0,,,locality withheld,locationRemarks withheld,,,NSW Dept of Planning and Environment,HUMAN_OBSERVATION,,OIXR15081800,CB Council,ALA,2015,6,<1 m (6+ dp)
6324,Pandorea pandorana,2021-08-28T18:00:00,iNaturalist research-grade observations,Not in a reserve,-33.972519,151.003487,,,,,2021.0,8.0,28.0,,,,,Eamonn Culhane,2021-08-28T13:01:13Z,,HUMAN_OBSERVATION,,Eamonn Culhane,CB Council,iNaturalist,2021,6,<1 m (6+ dp)
23590,Pomax umbellata,2000-07-05T00:00:00,WESTSYD2 Vegetation Survey,Not in a reserve,-33.890259,151.032981,,,,occurrenceRemarks withheld,2000.0,7.0,5.0,,Floristic Data,locality withheld,locationRemarks withheld,,,NSW Dept of Planning and Environment,HUMAN_OBSERVATION,,OPUR23081001,CB Council,ALA,2000,6,<1 m (6+ dp)
19792,Lomandra longifolia,2019-03-28T00:00:00,DPIE Data from Scientific Licences dataset,Salt Pan Reserve,-33.963093,151.04053,,,,occurrenceRemarks withheld,2019.0,3.0,28.0,,,locality withheld,locationRemarks withheld,,,NSW National Parks and Wildlife Service,HUMAN_OBSERVATION,,ODMP00113020,CB Council,ALA,2019,6,<1 m (6+ dp)
9878,Centaurium erythraea,2021-12-31T11:18:43,iNaturalist observations,Lansdowne,-33.893514,150.978081,,,,,2021.0,12.0,31.0,,,,,,,,HUMAN_OBSERVATION,,werrikimbee,CB Council,iNaturalist,2021,6,<1 m (6+ dp)
5126,Acacia pubescens,2009-10-08T00:00:00,DPIE Data from Scientific Licences dataset,Lansdowne,-33.893676,150.976026,,,,occurrenceRemarks withheld,2009.0,10.0,8.0,,,locality withheld,locationRemarks withheld,,,NSW National Parks and Wildlife Service,HUMAN_OBSERVATION,,ODMP11031700,CB Council,ALA,2009,6,<1 m (6+ dp)
25462,Cirsium vulgare,2023-06-14T00:00:00,DPIE Data from Scientific Licences dataset,Not in a reserve,-33.95243,151.04037,,,introduced,occurrenceRemarks withheld,2023.0,6.0,14.0,Woodland,,locality withheld,locationRemarks withheld,,,NSW National Parks and Wildlife Service,HUMAN_OBSERVATION,,OSHD13030401,CB Council,ALA,2023,5,≈1–10 m (5 dp)
7724,Acacia baileyana,2020-04-24T12:06:00,iNaturalist research-grade observations,Maluga Passive Pk,-33.894683,151.016311,,,,,2020.0,4.0,24.0,,,,,Thomas Mesaglio,2021-09-03T10:50:08Z,,HUMAN_OBSERVATION,,Thomas Mesaglio,CB Council,iNaturalist,2020,6,<1 m (6+ dp)
23671,Angophora costata,2018-04-16T00:00:00,DPIE Data from Scientific Licences dataset,Not in a reserve,-33.9269,151.147854,,,,occurrenceRemarks withheld,2018.0,4.0,16.0,,,locality withheld,locationRemarks withheld,,,NSW National Parks and Wildlife Service,HUMAN_OBSERVATION,,OPJGI0002201,CB Council,ALA,2018,6,<1 m (6+ dp)
37751,Deyeuxia quadriseta,2004-05-01T12:00:00,The Crest-Appendix,Carysfield,-33.902185,150.998468,,,,,2004,5,1,,,,,,,,,,,CB Council,Prototype,2004,6,<1 m (6+ dp)
10637,Acianthus exsertus,2024-05-02T13:10:31,iNaturalist observations,Not in a reserve,-33.973698,151.003256,,,,,2024.0,5.0,2.0,,,,,,,,HUMAN_OBSERVATION,,Lisa,CB Council,iNaturalist,2024,6,<1 m (6+ dp)
9488,Oxalis latifolia,2023-02-18T11:23:22,iNaturalist research-grade observations,Not in a reserve,-33.912612,151.044868,,,,Found amongst a lawn close to midday on a hot day. I know these as Fishtail Oxalis.,2023.0,2.0,18.0,,,,,danceswithplants,2023-02-18T16:04:02Z,,HUMAN_OBSERVATION,,danceswithplants,CB Council,iNaturalist,2023,6,<1 m (6+ dp)
38992,Glycine clandestina,2004-05-01T12:00:00,EastHills Flora&Fauna Apndx5 POM,Smith Park,-33.958369,150.990262,,,,,2004,5,1,,,,,,,,,,,CB Council,Prototype,2004,6,<1 m (6+ dp)
39414,Hibiscus heterophyllus,2004-05-01T12:00:00,Deepwater Flora&Fauna Apndx5 POM,Deepwater,-33.949066,150.976607,,,,,2004,5,1,,,,,,,,,,,CB Council,Prototype,2004,6,<1 m (6+ dp)
1636,Acacia pubescens,2009-10-22T00:00:00,DPIE Data from Scientific Licences dataset,Lansdowne,-33.892565,150.97589,,,,occurrenceRemarks withheld,2009.0,10.0,22.0,,,locality withheld,locationRemarks withheld,,,NSW National Parks and Wildlife Service,HUMAN_OBSERVATION,,ODMP11031700,CB Council,ALA,2009,6,<1 m (6+ dp)
2759,Paspalidium distans,2019-01-16T00:00:00,DPIE Data from Scientific Licences dataset,Lansdowne,-33.893548,150.97815,,,,occurrenceRemarks withheld,2019.0,1.0,16.0,,,locality withheld,locationRemarks withheld,,,NSW National Parks and Wildlife Service,HUMAN_OBSERVATION,,OIXR15070200,CB Council,ALA,2019,6,<1 m (6+ dp)
30431,Acacia falcata,2018-05-23T00:00:00,DPIE Data from Scientific Licences dataset,Ashford Reserve,-33.929542,150.984621,,,,occurrenceRemarks withheld,2018.0,5.0,23.0,,,locality withheld,locationRemarks withheld,,,NSW National Parks and Wildlife Service,HUMAN_OBSERVATION,,OIXR15013005,CB Council,ALA,2018,6,<1 m (6+ dp)
28947,Acacia pubescens,2009-08-25T00:00:00,DPIE Data from Scientific Licences dataset,Not in a reserve,-33.953637,150.986347,,,,occurrenceRemarks withheld,2009.0,8.0,25.0,,,locality withheld,locationRemarks withheld,,,NSW National Parks and Wildlife Service,HUMAN_OBSERVATION,,ODMP11031700,CB Council,ALA,2009,6,<1 m (6+ dp)
32513,Microlaena stipoides,2013-04-17T00:00:00,DPIE Data from Scientific Licences dataset,Not in a reserve,-33.93623,151.11514,,,,occurrenceRemarks withheld,2013.0,4.0,17.0,Open forest,,locality withheld,locationRemarks withheld,,,NSW National Parks and Wildlife Service,HUMAN_OBSERVATION,,ODMP10061700,CB Council,ALA,2013,5,≈1–10 m (5 dp)
30795,Cassinia sifton,2015-09-15T00:00:00,DPIE Default Sightings,Not in a reserve,-33.890332,151.055229,,,,occurrenceRemarks withheld,2015.0,9.0,15.0,,,locality withheld,locationRemarks withheld,,,NSW Dept of Planning and Environment,HUMAN_OBSERVATION,,OIXR15081800,CB Council,ALA,2015,6,<1 m (6+ dp)
28572,Araujia sericifera,2018-05-18T00:00:00,DPIE Data from Scientific Licences dataset,Not in a reserve,-33.933291,150.97841,,,introduced,occurrenceRemarks withheld,2018.0,5.0,18.0,,,locality withheld,locationRemarks withheld,,,NSW National Parks and Wildlife Service,HUMAN_OBSERVATION,,OJJS19102800,CB Council,ALA,2018,6,<1 m (6+ dp)
30581,Paspalum dilatatum,2017-03-02T00:00:00,DPIE Data from Scientific Licences dataset,Not in a reserve,-33.979368,151.015177,,,introduced,occurrenceRemarks withheld,2017.0,3.0,2.0,,,locality withheld,locationRemarks withheld,,,NSW National Parks and Wildlife Service,HUMAN_OBSERVATION,,OJJS18031302,CB Council,ALA,2017,6,<1 m (6+ dp)
26732,Commelina cyanea,2023-03-20T00:00:00,DPIE Data from Scientific Licences dataset,Not in a reserve,-33.940454,150.995817,,,,occurrenceRemarks withheld,2023.0,3.0,20.0,,,locality withheld,locationRemarks withheld,,,NSW National Parks and Wildlife Service,HUMAN_OBSERVATION,,ODFK24022802,CB Council,ALA,2023,6,<1 m (6+ dp)
39770,Juncus usitatus,2004-05-01T12:00:00,Lansdowne area Flora&Fauna Appndx6 POM,Lansdowne,-33.896245,150.978391,,,,,2004,5,1,,,,,,,,,,,CB Council,Prototype,2004,6,<1 m (6+ dp)
33457,Pittosporum undulatum,2010-03-22T00:00:00,DPIE Data from Scientific Licences dataset,Not in a reserve,-33.926466,151.144215,,,,occurrenceRemarks withheld,2010.0,3.0,22.0,,,locality withheld,locationRemarks withheld,,,NSW National Parks and Wildlife Service,HUMAN_OBSERVATION,,OPJGI0002201,CB Council,ALA,2010,6,<1 m (6+ dp)
41606,Phyllanthus gunnii,2004-05-01T12:00:00,The Crest-Appendix,Bellevue,-33.910871,150.998776,,,,,2004,5,1,,,,,,,,,,,CB Council,Prototype,2004,6,<1 m (6+ dp)
24947,Acacia pubescens,2009-08-25T00:00:00,DPIE Data from Scientific Licences dataset,Not in a reserve,-33.953609,150.986337,,,,occurrenceRemarks withheld,2009.0,8.0,25.0,,,locality withheld,locationRemarks withheld,,,NSW National Parks and Wildlife Service,HUMAN_OBSERVATION,,ODMP11031700,CB Council,ALA,2009,6,<1 m (6+ dp)
30472,Goodenia bellidifolia,2010-12-14T00:00:00,NP_GEORGES Vegetation Survey,Not in a reserve,-33.97447,151.007351,,,,occurrenceRemarks withheld,2010.0,12.0,14.0,,Floristic Data,locality withheld,locationRemarks withheld,,,NSW Dept of Planning and Environment,HUMAN_OBSERVATION,,ODMP99111100;VEG-NICR,CB Council,ALA,2010,6,<1 m (6+ dp)
1761,Dianella longifolia var. longifolia,1999-06-28T00:00:00,GEORGES Vegetation Survey,Lansdowne,-33.902277,150.978906,,,,occurrenceRemarks withheld,1999.0,6.0,28.0,,Floristic Data,locality withheld,locationRemarks withheld,,,NSW Dept of Planning and Environment,HUMAN_OBSERVATION,,OVLU99062101;OSLS05031800,CB Council,ALA,1999,6,<1 m (6+ dp)
2090,Acacia pubescens,2009-09-17T00:00:00,DPIE Data from Scientific Licences dataset,Lansdowne,-33.893274,150.977322,,,,occurrenceRemarks withheld,2009.0,9.0,17.0,,,locality withheld,locationRemarks withheld,,,NSW National Parks and Wildlife Service,HUMAN_OBSERVATION,,ODMP11031700,CB Council,ALA,2009,6,<1 m (6+ dp)
10174,Lantana camara,2023-06-12T13:30:00,iNaturalist research-grade observations,Not in a reserve,-33.971269,151.032707,,flowers,,,2023.0,6.0,12.0,,,,,Bradley W. Jones,2023-06-12T06:50:19Z,,HUMAN_OBSERVATION,,Bradley W. Jones,CB Council,iNaturalist,2023,6,<1 m (6+ dp)
20339,Kennedia rubicunda,2016-06-22T00:00:00,DPIE Data from Scientific Licences dataset,Not in a reserve,-33.92206,151.069548,,,,occurrenceRemarks withheld,2016.0,6.0,,,,locality withheld,locationRemarks withheld,,,NSW National Parks and Wildlife Service,HUMAN_OBSERVATION,,OJJS10042000;OIXR13081400,CB Council,ALA,2016,6,<1 m (6+ dp)
23906,Dillwynia sieberi,2015-09-23T00:00:00,DPIE Data from Scientific Licences dataset,Not in a reserve,-33.909722,150.988611,,,,occurrenceRemarks withheld,2015.0,9.0,23.0,,,locality withheld,locationRemarks withheld,,,NSW National Parks and Wildlife Service,HUMAN_OBSERVATION,,OIXR15122200;OIXR15122202,CB Council,ALA,2015,6,<1 m (6+ dp)
22802,Acacia pubescens,2009-09-08T00:00:00,DPIE Data from Scientific Licences dataset,Carysfield,-33.902105,150.997378,,,,occurrenceRemarks withheld,2009.0,9.0,8.0,,,locality withheld,locationRemarks withheld,,,NSW National Parks and Wildlife Service,HUMAN_OBSERVATION,,ODMP11031700,CB Council,ALA,2009,6,<1 m (6+ dp)
2975,Acacia pubescens,2010-01-15T00:00:00,DPIE Data from Scientific Licences dataset,Lansdowne,-33.892861,150.974705,,,,occurrenceRemarks withheld,2010.0,1.0,15.0,,,locality withheld,locationRemarks withheld,,,NSW National Parks and Wildlife Service,HUMAN_OBSERVATION,,ODMP11031700,CB Council,ALA,2010,6,<1 m (6+ dp)
22314,Eucalyptus robusta,2015-11-23T00:00:00,DPIE Data from Scientific Licences dataset,Not in a reserve,-33.945433,150.983143,,,,occurrenceRemarks withheld,2015.0,11.0,,,,locality withheld,locationRemarks withheld,,,NSW National Parks and Wildlife Service,HUMAN_OBSERVATION,,ODMP09120203,CB Council,ALA,2015,6,<1 m (6+ dp)
34484,Burchardia umbellata,2022-11-18T00:00:00,DPIE Data from Scientific Licences dataset,Not in a reserve,-33.973697,151.005009,,FR Fresh Fruit,,occurrenceRemarks withheld,2022.0,11.0,18.0,,,locality withheld,locationRemarks withheld,,,NSW National Parks and Wildlife Service,HUMAN_OBSERVATION,,OLJH97031100,CB Council,ALA,2022,6,<1 m (6+ dp)
9297,Tillandsia usneoides,2020-04-16T08:58:47,iNaturalist research-grade observations,Not in a reserve,-33.918317,151.098451,,,,Growing on cultivated Tristania. Many old plants,2020.0,4.0,16.0,,,,,Russell Barrett,2020-04-15T23:00:59Z,,HUMAN_OBSERVATION,,Russell Barrett,CB Council,iNaturalist,2020,6,<1 m (6+ dp)
29430,Lagerstroemia indica,2022-03-21T00:00:00,DPIE Data from Scientific Licences dataset,Not in a reserve,-33.912606,151.034377,,,introduced,occurrenceRemarks withheld,2022.0,3.0,,,,locality withheld,locationRemarks withheld,,,NSW National Parks and Wildlife Service,HUMAN_OBSERVATION,,OJAL01071800,CB Council,ALA,2022,6,<1 m (6+ dp)
20538,Acacia pubescens,2009-09-15T00:00:00,DPIE Data from Scientific Licences dataset,Norfolk Reserve,-33.893779,151.062569,,,,occurrenceRemarks withheld,2009.0,9.0,15.0,,,locality withheld,locationRemarks withheld,,,NSW National Parks and Wildlife Service,HUMAN_OBSERVATION,,ODMP11031700,CB Council,ALA,2009,6,<1 m (6+ dp)
6775,Gomphrena celosioides,2022-04-18T12:22:00,iNaturalist observations,Not in a reserve,-33.885639,151.013178,,,,,2022.0,4.0,18.0,,,,,,,,HUMAN_OBSERVATION,,Thomas Mesaglio,CB Council,iNaturalist,2022,6,<1 m (6+ dp)
10615,Dockrillia linguiformis,2024-05-25T11:24:07,iNaturalist research-grade observations,Not in a reserve,-33.930222,151.133091,,,,,2024.0,5.0,25.0,,,,,Nina,2024-05-25T23:02:45Z,,HUMAN_OBSERVATION,,Nina,CB Council,iNaturalist,2024,6,<1 m (6+ dp)
5156,Commelina diffusa,2024-10-23T12:00:00,BAM241023_095103,Lansdowne,-33.89297001,150.9768421,200.0,,"Alive in NSW, Native",,2024.0,10.0,23.0,,Florist Data,Lansdowne Reserve,BAM data and floristic data from two monitoring plots collected in 2029,,2024-10-23T12:00:00Z,,human observation,,BLM,CB Council,ALA,2024,8,<1 m (6+ dp)
30428,Watsonia meriana,2021-05-27T00:00:00,DPIE Data from Scientific Licences dataset,Deepwater,-33.946339,150.979163,,,introduced,occurrenceRemarks withheld,2021.0,5.0,27.0,,,locality withheld,locationRemarks withheld,,,NSW National Parks and Wildlife Service,HUMAN_OBSERVATION,,OMFZ23032802,CB Council,ALA,2021,6,<1 m (6+ dp)
25338,Passiflora suberosa,1999-06-23T00:00:00,GEORGES Vegetation Survey,Deepwater,-33.94661,150.974342,,,introduced,occurrenceRemarks withheld,1999.0,6.0,23.0,,Floristic Data,locality withheld,locationRemarks withheld,,,NSW Dept of Planning and Environment,HUMAN_OBSERVATION,,OVLU99062101;OSLS05031800,CB Council,ALA,1999,6,<1 m (6+ dp)
3657,Daviesia ulicifolia,2014-11-06T00:00:00,GC-offsets Vegetation Survey,Lansdowne,-33.894044,150.974255,,,,occurrenceRemarks withheld,2014.0,11.0,6.0,,Floristic Data,locality withheld,locationRemarks withheld,,,NSW Dept of Planning and Environment,HUMAN_OBSERVATION,,UNKN,CB Council,ALA,2014,6,<1 m (6+ dp)
19646,Dichelachne micrantha,1999-02-11T00:00:00,DPIE Data from Scientific Licences dataset,Carysfield,-33.900784,150.997609,,,,occurrenceRemarks withheld,1999.0,2.0,11.0,,,locality withheld,locationRemarks withheld,,,NSW National Parks and Wildlife Service,HUMAN_OBSERVATION,,OPJGI0002327,CB Council,ALA,1999,6,<1 m (6+ dp)
6866,Indigofera australis,2022-06-17T11:42:44,iNaturalist research-grade observations,Not in a reserve,-33.896738,151.027056,,,,,2022.0,6.0,17.0,,,,,regregolin,2022-06-17T01:43:20Z,,HUMAN_OBSERVATION,,regregolin,CB Council,iNaturalist,2022,6,<1 m (6+ dp)
29125,Chloris gayana,2019-06-06T00:00:00,DPIE Data from Scientific Licences dataset,Not in a reserve,-33.887291,151.047838,,,introduced,occurrenceRemarks withheld,2019.0,6.0,6.0,,,locality withheld,locationRemarks withheld,,,NSW National Parks and Wildlife Service,HUMAN_OBSERVATION,,OPUR19032102,CB Council,ALA,2019,6,<1 m (6+ dp)
29453,Carex appressa,2012-07-26T00:00:00,Freshwater Vegetation Survey,Not in a reserve,-33.890805,151.045552,,,,occurrenceRemarks withheld,2012.0,7.0,26.0,,Floristic Data,locality withheld,locationRemarks withheld,,,Narla Environmental Pty Ltd,HUMAN_OBSERVATION,,OSLS05020700,CB Council,ALA,2012,6,<1 m (6+ dp)
42675,Suaeda australis,2004-05-01T12:00:00,Deepwater Flora&Fauna Apndx5 POM,Deepwater,-33.949066,150.976607,,,,,2004,5,1,,,,,,,,,,,CB Council,Prototype,2004,6,<1 m (6+ dp)
25375,Commersonia dasyphylla,1999-02-15T00:00:00,WESTSYD Vegetation Survey,Norfolk Reserve,-33.893483,151.062912,,,,occurrenceRemarks withheld,1999.0,2.0,15.0,,Floristic Data,locality withheld,locationRemarks withheld,,,NSW Dept of Planning and Environment,HUMAN_OBSERVATION,,OJKP98040900;OVLU99062101,CB Council,ALA,1999,6,<1 m (6+ dp)
30301,Ageratina adenophora,2013-12-17T00:00:00,DPIE Data from Scientific Licences dataset,Not in a reserve,-33.888269,151.029949,,,introduced,occurrenceRemarks withheld,2013.0,12.0,17.0,,,locality withheld,locationRemarks withheld,,,NSW National Parks and Wildlife Service,HUMAN_OBSERVATION,,OPJGI0001401,CB Council,ALA,2013,6,<1 m (6+ dp)
5709,Actinotus helianthi,2021-10-04T15:09:00,iNaturalist research-grade observations,Salt Pan Reserve,-33.95985,151.040058,,flowers|flower buds,,,2021.0,10.0,4.0,,,,,Eamonn Culhane,2021-10-05T06:55:51Z,,HUMAN_OBSERVATION,,Eamonn Culhane,CB Council,iNaturalist,2021,6,<1 m (6+ dp)
8311,Persoonia levis,2022-06-27T13:22:00,iNaturalist research-grade observations,Not in a reserve,-33.97129,151.02896,,no flowers or fruits,,,2022.0,6.0,27.0,,,,,Bradley W. Jones,2022-06-27T08:14:12Z,,HUMAN_OBSERVATION,,Bradley W. Jones,CB Council,iNaturalist,2022,5,≈1–10 m (5 dp)
3233,Acacia pubescens,2009-10-08T00:00:00,DPIE Data from Scientific Licences dataset,Lansdowne,-33.893714,150.976685,,,,occurrenceRemarks withheld,2009.0,10.0,8.0,,,locality withheld,locationRemarks withheld,,,NSW National Parks and Wildlife Service,HUMAN_OBSERVATION,,ODMP11031700,CB Council,ALA,2009,6,<1 m (6+ dp)
35546,Acianthus fornicatus,2004-05-01T12:00:00,Salt Pan Creek Flora&Fauna Apndx4 POM,Salt Pan Reserve,-33.946515,151.039711,,,,,2004,5,1,,,,,,,,,,,CB Council,Prototype,2004,6,<1 m (6+ dp)
7174,Bidens pilosa,2024-06-14T14:06:00,iNaturalist research-grade observations,Not in a reserve,-33.898606,151.043164,,,,,2024.0,6.0,14.0,,,,,julianeribeiro,2024-07-24T10:36:12Z,,HUMAN_OBSERVATION,,julianeribeiro,CB Council,iNaturalist,2024,6,<1 m (6+ dp)
27658,Microlaena stipoides,2022-11-04T00:00:00,DPIE Data from Scientific Licences dataset,Not in a reserve,-33.877828,150.988911,,,,occurrenceRemarks withheld,2022.0,11.0,4.0,,,locality withheld,locationRemarks withheld,,,NSW National Parks and Wildlife Service,HUMAN_OBSERVATION,,OMFZ23032802,CB Council,ALA,2022,6,<1 m (6+ dp)
22152,Melaleuca diosmatifolia,1998-12-21T00:00:00,WESTSYD Vegetation Survey,Louisa,-33.904658,151.000478,,,,occurrenceRemarks withheld,1998.0,12.0,21.0,,Floristic Data,locality withheld,locationRemarks withheld,,,NSW Dept of Planning and Environment,HUMAN_OBSERVATION,,OPXE97062300;OVLU99062101,CB Council,ALA,1998,6,<1 m (6+ dp)
27497,Breynia oblongifolia,2018-01-25T00:00:00,DPIE Data from Scientific Licences dataset,Not in a reserve,-33.874778,151.006314,,,,occurrenceRemarks withheld,2018.0,1.0,25.0,,,locality withheld,locationRemarks withheld,,,NSW National Parks and Wildlife Service,HUMAN_OBSERVATION,,OPUR17101700;OPUR17101701,CB Council,ALA,2018,6,<1 m (6+ dp)
38598,Eucalyptus longifolia,2004-05-01T12:00:00,The Crest-Appendix,Tucker,-33.906268,151.002871,,,,,2004,5,1,,,,,,,,,,,CB Council,Prototype,2004,6,<1 m (6+ dp)
27109,Acacia pubescens,2009-09-16T00:00:00,DPIE Data from Scientific Licences dataset,Salt Pan Reserve,-33.939278,151.039176,,,,occurrenceRemarks withheld,2009.0,9.0,16.0,,,locality withheld,locationRemarks withheld,,,NSW National Parks and Wildlife Service,HUMAN_OBSERVATION,,ODMP11031700,CB Council,ALA,2009,6,<1 m (6+ dp)
25510,Galium aparine,2021-08-18T00:00:00,DPIE Data from Scientific Licences dataset,Kelso Creek,-33.951296,150.981672,,,introduced,occurrenceRemarks withheld,2021.0,8.0,18.0,,,locality withheld,locationRemarks withheld,,,NSW National Parks and Wildlife Service,HUMAN_OBSERVATION,,OJJS20102601,CB Council,ALA,2021,6,<1 m (6+ dp)
30899,Scutellaria racemosa,2011-04-13T00:00:00,DPIE Data from Scientific Licences dataset,Not in a reserve,-33.951399,150.974736,,,introduced,occurrenceRemarks withheld,2011.0,4.0,,,,locality withheld,locationRemarks withheld,,,NSW National Parks and Wildlife Service,HUMAN_OBSERVATION,,OEMM09100802;OEMM09100803;OJJS10080400;OIXR13062400,CB Council,ALA,2011,6,<1 m (6+ dp)
223,Rorippa nasturtium-aquaticum,2023-10-02T13:07:00,iNaturalist research-grade observations,Lansdowne,-33.900381,150.97905,,,,,2023.0,10.0,2.0,,,,,Thomas Mesaglio,2023-10-02T04:51:11Z,,HUMAN_OBSERVATION,,Thomas Mesaglio,CB Council,iNaturalist,2023,6,<1 m (6+ dp)
6248,Pomaderris ferruginea,2022-07-24T15:25:00,iNaturalist observations,Salt Pan Reserve,-33.958826,151.040609,,,,,2022.0,7.0,24.0,,,,,,,,HUMAN_OBSERVATION,,Bradley W. Jones,CB Council,iNaturalist,2022,6,<1 m (6+ dp)
42695,Syncarpia glomulifera,2004-05-01T12:00:00,Birrong Sefton Flora&Fauna Apndx3 POM,Band Hall Reserve,-33.896649,151.019718,,,,,2004,5,1,,,,,,,,,,,CB Council,Prototype,2004,6,<1 m (6+ dp)
27872,Acacia parramattensis,2004-05-01T12:00:00,Adept Tracey Flood Ruse Flora&Fauna Apndx6 POM,Adept Lane Reserve,-33.930189,151.035261,,,,,2004,5,1,,,,,,,,,,,CB Council,Prototype,2004,6,<1 m (6+ dp)
32930,Asparagus aethiopicus,2012-04-21T00:00:00,DPIE Data from Scientific Licences dataset,Not in a reserve,-33.92639,151.14576,,,introduced,occurrenceRemarks withheld,2012.0,4.0,21.0,Open forest,,locality withheld,locationRemarks withheld,,,NSW National Parks and Wildlife Service,HUMAN_OBSERVATION,,ODMP10061700,CB Council,ALA,2012,5,≈1–10 m (5 dp)
11389,Leucopogon juniperinus,2023-05-19T14:12:10,iNaturalist research-grade observations,Not in a reserve,-33.91523,150.989849,,,,,2023.0,5.0,19.0,,,,,Shu Chen,2023-05-19T04:14:36Z,,HUMAN_OBSERVATION,,Shu Chen,CB Council,iNaturalist,2023,6,<1 m (6+ dp)
25456,Wahlenbergia multicaulis,1992-10-29T00:00:00,DPIE Default Sightings,Not in a reserve,-33.885885,151.052556,,,,occurrenceRemarks withheld,1992.0,10.0,29.0,,,locality withheld,locationRemarks withheld,,,NSW Dept of Planning and Environment,HUMAN_OBSERVATION,,OSMB97082200,CB Council,ALA,1992,6,<1 m (6+ dp)
1032,Acacia pubescens,2009-10-22T00:00:00,DPIE Data from Scientific Licences dataset,Lansdowne,-33.891994,150.975741,,,,occurrenceRemarks withheld,2009.0,10.0,22.0,,,locality withheld,locationRemarks withheld,,,NSW National Parks and Wildlife Service,HUMAN_OBSERVATION,,ODMP11031700,CB Council,ALA,2009,6,<1 m (6+ dp)
39360,Helichrysum brachycarpum,2004-05-01T12:00:00,Norfolk Flora&Fauna Apndx3 POM,Norfolk Reserve,-33.893604,151.062656,,,,,2004,5,1,,,,,,,,,,,CB Council,Prototype,2004,6,<1 m (6+ dp)
20304,Acacia pubescens,2009-08-18T00:00:00,DPIE Data from Scientific Licences dataset,Carysfield,-33.903614,151.000912,,,,occurrenceRemarks withheld,2009.0,8.0,18.0,,,locality withheld,locationRemarks withheld,,,NSW National Parks and Wildlife Service,HUMAN_OBSERVATION,,ODMP11031700,CB Council,ALA,2009,6,<1 m (6+ dp)
40317,Lomandra longifolia,2004-05-01T12:00:00,Southern Reserves Flora&Fauna Apndx4 POM,Picnic Point Reserve,-33.977563,150.996147,,,,,2004,5,1,,,,,,,,,,,CB Council,Prototype,2004,6,<1 m (6+ dp)
32017,Oxalis exilis,1999-05-05T00:00:00,GEORGES Vegetation Survey,Not in a reserve,-33.931641,151.038249,,,,occurrenceRemarks withheld,1999.0,5.0,5.0,,Floristic Data,locality withheld,locationRemarks withheld,,,NSW Dept of Planning and Environment,HUMAN_OBSERVATION,,OVLU99062101;OSLS05031800,CB Council,ALA,1999,6,<1 m (6+ dp)
30326,Acacia pubescens,2009-08-21T00:00:00,DPIE Data from Scientific Licences dataset,Deepwater,-33.94917,150.98062,,,,occurrenceRemarks withheld,2009.0,8.0,21.0,,,locality withheld,locationRemarks withheld,,,NSW National Parks and Wildlife Service,HUMAN_OBSERVATION,,ODMP11031700,CB Council,ALA,2009,5,≈1–10 m (5 dp)
3371,Acacia decurrens,2018-05-23T00:00:00,DPIE Data from Scientific Licences dataset,Lansdowne,-33.89111,150.970745,,,,occurrenceRemarks withheld,2018.0,5.0,23.0,,,locality withheld,locationRemarks withheld,,,NSW National Parks and Wildlife Service,HUMAN_OBSERVATION,,OIXR15013005,CB Council,ALA,2018,6,<1 m (6+ dp)
28086,Bromus catharticus,2004-11-23T00:00:00,DPIE Data from Scientific Licences dataset,Not in a reserve,-33.891122,151.041625,,,introduced,occurrenceRemarks withheld,2004.0,11.0,23.0,,,locality withheld,locationRemarks withheld,,,NSW National Parks and Wildlife Service,HUMAN_OBSERVATION,,OSYK01020901,CB Council,ALA,2004,6,<1 m (6+ dp)
25081,Pomaderris ferruginea,2018-03-23T00:00:00,DPIE Data from Scientific Licences dataset,Not in a reserve,-33.971806,151.033806,,,,occurrenceRemarks withheld,2018.0,3.0,23.0,,,locality withheld,locationRemarks withheld,,,NSW National Parks and Wildlife Service,PRESERVED_SPECIMEN,,OJJS19073004,CB Council,ALA,2018,6,<1 m (6+ dp)
30164,Acacia pubescens,2009-09-15T00:00:00,DPIE Data from Scientific Licences dataset,Norfolk Reserve,-33.893834,151.062643,,,,occurrenceRemarks withheld,2009.0,9.0,15.0,,,locality withheld,locationRemarks withheld,,,NSW National Parks and Wildlife Service,HUMAN_OBSERVATION,,ODMP11031700,CB Council,ALA,2009,6,<1 m (6+ dp)
7899,Avicennia marina,2024-12-10T13:23:11,iNaturalist research-grade observations,Picnic Point Reserve,-33.974905,150.999175,,,,,2024.0,12.0,10.0,,,,,Michael Mahoney,2024-12-10T04:56:24Z,,HUMAN_OBSERVATION,,Michael Mahoney,CB Council,iNaturalist,2024,6,<1 m (6+ dp)
9254,Phoenix canariensis,2023-07-24T15:05:44,iNaturalist observations,Not in a reserve,-33.89608,151.025748,,,,,2023.0,7.0,24.0,,,,,,,,HUMAN_OBSERVATION,,Shu Chen,CB Council,iNaturalist,2023,6,<1 m (6+ dp)
21485,Scutellaria humilis,2010-11-15T00:00:00,DPIE Default Sightings,Deepwater,-33.95,150.978,,,,occurrenceRemarks withheld,2010.0,11.0,15.0,,,locality withheld,locationRemarks withheld,,,NSW Dept of Planning and Environment,HUMAN_OBSERVATION,,ODMP11031700,CB Council,ALA,2010,3,≈100–1000 m (3 dp)
2795,Acacia pubescens,2009-09-18T00:00:00,DPIE Data from Scientific Licences dataset,Lansdowne,-33.893376,150.976985,,,,occurrenceRemarks withheld,2009.0,9.0,18.0,,,locality withheld,locationRemarks withheld,,,NSW National Parks and Wildlife Service,HUMAN_OBSERVATION,,ODMP11031700,CB Council,ALA,2009,6,<1 m (6+ dp)
41121,Opercularia varia,2004-05-01T12:00:00,Salt Pan Creek Flora&Fauna Apndx4 POM,Salt Pan Reserve,-33.946515,151.039711,,,,,2004,5,1,,,,,,,,,,,CB Council,Prototype,2004,6,<1 m (6+ dp)
21022,Lambertia formosa,2011-02-17T00:00:00,NP_GEORGES Vegetation Survey,Not in a reserve,-33.979289,151.007574,,,,occurrenceRemarks withheld,2011.0,2.0,17.0,,Floristic Data,locality withheld,locationRemarks withheld,,,NSW Dept of Planning and Environment,HUMAN_OBSERVATION,,OJSS00112900;VEG-NICR,CB Council,ALA,2011,6,<1 m (6+ dp)
9116,Stenanthera pinifolia,2022-06-18T14:00:00,iNaturalist research-grade observations,Not in a reserve,-33.97848,151.017825,,,,,2022.0,6.0,18.0,,,,,Philip Rae,2022-06-18T09:09:21Z,,HUMAN_OBSERVATION,,Philip Rae,CB Council,iNaturalist,2022,6,<1 m (6+ dp)
35326,Eucalyptus parramattensis,2007-12-07T00:00:00,DPIE Data from Scientific Licences dataset,Not in a reserve,-33.921721,150.997022,,,,occurrenceRemarks withheld,2007.0,12.0,7.0,,,locality withheld,locationRemarks withheld,,,NSW National Parks and Wildlife Service,HUMAN_OBSERVATION,,ODMP08080501,CB Council,ALA,2007,6,<1 m (6+ dp)
28759,Dichondra repens,2010-06-10T00:00:00,DPIE Data from Scientific Licences dataset,Not in a reserve,-33.974305,150.999675,,,,occurrenceRemarks withheld,2010.0,6.0,10.0,,,locality withheld,locationRemarks withheld,,,NSW National Parks and Wildlife Service,HUMAN_OBSERVATION,,OPJGI0002094,CB Council,ALA,2010,6,<1 m (6+ dp)
1008,Acacia pubescens,2009-09-18T00:00:00,DPIE Data from Scientific Licences dataset,Lansdowne,-33.893331,150.976986,,,,occurrenceRemarks withheld,2009.0,9.0,18.0,,,locality withheld,locationRemarks withheld,,,NSW National Parks and Wildlife Service,HUMAN_OBSERVATION,,ODMP11031700,CB Council,ALA,2009,6,<1 m (6+ dp)
6135,Dillwynia retorta,2022-07-29T14:22:00,iNaturalist observations,Not in a reserve,-33.97477,151.030481,,flowers|flower buds,,,2022.0,7.0,29.0,,,,,,,,HUMAN_OBSERVATION,,Bradley W. Jones,CB Council,iNaturalist,2022,6,<1 m (6+ dp)
34479,Einadia nutans,2009-03-05T00:00:00,BANKS_VEG Vegetation Survey,Not in a reserve,-33.901091,150.986621,,,,occurrenceRemarks withheld,2009.0,3.0,5.0,,Floristic Data,locality withheld,locationRemarks withheld,,,Bankstown City Council,HUMAN_OBSERVATION,,OJJS07082200;ODMP09101600,CB Council,ALA,2009,6,<1 m (6+ dp)
37204,Clematis aristata,2004-05-01T12:00:00,Salt Pan Creek Flora&Fauna Apndx4 POM,Alma Reserve,-33.963313,151.038039,,,,,2004,5,1,,,,,,,,,,,CB Council,Prototype,2004,6,<1 m (6+ dp)
29262,Hypochaeris radicata,2008-01-17T00:00:00,DPIE Data from Scientific Licences dataset,Kentucky Reserve,-33.928156,150.979715,,,introduced,occurrenceRemarks withheld,2008.0,1.0,17.0,,,locality withheld,locationRemarks withheld,,,NSW National Parks and Wildlife Service,HUMAN_OBSERVATION,,OJJS07082200,CB Council,ALA,2008,6,<1 m (6+ dp)
41678,Pittosporum revolutum,2004-05-01T12:00:00,Southern Reserves Flora&Fauna Apndx4 POM,Dilke Reserve,-33.972867,151.035019,,,,,2004,5,1,,,,,,,,,,,CB Council,Prototype,2004,6,<1 m (6+ dp)
43152,Xanthosia pilosa,2004-05-01T12:00:00,Southern Reserves Flora&Fauna Apndx4 POM,Churchill Reserve,-33.969913,151.028269,,,,,2004,5,1,,,,,,,,,,,CB Council,Prototype,2004,6,<1 m (6+ dp)
28501,Dichelachne micrantha,1999-02-15T00:00:00,DPIE Data from Scientific Licences dataset,Not in a reserve,-33.903692,151.095678,,,,occurrenceRemarks withheld,1999.0,2.0,15.0,,,locality withheld,locationRemarks withheld,,,NSW National Parks and Wildlife Service,HUMAN_OBSERVATION,,OJKP98040900,CB Council,ALA,1999,6,<1 m (6+ dp)
38217,Entolasia marginata,2004-05-01T12:00:00,Lansdowne area Flora&Fauna Appndx6 POM,Miram-Beena,-33.909351,150.975191,,,,,2004,5,1,,,,,,,,,,,CB Council,Prototype,2004,6,<1 m (6+ dp)
42456,Sida rhombifolia,2004-05-01T12:00:00,Revesby and Padstow reserves Flora&Fauna Apndx6 POM,Montgomery Reserve,-33.954794,151.020454,,,,,2004,5,1,,,,,,,,,,,CB Council,Prototype,2004,6,<1 m (6+ dp)
35836,Andropogon virginicus,2004-05-01T12:00:00,The Crest-Appendix,McLean,-33.904989,150.996089,,,,,2004,5,1,,,,,,,,,,,CB Council,Prototype,2004,6,<1 m (6+ dp)
31795,Paspalidium distans,2009-09-14T00:00:00,DPIE Default Sightings,Walshaw Park,-33.90252,151.00376,,,,occurrenceRemarks withheld,2009.0,9.0,14.0,,,locality withheld,locationRemarks withheld,,,NSW Dept of Planning and Environment,HUMAN_OBSERVATION,,OEMM09102201,CB Council,ALA,2009,5,≈1–10 m (5 dp)
20463,Acacia falcata,2008-11-24T00:00:00,DPIE Default Sightings,Deepwater,-33.95068,150.97987,,,,occurrenceRemarks withheld,2008.0,11.0,24.0,,,locality withheld,locationRemarks withheld,,,NSW Dept of Planning and Environment,HUMAN_OBSERVATION,,OEMM09102201,CB Council,ALA,2008,5,≈1–10 m (5 dp)
9775,Casuarina glauca,2023-03-21T14:01:00,iNaturalist observations,Not in a reserve,-33.917201,150.980724,,,,,2023.0,3.0,21.0,,,,,,,,HUMAN_OBSERVATION,,zoecarroll01,CB Council,iNaturalist,2023,6,<1 m (6+ dp)
2310,Casuarina glauca,2010-08-18T00:00:00,DPIE Default Sightings,Lansdowne,-33.896033,150.968563,,,,occurrenceRemarks withheld,2010.0,8.0,18.0,,,locality withheld,locationRemarks withheld,,,NSW Dept of Planning and Environment,HUMAN_OBSERVATION,,OADB09012301,CB Council,ALA,2010,6,<1 m (6+ dp)
39004,Glycine clandestina,2004-05-01T12:00:00,Bankstown Airport Reserves Flora&Fauna Apndx6 POM,Airport Reserve,-33.929014,150.985006,,,,,2004,5,1,,,,,,,,,,,CB Council,Prototype,2004,6,<1 m (6+ dp)
10725,Paspalum urvillei,2022-04-18T12:26:00,iNaturalist research-grade observations,Not in a reserve,-33.885709,151.013573,,,,,2022.0,4.0,18.0,,,,,Darren Fielder,2022-04-18T07:33:17Z,,HUMAN_OBSERVATION,,Thomas Mesaglio,CB Council,iNaturalist,2022,6,<1 m (6+ dp)
26821,Juncus usitatus,2014-09-05T00:00:00,DPIE Data from Scientific Licences dataset,Not in a reserve,-33.892993,151.045921,,,,occurrenceRemarks withheld,2014.0,9.0,5.0,,,locality withheld,locationRemarks withheld,,,NSW National Parks and Wildlife Service,HUMAN_OBSERVATION,,OIXR15011200,CB Council,ALA,2014,6,<1 m (6+ dp)
35257,Sporobolus fertilis,2007-02-27T00:00:00,METROCMA Vegetation Survey,Not in a reserve,-33.929191,151.128771,,,introduced,occurrenceRemarks withheld,2007.0,2.0,27.0,,Floristic Data,locality withheld,locationRemarks withheld,,,Sydney Metropolitan Catchment Management Authority,HUMAN_OBSERVATION,,OPXE97062300,CB Council,ALA,2007,6,<1 m (6+ dp)
10234,Cotula australis,2024-11-11T13:39:04,iNaturalist research-grade observations,Not in a reserve,-33.93551,150.974891,,,,,2024.0,11.0,11.0,,,,,Thomas Mesaglio,2024-11-11T03:26:21Z,,HUMAN_OBSERVATION,,Thomas Mesaglio,CB Council,iNaturalist,2024,6,<1 m (6+ dp)
36318,Azolla pinnata,2004-05-01T12:00:00,Lansdowne area Flora&Fauna Appndx6 POM,Lansdowne,-33.896245,150.978391,,,,,2004,5,1,,,,,,,,,,,CB Council,Prototype,2004,6,<1 m (6+ dp)
34868,Asparagus aethiopicus,2010-02-17T00:00:00,NP_GEORGES Vegetation Survey,Not in a reserve,-33.971963,151.012334,,,introduced,occurrenceRemarks withheld,2010.0,2.0,17.0,,Floristic Data,locality withheld,locationRemarks withheld,,,NSW Dept of Planning and Environment,HUMAN_OBSERVATION,,OJSS00112900;VEG-NICR,CB Council,ALA,2010,6,<1 m (6+ dp)
20245,Cynodon dactylon,2020-11-16T00:00:00,DPIE Data from Scientific Licences dataset,Not in a reserve,-33.97008,151.044137,,,,occurrenceRemarks withheld,2020.0,11.0,16.0,,,locality withheld,locationRemarks withheld,,,NSW National Parks and Wildlife Service,HUMAN_OBSERVATION,,OPJG19101404,CB Council,ALA,2020,6,<1 m (6+ dp)
30419,Avena fatua,2018-01-25T00:00:00,DPIE Data from Scientific Licences dataset,Not in a reserve,-33.874778,151.006314,,,introduced,occurrenceRemarks withheld,2018.0,1.0,25.0,,,locality withheld,locationRemarks withheld,,,NSW National Parks and Wildlife Service,HUMAN_OBSERVATION,,OPUR17101700;OPUR17101701,CB Council,ALA,2018,6,<1 m (6+ dp)
42419,Setaria spp.,2004-05-01T12:00:00,Birrong Sefton Flora&Fauna Apndx3 POM,Jenson Pk,-33.883502,151.01767,,,,,2004,5,1,,,,,,,,,,,CB Council,Prototype,2004,6,<1 m (6+ dp)
3807,Acacia pubescens,2009-10-22T00:00:00,DPIE Data from Scientific Licences dataset,Lansdowne,-33.892619,150.97591,,,,occurrenceRemarks withheld,2009.0,10.0,22.0,,,locality withheld,locationRemarks withheld,,,NSW National Parks and Wildlife Service,HUMAN_OBSERVATION,,ODMP11031700,CB Council,ALA,2009,6,<1 m (6+ dp)
23059,Acacia pubescens,2009-08-18T00:00:00,DPIE Data from Scientific Licences dataset,Carysfield,-33.902956,150.997067,,,,occurrenceRemarks withheld,2009.0,8.0,18.0,,,locality withheld,locationRemarks withheld,,,NSW National Parks and Wildlife Service,HUMAN_OBSERVATION,,ODMP11031700,CB Council,ALA,2009,6,<1 m (6+ dp)
28632,Billardiera scandens,2008-04-28T00:00:00,DPIE Data from Scientific Licences dataset,Carysfield,-33.902161,150.998009,,,,occurrenceRemarks withheld,2008.0,4.0,,,,locality withheld,locationRemarks withheld,,,NSW National Parks and Wildlife Service,HUMAN_OBSERVATION,,OJJS07082200,CB Council,ALA,2008,6,<1 m (6+ dp)
26174,Acacia pubescens,2009-12-10T00:00:00,DPIE Data from Scientific Licences dataset,Norfolk Reserve,-33.892753,151.062689,,,,occurrenceRemarks withheld,2009.0,12.0,10.0,,,locality withheld,locationRemarks withheld,,,NSW National Parks and Wildlife Service,HUMAN_OBSERVATION,,ODMP11031700,CB Council,ALA,2009,6,<1 m (6+ dp)
19969,Anredera cordifolia,2019-10-08T00:00:00,DPIE Data from Scientific Licences dataset,Not in a reserve,-33.927245,151.142363,,,introduced,occurrenceRemarks withheld,2019.0,10.0,8.0,,,locality withheld,locationRemarks withheld,,,NSW National Parks and Wildlife Service,HUMAN_OBSERVATION,,OIXR13081400;OIXR14091000,CB Council,ALA,2019,6,<1 m (6+ dp)
11050,Eucalyptus pilularis,2024-04-28T09:47:17,iNaturalist observations,Not in a reserve,-33.977814,150.997738,,,,,2024.0,4.0,28.0,,,,,,,,HUMAN_OBSERVATION,,isie,CB Council,iNaturalist,2024,6,<1 m (6+ dp)
7650,Bursaria spinosa,2022-08-19T15:25:45,iNaturalist research-grade observations,Not in a reserve,-33.930119,151.128406,,,,,2022.0,8.0,19.0,,,,,Cal McKinley,2022-08-19T05:28:20Z,,HUMAN_OBSERVATION,,Cal McKinley,CB Council,iNaturalist,2022,6,<1 m (6+ dp)
29690,Lonicera japonica,2001-12-21T00:00:00,DPIE Default Sightings,Lambeth Reserve,-33.972098,150.995917,,,introduced,occurrenceRemarks withheld,2001.0,12.0,21.0,,,locality withheld,locationRemarks withheld,,,NSW Dept of Planning and Environment,HUMAN_OBSERVATION,,OPXE96052900;OSGH99040700,CB Council,ALA,2001,6,<1 m (6+ dp)
5889,Pterostylis concinna,2024-06-25T14:01:44,iNaturalist research-grade observations,Not in a reserve,-33.928933,151.135011,,,,,2024.0,6.0,25.0,,,,,Kerry Allen,2024-06-27T22:47:28Z,,HUMAN_OBSERVATION,,toonatown,CB Council,iNaturalist,2024,6,<1 m (6+ dp)
35809,Lysimachia arvensis,2004-05-01T12:00:00,Adept Tracey Flood Ruse Flora&Fauna Apndx6 POM,Flood Reserve,-33.935995,151.021996,,,,,2004,5,1,,,,,,,,,,,CB Council,Prototype,2004,6,<1 m (6+ dp)
6299,Syncarpia glomulifera,2021-06-17T14:05:00,iNaturalist research-grade observations,Not in a reserve,-33.931931,151.121976,,,,,2021.0,6.0,17.0,,,,,lostinthebush,2021-06-17T12:49:43Z,,HUMAN_OBSERVATION,,lostinthebush,CB Council,iNaturalist,2021,6,<1 m (6+ dp)
7352,Wahlenbergia gracilis,2024-11-16T11:10:01,iNaturalist observations,Lansdowne,-33.894247,150.974809,,flowers,,,2024.0,11.0,16.0,,,,,,,,HUMAN_OBSERVATION,,Bronwyn,CB Council,iNaturalist,2024,6,<1 m (6+ dp)
21616,Lantana camara,2015-11-23T00:00:00,DPIE Data from Scientific Licences dataset,Not in a reserve,-33.944646,150.990702,,,introduced,occurrenceRemarks withheld,2015.0,11.0,,,,locality withheld,locationRemarks withheld,,,NSW National Parks and Wildlife Service,HUMAN_OBSERVATION,,ODMP09120203,CB Council,ALA,2015,6,<1 m (6+ dp)
22786,Eucalyptus fibrosa,2021-06-02T00:00:00,DPIE Data from Scientific Licences dataset,Not in a reserve,-33.877207,150.989496,,,,occurrenceRemarks withheld,2021.0,6.0,2.0,Open woodland,,locality withheld,locationRemarks withheld,,,NSW National Parks and Wildlife Service,HUMAN_OBSERVATION,,OPUR14092500,CB Council,ALA,2021,6,<1 m (6+ dp)
21114,Acacia pubescens,2009-08-18T00:00:00,DPIE Data from Scientific Licences dataset,Carysfield,-33.90349,150.998308,,,,occurrenceRemarks withheld,2009.0,8.0,18.0,,,locality withheld,locationRemarks withheld,,,NSW National Parks and Wildlife Service,HUMAN_OBSERVATION,,ODMP11031700,CB Council,ALA,2009,6,<1 m (6+ dp)
36682,Caesia parviflora var vittata,2004-05-01T12:00:00,Southern Reserves Flora&Fauna Apndx4 POM,Lambeth Reserve,-33.971772,150.996708,,,,,2004,5,1,,,,,,,,,,,CB Council,Prototype,2004,6,<1 m (6+ dp)
36520,Brassica sp.,2004-05-01T12:00:00,Southern Reserves Flora&Fauna Apndx4 POM,Cox Reserve,-33.969139,151.021958,,,,,2004,5,1,,,,,,,,,,,CB Council,Prototype,2004,6,<1 m (6+ dp)
30938,Bossiaea heterophylla,2009-05-28T00:00:00,BANKS_VEG Vegetation Survey,Not in a reserve,-33.973447,151.038284,,,,occurrenceRemarks withheld,2009.0,5.0,28.0,,Floristic Data,locality withheld,locationRemarks withheld,,,Bankstown City Council,HUMAN_OBSERVATION,,OJJS07082200;ODMP09101600,CB Council,ALA,2009,6,<1 m (6+ dp)
7290,Stachys arvensis,2022-09-09T12:55:00,iNaturalist research-grade observations,Not in a reserve,-33.897422,151.026322,,,,,2022.0,9.0,9.0,,,,,Thomas Mesaglio,2022-09-09T06:05:10Z,,HUMAN_OBSERVATION,,Thomas Mesaglio,CB Council,iNaturalist,2022,6,<1 m (6+ dp)
30574,Phragmites australis,2012-10-16T00:00:00,DPIE Data from Scientific Licences dataset,Not in a reserve,-33.89101,151.04623,,,,occurrenceRemarks withheld,2012.0,,,,,locality withheld,locationRemarks withheld,,,NSW National Parks and Wildlife Service,HUMAN_OBSERVATION,,OSLS05020700,CB Council,ALA,2012,5,≈1–10 m (5 dp)
40940,Notelaea ovata,2004-05-01T12:00:00,The Crest-Appendix,Bellevue,-33.910871,150.998776,,,,,2004,5,1,,,,,,,,,,,CB Council,Prototype,2004,6,<1 m (6+ dp)
34418,Hypochaeris radicata,2016-06-22T00:00:00,DPIE Data from Scientific Licences dataset,Not in a reserve,-33.924622,151.061751,,,introduced,occurrenceRemarks withheld,2016.0,6.0,,,,locality withheld,locationRemarks withheld,,,NSW National Parks and Wildlife Service,HUMAN_OBSERVATION,,OJJS10042000;OIXR13081400,CB Council,ALA,2016,6,<1 m (6+ dp)
10807,Persoonia levis,2021-10-22T14:05:00,iNaturalist research-grade observations,Salt Pan Reserve,-33.958359,151.041138,,fruits or seeds,,,2021.0,10.0,22.0,,,,,Thomas Mesaglio,2021-10-23T04:58:25Z,,HUMAN_OBSERVATION,,Thomas Mesaglio,CB Council,iNaturalist,2021,6,<1 m (6+ dp)
41260,Panicum effusum,2004-05-01T12:00:00,The Crest-Appendix,Crest,-33.908539,150.99598,,,,,2004,5,1,,,,,,,,,,,CB Council,Prototype,2004,6,<1 m (6+ dp)
40397,Lomatia silaifolia,2004-05-01T12:00:00,Salt Pan Creek Flora&Fauna Apndx4 POM,Alma Reserve,-33.963313,151.038039,,,,,2004,5,1,,,,,,,,,,,CB Council,Prototype,2004,6,<1 m (6+ dp)
3962,Clerodendrum tomentosum,2014-11-06T00:00:00,GC-offsets Vegetation Survey,Lansdowne,-33.892571,150.975165,,,,occurrenceRemarks withheld,2014.0,11.0,6.0,,Floristic Data,locality withheld,locationRemarks withheld,,,NSW Dept of Planning and Environment,HUMAN_OBSERVATION,,ORXM97042200,CB Council,ALA,2014,6,<1 m (6+ dp)
2002,Eucalyptus tereticornis,1999-06-28T00:00:00,GEORGES Vegetation Survey,Lansdowne,-33.902277,150.978906,,,,occurrenceRemarks withheld,1999.0,6.0,28.0,,Floristic Data,locality withheld,locationRemarks withheld,,,NSW Dept of Planning and Environment,HUMAN_OBSERVATION,,OVLU99062101;OSLS05031800,CB Council,ALA,1999,6,<1 m (6+ dp)
11013,Pomax umbellata,2023-06-22T11:22:30,iNaturalist research-grade observations,Not in a reserve,-33.928894,151.136439,,,,,2023.0,6.0,22.0,,,,,Georgia,2023-06-23T05:03:28Z,,HUMAN_OBSERVATION,,Georgia,CB Council,iNaturalist,2023,6,<1 m (6+ dp)
33821,Melaleuca linariifolia,2007-04-16T00:00:00,ACA Vegetation Survey,Deepwater,-33.948971,150.973462,,,,occurrenceRemarks withheld,2007.0,4.0,16.0,,Floristic Data,locality withheld,locationRemarks withheld,,,Anne Clements & Associates,HUMAN_OBSERVATION,,ODMP05122005;OEMM09100802;OPUR23021400,CB Council,ALA,2007,6,<1 m (6+ dp)
42158,Rubus ulmifolius,2004-05-01T12:00:00,Milperra area Flora&Fauna Apndx5 POM,Piper Reserve,-33.937765,150.972901,,,,,2004,5,1,,,,,,,,,,,CB Council,Prototype,2004,6,<1 m (6+ dp)
30653,Gahnia clarkei,2014-03-07T00:00:00,DPIE Data from Scientific Licences dataset,Not in a reserve,-33.936083,151.115367,,FR Fresh Fruit,,occurrenceRemarks withheld,2014.0,3.0,7.0,,,locality withheld,locationRemarks withheld,,,NSW National Parks and Wildlife Service,HUMAN_OBSERVATION,,OCAM11011800,CB Council,ALA,2014,6,<1 m (6+ dp)
42561,Sonchus oleraceus,2004-05-01T12:00:00,Bankstown Airport Reserves Flora&Fauna Apndx6 POM,Airport Reserve,-33.929014,150.985006,,,,,2004,5,1,,,,,,,,,,,CB Council,Prototype,2004,6,<1 m (6+ dp)
40472,Malus sp.,2004-05-01T12:00:00,The Crest-Appendix,Louisa,-33.905454,150.999701,,,,,2004,5,1,,,,,,,,,,,CB Council,Prototype,2004,6,<1 m (6+ dp)
22564,Tropaeolum majus,2001-12-21T00:00:00,DPIE Default Sightings,Lambeth Reserve,-33.972761,150.998401,,,introduced,occurrenceRemarks withheld,2001.0,12.0,21.0,,,locality withheld,locationRemarks withheld,,,NSW Dept of Planning and Environment,HUMAN_OBSERVATION,,OPXE96052900;OSGH99040700,CB Council,ALA,2001,6,<1 m (6+ dp)
26225,Tradescantia fluminensis,2011-04-13T00:00:00,ACA Vegetation Survey,Deepwater,-33.950033,150.976066,,,introduced,occurrenceRemarks withheld,2011.0,4.0,13.0,,Floristic Data,locality withheld,locationRemarks withheld,,,Anne Clements & Associates,HUMAN_OBSERVATION,,OEMM09100802;OEMM09100803;OJJS10080400;OIXR13100400,CB Council,ALA,2011,6,<1 m (6+ dp)
42795,Tradescantia fluminensis,2004-05-01T12:00:00,Deepwater Flora&Fauna Apndx5 POM,Deepwater,-33.949066,150.976607,,,,,2004,5,1,,,,,,,,,,,CB Council,Prototype,2004,6,<1 m (6+ dp)
23470,Ligustrum lucidum,2009-10-01T00:00:00,DPIE Data from Scientific Licences dataset,Not in a reserve,-33.966686,151.041687,,,introduced,occurrenceRemarks withheld,2009.0,10.0,1.0,,,locality withheld,locationRemarks withheld,,,NSW National Parks and Wildlife Service,HUMAN_OBSERVATION,,ODMP07040202,CB Council,ALA,2009,6,<1 m (6+ dp)
38999,Glycine clandestina,2004-05-01T12:00:00,Lansdowne area Flora&Fauna Appndx6 POM,Miram-Beena,-33.893451,150.970339,,,,,2004,5,1,,,,,,,,,,,CB Council,Prototype,2004,6,<1 m (6+ dp)
1212,Cryptandra spinescens,2008-11-21T00:00:00,DPIE Default Sightings,Lansdowne,-33.89269,150.97436,,,,occurrenceRemarks withheld,2008.0,11.0,21.0,,,locality withheld,locationRemarks withheld,,,NSW Dept of Planning and Environment,HUMAN_OBSERVATION,,OEMM09102201,CB Council,ALA,2008,5,≈1–10 m (5 dp)
5303,Dillwynia sieberi,2023-11-09T12:00:00,C-B Council Reserves plot survey data 2023_Western Sydney University ,Lansdowne,-33.8966359,150.9788917,20.0,,,,2023.0,11.0,9.0,,,,,,,,,,"M Franklin, J Bendall, D Bristol.",CB Council,ALA,2023,7,<1 m (6+ dp)
21918,Acacia pubescens,2009-09-14T00:00:00,DPIE Data from Scientific Licences dataset,Adept Lane Reserve,-33.931603,151.03681,,,,occurrenceRemarks withheld,2009.0,9.0,14.0,,,locality withheld,locationRemarks withheld,,,NSW National Parks and Wildlife Service,HUMAN_OBSERVATION,,ODMP11031700,CB Council,ALA,2009,6,<1 m (6+ dp)
41322,Paspalidium sp.,2004-05-01T12:00:00,The Crest-Appendix,Thornton,-33.907741,151.00142,,,,,2004,5,1,,,,,,,,,,,CB Council,Prototype,2004,6,<1 m (6+ dp)
42430,Sida rhombifolia,2004-05-01T12:00:00,Deepwater Flora&Fauna Apndx5 POM,Deepwater,-33.949066,150.976607,,,,,2004,5,1,,,,,,,,,,,CB Council,Prototype,2004,6,<1 m (6+ dp)
32329,Schoenus melanostachys,2019-11-08T00:00:00,DPIE Data from Scientific Licences dataset,Not in a reserve,-33.926667,151.141417,,FR Fresh Fruit,,occurrenceRemarks withheld,2019.0,11.0,8.0,,,locality withheld,locationRemarks withheld,,,NSW National Parks and Wildlife Service,HUMAN_OBSERVATION,,ODMP21012801,CB Council,ALA,2019,6,<1 m (6+ dp)
6980,Epacris pulchella,2022-05-02T12:50:00,iNaturalist observations,Not in a reserve,-33.974225,151.005936,,flowers,,,2022.0,5.0,2.0,,,,,,,,HUMAN_OBSERVATION,,Thomas Mesaglio,CB Council,iNaturalist,2022,6,<1 m (6+ dp)
22350,Plantago lanceolata,2014-09-05T00:00:00,DPIE Data from Scientific Licences dataset,Not in a reserve,-33.892993,151.045921,,,introduced,occurrenceRemarks withheld,2014.0,9.0,5.0,,,locality withheld,locationRemarks withheld,,,NSW National Parks and Wildlife Service,HUMAN_OBSERVATION,,OIXR15011200,CB Council,ALA,2014,6,<1 m (6+ dp)
9868,Ricinus communis,2021-10-22T12:14:00,iNaturalist research-grade observations,Not in a reserve,-33.942216,151.047175,,,,,2021.0,10.0,22.0,,,,,Thomas Mesaglio,2021-10-23T04:45:41Z,,HUMAN_OBSERVATION,,Thomas Mesaglio,CB Council,iNaturalist,2021,6,<1 m (6+ dp)
31069,Avicennia marina,2017-08-10T00:00:00,DPIE Data from Scientific Licences dataset,Not in a reserve,-33.903058,151.105969,,,,occurrenceRemarks withheld,2017.0,8.0,10.0,,,locality withheld,locationRemarks withheld,,,NSW National Parks and Wildlife Service,HUMAN_OBSERVATION,,OIXR13102801,CB Council,ALA,2017,6,<1 m (6+ dp)
9133,Cirsium vulgare,2020-08-03T14:57:39,iNaturalist observations,Not in a reserve,-33.88912,151.015944,,,,,2020.0,8.0,3.0,,,,,,,,HUMAN_OBSERVATION,,Thomas Mesaglio,CB Council,iNaturalist,2020,6,<1 m (6+ dp)
33700,Platysace ericoides,1999-04-15T00:00:00,GEORGES Vegetation Survey,Not in a reserve,-33.974555,151.029417,,,,occurrenceRemarks withheld,1999.0,4.0,15.0,,Floristic Data,locality withheld,locationRemarks withheld,,,NSW Dept of Planning and Environment,HUMAN_OBSERVATION,,OVLU99062101;OSLS05031800,CB Council,ALA,1999,6,<1 m (6+ dp)
36557,Chascolytrum subaristatum,2004-05-01T12:00:00,Walshaw Flora&Fauna Apndx4 POM,Walshaw Park,-33.901345,151.004631,,,,,2004,5,1,,,,,,,,,,,CB Council,Prototype,2004,6,<1 m (6+ dp)
1065,Acacia pubescens,2009-09-17T00:00:00,DPIE Data from Scientific Licences dataset,Lansdowne,-33.893507,150.977241,,,,occurrenceRemarks withheld,2009.0,9.0,17.0,,,locality withheld,locationRemarks withheld,,,NSW National Parks and Wildlife Service,HUMAN_OBSERVATION,,ODMP11031700,CB Council,ALA,2009,6,<1 m (6+ dp)
32925,Acacia terminalis,2004-05-01T12:00:00,Revesby and Padstow reserves Flora&Fauna Apndx6 POM,Richardson Reserve,-33.963555,151.027909,,,,,2004,5,1,,,,,,,,,,,CB Council,Prototype,2004,6,<1 m (6+ dp)
28547,Hypochaeris radicata,2020-03-06T00:00:00,DPIE Data from Scientific Licences dataset,Not in a reserve,-33.931799,150.978705,,,introduced,occurrenceRemarks withheld,2020.0,3.0,6.0,,,locality withheld,locationRemarks withheld,,,NSW National Parks and Wildlife Service,HUMAN_OBSERVATION,,OLUC19010800,CB Council,ALA,2020,6,<1 m (6+ dp)
23090,Acacia pubescens,2009-08-11T00:00:00,DPIE Data from Scientific Licences dataset,Walshaw Park,-33.902283,151.003376,,,,occurrenceRemarks withheld,2009.0,8.0,11.0,,,locality withheld,locationRemarks withheld,,,NSW National Parks and Wildlife Service,HUMAN_OBSERVATION,,ODMP11031700,CB Council,ALA,2009,6,<1 m (6+ dp)
38922,Gahnia aspera,2004-05-01T12:00:00,Bankstown Airport Reserves Flora&Fauna Apndx6 POM,Airport Reserve,-33.929014,150.985006,,,,,2004,5,1,,,,,,,,,,,CB Council,Prototype,2004,6,<1 m (6+ dp)
21053,Eucalyptus grandis,2015-09-08T00:00:00,DPIE Data from Scientific Licences dataset,East Hills Park,-33.964295,150.982435,,,,occurrenceRemarks withheld,2015.0,9.0,8.0,,,locality withheld,locationRemarks withheld,,,NSW National Parks and Wildlife Service,HUMAN_OBSERVATION,,OJJS12110500,CB Council,ALA,2015,6,<1 m (6+ dp)
21561,Casuarina cunninghamiana,2011-04-13T00:00:00,ACA Vegetation Survey,Deepwater,-33.950045,150.973523,,,,occurrenceRemarks withheld,2011.0,4.0,13.0,,Floristic Data,locality withheld,locationRemarks withheld,,,Anne Clements & Associates,HUMAN_OBSERVATION,,OEMM09100802;OEMM09100803;OJJS10080400;OIXR13100400,CB Council,ALA,2011,6,<1 m (6+ dp)
19414,Cynodon dactylon,2016-06-22T00:00:00,DPIE Data from Scientific Licences dataset,Not in a reserve,-33.92206,151.069548,,,,occurrenceRemarks withheld,2016.0,6.0,,,,locality withheld,locationRemarks withheld,,,NSW National Parks and Wildlife Service,HUMAN_OBSERVATION,,OJJS10042000;OIXR13081400,CB Council,ALA,2016,6,<1 m (6+ dp)
22453,Ehrharta erecta,2014-02-05T00:00:00,ACA Vegetation Survey,Deepwater,-33.94749,150.974969,,,introduced,occurrenceRemarks withheld,2014.0,2.0,5.0,,Floristic Data,locality withheld,locationRemarks withheld,,,Anne Clements & Associates,HUMAN_OBSERVATION,,OEMM09100802;OIXR13100400,CB Council,ALA,2014,6,<1 m (6+ dp)
23623,Trifolium campestre,2019-10-08T00:00:00,DPIE Data from Scientific Licences dataset,Not in a reserve,-33.92694,151.14242,,,introduced,occurrenceRemarks withheld,2019.0,10.0,8.0,,,locality withheld,locationRemarks withheld,,,NSW National Parks and Wildlife Service,HUMAN_OBSERVATION,,OIXR13081400;OIXR14091000,CB Council,ALA,2019,5,≈1–10 m (5 dp)
26522,Chloris virgata,2008-01-17T00:00:00,DPIE Data from Scientific Licences dataset,Kentucky Reserve,-33.928156,150.979715,,,introduced,occurrenceRemarks withheld,2008.0,1.0,17.0,,,locality withheld,locationRemarks withheld,,,NSW National Parks and Wildlife Service,HUMAN_OBSERVATION,,OJJS07082200,CB Council,ALA,2008,6,<1 m (6+ dp)
1988,Acacia pubescens,2020-05-29T00:00:00,DPIE Data from Scientific Licences dataset,Lansdowne,-33.891873,150.974391,,,,occurrenceRemarks withheld,2020.0,5.0,29.0,,,locality withheld,locationRemarks withheld,,,NSW National Parks and Wildlife Service,HUMAN_OBSERVATION,,OJJS16072001,CB Council,ALA,2020,6,<1 m (6+ dp)
3373,Acacia pubescens,2009-10-22T00:00:00,DPIE Data from Scientific Licences dataset,Lansdowne,-33.892732,150.976751,,,,occurrenceRemarks withheld,2009.0,10.0,22.0,,,locality withheld,locationRemarks withheld,,,NSW National Parks and Wildlife Service,HUMAN_OBSERVATION,,ODMP11031700,CB Council,ALA,2009,6,<1 m (6+ dp)
39850,Lagerstroemia indica,2004-05-01T12:00:00,Southern Reserves Flora&Fauna Apndx4 POM,Thomas Street Depot,-33.96590278,151.013035,,,,,2004,5,1,,,,,,,,,,,CB Council,Prototype,2004,8,<1 m (6+ dp)
27744,Leucopogon juniperinus,2011-04-13T00:00:00,ACA Vegetation Survey,Deepwater,-33.951875,150.979561,,,,occurrenceRemarks withheld,2011.0,4.0,13.0,,Floristic Data,locality withheld,locationRemarks withheld,,,Anne Clements & Associates,HUMAN_OBSERVATION,,OEMM09100802;OEMM09100803;OJJS10080400;OIXR13100400,CB Council,ALA,2011,6,<1 m (6+ dp)
21995,Chrysocephalum semipapposum,1999-02-15T00:00:00,DPIE Data from Scientific Licences dataset,Not in a reserve,-33.903692,151.095678,,,,occurrenceRemarks withheld,1999.0,2.0,15.0,,,locality withheld,locationRemarks withheld,,,NSW National Parks and Wildlife Service,HUMAN_OBSERVATION,,OJKP98040900,CB Council,ALA,1999,6,<1 m (6+ dp)
41309,Paspalidium distans,2004-05-01T12:00:00,Lansdowne area Flora&Fauna Appndx6 POM,Miram-Beena,-33.909351,150.975191,,,,,2004,5,1,,,,,,,,,,,CB Council,Prototype,2004,6,<1 m (6+ dp)
36101,Asparagus aethiopicus,2004-05-01T12:00:00,Lansdowne area Flora&Fauna Appndx6 POM,Miram-Beena,-33.909351,150.975191,,,,,2004,5,1,,,,,,,,,,,CB Council,Prototype,2004,6,<1 m (6+ dp)
5216,Acacia parramattensis,2024-10-23T12:00:00,BAM241023_095103,Lansdowne,-33.89297001,150.9768421,5.0,,"Alive in NSW, Native",,2024.0,10.0,23.0,,Florist Data,Lansdowne Reserve,BAM data and floristic data from two monitoring plots collected in 2089,,2024-10-23T12:00:00Z,,human observation,,BLM,CB Council,ALA,2024,8,<1 m (6+ dp)
24139,Banksia oblongifolia,2010-12-14T00:00:00,NP_GEORGES Vegetation Survey,Not in a reserve,-33.97447,151.007351,,,,occurrenceRemarks withheld,2010.0,12.0,14.0,,Floristic Data,locality withheld,locationRemarks withheld,,,NSW Dept of Planning and Environment,HUMAN_OBSERVATION,,ODMP99111100;VEG-NICR,CB Council,ALA,2010,6,<1 m (6+ dp)
30133,Tradescantia fluminensis,2007-12-07T00:00:00,DPIE Data from Scientific Licences dataset,Not in a reserve,-33.921721,150.997022,,,introduced,occurrenceRemarks withheld,2007.0,12.0,7.0,,,locality withheld,locationRemarks withheld,,,NSW National Parks and Wildlife Service,HUMAN_OBSERVATION,,ODMP08080501,CB Council,ALA,2007,6,<1 m (6+ dp)
37508,Cynodon dactylon,2004-05-01T12:00:00,Birrong Sefton Flora&Fauna Apndx3 POM,Allder Pk,-33.890474,151.007849,,,,,2004,5,1,,,,,,,,,,,CB Council,Prototype,2004,6,<1 m (6+ dp)
7824,Avicennia marina,2024-04-28T14:33:08,iNaturalist research-grade observations,Salt Pan Reserve,-33.957872,151.041357,,,,,2024.0,4.0,28.0,,,,,jgb_,2024-04-28T04:33:52Z,,HUMAN_OBSERVATION,,jgb_,CB Council,iNaturalist,2024,6,<1 m (6+ dp)
25464,Acacia pubescens,2002-01-29T00:00:00,DPIE Default Sightings,Not in a reserve,-33.90915,151.041213,13.0,,,occurrenceRemarks withheld,2002.0,1.0,29.0,,,locality withheld,locationRemarks withheld,,,NSW Dept of Planning and Environment,HUMAN_OBSERVATION,,OSMB96120500,CB Council,ALA,2002,6,<1 m (6+ dp)
27124,Breynia oblongifolia,2022-11-18T00:00:00,DPIE Data from Scientific Licences dataset,Not in a reserve,-33.973697,151.005009,,FR Fresh Fruit,,occurrenceRemarks withheld,2022.0,11.0,18.0,,,locality withheld,locationRemarks withheld,,,NSW National Parks and Wildlife Service,PRESERVED_SPECIMEN,,OLJH97031100,CB Council,ALA,2022,6,<1 m (6+ dp)
4577,Leichhardtia viridiflora subsp. viridiflora,2020-05-29T00:00:00,DPIE Data from Scientific Licences dataset,Lansdowne,-33.893772,150.9752,,,,occurrenceRemarks withheld,2020.0,5.0,29.0,,,locality withheld,locationRemarks withheld,,,NSW National Parks and Wildlife Service,HUMAN_OBSERVATION,,OJJS16072001,CB Council,ALA,2020,6,<1 m (6+ dp)
36351,Banksia spinulosa,2004-05-01T12:00:00,Revesby and Padstow reserves Flora&Fauna Apndx6 POM,Richardson Reserve,-33.963555,151.027909,,,,,2004,5,1,,,,,,,,,,,CB Council,Prototype,2004,6,<1 m (6+ dp)
9836,Asparagus aethiopicus,2022-04-29T14:46:00,iNaturalist research-grade observations,Not in a reserve,-33.97415,151.03357,,no flowers or fruits,,,2022.0,4.0,29.0,,,,,Bradley W. Jones,2022-04-29T07:02:57Z,,HUMAN_OBSERVATION,,Bradley W. Jones,CB Council,iNaturalist,2022,5,≈1–10 m (5 dp)
29892,Dillwynia retorta,1999-04-21T00:00:00,GEORGES Vegetation Survey,Not in a reserve,-33.970898,151.026255,,,,occurrenceRemarks withheld,1999.0,4.0,21.0,,Floristic Data,locality withheld,locationRemarks withheld,,,NSW Dept of Planning and Environment,HUMAN_OBSERVATION,,OVLU99062101;OSLS05031800,CB Council,ALA,1999,6,<1 m (6+ dp)
40514,Melaleuca decora,2004-05-01T12:00:00,Lansdowne area Flora&Fauna Appndx6 POM,Lansdowne,-33.896245,150.978391,,,,,2004,5,1,,,,,,,,,,,CB Council,Prototype,2004,6,<1 m (6+ dp)
21875,Acacia pubescens,2009-08-18T00:00:00,DPIE Data from Scientific Licences dataset,Carysfield,-33.90317,150.997462,,,,occurrenceRemarks withheld,2009.0,8.0,18.0,,,locality withheld,locationRemarks withheld,,,NSW National Parks and Wildlife Service,HUMAN_OBSERVATION,,ODMP11031700,CB Council,ALA,2009,6,<1 m (6+ dp)
2324,Acacia pubescens,2009-10-08T00:00:00,DPIE Data from Scientific Licences dataset,Lansdowne,-33.893732,150.976122,,,,occurrenceRemarks withheld,2009.0,10.0,8.0,,,locality withheld,locationRemarks withheld,,,NSW National Parks and Wildlife Service,HUMAN_OBSERVATION,,ODMP11031700,CB Council,ALA,2009,6,<1 m (6+ dp)
21757,Acacia pubescens,2010-01-14T00:00:00,DPIE Data from Scientific Licences dataset,Louisa,-33.904593,151.000716,,,,occurrenceRemarks withheld,2010.0,1.0,14.0,,,locality withheld,locationRemarks withheld,,,NSW National Parks and Wildlife Service,HUMAN_OBSERVATION,,ODMP11031700,CB Council,ALA,2010,6,<1 m (6+ dp)
1130,Acacia pubescens,2009-09-17T00:00:00,DPIE Data from Scientific Licences dataset,Lansdowne,-33.892599,150.978484,,,,occurrenceRemarks withheld,2009.0,9.0,17.0,,,locality withheld,locationRemarks withheld,,,NSW National Parks and Wildlife Service,HUMAN_OBSERVATION,,ODMP11031700,CB Council,ALA,2009,6,<1 m (6+ dp)
19288,Acacia brownii,2004-05-01T12:00:00,EastHills Flora&Fauna Apndx5 POM,East Hills Park,-33.96446,150.982875,,,,,2004,5,1,,,,,,,,,,,CB Council,Prototype,2004,6,<1 m (6+ dp)
8307,Brassica fruticulosa,2021-10-22T11:20:00,iNaturalist observations,Not in a reserve,-33.94295,151.051072,,,,,2021.0,10.0,22.0,,,,,,,,HUMAN_OBSERVATION,,Thomas Mesaglio,CB Council,iNaturalist,2021,6,<1 m (6+ dp)
24621,Soliva sessilis,2011-04-13T00:00:00,ACA Vegetation Survey,Not in a reserve,-33.951235,150.975703,,,introduced,occurrenceRemarks withheld,2011.0,4.0,13.0,,Floristic Data,locality withheld,locationRemarks withheld,,,Anne Clements & Associates,HUMAN_OBSERVATION,,OEMM09100802;OEMM09100803;OJJS10080400;OIXR13100400,CB Council,ALA,2011,6,<1 m (6+ dp)
25349,Ipomoea indica,2009-10-26T00:00:00,DPIE Data from Scientific Licences dataset,Not in a reserve,-33.927625,151.139081,,,introduced,occurrenceRemarks withheld,2009.0,10.0,26.0,,,locality withheld,locationRemarks withheld,,,NSW National Parks and Wildlife Service,HUMAN_OBSERVATION,,OEXK99062500;OEMM09100803,CB Council,ALA,2009,6,<1 m (6+ dp)
39668,Jacaranda mimosifolia,2004-05-01T12:00:00,Milperra area Flora&Fauna Apndx5 POM,Newland Reserve,-33.938076,150.978967,,,,,2004,5,1,,,,,,,,,,,CB Council,Prototype,2004,6,<1 m (6+ dp)
9970,Sonchus oleraceus,2024-09-03T15:08:00,iNaturalist observations,Not in a reserve,-33.882365,151.014822,,,,,2024.0,9.0,3.0,,,,,,,,HUMAN_OBSERVATION,,jonathan_do,CB Council,iNaturalist,2024,6,<1 m (6+ dp)
1170,Themeda triandra,1998-12-21T00:00:00,WESTSYD Vegetation Survey,Lansdowne,-33.896626,150.977958,,,,occurrenceRemarks withheld,1998.0,12.0,21.0,,Floristic Data,locality withheld,locationRemarks withheld,,,NSW Dept of Planning and Environment,HUMAN_OBSERVATION,,OPXE97062300;OVLU99062101,CB Council,ALA,1998,6,<1 m (6+ dp)
20860,Syzygium smithii,2022-03-21T00:00:00,DPIE Data from Scientific Licences dataset,Not in a reserve,-33.912606,151.034377,,,,occurrenceRemarks withheld,2022.0,3.0,,,,locality withheld,locationRemarks withheld,,,NSW National Parks and Wildlife Service,HUMAN_OBSERVATION,,OJAL01071800,CB Council,ALA,2022,6,<1 m (6+ dp)
34948,Lobelia purpurascens,2011-11-11T00:00:00,DPIE Data from Scientific Licences dataset,Not in a reserve,-33.940296,150.971796,,,,occurrenceRemarks withheld,2011.0,11.0,11.0,,,locality withheld,locationRemarks withheld,,,NSW National Parks and Wildlife Service,HUMAN_OBSERVATION,,OEMM09100802;OIXR13062400,CB Council,ALA,2011,6,<1 m (6+ dp)
37845,Dianella revoluta,2004-05-01T12:00:00,Deepwater Flora&Fauna Apndx5 POM,Kelso Creek,-33.950301,150.984015,,,,,2004,5,1,,,,,,,,,,,CB Council,Prototype,2004,6,<1 m (6+ dp)
7016,Arctotheca calendula,2022-09-08T12:57:10,iNaturalist research-grade observations,Not in a reserve,-33.902298,151.093361,,,,Weed ID,2022.0,9.0,8.0,,,,,cassie_w,2022-09-08T07:13:42Z,,HUMAN_OBSERVATION,,cassie_w,CB Council,iNaturalist,2022,6,<1 m (6+ dp)
9223,Cenchrus clandestinus,2023-03-17T15:43:44,iNaturalist research-grade observations,Not in a reserve,-33.964428,151.001969,,,,,2023.0,3.0,17.0,,,,,James K. Douch,2023-03-17T06:20:43Z,,HUMAN_OBSERVATION,,James K. Douch,CB Council,iNaturalist,2023,6,<1 m (6+ dp)
11059,Angophora costata,2023-06-23T14:41:49,iNaturalist research-grade observations,Not in a reserve,-33.974775,151.025247,,,,,2023.0,6.0,23.0,,,,,Bradley W. Jones,2023-06-23T07:36Z,,HUMAN_OBSERVATION,,Bradley W. Jones,CB Council,iNaturalist,2023,6,<1 m (6+ dp)
21743,Bidens pilosa,2000-06-29T00:00:00,WESTSYD2 Vegetation Survey,Not in a reserve,-33.940003,151.08831,,,introduced,occurrenceRemarks withheld,2000.0,6.0,29.0,,Floristic Data,locality withheld,locationRemarks withheld,,,NSW Dept of Planning and Environment,HUMAN_OBSERVATION,,OPUR23081001,CB Council,ALA,2000,6,<1 m (6+ dp)
194,Trema tomentosa,2024-03-25T15:40:58,iNaturalist research-grade observations,Lansdowne,-33.898051,150.978595,,,,,2024.0,3.0,25.0,,,,,Nina,2024-03-26T06:32:15Z,,HUMAN_OBSERVATION,,Nina,CB Council,iNaturalist,2024,6,<1 m (6+ dp)
33357,Melaleuca nodosa,2016-09-08T00:00:00,Ecoplanning Vegetation Survey,Not in a reserve,-33.887778,151.052778,,,,occurrenceRemarks withheld,2016.0,9.0,8.0,,Floristic Data,locality withheld,locationRemarks withheld,,,Ecoplanning P/L,HUMAN_OBSERVATION,,OPUR16031000,CB Council,ALA,2016,6,<1 m (6+ dp)
31140,Callistemon salignus,2016-11-18T00:00:00,DPIE Data from Scientific Licences dataset,Not in a reserve,-33.963306,151.011361,,,,occurrenceRemarks withheld,2016.0,11.0,18.0,,,locality withheld,locationRemarks withheld,,,NSW National Parks and Wildlife Service,HUMAN_OBSERVATION,,ODMP17013000,CB Council,ALA,2016,6,<1 m (6+ dp)
22187,Ehrharta erecta,2007-07-03T00:00:00,DPIE Data from Scientific Licences dataset,Not in a reserve,-33.910303,150.988021,,,introduced,occurrenceRemarks withheld,2007.0,7.0,3.0,,,locality withheld,locationRemarks withheld,,,NSW National Parks and Wildlife Service,HUMAN_OBSERVATION,,ODMP08071402,CB Council,ALA,2007,6,<1 m (6+ dp)
23056,Hibbertia puberula,2019-05-20T00:00:00,DPIE Data from Scientific Licences dataset,Not in a reserve,-33.917026,150.978712,,,,occurrenceRemarks withheld,2019.0,5.0,20.0,,,locality withheld,locationRemarks withheld,,,NSW National Parks and Wildlife Service,HUMAN_OBSERVATION,,OPUR18091500;OICG19070400;OJJS20071501,CB Council,ALA,2019,6,<1 m (6+ dp)
24760,Cassytha pubescens,1999-02-15T00:00:00,DPIE Data from Scientific Licences dataset,Norfolk Reserve,-33.893488,151.062926,,,,occurrenceRemarks withheld,1999.0,2.0,15.0,,,locality withheld,locationRemarks withheld,,,NSW National Parks and Wildlife Service,HUMAN_OBSERVATION,,OJKP98040900,CB Council,ALA,1999,6,<1 m (6+ dp)
41912,Poranthera microphylla,2004-05-01T12:00:00,Lansdowne area Flora&Fauna Appndx6 POM,Miram-Beena,-33.909351,150.975191,,,,,2004,5,1,,,,,,,,,,,CB Council,Prototype,2004,6,<1 m (6+ dp)
39159,Grevillea robusta,2004-05-01T12:00:00,CondellPark Flora&Fauna Apndx4 POM,Marion Reserve,-33.914839,151.010151,,,,,2004,5,1,,,,,,,,,,,CB Council,Prototype,2004,6,<1 m (6+ dp)
36680,Caesia parviflora,2004-05-01T12:00:00,Southern Reserves Flora&Fauna Apndx4 POM,Picnic Point Reserve,-33.977563,150.996147,,,,,2004,5,1,,,,,,,,,,,CB Council,Prototype,2004,6,<1 m (6+ dp)
38484,Eucalyptus baueriana,2004-05-01T12:00:00,Milperra area Flora&Fauna Apndx5 POM,Auld Reserve,-33.931086,150.973056,,,,,2004,5,1,,,,,,,,,,,CB Council,Prototype,2004,6,<1 m (6+ dp)
11171,Dendrophthoe vitellina,2021-10-22T10:23:11,iNaturalist research-grade observations,Not in a reserve,-33.882213,151.010606,,,,On Callistemon viminalis,2021.0,10.0,22.0,,,,,Thomas Mesaglio,2021-10-21T23:26:17Z,,HUMAN_OBSERVATION,,Thomas Mesaglio,CB Council,iNaturalist,2021,6,<1 m (6+ dp)
27346,Aristida ramosa,2021-06-02T00:00:00,DPIE Data from Scientific Licences dataset,Not in a reserve,-33.877207,150.989496,,,,occurrenceRemarks withheld,2021.0,6.0,2.0,Open woodland,,locality withheld,locationRemarks withheld,,,NSW National Parks and Wildlife Service,HUMAN_OBSERVATION,,OPUR14092500,CB Council,ALA,2021,6,<1 m (6+ dp)
3532,Acacia pubescens,2009-09-17T00:00:00,DPIE Data from Scientific Licences dataset,Lansdowne,-33.893664,150.977486,,,,occurrenceRemarks withheld,2009.0,9.0,17.0,,,locality withheld,locationRemarks withheld,,,NSW National Parks and Wildlife Service,HUMAN_OBSERVATION,,ODMP11031700,CB Council,ALA,2009,6,<1 m (6+ dp)
5193,Urtica dioica,2024-10-23T12:00:00,BAM241023_095103,Lansdowne,-33.89297001,150.9768421,10.0,,Introduced,,2024.0,10.0,23.0,,Florist Data,Lansdowne Reserve,BAM data and floristic data from two monitoring plots collected in 2066,,2024-10-23T12:00:00Z,,human observation,,BLM,CB Council,ALA,2024,8,<1 m (6+ dp)
4892,Senecio madagascariensis,2014-11-06T00:00:00,GC-offsets Vegetation Survey,Lansdowne,-33.894044,150.974255,,,introduced,occurrenceRemarks withheld,2014.0,11.0,6.0,,Floristic Data,locality withheld,locationRemarks withheld,,,NSW Dept of Planning and Environment,HUMAN_OBSERVATION,,UNKN,CB Council,ALA,2014,6,<1 m (6+ dp)
30266,Passiflora morifolia,2014-02-05T00:00:00,ACA Vegetation Survey,Kelso Beach,-33.951841,150.981282,,,introduced,occurrenceRemarks withheld,2014.0,2.0,5.0,,Floristic Data,locality withheld,locationRemarks withheld,,,Anne Clements & Associates,HUMAN_OBSERVATION,,OEMM09100802;OIXR13100400,CB Council,ALA,2014,6,<1 m (6+ dp)
39996,Leptospermum petersonii,2004-05-01T12:00:00,Milperra area Flora&Fauna Apndx5 POM,Piper Reserve,-33.937765,150.972901,,,,,2004,5,1,,,,,,,,,,,CB Council,Prototype,2004,6,<1 m (6+ dp)
18,Artemisia verlotiorum,2023-11-26T14:14:00,iNaturalist research-grade observations,Lansdowne,-33.901321,150.974106,,,,,2023.0,11.0,26.0,,,,,Thomas Mesaglio,2023-11-26T08:59:34Z,,HUMAN_OBSERVATION,,Thomas Mesaglio,CB Council,iNaturalist,2023,6,<1 m (6+ dp)
30297,Acacia pubescens,2009-08-21T00:00:00,DPIE Data from Scientific Licences dataset,Deepwater,-33.948743,150.980436,,,,occurrenceRemarks withheld,2009.0,8.0,21.0,,,locality withheld,locationRemarks withheld,,,NSW National Parks and Wildlife Service,HUMAN_OBSERVATION,,ODMP11031700,CB Council,ALA,2009,6,<1 m (6+ dp)
23392,Persoonia levis,2022-11-18T00:00:00,DPIE Data from Scientific Licences dataset,Not in a reserve,-33.973697,151.005009,,FR Fresh Fruit,,occurrenceRemarks withheld,2022.0,11.0,18.0,,,locality withheld,locationRemarks withheld,,,NSW National Parks and Wildlife Service,HUMAN_OBSERVATION,,OLJH97031100,CB Council,ALA,2022,6,<1 m (6+ dp)
38107,Echinopogon ovatus,2004-05-01T12:00:00,Lansdowne area Flora&Fauna Appndx6 POM,Lansdowne,-33.896245,150.978391,,,,,2004,5,1,,,,,,,,,,,CB Council,Prototype,2004,6,<1 m (6+ dp)
25105,Corymbia maculata,2015-09-08T00:00:00,DPIE Data from Scientific Licences dataset,East Hills Park,-33.964295,150.982435,,,,occurrenceRemarks withheld,2015.0,9.0,8.0,,,locality withheld,locationRemarks withheld,,,NSW National Parks and Wildlife Service,HUMAN_OBSERVATION,,OJJS12110500,CB Council,ALA,2015,6,<1 m (6+ dp)
1444,Lomandra filiformis subsp. filiformis,1998-12-21T00:00:00,WESTSYD Vegetation Survey,Lansdowne,-33.896626,150.977958,,,,occurrenceRemarks withheld,1998.0,12.0,21.0,,Floristic Data,locality withheld,locationRemarks withheld,,,NSW Dept of Planning and Environment,HUMAN_OBSERVATION,,OPXE97062300;OVLU99062101,CB Council,ALA,1998,6,<1 m (6+ dp)
19843,Pelargonium asperum,2020-04-03T00:00:00,DPIE Data from Scientific Licences dataset,Not in a reserve,-33.977766,150.996904,,,introduced,occurrenceRemarks withheld,2020.0,4.0,3.0,,,locality withheld,locationRemarks withheld,,,NSW National Parks and Wildlife Service,HUMAN_OBSERVATION,,OJJS18050102;OJJS20082503,CB Council,ALA,2020,6,<1 m (6+ dp)
38080,Echinochloa crus-galli,2004-05-01T12:00:00,The Crest-Appendix,Louisa,-33.905454,150.999701,,,,,2004,5,1,,,,,,,,,,,CB Council,Prototype,2004,6,<1 m (6+ dp)
28033,Sonchus oleraceus,2008-05-29T00:00:00,DPIE Data from Scientific Licences dataset,Not in a reserve,-33.96926,151.044229,,,introduced,occurrenceRemarks withheld,2008.0,5.0,29.0,,,locality withheld,locationRemarks withheld,,,NSW National Parks and Wildlife Service,HUMAN_OBSERVATION,,OJJS07082200,CB Council,ALA,2008,6,<1 m (6+ dp)
34585,Acacia decurrens,2014-02-05T00:00:00,ACA Vegetation Survey,Deepwater,-33.947989,150.973529,,,,occurrenceRemarks withheld,2014.0,2.0,5.0,,Floristic Data,locality withheld,locationRemarks withheld,,,Anne Clements & Associates,HUMAN_OBSERVATION,,OEMM09100802;OIXR13100400,CB Council,ALA,2014,6,<1 m (6+ dp)
21327,Ligustrum sinense,2014-03-18T00:00:00,DPIE Data from Scientific Licences dataset,Not in a reserve,-33.93508,151.023087,,,introduced,occurrenceRemarks withheld,2014.0,3.0,18.0,,,locality withheld,locationRemarks withheld,,,NSW National Parks and Wildlife Service,HUMAN_OBSERVATION,,OIXR15011200,CB Council,ALA,2014,6,<1 m (6+ dp)
28260,Acacia pubescens,2009-09-08T00:00:00,DPIE Data from Scientific Licences dataset,Louisa,-33.905958,150.998153,,,,occurrenceRemarks withheld,2009.0,9.0,8.0,,,locality withheld,locationRemarks withheld,,,NSW National Parks and Wildlife Service,HUMAN_OBSERVATION,,ODMP11031700,CB Council,ALA,2009,6,<1 m (6+ dp)
23897,Avicennia marina,2017-08-30T00:00:00,DPIE Data from Scientific Licences dataset,Lambeth Reserve,-33.973212,150.998172,,,,occurrenceRemarks withheld,2017.0,8.0,30.0,,,locality withheld,locationRemarks withheld,,,NSW National Parks and Wildlife Service,HUMAN_OBSERVATION,,OPUR17101701;OJJS18050103,CB Council,ALA,2017,6,<1 m (6+ dp)
39626,Isolepis cernua,2004-05-01T12:00:00,Deepwater Flora&Fauna Apndx5 POM,Deepwater,-33.949066,150.976607,,,,,2004,5,1,,,,,,,,,,,CB Council,Prototype,2004,6,<1 m (6+ dp)
30209,Acacia suaveolens,2009-11-17T00:00:00,DPIE Default Sightings,Salt Pan Reserve,-33.96298,151.04025,,,,occurrenceRemarks withheld,2009.0,11.0,17.0,,,locality withheld,locationRemarks withheld,,,NSW Dept of Planning and Environment,HUMAN_OBSERVATION,,OEMM09102201,CB Council,ALA,2009,5,≈1–10 m (5 dp)
1706,Cymbopogon refractus,2020-05-04T00:00:00,DPIE Data from Scientific Licences dataset,Lansdowne,-33.892834,150.975904,,,,occurrenceRemarks withheld,2020.0,5.0,4.0,,,locality withheld,locationRemarks withheld,,,NSW National Parks and Wildlife Service,HUMAN_OBSERVATION,,OIXR15070200,CB Council,ALA,2020,6,<1 m (6+ dp)
33022,Anredera cordifolia,2009-12-11T00:00:00,DPIE Default Sightings,Not in a reserve,-33.940574,151.039579,,,introduced,occurrenceRemarks withheld,2009.0,12.0,11.0,,,locality withheld,locationRemarks withheld,,,NSW Dept of Planning and Environment,HUMAN_OBSERVATION,,OJJS15092900,CB Council,ALA,2009,6,<1 m (6+ dp)
4865,Daviesia ulicifolia,2018-05-23T00:00:00,DPIE Data from Scientific Licences dataset,Lansdowne,-33.897071,150.973545,,,,occurrenceRemarks withheld,2018.0,5.0,23.0,,,locality withheld,locationRemarks withheld,,,NSW National Parks and Wildlife Service,HUMAN_OBSERVATION,,OIXR15013005,CB Council,ALA,2018,6,<1 m (6+ dp)
21099,Banksia serrata,2008-11-26T00:00:00,DPIE Data from Scientific Licences dataset,Davies Road,-33.955611,151.040085,,,,occurrenceRemarks withheld,2008.0,11.0,26.0,,,locality withheld,locationRemarks withheld,,,NSW National Parks and Wildlife Service,HUMAN_OBSERVATION,,OJJS07082200,CB Council,ALA,2008,6,<1 m (6+ dp)
25704,Senecio hispidulus,2007-07-24T00:00:00,DTHOMAS2 Vegetation Survey,Not in a reserve,-33.930127,151.005778,,,,occurrenceRemarks withheld,2007.0,7.0,24.0,,Floristic Data,locality withheld,locationRemarks withheld,,,"David Thomas, 9 Miriam Road, Denistone",HUMAN_OBSERVATION,,OPUR23081001,CB Council,ALA,2007,6,<1 m (6+ dp)
27498,Hakea sericea,2014-02-05T00:00:00,DPIE Data from Scientific Licences dataset,Deepwater,-33.950022,150.975958,,,,occurrenceRemarks withheld,2014.0,2.0,5.0,Woodland,,locality withheld,locationRemarks withheld,,,NSW National Parks and Wildlife Service,HUMAN_OBSERVATION,,OEMM09100802;OIXR13062400,CB Council,ALA,2014,6,<1 m (6+ dp)
38127,Ehrharta erecta,2004-05-01T12:00:00,Lansdowne area Flora&Fauna Appndx6 POM,Amaroo,-33.908,150.982962,,,,,2004,5,1,,,,,,,,,,,CB Council,Prototype,2004,6,<1 m (6+ dp)
39548,Hypochoeris microcephala var. albiflora,2004-05-01T12:00:00,Birrong Sefton Flora&Fauna Apndx3 POM,Allder Pk,-33.890474,151.007849,,,,,2004,5,1,,,,,,,,,,,CB Council,Prototype,2004,6,<1 m (6+ dp)
25439,Eucalyptus crebra,2018-01-25T00:00:00,DPIE Data from Scientific Licences dataset,Not in a reserve,-33.874778,151.006314,,,,occurrenceRemarks withheld,2018.0,1.0,25.0,,,locality withheld,locationRemarks withheld,,,NSW National Parks and Wildlife Service,HUMAN_OBSERVATION,,OPUR17101700;OPUR17101701,CB Council,ALA,2018,6,<1 m (6+ dp)
36595,Brunoniella australis,2004-05-01T12:00:00,The Crest-Appendix,Bellevue,-33.910871,150.998776,,,,,2004,5,1,,,,,,,,,,,CB Council,Prototype,2004,6,<1 m (6+ dp)
31308,Lomandra longifolia,2014-02-05T00:00:00,ACA Vegetation Survey,Deepwater,-33.9473,150.97387,,,,occurrenceRemarks withheld,2014.0,2.0,5.0,,Floristic Data,locality withheld,locationRemarks withheld,,,Anne Clements & Associates,HUMAN_OBSERVATION,,OEMM09100802;OIXR13100400,CB Council,ALA,2014,5,≈1–10 m (5 dp)
37032,Cheilanthes sieberi subsp. sieberi,2004-05-01T12:00:00,Lansdowne area Flora&Fauna Appndx6 POM,Miram-Beena,-33.900525,150.97568,,,,,2004,5,1,,,,,,,,,,,CB Council,Prototype,2004,6,<1 m (6+ dp)
29032,Angophora costata,2014-12-18T00:00:00,DPIE Data from Scientific Licences dataset,Not in a reserve,-33.92883,151.135724,,FR Fresh Fruit,,occurrenceRemarks withheld,2014.0,12.0,18.0,,,locality withheld,locationRemarks withheld,,,NSW National Parks and Wildlife Service,HUMAN_OBSERVATION,,OCAM11011800,CB Council,ALA,2014,6,<1 m (6+ dp)
28228,Acacia pubescens,2009-08-18T00:00:00,DPIE Data from Scientific Licences dataset,Carysfield,-33.903772,150.99735,,,,occurrenceRemarks withheld,2009.0,8.0,18.0,,,locality withheld,locationRemarks withheld,,,NSW National Parks and Wildlife Service,HUMAN_OBSERVATION,,ODMP11031700,CB Council,ALA,2009,6,<1 m (6+ dp)
1427,Leichhardtia viridiflora subsp. viridiflora,2010-02-12T00:00:00,DPIE Data from Scientific Licences dataset,Lansdowne,-33.8939,150.974853,,,,occurrenceRemarks withheld,2010.0,2.0,12.0,,,locality withheld,locationRemarks withheld,,,NSW National Parks and Wildlife Service,HUMAN_OBSERVATION,,ODMP11031700,CB Council,ALA,2010,6,<1 m (6+ dp)
31160,Hibbertia puberula,2014-10-22T00:00:00,DPIE Default Sightings,Not in a reserve,-33.917018,150.978718,,"BU Flower Buds,FL Flowering,FR Fresh Fruit",,occurrenceRemarks withheld,2014.0,10.0,22.0,Tussock grassland,,locality withheld,locationRemarks withheld,,,NSW Dept of Planning and Environment,HUMAN_OBSERVATION,,ODMP99111100;OMHL07040300;NSWOBS-12658,CB Council,ALA,2014,6,<1 m (6+ dp)
38267,Entolasia stricta,2004-05-01T12:00:00,Southern Reserves Flora&Fauna Apndx4 POM,Little Salt Pan Creek Reserve,-33.96882,151.029014,,,,,2004,5,1,,,,,,,,,,,CB Council,Prototype,2004,6,<1 m (6+ dp)
31535,Pimelea spicata,2010-02-11T00:00:00,DPIE Data from Scientific Licences dataset,Bellevue,-33.911387,150.998189,,,,occurrenceRemarks withheld,2010.0,2.0,11.0,,,locality withheld,locationRemarks withheld,,,NSW National Parks and Wildlife Service,HUMAN_OBSERVATION,,ODMP11031700,CB Council,ALA,2010,6,<1 m (6+ dp)
4522,Acacia pubescens,1996-01-01T00:00:00,DPIE Default Sightings,Lansdowne,-33.892653,150.969146,,,,occurrenceRemarks withheld,1996.0,,,,,locality withheld,locationRemarks withheld,,,NSW Dept of Planning and Environment,HUMAN_OBSERVATION,,OSMB96120400,CB Council,ALA,1996,6,<1 m (6+ dp)
9092,Olearia microphylla,2023-08-15T13:58:58,iNaturalist research-grade observations,Not in a reserve,-33.978842,151.005598,,,,,2023.0,8.0,15.0,,,,,Neil Ross,2023-08-15T06:26:18Z,,HUMAN_OBSERVATION,,Neil Ross,CB Council,iNaturalist,2023,6,<1 m (6+ dp)
8007,Melinis repens,2023-11-26T09:34:00,iNaturalist research-grade observations,Not in a reserve,-33.882642,151.012086,,,,,2023.0,11.0,26.0,,,,,Thomas Mesaglio,2023-11-26T00:50:18Z,,HUMAN_OBSERVATION,,Thomas Mesaglio,CB Council,iNaturalist,2023,6,<1 m (6+ dp)
32446,Acacia ulicifolia,2010-12-14T00:00:00,NP_GEORGES Vegetation Survey,Not in a reserve,-33.976092,151.007833,,,,occurrenceRemarks withheld,2010.0,12.0,14.0,,Floristic Data,locality withheld,locationRemarks withheld,,,NSW Dept of Planning and Environment,HUMAN_OBSERVATION,,ODMP99111100;VEG-NICR,CB Council,ALA,2010,6,<1 m (6+ dp)
29562,Cynodon dactylon,2008-01-17T00:00:00,DPIE Data from Scientific Licences dataset,Kentucky Reserve,-33.928156,150.979715,,,,occurrenceRemarks withheld,2008.0,1.0,17.0,,,locality withheld,locationRemarks withheld,,,NSW National Parks and Wildlife Service,HUMAN_OBSERVATION,,OJJS07082200,CB Council,ALA,2008,6,<1 m (6+ dp)
30779,Gonocarpus tetragynus,2000-06-29T00:00:00,WESTSYD2 Vegetation Survey,Not in a reserve,-33.940003,151.08831,,,,occurrenceRemarks withheld,2000.0,6.0,29.0,,Floristic Data,locality withheld,locationRemarks withheld,,,NSW Dept of Planning and Environment,HUMAN_OBSERVATION,,OPUR23081001,CB Council,ALA,2000,6,<1 m (6+ dp)
26927,Acacia longifolia,2012-10-16T00:00:00,DPIE Data from Scientific Licences dataset,Not in a reserve,-33.889923,151.048336,,,,occurrenceRemarks withheld,2012.0,,,,,locality withheld,locationRemarks withheld,,,NSW National Parks and Wildlife Service,HUMAN_OBSERVATION,,OSLS05020700,CB Council,ALA,2012,6,<1 m (6+ dp)
24608,Bidens pilosa,2019-06-18T00:00:00,DPIE Data from Scientific Licences dataset,Not in a reserve,-33.892342,151.032942,,,introduced,occurrenceRemarks withheld,2019.0,,,,,locality withheld,locationRemarks withheld,,,NSW National Parks and Wildlife Service,HUMAN_OBSERVATION,,ODMP00113020,CB Council,ALA,2019,6,<1 m (6+ dp)
8394,Pomax umbellata,2024-09-29T13:36:06,iNaturalist research-grade observations,Not in a reserve,-33.978832,151.004715,,,,,2024.0,9.0,29.0,,,,,avid_dattenborough,2024-09-29T06:18:43Z,,HUMAN_OBSERVATION,,avid_dattenborough,CB Council,iNaturalist,2024,6,<1 m (6+ dp)
20140,Lolium perenne,2010-11-15T00:00:00,DPIE Default Sightings,Deepwater,-33.95,150.978,,,introduced,occurrenceRemarks withheld,2010.0,11.0,15.0,,,locality withheld,locationRemarks withheld,,,NSW Dept of Planning and Environment,HUMAN_OBSERVATION,,ODMP11031700,CB Council,ALA,2010,3,≈100–1000 m (3 dp)
43134,Xanthorrhoea media,2004-05-01T12:00:00,EastHills Flora&Fauna Apndx5 POM,Smith Park,-33.958369,150.990262,,,,,2004,5,1,,,,,,,,,,,CB Council,Prototype,2004,6,<1 m (6+ dp)
10264,Anredera cordifolia,2024-03-24T15:13:26,iNaturalist research-grade observations,Not in a reserve,-33.90865,151.130936,,,,,2024.0,3.0,24.0,,,,,laurelrf,2024-03-24T04:15:56Z,,HUMAN_OBSERVATION,,robyn_young,CB Council,iNaturalist,2024,6,<1 m (6+ dp)
8060,Bossiaea heterophylla,2023-07-11T15:23:00,iNaturalist research-grade observations,Not in a reserve,-33.976513,151.025085,,,,,2023.0,7.0,11.0,,,,,Thomas Mesaglio,2023-07-11T10:26:02Z,,HUMAN_OBSERVATION,,Thomas Mesaglio,CB Council,iNaturalist,2023,6,<1 m (6+ dp)
8438,Pultenaea villosa,2021-09-19T15:26:00,iNaturalist observations,Not in a reserve,-33.972603,151.028952,,flowers,,,2021.0,9.0,19.0,,,,,,,,HUMAN_OBSERVATION,,Eamonn Culhane,CB Council,iNaturalist,2021,6,<1 m (6+ dp)
19853,Galium aparine,2011-05-11T00:00:00,DPIE Data from Scientific Licences dataset,Not in a reserve,-33.944108,151.067477,,,introduced,occurrenceRemarks withheld,2011.0,5.0,11.0,,,locality withheld,locationRemarks withheld,,,NSW National Parks and Wildlife Service,HUMAN_OBSERVATION,,OIXR13121102,CB Council,ALA,2011,6,<1 m (6+ dp)
10900,Araujia sericifera,2020-08-03T16:19:03,iNaturalist research-grade observations,Maluga Passive Pk,-33.895942,151.015808,,,,,2020.0,8.0,3.0,,,,,Thomas Mesaglio,2020-08-03T08:29:45Z,,HUMAN_OBSERVATION,,Thomas Mesaglio,CB Council,iNaturalist,2020,6,<1 m (6+ dp)
28918,Cinnamomum camphora,2020-02-19T00:00:00,DPIE Data from Scientific Licences dataset,Not in a reserve,-33.904543,151.038029,,,introduced,occurrenceRemarks withheld,2020.0,2.0,19.0,,,locality withheld,locationRemarks withheld,,,NSW National Parks and Wildlife Service,HUMAN_OBSERVATION,,OPUR17042400,CB Council,ALA,2020,6,<1 m (6+ dp)
7937,Alphitonia excelsa,2025-02-11T13:22:15,iNaturalist research-grade observations,Miram-Beena,-33.909459,150.979847,,,,Also many more to the west of this tree,2025.0,2.0,11.0,,,,,Greg Potter,2025-02-11T02:23:46Z,,HUMAN_OBSERVATION,,Greg Potter,CB Council,iNaturalist,2025,6,<1 m (6+ dp)
26441,Acacia linifolia,2004-01-16T00:00:00,DPIE Data from Scientific Licences dataset,Not in a reserve,-33.910549,150.988188,,,,occurrenceRemarks withheld,2004.0,1.0,16.0,,,locality withheld,locationRemarks withheld,,,NSW National Parks and Wildlife Service,HUMAN_OBSERVATION,,ODMP04110301,CB Council,ALA,2004,6,<1 m (6+ dp)
40137,Lissanthe strigosa,2004-05-01T12:00:00,The Crest-Appendix,Louisa,-33.905454,150.999701,,,,,2004,5,1,,,,,,,,,,,CB Council,Prototype,2004,6,<1 m (6+ dp)
29919,Dillwynia retorta,2008-05-21T00:00:00,DPIE Data from Scientific Licences dataset,Not in a reserve,-33.980667,151.012818,,,,occurrenceRemarks withheld,2008.0,5.0,21.0,,,locality withheld,locationRemarks withheld,,,NSW National Parks and Wildlife Service,HUMAN_OBSERVATION,,ODMP09031902,CB Council,ALA,2008,6,<1 m (6+ dp)
6007,Gahnia aspera,2024-11-28T14:13:24,iNaturalist research-grade observations,Crest,-33.90878,150.992372,,,,,2024.0,11.0,28.0,,,,,bursar,2024-11-28T04:47:40Z,,HUMAN_OBSERVATION,,bursar,CB Council,iNaturalist,2024,6,<1 m (6+ dp)
27739,Bursaria spinosa,2008-11-26T00:00:00,DPIE Data from Scientific Licences dataset,Davies Road,-33.955611,151.040085,,,,occurrenceRemarks withheld,2008.0,11.0,26.0,,,locality withheld,locationRemarks withheld,,,NSW National Parks and Wildlife Service,HUMAN_OBSERVATION,,OJJS07082200,CB Council,ALA,2008,6,<1 m (6+ dp)
32115,Goodenia paniculata,1999-05-05T00:00:00,GEORGES Vegetation Survey,Not in a reserve,-33.931641,151.038249,,,,occurrenceRemarks withheld,1999.0,5.0,5.0,,Floristic Data,locality withheld,locationRemarks withheld,,,NSW Dept of Planning and Environment,HUMAN_OBSERVATION,,OVLU99062101;OSLS05031800,CB Council,ALA,1999,6,<1 m (6+ dp)
39713,Juncus continuus,2004-05-01T12:00:00,Lansdowne area Flora&Fauna Appndx6 POM,Lansdowne,-33.896245,150.978391,,,,,2004,5,1,,,,,,,,,,,CB Council,Prototype,2004,6,<1 m (6+ dp)
4632,Acacia pubescens,2009-09-17T00:00:00,DPIE Data from Scientific Licences dataset,Lansdowne,-33.893655,150.977486,,,,occurrenceRemarks withheld,2009.0,9.0,17.0,,,locality withheld,locationRemarks withheld,,,NSW National Parks and Wildlife Service,HUMAN_OBSERVATION,,ODMP11031700,CB Council,ALA,2009,6,<1 m (6+ dp)
4041,Acacia pubescens,2009-09-17T00:00:00,DPIE Data from Scientific Licences dataset,Lansdowne,-33.892597,150.978398,,,,occurrenceRemarks withheld,2009.0,9.0,17.0,,,locality withheld,locationRemarks withheld,,,NSW National Parks and Wildlife Service,HUMAN_OBSERVATION,,ODMP11031700,CB Council,ALA,2009,6,<1 m (6+ dp)
26710,Melaleuca decora,1999-05-05T00:00:00,GEORGES Vegetation Survey,Not in a reserve,-33.931641,151.038249,,,,occurrenceRemarks withheld,1999.0,5.0,5.0,,Floristic Data,locality withheld,locationRemarks withheld,,,NSW Dept of Planning and Environment,HUMAN_OBSERVATION,,OVLU99062101;OSLS05031800,CB Council,ALA,1999,6,<1 m (6+ dp)
8409,Billardiera scandens,2023-01-08T10:27:19,iNaturalist research-grade observations,Not in a reserve,-33.9297,151.134628,,,,,2023.0,1.0,8.0,,,,,pennywort_man,2023-01-08T08:07:42Z,,HUMAN_OBSERVATION,,Jan King,CB Council,iNaturalist,2023,6,<1 m (6+ dp)
7668,Hypochaeris radicata,2023-04-28T09:30:00,iNaturalist research-grade observations,Not in a reserve,-33.881993,151.009045,,,,,2023.0,4.0,28.0,,,,,Thomas Mesaglio,2023-04-28T06:31:02Z,,HUMAN_OBSERVATION,,Thomas Mesaglio,CB Council,iNaturalist,2023,6,<1 m (6+ dp)
22050,Melaleuca decora,2017-11-21T00:00:00,DPIE Data from Scientific Licences dataset,Not in a reserve,-33.877268,150.989959,,N  No Breeding Evident,,occurrenceRemarks withheld,2017.0,11.0,21.0,,,locality withheld,locationRemarks withheld,,,NSW National Parks and Wildlife Service,HUMAN_OBSERVATION,,OJJS17091303,CB Council,ALA,2017,6,<1 m (6+ dp)
992,Acacia pubescens,2009-09-18T00:00:00,DPIE Data from Scientific Licences dataset,Lansdowne,-33.893358,150.976985,,,,occurrenceRemarks withheld,2009.0,9.0,18.0,,,locality withheld,locationRemarks withheld,,,NSW National Parks and Wildlife Service,HUMAN_OBSERVATION,,ODMP11031700,CB Council,ALA,2009,6,<1 m (6+ dp)
33227,Acacia pubescens,2009-09-16T00:00:00,DPIE Data from Scientific Licences dataset,Salt Pan Reserve,-33.938148,151.040143,,,,occurrenceRemarks withheld,2009.0,9.0,16.0,,,locality withheld,locationRemarks withheld,,,NSW National Parks and Wildlife Service,HUMAN_OBSERVATION,,ODMP11031700,CB Council,ALA,2009,6,<1 m (6+ dp)
40393,Lomandra sp.,2004-05-01T12:00:00,CondellPark Flora&Fauna Apndx4 POM,Marion Reserve,-33.914839,151.010151,,,,,2004,5,1,,,,,,,,,,,CB Council,Prototype,2004,6,<1 m (6+ dp)
291,Exocarpos cupressiformis,2023-10-02T12:40:00,iNaturalist research-grade observations,Lansdowne,-33.901508,150.980164,,,,,2023.0,10.0,2.0,,,,,Thomas Mesaglio,2023-10-02T04:51:07Z,,HUMAN_OBSERVATION,,Thomas Mesaglio,CB Council,iNaturalist,2023,6,<1 m (6+ dp)
38978,Glochidion ferdinandi,2004-05-01T12:00:00,Southern Reserves Flora&Fauna Apndx4 POM,The River Reserve,-33.969546,151.016111,,,,,2004,5,1,,,,,,,,,,,CB Council,Prototype,2004,6,<1 m (6+ dp)
22839,Eucalyptus punctata,2022-03-21T00:00:00,DPIE Data from Scientific Licences dataset,Not in a reserve,-33.912606,151.034377,,,,occurrenceRemarks withheld,2022.0,3.0,,,,locality withheld,locationRemarks withheld,,,NSW National Parks and Wildlife Service,HUMAN_OBSERVATION,,OJAL01071800,CB Council,ALA,2022,6,<1 m (6+ dp)
35111,Bromus catharticus,2011-04-13T00:00:00,ACA Vegetation Survey,Not in a reserve,-33.951235,150.975703,,,introduced,occurrenceRemarks withheld,2011.0,4.0,13.0,,Floristic Data,locality withheld,locationRemarks withheld,,,Anne Clements & Associates,HUMAN_OBSERVATION,,OEMM09100802;OEMM09100803;OJJS10080400;OIXR13100400,CB Council,ALA,2011,6,<1 m (6+ dp)
3856,Acacia pubescens,2009-09-18T00:00:00,DPIE Data from Scientific Licences dataset,Lansdowne,-33.893926,150.977491,,,,occurrenceRemarks withheld,2009.0,9.0,18.0,,,locality withheld,locationRemarks withheld,,,NSW National Parks and Wildlife Service,HUMAN_OBSERVATION,,ODMP11031700,CB Council,ALA,2009,6,<1 m (6+ dp)
21000,Callitriche stagnalis,2004-11-22T00:00:00,DPIE Data from Scientific Licences dataset,Not in a reserve,-33.889464,150.99463,,,introduced,occurrenceRemarks withheld,2004.0,11.0,22.0,,,locality withheld,locationRemarks withheld,,,NSW National Parks and Wildlife Service,HUMAN_OBSERVATION,,OMEJ97112601;OPJG02091800,CB Council,ALA,2004,6,<1 m (6+ dp)
32854,Glycine microphylla,2024-05-28T00:00:00,DPIE Data from Scientific Licences dataset,Not in a reserve,-33.89015,151.03269,,,,occurrenceRemarks withheld,2024.0,5.0,28.0,,,locality withheld,locationRemarks withheld,,,NSW National Parks and Wildlife Service,HUMAN_OBSERVATION,,OLHP24010904;OLHP24010909,CB Council,ALA,2024,5,≈1–10 m (5 dp)
3986,Leichhardtia viridiflora subsp. viridiflora,2020-06-03T00:00:00,DPIE Data from Scientific Licences dataset,Lansdowne,-33.892372,150.973936,,,,occurrenceRemarks withheld,2020.0,6.0,3.0,,,locality withheld,locationRemarks withheld,,,NSW National Parks and Wildlife Service,HUMAN_OBSERVATION,,OJJS16072001,CB Council,ALA,2020,6,<1 m (6+ dp)
25411,Acacia pubescens,2009-08-18T00:00:00,DPIE Data from Scientific Licences dataset,Carysfield,-33.903287,150.998021,,,,occurrenceRemarks withheld,2009.0,8.0,18.0,,,locality withheld,locationRemarks withheld,,,NSW National Parks and Wildlife Service,HUMAN_OBSERVATION,,ODMP11031700,CB Council,ALA,2009,6,<1 m (6+ dp)
27149,Paspalum dilatatum,2007-07-24T00:00:00,DTHOMAS2 Vegetation Survey,Not in a reserve,-33.930127,151.005778,,,introduced,occurrenceRemarks withheld,2007.0,7.0,24.0,,Floristic Data,locality withheld,locationRemarks withheld,,,"David Thomas, 9 Miriam Road, Denistone",HUMAN_OBSERVATION,,OPUR23081001,CB Council,ALA,2007,6,<1 m (6+ dp)
7409,Homalanthus populifolius,2025-03-08T11:59:46,iNaturalist research-grade observations,Not in a reserve,-33.901024,151.119206,,,,,2025.0,3.0,8.0,,,,,benjamingiannaras,2025-03-08T01:00:36Z,,HUMAN_OBSERVATION,,benjamingiannaras,CB Council,iNaturalist,2025,6,<1 m (6+ dp)
11302,Romulea rosea,2023-08-31T11:10:52,iNaturalist research-grade observations,Not in a reserve,-33.881943,151.009671,,,,,2023.0,8.0,31.0,,,,,Thomas Mesaglio,2023-08-31T01:12:56Z,,HUMAN_OBSERVATION,,Thomas Mesaglio,CB Council,iNaturalist,2023,6,<1 m (6+ dp)
23861,Lepidium bonariense,2009-03-05T00:00:00,BANKS_VEG Vegetation Survey,Not in a reserve,-33.901091,150.986621,,,introduced,occurrenceRemarks withheld,2009.0,3.0,5.0,,Floristic Data,locality withheld,locationRemarks withheld,,,Bankstown City Council,HUMAN_OBSERVATION,,OJJS07082200;ODMP09101600,CB Council,ALA,2009,6,<1 m (6+ dp)
19128,Ozothamnus diosmifolius,2018-05-23T00:00:00,DPIE Data from Scientific Licences dataset,Miram-Beena,-33.909909,150.979481,,,,occurrenceRemarks withheld,2018.0,5.0,23.0,,,locality withheld,locationRemarks withheld,,,NSW National Parks and Wildlife Service,HUMAN_OBSERVATION,,OIXR15013005,CB Council,ALA,2018,6,<1 m (6+ dp)
7852,Avicennia marina,2025-02-01T07:50:49,iNaturalist research-grade observations,Not in a reserve,-33.927665,151.139441,,,,,2025.0,2.0,1.0,,,,,ronavery,2025-01-31T23:22:21Z,,HUMAN_OBSERVATION,,ronavery,CB Council,iNaturalist,2025,6,<1 m (6+ dp)
25513,Acacia pubescens,2020-04-07T00:00:00,DPIE Data from Scientific Licences dataset,Flood Reserve,-33.935672,151.022329,,,,occurrenceRemarks withheld,2020.0,4.0,7.0,,,locality withheld,locationRemarks withheld,,,NSW National Parks and Wildlife Service,HUMAN_OBSERVATION,,OJJS19051309,CB Council,ALA,2020,6,<1 m (6+ dp)
26120,Anisopogon avenaceus,2009-05-28T00:00:00,BANKS_VEG Vegetation Survey,Not in a reserve,-33.971994,151.040417,,,,occurrenceRemarks withheld,2009.0,5.0,28.0,,Floristic Data,locality withheld,locationRemarks withheld,,,Bankstown City Council,HUMAN_OBSERVATION,,OJJS07082200;ODMP09101600,CB Council,ALA,2009,6,<1 m (6+ dp)
33605,Euchiton involucratus,2008-04-30T00:00:00,DPIE Data from Scientific Licences dataset,Norfolk Reserve,-33.893591,151.06261,,,,occurrenceRemarks withheld,2008.0,,,,,locality withheld,locationRemarks withheld,,,NSW National Parks and Wildlife Service,HUMAN_OBSERVATION,,OJJS07082200,CB Council,ALA,2008,6,<1 m (6+ dp)
4842,Leichhardtia viridiflora subsp. viridiflora,2020-05-29T00:00:00,DPIE Data from Scientific Licences dataset,Lansdowne,-33.893258,150.974839,,,,occurrenceRemarks withheld,2020.0,5.0,29.0,,,locality withheld,locationRemarks withheld,,,NSW National Parks and Wildlife Service,HUMAN_OBSERVATION,,OJJS16072001,CB Council,ALA,2020,6,<1 m (6+ dp)
37065,Chloris gayana,2004-05-01T12:00:00,Lansdowne area Flora&Fauna Appndx6 POM,Miram-Beena,-33.909351,150.975191,,,,,2004,5,1,,,,,,,,,,,CB Council,Prototype,2004,6,<1 m (6+ dp)
29344,Acacia parramattensis,2018-05-18T00:00:00,DPIE Data from Scientific Licences dataset,Not in a reserve,-33.933291,150.97841,,,,occurrenceRemarks withheld,2018.0,5.0,18.0,,,locality withheld,locationRemarks withheld,,,NSW National Parks and Wildlife Service,HUMAN_OBSERVATION,,OJJS19102800,CB Council,ALA,2018,6,<1 m (6+ dp)
20001,Casuarina glauca,2008-11-26T00:00:00,DPIE Data from Scientific Licences dataset,Davies Road,-33.955611,151.040085,,,,occurrenceRemarks withheld,2008.0,11.0,26.0,,,locality withheld,locationRemarks withheld,,,NSW National Parks and Wildlife Service,HUMAN_OBSERVATION,,OJJS07082200,CB Council,ALA,2008,6,<1 m (6+ dp)
8877,Freesia leichtlinii,2023-08-28T12:08:42,iNaturalist research-grade observations,Not in a reserve,-33.888914,151.033275,,,,,2023.0,8.0,28.0,,,,,benscullett,2023-08-28T02:09:36Z,,HUMAN_OBSERVATION,,benscullett,CB Council,iNaturalist,2023,6,<1 m (6+ dp)
1625,Calotis cuneifolia,2008-03-07T00:00:00,METROCMA2 Vegetation Survey,Lansdowne,-33.893876,150.977407,,,,occurrenceRemarks withheld,2008.0,3.0,7.0,,Floristic Data,locality withheld,locationRemarks withheld,,,NSW Dept of Planning and Environment,HUMAN_OBSERVATION,,OPJGI0002327;VEG-NICR,CB Council,ALA,2008,6,<1 m (6+ dp)
1306,Eragrostis curvula,2019-05-08T00:00:00,DPIE Data from Scientific Licences dataset,Lansdowne,-33.897071,150.971142,,,introduced,occurrenceRemarks withheld,2019.0,5.0,8.0,,,locality withheld,locationRemarks withheld,,,NSW National Parks and Wildlife Service,HUMAN_OBSERVATION,,OPUR19032102,CB Council,ALA,2019,6,<1 m (6+ dp)
36309,Axonopus compressus,2004-05-01T12:00:00,Birrong Sefton Flora&Fauna Apndx3 POM,Jenson Pk,-33.883502,151.01767,,,,,2004,5,1,,,,,,,,,,,CB Council,Prototype,2004,6,<1 m (6+ dp)
5963,Pseuderanthemum variabile,2023-02-20T12:25:44,iNaturalist research-grade observations,Crest,-33.91047,150.995996,,flowers|flower buds,,,2023.0,2.0,20.0,,,,,Shu Chen,2023-02-20T01:31:44Z,,HUMAN_OBSERVATION,,Shu Chen,CB Council,iNaturalist,2023,6,<1 m (6+ dp)
2533,Acacia pubescens,2009-10-22T00:00:00,DPIE Data from Scientific Licences dataset,Lansdowne,-33.892448,150.975925,,,,occurrenceRemarks withheld,2009.0,10.0,22.0,,,locality withheld,locationRemarks withheld,,,NSW National Parks and Wildlife Service,HUMAN_OBSERVATION,,ODMP11031700,CB Council,ALA,2009,6,<1 m (6+ dp)
25374,Cinnamomum camphora,2020-11-12T00:00:00,DPIE Data from Scientific Licences dataset,Not in a reserve,-33.97008,151.044137,,,introduced,occurrenceRemarks withheld,2020.0,11.0,12.0,,,locality withheld,locationRemarks withheld,,,NSW National Parks and Wildlife Service,HUMAN_OBSERVATION,,OPJG19101404,CB Council,ALA,2020,6,<1 m (6+ dp)
35535,Acacia baileyana,2004-05-01T12:00:00,Lansdowne area Flora&Fauna Appndx6 POM,Miram-Beena,-33.906477,150.980754,,,,,2004,5,1,,,,,,,,,,,CB Council,Prototype,2004,6,<1 m (6+ dp)
41539,Persoonia linearis,2004-05-01T12:00:00,Salt Pan Creek Flora&Fauna Apndx4 POM,Alma Reserve,-33.963313,151.038039,,,,,2004,5,1,,,,,,,,,,,CB Council,Prototype,2004,6,<1 m (6+ dp)
38690,Eucalyptus piperita,2004-05-01T12:00:00,Southern Reserves Flora&Fauna Apndx4 POM,Amberdale Reserve,-33.972098,151.0034,,,,,2004,5,1,,,,,,,,,,,CB Council,Prototype,2004,6,<1 m (6+ dp)
31039,Pimelea spicata,2010-02-11T00:00:00,DPIE Data from Scientific Licences dataset,Crest,-33.910722,150.996679,,,,occurrenceRemarks withheld,2010.0,2.0,11.0,,,locality withheld,locationRemarks withheld,,,NSW National Parks and Wildlife Service,HUMAN_OBSERVATION,,ODMP11031700,CB Council,ALA,2010,6,<1 m (6+ dp)
43183,Zantedeschia aethiopica,2004-05-01T12:00:00,The Crest-Appendix,Crest,-33.908539,150.99598,,,,,2004,5,1,,,,,,,,,,,CB Council,Prototype,2004,6,<1 m (6+ dp)
39984,Leptomeria sp.,2004-05-01T12:00:00,Southern Reserves Flora&Fauna Apndx4 POM,Lambeth Reserve,-33.971772,150.996708,,,,,2004,5,1,,,,,,,,,,,CB Council,Prototype,2004,6,<1 m (6+ dp)
35758,Alternanthera denticulata,2004-05-01T12:00:00,Bankstown Airport Reserves Flora&Fauna Apndx6 POM,Cnr HLD and Milperra Road,-33.931506,150.97956,,,,,2004,5,1,,,,,,,,,,,CB Council,Prototype,2004,6,<1 m (6+ dp)
7822,Brachychiton acerifolius,2020-08-04T12:59:50,iNaturalist research-grade observations,Miram-Beena,-33.909506,150.974124,,,,"Only individual sighted, has some species of lichen growing on it, 15metres from river, dry soil. Growing next to blue jarcanda",2020.0,8.0,4.0,,,,,angiegreenthumb,2020-08-04T03:01:25Z,,HUMAN_OBSERVATION,,angiegreenthumb,CB Council,iNaturalist,2020,6,<1 m (6+ dp)
28141,Pimelea spicata,2010-02-11T00:00:00,DPIE Data from Scientific Licences dataset,Crest,-33.910908,150.996437,,,,occurrenceRemarks withheld,2010.0,2.0,11.0,,,locality withheld,locationRemarks withheld,,,NSW National Parks and Wildlife Service,HUMAN_OBSERVATION,,ODMP11031700,CB Council,ALA,2010,6,<1 m (6+ dp)
27443,Senecio madagascariensis,1999-06-28T00:00:00,GEORGES Vegetation Survey,Miram-Beena,-33.909506,150.979817,,,introduced,occurrenceRemarks withheld,1999.0,6.0,28.0,,Floristic Data,locality withheld,locationRemarks withheld,,,NSW Dept of Planning and Environment,HUMAN_OBSERVATION,,OVLU99062101;OSLS05031800,CB Council,ALA,1999,6,<1 m (6+ dp)
42719,Tetragonia tetragonoides,2004-05-01T12:00:00,Deepwater Flora&Fauna Apndx5 POM,Kelso Beach,-33.953352,150.98246,,,,,2004,5,1,,,,,,,,,,,CB Council,Prototype,2004,6,<1 m (6+ dp)
6636,Caladenia picta,2024-05-29T12:41:52,iNaturalist research-grade observations,Not in a reserve,-33.97247,151.029128,,,,,2024.0,5.0,29.0,,,,,meta4,2024-07-08T14:06:41Z,,HUMAN_OBSERVATION,,Lucy,CB Council,iNaturalist,2024,6,<1 m (6+ dp)
38168,Einadia hastata,2004-05-01T12:00:00,Birrong Sefton Flora&Fauna Apndx3 POM,Maluga Passive Pk,-33.894195,151.015561,,,,,2004,5,1,,,,,,,,,,,CB Council,Prototype,2004,6,<1 m (6+ dp)
5916,Notelaea longifolia,2020-05-20T12:38:33,iNaturalist observations,Not in a reserve,-33.977705,151.002228,,,,,2020.0,5.0,20.0,,,,,,,,HUMAN_OBSERVATION,,Thomas Mesaglio,CB Council,iNaturalist,2020,6,<1 m (6+ dp)
7680,Hardenbergia violacea,2022-05-13T13:19:41,iNaturalist research-grade observations,Picnic Point Reserve,-33.976788,150.996812,,,,,2022.0,5.0,13.0,,,,,Nathan Odgers,2022-05-13T04:20:39Z,,HUMAN_OBSERVATION,,Nathan Odgers,CB Council,iNaturalist,2022,6,<1 m (6+ dp)
34399,Verbena bonariensis,2015-11-23T00:00:00,DPIE Data from Scientific Licences dataset,Not in a reserve,-33.944646,150.990702,,,introduced,occurrenceRemarks withheld,2015.0,11.0,,,,locality withheld,locationRemarks withheld,,,NSW National Parks and Wildlife Service,HUMAN_OBSERVATION,,ODMP09120203,CB Council,ALA,2015,6,<1 m (6+ dp)
39831,Kunzea ambigua,2004-05-01T12:00:00,Salt Pan Creek Flora&Fauna Apndx4 POM,Salt Pan Reserve,-33.946515,151.039711,,,,,2004,5,1,,,,,,,,,,,CB Council,Prototype,2004,6,<1 m (6+ dp)
28981,Hibbertia puberula,2019-07-17T00:00:00,DPIE Data from Scientific Licences dataset,Not in a reserve,-33.917076,150.978812,,N  No Breeding Evident,,occurrenceRemarks withheld,2019.0,7.0,17.0,,,locality withheld,locationRemarks withheld,,,NSW National Parks and Wildlife Service,HUMAN_OBSERVATION,,OICG19070400,CB Council,ALA,2019,6,<1 m (6+ dp)
7575,Acacia terminalis,2023-07-14T14:06:00,iNaturalist research-grade observations,Dilke Reserve,-33.973193,151.035058,,,,,2023.0,7.0,14.0,,,,,Bradley W. Jones,2023-07-14T08:05:34Z,,HUMAN_OBSERVATION,,Bradley W. Jones,CB Council,iNaturalist,2023,6,<1 m (6+ dp)
21140,Paspalum dilatatum,2021-06-02T00:00:00,DPIE Data from Scientific Licences dataset,Not in a reserve,-33.877207,150.989496,,,introduced,occurrenceRemarks withheld,2021.0,6.0,2.0,Open woodland,,locality withheld,locationRemarks withheld,,,NSW National Parks and Wildlife Service,HUMAN_OBSERVATION,,OPUR14092500,CB Council,ALA,2021,6,<1 m (6+ dp)
5859,Acacia binervia,2023-06-17T11:53:00,iNaturalist observations,Ruse Park,-33.926284,151.034475,,,,,2023.0,6.0,17.0,,,,,,,,HUMAN_OBSERVATION,,David,CB Council,iNaturalist,2023,6,<1 m (6+ dp)
23276,Digitaria didactyla,2020-04-03T00:00:00,DPIE Data from Scientific Licences dataset,Not in a reserve,-33.977766,150.996904,,,,occurrenceRemarks withheld,2020.0,4.0,3.0,,,locality withheld,locationRemarks withheld,,,NSW National Parks and Wildlife Service,HUMAN_OBSERVATION,,OJJS18050102;OJJS20082503,CB Council,ALA,2020,6,<1 m (6+ dp)
34589,Acacia ulicifolia,2004-05-01T12:00:00,Southern Reserves Flora&Fauna Apndx4 POM,Little Salt Pan Creek Reserve,-33.96882,151.029014,,,,,2004,5,1,,,,,,,,,,,CB Council,Prototype,2004,6,<1 m (6+ dp)
23753,Hardenbergia violacea,2007-11-15T00:00:00,DPIE Default Sightings,Crest,-33.906706,150.993264,,,,occurrenceRemarks withheld,2007.0,11.0,15.0,,,locality withheld,locationRemarks withheld,,,NSW Dept of Planning and Environment,HUMAN_OBSERVATION,,OEMM09102201,CB Council,ALA,2007,6,<1 m (6+ dp)
38207,Anthosachne scabra,2004-05-01T12:00:00,Lansdowne area Flora&Fauna Appndx6 POM,Miram-Beena,-33.906477,150.980754,,,,,2004,5,1,,,,,,,,,,,CB Council,Prototype,2004,6,<1 m (6+ dp)
22144,Goodenia hederacea,2010-03-17T00:00:00,DPIE Data from Scientific Licences dataset,Not in a reserve,-33.903555,151.095777,,,,occurrenceRemarks withheld,2010.0,,,Open forest,,locality withheld,locationRemarks withheld,,,NSW National Parks and Wildlife Service,HUMAN_OBSERVATION,,OJJS11032906,CB Council,ALA,2010,6,<1 m (6+ dp)
19224,Ricinus communis,2018-04-16T00:00:00,DPIE Data from Scientific Licences dataset,Not in a reserve,-33.9269,151.147854,,,introduced,occurrenceRemarks withheld,2018.0,4.0,16.0,,,locality withheld,locationRemarks withheld,,,NSW National Parks and Wildlife Service,HUMAN_OBSERVATION,,OPJGI0002201,CB Council,ALA,2018,6,<1 m (6+ dp)
33432,Commersonia dasyphylla,2009-12-10T00:00:00,DPIE Default Sightings,Crest,-33.90947,150.99401,,,,occurrenceRemarks withheld,2009.0,12.0,10.0,,,locality withheld,locationRemarks withheld,,,NSW Dept of Planning and Environment,HUMAN_OBSERVATION,,OEMM09102201,CB Council,ALA,2009,5,≈1–10 m (5 dp)
35990,Araujia sericifera,2004-05-01T12:00:00,Revesby and Padstow reserves Flora&Fauna Apndx6 POM,Padstow Park,-33.950103,151.037195,,,,,2004,5,1,,,,,,,,,,,CB Council,Prototype,2004,6,<1 m (6+ dp)
10901,Philotheca scabra,2023-10-10T13:12:00,iNaturalist research-grade observations,Not in a reserve,-33.97144,151.02847,,flowers,,,2023.0,10.0,10.0,,,,,Bradley W. Jones,2023-10-10T05:23:29Z,,HUMAN_OBSERVATION,,Bradley W. Jones,CB Council,iNaturalist,2023,5,≈1–10 m (5 dp)
2858,Acacia pubescens,2020-05-29T00:00:00,DPIE Data from Scientific Licences dataset,Lansdowne,-33.892833,150.97644,,,,occurrenceRemarks withheld,2020.0,5.0,29.0,,,locality withheld,locationRemarks withheld,,,NSW National Parks and Wildlife Service,HUMAN_OBSERVATION,,OJJS16072001,CB Council,ALA,2020,6,<1 m (6+ dp)
22474,Cestrum parqui,2009-10-26T00:00:00,DPIE Data from Scientific Licences dataset,Not in a reserve,-33.927625,151.139081,,,introduced,occurrenceRemarks withheld,2009.0,10.0,26.0,,,locality withheld,locationRemarks withheld,,,NSW National Parks and Wildlife Service,HUMAN_OBSERVATION,,OEXK99062500;OEMM09100803,CB Council,ALA,2009,6,<1 m (6+ dp)
40600,Melaleuca nodosa,2004-05-01T12:00:00,Lansdowne area Flora&Fauna Appndx6 POM,Miram-Beena,-33.893451,150.970339,,,,,2004,5,1,,,,,,,,,,,CB Council,Prototype,2004,6,<1 m (6+ dp)
3133,Ligustrum sinense,2018-05-23T00:00:00,DPIE Data from Scientific Licences dataset,Lansdowne,-33.896212,150.972852,,,introduced,occurrenceRemarks withheld,2018.0,5.0,23.0,,,locality withheld,locationRemarks withheld,,,NSW National Parks and Wildlife Service,HUMAN_OBSERVATION,,OIXR15013005,CB Council,ALA,2018,6,<1 m (6+ dp)
19353,Ehrharta erecta,2024-07-05T00:00:00,DPIE Data from Scientific Licences dataset,Not in a reserve,-33.881627,150.997191,,,introduced,occurrenceRemarks withheld,2024.0,7.0,5.0,,,locality withheld,locationRemarks withheld,,,NSW National Parks and Wildlife Service,HUMAN_OBSERVATION,,ODMP2411140D,CB Council,ALA,2024,6,<1 m (6+ dp)
7826,Pterostylis acuminata,2023-04-25T11:39:00,iNaturalist research-grade observations,Not in a reserve,-33.974984,151.019113,,,,,2023.0,4.0,25.0,,,,,Philip Rae,2023-05-14T09:36:01Z,,HUMAN_OBSERVATION,,Philip Rae,CB Council,iNaturalist,2023,6,<1 m (6+ dp)
39882,Lantana camara,2004-05-01T12:00:00,Salt Pan Creek Flora&Fauna Apndx4 POM,Alma Reserve,-33.963313,151.038039,,,,,2004,5,1,,,,,,,,,,,CB Council,Prototype,2004,6,<1 m (6+ dp)
6131,Cerastium glomeratum,2022-10-15T09:32:00,iNaturalist research-grade observations,Not in a reserve,-33.915028,151.095667,,,,,2022.0,10.0,15.0,,,,,georgie_feng,2022-10-16T04:18:13Z,,HUMAN_OBSERVATION,,georgie_feng,CB Council,iNaturalist,2022,6,<1 m (6+ dp)
26436,Galium aparine,2018-05-23T00:00:00,DPIE Data from Scientific Licences dataset,Not in a reserve,-33.931799,150.978705,,,introduced,occurrenceRemarks withheld,2018.0,5.0,23.0,,,locality withheld,locationRemarks withheld,,,NSW National Parks and Wildlife Service,HUMAN_OBSERVATION,,OIXR15013005,CB Council,ALA,2018,6,<1 m (6+ dp)
21781,Acacia pubescens,2009-08-18T00:00:00,DPIE Data from Scientific Licences dataset,Carysfield,-33.902992,150.997044,,,,occurrenceRemarks withheld,2009.0,8.0,18.0,,,locality withheld,locationRemarks withheld,,,NSW National Parks and Wildlife Service,HUMAN_OBSERVATION,,ODMP11031700,CB Council,ALA,2009,6,<1 m (6+ dp)
27598,Acacia pubescens,2009-08-18T00:00:00,DPIE Data from Scientific Licences dataset,Carysfield,-33.903308,150.998215,,,,occurrenceRemarks withheld,2009.0,8.0,18.0,,,locality withheld,locationRemarks withheld,,,NSW National Parks and Wildlife Service,HUMAN_OBSERVATION,,ODMP11031700,CB Council,ALA,2009,6,<1 m (6+ dp)
37193,Clematis aristata,2004-05-01T12:00:00,Lansdowne area Flora&Fauna Appndx6 POM,Miram-Beena,-33.909351,150.975191,,,,,2004,5,1,,,,,,,,,,,CB Council,Prototype,2004,6,<1 m (6+ dp)
5856,Passiflora suberosa,2024-05-25T14:14:39,iNaturalist research-grade observations,Not in a reserve,-33.929929,151.127026,,fruits or seeds,,,2024.0,5.0,25.0,,,,,Nina,2024-05-25T06:35:42Z,,HUMAN_OBSERVATION,,Nina,CB Council,iNaturalist,2024,6,<1 m (6+ dp)
25365,Eucalyptus capitellata,2010-02-17T00:00:00,NP_GEORGES Vegetation Survey,Not in a reserve,-33.971963,151.012334,,,,occurrenceRemarks withheld,2010.0,2.0,17.0,,Floristic Data,locality withheld,locationRemarks withheld,,,NSW Dept of Planning and Environment,HUMAN_OBSERVATION,,OJSS00112900;VEG-NICR,CB Council,ALA,2010,6,<1 m (6+ dp)
5593,Eucalyptus saligna,2023-03-17T13:17:00,iNaturalist research-grade observations,Not in a reserve,-33.891044,151.045633,,,,Added more photos 21 JULY 2023,2023.0,3.0,17.0,,,,,devito,2023-03-19T05:21:18Z,,HUMAN_OBSERVATION,,bursar,CB Council,iNaturalist,2023,6,<1 m (6+ dp)
21191,Melaleuca decora,2021-06-24T00:00:00,DPIE Data from Scientific Licences dataset,Not in a reserve,-33.879133,150.987624,,,,occurrenceRemarks withheld,2021.0,6.0,24.0,,,locality withheld,locationRemarks withheld,,,NSW National Parks and Wildlife Service,HUMAN_OBSERVATION,,OIXR14071700,CB Council,ALA,2021,6,<1 m (6+ dp)
42095,Ricinocarpos pinifolius,2004-05-01T12:00:00,Southern Reserves Flora&Fauna Apndx4 POM,Dilke Reserve,-33.972867,151.035019,,,,,2004,5,1,,,,,,,,,,,CB Council,Prototype,2004,6,<1 m (6+ dp)
32514,Acacia pubescens,2009-09-08T00:00:00,DPIE Data from Scientific Licences dataset,Louisa,-33.906006,150.998293,,,,occurrenceRemarks withheld,2009.0,9.0,8.0,,,locality withheld,locationRemarks withheld,,,NSW National Parks and Wildlife Service,HUMAN_OBSERVATION,,ODMP11031700,CB Council,ALA,2009,6,<1 m (6+ dp)
42299,Senecio madagascariensis,2004-05-01T12:00:00,Adept Tracey Flood Ruse Flora&Fauna Apndx6 POM,Flood Reserve,-33.935995,151.021996,,,,,2004,5,1,,,,,,,,,,,CB Council,Prototype,2004,6,<1 m (6+ dp)
28658,Carex pumila,2007-12-07T00:00:00,DPIE Default Sightings,Not in a reserve,-33.97194,151.03287,,,,occurrenceRemarks withheld,2007.0,12.0,7.0,,,locality withheld,locationRemarks withheld,,,NSW Dept of Planning and Environment,HUMAN_OBSERVATION,,OEMM09102201,CB Council,ALA,2007,5,≈1–10 m (5 dp)
21950,Eucalyptus moluccana,2017-07-05T00:00:00,DPIE Data from Scientific Licences dataset,Not in a reserve,-33.892794,151.022068,,,,occurrenceRemarks withheld,2017.0,7.0,5.0,,,locality withheld,locationRemarks withheld,,,NSW National Parks and Wildlife Service,HUMAN_OBSERVATION,,OPUR23021400,CB Council,ALA,2017,6,<1 m (6+ dp)
10884,Vittadinia gracilis,2024-09-24T10:59:28,iNaturalist observations,Miram-Beena,-33.890825,150.971402,,,,,2024.0,9.0,24.0,,,,,,,,HUMAN_OBSERVATION,,Evangelos Laios,CB Council,iNaturalist,2024,6,<1 m (6+ dp)
5366,Plantago lanceolata,2023-11-06T12:00:00,C-B Council Reserves plot survey data 2023_Western Sydney University ,Lake Gillawarna Council Reserve,-33.90949128,150.9798222,5.0,,,,2023.0,11.0,6.0,,,,,,,,,,"M Franklin, J Bendall, D Bristol.",CB Council,ALA,2023,8,<1 m (6+ dp)
7147,Banksia spinulosa,2022-04-18T15:05:00,iNaturalist research-grade observations,Not in a reserve,-33.97057,151.03305,,flowers,,,2022.0,4.0,18.0,,,,,Bradley W. Jones,2022-04-18T06:41:54Z,,HUMAN_OBSERVATION,,Bradley W. Jones,CB Council,iNaturalist,2022,5,≈1–10 m (5 dp)
27343,Pandorea pandorana,2023-08-11T00:00:00,DPIE Data from Scientific Licences dataset,Not in a reserve,-33.926667,151.147778,,,,occurrenceRemarks withheld,2023.0,8.0,11.0,,,locality withheld,locationRemarks withheld,,,NSW National Parks and Wildlife Service,HUMAN_OBSERVATION,,ODMP21012801;OMKX25011000,CB Council,ALA,2023,6,<1 m (6+ dp)
20070,Pittosporum undulatum,2016-11-10T00:00:00,DPIE Data from Scientific Licences dataset,Not in a reserve,-33.917533,150.980007,,,,occurrenceRemarks withheld,2016.0,11.0,10.0,,,locality withheld,locationRemarks withheld,,,NSW National Parks and Wildlife Service,HUMAN_OBSERVATION,,OJJS16072001,CB Council,ALA,2016,6,<1 m (6+ dp)
38318,Eragrostis brownii,2004-05-01T12:00:00,Norfolk Flora&Fauna Apndx3 POM,Norfolk Reserve,-33.893604,151.062656,,,,,2004,5,1,,,,,,,,,,,CB Council,Prototype,2004,6,<1 m (6+ dp)
22975,Acacia pubescens,2009-05-25T00:00:00,DPIE Data from Scientific Licences dataset,Not in a reserve,-33.941138,151.068338,,,,occurrenceRemarks withheld,2009.0,5.0,25.0,Woodland,,locality withheld,locationRemarks withheld,,,NSW National Parks and Wildlife Service,HUMAN_OBSERVATION,,OJJS06052300,CB Council,ALA,2009,6,<1 m (6+ dp)
33187,Sida rhombifolia,2011-04-13T00:00:00,ACA Vegetation Survey,Deepwater,-33.952058,150.980812,,,introduced,occurrenceRemarks withheld,2011.0,4.0,13.0,,Floristic Data,locality withheld,locationRemarks withheld,,,Anne Clements & Associates,HUMAN_OBSERVATION,,OEMM09100802;OEMM09100803;OJJS10080400;OIXR13100400,CB Council,ALA,2011,6,<1 m (6+ dp)
25304,Acacia pubescens,2008-11-26T00:00:00,DPIE Data from Scientific Licences dataset,Salt Pan Reserve,-33.955085,151.04039,,,,occurrenceRemarks withheld,2008.0,11.0,26.0,,,locality withheld,locationRemarks withheld,,,NSW National Parks and Wildlife Service,HUMAN_OBSERVATION,,OJJS07082200,CB Council,ALA,2008,6,<1 m (6+ dp)
29671,Olea europaea,2020-03-06T00:00:00,DPIE Data from Scientific Licences dataset,Airport Reserve,-33.928863,150.983869,,,introduced,occurrenceRemarks withheld,2020.0,3.0,6.0,,,locality withheld,locationRemarks withheld,,,NSW National Parks and Wildlife Service,HUMAN_OBSERVATION,,OLUC19010800,CB Council,ALA,2020,6,<1 m (6+ dp)
27447,Asparagus asparagoides,2016-09-08T00:00:00,Ecoplanning Vegetation Survey,Not in a reserve,-33.887778,151.052778,,,introduced,occurrenceRemarks withheld,2016.0,9.0,8.0,,Floristic Data,locality withheld,locationRemarks withheld,,,Ecoplanning P/L,HUMAN_OBSERVATION,,OPUR16031000,CB Council,ALA,2016,6,<1 m (6+ dp)
10026,Corymbia maculata,2022-11-20T11:49:25,iNaturalist research-grade observations,Not in a reserve,-33.971478,151.039353,,,,,2022.0,11.0,20.0,,,,,slloyd98,2022-11-20T03:46:08Z,,HUMAN_OBSERVATION,,slloyd98,CB Council,iNaturalist,2022,6,<1 m (6+ dp)
20381,Oplismenus hirtellus,2008-05-21T00:00:00,DPIE Data from Scientific Licences dataset,Not in a reserve,-33.980667,151.012818,,,,occurrenceRemarks withheld,2008.0,5.0,21.0,,,locality withheld,locationRemarks withheld,,,NSW National Parks and Wildlife Service,HUMAN_OBSERVATION,,ODMP09031902,CB Council,ALA,2008,6,<1 m (6+ dp)
32105,Lepidosperma latens,2014-02-05T00:00:00,DPIE Data from Scientific Licences dataset,Deepwater,-33.950022,150.975958,,,,occurrenceRemarks withheld,2014.0,2.0,5.0,Woodland,,locality withheld,locationRemarks withheld,,,NSW National Parks and Wildlife Service,HUMAN_OBSERVATION,,OEMM09100802;OIXR13062400,CB Council,ALA,2014,6,<1 m (6+ dp)
27122,Acacia myrtifolia,2004-05-01T12:00:00,EastHills Flora&Fauna Apndx5 POM,Monash Reserve,-33.963992,150.988145,,,,,2004,5,1,,,,,,,,,,,CB Council,Prototype,2004,6,<1 m (6+ dp)
20169,Dodonaea multijuga,2005-11-22T00:00:00,DPIE Default Sightings,Deepwater,-33.947131,150.972478,,,,occurrenceRemarks withheld,2005.0,11.0,22.0,,,locality withheld,locationRemarks withheld,,,NSW Dept of Planning and Environment,HUMAN_OBSERVATION,,OEMM09102201,CB Council,ALA,2005,6,<1 m (6+ dp)
26276,Hibbertia puberula,2019-05-20T00:00:00,DPIE Data from Scientific Licences dataset,Not in a reserve,-33.917017,150.97871,,,,occurrenceRemarks withheld,2019.0,5.0,20.0,,,locality withheld,locationRemarks withheld,,,NSW National Parks and Wildlife Service,HUMAN_OBSERVATION,,OPUR18091500;OICG19070400;OJJS20071501,CB Council,ALA,2019,6,<1 m (6+ dp)
8230,Verbena bonariensis,2025-03-17T10:52:24,iNaturalist research-grade observations,Not in a reserve,-33.890117,151.045303,,,,,2025.0,3.0,17.0,,,,,leticialis,2025-03-17T04:10:38Z,,HUMAN_OBSERVATION,,leticialis,CB Council,iNaturalist,2025,6,<1 m (6+ dp)
36216,Austrostipa pubescens,2004-05-01T12:00:00,Southern Reserves Flora&Fauna Apndx4 POM,Churchill Reserve,-33.969913,151.028269,,,,,2004,5,1,,,,,,,,,,,CB Council,Prototype,2004,6,<1 m (6+ dp)
39670,Jacaranda mimosifolia,2004-05-01T12:00:00,Revesby and Padstow reserves Flora&Fauna Apndx6 POM,Richardson Reserve,-33.963555,151.027909,,,,,2004,5,1,,,,,,,,,,,CB Council,Prototype,2004,6,<1 m (6+ dp)
17547,Grevillea rosmarinifolia,2023-08-16T14:00:00,Individual sighting,Not in a reserve,-33.977724,150.999631,1.0,,,"Grevillea rosmarinifolia ""Lilliane""",2023.0,8.0,16.0,,,,nullnull,,,,HUMAN_OBSERVATION,,Michael Hains,CB Council,ALA,2023,6,<1 m (6+ dp)
3072,Acacia pubescens,2009-10-22T00:00:00,DPIE Data from Scientific Licences dataset,Lansdowne,-33.892324,150.976047,,,,occurrenceRemarks withheld,2009.0,10.0,22.0,,,locality withheld,locationRemarks withheld,,,NSW National Parks and Wildlife Service,HUMAN_OBSERVATION,,ODMP11031700,CB Council,ALA,2009,6,<1 m (6+ dp)
41964,Pteridium esculentum,2004-05-01T12:00:00,Bankstown Airport Reserves Flora&Fauna Apndx6 POM,Ashford Reserve,-33.930003,150.984825,,,,,2004,5,1,,,,,,,,,,,CB Council,Prototype,2004,6,<1 m (6+ dp)
24653,Acacia pubescens,2020-04-07T00:00:00,DPIE Data from Scientific Licences dataset,Flood Reserve,-33.935853,151.022379,,,,occurrenceRemarks withheld,2020.0,4.0,7.0,,,locality withheld,locationRemarks withheld,,,NSW National Parks and Wildlife Service,HUMAN_OBSERVATION,,OJJS19051309,CB Council,ALA,2020,6,<1 m (6+ dp)
23926,Olea europaea,2013-02-07T00:00:00,DPIE Data from Scientific Licences dataset,Not in a reserve,-33.934914,151.039202,,,introduced,occurrenceRemarks withheld,2013.0,2.0,7.0,,,locality withheld,locationRemarks withheld,,,NSW National Parks and Wildlife Service,HUMAN_OBSERVATION,,OIXR13072200,CB Council,ALA,2013,6,<1 m (6+ dp)
29538,Acacia pubescens,2020-04-07T00:00:00,DPIE Data from Scientific Licences dataset,Flood Reserve,-33.935786,151.021547,,,,occurrenceRemarks withheld,2020.0,4.0,7.0,,,locality withheld,locationRemarks withheld,,,NSW National Parks and Wildlife Service,HUMAN_OBSERVATION,,OJJS19051309,CB Council,ALA,2020,6,<1 m (6+ dp)
8151,Alternanthera philoxeroides,2023-02-24T09:30:17,iNaturalist research-grade observations,Not in a reserve,-33.967709,151.043315,,,,,2023.0,2.0,24.0,,,,,benscullett,2023-02-23T22:31:45Z,,HUMAN_OBSERVATION,,benscullett,CB Council,iNaturalist,2023,6,<1 m (6+ dp)
10285,Melaleuca decora,2020-01-16T07:30:19,iNaturalist observations,Not in a reserve,-33.94862,150.989081,,,,,2020.0,1.0,16.0,,,,,,,,HUMAN_OBSERVATION,,wcrocker92,CB Council,iNaturalist,2020,6,<1 m (6+ dp)
3865,Lomandra filiformis subsp. filiformis,2018-05-23T00:00:00,DPIE Data from Scientific Licences dataset,Lansdowne,-33.898246,150.974264,,,,occurrenceRemarks withheld,2018.0,5.0,23.0,,,locality withheld,locationRemarks withheld,,,NSW National Parks and Wildlife Service,HUMAN_OBSERVATION,,OIXR15013005,CB Council,ALA,2018,6,<1 m (6+ dp)
33026,Hedera helix,2023-06-14T00:00:00,DPIE Data from Scientific Licences dataset,Not in a reserve,-33.95243,151.04037,,,introduced,occurrenceRemarks withheld,2023.0,6.0,14.0,Woodland,,locality withheld,locationRemarks withheld,,,NSW National Parks and Wildlife Service,HUMAN_OBSERVATION,,OSHD13030401,CB Council,ALA,2023,5,≈1–10 m (5 dp)
19328,Acacia pubescens,2009-09-16T00:00:00,DPIE Data from Scientific Licences dataset,Salt Pan Reserve,-33.936633,151.040135,,,,occurrenceRemarks withheld,2009.0,9.0,16.0,,,locality withheld,locationRemarks withheld,,,NSW National Parks and Wildlife Service,HUMAN_OBSERVATION,,ODMP11031700,CB Council,ALA,2009,6,<1 m (6+ dp)
8048,Cardamine hirsuta,2024-05-08T09:12:28,iNaturalist observations,Not in a reserve,-33.912288,151.126983,,,,,2024.0,5.0,8.0,,,,,,,,HUMAN_OBSERVATION,,georgiaclarke12,CB Council,iNaturalist,2024,6,<1 m (6+ dp)
5769,Epacris longiflora,2021-09-07T11:00:17,iNaturalist research-grade observations,Not in a reserve,-33.92955,151.135415,,,,,2021.0,9.0,7.0,,,,,Michael Walsh,2021-09-07T01:02:10Z,,HUMAN_OBSERVATION,,Michael Walsh,CB Council,iNaturalist,2021,6,<1 m (6+ dp)
2735,Paspalidium distans,1998-12-21T00:00:00,DPIE Data from Scientific Licences dataset,Lansdowne,-33.896631,150.977972,,,,occurrenceRemarks withheld,1998.0,12.0,21.0,,,locality withheld,locationRemarks withheld,,,NSW National Parks and Wildlife Service,HUMAN_OBSERVATION,,OSYK02012200,CB Council,ALA,1998,6,<1 m (6+ dp)
43196,Zornia dyctiocarpa,2004-05-01T12:00:00,EastHills Flora&Fauna Apndx5 POM,East Hills Park,-33.96446,150.982875,,,,,2004,5,1,,,,,,,,,,,CB Council,Prototype,2004,6,<1 m (6+ dp)
6490,Melilotus indicus,2022-09-24T12:08:48,iNaturalist research-grade observations,Not in a reserve,-33.885127,151.016315,,,,,2022.0,9.0,24.0,,,,,Thomas Mesaglio,2022-09-24T02:23:08Z,,HUMAN_OBSERVATION,,Thomas Mesaglio,CB Council,iNaturalist,2022,6,<1 m (6+ dp)
31613,Portulaca oleracea,2020-03-16T00:00:00,DPIE Data from Scientific Licences dataset,Not in a reserve,-33.918802,150.9787,,,,occurrenceRemarks withheld,2020.0,3.0,16.0,,,locality withheld,locationRemarks withheld,,,NSW National Parks and Wildlife Service,HUMAN_OBSERVATION,,OJJS19031803;OJJS20080501,CB Council,ALA,2020,6,<1 m (6+ dp)
30882,Cardiospermum grandiflorum,2015-11-23T00:00:00,DPIE Data from Scientific Licences dataset,Not in a reserve,-33.945433,150.983143,,,introduced,occurrenceRemarks withheld,2015.0,11.0,,,,locality withheld,locationRemarks withheld,,,NSW National Parks and Wildlife Service,HUMAN_OBSERVATION,,ODMP09120203,CB Council,ALA,2015,6,<1 m (6+ dp)
