trait_name,trait_value,Species Count
sex_type,hermaphrodite (1),678
resprouting_capacity_non_fire_disturbance,resprouts_non_fire_disturbance (f),608
parasitic,not_parasitic (1),551
plant_physical_defence_structures,absent (1),542
vegetative_reproduction_ability,not_vegetative (1),377
nitrogen_fixing,non_nitrogen_fixer (1),365
pollination_system,biotic_unspecialised (f),344
resprouting_capacity_juvenile,juvenile_fire_killed (f),334
parasitic,not_parasitic (f),332
seedbank_location,soil_seedbank (1),326
plant_physical_defence_structures,absent (f),319
seedling_establishment_conditions,establish_anytime (1),312
seed_germination,1 (f),308
seedbank_location,soil_seedbank (f),299
post_fire_recruitment,post_fire_recruitment (1),294
post_fire_recruitment,post_fire_recruitment (f),292
flower_structural_sex_type,bisexual (f),286
plant_tolerance_water_logged_soils,not_applicable (f),286
clonal_spread_mechanism,non_clonal (f),286
life_history,perennial (3),275
nitrogen_fixing,non_nitrogen_fixer (f),272
seedling_establishment_conditions,establish_anytime (f),272
vegetative_reproduction_ability,not_vegetative (f),255
plant_tolerance_snow,not_applicable (1),254
resprouting_capacity_non_fire_disturbance,resprouts_non_fire_disturbance (1),253
root_structure,arbuscular_mycorrhizal (f),252
life_history,perennial (2),244
seedbank_longevity,2-- (1),242
root_system_type,tap_root_present (f),236
pollination_syndrome,insect (f),232
pollination_syndrome,insect (1),230
seedbank_longevity_class,persistent (1),223
life_history,perennial (4),223
plant_tolerance_snow,not_applicable (f),218
plant_tolerance_salt,salinity_tolerance_undefined (1),215
plant_tolerance_inundation,not_applicable (1),211
plant_tolerance_water_logged_soils,not_applicable (1),211
plant_tolerance_inundation,less_than_1_month (1),206
plant_tolerance_salt,salinity_tolerance_undefined (f),204
storage_organ,rhizome (f),204
fire_time_from_fire_to_flowering,12 (f),203
resprouting_capacity_juvenile,juvenile_fire_killed (1),192
nitrogen_fixing,non_nitrogen_fixer (2),188
resprouting_capacity,resprouts (V),181
root_structure,arbuscular_mycorrhizal (1),181
pollination_syndrome,insect (2),180
seedbank_longevity_class,persistent (f),180
seedbank_longevity,--2 (1),176
sex_type,hermaphrodite (V),175
plant_tolerance_snow,days (1),175
pollination_system,biotic_unspecialised (1),174
serotiny,not_serotinous (1),173
plant_tolerance_salt,glycophyte (1),171
pollination_system,abiotic (f),171
flower_colour,yellow_orange (1),168
plant_tolerance_inundation,not_applicable (f),167
flower_structural_sex_type,bisexual (1),165
seedbank_longevity,2-- (f),161
plant_tolerance_inundation,less_than_1_month (f),161
resprouting_capacity_juvenile,juvenile_resprout (f),159
bud_bank_location,none (f),158
vegetative_reproduction_ability,not_vegetative (2),157
flowering_cues,rain (f),154
seedbank_longevity_class,transient (1),154
leaf_type,broadleaf (1),153
plant_growth_form,herb (V),153
competitive_stratum,ground (f),153
reproductive_maturity,1--5 (1),149
clonal_spread_mechanism,non_clonal (1),148
root_system_type,tap_root_absent (f),148
flower_colour,white_cream (1),145
plant_growth_form,shrub (V),142
plant_growth_form,graminoid (V),138
resprouting_capacity,resprouts (1),138
plant_physical_defence_structures,absent (2),136
resprouting_capacity_proportion_individuals,1 (f),135
plant_tolerance_salt,glycophyte (f),134
bud_bank_location,rhizome (f),134
life_history,perennial (V),132
parasitic,not_parasitic (2),130
flower_colour,white_cream (f),129
fruit_colour,brown (f),129
lifespan,<50 (f),129
life_history,perennial (5),126
plant_tolerance_snow,days (f),126
plant_tolerance_water_logged_soils,less_than_1_month (1),126
plant_tolerance_calcicole,calcifuge (f),125
resprouting_capacity,fire_killed (V),122
seedbank_longevity_class,persistent (2),121
bud_bank_location,none (1),120
reproductive_maturity,1--5 (f),118
dispersers,wind (f),116
resprouting_capacity,resprouts (3),115
seedbank_longevity,--2 (f),112
resprouting_capacity_juvenile,juvenile_resprout (1),112
vegetative_reproduction_ability,vegetative (1),111
post_fire_recruitment,post_fire_recruitment (2),108
stem_growth_habit,erect (V),107
dispersal_syndrome,anemochory (f),106
clonal_spread_mechanism,belowground_clonal (f),105
resprouting_capacity,resprouts (f),104
stem_growth_habit,erect (1),104
lifespan,<50 (1),104
root_structure,non_mycorrhizal (1),102
seed_germination_treatment,none (f),101
nitrogen_fixing,non_nitrogen_fixer (3),101
resprouting_capacity,fire_killed (1),101
seed_dormancy_class,physical_dormancy (1),100
seed_germination_treatment,heat (1),100
sex_type,hermaphrodite (f),98
post_fire_recruitment,post_fire_recruitment_absent (1),95
plant_height,1 (V),95
life_history,perennial (6),94
stem_growth_habit,prostrate (1),94
storage_organ,lignotuber (f),94
dispersers,wind (1),93
seedbank_longevity_class,persistent (V),93
lifespan,50--100 (1),93
seed_dormancy_class,non_dormant (1),93
seedbank_longevity_class,transient (f),90
root_structure,ectomycorrhizal (f),90
plant_tolerance_water_logged_soils,1-6_months (1); less_than_1_month (1),90
pollination_system,abiotic (1),89
resprouting_capacity,resprouts (2),88
seed_dormancy_class,physiological_dormancy (1),88
serotiny,not_serotinous (f),84
life_history,annual (V),84
dispersers,mammals (f),84
dispersal_syndrome,anemochory (1),83
dispersal_syndrome,myrmecochory (V),83
stem_growth_habit,prostrate (f),82
resprouting_capacity,fire_killed (2),82
plant_growth_form,herb (6),81
resprouting_capacity,resprouts (4),80
plant_growth_form,tree (V),80
plant_tolerance_salt,halophyte_moderate (1),80
bud_bank_location,basal_stem_buds (V),79
storage_organ,rhizome (1),78
reproductive_maturity,5--20 (1),75
seedbank_location,canopy_seedbank (1),74
seedling_establishment_conditions,establish_post_fire (f),72
sex_type,hermaphrodite (2),72
life_history,perennial (1),72
resprouting_capacity,fire_killed (f),72
flower_colour,red_brown (1),72
lifespan,<50 (V),71
stem_growth_habit,prostrate (V),71
leaf_type,broadleaf (f),70
seedling_establishment_conditions,establish_post_fire (1),70
seedbank_location,soil_seedbank (2),68
reproductive_maturity,0--1 (1),68
reproductive_maturity,1--5 (V),68
fruit_colour,brown (1),67
seedbank_longevity,2-- (2),66
plant_tolerance_inundation,not_applicable (2),66
flower_colour,blue_purple (1),66
plant_tolerance_water_logged_soils,not_applicable (2),66
flowering_time,yynnnnnnyyyy (V),66
pollination_syndrome,insect (3),65
vegetative_reproduction_ability,not_vegetative (3),64
life_history,perennial (7),64
post_fire_flowering,fire_enhanced_flowering (f),64
plant_tolerance_water_logged_soils,1-6_months (1); greater_than_6_months (1); less_than_1_month (1),63
seedbank_longevity,10-- (1); 2-- (1),63
plant_height,2 (V),62
plant_physical_defence_structures,absent (g),62
reproductive_maturity,5--20 (f),62
resprouting_capacity_non_fire_disturbance,resprouts_non_fire_disturbance (2),62
parasitic,not_parasitic (g),61
storage_organ,rhizome (2),60
dispersal_syndrome,anemochory (V),60
dispersers,wind (2),59
dispersal_syndrome,barochory (V),59
root_system_type,tap_root_present (1),58
plant_growth_form,herb (5),58
plant_growth_form,herb (7),58
seedbank_longevity_class,transient (2),58
dispersers,invertebrates (V),57
flower_colour,white_cream (2),57
stem_growth_habit,rhizomatous (V),56
dispersal_syndrome,myrmecochory (f),56
plant_tolerance_snow,days (1); weeks (1),56
reproductive_maturity,1 (1); 1--5 (1),55
parasitic,not_parasitic (3),55
bud_bank_location,basal_buds (1),55
lifespan,<10 (f),55
sex_type,andromonoecious (1),54
post_fire_recruitment,post_fire_recruitment_absent (f),54
bud_bank_location,epicormic_buds (V),53
flower_colour,white_cream (1); yellow_orange (1),53
sex_type,gynomonoecious (f),53
flower_colour,pink (1); white_cream (1),52
plant_tolerance_salt,salinity_tolerance_undefined (2),52
plant_tolerance_salt,glycophyte (g),52
resprouting_capacity,fire_killed (3),52
storage_organ,lignotuber (1),52
plant_tolerance_snow,days (2),52
seed_dormancy_class,physical_dormancy (f),51
plant_physical_defence_structures,absent (3),51
stem_growth_habit,erect (2),50
root_structure,arbuscular_mycorrhizal (2),50
pollination_syndrome,insect (g),49
reproductive_maturity,0--1 (f),49
plant_tolerance_snow,not_applicable (2),49
clonal_spread_mechanism,rhizome (1),48
plant_height,3 (V),48
dispersers,birds (1),48
root_structure,orchid_mycorrhizal (f),48
clonal_spread_mechanism,stem_tuber (f),48
nitrogen_fixing,non_nitrogen_fixer (4),48
flowering_time,yynnnnnnnnny (V),48
stem_growth_habit,rosette (f),48
post_fire_recruitment,post_fire_recruitment (1); post_fire_recruitment_absent (1),47
seed_germination_treatment,heat (f),47
seed_germination,1 (V),47
bud_bank_location,rhizome (1),47
flowering_time,nnnnnnnnyyyn (V),46
dispersal_syndrome,zoochory (V),46
dispersers,invertebrates (1),46
life_history,perennial (8),46
pollination_syndrome,wind (1),46
seedbank_location,canopy_seedbank (f),46
dispersal_syndrome,endozoochory (V),45
plant_growth_form,herb (8),45
vegetative_reproduction_ability,not_vegetative (1); vegetative (1),45
reproductive_maturity,1 (1),45
plant_growth_form,herb (4),44
resprouting_capacity,resprouts (5),44
pollination_syndrome,wind (f),44
dispersers,birds (V),44
dispersers,ants (f),44
seedbank_longevity_class,long_persistent (1),43
fruit_colour,brown (V),43
seedbank_longevity,10-- (1),43
flowering_time,yynnnnnnnnny (1),43
pollination_syndrome,insect (V),43
plant_tolerance_salt,glycophyte (2),43
plant_tolerance_inundation,less_than_1_month (2),43
vegetative_reproduction_ability,not_vegetative (g),43
dispersal_syndrome,epizoochory (V),43
lifespan,50-500 (1),42
flower_colour,pink (1),42
storage_organ,no_storage_organ (1),42
stem_growth_habit,erect (f),42
fire_time_from_fire_to_flowering,12 (1),41
flowering_time,nnnnnnnnyyyn (1),41
seed_dormancy_class,morphophysiological_dormancy (1),41
seedbank_longevity,2-- (V),41
flowering_time,yynnnnnnyyyy (1),40
dispersal_syndrome,zoochory (1),40
seedbank_longevity,--2 (2),40
stem_growth_habit,climbing (1),40
dispersal_syndrome,epizoochory (f),40
flower_colour,yellow_orange (f),39
seedbank_longevity_class,persistent (3),39
nitrogen_fixing,nitrogen_fixer (f),39
nitrogen_fixing,non_nitrogen_fixer (g),39
plant_growth_form,herb (9),39
leaf_type,broadleaf (g),38
lifespan,>500 (1),38
plant_growth_form,shrub (4),38
dispersal_syndrome,anemochory (2),38
plant_height,0.3 (V),38
dispersers,ants (1),37
pollination_syndrome,abiotic (V),37
plant_growth_form,shrub (6),37
flowering_time,yyyyyyyyyyyy (V),36
vegetative_reproduction_ability,vegetative (2),36
vegetative_reproduction_ability,not_vegetative (V),36
seedbank_longevity,--2 (g),36
seedbank_longevity_class,transient (V),36
resprouting_capacity,fire_killed (4),36
plant_growth_form,graminoid (V); herb (V),36
pollination_syndrome,abiotic (1); wind (1),36
nitrogen_fixing,nitrogen_fixer (1),35
plant_height,0.5 (V),35
competitive_stratum,ground,35
pollination_system,biotic_unspecialised (g),35
post_fire_recruitment,post_fire_recruitment (V),35
plant_growth_form,shrub (5),35
plant_height,1.5 (V),35
plant_growth_form,shrub (7),35
flower_colour,red_brown (1); yellow_orange (1),34
plant_growth_form,herb (3),34
bud_bank_location,basal_stem_buds (1),34
dispersers,wind (V),33
bud_bank_location,stem_tuber (f),33
post_fire_recruitment,post_fire_recruitment (3),33
dispersal_syndrome,barochory (1),33
plant_tolerance_inundation,1-6_months (1); less_than_1_month (1),33
plant_height,0.4 (V),33
seed_germination_treatment,none (1),33
fruiting_time,yynnnnnnnnny (1),32
sex_type,gynomonoecious (1),32
post_fire_recruitment,post_fire_recruitment (g),32
root_structure,arbuscular_mycorrhizal (1); ectomycorrhizal (1),32
flower_colour,green (1); yellow_orange (1),32
clonal_spread_mechanism,non_clonal (g),32
plant_growth_form,shrub (3),32
nitrogen_fixing,nitrogen_fixer (2),31
bud_bank_location,stem_tuber (1),31
clonal_spread_mechanism,rhizome (f),31
dispersers,ants (1); invertebrates (1),31
seedbank_longevity_class,persistent (1); transient (1),30
seedbank_longevity_class,long_persistent (1); persistent (1),30
flower_structural_sex_type,unisexual (1),30
dispersers,wind (3),30
plant_height,0.6 (V),30
reproductive_maturity,1--5 (2),30
plant_tolerance_salt,salt_spray_tolerant (1),30
resprouting_capacity,partial_resprouting (V),30
reproductive_maturity,5--20 (g),30
stem_growth_habit,erect (3),30
lifespan,50--100 (1); >500 (1),29
plant_flood_regime_classification,terrestrial_dry (1),29
lifespan,<50 (2),29
bud_bank_location,bud-bearing_root (1),29
flower_colour,blue_purple (1); white_cream (1),29
flower_colour,green (1),29
plant_growth_form,herb (2),29
lifespan,50-500 (V),29
lifespan,<10 (1),29
sex_type,monoecious (1),29
dispersal_syndrome,anemochory (3),28
lifespan,50--100 (1); <50 (1),28
plant_tolerance_water_logged_soils,1-6_months; greater_than_6_months; less_than_1_month (f),28
flower_colour,red_brown (1); white_cream (1),28
seedling_establishment_conditions,establish_post_fire (g),28
fruit_colour,black (1),28
plant_growth_form,shrub (2),27
plant_growth_form,climber_herbaceous (V),27
seedbank_longevity_class,transient (g),27
storage_organ,rhizome (3),27
life_history,perennial (9),27
pollination_syndrome,abiotic (1),27
plant_tolerance_calcicole,calcifuge (1),27
seed_dormancy_class,non_dormant (f),27
resprouting_capacity_juvenile,juvenile_fire_killed (g),27
root_structure,ectomycorrhizal (1),27
plant_tolerance_water_logged_soils,less_than_1_month (2),27
plant_tolerance_water_logged_soils,not_applicable (g),26
seed_dormancy_class,non_dormant (2),26
life_history,annual (6),26
root_structure,orchid_mycorrhizal (1),26
nitrogen_fixing,non_nitrogen_fixer (5),26
dispersers,ants (V),26
serotiny,not_serotinous (g),26
plant_tolerance_inundation,not_applicable (g),26
plant_tolerance_salt,halophyte_moderate (2),26
storage_organ,lignotuber (2),26
stem_growth_habit,erect (1); spreading (1),26
fruiting_time,yyyyynnnnnny (1),25
flower_colour,blue_purple (1); pink (1); white_cream (1),25
plant_tolerance_snow,not_applicable (g),25
plant_growth_substrate,terrestrial (3),25
plant_growth_form,tussock (V),25
lifespan,50-500 (f),24
seed_germination_treatment,smoke (1),24
clonal_spread_mechanism,non_clonal (2),24
clonal_spread_mechanism,stem_tuber (1),24
stem_growth_habit,rhizomatous (1),24
plant_tolerance_snow,days (1); months (1); weeks (1),24
resprouting_capacity,fire_killed (5),24
dispersal_syndrome,epizoochory (1),24
fruit_colour,brown (1); red (1),24
bud_bank_location,basal_buds (1); basal_stem_buds (1),24
seed_dormancy_class,non_dormant (g),23
pollination_syndrome,insect (4),23
plant_physical_defence_structures,sharp_pointed_defence (1),23
seedbank_longevity_class,widely_dispersed (1),23
dispersal_syndrome,endozoochory (1),23
resprouting_capacity,resprouts (6),22
seedbank_longevity,2-- (3),22
root_system_type,tap_root_absent (1),22
pollination_syndrome,wind (V),22
plant_height,5 (V),22
reproductive_maturity,5--20 (2),22
reproductive_maturity,5--20 (V),22
vegetative_reproduction_ability,vegetative (V),22
lifespan,>500 (f),22
stem_growth_habit,erect (1); prostrate (1),22
reproductive_maturity,0--1 (V),22
fruit_colour,black (V),21
seed_dormancy_class,physical_dormancy (2),21
storage_organ,rhizome (V),21
fire_time_from_fire_to_flowering,12 (V),21
fruiting_time,yyyyyynnnnnn (1),21
reproductive_maturity,1--5 (1); 2 (1),21
plant_flood_regime_classification,terrestrial_damp (1),21
plant_growth_form,herb (11),21
flower_structural_sex_type,bisexual (1); unisexual (1),21
plant_growth_substrate,aquatic (1),21
clonal_spread_mechanism,stolon (1),21
seedbank_longevity,--2 (1); 10-- (1),21
seedbank_location,soil_seedbank (3),21
dispersers,birds (1); vertebrates (1),21
plant_physical_defence_structures,absent (4),21
plant_height,10 (V),21
resprouting_capacity,fire_killed (1); resprouts (1),21
serotiny,serotinous (f),21
storage_organ,stem_tuber (1),20
vegetative_reproduction_ability,not_vegetative (4),20
dispersers,mammals (1),20
dispersal_syndrome,endozoochory (2),20
post_fire_recruitment,post_fire_recruitment_absent (2),20
pollination_syndrome,abiotic (f),20
stem_growth_habit,decumbent (V),20
flower_colour,blue_purple (1); pink (1),20
life_history,annual (5),20
plant_height,4 (V),20
storage_organ,rhizome (4),20
flower_colour,yellow_orange (2),20
stem_growth_habit,rhizomatous (2),20
dispersers,invertebrates (f),20
dispersal_syndrome,anemochory (1); barochory (1),20
plant_growth_substrate,terrestrial (2),20
lifespan,100 (1),20
sex_type,andromonoecious (1); hermaphrodite (1); monoecious (1),19
resprouting_capacity_non_fire_disturbance,resprouts_non_fire_disturbance (3),19
plant_tolerance_inundation,not_applicable (3),19
sex_type,hermaphrodite (1); monoecious (1),19
storage_organ,stem_tuber (2),19
resprouting_capacity,resprouts (7),19
plant_tolerance_water_logged_soils,not_applicable (3),19
leaf_type,scale (1),19
clonal_spread_mechanism,rhizome (2),19
bud_bank_location,basal_buds (1); none (1),19
resprouting_capacity_non_fire_disturbance,resprouts_non_fire_disturbance (g),19
dispersers,wind (g),19
dispersers,birds (1); water (1),19
plant_tolerance_snow,not_applicable (3),18
plant_tolerance_inundation,less_than_1_month (3),18
plant_height,0.1 (V),18
post_fire_flowering,fire_enhanced_flowering (1),18
plant_growth_form,herb (10),18
clonal_spread_mechanism,belowground_clonal (1),18
plant_growth_form,tree (4),18
nitrogen_fixing,nitrogen_fixer (g),18
flower_colour,white_cream (V),18
plant_height,20 (V),18
sex_type,andromonoecious (1); hermaphrodite (1),18
flowering_time,yyyyynnnyyyy (V),18
plant_tolerance_water_logged_soils,1-6_months (2); less_than_1_month (2),18
seedbank_longevity,2-- (g),17
flower_colour,green (1); white_cream (1),17
plant_growth_form,tree (6),17
nitrogen_fixing,nitrogen_fixer (3),17
plant_growth_form,shrub (8),17
dispersers,mammals (V),17
reproductive_maturity,3 (V),17
plant_height,0.7 (V),17
seedbank_location,canopy_seedbank (g),17
plant_tolerance_snow,days (g),17
life_history,annual (7),17
fruiting_time,yyyyyyyyyyyy (1),17
plant_tolerance_inundation,less_than_1_month (g),17
fire_time_from_fire_to_fruiting,10 (1),17
plant_height,30 (V),17
bud_bank_location,none (2),17
lifespan,>500 (V),17
plant_tolerance_water_logged_soils,less_than_1_month (g),17
sex_type,dioecious (2),17
flowering_time,yynnnnnnyyyy (2),16
root_structure,arbuscular_mycorrhizal (3),16
stem_growth_habit,decumbent (1); erect (1),16
plant_tolerance_snow,days (V),16
stem_growth_habit,caespitose (V),16
sex_type,monoecious (2),16
stem_growth_habit,rosette (1),16
parasitic,not_parasitic (4),16
plant_climbing_mechanism,twining (1),16
seedbank_longevity_class,persistent (4),16
seedbank_longevity_class,long_persistent (1); transient (1),16
plant_growth_form,shrub (9),16
seed_germination,1 (1),16
plant_tolerance_snow,days (3),16
plant_tolerance_salt,glycophyte (3),16
plant_tolerance_inundation,1-6_months (1); greater_than_6_months (1); less_than_1_month (1),16
fire_time_from_fire_to_fruiting,11.8604651162791 (1),16
fire_time_from_fire_to_fruiting,8.83720930232558 (1),16
plant_tolerance_snow,days (2); weeks (2),16
dispersal_syndrome,anemochory (g),16
fire_time_from_fire_to_fruiting,11.3953488372093 (1),16
dispersal_unit,seed,16
flower_colour,blue_purple (1); yellow_orange (1),15
plant_growth_substrate,terrestrial (1),15
seedbank_longevity,--2 (V),15
seedbank_location,soil_seedbank (g),15
plant_growth_form,shrub,15
plant_flood_regime_classification,amphibious (1),15
stem_growth_habit,spreading (V),15
vegetative_reproduction_ability,not_vegetative (5),15
plant_tolerance_salt,salinity_tolerance_undefined (3),15
plant_height,0.8 (V),15
plant_height,1 (1),15
plant_height,8 (V),15
plant_height,1.2 (V),15
root_system_type,tap_root_present (2),15
fruit_colour,red (2),15
fruit_colour,red (V),15
reproductive_maturity,2 (1),15
dispersal_syndrome,myrmecochory (1); zoochory (1),15
sex_type,monoecious (V),15
resprouting_capacity_proportion_individuals,1 (3),15
root_structure,mycorrhizal (1),15
root_structure,arbuscular_mycorrhizal (V),15
root_structure,arbuscular_mycorrhizal (1); non_mycorrhizal (1),15
bud_bank_location,basal_stem_buds (2),15
nitrogen_fixing,non_nitrogen_fixer (6),14
seed_germination_treatment,heat+smoke (1),14
storage_organ,stem_tuber (3),14
lifespan,100 (1); 50-500 (1),14
dispersal_syndrome,myrmecochory (1),14
reproductive_maturity,0--1 (2),14
plant_growth_form,herb (12),14
stem_growth_habit,climbing (V),14
fire_time_from_fire_to_flowering,24 (1),14
fire_time_from_fire_to_fruiting,3.48837209302326 (1),14
stem_growth_habit,erect (4),14
life_history,perennial,14
bud_bank_location,epicormic_buds (f),14
fire_time_from_fire_to_flowering,8.83720930232558 (1),14
pollination_syndrome,insect (1); vertebrate (1),14
fire_time_from_fire_to_fruiting,10.2325581395349 (1),14
flowering_time,nnnnnnnyyyyn (V),14
plant_type_by_resource_use,hydrohalophyte (1),14
pollination_syndrome,abiotic (1); insect (1); wind (1),14
flowering_time,nnnnnnnyyynn (V),14
flower_colour,blue_purple (1); green (1),13
dispersal_syndrome,hydrochory (V),13
fruit_colour,green (1),13
storage_organ,stem_tuber (f),13
dispersers,vertebrates (V),13
life_history,perennial (10),13
flowering_time,nnnnnnnnyyyn (2),13
lifespan,20--50 (1); <50 (1),13
seed_germination_time,70 (1),13
fruit_colour,brown (2),13
flowering_time,yynnnnnnnnny (2),13
fire_time_from_fire_to_peak_flowering,36 (1); 60 (1),13
reproductive_maturity,0--1 (1); 1 (1),13
plant_height,0.9 (V),13
plant_height,15 (V),13
pollination_system,insect (1),13
plant_growth_form,herb (1),13
stem_growth_habit,rosette (V),13
fire_time_from_fire_to_fruiting,11.6279069767442 (1),13
flowering_time,nnnnnnyyyynn (V),13
plant_tolerance_water_logged_soils,less_than_1_month (3),13
plant_height,0.2 (V),13
lifespan,50--100 (1); <10 (1),13
plant_growth_substrate,terrestrial (4),13
sex_type,monoecious (3),13
sex_type,dioecious (V),13
resprouting_capacity,resprouts (g),13
fruit_colour,black (2),13
sex_type,dioecious (3),12
stem_growth_habit,spreading (1),12
plant_growth_form,tree (5),12
stem_growth_habit,stoloniferous (V),12
plant_growth_form,climber (V),12
flowering_time,nnnnnnnnyyyn (f),12
plant_growth_form,tree (8),12
plant_height,0.5 (1),12
fruit_colour,brown (1); yellow (1),12
plant_height,2.5 (V),12
bud_bank_location,root_crown (1),12
lifespan,>500 (2),12
bud_bank_location,basal_stem_buds (1); bud-bearing_root (1),12
fire_time_from_fire_to_fruiting,4.65116279069767 (1),12
plant_height,6 (V),12
post_fire_recruitment,post_fire_recruitment (4),12
pollination_syndrome,abiotic (1); self (1); wind (1),12
life_history,annual (8),12
flower_colour,green (1); red_brown (1); white_cream (1),12
flowering_time,nnnnnnnnyyyy (V),12
sex_type,gynomonoecious (1); hermaphrodite (1); monoecious (1),12
sex_type,hermaphrodite (g),12
bud_bank_location,none (V),12
life_history,annual (3),12
fruiting_time,yynnnnnnyyyy (1),12
seed_germination_time,105 (1),12
reproductive_maturity,3 (1),11
seed_germination_treatment,heat (1); scarify (1),11
dispersal_syndrome,zoochory (2),11
stem_growth_habit,rosette (2),11
vegetative_reproduction_ability,vegetative (3),11
plant_height,0.3 (1),11
reproductive_maturity,2 (V),11
flowering_time,nnnnnnnnnnnn (1),11
resprouting_capacity,fire_killed (6),11
lifespan,100 (g),11
bud_bank_location,bud-bearing_root (V),11
stem_growth_habit,caespitose (1); erect (1),11
plant_height,0.15 (V),11
flower_colour,green (1); red_brown (1),11
flower_colour,blue_purple (1); white_cream (1); yellow_orange (1),11
fruit_colour,yellow (V),11
dispersal_syndrome,barochory (1); zoochory (1),11
serotiny,serotinous (1),11
seedbank_location,soil_seedbank (V),11
life_history,annual (2),11
clonal_spread_mechanism,aboveground_clonal (1),11
flower_colour,pink (V),11
plant_growth_form,tree,11
dispersers,birds (2),11
seedbank_longevity_class,transient (3),11
seedling_establishment_conditions,establish_anytime (2),11
dispersers,birds (1); wind (1),11
dispersal_syndrome,anemochory (4),11
dispersers,invertebrates (1); wind (1),11
plant_height,2 (1),10
seedbank_location,canopy_seedbank (2),10
flowering_time,ynnnnnnnyyyy (V),10
plant_tolerance_inundation,aquatic (1),10
flower_structural_sex_type,bisexual (2),10
plant_tolerance_water_logged_soils,aquatic (1),10
dispersers,wind (4),10
fruiting_time,yyyyynnnyyyy (1),10
plant_tolerance_inundation,less_than_1_month (V),10
flowering_cues,rain (1),10
pollination_system,biotic_specialised (1),10
flowering_time,yyyyynnnnnny (V),10
seedbank_location,soil_seedbank_absent (1),10
fire_time_from_fire_to_peak_flowering,48 (1); 72 (1),10
dispersal_syndrome,myrmecochory (3),10
sex_type,dioecious (4),10
lifespan,50-500 (2),10
lifespan,<10 (V),10
seed_germination_treatment,heat (g),10
flower_colour,blue_purple (1); red_brown (1),10
fruit_colour,black (1); brown (1),10
flowering_time,nnnnnnnyyynn (1),10
dispersers,mammals (2),10
storage_organ,lignotuber (g),10
plant_growth_form,shrub (10),10
flower_colour,red_brown (f),10
fruit_colour,yellow (1),10
stem_growth_habit,rhizomatous (f),9
stem_growth_habit,rosette (3),9
seed_germination,1 (3),9
dispersers,invertebrates (g),9
seedbank_longevity_class,transient (1); widely_dispersed (1),9
dispersers,invertebrates (1); passive (1),9
seed_dormancy_class,physical_dormancy (g),9
resprouting_capacity,fire_killed (2); resprouts (2),9
resprouting_capacity,fire_killed (1); partial_resprouting (1),9
root_structure,non_mycorrhizal (2),9
plant_height,0.6 (1),9
lifespan,<1 (1),9
stem_growth_habit,bushy (1),9
lifespan,50--100 (1); 50-500 (1),9
flowering_time,nnnnnnnnnyyy (V),9
plant_height,0.2 (1),9
fire_time_from_fire_to_peak_flowering,48 (1),9
plant_growth_form,climber_woody (V),9
plant_height,1 (f),9
stem_growth_habit,tufted (1),9
fire_time_from_fire_to_peak_flowering,36 (1),9
fire_time_from_fire_to_peak_flowering,12 (1),9
lifespan,100 (1); <50 (1),9
flowering_time,nnnnnnyyynnn (V),9
fire_time_from_fire_to_fruiting,13.0232558139535 (1),9
flower_colour,red_brown (1); white_cream (1); yellow_orange (1),9
dispersers,ants (1); invertebrates (1); passive (1),9
fruiting_time,nnnnnnnnyyyn (1),9
plant_height,1 (2),9
fire_time_from_fire_to_fruiting,2.32558139534884 (1),9
plant_height,35 (V),9
flower_colour,red_brown (V),9
seedbank_longevity,--2 (3),9
flowering_time,nnnnnnnyyyyn (1),9
root_structure,proteoid_root (1),9
life_history,biennial (V),9
plant_tolerance_water_logged_soils,1-6_months (3); greater_than_6_months (3); less_than_1_month (3),9
vegetative_reproduction_ability,not_vegetative (6),9
seed_germination,1 (2),9
dispersers,passive (1),9
dispersal_syndrome,barochory (1); epizoochory (1),9
plant_height,4 (1),9
plant_height,25 (V),9
fruit_colour,purple (V),9
establishment_light_environment_index,full sun,9
stem_growth_habit,erect (2); spreading (2),9
ploidy,2 (1),9
flowering_time,yynnnnnnyyyy (f),9
fruit_colour,black (2); brown (2),8
parasitic,not_parasitic (5),8
lifespan,25 (1); 5 (1); <50 (1),8
stem_growth_habit,caespitose (1),8
fruit_colour,black (3),8
seed_germination_time,49 (1),8
dispersal_syndrome,epizoochory (2),8
plant_growth_form,tree (7),8
fire_time_from_fire_to_fruiting,5.34883720930233 (1),8
fire_time_from_fire_to_peak_flowering,24 (1); 36 (1),8
plant_physical_defence_structures,absent (5),8
dispersal_syndrome,anemochory (1); epizoochory (1),8
fire_time_from_fire_to_fruiting,23.2558139534884 (1),8
dispersers,passive (1); wind (1),8
post_fire_recruitment,post_fire_recruitment_absent (V),8
dispersal_syndrome,barochory (2),8
fruit_colour,red (1),8
flowering_time,nnnnnnnnyyyn (3),8
plant_height,1 (1); 2 (1),8
storage_organ,lignotuber (3),8
fire_time_from_fire_to_flowering,8.6046511627907 (1),8
life_history,annual (4),8
pollination_syndrome,insect (1); wind (1),8
seed_dormancy_class,physiological_dormancy (g),8
seed_germination,0 (V),8
sex_type,dioecious (1),8
dispersal_unit,fruit,8
sex_type,andromonoecious (2),8
life_history,annual (2); perennial (2),8
fire_time_from_fire_to_fruiting,14.6511627906977 (1),8
lifespan,<50 (g),8
plant_tolerance_water_logged_soils,1-6_months (2); greater_than_6_months (2); less_than_1_month (2),8
dispersers,invertebrates (2),8
clonal_spread_mechanism,belowground_clonal (1); rhizome (1),8
plant_tolerance_salt,halophyte_moderate (3),8
flowering_time,ynnnnnnnnyyy (V),8
bud_bank_location,basal_stem_buds (2); epicormic_buds (2),8
nitrogen_fixing,nitrogen_fixer (4),8
storage_organ,rhizome (5),8
seedbank_location,soil_seedbank (1); soil_seedbank_absent (1),7
stem_growth_habit,rhizomatous (3),7
lifespan,<1 (V),7
plant_growth_form,shrub (1),7
plant_growth_form,shrub (11),7
plant_growth_form,graminoid (V); tussock (V),7
seedbank_longevity_class,transient (4),7
plant_type_by_resource_use,psammophile (1),7
stem_growth_habit,decumbent (2); erect (2),7
stem_growth_habit,decumbent (V); erect (V),7
pollination_syndrome,abiotic (2),7
flowering_time,nnnnnnnnnynn (V),7
flowering_time,yyyynnnnnnny (V),7
plant_growth_form,shrub (3); tree (3),7
fire_time_from_fire_to_fruiting,23.4883720930233 (1),7
plant_physical_defence_structures,sharp_pointed_defence (2),7
fire_time_from_fire_to_fruiting,3.72093023255814 (1),7
pollination_syndrome,bee (1),7
fire_time_from_fire_to_flowering,3.48837209302326 (1),7
flower_colour,pink (1); white_cream (1); yellow_orange (1),7
flower_colour,blue_purple (V),7
plant_growth_form,subshrub (V),7
bud_bank_location,epicormic_buds (1),7
life_history,annual (1),7
plant_tolerance_inundation,not_applicable (4),7
seedling_germination_location,hypogeal (1),7
plant_growth_form,shrub (2); tree (2),7
root_system_type,tap_root_present (4),7
reproductive_maturity,2 (1); 5--20 (1),7
plant_growth_substrate,aquatic (4),7
flower_colour,pink (1); red_brown (1),7
fire_time_from_fire_to_fruiting,6.97674418604651 (1),7
reproductive_maturity,4 (1); 5--20 (1),7
fire_time_from_fire_to_flowering,10 (1),7
fruit_colour,brown (3),7
fruit_colour,brown (2); yellow (2),7
lifespan,100 (1); 50--100 (1); >500 (1),7
flowering_time,nnnnnnnnyyyy (1),7
life_history,perennial (13),7
dispersal_syndrome,myrmecochory (g),7
dispersal_syndrome,myrmecochory (V); zoochory (V),7
fire_time_from_fire_to_peak_flowering,48 (1); 60 (1),7
stem_growth_habit,caespitose (1); rhizomatous (1),7
seed_germination_time,441 (1),7
recruitment_time,yyyyyyyyyyyy (2),7
fire_time_from_fire_to_fruiting,22.5581395348837 (1),7
plant_height,45 (V),7
plant_height,5 (1),7
fire_time_from_fire_to_fruiting,24.1860465116279 (1),7
flowering_time,yynnnnnnnnny (f),7
seedbank_location,canopy_seedbank (3),7
lifespan,25 (1); 5 (1),7
flowering_time,yynnnnnnnnyy (V),7
flowering_time,yynnnnnnnyyy (1),7
resprouting_capacity,fire_killed (1); partial_resprouting (1); resprouts (1),7
seed_germination_time,63 (1),7
storage_organ,rhizome (g),7
plant_tolerance_snow,days (4),7
seed_germination_treatment,scarify (1),7
stem_growth_habit,erect,7
bud_bank_location,basal_buds (1); basal_stem_buds (1); none (1),7
dispersal_syndrome,hydrochory (1),7
flowering_time,nnnnnnyyyyyn (V),7
seed_germination_time,168 (1),7
dispersers,water (1),7
seedbank_longevity,2-- (4),7
seedbank_longevity_class,persistent (g),7
seed_germination,0.96 (1),7
seed_germination_treatment,light (1),7
seed_germination_time,182 (1),7
parasitic,parasitic (V),6
flowering_time,nnnnnnnnnnyy (V),6
dispersers,mammals (1); wind (1),6
seed_germination_treatment,imbibe_hot (V),6
stem_growth_habit,decumbent (1),6
flowering_time,nnnnnnnnnnyn (1),6
fire_time_from_fire_to_peak_flowering,60 (1),6
flowering_time,nnnnnnnyyyyy (V),6
dispersal_syndrome,endozoochory (3),6
dispersal_syndrome,endozoochory (1); zoochory (1),6
plant_tolerance_salt,halophyte_moderate (4),6
plant_height,0.4 (1),6
seedbank_longevity,--2 (1); 2-- (1),6
seedbank_longevity,--2 (4),6
plant_tolerance_soil_salinity,80 (1),6
plant_height,0.8 (1),6
fire_time_from_fire_to_flowering,4.41860465116279 (1),6
stem_growth_habit,stoloniferous (1),6
reproductive_maturity,3 (1); 5--20 (1),6
plant_growth_substrate,aquatic (2),6
plant_growth_substrate,aquatic (3),6
flower_colour,green (1); white_cream (1); yellow_orange (1),6
plant_growth_form,tree (1),6
plant_height,1 (3),6
bud_bank_location,basal_buds (1); epicormic_buds (1),6
reproductive_light_environment_index,7 (1),6
flowering_time,yynnnnnnnnny (3),6
vegetative_reproduction_ability,not_vegetative (2); vegetative (2),6
flowering_time,ynnnnnnyyyyy (V),6
reproductive_maturity,1 (1); 1--5 (1); 2 (1),6
reproductive_maturity,5 (V),6
reproductive_maturity,5 (1); 5--20 (1),6
plant_growth_form,herb (V); tussock (V),6
resprouting_capacity_proportion_individuals,0 (V),6
seed_germination_time,84 (1),6
fruit_colour,green (V),6
flower_colour,blue_purple (1); red_brown (1); yellow_orange (1),6
dispersal_syndrome,anemochory (1); zoochory (1),6
dispersers,mammals (1); passive (1),6
plant_climbing_mechanism,scrambling (1),6
fire_time_from_fire_to_flowering,2.32558139534884 (1),6
plant_height,0.3 (2),6
stem_growth_habit,erect (1); rhizomatous (1),6
lifespan,40 (1); 80 (1),6
fruiting_time,nnyyyyyyyyyn (1),6
lifespan,25 (1); 60 (1); <50 (1),6
lifespan,25 (1); 60 (1),6
dispersers,birds (2); vertebrates (2),6
plant_tolerance_water_logged_soils,1-6_months (V); less_than_1_month (V),6
plant_tolerance_water_logged_soils,less_than_1_month (V),6
dispersal_syndrome,ballistic (1),6
dispersers,water (V),6
flowering_time,nnnnnnnnnyyn (V),6
seed_germination_time,140 (1),6
plant_height,0.1 (1),6
stem_growth_habit,erect (1); prostrate (1); spreading (1),6
fire_time_from_fire_to_flowering,6 (1),6
leaf_type,scale (2),6
stem_growth_habit,dense (1),6
stem_growth_habit,dense,6
bud_bank_location,rhizome (V),6
fruit_colour,black (1); blue (1),6
flower_colour,yellow_orange (V),6
plant_tolerance_water_logged_soils,not_applicable (4),6
flowering_time,nnnnnnyyyyyy (V),6
flowering_time,nnnnnnnnnyyy (1),6
vegetative_reproduction_ability,vegetative (5),6
fruiting_time,yyyyyyyynnny (1),6
bud_bank_location,none (g),6
resprouting_capacity,fire_killed (V); resprouts (V),6
stem_growth_habit,climbing (1); sprawling (1),6
plant_tolerance_salt,halophyte (1); hydrohalophyte (1),6
fruiting_time,nnnnnnnnyyyy (1),6
flowering_time,yyyyynnnnnny (1),6
dispersers,ants (V); invertebrates (V),5
resprouting_capacity_non_fire_disturbance,resprouts_non_fire_disturbance (4),5
plant_growth_form,climber_herbaceous (V); herb (V),5
plant_growth_form,tree (3),5
flowering_time,nnnnnnnyynnn (V),5
reproductive_maturity,6--10 (1),5
resprouting_capacity_juvenile,juvenile_fire_killed (2),5
resprouting_capacity,resprouts (9),5
plant_growth_substrate,aquatic (V),5
fire_time_from_fire_to_fruiting,6.04651162790698 (1),5
flowering_time,nnnyyyyyyynn (V),5
plant_height,0.05 (1),5
vegetative_reproduction_ability,vegetative (4),5
seed_germination_time,210 (1),5
fire_time_from_fire_to_fruiting,9.76744186046512 (1),5
lifespan,50--100 (1); <1 (1),5
dispersers,invertebrates (1); passive (1); wind (1),5
storage_organ,corm (5),5
resprouting_capacity,resprouts (8),5
flower_colour,blue_purple (1); green (1); white_cream (1); yellow_orange (1),5
plant_height,0.75 (V),5
plant_height,0.6 (2),5
bud_bank_location,basal_buds (V),5
plant_height,0.25 (V),5
seedbank_location,none (1),5
flowering_time,yyyyynnnnyyy (V),5
root_structure,ectomycorrhizal (2),5
dispersers,birds (1); passive (1),5
flower_colour,blue_purple (1); pink (1); white_cream (1); yellow_orange (1),5
flowering_time,yyyyynnnyyyy (1),5
storage_organ,stem_tuber (4),5
root_structure,arbuscular_mycorrhizal (4),5
seed_germination_treatment,heat (1); imbibe_hot (1),5
dispersal_syndrome,myrmecochory (2),5
resprouting_capacity,fire_killed (7),5
seed_dormancy_class,physiological_dormancy (f),5
dispersal_syndrome,undefined (1),5
seed_dormancy_class,physiological_dormancy (2),5
flower_colour,green (1); red_brown (1); white_cream (1); yellow_orange (1),5
storage_organ,stem_tuber (V),5
plant_height,0.5 (V); 0.6 (V),5
flowering_time,ynnnnnnnnyyy (1),5
dispersal_syndrome,anemochory (6),5
dispersal_syndrome,anemochory (5),5
seed_germination_time,147 (1),5
stem_growth_habit,rosette (4),5
flower_colour,yellow_orange (g),5
seed_germination,0.8 (1),5
dispersers,abiotic (1); animals (1); birds (1),5
life_history,annual (11),5
fire_time_from_fire_to_fruiting,10.6976744186047 (1),5
fire_time_from_fire_to_flowering,48 (1),5
plant_height,7 (V),5
seed_germination_time,154 (1),5
bud_bank_location,stolon (1),5
flower_structural_sex_type,incompletely_unisexual (1),5
stem_growth_habit,rhizomatous (g),5
life_history,annual (V); biennial (V),5
pollination_syndrome,insect (5),5
fruiting_time,yyynnnnnnyyy (1),5
fruiting_time,nyyyyyyyyynn (1),5
fruiting_time,nnyyynnnnnnn (1),5
life_history,annual (6); perennial (6),5
fire_time_from_fire_to_fruiting,28.8372093023256 (1),5
fire_time_from_fire_to_flowering,8.37209302325581 (1),5
seed_germination_treatment,heat_lethal (1),5
stem_growth_habit,spreading (2),5
dispersal_syndrome,epizoochory (1); zoochory (1),5
fruit_colour,blue (V),5
plant_growth_substrate,epiphyte (V),5
flower_colour,blue_purple (1); red_brown (1); white_cream (1),5
plant_height,0.25 (1),5
plant_height,0.2 (1); 0.3 (1),5
plant_height,0.15 (1),5
seed_germination_treatment,stratification (1),5
dispersal_syndrome,anemochory (7),5
fire_time_from_fire_to_flowering,36 (1),5
plant_tolerance_salt,salinity_tolerance_undefined (V),5
plant_tolerance_snow,days (V); weeks (V),5
flowering_time,yyynnnnnnnyy (V),5
seedling_establishment_conditions,establish_intermediate_to_mature_vegetation (1),5
seedbank_longevity,1-- (1),5
bud_bank_location,none (3),5
bud_bank_location,fleshy_underground_organ (1); stem_tuber (1),5
flowering_time,nnnnnnnnyynn (V),5
fruiting_time,yyyyynnnnyyy (1),5
dispersal_syndrome,anemochory (V); barochory (V),5
dispersers,birds (1); flying_vertebrates (1),5
fruit_colour,purple (1),5
fruiting_time,nnnnnnnnnyyy (1),5
flowering_time,nnnnnnnnyyyn (1); ynnnnnnyyyyy (1),5
flowering_time,nnnnnnnnyyyn (1); nnnnyyyyyynn (1),5
plant_height,3 (2),5
fire_time_from_fire_to_fruiting,4.41860465116279 (1),5
fire_time_from_fire_to_fruiting,4.18604651162791 (1),5
lifespan,100 (1); >500 (1),5
plant_growth_form,herb (13),5
fruit_colour,brown (V); red (V),5
fruiting_time,nnnyyyyyynnn (1),5
reproductive_maturity,1--5 (1); 2 (1); 3 (1),5
reproductive_maturity,0.288461538461538 (1),5
reproductive_maturity,0--1 (3),5
reproductive_maturity,5 (1),5
stem_growth_habit,compact (1),5
life_history,short_lived_perennial (V),5
plant_height,2 (2),5
plant_growth_form,tree (10),5
flower_colour,green (V),5
plant_growth_form,tree (9),5
fire_time_from_fire_to_flowering,2.7906976744186 (1),5
reproductive_maturity,1--5 (3),5
root_system_type,tap_root_present (3),5
pollination_syndrome,abiotic (V); wind (V),5
stem_growth_habit,climbing (2),5
pollination_syndrome,vertebrate (V),5
dispersal_syndrome,anemochory (1); barochory (1); zoochory (1),5
stem_growth_habit,erect (V); prostrate (V),5
seedbank_location,soil_seedbank (4),5
dispersers,wind (6),5
dispersers,wind (5),5
plant_growth_form,tree (2),5
plant_growth_form,tree (11),5
recruitment_time,nyyyyyyyyynn (1); yyyyyyyyyyyy (1),5
serotiny,serotinous (4),5
flowering_time,nnnnnnnyyyyy (1),5
flowering_time,yynnnnnnnyyy (V),5
flowering_time,yynnnnnnnnyy (1),5
fruit_colour,yellow (2),5
stem_growth_habit,decumbent (1); prostrate (1),5
dispersers,vertebrates (1),5
seedbank_longevity,0--0.2 (1),5
dispersers,ants (1); wind (1),5
dispersers,ants (1); mammals (1),5
plant_height,50 (V),5
serotiny,serotinous (V),5
bud_bank_location,basal_buds (V); basal_stem_buds (V),4
bud_bank_location,basal_stem_buds (1); epicormic_buds (1),4
flowering_time,ynnnnnnnnnyy (2),4
flowering_time,ynnnnnnnyyyy (1),4
flowering_time,ynnnnnnnyyyy (V); yynnnnnnyyyy (V),4
flowering_time,ynnnnnyyyyyy (V),4
bud_bank_location,basal_buds (1); bud-bearing_root (1),4
flowering_time,nnnnnyyyyyyn (V),4
flower_colour,green (1); pink (1); white_cream (1),4
dispersers,water (2),4
seed_germination_treatment,imbibe_hot (1),4
plant_height,0.2 (V); 1 (V),4
lifespan,30 (1),4
lifespan,40 (1); 50-500 (1); 80 (1),4
plant_height,0.3 (1); 0.5 (1),4
flower_colour,blue_purple (1); green (1); red_brown (1),4
flower_colour,blue_purple (1); green (1); red_brown (1); white_cream (1); yellow_orange (1),4
plant_height,0.35 (V),4
lifespan,<10 (3),4
stem_growth_habit,open (1),4
stem_growth_habit,prostrate (1); spreading (1),4
stem_growth_habit,prostrate (2),4
competitive_stratum,ground (1),4
plant_height,1 (1); 1.5 (1),4
plant_height,0.45 (V),4
plant_height,0.7 (1),4
seedbank_location,canopy_seedbank (4),4
seed_germination_time,42 (1),4
seed_germination_time,77 (1),4
fire_time_from_fire_to_fruiting,6.51162790697674 (1),4
fire_time_from_fire_to_fruiting,8.37209302325581 (1),4
plant_height,1 (V); 2 (V),4
fire_time_from_fire_to_fruiting,9.06976744186047 (1),4
fire_time_from_fire_to_fruiting,9.53488372093023 (1),4
fire_time_from_fire_to_peak_flowering,36 (1); 48 (1),4
plant_growth_substrate,epiphyte (1),4
plant_growth_substrate,epiphyte (2),4
plant_height,2 (1); 4 (1),4
lifespan,10 (1),4
lifespan,10--20 (1),4
life_history,perennial (11),4
life_history,perennial (12),4
plant_height,1.5 (1); 2 (1),4
plant_height,12 (V),4
fire_time_from_fire_to_fruiting,46.046511627907 (1),4
fire_time_from_fire_to_fruiting,2.7906976744186 (1),4
plant_height,40 (V),4
fire_time_from_fire_to_fruiting,34.6511627906977 (1),4
fire_time_from_fire_to_fruiting,28.3720930232558 (1),4
serotiny,serotinous (2),4
serotiny,serotinous (3),4
plant_physical_defence_structures,absent (6),4
plant_growth_form,tree (12),4
dispersers,ants (1); birds (1),4
stem_growth_habit,erect (2); prostrate (2),4
stem_growth_habit,erect (3); spreading (3),4
stem_growth_habit,erect (V); spreading (V),4
dispersal_syndrome,anemochory (1); hydrochory (1),4
plant_tolerance_inundation,less_than_1_month (5),4
fire_time_from_fire_to_fruiting,14.1860465116279 (1),4
fire_time_from_fire_to_flowering,9.06976744186047 (1),4
flowering_time,nnnnnnnnyynn (1),4
life_history,annual (9),4
seedbank_longevity,--1 (1),4
flower_colour,white_cream (3),4
competitive_stratum,mid,4
seed_germination_time,161 (1),4
fire_time_from_fire_to_flowering,7.67441860465116 (1),4
fire_time_from_fire_to_flowering,8.13953488372093 (1),4
plant_tolerance_salt,glycophyte (4),4
fire_time_from_fire_to_flowering,6.04651162790698 (1),4
plant_tolerance_inundation,1-6_months (2); greater_than_6_months (2); less_than_1_month (2),4
plant_tolerance_inundation,1-6_months (2); less_than_1_month (2),4
plant_tolerance_inundation,1-6_months (3); less_than_1_month (3),4
plant_tolerance_inundation,1-6_months (4); less_than_1_month (4),4
fire_time_from_fire_to_flowering,11.3953488372093 (1),4
seed_germination_time,119 (1),4
dispersal_syndrome,ballistic (V),4
dispersal_syndrome,anemochory (8),4
plant_tolerance_salt,halophyte_moderate (1); salinity_tolerance_undefined (1),4
fruiting_time,yyyyynnnnnyy (1),4
fruiting_time,yyyyyyynnnnn (1),4
seedbank_longevity,1-- (1); 2-- (1),4
seed_germination,0.95 (V),4
plant_tolerance_salt,salt_spray_tolerant (2),4
fire_time_from_fire_to_flowering,4.18604651162791 (1),4
plant_tolerance_snow,days (1); not_applicable (1),4
plant_tolerance_snow,days (2); months (2); weeks (2),4
fruiting_time,yyyynnnnnnny (1),4
fruiting_time,yyyynnnnyyyy (1),4
plant_tolerance_snow,days (3); weeks (3),4
seed_germination_time,224 (1),4
seed_germination,0.92 (1),4
dispersers,abiotic (1); animals (1); invertebrates (1),4
flowering_cues,fire,4
plant_growth_form,shrub (4); tree (4),4
plant_growth_form,shrub (5); tree (5),4
plant_growth_form,shrub (6); tree (6),4
flower_colour,yellow_orange (3),4
plant_growth_form,palmoid (V),4
stem_growth_habit,erect (1); rosette (1),4
plant_tolerance_water_logged_soils,1-6_months (3); less_than_1_month (3),4
plant_tolerance_water_logged_soils,1-6_months (4); greater_than_6_months (4); less_than_1_month (4),4
fruiting_time,nnyyyyyyynnn (1),4
flowering_time,nnnnnnnnyyyn (1); nnnnnnnyyynn (1),4
fruiting_time,yyynnnnnnnnn (1),4
plant_tolerance_water_logged_soils,1-6_months (4); less_than_1_month (4),4
stem_growth_habit,decumbent (V); prostrate (V),4
flowering_time,yyynnnnnnyyy (V),4
flowering_time,yyynnnnnyyyy (V),4
flowering_time,yyynnnnyyyyy (V),4
flowering_time,nnnnnnnyyynn (2),4
flowering_time,nnnnnnnyyyyn (2),4
fire_time_from_fire_to_flowering,12 (1); 24 (1),4
fire_time_from_fire_to_flowering,24 (1); 36 (1),4
fire_time_from_fire_to_flowering,24 (V),4
pollination_system,bee (1),4
stem_growth_habit,climbing (1); rhizomatous (1),4
plant_growth_form,herb,4
fire_time_from_fire_to_flowering,24 (1); 24.1860465116279 (1); 36 (1); 36.2790697674419 (1),4
post_fire_recruitment,post_fire_recruitment (2); post_fire_recruitment_absent (2),4
fruit_colour,white (1),4
flowering_time,nnnnnnnnyyyn (1); ynnnyyyyyyyy (1),4
dispersal_syndrome,endozoochory (4),4
stem_growth_habit,caespitose (V); erect (V),4
stem_growth_habit,climbing (1); erect (1),4
reproductive_maturity,4 (2),4
reproductive_maturity,1 (1); 1--5 (1); 5 (1),4
reproductive_maturity,1 (1); 5--20 (1),4
reproductive_maturity,1 (V),4
fruit_colour,green (2),4
plant_growth_form,herb (14),4
plant_growth_form,herb (15),4
plant_growth_form,graminoid (2); herb (2); tussock (2),4
stem_growth_habit,tufted (2),4
reproductive_maturity,2 (1); 3 (1),4
root_system_type,tap_root_sometimes_present (1),4
seed_dormancy_class,non_dormant (1); physiological_dormancy (1),4
fruit_colour,brown (1); green (1),4
fruit_colour,brown (1); orange (1); yellow (1),4
root_structure,carnivorous (1),4
root_structure,ectomycorrhizal (V),4
root_structure,ericoid_mycorrhizal (1),4
resprouting_capacity_non_fire_disturbance,resprouts_non_fire_disturbance (5),4
resprouting_capacity,partial_resprouting (1); resprouts (1),4
flowering_time,yyyyyyyyyyyy (1),4
fruit_colour,black (1); purple (1),4
dispersal_syndrome,epizoochory (1); hydrochory (1),4
storage_organ,bulb (6),4
parasitic,not_parasitic (6),4
parasitic,stem_parasitic (V),4
storage_organ,rhizome (6),4
bud_bank_location,basal_buds (1); basal_stem_buds (1); epicormic_buds (1),4
bud_bank_location,basal_buds (1); root_crown (1),3
bud_bank_location,basal_buds (1); bud-bearing_root (1); root_crown (1),3
bud_bank_location,basal_buds (1); bud-bearing_root (1); none (1),3
storage_organ,stem_tuber (g),3
flowering_time,ynnnnnnnnnnn (1),3
flowering_time,nnnyyyyynnnn (V),3
bud_bank_location,basal_buds (1); basal_stem_buds (1); bud-bearing_root (1),3
nitrogen_fixing,non_nitrogen_fixer (8),3
nitrogen_fixing,non_nitrogen_fixer (7),3
flowering_time,nnnnnnnnnnyn (V),3
nitrogen_fixing,nitrogen_fixer (V),3
nitrogen_fixing,nitrogen_fixer (5),3
bud_bank_location,rhizome (2),3
stem_growth_habit,stoloniferous (2),3
plant_growth_form,graminoid (3); herb (3),3
plant_growth_form,fern,3
flowering_time,nnnnnnnnnnnn (1); yyyyyyyyyyyy (1),3
flowering_time,nnnnnnnnnnnn (1); yyyyyynnnnnn (1),3
plant_growth_form,climber (V); climber_herbaceous (V),3
plant_climbing_mechanism,twining (V),3
plant_climbing_mechanism,twining (2),3
plant_growth_form,graminoid (3); herb (3); tussock (3),3
plant_growth_form,shrub (13),3
plant_growth_form,shrub (12),3
clonal_spread_mechanism,non_clonal (1); root_buds (1),3
stem_growth_habit,sprawling (V),3
stem_growth_habit,sprawling (3),3
stem_growth_habit,sprawling (2),3
bud_bank_location,epicormic_buds (g),3
clonal_spread_mechanism,stolon (2),3
clonal_spread_mechanism,root_tuber (1); stem_tuber (1),3
clonal_spread_mechanism,root_buds (1),3
competitive_stratum,upper,3
flower_colour,red_brown (2); white_cream (2),3
flower_colour,white_cream (4),3
flower_colour,red_brown (2); yellow_orange (2),3
plant_growth_substrate,epiphyte (1); terrestrial (1),3
plant_growth_substrate,aquatic (6),3
stem_growth_habit,prostrate (4),3
stem_growth_habit,mat-forming (V),3
dispersal_syndrome,anemochory (10),3
lifespan,<10 (2),3
flowering_time,nnnnnnnnnynn (V); yynnnnnnyyyy (V),3
flower_colour,green (1); red_brown (1); yellow_orange (1),3
plant_height,0.02 (1),3
plant_growth_substrate,terrestrial (f),3
flower_colour,blue_purple (2); green (2),3
plant_height,0.15 (1); 0.6 (1),3
flower_colour,blue_purple (1); green (1); yellow_orange (1),3
flower_colour,blue_purple (1); green (1); white_cream (1),3
flower_colour,blue_purple (1); green (1); red_brown (1); yellow_orange (1),3
flower_colour,blue_purple (1); green (1); red_brown (1); white_cream (1),3
plant_height,0.3 (1); 0.4 (1),3
lifespan,40 (1); 80 (1); <50 (1),3
lifespan,30 (1); <50 (1),3
lifespan,30 (1); 5 (1); 50-500 (1),3
lifespan,25 (1); <50 (1),3
flowering_time,nnnnnnnnnyyn (1),3
lifespan,25 (1),3
lifespan,20--50 (1); >500 (1),3
flower_colour,blue_purple (1); green (1); pink (1); white_cream (1),3
fire_time_from_fire_to_peak_flowering,60 (1); 72 (1),3
plant_height,0.5 (3),3
plant_height,0.5 (1); 1 (1),3
plant_height,1.5 (1),3
plant_height,1 (V); 1.5 (V),3
fire_time_from_fire_to_fruiting,8.6046511627907 (1),3
fire_time_from_fire_to_fruiting,8.13953488372093 (1),3
fire_time_from_fire_to_fruiting,6.74418604651163 (1),3
lifespan,20--50 (1),3
lifespan,20 (1); 30 (1),3
lifespan,100 (1); 50--100 (1); <50 (1),3
lifespan,100 (1); 50--100 (1); 50-500 (1),3
plant_height,2 (f),3
plant_height,2 (1); 3 (1); 4 (1),3
plant_height,15 (V); 20 (V),3
plant_height,12 (1),3
plant_height,10 (1),3
plant_height,1.8 (V),3
plant_height,1.5 (2),3
plant_height,20 (1); 25 (1),3
fire_time_from_fire_to_fruiting,44.1860465116279 (1),3
fire_time_from_fire_to_fruiting,41.1627906976744 (1),3
fire_time_from_fire_to_fruiting,37.906976744186 (1),3
fire_time_from_fire_to_fruiting,36 (V),3
life_history,perennial (15),3
bud_bank_location,bud-bearing_root (1); root_crown (1),3
bud_bank_location,bud-bearing_root (1); rhizome (1),3
bud_bank_location,bud-bearing_root (1); none (1),3
bud_bank_location,basal_stem_buds (V); epicormic_buds (V),3
storage_organ,pseudobulb (1),3
fire_time_from_fire_to_fruiting,26.5116279069767 (1),3
fire_time_from_fire_to_fruiting,25.1162790697674 (1),3
plant_height,6 (1),3
fire_time_from_fire_to_fruiting,36 (1),3
fire_time_from_fire_to_fruiting,34.8837209302326 (1),3
fire_time_from_fire_to_fruiting,33.2558139534884 (1),3
fire_time_from_fire_to_fruiting,21.8604651162791 (1),3
fire_time_from_fire_to_fruiting,20.9302325581395 (1),3
fire_time_from_fire_to_fruiting,2.55813953488372 (1),3
plant_height,8 (2),3
fire_time_from_fire_to_fruiting,29.0697674418605 (1),3
stem_growth_habit,erect (V); stoloniferous (V),3
stem_growth_habit,erect (5),3
flowering_time,nnnnnnnnynnn (1); nnnnnnnnyyyn (1),3
flowering_time,nnnnnnnnynnn (1),3
life_history,annual (V); perennial (V),3
flowering_time,nnnnnnnnynnn (V),3
fire_time_from_fire_to_flowering,9.76744186046512 (1),3
fire_time_from_fire_to_flowering,9.53488372093023 (1),3
fire_time_from_fire_to_fruiting,2.09302325581395 (1),3
fire_time_from_fire_to_fruiting,19.7674418604651 (1),3
fire_time_from_fire_to_fruiting,16.5116279069767 (1),3
fire_time_from_fire_to_fruiting,14.8837209302326 (1),3
plant_tolerance_calcicole,calcifuge (2),3
plant_tolerance_inundation,less_than_1_month (1); not_applicable (1),3
plant_tolerance_inundation,1-6_months (3); greater_than_6_months (3); less_than_1_month (3),3
plant_tolerance_salt,halophyte (1),3
fire_time_from_fire_to_flowering,5.34883720930233 (1),3
plant_tolerance_salt,glycophyte (5),3
plant_tolerance_salt,glycophyte (1); salinity_tolerance_undefined (1),3
life_history,annual (2); biennial (2),3
germination_treatment,dark,3
plant_tolerance_salt,halophyte_moderate (1); hydrohalophyte (1),3
dispersal_syndrome,anemochory (2); zoochory (2),3
dispersal_syndrome,anemochory (2); barochory (2),3
dispersal_syndrome,ballistic (1); myrmecochory (1); zoochory (1),3
dispersal_syndrome,ballistic (1); myrmecochory (1),3
fire_time_from_fire_to_flowering,4.65116279069767 (1); 4.8 (1),3
fire_time_from_fire_to_flowering,36.2790697674419 (1); 48.3720930232558 (1),3
plant_tolerance_salt,salinity_tolerance_undefined (4),3
fire_time_from_fire_to_flowering,36.2790697674419 (1),3
plant_tolerance_snow,days (5),3
plant_tolerance_snow,days (3); months (3); weeks (3),3
fruiting_time,yyynnnnnnnyy (1),3
fruiting_time,ynnnnnnnyyyy (1),3
fruiting_time,ynnnnnnnnnyy (1),3
fruiting_time,nyyyynnnnnnn (1),3
fruiting_time,nnyyyyyynnnn (1),3
stem_growth_habit,decumbent (2),3
dispersal_syndrome,barochory (1); myrmecochory (1); zoochory (1),3
dispersal_syndrome,barochory (1); epizoochory (1); zoochory (1),3
fire_time_from_fire_to_flowering,3.6 (1),3
plant_tolerance_water_logged_soils,less_than_1_month (5),3
pollination_syndrome,fly (1),3
fire_time_from_fire_to_flowering,24.1860465116279 (1); 36.2790697674419 (1),3
pollination_syndrome,bird (1); insect (1); mammal (1),3
plant_type_by_resource_use,xerophyte (1),3
stem_growth_habit,climbing (1); prostrate (1),3
pollination_syndrome,insect (6),3
fire_time_from_fire_to_flowering,24.1860465116279 (1),3
fruiting_time,nnnnnnnnnnyy (1),3
fruit_colour,yellow (3),3
fruit_colour,yellow,3
fruit_colour,red (V); yellow (V),3
post_fire_recruitment,post_fire_recruitment (5),3
dispersal_syndrome,barochory (1); epizoochory (1); hydrochory (1),3
dispersal_syndrome,barochory (1); endozoochory (1); myrmecochory (1); zoochory (1),3
stem_growth_habit,decumbent (1); erect (1); prostrate (1),3
stem_growth_habit,creeping (V),3
stem_growth_habit,creeping (1),3
dispersal_syndrome,barochory (V); zoochory (V),3
dispersal_syndrome,barochory (V); myrmecochory (V),3
stem_growth_habit,caespitose (2); erect (2),3
dispersal_syndrome,endozoochory (f),3
fruit_colour,red (3),3
fruit_colour,pink,3
fruit_colour,orange (3); yellow (3),3
fruit_colour,orange (2); red (2),3
fruit_colour,green (1); white (1),3
fruit_colour,brown (V); yellow (V),3
reproductive_maturity,1--5 (V); 4 (V),3
reproductive_maturity,1--5 (1); 3 (1),3
reproductive_maturity,1 (1); 5 (1); 5--20 (1),3
reproductive_maturity,4 (V),3
reproductive_maturity,4 (1),3
fire_time_from_fire_to_flowering,2.55813953488372 (1),3
reproductive_maturity,3 (1); 4 (1),3
reproductive_maturity,10--20 (1),3
fire_time_from_fire_to_flowering,14.8837209302326 (1),3
reproductive_maturity,7 (1),3
reproductive_maturity,5--20 (3),3
fruit_colour,brown (4),3
fruit_colour,brown (2); grey (2),3
fruit_colour,brown (1); grey (1),3
fruit_colour,black (2); purple (2),3
resprouting_capacity,fire_killed (8),3
stem_growth_habit,bushy (1); spreading (1),3
stem_growth_habit,bushy (1); erect (1),3
sex_type,trioecious (1),3
resprouting_capacity_juvenile,juvenile_resprout (2),3
resprouting_capacity_juvenile,juvenile_fire_killed (1); juvenile_resprout (1),3
resprouting_capacity,partial_resprouting (1),3
resprouting_capacity_proportion_individuals,0 (2),3
fire_time_from_fire_to_flowering,12 (2),3
fire_time_from_fire_to_flowering,12 (1); 8.83720930232558 (1),3
sex_type,hermaphrodite (4),3
dispersal_syndrome,epizoochory (4),3
dispersal_syndrome,epizoochory (3),3
fruit_colour,black (1); red (1),3
flowering_time,yyyyyynnnnny (1),3
flowering_time,yyyyynnnyyyy (2),3
root_structure,hemiparasitic_root (1),3
root_structure,arbuscular_mycorrhizal (5),3
root_structure,arbuscular_mycorrhizal (1); proteoid_root (1),3
resprouting_capacity_proportion_individuals,1 (V),3
resprouting_capacity_proportion_individuals,0.8 (V),3
root_structure,non_mycorrhizal (3),3
dispersal_syndrome,hydrochory (3),3
seed_dormancy_class,non_dormant (3),3
seed_dormancy_class,morphophysiological_dormancy (f),3
fire_time_from_fire_to_flowering,12 (1); 12.093023255814 (1); 9.53488372093023 (1),3
fire_time_from_fire_to_flowering,12 (1); 12.093023255814 (1); 8.83720930232558 (1),3
flowering_time,yyyyynnnnnny (2),3
flowering_time,yyyyynnnnnnn (V),3
flowering_time,yyyynnnnyyyy (V),3
flowering_time,yyyynnnnnnnn (V),3
flowering_time,yyynnnnnnnyy (1),3
seed_germination,0.9 (V),3
seed_germination,0.89 (1); 1 (1),3
seed_germination,0.85 (V),3
fire_time_from_fire_to_flowering,12 (1); 12.093023255814 (1); 3.72093023255814 (1),3
seed_germination,0.5 (V),3
seed_germination_time,252 (1),3
fire_time_from_fire_to_flowering,11.6279069767442 (1); 12 (1),3
fire_time_from_fire_to_flowering,11.6279069767442 (1),3
seed_germination,1 (4),3
seed_germination_time,273 (1),3
seed_germination_time,266 (1),3
flowering_time,yyynnnnnnnny (V),3
flowering_time,yynnnnnnyyyy (4),3
flowering_time,yynnnnnnnnny (1); yyyynnnnnnny (1),3
flowering_time,nnnnnnyyyyyy (1),3
seed_germination_treatment,heat (1); heat+smoke (1),3
seed_germination_treatment,chemical_treatment (1); smoke (1),3
seed_germination_time,868 (1),3
seed_germination_time,56 (1),3
seed_germination_time,427 (1),3
seed_germination_time,357 (1),3
dispersers,wind (8),3
seedbank_location,none (1); soil_seedbank (1),3
seedbank_location,soil_seedbank (5),3
dispersers,abiotic (1); animals (1); passive (1); wind (1),3
seedling_germination_location,epigeal (1),3
seedbank_longevity_class,long_persistent (1); persistent (1); transient (1),3
dispersers,ants (1); invertebrates (1); wind (1),3
seedbank_longevity_class,short_persistent (1),3
dispersers,birds (1); flying_vertebrates (1); vertebrates (1),3
dispersers,birds,3
dispersers,birds (V); vertebrates (V),3
dispersers,birds (3),3
storage_organ,root_tuber (V),3
storage_organ,root_tuber (1),3
bud_bank_location,apical_buds (1),3
flowering_time,nnnnnyyyyyyy (1),2
flowering_time,nnnnnyyyyyyn (1),2
storage_organ,root_tuber (2),2
bud_bank_location,basal_stem_buds (4),2
bud_bank_location,bud-bearing_root (1); rhizome (1); root_crown (1),2
storage_organ,pseudobulb (2),2
storage_organ,pseudobulb (1); rhizome (1),2
bud_bank_location,basal_buds (3); basal_stem_buds (3),2
bud_bank_location,basal_buds (V); epicormic_buds (V),2
vegetative_reproduction_ability,vegetative (6),2
storage_organ,lignotuber (4),2
bud_bank_location,fleshy_underground_organ (V),2
bud_bank_location,fleshy_underground_organ (2),2
bud_bank_location,fleshy_underground_organ (1),2
clonal_spread_mechanism,aboveground_clonal (1); belowground_clonal (1),2
bud_bank_location,rhizome (1); stolon (1),2
bud_bank_location,rhizome (1); root_crown (1),2
storage_organ,lignotuber,2
storage_organ,corm (3),2
storage_organ,corm (2),2
storage_organ,corm (1),2
storage_organ,bulb (V),2
flowering_time,nnnnyyyyyyyy (1),2
flowering_time,nnnnyyyyyynn (V),2
flowering_time,nnnnyyyyyynn (1); yynnnnnnyyyy (1),2
flowering_time,nnnnyyyyyynn (1),2
storage_organ,bulb (1),2
stem_growth_habit,submerged (V),2
stem_growth_habit,submerged (3),2
stem_growth_habit,spreading (3),2
clonal_spread_mechanism,non_clonal (1); rhizome (1),2
clonal_spread_mechanism,adventitious_roots (1); root_buds (1),2
clonal_spread_mechanism,stolon (V),2
clonal_spread_mechanism,rhizome (V),2
clonal_spread_mechanism,rhizome (3),2
stem_growth_habit,prostrate (V); sprawling (V),2
stem_growth_habit,prostrate (3),2
stem_growth_habit,mat-forming (V); rhizomatous (V),2
dispersal_syndrome,anemochory (11),2
dispersal_syndrome,anemochory (1); epizoochory (1); zoochory (1),2
dispersal_syndrome,anemochory (1); epizoochory (1); hydrochory (1); zoochory (1),2
stem_growth_habit,erect (V); sprawling (V),2
stem_growth_habit,erect (V); rhizomatous (V),2
stem_growth_habit,erect (6),2
stem_growth_habit,erect (4); spreading (4),2
stem_growth_habit,erect (3); rosette (3),2
dispersal_syndrome,anemochory (9),2
dispersal_syndrome,anemochory (2); epizoochory (2),2
dispersal_syndrome,ballistic (V); myrmecochory (V),2
dispersal_syndrome,ballistic (2); myrmecochory (2),2
stem_growth_habit,dense (V),2
flowering_time,nnyyynnnnnnn (1),2
flowering_time,nnynnnnnnnnn (1); yynnnnnnyyyy (1),2
flowering_time,nnynnnnnnnnn (1),2
flowering_time,nnnyyyyyynnn (3),2
stem_growth_habit,dense (1); prostrate (1),2
stem_growth_habit,decumbent (2); prostrate (2),2
dispersal_syndrome,barochory (1); undefined (1),2
dispersal_syndrome,barochory (1); endozoochory (1),2
stem_growth_habit,creeping,2
stem_growth_habit,climbing (3),2
stem_growth_habit,climbing (1); decumbent (1),2
dispersal_syndrome,barochory (4),2
dispersal_syndrome,barochory (3),2
stem_growth_habit,caespitose (2),2
dispersal_syndrome,endozoochory (9),2
dispersal_syndrome,endozoochory (2); zoochory (2),2
dispersal_syndrome,endozoochory (1); hydrochory (1); zoochory (1),2
flowering_time,nnyyyyyyyyyn (V),2
flowering_time,nnyyyyyyyyyn (1),2
flowering_time,nnyyyyyyyynn (V),2
flowering_time,nnyyyyyyynnn (1),2
flowering_time,nnyyyyyynnnn (V),2
flowering_time,nnyyyyyynnnn (1),2
flowering_time,nnyyyyynnnnn (V),2
flowering_time,nnyyyynnnnnn (V),2
flowering_time,nnyyyynnnnnn (4),2
flowering_time,nnyyynnnnnnn (V),2
dispersal_syndrome,endozoochory (1); epizoochory (1),2
stem_growth_habit,caespitose (1); decumbent (1),2
stem_growth_habit,bushy (V); erect (V),2
stem_growth_habit,bushy (V),2
sprout_depth,-1 (V),2
sex_type,monoecious (f),2
sex_type,monoecious (5),2
flowering_time,nyyyynnnnnnn (1),2
flowering_time,nnyyyyyyyyyy (1),2
dispersal_syndrome,hydrochory (2),2
dispersal_syndrome,epizoochory (1); myrmecochory (1),2
sex_type,dioecious (5),2
sex_type,dioecious (1); trioecious (1),2
dispersers,abiotic (1); animals (1); ants (1); birds (1); passive (1); wind (1),2
sex_type,dioecious (1); hermaphrodite (1),2
sex_type,andromonoecious (V),2
dispersers,ants (1); birds (1); vertebrates (1),2
dispersers,abiotic (1); animals (1); wind (1),2
dispersers,abiotic (1); animals (1); mammals (1); passive (1),2
dispersers,abiotic (1); animals (1); mammals (1),2
serotiny,not_serotinous (2),2
seedling_establishment_conditions,establish_anytime (3),2
dispersers,ants (2),2
dispersers,ants (1); passive (1),2
dispersers,ants (1); mammals (1); wind (1),2
dispersers,ants (1); invertebrates (1); passive (1); vertebrates (1),2
seedbank_longevity_class,widely_dispersed (2),2
seedbank_longevity_class,persistent (5),2
seedbank_longevity_class,persistent (1); widely_dispersed (1),2
dispersers,flying_vertebrates (1),2
dispersers,birds (1); water,2
seedbank_longevity,5-- (1),2
seedbank_longevity,2-- (8),2
dispersers,invertebrates (3),2
dispersers,invertebrates (1); water (1),2
dispersers,vertebrates (2),2
dispersers,mammals (4),2
flowering_time,ynnnnnnnnnny (V),2
seedbank_longevity,--2 (6),2
seedbank_longevity,--2 (1); 1-- (1),2
seedbank_longevity,--1 (1); --2 (1),2
seedbank_location,none (V),2
seedbank_location,canopy_seedbank_absent (1); soil_seedbank (1),2
seedbank_location,canopy_seedbank (V),2
seedbank_location,canopy_seedbank (1); soil_seedbank_absent (1),2
fire_time_from_fire_to_50_percent_flowering,24.1860465116279 (1),2
fire_time_from_fire_to_50_percent_flowering,20 (1),2
seed_viability,0.98 (1),2
seed_viability,0.92 (1),2
seed_viability,0.87 (1); 0.96 (1),2
seed_viability,0.71 (1),2
seed_germination_treatment,mycorrhizae (1),2
seed_germination_treatment,heat_lethal (1); smoke (1),2
fire_time_from_fire_to_flowering,10 (1); 12 (1),2
flowering_time,ynnnnnnnnnyy (V),2
flowering_time,ynnnnnnnnnyy (1); yynnnnnnyyyy (1),2
flowering_time,nnnnnyyyynnn (2),2
fire_time_from_fire_to_flowering,1.86046511627907 (1),2
fire_time_from_fire_to_flowering,1.62790697674419 (1),2
fire_time_from_fire_to_flowering,1.3953488372093 (1); 3.48837209302326 (1); 3.6 (1),2
seed_germination_treatment,heat (2),2
seed_germination_time,931 (1),2
seed_germination_time,91 (1),2
seed_germination_time,728 (1),2
seed_germination_time,616 (1),2
seed_germination_time,595 (1),2
seed_germination_time,525 (1),2
seed_germination_time,469 (1),2
fire_time_from_fire_to_flowering,10 (1); 8.6046511627907 (1),2
flowering_time,ynnnnyyyyyyy (V),2
flowering_time,ynnnnnnyyyyy (1),2
seed_germination_time,343 (1),2
seed_germination_time,308 (1),2
seed_germination_time,259 (1),2
seed_germination_time,245 (1),2
seed_germination_time,15 (1),2
seed_germination_time,133 (1),2
seed_germination,0.95 (1),2
seed_germination,0.94 (2),2
seed_germination,0.94 (1); 1 (1),2
seed_germination,0.9 (1); 1 (1),2
seed_germination,0.9 (1); 0.95 (1),2
seed_germination,0.89 (1),2
seed_germination,0.88 (1); 1 (1),2
seed_germination,0.88 (1),2
seed_germination,0.85 (2),2
fire_time_from_fire_to_flowering,12 (1); 12.093023255814 (1); 24 (1); 24.1860465116279 (1),2
fire_time_from_fire_to_flowering,12 (1); 12.093023255814 (1),2
flowering_time,yynnnnnnnnny (1); yynnnnnnnyyy (1),2
seed_germination,0.85 (1); 0.95 (1),2
seed_germination,0.69 (1),2
seed_germination,0.6 (1),2
seed_germination,0 (6),2
seed_germination,0 (3),2
seed_dormancy_class,physical_dormancy (3),2
seed_dormancy_class,morphophysiological_dormancy (2),2
fire_time_from_fire_to_flowering,12 (1); 2.32558139534884 (1),2
fire_time_from_fire_to_flowering,12 (1); 2.09302325581395 (1),2
fire_time_from_fire_to_flowering,12 (1); 12.093023255814 (1); 9.06976744186047 (1),2
root_system_type,tap_root_present (V),2
fire_time_from_fire_to_flowering,12 (1); 3.48837209302326 (1),2
flowering_time,nnnnnnyyyyyn (3),2
flowering_time,nnnnnnyyyynn (1),2
root_structure,orchid_mycorrhizal (2),2
root_structure,ericoid_mycorrhizal (V),2
root_structure,carnivorous (V),2
fire_time_from_fire_to_flowering,12 (1); 6.97674418604651 (1),2
fire_time_from_fire_to_flowering,12 (1); 6.51162790697674 (1),2
fire_time_from_fire_to_flowering,12 (1); 6.04651162790698 (1),2
fire_time_from_fire_to_flowering,12 (1); 6 (1),2
fire_time_from_fire_to_flowering,12 (1); 3.72093023255814 (1),2
resprouting_capacity_proportion_individuals,1,2
resprouting_capacity_proportion_individuals,0.6 (V),2
resprouting_capacity_proportion_individuals,0.2 (1); 0.4 (1); 0.6 (1),2
resprouting_capacity_non_fire_disturbance,resprouts_non_fire_disturbance (7),2
resprouting_capacity_non_fire_disturbance,resprouts_non_fire_disturbance (6),2
fire_time_from_fire_to_flowering,12 (1); 9.76744186046512 (1),2
fire_time_from_fire_to_flowering,12 (1); 9.53488372093023 (1),2
fire_time_from_fire_to_flowering,12 (1); 9.06976744186047 (1),2
fire_time_from_fire_to_flowering,13.0232558139535 (1); 24.1860465116279 (1); 36.2790697674419 (1),2
flowering_time,yynnnnnnyyyy (1); yyynnnnnnyyy (1),2
fire_time_from_fire_to_flowering,12.093023255814 (1); 8.83720930232558 (1),2
resprouting_capacity,resprouts (11),2
resprouting_capacity,fire_killed (3); resprouts (3),2
fire_time_from_fire_to_flowering,2.09302325581395 (1),2
fire_time_from_fire_to_flowering,19.7674418604651 (1); 24.1860465116279 (1); 36.2790697674419 (1),2
reproductive_maturity,3 (1); 6 (1),2
fire_time_from_fire_to_flowering,20.2325581395349 (1); 24.1860465116279 (1),2
fire_time_from_fire_to_flowering,20 (1); 24.1860465116279 (1),2
fire_time_from_fire_to_flowering,20 (1),2
fire_time_from_fire_to_flowering,2.55813953488372 (1); 3.72093023255814 (1),2
reproductive_maturity,3 (1); 5 (1); 5--20 (1),2
reproductive_maturity,3 (1); 5 (1),2
reproductive_maturity,2--3 (1),2
flowering_time,yynnnnnyyyyy (1),2
flowering_time,yynnnnnnyyyy (3),2
reproductive_maturity,2 (2),2
reproductive_maturity,2 (1); 6 (1),2
reproductive_maturity,2 (1); 3 (1); 5--20 (1),2
reproductive_maturity,10-- (1); 5--20 (1),2
reproductive_maturity,10 (1); 5 (1); 5--20 (1),2
reproductive_maturity,1--5 (4),2
reproductive_maturity,1 (2),2
reproductive_maturity,1 (1); 5 (1),2
reproductive_maturity,0.846153846153846 (1),2
reproductive_maturity,0.75 (1),2
reproductive_maturity,0.538461538461538 (1),2
reproductive_maturity,0.442307692307692 (1),2
reproductive_maturity,0.384615384615385 (1),2
reproductive_maturity,0--5 (1),2
reproductive_maturity,0--1 (4),2
reproductive_maturity,0--1 (1); 2 (1); 5 (1),2
flowering_time,yynnnyyyyyyy (1),2
flowering_time,nnnnnnyyynnn (1),2
reproductive_maturity,0--1 (1); 1 (1); 2 (1),2
reproductive_light_environment_index,6.5 (1),2
fire_time_from_fire_to_flowering,21.8604651162791 (1),2
fire_time_from_fire_to_flowering,21.1627906976744 (1); 24.1860465116279 (1),2
fire_time_from_fire_to_flowering,21.1627906976744 (1); 24 (1),2
post_fire_recruitment,post_fire_recruitment_absent (3),2
fire_time_from_fire_to_flowering,23.2558139534884 (1); 24.1860465116279 (1),2
pollination_system,bird,2
pollination_syndrome,vertebrate (1); wind (1),2
pollination_syndrome,self (1); wind (1),2
pollination_syndrome,insect (7),2
fire_time_from_fire_to_flowering,24 (2),2
flowering_time,yyyynnnnnnnn (2),2
flowering_time,yyynnnnnnyyy (1),2
flowering_time,yyynnnnnnnny (3),2
pollination_syndrome,insect (3); vertebrate (3),2
pollination_syndrome,butterfly (1); insect (1),2
pollination_syndrome,bird (1),2
pollination_syndrome,bird,2
pollination_syndrome,beetle (2),2
pollination_syndrome,beetle (1),2
pollination_syndrome,abiotic (3),2
pollination_syndrome,abiotic (1); insect (1),2
plant_type_by_resource_use,weedy (1),2
fire_time_from_fire_to_flowering,30 (1),2
fire_time_from_fire_to_flowering,3.72093023255814 (1),2
fire_time_from_fire_to_flowering,3.02325581395349 (1),2
flowering_time,yyyynnnyyyyy (V),2
flowering_time,yyyynnnnyyyy (1),2
flowering_time,yyyynnnnnyyy (V),2
flowering_time,yyyynnnnnyyy (3),2
plant_tolerance_water_logged_soils,less_than_1_month (1); not_applicable (1),2
fire_time_from_fire_to_flowering,32.5581395348837 (1),2
fire_time_from_fire_to_flowering,30 (1); 36.2790697674419 (1); 48.3720930232558 (1),2
plant_tolerance_soil_salinity,8 (1),2
plant_tolerance_soil_salinity,15 (1),2
plant_tolerance_snow,not_applicable (V),2
fire_time_from_fire_to_flowering,36 (1); 36.2790697674419 (1),2
fire_time_from_fire_to_flowering,33.2558139534884 (1),2
plant_tolerance_snow,days (1); not_applicable (1); weeks (1),2
fire_time_from_fire_to_flowering,4.65116279069767 (2),2
fire_time_from_fire_to_flowering,36.2790697674419 (1); 60.4651162790698 (1),2
plant_tolerance_salt,salt_spray_tolerant (V),2
plant_tolerance_salt,salinity_tolerance_undefined (6),2
plant_tolerance_salt,hydrohalophyte (1); salinity_tolerance_undefined (1),2
plant_tolerance_salt,hydrohalophyte (1),2
plant_tolerance_salt,halophyte_moderate (V),2
plant_tolerance_inundation,less_than_1_month (4),2
fire_time_from_fire_to_flowering_decline,72 (1),2
fire_time_from_fire_to_flowering,8.37209302325581 (1); 9 (1),2
plant_physical_defence_structures,sharp_pointed_defence (3),2
plant_physical_defence_structures,absent (8),2
plant_physical_defence_structures,absent (7),2
fire_time_from_fire_to_fruiting,20.6976744186047 (1),2
plant_height,9 (V),2
plant_height,9 (1),2
plant_height,70 (V),2
fire_time_from_fire_to_fruiting,24 (1),2
plant_height,60 (V),2
flowering_time,yyyyyynnyyyy (V),2
flowering_time,yyyyyynnnnyy (1),2
flowering_time,yyyyyynnnnnn (V),2
flowering_time,yyyyynnnnyyy (1),2
flowering_time,yyyyynnnnnyy (2),2
fire_time_from_fire_to_fruiting,35.8139534883721 (1),2
fire_time_from_fire_to_fruiting,33.0232558139535 (1),2
fire_time_from_fire_to_fruiting,32.5581395348837 (1),2
fire_time_from_fire_to_fruiting,30.9302325581395 (1),2
plant_height,40 (2),2
plant_height,4.5 (V),2
plant_height,4 (4),2
plant_height,3 (3),2
plant_height,3 (1); 5 (1),2
plant_height,3 (1),2
plant_height,25 (1),2
fruit_colour,black (1); grey (1),2
fruit_colour,black (1); brown (1); purple (1),2
fruit_colour,black (1); brown (1); grey (1),2
fruit_colour,black (1); blue (1); brown (1),2
plant_height,20 (3),2
plant_height,2.5 (1); 3 (1),2
plant_height,2.5 (1),2
fire_time_from_fire_to_fruiting,44.4186046511628 (1),2
fire_time_from_fire_to_fruiting,36.9767441860465 (1),2
plant_height,2 (V); 5 (V),2
plant_height,2 (V); 3 (V),2
plant_height,2 (7),2
plant_height,2 (2); 3 (2),2
plant_height,2 (1); 5 (1),2
plant_height,2 (1); 3 (1),2
plant_height,2 (1); 2.5 (1),2
plant_height,16 (V),2
fire_time_from_fire_to_fruiting,54.4186046511628 (1),2
flowering_time,nnnnnnnynnnn (1),2
flowering_time,nnnnnnnnyyyy (V); yyyyyyyyyyyy (V),2
flowering_time,nnnnnnnnyyyy (V); yynnnnnnyyyy (V),2
flowering_time,nnnnnnnnyyyy (3),2
flowering_time,nnnnnnnnyyyy (2),2
fire_time_from_fire_to_fruiting,5.81395348837209 (1),2
fire_time_from_fire_to_fruiting,5.58139534883721 (1),2
fire_time_from_fire_to_fruiting,48.3720930232558 (1),2
fire_time_from_fire_to_fruiting,46.7441860465116 (1),2
fire_time_from_fire_to_fruiting,45.5813953488372 (1),2
plant_height,15 (3),2
plant_height,15 (1),2
plant_height,10 (1); 20 (1),2
plant_height,10 (1); 2 (1),2
plant_height,1.5 (V); 3 (V),2
fruit_colour,blue (1),2
fruit_colour,blue,2
fruit_colour,black (V); brown (V),2
fruit_colour,black (4),2
fruit_colour,black (3); purple (3),2
plant_height,1.5 (4),2
plant_height,1.1 (V),2
plant_height,1 (V); 1.2 (V),2
plant_height,1 (4),2
fire_time_from_fire_to_fruiting,78.6046511627907 (1),2
fire_time_from_fire_to_fruiting,7.67441860465116 (1),2
fire_time_from_fire_to_fruiting,7.44186046511628 (1),2
fire_time_from_fire_to_fruiting,60.9302325581395 (1),2
fire_time_from_fire_to_fruiting,60 (1),2
fire_time_from_fire_to_fruiting,6.27906976744186 (1),2
fruit_colour,brown (2); green (2),2
fruit_colour,brown (1); white (1); yellow (1),2
fruit_colour,brown (1); purple (1),2
plant_height,1 (1); 1.5 (1); 2 (1),2
plant_height,0.8 (V); 1 (V),2
plant_height,0.8 (2),2
fire_time_from_fire_to_peak_flowering,120 (1),2
fire_time_from_fire_to_peak_flowering,12 (1); 24 (1),2
fire_time_from_fire_to_fruiting,9.30232558139535 (1),2
plant_height,0.6 (1); 1 (1),2
flower_colour,blue_purple (1); green (1); pink (1),2
plant_height,0.5 (1); 1.5 (1),2
plant_height,0.4 (1); 0.5 (1),2
flower_colour,blue_purple (1); pink (1); red_brown (1); yellow_orange (1),2
flower_colour,blue_purple (1); green (1); pink (1); white_cream (1); yellow_orange (1),2
plant_height,0.3 (V); 1 (V); 1.5 (V),2
plant_height,0.3 (V); 0.8 (V),2
plant_height,0.3 (V); 0.5 (V),2
plant_height,0.3 (2); 1 (2),2
plant_height,0.3 (1); 2 (1),2
fruit_colour,brown (3); yellow (3),2
fruit_colour,brown (2); red (2),2
fruit_colour,brown (2); green (2); yellow (2),2
plant_height,0.3 (1); 1 (1),2
plant_height,0.3 (1); 0.7 (1),2
flower_colour,blue_purple (1); red_brown (1); white_cream (1); yellow_orange (1),2
plant_height,0.2 (V); 0.4 (V),2
plant_height,0.2 (3),2
plant_height,0.2 (1); 0.5 (1); 0.7 (1),2
plant_height,0.2 (1); 0.35 (1),2
plant_height,0.15 (1); 0.5 (1); 0.6 (1),2
plant_height,0.1 (V); 0.3 (V),2
flower_colour,green (1); pink (1); white_cream (1); yellow_orange (1),2
fruit_colour,grey (1),2
fruit_colour,green (V); yellow (V),2
fruit_colour,green (3); red (3),2
fruit_colour,green (1); purple (1),2
fruit_colour,brown (V); grey (V),2
plant_height,0.1 (1); 0.3 (1),2
plant_height,0.05 (1); 0.3 (1),2
plant_height,0.05 (1); 0.2 (1),2
plant_height,0.05 (1); 0.15 (1),2
plant_height,0.03 (V),2
plant_height,0.001 (1),2
plant_growth_substrate,terrestrial (V),2
plant_growth_substrate,terrestrial,2
plant_growth_substrate,semiaquatic (1),2
flower_colour,pink (1); red_brown (1); white_cream (1),2
plant_growth_substrate,aquatic (5),2
fruit_colour,pink (1),2
fruit_colour,orange (V),2
fruit_colour,orange (4); red (4),2
fruit_colour,orange (2); yellow (2),2
fruit_colour,orange (1); yellow (1),2
fruit_colour,orange (1),2
plant_growth_substrate,aquatic (1); semiaquatic (1),2
flower_colour,pink (2); white_cream (2),2
flower_colour,pink (2),2
flower_colour,white_cream (1); yellow_orange (1); yellow,2
flower_colour,white; white_cream (1),2
flower_colour,red_brown (V); white_cream (V),2
flower_structural_sex_type,incompletely_unisexual (1); unisexual (1),2
flowering_cues,rain_all_year (1),2
flower_structural_sex_type,unisexual (V),2
plant_growth_form,shrub (19),2
plant_growth_form,shrub (15),2
fruit_colour,purple (2),2
fruit_colour,purple (1); red (1),2
plant_growth_form,shrub (1); tree (1),2
plant_growth_form,herb (V); shrub (V),2
plant_growth_form,graminoid (6); herb (6),2
plant_growth_form,graminoid (2); herb (2),2
plant_growth_form,climber_woody (2),2
plant_growth_form,climber_woody (1); shrub (1),2
plant_growth_form,basal_large (V),2
plant_climbing_mechanism,tendrils (1),2
plant_climbing_mechanism,scrambling (V),2
parasitic,not_parasitic (V),2
parasitic,not_parasitic (8),2
parasitic,not_parasitic (7),2
fruit_colour,white (2),2
fruit_colour,white (1); yellow (1),2
fruit_colour,red (4),2
fruit_colour,red (3); yellow (3),2
fruit_colour,red,2
flowering_time,nnnnnnnnyyyn (4),2
flowering_time,nnnnnnnnnnyy (2),2
nitrogen_fixing,nitrogen_fixer (1); non_nitrogen_fixer (1),2
lifespan,<50 (4),2
lifespan,<50 (3),2
flowering_time,nnnnnnnnnynn (1); nnnnnnnnnyyy (1),2
lifespan,60 (1); <50 (1),2
lifespan,50-500 (3),2
lifespan,50--100 (2),2
lifespan,5 (1); >500 (1),2
lifespan,40 (1); 50--100 (1); 50-500 (1); 80 (1),2
fruiting_time,nnnnnnnnnnyn (1),2
fruit_colour,yellow (4),2
lifespan,30 (1); 5 (1),2
lifespan,25 (1); 50-500 (1),2
flowering_time,nnnnnnnnnyyy (1); nnnnnnnnyyyn (1),2
lifespan,25 (1); 50 (1),2
lifespan,22 (1); <50 (1),2
lifespan,200 (1); 50-500 (1),2
lifespan,200 (1),2
lifespan,20--50 (1); 25 (1); 60 (1); <50 (1),2
lifespan,20--50 (1); 25 (1); 5 (1); <50 (1),2
lifespan,20--50 (1); 22 (1); <50 (1),2
lifespan,20 (1); <50 (1),2
lifespan,20 (1); 40 (1),2
lifespan,15 (1); 50--100 (1); <50 (1),2
flowering_time,nnnnnnnnnyyy (1); ynnnnnnnnnyy (1); yynnnnnnyyyy (1),2
lifespan,100 (1); 200 (1),2
fruiting_time,nnnnnnnnynnn (1),2
flowering_time,nnnnnnnnyyyn (1); yynnnnnnnnny (1); yynnnnnnnnyy (1),2
lifespan,10--20 (1); <50 (1),2
lifespan,10 (1); <10 (1),2
lifespan,10 (1); 60 (1),2
lifespan,10 (1); 40 (1),2
lifespan,10 (1); 25 (1); <50 (1),2
lifespan,10 (1); 25 (1); 50--100 (1); <50 (1),2
lifespan,10 (1); 15 (1),2
lifespan,0--1 (1),2
flowering_time,nnnnnnnnnyyy (V); yynnnnnnyyyy (V),2
life_history,annual (6); biennial (6),2
flowering_time,nnnnnnnnyynn (1); nnnnnnnnyyyn (1),2
flowering_time,nnnnnnnnynnn (1); ynnnnnnnnnnn (1),2
life_history,annual (12),2
life_history,annual (10),2
fruiting_time,nnnnnnyyyynn (1),2
leaf_type,needle (1),2
leaf_type,broadleaf (2),2
flowering_time,nnnnnnnnyynn (3),2
flowering_time,nnnnnnnnyynn (2),2
flowering_time,nnnnnnnnyynn (1); ynnnnnnyyyyy (1),2
flowering_time,nnnnnnnnyynn (1); nnnnnnnyyynn (1),2
germination_treatment,cold,2
genome_size,1.957 (1),2
genome_size,1.227488152 (1),2
fruiting_time,yyyyyyyyynnn (1),2
fruiting_time,yyyyyyyynnnn (1),2
fruiting_time,yyyyyyynnnyy (1),2
fruiting_time,yyyyynnnnnny (1); yyyyyynnnnnn (1),2
fruiting_time,yyyyynnnnnnn (1),2
fruiting_time,yyyynnnnnnnn (1),2
fruiting_time,nnnyyyyynnnn (1),2
fruiting_time,nnnyyyynnnnn (1),2
fruiting_time,nnnyynnnnnnn (1),2
fruiting_time,nnnnnyyyyyyy (1),2
fruiting_time,nnnnnyyyyyyn (1),2
fruiting_time,yyynnnnyyyyy (1),2
fruiting_time,yyynnnnnnnny (1),2
flowering_time,nnnnnnnnyyyn (1); nnnnnnnnyyyy (1),2
flowering_time,nnnnnnnnyynn (V); yynnnnnnyyyy (V),2
flowering_time,nnnnnnnnyynn (V); nnnnnnnnyyyn (V),2
fruiting_time,yynnnnnnnyyy (1),2
fruiting_time,ynnnyyyyyyyy (1),2
fruiting_time,ynnnnnnyyyyy (1),2
fruiting_time,ynnnnnnnnnyy (1); yyynnnnnnnny (1),2
fruiting_time,ynnnnnnnnnny (1),2
fruiting_time,nyyyyyyyyyyn (1),2
fruiting_time,nyyyyyyynnnn (1),2
fruiting_time,nyyyyynnnnnn (1),2
fruiting_time,nnyynnnnnnnn (1),2
flowering_time,nnnnnyyyyynn (V),2
bud_bank_location,apical_buds (2),2
bud_bank_location,basal_buds (2),2
bud_bank_location,basal_buds (1); rhizome (1),2
bud_bank_location,basal_buds (2); basal_stem_buds (2),2
vegetative_reproduction_ability,not_vegetative (8),2
storage_organ,storage_organ (1),2
flowering_time,nnnnynnnnnny (1); nnnnyyyyyyyy (1),1
bud_bank_location,basal_buds (1); bud-bearing_root (1); fleshy_underground_organ (1),1
bud_bank_location,basal_buds (1); basal_stem_buds (1); bud-bearing_root (1); none (1),1
vegetative_reproduction_ability,not_vegetative (5); vegetative (5),1
vegetative_reproduction_ability,not_vegetative (7),1
vegetative_reproduction_ability,vegetative (10),1
vegetative_reproduction_ability,vegetative (13),1
bud_bank_location,bud-bearing_root (1); rhizome_woody (1),1
bud_bank_location,bud-bearing_root (1); stem_tuber (1),1
bud_bank_location,bud-bearing_root (2); rhizome (2),1
bud_bank_location,bud-bearing_root (V); rhizome (V),1
storage_organ,rhizome (2); rhizome_woody (2); root_tuber (2); stem_tuber (2),1
storage_organ,rhizome (2); root_tuber (2),1
bud_bank_location,basal_stem_buds (V); bud-bearing_root (V); none (V),1
bud_bank_location,basal_stem_buds (V); bud-bearing_root (V),1
storage_organ,rhizome (1); root_tuber (1),1
storage_organ,rhizome (1); rhizome_woody (1),1
flowering_time,nnnnyyynnnnn (V); yynnnnnnyyyy (V),1
flowering_time,nnnnyyynnnnn (V),1
flowering_time,nnnnyyynnnnn (1); nnyyyynnnnnn (1); nyyyynnnnnnn (1); yyynnnnnnnny (1); yyyynnnnnnnn (1),1
flowering_time,nnnnyyynnnnn (1); nnnynnnnnnnn (1); nynnnnynnnnn (1); ynnnnnnnyyyy (1),1
flowering_time,nnnnyyynnnnn (1),1
flowering_time,nnnnyynnnnnn (1),1
flowering_time,nnnnynyyyynn (1); nnnnyynnnnnn (1),1
bud_bank_location,basal_buds (V); none (V),1
bud_bank_location,basal_buds (1); bud-bearing_root (1); epicormic_buds (1); none (1),1
storage_organ,rhizome_woody (V); stem_tuber (V),1
storage_organ,rhizome_fleshy (V),1
storage_organ,rhizome (V); root_tuber (V); stem_tuber (V),1
fruiting_time,ynnnnnnnnnnn (1),1
fruiting_time,nyyyyyyyyyyy (1),1
fruiting_time,nyyyyyyyynnn (1),1
fruiting_time,nyyyyyynnnnn (1),1
fruiting_time,nyyynnnnnnnn (1),1
fruiting_time,nyynnnnnnnnn (1),1
fruiting_time,nnyyyyyyyyyy (1),1
fruiting_time,nnyyyyyyyyyn (1); yyyyynnnnnny (1),1
fruiting_time,nnyyyyyyyynn (1); ynnnnnnnnnny (1),1
fruiting_time,nnyyyyyyynnn (1); yyyyyyyynnnn (1),1
fruiting_time,nnyyyyyynnnn (1); yyyyyyyynnny (1),1
fruiting_time,nnyyyyyynnnn (1); yyynnnnnnnnn (1),1
fruiting_time,nnyyyyyynnnn (1); yynnnnnnnnny (1),1
fruiting_time,nnyyyyynnnnn (1),1
fruiting_time,nnyyyynnnnnn (1); yyynnnnnnyyy (1); yyyyyyyyyyyy (1),1
fruiting_time,nnyyynnnnnnn (1); yyyyyynnnnnn (1),1
flowering_time,nnnnnnnnyyyn (1); nnnnnnnyyyyn (1),1
flowering_time,nnnnnnnnyyyn (1); nnnnnnnnyyyy (1); yynnnnnnyyyy (1); yyyyyyyyyyyy (1),1
flowering_time,nnnnnnnnyyyn (1); nnnnnnnnyyyy (1); yynnnnnnnnyy (1); yynnnnnnyyyy (1),1
flowering_time,nnnnnnnnyyyn (1); nnnnnnnnyyyy (1); ynnnyyyyyyyy (1),1
flowering_time,nnnnnnnnyynn (V); nnnnnnnnyyyn (V); nnnnnnnyyyyn (V),1
fruiting_time,yynnnnyyyyyy (1),1
fruiting_time,yynnnnnyyyyy (1),1
fruiting_time,yynnnnnnyyyy (1); yyyyynnnnnny (1),1
fruiting_time,yynnnnnnnyyy (1); yyyyynnnnnny (1); yyyyyynnnnnn (1),1
fruiting_time,yynnnnnnnnyy (1),1
fruiting_time,yynnnnnnnnny (1); yyyyyynnnnnn (1),1
fruiting_time,yynnnnnnnnny (1); yyynnnnnyyyy (1); yyynnnnyyyyy (1),1
fruiting_time,ynnyyynnnnnn (1); yyyynnnnnnnn (1),1
fruiting_time,ynnnnnyyyyyy (1); yynnnnnnyyyy (1),1
fruiting_time,ynnnnnyyyyyy (1),1
fruiting_time,ynnnnnnnnyyy (1),1
fruiting_time,nnnnyynnnnyn (1); nnnyyyyyynnn (1); nnnyyyyyyynn (1); ynnnnnnnnyyy (1),1
fruiting_time,nnnnnyyyyynn (1),1
fruiting_time,yyynnyyyyyyy (1),1
fruiting_time,yyynnnnnyyyy (1),1
fruiting_time,yyynnnnnnyyy (1); yyyyynnnnnny (1),1
fruiting_time,yynnyyyyyyyy (1),1
fruiting_time,yynnnyyyyyyy (1); yyynnnnnnyyy (1),1
fruiting_time,yynnnyyyyyyy (1),1
fruiting_time,yynnnnyyyyyy (1); yyyyyyyyyyyy (1),1
fruiting_time,yynnnnyyyyyy (1); yyyyyyyynnny (1),1
flowering_time,nnnnnnnnyyyn (1); nnnnnyyyynnn (1); yyyyynnnyyyy (1),1
flowering_time,nnnnnnnnyyyn (1); nnnnnynnnnnn (1); nnnnynnnnnyn (1),1
flowering_time,nnnnnnnnyyyn (1); nnnnnnyynnnn (1),1
flowering_time,nnnnnnnnyyyn (1); nnnnnnnyyyyn (1); nnnnnyyyyyyn (1); nnnnnyyyyyyy (1),1
flowering_time,nnnnnnnnyyyn (1); nnnnnnnyyyyn (1); nnnnnnyyyyyy (1); nyyynynyynnn (1); nyyyyyyyyynn (1); yynnynyyyyyn (1),1
flowering_time,nnnnnnnnyyyn (1); nnnnnnnyyyyn (1); nnnnnnyyyynn (1),1
fruiting_time,yyyyyynnnnnn (1); yyyyyyynnnnn (1),1
fruiting_time,yyyyynnyyyyy (1),1
fruiting_time,yyyyynnnyyyy (1); yyyyyynnnnnn (1),1
fruiting_time,yyyyynnnnnyy (1); yyyyyyyyyyyy (1),1
fruiting_time,yyyyynnnnnny (1); yyyyyynnnnny (1),1
fruiting_time,yyyynnnnnyyy (1),1
fruiting_time,yyynynnnnnnn (1),1
fruiting_time,nnnyyyyyyynn (1); yyynnnnnyyyy (1),1
fruiting_time,nnnyyyyyyynn (1); nnyyyyyynnnn (1),1
fruiting_time,nnnyyyyyyynn (1),1
fruiting_time,nnnyyynnynnn (1); nnynnnnnnnnn (1),1
fruiting_time,nnnyyynnnnnn (1),1
fruiting_time,nnnyynnnnnnn (1); ynnnnnnnyyyy (1),1
fruiting_time,nnnynnynnnnn (1); nnyynnnnnnnn (1); yyyyyyynnnyy (1),1
fruiting_time,nnnnyyyyyynn (1); yyyyyyyynnyy (1),1
fruiting_time,nnnnyyyynnnn (1),1
genome_size,0.844198175 (1),1
genome_size,0.834407216 (1),1
genome_size,0.830927174 (1),1
genome_size,0.823267641 (1),1
fruiting_time,yyyyyyyyyyyn (1); yyyyyyyyyyyy (1),1
fruiting_time,yyyyyyyynnyy (1),1
fruiting_time,yyyyyyyynnny (1); yyyyyyyyyyyy (1),1
fruiting_time,yyyyyyyynnny (1); yyyyyyyynnyy (1),1
fruiting_time,yyyyyyynnnyy (1); yyyyyyyynnny (1); yyyyyyyyyyyy (1),1
fruiting_time,yyyyyyynnnny (1),1
fruiting_time,yyyyyynnyyyy (1),1
fruiting_time,yyyyyynnnnyy (1),1
fruiting_time,yyyyyynnnnny (2),1
fruiting_time,yyyyyynnnnny (1); yyyyyyyyyyyy (1),1
fruiting_time,yyyyyynnnnnn (V),1
fruiting_time,yyyyyynnnnnn (1); yyyyyyyyyyyy (1),1
genome_size,1.139964789 (1),1
genome_size,1.139463264 (1),1
genome_size,1.136962248 (1),1
genome_size,1.129032258 (1),1
genome_size,1.127557684 (1),1
genome_size,1.123644252 (1); 1.155734047 (1),1
genome_size,1.084135622 (1),1
genome_size,1.073797678 (1),1
genome_size,1.070247934 (1); 1.088692728 (1); 1.09375 (1); 1.104948805 (1),1
genome_size,0.996153846 (1),1
genome_size,0.913580247 (1); 0.913902611 (1),1
genome_size,0.895883777 (1),1
genome_size,0.892180503 (1),1
genome_size,0.880054366 (1),1
genome_size,0.867671692 (1),1
genome_size,0.863621207 (1),1
genome_size,1.239827669 (1),1
genome_size,1.23627685 (1); 1.271477663 (1),1
genome_size,1.23 (1),1
genome_size,1.228652751 (1),1
genome_size,1.223429381 (1); 1.25181247 (1); 1.315388522 (1),1
genome_size,1.221122112 (1),1
genome_size,1.191900598 (1),1
genome_size,1.19 (1),1
genome_size,1.189164371 (1),1
genome_size,1.186440678 (1),1
genome_size,1.170886076 (1),1
genome_size,1.165616562 (1),1
genome_size,1.160914388 (1),1
genome_size,1.157283289 (1),1
genome_size,1.153161175 (1),1
genome_size,1.14298323 (1),1
genome_size,1.632 (1),1
genome_size,1.612 (1),1
genome_size,1.557 (1),1
genome_size,1.503 (1),1
genome_size,1.499 (1),1
genome_size,1.342 (1),1
genome_size,1.329568789 (1),1
genome_size,1.299548419 (1),1
genome_size,1.29759519 (1),1
genome_size,1.283448959 (1),1
genome_size,1.278381046 (1); 1.305443548 (1); 1.94883371 (1),1
genome_size,1.274606299 (1),1
genome_size,1.273979341 (1),1
genome_size,1.258503401 (1),1
genome_size,1.257281553 (1),1
genome_size,1.245192308 (1),1
genome_size,1.928 (1),1
genome_size,1.894 (1),1
genome_size,1.885 (1),1
genome_size,1.86 (1),1
genome_size,1.799 (1),1
genome_size,1.78 (1),1
genome_size,1.762 (1),1
genome_size,1.76 (1),1
genome_size,1.745 (1),1
genome_size,1.736 (1),1
genome_size,1.727 (1),1
genome_size,1.721 (1),1
genome_size,1.71 (1),1
genome_size,1.707 (1),1
genome_size,1.658 (1),1
genome_size,1.653 (1),1
flowering_time,nnnnnnnnyynn (1); nnnnnynnnnnn (1),1
flowering_time,nnnnnnnnyynn (1); nnnnnnyyyyyn (1),1
flowering_time,nnnnnnnnyynn (1); nnnnnnnyyyyy (1); nnnnnnyyyyyn (1),1
flowering_time,nnnnnnnnyynn (1); nnnnnnnnyyyy (1),1
flowering_time,nnnnnnnnyynn (1); nnnnnnnnyyyn (1); yynnnnnnyyyy (1); yyyynnnnyyyy (1),1
flowering_time,nnnnnnnnyynn (1); nnnnnnnnyyyn (1); nnnnnnnyyyyy (1); ynnnyyyyyyyy (1),1
flowering_time,nnnnnnnnyynn (1); nnnnnnnnyyyn (1); nnnnnnnyyynn (1),1
flowering_time,nnnnnnnnyynn (1); nnnnnnnnyyyn (1); nnnnnnnnyyyy (1); nnnynnnnynnn (1),1
genome_size,35.87 (1),1
genome_size,35.24 (1),1
genome_size,2.64 (1),1
genome_size,2.33 (1),1
genome_size,2.13 (1),1
genome_size,2.128 (1),1
genome_size,2.127 (1),1
genome_size,1.995 (1),1
fruiting_time,nnnnnnynnnnn (1),1
fruiting_time,nnnnnnnyyyyy (1),1
fruiting_time,nnnnnnnyyyyn (1),1
fruiting_time,nnnnnnnyyynn (1),1
fruiting_time,nnnnnnnynnnn (1),1
fruiting_time,nnnnnnnnyyyy (1); nnnnnyyyyyyn (1),1
life_history,annual,1
leaf_type,leafless,1
leaf_type,broadleaf (1); scale (1),1
leaf_type,broadleaf (1); scale,1
leaf_type,broadleaf,1
leaf_type,bipinnate,1
germination_treatment,light,1
flowering_time,nnnnnnnnyynn (5),1
flowering_time,nnnnnnnnyynn (1); nnnnyyyyynnn (1); nnnynnnnnnnn (1); ynnnnnnnyyyy (1); yyyyynnnyyyy (1),1
flowering_time,nnnnnnnnyynn (1); nnnnnynnnnnn (1); yyyyynnnyyyy (1),1
life_history,annual (3); perennial (3),1
life_history,annual (3); biennial (3),1
life_history,annual (2); short_lived_perennial (2),1
life_history,annual (2); biennial (2); perennial (2),1
life_history,annual (13),1
life_history,annual (1); short_lived_perennial (1),1
life_history,annual (1); biennial (1),1
fruiting_time,nnnnnyyyynnn (1); nnnnyyyyyynn (1),1
fruiting_time,nnnnnyyynnnn (1); yyyyyyyynnnn (1),1
fruiting_time,nnnnnyyynnnn (1); nnnnyyyynnnn (1),1
fruiting_time,nnnnnyyynnnn (1),1
fruiting_time,nnnnnyynnnnn (1); nnnynnnnnnnn (1); nyyyyyyynnnn (1),1
fruiting_time,nnnnnnyynnnn (1); yyyyyyyyyyyy (1),1
fruiting_time,nnnnnnyynnnn (1); nnnyyyyynnnn (1); nnyyyyyynnnn (1); nnyyyyyyyyyy (1),1
fruiting_time,nnnnnnynnnyn (1); nyyyynnnnnnn (1),1
fruiting_time,nnnnnnynnnnn (1); nnyyynnnnnnn (1),1
life_history,annual (5); short_lived_perennial (5),1
life_history,annual (5); biennial (5),1
flowering_time,nnnnnnnnynny (1); ynnnnnnyyyyy (1),1
flowering_time,nnnnnnnnynnn (V); nnnnnyyyyyyy (V); ynnnnnnnyyyy (V),1
flowering_time,nnnnnnnnynnn (V); nnnnnnnnyyyy (V); yynnnnnnyyyy (V),1
flowering_time,nnnnnnnnynnn (3),1
flowering_time,nnnnnnnnynnn (2),1
flowering_time,nnnnnnnnynnn (1); yynnnyyyyyyy (1),1
flowering_time,nnnnnnnnynnn (1); yynnnnnnyyyy (1),1
flowering_time,nnnnnnnnynnn (1); yynnnnnnnnny (1); yynnnnnyynny (1),1
flowering_time,nnnnnnnnynnn (1); ynnnnyyyyyyy (1),1
flowering_time,nnnnnnnnynnn (1); nnnnyyyyyynn (1); yynnnnnyyyyy (1),1
flowering_time,nnnnnnnnynnn (1); nnnnynnnnnnn (1); ynnnnnnyyyyy (1); yynnnnnyyyyy (1),1
flowering_time,nnnnnnnnynnn (1); nnnnnynnnnnn (1); ynnyyyyynyny (1),1
life_history,annual (4); biennial (4),1
life_history,annual (3); short_lived_perennial (3),1
flowering_time,nnnnnnnnynnn (1); nnnnnnyyyyyn (1); ynnnnnyyyyyy (1); yynnnnnyyyyy (1); yyyyynnnyyyy (1),1
flowering_time,nnnnnnnnynnn (1); nnnnnnnyyynn (1); nnnnnyyyyyyn (1),1
flowering_time,nnnnnnnnynnn (1); nnnnnnnyyynn (1),1
flowering_time,nnnnnnnnynnn (1); nnnnnnnyynnn (1); nnnnnnnyyyyn (1),1
flowering_time,nnnnnnnnynnn (1); nnnnnnnynnnn (1); nnnnynnnnnnn (1),1
flowering_time,nnnnnnnnynnn (1); nnnnnnnynnnn (1); nnnnnnyyynnn (1); nnnnnyyyynnn (1),1
flowering_time,nnnnnnnnynnn (1); nnnnnnnnyyyy (1); ynnnyyyyyyyy (1),1
flowering_time,nnnnnnnnynnn (1); nnnnnnnnyyyy (1); nnnnnyyyynnn (1); ynnnnyyyyyyy (1),1
flowering_time,nnnnnnnnynnn (1); nnnnnnnnyyyn (1); nnnnnnyyyyyn (1),1
flowering_time,nnnnnnnnynnn (1); nnnnnnnnyyyn (1); nnnnnnnyyyyn (1); nnnnnnyyyynn (1),1
flowering_time,nnnnnnnnynnn (1); nnnnnnnnyyyn (1); nnnnnnnyynnn (1),1
flowering_time,nnnnnnnnnyyy (V); yynnnnnnnnny (V),1
life_history,biennial (5); perennial (5),1
life_history,biennial (5),1
life_history,biennial (4),1
life_history,biennial (3); perennial (3),1
lifespan,10 (1); 20--50 (1); 30 (1); <50 (1),1
lifespan,10 (1); 20 (1); 50-500 (1),1
lifespan,10 (1); 20 (1); 50--100 (1); <50 (1),1
lifespan,10 (1); 20 (1),1
lifespan,10 (1); 100 (1); 50--100 (1); >500 (1),1
lifespan,1--5 (1); 50--100 (1); <50 (1),1
lifespan,1 (1); 5 (1); 50--100 (1); <10 (1),1
lifespan,0--1 (1); <50 (1),1
lifespan,0--1 (1); <1 (1),1
life_history,perennial (f),1
life_history,perennial (2); short_lived_perennial (2),1
life_history,perennial (19),1
life_history,perennial (16),1
life_history,perennial (14),1
life_history,biennial (V); perennial (V),1
flowering_time,nnnnnnnnynnn (1); nnnnnynnnnnn (1); nnnnynnnnnnn (1); nnnynnnnnnnn (1); ynnnnnnnnnnn (1),1
flowering_time,nnnnnnnnyyyn (1); yynnnnnnyyyy (1); yyyyynnnnnnn (1),1
flowering_time,nnnnnnnnyyyn (1); yynnnnnnnnyy (1); yyynnnnnnnnn (1); yyyynnnnnnyy (1),1
flowering_time,nnnnnnnnyyyn (1); ynnnnnyyyyyy (1),1
flowering_time,nnnnnnnnyyyn (1); ynnnnnnnyyyy (1); yynnnnnnnnyy (1); yynnnnnnyyyy (1); spring,1
flowering_time,nnnnnnnnyyyn (1); ynnnnnnnyyyy (1); ynnnyyyyyyyy (1); yynnyyyyyyyy (1),1
lifespan,10--20 (1); <10 (1),1
lifespan,10--20 (1); 30 (1); 5 (1); <50 (1),1
lifespan,10--20 (1); 2 (1); 3 (1); <50 (1),1
lifespan,10 (1); <50 (1),1
lifespan,10 (1); 80 (1); <50 (1),1
lifespan,10 (1); 50--100 (1); >500 (1),1
lifespan,10 (1); 50--100 (1); <10 (1),1
lifespan,10 (1); 50--100 (1); 50-500 (1),1
lifespan,10 (1); 50 (1); 50-500 (1),1
lifespan,10 (1); 4 (1); <1 (1),1
lifespan,10 (1); 20--50 (1); 5 (1); <10 (1),1
lifespan,100 (1); 5 (1); <50 (1),1
lifespan,100 (1); 30 (1); 50--100 (1); 50-500 (1),1
lifespan,100 (1); 3--10 (1); >500 (1),1
lifespan,100 (1); 3--10 (1); <50 (1),1
lifespan,100 (1); 25 (1); 50--100 (1); <50 (1),1
lifespan,100 (1); 200 (1); 50-500 (1),1
lifespan,100 (1); 20--50 (1); 60 (1); >500 (1),1
fruiting_time,nnnnnnnnyyyn (1); yyyyyyyynnny (1),1
fruiting_time,nnnnnnnnyynn (1); nnnnnnnnyyyn (1),1
fruiting_time,nnnnnnnnnyyy (1); yyynnnnnnnny (1),1
fruiting_time,nnnnnnnnnyyy (1); yynnnnnnnnyy (1),1
fruiting_time,nnnnnnnnnyyn (1); ynnnnnnnnyny (1); yyynnnnnnyyy (1),1
fruiting_time,nnnnnnnnnynn (1),1
fruiting_time,nnnnnnnnnnyy (1); nynnnnnnnnnn (1),1
fruiting_time,nnnnnnnnnnyy (1); nnyyyyyyyyyn (1); ynnnnnnnnnnn (1); yyyyyynnnnnn (1),1
fruiting_time,nnnnnnnnnnyy (1); nnnnnnnnnyyn (1),1
lifespan,100 (1); 50 (1); 50-500 (1),1
flowering_time,nnnnnnnnnyyy (5),1
flowering_time,nnnnnnnnnyyy (2); yynnnnnnyyyy (2),1
flowering_time,nnnnnnnnnyyy (2),1
flowering_time,nnnnnnnnnyyy (1); yynnynnnyyyy (1),1
flowering_time,nnnnnnnnnyyy (1); yynnnnnnnnyy (1); yyyyyyyyyyyy (1),1
flowering_time,nnnnnnnnnyyy (1); ynnnnnnyyyyy (1),1
flowering_time,nnnnnnnnnyyy (1); ynnnnnnnyyyy (1),1
flowering_time,nnnnnnnnnyyy (1); ynnnnnnnnyyy (1); yyyyynnnnnny (1),1
flowering_time,nnnnnnnnnyyy (1); ynnnnnnnnyyy (1); ynnnnnnyyyyy (1); yynnnnnnyyyy (1),1
flowering_time,nnnnnnnnnyyy (1); nnnnnnyyyynn (1); ynnnnnnnnnnn (1); yyynnnnnnnnn (1),1
flowering_time,nnnnnnnnnyyy (1); nnnnnnnyyynn (1),1
flowering_time,nnnnnnnnnyyy (1); nnnnnnnnyyyy (1); yyyyyynnnnnn (1),1
flowering_time,nnnnnnnnnyyy (1); nnnnnnnnyyyy (1); nnnnynnnnnnn (1),1
flowering_time,nnnnnnnnnyyy (1); nnnnnnnnyyyn (1); yynnnnnnyyyy (1),1
lifespan,100 (1); 50 (1),1
lifespan,20 (1); 25 (1); <50 (1),1
lifespan,20 (1); 20--50 (1); 30 (1),1
lifespan,2 (1); 5 (1); <50 (1),1
lifespan,150 (1); 50-500 (1); 60 (1),1
lifespan,150 (1); 30 (1); 50--100 (1); 50-500 (1),1
lifespan,15 (1); 50--100 (1); >500 (1),1
lifespan,15 (1); 50--100 (1); <10 (1),1
lifespan,15 (1); 5 (1); 50--100 (1); 50-500 (1),1
lifespan,15 (1); 40 (1); <50 (1),1
lifespan,15 (1); 4 (1),1
lifespan,15 (1); 30 (1),1
lifespan,15 (1); 20 (1); <50 (1),1
lifespan,100 (V),1
lifespan,100 (1); 70 (1),1
lifespan,100 (1); 50--100 (1); 50-500 (1); 70 (1),1
lifespan,100 (1); 50 (1); 50-500 (1); >500 (1),1
lifespan,20--50 (1); 50-500 (1),1
lifespan,20--50 (1); 50 (1),1
lifespan,20--50 (1); 5--10 (1); <50 (1),1
lifespan,20--50 (1); 5 (1); <50 (1),1
lifespan,20--50 (1); 40 (1); 5 (1); <50 (1),1
lifespan,20--50 (1); 30 (1); <10 (1),1
lifespan,20--50 (1); 30 (1); 5 (1); <50 (1),1
lifespan,20--50 (1); 25 (1); 50-500 (1); 60 (1),1
lifespan,20--50 (1); 25 (1); 40 (1); <50 (1),1
lifespan,20 (1); >500 (1),1
lifespan,20 (1); <10 (1),1
lifespan,20 (1); 50-500 (1); 80 (1),1
lifespan,20 (1); 50--100 (1); >500 (1),1
lifespan,20 (1); 50--100 (1); <50 (1); >500 (1),1
lifespan,20 (1); 5 (1); <50 (1),1
lifespan,20 (1); 5 (1),1
lifespan,25 (1); 35 (1),1
lifespan,25 (1); 30 (1); 50--100 (1); 50-500 (1); 75 (1),1
lifespan,25 (1); 3--10 (1); 60 (1); <50 (1),1
lifespan,22 (1); 60 (1); <10 (1),1
lifespan,22 (1); 50-500 (1),1
lifespan,22 (1); 50--100 (1); >500 (1),1
lifespan,22 (1); 50--100 (1); <50 (1),1
lifespan,22 (1); 5 (1); >500 (1),1
lifespan,200 (1); >500 (1),1
lifespan,200 (1); 75 (1),1
lifespan,200 (1); 50 (1),1
lifespan,200 (1); 300 (1); 50-500 (1),1
lifespan,20--50 (V); <50 (V),1
lifespan,20--50 (2); <50 (2),1
lifespan,20--50 (1); <10 (1),1
lifespan,20--50 (1); 6-- (1); <10 (1),1
flowering_time,nnnnnnnnnyyn (V); nnnnnnnnyyyy (V),1
flowering_time,nnnnnnnnnyyn (2); nnnnnnnnyyyn (2),1
flowering_time,nnnnnnnnnyyn (2),1
flowering_time,nnnnnnnnnyyn (1); yyyynnnnnyyy (1),1
flowering_time,nnnnnnnnnyyn (1); yynnnnnnyyyy (1),1
flowering_time,nnnnnnnnnyyn (1); nnyyyynnnyyn (1),1
flowering_time,nnnnnnnnnyyn (1); nnnnynnnnnnn (1); nnnynnnnnnnn (1); yyyyynnnyyyy (1); yyyyyyyynnny (1),1
flowering_time,nnnnnnnnnyyn (1); nnnnnnnynnnn (1); nnnnnnnyyynn (1),1
flowering_time,nnnnnnnnnyyn (1); nnnnnnnnyynn (1); nnnnnnnnyyyn (1); yynnnnnnyyyy (1),1
lifespan,25 (1); 50--100 (1); >500 (1),1
lifespan,25 (1); 50--100 (1); 60 (1); <50 (1),1
lifespan,25 (1); 5 (1); <10 (1),1
lifespan,25 (1); 5 (1); 50--100 (1); <50 (1),1
lifespan,25 (1); 5 (1); 50--100 (1); <10 (1),1
lifespan,25 (1); 5 (1); 50--100 (1); <1 (1),1
lifespan,25 (1); 5 (1); 5--10 (1); 50--100 (1); <10 (1),1
fruiting_time,nnnnnnnnnnyn (1); nnyyynnnnnnn (1); yyyyyynnnnnn (1),1
fruiting_time,nnnnnnnnnnny (1),1
fruiting_time,nnnnnnnnnnnn (1); yyyyyynnnnnn (1),1
fruiting_time,nnnnnnnnnnnn (1); nnnyyyynnnnn (1),1
fruit_colour,white (V),1
fruit_colour,white (4); yellow (4),1
lifespan,30 (1); <10 (1),1
lifespan,30 (1); 50-500 (1),1
lifespan,30 (1); 50--100 (1); <50 (1),1
lifespan,30 (1); 50 (1),1
lifespan,30 (1); 5 (1); <50 (1),1
lifespan,30 (1); 40 (1); 50-500 (1),1
lifespan,3--10 (1),1
flowering_time,nnnnnnnnnyyy (1); nnnnnnnnyyyn (1); nnnnnnnnyyyy (1); yynnnnnnyyyy (1),1
flowering_time,nnnnnnnnnyyy (1); nnnnnnnnynnn (1); ynnnnnnnnnnn (1); yynnnnnnnnyy (1),1
flowering_time,nnnnnnnnnyyy (1); nnnnnnnnynnn (1),1
lifespan,5--10 (1); <10 (1),1
lifespan,5--10 (1),1
lifespan,5 (1); <50 (1),1
lifespan,5 (1); 50-500 (1),1
lifespan,5 (1); 50--100 (1); <50 (1),1
lifespan,40 (1); 70 (1); <50 (1),1
lifespan,40 (1); 50-500 (1); 60 (1),1
lifespan,40 (1); 50--100 (1); 70 (1); >500 (1),1
flowering_time,nnnnnnnnyyyn (1); ynnnnnnnnnnn (1),1
flowering_time,nnnnnnnnyyyn (1); nyyyyyyyyynn (1),1
flowering_time,nnnnnnnnyyyn (1); nyyyyyynnnnn (1),1
flowering_time,nnnnnnnnyyyn (1); nyyyyynnnnnn (1); yyyyyyyyyyyy (1),1
flowering_time,nnnnnnnnyyyn (1); nnnnyyyyyyyn (1); yyyyynnnyyyy (1),1
flowering_time,nnnnnnnnyyyn (1); nnnnnyyyyyyn (1),1
flowering_time,nnnnnnnnyyyn (1); nnnnnyyyynnn (1); yyyyyyyyyyyy (1),1
fruiting_time,nnnnnnnnnnyn (1); ynynnnnnnyyn (1); yynnnnnnnyyy (1),1
flowering_time,nnnnnnnnnynn (V); nnnnnnnnyyyn (V),1
flowering_time,nnnnnnnnnynn (1); yyyyyynnnnnn (1),1
flowering_time,nnnnnnnnnynn (1); yyyyynnnyyyy (1),1
flowering_time,nnnnnnnnnynn (1); yyyynnnnnnyy (1); yyyyyyyyyyyy (1),1
flowering_time,nnnnnnnnnynn (1); yynnnnnnnyyy (1),1
flowering_time,nnnnnnnnnynn (1); ynnnnnnyyyyn (1),1
flowering_time,nnnnnnnnnynn (1); ynnnnnnnnnyy (1); ynnnnnnnyyyy (1),1
flowering_time,nnnnnnnnnynn (1); nnnynnnnnnnn (1); ynnnnnnnnyyy (1),1
flowering_time,nnnnnnnnnynn (1); nnnnyyynnnnn (1); ynnnnnnnyyyy (1); yynnnnnnnnny (1),1
flowering_time,nnnnnnnnnynn (1); nnnnyynnnnnn (1); nynnynnnnnyn (1),1
flowering_time,nnnnnnnnnynn (1); nnnnnynnnnnn (1); yyynnnnnyyyy (1); yyyyynnnyyyy (1),1
flowering_time,nnnnnnnnnynn (1); nnnnnnyyyynn (1); yynnnnnnyyyy (1),1
flowering_time,nnnnnnnnnynn (1); nnnnnnyynnnn (1); yynnnnnnnnny (1),1
flowering_time,nnnnnnnnnynn (1); nnnnnnnnyyyy (1); yyynnnnnyyyy (1); yyyyynnnyyyy (1),1
lifespan,50 (1); 50-500 (1),1
lifespan,50 (1); 50--100 (1); >500 (1),1
lifespan,<10 (4),1
lifespan,<1 (3),1
lifespan,<1 (2),1
lifespan,60 (1),1
lifespan,6-- (1); >500 (1),1
lifespan,6-- (1),1
lifespan,6 (1),1
lifespan,50-500 (1); >100 (1),1
lifespan,50-500 (1); 600 (1),1
lifespan,50--100 (V),1
lifespan,50--100 (3),1
lifespan,50--100 (2); <50 (2),1
lifespan,50--100 (1); 6-- (1); <10 (1),1
lifespan,50--100 (1); 50-500 (1); 6-- (1),1
lifespan,50--100 (1); 50-500 (1); 6 (1); 6-- (1),1
lifespan,50--100 (1); 50-500 (1); 6 (1),1
lifespan,<50 (5),1
flowering_time,nnnnnnnnnynn (1); nnnnnnnnyyyn (1); nnnnnyyyyynn (1); nnnnnyyyyyyn (1),1
flowering_time,nnnnnnnnnynn (1); nnnnnnnnyyyn (1); nnnnnnnyyyyy (1); ynnnyyyyyyyy (1),1
flowering_time,nnnnnnnnnynn (1); nnnnnnnnyyyn (1); nnnnnnnynnnn (1); nnnnnyyyyyyn (1); nynnnnnnnnnn (1),1
flowering_time,nnnnnnnnnynn (1); nnnnnnnnyyyn (1),1
flowering_time,nnnnnnnnnynn (1); nnnnnnnnyynn (1); ynnnnnnnnyyy (1),1
flowering_time,nnnnnnnnnynn (1); nnnnnnnnyynn (1); nnnnynnnnnnn (1); ynnnnnnnyyyy (1); yyyyynnnyyyy (1),1
flowering_time,nnnnnnnnnynn (1); nnnnnnnnyynn (1); nnnnnyyyynnn (1); ynnnnnnnnnnn (1),1
flowering_time,nnnnnnnnnynn (1); nnnnnnnnynnn (1); nyyyynnnnnnn (1),1
flowering_time,nnnnnnnnnynn (1); nnnnnnnnynnn (1); nnnnnnyyyyyy (1); ynnnnnnnnnnn (1); ynnnyyyyyyyy (1),1
flowering_time,nnnnnnnnnynn (1); nnnnnnnnynnn (1); nnnnnnnyyynn (1); nnnynnnnnnyn (1),1
flowering_time,nnnnnnnnnynn (1); nnnnnnnnynnn (1); nnnnnnnnyyyn (1); ynnnnnnnnnnn (1); yynnnnnnyyyy (1),1
flowering_time,nnnnnnnnnynn (1); nnnnnnnnynnn (1); nnnnnnnnyyyn (1); nnnnyyyyyyyy (1); yyyynnnnyyyy (1),1
flowering_time,nnnnnnnnnynn (1); nnnnnnnnynnn (1); nnnnnnnnyynn (1); nnnnnyyyyyyn (1),1
flowering_time,nnnnnnnnnynn (1); nnnnnnnnynnn (1),1
flowering_time,nnnnnnnnnynn (1); nnnnnnnnnyyn (1); nnnnnnnnnyyy (1); nnnnnnnnynnn (1); nnnnnnnnyyyy (1),1
flowering_time,nnnnnnnnnnyy (1); nynnnnnnnnnn (1); yynnnnyyyyyy (1); yyynnnnnyyyy (1),1
flowering_time,nnnnnnnnnnyy (1); nnnnnnnnyyyn (1); ynnnnnnyyyyy (1),1
flowering_time,nnnnnnnnnnyy (1); nnnnnnnnyyyn (1),1
flowering_time,nnnnnnnnnnyy (1),1
flowering_time,nnnnnnnnnnyn (V); yynnnnnnnnny (V),1
flowering_time,nnnnnnnnnnyn (1); yyyyynnnyyyy (1); yyyyyynnnnnn (1),1
flowering_time,nnnnnnnnnnyn (1); yyyyynnnyyyy (1),1
flowering_time,nnnnnnnnnnyn (1); yyyynnnnyyyy (1),1
nitrogen_fixing,non_nitrogen_fixer (12),1
nitrogen_fixing,non_nitrogen_fixer (11),1
nitrogen_fixing,nitrogen_fixer (7),1
nitrogen_fixing,nitrogen_fixer (6),1
lifespan,>500 (4),1
lifespan,>500 (3),1
lifespan,<50 (V); >500 (V),1
lifespan,<50 (6),1
flowering_time,nnnnnnnnyyyn (V); nnnnnnnnyyyy (V),1
flowering_time,nnnnnnnnyyyn (2); nnnnnnyyyyyy (2),1
flowering_time,nnnnnnnnnnyn (1); nnnnnnnnynnn (1); yyyynnnnyyyy (1),1
flowering_time,nnnnnnnnnnyn (1); nnnnnnnnynnn (1); nyyynnnnnnnn (1); yynnnnnnnnny (1),1
flowering_time,nnnnnnnnnnyn (1); nnnnnnnnnynn (1); yynnnnnnyyyy (1),1
flowering_time,nnnnnnnnnnyn (1); nnnnnnnnnynn (1); nnnynnnnnnnn (1); yyyyynnnnnnn (1),1
flowering_time,nnnnnnnnnnyn (1); nnnnnnnnnynn (1),1
parasitic,not_parasitic (10),1
parasitic,hemiparasitic (1); not_parasitic (1),1
parasitic,hemiparasitic,1
nitrogen_fixing,non_nitrogen_fixer (9),1
flowering_time,nnnnnnnnnynn (1),1
flowering_time,nnnnnnnnnnyy (V); yynnnnnnyyyy (V),1
flowering_time,nnnnnnnnnnyy (1); yyyyyyyyynyy (1),1
flowering_time,nnnnnnnnnnyy (1); yynnnnnnnnny (1),1
flowering_time,nnnnnnnnnnyy (1); ynnnnnnnnnyy (1); yyynnnnnnnny (1),1
flowering_time,nnnnnnnnnnyn (1); ynnnnnnnnyyy (1); yynnnnnnyyyy (1),1
flowering_time,nnnnnnnnnnyn (1); ynnnnnnnnnyy (1),1
flowering_time,nnnnnnnnnnyn (1); nynnnnnnnnnn (1); yynnnnnnyyyy (1); yyyyynnnyyyy (1),1
flowering_time,nnnnnnnnnnyn (1); nnynnnnnnnnn (1); yyyyynnnnnny (1),1
flowering_time,nnnnnnnnnnyn (1); nnnynnnnnnny (1),1
flowering_time,nnnnnnnnnnyn (1); nnnnnnnyyynn (1); nnnnnnyyyynn (1); yyyynnnnnyyy (1),1
flowering_time,nnnnnnnnnnyn (1); nnnnnnnnyyyy (1); ynnnnnnnyyyy (1); ynnnnnnyyyyy (1),1
flowering_time,nnnnnnnnnnyn (1); nnnnnnnnyyyn (1); yynnnnnnyyyy (1),1
fruit_colour,white (3),1
fruit_colour,white (2); yellow (2),1
fruit_colour,red (2); yellow (2),1
fruit_colour,red (1); yellow (1),1
fruit_colour,purple (V); red (V),1
flowering_time,nnnnnnnnyyyn (V); nnnnnnnyyyyn (V),1
flowering_time,nnnnnnnnyyyn (V); nnnnnnnyyynn (V),1
flowering_time,nnnnnnnnyyyn (V); nnnnnnnyynnn (V); nnnnnnnyyynn (V),1
plant_growth_form,climber (1); climber_herbaceous (1); herb (1),1
plant_growth_form,climber (1); climber_herbaceous (1),1
plant_growth_form,basal_large (1); palmoid (1),1
plant_climbing_mechanism,twining,1
plant_climbing_mechanism,tendrils (1); twining (1),1
plant_climbing_mechanism,scrambling (1); twining (1),1
plant_climbing_mechanism,scrambling (1); twining,1
plant_climbing_mechanism,scrambling,1
plant_climbing_mechanism,none,1
parasitic,parasitic (V); stem_parasitic (V),1
parasitic,parasitic (3); stem_parasitic (3),1
parasitic,parasitic (2); stem_parasitic (2),1
parasitic,parasitic (2),1
parasitic,parasitic (1),1
flowering_time,nnnnnnnnnnyn (1); yynnnnnnnnyy (1); yynnnnnnyyyy (1); yyyynnnyyyyy (1),1
flowering_time,nnnnnnnnnnyn (1); ynnnnnnnyyyy (1); yynnnnnnyyyy (1),1
flowering_time,nnnnnnnnnnny (1); nnnnnnnnynnn (1); nnnnnnnynnnn (1); nnnnnnnyyyyn (1),1
flowering_time,nnnnnnnnnnny (1); nnnnnnnnnyyn (1); ynnnnnnnnnnn (1); ynnnyyynnnyy (1); yynnnnnnyyyy (1),1
flowering_time,nnnnnnnnnnny (1); nnnnnnnnnynn (1); nnnnnnnnnyyy (1); ynnnnnnnnyyy (1); yyyynnnnyyyy (1); yyyyynnnnnnn (1),1
flowering_time,nnnnnnnnnnny (1); nnnnnnnnnnyn (1); nnnnnnnnnnyy (1); ynnnnnnnyyyy (1); yynnnnnnnyyy (1),1
flowering_time,nnnnnnnnnnny (1); nnnnnnnnnnyn (1),1
flowering_time,nnnnnnnnnnny (1),1
plant_growth_form,climber_herbaceous (6),1
plant_growth_form,climber_herbaceous (5),1
plant_growth_form,climber_herbaceous (4),1
plant_growth_form,climber_herbaceous (3); climber_woody (3),1
plant_growth_form,climber_herbaceous (2),1
plant_growth_form,climber_herbaceous (1),1
plant_growth_form,climber (V); shrub (V),1
plant_growth_form,climber (V); herb (V),1
plant_growth_form,climber (V); climber_woody (V),1
plant_growth_form,climber (1); climber_herbaceous (1); herb (1); subshrub (1),1
flowering_time,nnnnnnnnnnnn (1); nnnnnyyyyyyn (1); yyyyyyyyyyyy (1),1
flowering_time,nnnnnnnnnnnn (1); nnnnnnyyyyyy (1); nnnnnyyyyyyn (1); nnnnyyyyyynn (1); nnnnyyyyyyyn (1); nnnyyyyyyynn (1),1
plant_growth_form,graminoid (V); graminoid_not_tussock (V); herb (V),1
plant_growth_form,graminoid (6); herb (6); tussock (6),1
plant_growth_form,graminoid (5); herb (5),1
plant_growth_form,graminoid (4); herb (4); tussock (4),1
plant_growth_form,graminoid (4); herb (4),1
plant_growth_form,climber_woody (1),1
flowering_time,nnnnnnnnnnny (V); yynnnnnnnnny (V),1
flowering_time,nnnnnnnnnnny (V),1
flowering_time,nnnnnnnnnnny (1); yyyyynnnyyyy (1); yyyyyyyyyyyy (1),1
flowering_time,nnnnnnnnnnny (1); yynnnnnnnnny (1),1
flowering_time,nnnnnnnnnnny (1); ynnnnnnyyyyy (1),1
flowering_time,nnnnnnnnnnny (1); ynnnnnnnnnny (1),1
flowering_time,nnnnnnnnnnny (1); nynnnnnnnnnn (1); yynnnnnnnnny (1); yyyyyynnnnnn (1),1
flowering_time,nnnnnnnnnnny (1); nnnnnnyyyyyy (1); yyyyyyyyyyyy (1),1
plant_growth_form,herb (1); subshrub (1),1
plant_growth_form,herb (1); shrub (1),1
flowering_time,nnnnnnnnnnnn (1); yyynnnnnnyyy (1),1
flowering_time,nnnnnnnnnnnn (1); yyynnnnnnnyy (1); yyynnnnyyyyy (1); yyyyynnnyyyy (1); yyyyyyyyyyyy (1),1
flowering_time,nnnnnnnnnnnn (1); yyynnnnnnnny (1); yyyyyyyyyyyy (1),1
flowering_time,nnnnnnnnnnnn (1); yynnnnnyyyyy (1); yyynnnnnyyyy (1); yyyyyyyyyyyy (1),1
flowering_time,nnnnnnnnnnnn (1); yynnnnnnyyyy (1); yyyyyyyyyyyy (1),1
flowering_time,nnnnnnnnnnnn (1); nyynnnnnnnnn (1); yynnnnnnnnny (1); yyyyyyyyyyyy (1),1
flowering_time,nnnnnnnnnnnn (1); nynnnnnnnnnn (1); yyyynnnnnyyy (1); yyyynnnyyyyy (1),1
flowering_time,nnnnnnnnnnnn (1); nnyyyyyyynnn (1); yyyyyyyyyyyy (1),1
flowering_time,nnnnnnnnnnnn (1); nnyyyyyynnnn (1); nyyynnnnnnnn (1); ynnnnnnnnyyy (1); yyynnnnnnnyy (1); yyynnnnnnyyy (1),1
flowering_time,nnnnnnnnnnnn (1); nnnyyyyyynnn (1); nyynnnnnnnnn (1); yyyyyynnnnnn (1),1
flowering_time,nnnnnnnnnnnn (1); nnnyyyynnnnn (1),1
flowering_time,nnnnnnnnnnnn (1); nnnynnnnnnnn (1); yynnnnnnnnny (1); yyyyynnnyyyy (1); yyyyyyyyyyyy (1),1
flowering_time,nnnnnnnnnnnn (1); nnnnyyyyyynn (1); yynnnnnnnnny (1); yyynnnnnnyyy (1),1
flowering_time,nnnnnnnnnnnn (1); nnnnyyyyynnn (1); yyyyyyyyyyyy (1),1
flowering_time,nnnnnnnnnnnn (1); nnnnnnnnnyyn (1); yyyyyyyyyynn (1),1
flowering_time,nnnnnnnnnnnn (1); nnnnnnnnnyyn (1),1
flowering_time,nnnnnnnnnnnn (1); nnnnnnnnnynn (1); ynnnnnnnyyyy (1); yyyyyynnnnnn (1); yyyyyyyyyyyy (1),1
flowering_time,nnnnnnnnnnnn (1); nnnnnnnnnynn (1); nnnnnnnnyyyn (1); ynnnnnnnnnnn (1); yyyyyyyyyyyy (1),1
flowering_time,nnnnnnnnnnnn (1); nnnnnnnnnnyn (1),1
flowering_time,dusk; summer; nyyyyynnnnnn (1); yynnnnnnnnny (1); yynnnnnnnyyy (1),1
flowering_time,december; summer; ynnnnnnnnnny (1); ynnnnnnnyyyy (1),1
plant_growth_form,palmoid (1),1
plant_growth_form,mallee (V),1
plant_growth_form,herb (f),1
plant_growth_form,herb (V); subshrub (V),1
plant_growth_form,herb (3); shrub (3),1
plant_growth_form,herb (24),1
plant_growth_form,herb (2); shrub (2),1
plant_growth_form,herb (17),1
plant_growth_form,herb (16),1
fruit_colour,purple (1); white,1
fruit_colour,pink (V),1
fruit_colour,pink (1); red (1); white (1),1
fruit_colour,pink (1); red (1),1
plant_growth_form,shrub (10); tree (10),1
plant_growth_form,palmoid (3),1
plant_growth_form,palmoid (2),1
plant_growth_form,palmoid (1); tree (1),1
flowering_time,nnnnnnnnnnnn (1); nnnnnnnyyyyy (1); yyyyynnnnnny (1),1
flowering_time,nnnnnnnnnnnn (1); nnnnnnnyyyyn (1); yyyyyyyyyyyy (1),1
flowering_time,nnnnnnnnnnnn (1); nnnnnnnyyyyn (1); nnnnnnyyyyyn (1); yyyyyyyyyyyy (1),1
flowering_time,nnnnnnnnnnnn (1); nnnnnnnnyyyn (1); nnnnnnynnnnn (1),1
flowering_time,nnnnnnnnnnnn (1); nnnnnnnnyynn (1); nnnynnnnnnnn (1),1
flowering_time,nnnnnnnnnnnn (1); nnnnnnnnyynn (1); nnnnnnnnyyyn (1),1
flowering_time,nnnnnnnnnnnn (1); nnnnnnnnynnn (1); nynnnnnnnnnn (1),1
flowering_time,nnnnnnnnnnnn (1); nnnnnnnnynnn (1),1
flowering_cues,rain (2),1
flowering_cues,rain,1
flowering_cues,floods (1); rain (1),1
flowering_cues,cold; rain,1
plant_growth_form,shrub (17),1
plant_growth_form,shrub (14),1
flowering_time,nnnnnnnnyyyn (1); yyyyyyyyyyyy (1),1
flowering_time,nnnnnnnnyyyn (1); yyyyyynnnnnn (1),1
flowering_time,nnnnnnnnyyyn (1); yyyyynnnyyyy (1),1
flowering_time,nnnnnnnnyyyn (1); yyyynnnyyyyy (1); yyyyyyyyyyyy (1),1
flowering_time,nnnnnnnnyyyn (1); yyyynnnyyyyy (1),1
flowering_time,nnnnnnnnyyyn (1); yyynnnnyyyyy (1),1
flowering_time,nnnnnnnnyyyn (1); yyynnnnnyyyy (1); yyyynnnyyyyy (1),1
fruit_colour,purple (6),1
fruit_colour,purple (2); white (2),1
fruit_colour,purple (2); red (2); white (2),1
plant_growth_form,shrub (V); subshrub (V),1
plant_growth_form,shrub (9); tree (9),1
flower_structural_sex_type,incompletely_unisexual (2); unisexual (2),1
flower_structural_sex_type,bisexual (4),1
flower_structural_sex_type,bisexual (3),1
flower_structural_sex_type,bisexual (2); unisexual (2),1
flower_structural_sex_type,bisexual (1); incompletely_unisexual (1),1
plant_growth_form,shrub (7); tree (7),1
plant_growth_form,shrub (5); subshrub (5),1
plant_growth_form,shrub (2); subshrub (2),1
flowering_time,autumn; winter; nnnnnnnnnnnn (1); nyyyyynnnnnn (1); yyyyyyynnnnn (1); yyyyyyyyyyyy (1),1
flowering_time,autumn; nnnnnnnnyynn (1); nnnnnyyyyyyn (1),1
flowering_time,april; june; spring; nnnnnnnnyyyn (1); nnnnnnnyynnn (1),1
flowering_time,Spring; nnnnnnnnnyyy (1); ynnnnnnnnnyy (1); ynnnnnnnnyyy (1),1
flowering_time,September to October; nnnnnnnnnynn (1); nnnyyyyyyynn (1); yynyyyyyyyyy (1),1
flowering_cues,rain (V),1
fruit_colour,grey (1); yellow (1),1
flower_colour,red_brown (2),1
flower_colour,red; white_cream (1),1
flower_colour,red; scarlet,1
flower_colour,pink; white_cream (1),1
flower_colour,pink; red_brown (1),1
flower_colour,pink (V); white_cream (V); yellow_orange (V),1
flower_colour,pink (1); yellow_orange (1),1
flower_colour,yellow; yellow_orange (1),1
flower_colour,white,1
plant_growth_form,tree (20),1
plant_growth_form,tree (18),1
plant_growth_form,tree (17),1
plant_growth_form,tree (13),1
plant_growth_form,subshrub (1),1
plant_growth_form,shrub (V); tree (V),1
flower_colour,pink (1); red_brown (1); white_cream (1); yellow_orange (1),1
flower_colour,pink,1
flower_colour,grey; white_cream (1),1
flower_colour,green (V); yellow_orange (V),1
flower_colour,green (V); white_cream (V),1
flower_colour,green (V); red_brown (V); yellow_orange (V),1
plant_growth_substrate,aquatic (1); terrestrial (1),1
fruit_colour,orange (V); yellow (V),1
fruit_colour,orange (5); red (5),1
fruit_colour,orange (3); red (3),1
fruit_colour,orange (2),1
fruit_colour,orange (1); red (1),1
fruit_colour,grey (V),1
fruit_colour,grey (4),1
fruit_colour,grey (3); red (3),1
fruit_colour,grey (2); red (2),1
plant_height,0.005 (1); 0.04 (1); 0.05 (1); 0.076 (1); 0.1 (1); 0.14 (1); 0.20349435 (1),1
plant_height,0.002 (V); 0.025 (V); 0.05 (V),1
plant_height,0.002 (1); 0.15 (1); 0.3 (1); 0.5 (1); 0.75 (1); 2 (1),1
plant_height,0.0015 (1); 0.2 (1); 2 (1),1
plant_height,0.0015 (1),1
plant_height,0.001 (1); 1 (1),1
plant_growth_substrate,terrestrial (8),1
plant_growth_substrate,terrestrial (6),1
plant_growth_substrate,lithophyte (V); terrestrial (V),1
plant_growth_substrate,lithophyte (1); terrestrial (1),1
plant_growth_substrate,hemiepiphyte (1); lithophyte (1),1
plant_growth_substrate,hemiepiphyte (1),1
plant_growth_substrate,epiphyte (3),1
plant_growth_substrate,epiphyte (2); lithophyte (2); terrestrial (2),1
flower_colour,pink (1); red_brown (1); yellow_orange (1),1
flower_colour,pink (1); red_brown (1); white_cream (1); yellow_orange (1); yellow,1
plant_height,0.02 (V),1
plant_height,0.02 (1); 20 (1),1
plant_height,0.02 (1); 10 (1),1
plant_height,0.02 (1); 0.6 (1),1
plant_height,0.02 (1); 0.5 (1),1
plant_height,0.02 (1); 0.1 (1); 0.4 (1),1
plant_height,0.02 (1); 0.0517 (1); 0.1 (1); 0.15 (1); 0.2 (1); 0.3 (1),1
plant_height,0.019 (1); 0.0939 (1); 0.15 (1); 0.2 (1); 0.3 (1),1
plant_height,0.01 (1); 10 (1),1
plant_height,0.01 (1); 0.5 (1),1
plant_height,0.01 (1); 0.35 (1); 0.6 (1); 0.9 (1); 1.5 (1); 2 (1); 2.5 (1),1
plant_height,0.01 (1); 0.09 (1),1
plant_height,0.01 (1); 0.05 (1),1
plant_height,0.01 (1); 0.02 (1),1
plant_height,0.01 (1),1
plant_height,0.005 (1); 5 (1),1
plant_height,0.05 (1); 0.08 (1); 0.1 (1); 0.25 (1); 0.3 (1); 1 (1),1
plant_height,0.05 (1); 0.07 (1); 0.15 (1); 0.2 (1),1
plant_height,0.04 (1); 0.36 (1); 0.4 (1); 0.5 (1),1
plant_height,0.038 (1),1
plant_height,0.035 (2); 0.3 (2),1
plant_height,0.03 (1); 0.4 (1); 0.6 (1); 1 (1),1
plant_height,0.03 (1); 0.3 (1); 0.5 (1),1
plant_height,0.03 (1); 0.07 (1),1
plant_height,0.03 (1); 0.06 (1); 0.3 (1),1
plant_height,0.03 (1); 0.06 (1); 0.07 (1); 0.1 (1); 0.14 (1); 0.15 (1); 0.25 (1),1
plant_height,0.03 (1); 0.05 (1); 0.1 (1); 0.25 (1),1
plant_height,0.03 (1); 0.04 (1); 0.1 (1); 0.15 (1),1
plant_height,0.03 (1),1
plant_height,0.025 (1); 0.088046342 (1); 0.15 (1); 0.25 (1); 0.35 (1),1
plant_height,0.02 (V); 0.2 (V),1
plant_height,0.02 (V); 0.1 (V),1
plant_height,0.05 (1); 0.5 (1); 0.8 (1),1
plant_height,0.05 (1); 0.45 (1); 0.5 (1),1
plant_height,0.05 (1); 0.4 (1); 1 (1); 1.5 (1),1
plant_height,0.05 (1); 0.4 (1); 0.5 (1); 1 (1); 1.2 (1),1
plant_height,0.05 (1); 0.3 (1); 0.5 (1); 0.7 (1),1
plant_height,0.05 (1); 0.3 (1); 0.4 (1); 0.45 (1); 0.6 (1),1
plant_height,0.05 (1); 0.2 (1); 0.6 (1); 0.8 (1); 0.9 (1),1
plant_height,0.05 (1); 0.2 (1); 0.4 (1),1
plant_height,0.05 (1); 0.18 (1),1
plant_height,0.05 (1); 0.17 (1),1
plant_height,0.05 (1); 0.15 (1); 0.4 (1),1
plant_height,0.05 (1); 0.12 (1); 0.15 (1),1
plant_height,0.05 (1); 0.1 (1); 0.3 (1); 1 (1),1
plant_height,0.05 (1); 0.1 (1); 0.25 (1),1
plant_height,0.05 (1); 0.1 (1); 0.15 (1); 0.18 (1),1
plant_height,0.05 (1); 0.1 (1); 0.15 (1),1
plant_height,0.08 (1); 0.6 (1),1
plant_height,0.08 (1); 0.25 (1); 0.3 (1),1
plant_height,0.08 (1); 0.24 (1),1
plant_height,0.08 (1); 0.15 (1),1
plant_height,0.08 (1); 0.1 (1),1
plant_height,0.07 (V); 0.7 (V),1
plant_height,0.07 (1); 0.15 (1); 0.9 (1),1
plant_height,0.07 (1); 0.1 (1); 0.2 (1); 0.35 (1),1
plant_height,0.06 (1); 0.5 (1),1
plant_height,0.06 (1); 0.2 (1); 0.3 (1),1
plant_height,0.06 (1); 0.15 (1),1
plant_height,0.06 (1); 0.08 (1),1
plant_height,0.05 (V); 0.4 (V),1
plant_height,0.05 (V),1
plant_height,0.05 (1); 1 (1),1
plant_height,0.05 (1); 0.5 (1); 2 (1),1
plant_height,0.1 (1); 0.4 (1); 0.6 (1); 0.7 (1),1
plant_height,0.1 (1); 0.4 (1),1
plant_height,0.1 (1); 0.3 (1); 0.75 (1); 0.8 (1),1
plant_height,0.1 (1); 0.3 (1); 0.5 (1),1
plant_height,0.1 (1); 0.2 (1); 1.5 (1),1
plant_height,0.1 (1); 0.2 (1); 0.75 (1); 0.9 (1),1
plant_height,0.1 (1); 0.2 (1); 0.5 (1),1
plant_height,0.1 (1); 0.2 (1); 0.3 (1); 0.5 (1); 0.9 (1),1
plant_height,0.1 (1); 0.15 (1); 0.5 (1),1
plant_height,0.1 (1); 0.15 (1); 0.3 (1); 0.5 (1); 0.6 (1),1
plant_height,0.1 (1); 0.15 (1),1
plant_height,0.1 (1); 0.14 (1); 0.25 (1); 0.4 (1),1
plant_height,0.095 (1); 0.2 (1); 0.5 (1),1
plant_height,0.08 (V); 0.4 (V),1
plant_height,0.08 (V); 0.15 (V),1
plant_height,0.08 (V); 0.12 (V),1
fruit_colour,brown (V); purple (V),1
fruit_colour,brown (V); green (V),1
flower_colour,blue_purple (V); green (V),1
flower_colour,blue_purple (3),1
flower_colour,blue_purple (2); white_cream (2),1
plant_height,0.1 (1); 1 (1),1
plant_height,0.1 (1); 0.8 (1),1
plant_height,0.1 (1); 0.55 (1),1
plant_height,0.1 (1); 0.5 (1); 1 (1); 2 (1),1
plant_height,0.1 (1); 0.5 (1); 0.75 (1),1
plant_height,0.1 (1); 0.5 (1); 0.7 (1); 1 (1); 1.1 (1),1
plant_height,0.1 (1); 0.5 (1); 0.6 (1),1
plant_height,0.1 (1); 0.47 (1); 0.5 (1),1
plant_height,0.1 (1); 0.452 (1); 1.15 (1),1
plant_height,0.1 (1); 0.4 (1); 0.7 (1); 1 (1),1
plant_height,0.1 (1); 0.4 (1); 0.7 (1),1
plant_height,0.1 (2); 0.2 (2),1
plant_height,0.1 (1); 1.2 (1),1
flower_colour,green (1); pink (1); red_brown (1); yellow_orange (1),1
flower_colour,green (1); pink (1); red_brown (1); white_cream (1); yellow_orange (1),1
flower_colour,golden; yellow; yellow_orange (1),1
flower_colour,cream; red; white_cream (1),1
flower_colour,blue_purple (V); white_cream (V),1
fruit_colour,green (V); red (V),1
fruit_colour,green (V); purple (V),1
fruit_colour,green (V); grey (V); white (V),1
fruit_colour,green (3); purple (3),1
fruit_colour,green (3),1
fruit_colour,green (1); yellow (1),1
fruit_colour,green (1); red (1),1
fruit_colour,green (1); pink (1); red (1),1
fruit_colour,brown (V); red (V); yellow (V),1
plant_height,0.15 (1); 0.4 (1),1
plant_height,0.15 (1); 0.3 (1); 0.5 (1); 0.6 (1),1
plant_height,0.15 (1); 0.3 (1); 0.4 (1); 0.5 (1); 0.7 (1),1
plant_height,0.15 (1); 0.3 (1); 0.4 (1); 0.5 (1),1
plant_height,0.15 (1); 0.25 (1),1
plant_height,0.15 (1); 0.2 (1); 0.25 (1),1
plant_height,0.14 (1); 1.2 (1); 1.3 (1); 1.4 (1),1
plant_height,0.14 (1); 0.15 (1),1
plant_height,0.13 (V); 0.5 (V); 0.6 (V); 0.65 (V),1
plant_height,0.12 (V); 1.2 (V),1
plant_height,0.12 (V); 0.5 (V),1
plant_height,0.12 (1); 12 (1),1
plant_height,0.1 (V); 0.4 (V),1
plant_height,0.1 (V); 0.2 (V); 0.3 (V),1
plant_height,0.1 (V); 0.15 (V),1
plant_height,0.1 (3); 0.3 (3),1
plant_height,0.2 (1); 0.25 (1); 0.3 (1); 0.5 (1); 0.8 (1),1
plant_height,0.2 (1); 0.25 (1),1
plant_height,0.18 (V),1
plant_height,0.18 (1); 0.7 (1); 1.2 (1); 1.3 (1),1
plant_height,0.18 (1); 0.33 (1); 0.4 (1); 0.44 (1),1
plant_height,0.1779 (1); 0.3 (1); 0.38 (1); 0.4 (1); 0.423 (1); 0.5 (1); 0.6 (1); 0.8 (1),1
plant_height,0.17 (V),1
plant_height,0.17 (1); 0.225472497 (1); 0.25 (1); 0.4 (1),1
plant_height,0.16 (V),1
plant_height,0.15 (V); 0.6 (V),1
plant_height,0.15 (V); 0.4 (V); 0.53 (V),1
plant_height,0.15 (V); 0.3 (V),1
plant_height,0.15 (V); 0.2 (V); 0.3 (V); 0.5 (V); 0.6 (V); 1 (V),1
plant_height,0.15 (V); 0.2 (V),1
plant_height,0.15 (2),1
plant_height,0.15 (1); 0.5 (1); 0.6 (1); 1.05 (1),1
plant_height,0.2 (1); 1 (1); 2.5 (1),1
plant_height,0.2 (1); 1 (1); 1.6 (1),1
plant_height,0.2 (1); 0.9 (1); 1 (1); 1.4 (1),1
plant_height,0.2 (1); 0.9 (1); 1 (1),1
plant_height,0.2 (1); 0.6 (1); 1 (1),1
plant_height,0.2 (1); 0.6 (1); 0.8 (1); 1 (1),1
plant_height,0.2 (1); 0.6 (1); 0.8 (1),1
plant_height,0.2 (1); 0.6 (1); 0.7 (1); 0.8 (1); 1 (1),1
plant_height,0.2 (1); 0.6 (1),1
plant_height,0.2 (1); 0.4 (1); 0.6 (1); 0.7 (1); 0.8 (1),1
plant_height,0.2 (1); 0.3 (1); 0.8 (1); 1 (1); 1.5 (1),1
plant_height,0.2 (1); 0.3 (1); 0.5 (1),1
plant_height,0.2 (1); 0.3 (1); 0.45 (1); 0.7 (1); 1.15 (1),1
plant_height,0.2 (1); 0.3 (1); 0.43 (1); 0.45 (1); 0.54 (1),1
plant_height,0.2 (1); 0.3 (1); 0.35 (1); 0.4 (1); 0.5 (1),1
plant_height,0.2 (1); 0.25 (1); 0.4 (1); 0.45 (1); 0.5 (1),1
flower_colour,blue_purple (1); pink (1); yellow_orange (1),1
plant_height,0.25 (1); 0.4 (1),1
plant_height,0.25 (1); 0.3 (1); 1 (1); 1.2 (1); 1.5 (1),1
plant_height,0.25 (1); 0.3 (1); 0.8 (1); 0.9 (1); 1 (1); 1.5 (1),1
plant_height,0.24 (V),1
plant_height,0.23 (V); 0.45 (V),1
plant_height,0.2 (V); 1.5 (V),1
plant_height,0.2 (V); 0.6 (V); 1 (V),1
plant_height,0.2 (V); 0.6 (V),1
plant_height,0.2 (V); 0.5 (V); 1 (V); 1.2 (V); 2 (V),1
plant_height,0.2 (2); 0.6 (2),1
plant_height,0.2 (2); 0.5 (2),1
plant_height,0.2 (2); 0.4 (2),1
plant_height,0.2 (2),1
plant_height,0.2 (1); 2 (1),1
plant_height,0.2 (1); 1.5 (1); 2 (1),1
plant_height,0.3 (1); 0.5 (1); 0.7 (1),1
plant_height,0.3 (1); 0.4 (1); 0.6 (1); 1.2 (1),1
plant_height,0.3 (1); 0.4 (1); 0.5 (1); 0.6 (1),1
plant_height,0.3 (1); 0.35 (1); 0.5 (1); 0.75 (1); 0.8 (1); 0.9 (1); 1 (1),1
plant_height,0.3 (1); 0.35 (1); 0.5 (1),1
plant_height,0.3 (1); 0.32 (1),1
plant_height,0.25 (V); 1.05 (V),1
plant_height,0.25 (V); 0.6 (V),1
plant_height,0.25 (1); 1 (1); 1.3 (1); 1.35 (1),1
flower_colour,blue_purple (2); pink (2); white_cream (2),1
flower_colour,blue_purple (2),1
flower_colour,blue_purple (1); yellow_orange (1); yellow,1
flower_colour,blue_purple (1); white_cream (1); white,1
flower_colour,blue_purple (1); white_cream (1); pink,1
flower_colour,blue_purple (1); white_cream (1); green; pink,1
flower_colour,blue_purple (1); white_cream (1); green,1
flowering_time,nnnnnnnnyyyy (1); nnnnyyyyyynn (1),1
plant_height,0.3 (1); 1.28 (1); 1.3 (1); 2 (1),1
plant_height,0.3 (1); 1 (1); 2 (1),1
plant_height,0.3 (1); 1 (1); 1.5 (1); 2 (1),1
plant_height,0.3 (1); 1 (1); 1.4 (1); 1.5 (1); 2 (1),1
plant_height,0.3 (1); 1 (1); 1.3 (1),1
plant_height,0.3 (1); 1 (1); 1.2 (1); 1.8 (1); 2.5 (1),1
plant_height,0.3 (1); 0.9 (1); 1 (1),1
plant_height,0.3 (1); 0.8 (1); 30 cm,1
plant_height,0.3 (1); 0.7 (1); 0.75 (1); 0.8 (1),1
plant_height,0.3 (1); 0.6 (1); 1.5 (1); 2 (1),1
plant_height,0.3 (1); 0.6 (1); 1 (1); 1.3 (1),1
plant_height,0.3 (1); 0.6 (1),1
plant_height,0.3 (1); 0.5151 (1); 0.6 (1); 0.8 (1); 0.95 (1); 1 (1); 1.5 (1); 1m; to 85 cm,1
plant_height,0.3 (1); 0.5 (1); 0.9 (1); 1 (1),1
plant_height,0.3 (1); 0.5 (1); 0.9 (1),1
plant_height,0.3 (2); 1.5 (2); 2 (2),1
plant_height,0.3 (1); 2.5 (1),1
plant_height,0.3 (1); 1.8 (1),1
plant_height,0.3 (1); 1.5 (1),1
fruit_colour,brown (4); red (4); yellow (4),1
fruit_colour,brown (4); green (4); yellow (4),1
fruit_colour,brown (3); grey (3),1
fruit_colour,brown (3); green (3); yellow (3),1
flowering_time,nnnnnnnnyyyy (1); yyyyynnnnnyy (1); yyyyynyyyyyy (1),1
flowering_time,nnnnnnnnyyyy (1); yyyyynnnnnnn (1),1
flowering_time,nnnnnnnnyyyy (1); yyynnnnnnyyy (1); yyyyyyyyyyyy (1),1
flowering_time,nnnnnnnnyyyy (1); yynnnnnnyyyy (1); yyynnnnnnyyy (1),1
flowering_time,nnnnnnnnyyyy (1); ynnyyynnnyny (1); ynnyyynnnyyy (1),1
flowering_time,nnnnnnnnyyyy (1); ynnnnnnyyyyy (1),1
flowering_time,nnnnnnnnyyyy (1); ynnnnnnnnyyy (1),1
flowering_time,nnnnnnnnyyyy (1); ynnnnnnnnnnn (1),1
plant_height,0.4 (1); 0.5 (1); 0.6 (1),1
plant_height,0.35 (1); 0.9 (1); 1.2 (1); 1.5 (1),1
plant_height,0.32 (1); 1.2 (1); 1.6 (1),1
plant_height,0.3 (V); 3 (V),1
plant_height,0.3 (V); 1.5 (V),1
flower_colour,blue_purple (1); pink (1); red_brown (1); white_cream (1),1
flower_colour,blue_purple (1); pink (1); red_brown (1),1
flower_colour,blue_purple (1); pink,1
flower_colour,blue_purple (1); green (1); white_cream (1); white,1
plant_height,0.3 (V); 1.2 (V),1
plant_height,0.3 (V); 1 (V),1
plant_height,0.3 (4); 0.6 (4),1
plant_height,0.3 (3); 0.8 (3),1
plant_height,0.3 (3); 0.6 (3),1
plant_height,0.3 (2); 3 (2),1
plant_height,0.3 (2); 1.6 (2),1
plant_height,0.5 (1); 0.9 (1),1
plant_height,0.5 (1); 0.6 (1); 1.5 (1); 2 (1); 2.8 (1),1
plant_height,0.5 (1); 0.6 (1),1
plant_height,0.4 (V); 3 (V),1
plant_height,0.4 (V); 0.6 (V),1
plant_height,0.4 (2),1
plant_height,0.4 (1); 1 (1); 1.5 (1); 1.53 (1); 2 (1),1
plant_height,0.4 (1); 1 (1),1
plant_height,0.4 (1); 0.9 (1); 1.49 (1); 1.5 (1),1
plant_height,0.4 (1); 0.9 (1); 1 (1); 1.25 (1); 2 (1); 80 cm,1
plant_height,0.4 (1); 0.9 (1); 1 (1),1
plant_height,0.4 (1); 0.7 (1); 0.9 (1); 1.5 (1),1
plant_height,0.4 (1); 0.62 (1),1
plant_height,0.4 (1); 0.6 (1); 1 (1),1
plant_height,0.4 (1); 0.6 (1); 0.65 (1); 1.3 (1); 1.35 (1),1
plant_height,0.4 (1); 0.6 (1),1
plant_height,0.5 (V); 1.5 (V),1
plant_height,0.5 (V); 0.9 (V),1
plant_height,0.5 (V); 0.7 (V),1
plant_height,0.5 (V); 0.55 (V); 0.7 (V),1
plant_height,0.5 (4),1
plant_height,0.5 (2); 4 (2); 5 (2),1
plant_height,0.5 (2); 3 (2),1
plant_height,0.5 (2); 2 (2),1
plant_height,0.5 (2); 1.5 (2),1
plant_height,0.5 (2),1
plant_height,0.5 (1); 3 (1); 5 (1),1
plant_height,0.5 (1); 2 (1); 3 (1),1
plant_height,0.5 (1); 1 (1); 2 (1); 2.5 (1),1
plant_height,0.5 (1); 1 (1); 1.5 (1),1
plant_height,0.5 (1); 1 (1); 1.2 (1); 1.3 (1); 1.5 (1),1
plant_height,0.5 (1); 0.9 (1); 2 (1),1
plant_height,0.6 (2); 1 (2),1
plant_height,0.6 (1); 2.1 (1),1
plant_height,0.6 (1); 2 (1),1
plant_height,0.6 (1); 1.5 (1),1
plant_height,0.6 (1); 1.2 (1),1
plant_height,0.6 (1); 0.8 (1),1
plant_height,0.5 (V); 2 (V),1
plant_height,0.5 (V); 1.5 (V); 2 (V),1
flower_colour,blue; white; blue_purple (1); green (1); white_cream (1),1
flower_colour,blue; violet; white; blue_purple (1); red_brown (1); yellow_orange (1),1
flower_colour,blue; mauve; blue_purple (1); white_cream (1),1
flower_colour,blue; blue_purple (1); green (1); red_brown (1); white_cream (1); yellow_orange (1),1
flower_colour,blue; blue_purple (1),1
flower_colour,Salmon; pink; red; white; red_brown (1),1
flower_colour,Greenish; cream; mauve; pink; red; white; white_cream (1); yellow_orange (1),1
flower_colour,Bronze; Brown; Khaki; black; crimson; pink; purple; red; white; blue_purple (1); red_brown (1),1
plant_height,0.8 (1); 1.5 (1),1
plant_height,0.8 (1); 1 (1); 2 (1); 2.5 (1); 3 (1); 6 (1),1
plant_height,0.8 (1); 1 (1),1
plant_height,0.75 (V); 1.2 (V),1
plant_height,0.7 (V); 0.8 (V); 1.2 (V),1
plant_height,0.7 (1); 2 (1),1
plant_height,0.7 (1); 1.8 (1),1
plant_height,0.7 (1); 1.4 (1); 1.5 (1); 2 (1),1
plant_height,0.7 (1); 0.8 (1); 1.5 (1),1
fire_time_from_fire_to_peak_flowering,36 (1); 72 (1),1
fire_time_from_fire_to_peak_flowering,24 (1); 60 (1),1
fire_time_from_fire_to_peak_flowering,24 (1); 48 (1),1
fire_time_from_fire_to_fruiting,96 (1),1
plant_height,0.65 (V); 1 (V),1
plant_height,0.65 (V),1
plant_height,0.6 (V); 0.7 (V),1
plant_height,1 (1); 2 (1); 2.6 (1),1
plant_height,1 (1); 1.7 (1),1
plant_height,1 (1); 1.5 (1); 2.5 (1); 3 (1); 4 (1),1
plant_height,1 (1); 1.5 (1); 2 (1); 3 (1),1
plant_height,1 (1); 1.45 (1); 1.5 (1); 2 (1),1
plant_height,1 (1); 1.3 (1),1
plant_height,1 (1); 1.2 (1); 1.5 (1); 2 (1),1
plant_height,1 (1); 1.2 (1),1
plant_height,0.9 (V); 1.6 (V),1
plant_height,0.9 (V); 1.2 (V),1
plant_height,0.9 (2),1
plant_height,0.9 (1); 2 (1); 2.2 (1),1
plant_height,0.9 (1); 1.2 (1),1
plant_height,0.9 (1),1
plant_height,0.8 (V); 1.3 (V),1
plant_height,0.8 (1); 1.5 (1); 80 cm,1
fruit_colour,brown (1); pink (1); purple (1); yellow (1),1
fruit_colour,brown (1); orange (1),1
fruit_colour,brown (1); grey (1); red (1),1
fruit_colour,brown (1); grey (1); red,1
fruit_colour,blue (2),1
plant_height,1 (2); 5 (2),1
plant_height,1 (2); 4 (2),1
plant_height,1 (2); 3 (2),1
plant_height,1 (2); 2.5 (2),1
plant_height,1 (2); 2 (2); 3 (2); 4 (2),1
plant_height,1 (2); 2 (2),1
plant_height,1 (2); 1.5 (2),1
plant_height,1 (1); 4 (1); 4 m; 9 feet high,1
plant_height,1 (1); 3 (1),1
plant_height,1 (1); 2 (1); 4.5 (1),1
plant_height,1 (1); 2 (1); 3 (1); 5 (1),1
plant_height,1 (V); 5 (V),1
plant_height,1 (V); 2.5 (V),1
plant_height,1 (V); 2 (V); 3 (V),1
plant_height,1 (V); 1.1 (V),1
plant_height,1 (3); 5 (3),1
plant_height,1 (3); 3 (3),1
fire_time_from_fire_to_fruiting,68.6046511627907 (1),1
fire_time_from_fire_to_fruiting,60.4651162790698 (1),1
flowering_time,nnnnnnnnyyyy (1); nnnnnyyynnnn (1); yynnyyyyyyyy (1); yyyyyynnnnnn (1),1
flowering_time,nnnnnnnnyyyy (1); nnnnnnnyyyyy (1),1
flowering_time,nnnnnnnnyyyn (V); yynnnnnnyyyy (V),1
flowering_time,nnnnnnnnyyyn (V); ynnnnnnnyyyy (V),1
flowering_time,nnnnnnnnyyyn (V); ynnnnnnnnyyy (V),1
fruit_colour,brown (2); green (2); grey (2); red (2),1
fruit_colour,brown (1); red (1); yellow (1),1
fruit_colour,brown (1); purple,1
flowering_time,nnnnnnnynnnn (1); nyyyyyyyyynn (1),1
flowering_time,nnnnnnnynnnn (1); nnnnnnnyynnn (1); nnnnnnnyyynn (1),1
plant_height,1.5 (3),1
plant_height,1.5 (1); 2.4 (1); 3 (1); 3.02 (1),1
plant_height,1.5 (1); 1.6 (1); 3 (1),1
plant_height,1.4 (2),1
plant_height,1.3 (V),1
plant_height,1.3 (1); 1.5 (1),1
plant_height,1.25 (V),1
plant_height,1.2 (V); 1.5 (V),1
plant_height,1.2 (2); 2 (2),1
plant_height,1.2 (1); 1.75 (1); 1.8 (1),1
plant_height,1.2 (1),1
plant_height,1.1 (1); 1.2 (1),1
plant_height,1.03 (V),1
plant_height,1-3 m; 2m; to 30 cm,1
plant_height,10 (1); 15 (1),1
plant_height,10 (1); 12 (1),1
plant_height,1.8 (1),1
plant_height,1.7 (1),1
plant_height,1.6 (1),1
plant_height,1.5ft; 15 ft; 15-20 ft; 3m; 4 m; 5-15 m; up to\n60 mm; up to 20 ft; 10 (1); 15 (1); 2 (1); 3 (1); 6 (1),1
plant_height,1.5 (V); 2 (V),1
fruit_colour,black (V); purple (V),1
fruit_colour,black (V); brown (V); red (V),1
fruit_colour,black (V); blue (V),1
fruit_colour,black (3); brown (3); red (3),1
fruit_colour,black (3); brown (3); grey (3),1
flowering_time,nnnnnnnyyynn (1); nnnnnnyyyyyn (1); ynnnnnnnyyyy (1),1
flowering_time,nnnnnnnyyynn (1); nnnnnnnyyyyn (1); nnnnyyyyyyyy (1),1
flowering_time,nnnnnnnyynnn (1),1
flowering_time,nnnnnnnynnny (1); yyyyynnyyyyy (1); yyyyyyyyyyyy (1),1
plant_height,12 (1); 18 (1); 6 (1),1
plant_height,12 (1); 15 (1); 25 (1),1
plant_height,10 (V); 24 (V),1
plant_height,10 (V); 2 (V),1
plant_height,10 (V); 16 (V); 4 (V),1
plant_height,10 (4),1
plant_height,10 (3),1
plant_height,10 (2); 25 (2),1
plant_height,10 (1); 4 (1); 5 (1),1
plant_height,10 (1); 30 (1); 35 (1),1
plant_height,10 (1); 30 (1),1
plant_height,10 (1); 3 (1); 4 (1); 5 (1),1
plant_height,10 (1); 25 (1),1
plant_height,10 (1); 20 (1); 3 (1); 6 (1); 8 (1); 20 ft; 4-5 m,1
plant_height,10 (1); 2 (1); 5 (1),1
plant_height,10 (1); 15 (1); 35 (1); 8 (1),1
fruit_colour,black (1); grey (1); purple (1); red (1),1
fire_time_from_fire_to_fruiting,5.11627906976744 (1),1
fire_time_from_fire_to_fruiting,48 (2),1
fire_time_from_fire_to_fruiting,48 (1),1
plant_height,15 (2),1
plant_height,15 (1); 9 (1),1
plant_height,15 (1); 5 (1),1
plant_height,15 (1); 3.45 (1); 35 (1); 6 (1),1
plant_height,15 (1); 25 (1); 30 (1),1
plant_height,15 (1); 20 (1),1
plant_height,15 (1); 18 (1),1
plant_height,14 (V); 3 (V),1
plant_height,12 (V); 15 (V),1
plant_height,12 (3),1
plant_height,12 (1); 7 (1); 8 (1),1
plant_height,12 (1); 4 (1); 5 (1); 6 (1),1
plant_height,15 (V); 20 (V); 25 (V); 35 (V); 9 (V),1
fire_time_from_fire_to_fruiting,57.906976744186 (1),1
fire_time_from_fire_to_fruiting,57.4418604651163 (1),1
fire_time_from_fire_to_fruiting,56.2790697674419 (1),1
fire_time_from_fire_to_fruiting,54.6511627906977 (1),1
fire_time_from_fire_to_fruiting,50.6976744186047 (1),1
flowering_time,nnnnnnnnyyyy (V); ynnnnnnyyyyy (V),1
flowering_time,nnnnnnnnyyyy (4),1
fruit_colour,black (2); grey (2); yellow (2),1
fruit_colour,black (2); brown (2); yellow (2),1
fruit_colour,black (2); brown (2); red (2),1
fruit_colour,black (2); blue (2); brown (2),1
fruit_colour,black (2); blue (2),1
fruit_colour,black (1); purple (1); red (1),1
fruit_colour,black (1); purple,1
fruit_colour,black (1); pink (1); purple (1); red (1),1
plant_height,2 (V); 6 (V),1
plant_height,2 (V); 4 (V),1
plant_height,2 (4),1
plant_height,2 (1); 6 (1); 7 (1); 8 (1),1
plant_height,2 (1); 6 (1),1
plant_height,2 (1); 30-45 cm,1
plant_height,2 (1); 3 (1); 3.5 (1); 4 (1),1
plant_height,2 (1); 22 (1),1
plant_height,2 (1); 2.8 (1),1
plant_height,2 (1); 2.5 (1); 4 (1),1
plant_height,18 (V); 5 (V),1
plant_height,18 (V),1
plant_height,18 (1); 3 (1); 5 (1); 6 (1); 7 (1),1
plant_height,17 (V),1
plant_height,16 (V); 9 (V),1
plant_height,15 (V); 25 (V); 5 (V),1
flowering_time,yyyyyyynnyyy (1),1
flowering_time,yyyyyyynnnyy (2),1
flowering_time,yyyyyyynnnny (3),1
flowering_time,yyyyyyynnnnn (5),1
plant_height,20 (2),1
plant_height,20 (1); 25 (1); 35 (1); 4 (1),1
plant_height,20 (1),1
plant_height,2.7 (1); 4 (1),1
plant_height,2.5 (V); 7 (V),1
fire_time_from_fire_to_fruiting,45.3488372093023 (1),1
fire_time_from_fire_to_fruiting,42.7906976744186 (1),1
fire_time_from_fire_to_fruiting,4.88372093023256 (1),1
fire_time_from_fire_to_fruiting,39.3023255813954 (1),1
fire_time_from_fire_to_fruiting,38.1395348837209 (1),1
fire_time_from_fire_to_fruiting,37.906976744186 (1); 48.3720930232558 (1),1
fire_time_from_fire_to_fruiting,36.2790697674419 (1),1
plant_height,25 (V); 35 (V),1
plant_height,25 (2),1
plant_height,25 (1); 27 (1),1
plant_height,24 (2),1
plant_height,20 (V); 4 (V),1
plant_height,20 (V); 25 (V); 30 (V),1
plant_height,20 (V); 25 (V),1
plant_height,20 (5),1
fruit_colour,black (1); brown (1); white (1),1
fruit_colour,black (1); brown (1); red (1); yellow (1),1
fruit_colour,Brown; grey,1
fruit_colour,Brown; Grey; brown (1); red (1),1
flowering_time,yyyyyyyyyyyy (2),1
flowering_time,yyyyyyyyyyyn (1),1
flowering_time,yyyyyyyyynnn (1),1
flowering_time,yyyyyyyynnyy (1),1
plant_height,30 (V); 40 (V),1
plant_height,30 (4),1
plant_height,30 (3),1
plant_height,30 (1); 35 (1); 36 (1); 45 (1),1
plant_height,3.5 (1),1
plant_height,3 (V); 6 (V),1
plant_height,3 (V); 5 (V),1
plant_height,3 (V); 4 (V),1
plant_height,3 (6),1
plant_height,3 (2); 6 (2),1
plant_height,3 (1); 8 (1),1
plant_height,3 (1); 6 (1),1
plant_height,3 (1); 4 (1); 5 (1),1
plant_height,3 (1); 4 (1),1
plant_height,29 (1),1
plant_height,28 (V),1
fire_time_from_fire_to_fruiting,31.6279069767442 (1),1
fire_time_from_fire_to_fruiting,30.4651162790698 (1),1
plant_height,41 (1),1
plant_height,40 (V); 8 (V),1
plant_height,40 (5),1
plant_height,4.5 (1),1
plant_height,4 m; 7 (1),1
plant_height,4 (V); 6 (V),1
plant_height,4 (V); 4.5 (V),1
plant_height,4 (5),1
plant_height,4 (3),1
plant_height,4 (2),1
plant_height,4 (1); 5 (1),1
plant_height,35 (V); 45 (V),1
plant_height,35 (4),1
plant_height,35 (2),1
flowering_time,yyyyynnnyyyy (3),1
flowering_time,yyyyynnnyyyy (1); yyyyyyyyyyyy (1),1
flowering_time,yyyyynnnynnn (1),1
plant_height,6 (1); 8 (1),1
plant_height,50 (V); 55 (V),1
plant_height,5 (V); 9 (V),1
plant_height,5 (V); 6 (V),1
plant_height,5 (2); 7 (2),1
plant_height,5 (2),1
plant_height,45 (V); 70 (V),1
fire_time_from_fire_to_fruiting,36 (2),1
fire_time_from_fire_to_fruiting,36 (1); 41.6279069767442 (1),1
fire_time_from_fire_to_fruiting,33.953488372093 (1),1
fire_time_from_fire_to_fruiting,33.7209302325581 (1),1
fire_time_from_fire_to_fruiting,33.4883720930233 (1),1
fire_time_from_fire_to_fruiting,33.2558139534884 (1); 60 (1),1
fire_time_from_fire_to_fruiting,3.95348837209302 (1),1
fire_time_from_fire_to_fruiting,3.02325581395349 (1),1
fire_time_from_fire_to_fruiting,28.3720930232558 (1); 34.8 (1),1
fire_time_from_fire_to_fruiting,27.906976744186 (1),1
fire_time_from_fire_to_fruiting,25.2 (1),1
fire_time_from_fire_to_fruiting,24.1860465116279 (1); 25.2 (1); 36.2790697674419 (1),1
fire_time_from_fire_to_fruiting,24 (V),1
plant_height,7 (2),1
flowering_time,yyyyyynnnyyy (V),1
flowering_time,yyyyyynnnyyy (3),1
flowering_time,yyyyyynnnyyy (1); yyyyyyyyyyyy (1),1
flowering_time,yyyyyynnnnnn (3),1
flowering_time,yyyyyynnnnnn (2),1
flowering_time,yyyyyynnnnnn (1); yyyyyyynnnnn (1),1
flowering_time,yyyyynnyyyyy (1); yyyyyynnnnnn (1),1
flowering_time,yyyyynnnyyyy (V); yyyyyyyyyyyy (V),1
plant_tolerance_calcicole,calcifuge (3),1
plant_tolerance_calcicole,calcicole (1),1
plant_physical_defence_structures,thorn (1),1
plant_physical_defence_structures,sharp_pointed_defence (1); thorn,1
fire_time_from_fire_to_fruiting,21.6279069767442 (1),1
fire_time_from_fire_to_fruiting,21.3953488372093 (1),1
fire_time_from_fire_to_fruiting,21.1627906976744 (1),1
fire_time_from_fire_to_fruiting,20.6976744186047 (1); 60 (1),1
fire_time_from_fire_to_fruiting,20.4651162790698 (1),1
fire_time_from_fire_to_fruiting,20.2325581395349 (1); 36 (1),1
fire_time_from_fire_to_fruiting,20 (1),1
plant_physical_defence_structures,absent (10),1
plant_physical_defence_structures,absent (1); spine,1
plant_physical_defence_structures,absent (1); sharp_pointed_defence (1),1
plant_physical_defence_structures,absent,1
plant_height,8 (1),1
plant_tolerance_inundation,aquatic (2),1
plant_tolerance_inundation,1-6_months (1); greater_than_6_months (1); less_than_1_month (1); not_applicable (1),1
fire_time_from_fire_to_fruiting,11.3953488372093 (1); 12 (1); 3.6 (1),1
fire_time_from_fire_to_fruiting,10.6976744186047 (1); 11.8604651162791 (1),1
fire_time_from_fire_to_flowering,96 (1),1
fire_time_from_fire_to_flowering,9.30232558139535 (1),1
fire_time_from_fire_to_flowering,9 (1),1
fire_time_from_fire_to_fruiting,17.6744186046512 (1),1
fire_time_from_fire_to_fruiting,17.4418604651163 (1); 36 (1),1
fire_time_from_fire_to_fruiting,17.4418604651163 (1),1
fire_time_from_fire_to_fruiting,15.5813953488372 (1),1
fire_time_from_fire_to_fruiting,12 (1); 36 (1),1
fire_time_from_fire_to_fruiting,12 (1),1
fire_time_from_fire_to_fruiting,11.6279069767442 (1); 3.6 (1); 7.2 (1),1
plant_tolerance_inundation,1-6_months (1),1
plant_tolerance_calcicole,calcifuge (8),1
fire_time_from_fire_to_flowering,60.4651162790698 (1); 62.7906976744186 (1); 72.5581395348837 (1),1
fire_time_from_fire_to_flowering,60.4651162790698 (1),1
fire_time_from_fire_to_flowering,6.97674418604651 (1),1
fire_time_from_fire_to_flowering,6.74418604651163 (1),1
fire_time_from_fire_to_flowering,6.51162790697674 (1); 9.06976744186047 (1),1
fire_time_from_fire_to_flowering,6.51162790697674 (1),1
fire_time_from_fire_to_flowering,6.27906976744186 (1),1
plant_tolerance_inundation,not_applicable (8),1
plant_tolerance_inundation,not_applicable (7),1
plant_tolerance_inundation,not_applicable (6),1
plant_tolerance_inundation,not_applicable (5),1
plant_tolerance_inundation,less_than_1_month (V); not_applicable (V),1
plant_tolerance_inundation,less_than_1_month (6),1
plant_tolerance_inundation,less_than_1_month (4); not_applicable (4),1
plant_tolerance_inundation,less_than_1_month (10),1
plant_tolerance_inundation,aquatic (V),1
fire_time_from_fire_to_flowering,5.34883720930233 (1); 6 (1),1
fire_time_from_fire_to_flowering,48.3720930232558 (1); 60.4651162790698 (1),1
fire_time_from_fire_to_flowering,46.9767441860465 (1),1
fire_time_from_fire_to_flowering,46.7441860465116 (1); 60 (1); 60.4651162790698 (1),1
plant_tolerance_salt,glycophyte (V),1
plant_tolerance_salt,glycophyte (7),1
plant_tolerance_salt,glycophyte (2); salinity_tolerance_undefined (2),1
plant_tolerance_salt,glycophyte (10),1
plant_tolerance_salt,glycophyte (1); halophyte_moderate (1); salinity_tolerance_undefined (1); salt_spray_tolerant (1),1
plant_tolerance_salt,glycophyte (1); halophyte_moderate (1),1
fire_time_from_fire_to_flowering,8.13953488372093 (V),1
fire_time_from_fire_to_flowering,78.6046511627907 (1),1
fire_time_from_fire_to_flowering,7.44186046511628 (1); 8.4 (1),1
fire_time_from_fire_to_flowering,7.2093023255814 (1); 9 (1),1
fire_time_from_fire_to_flowering,7.2093023255814 (1),1
fire_time_from_fire_to_flowering,68.6046511627907 (1); 78.6046511627907 (1),1
flowering_time,nnnnnnnyyynn (4),1
flowering_time,nnnnnnnyyynn (3),1
flowering_time,nnnnnnnyyynn (1); yyyynnnnnnny (1),1
flowering_time,nnnnnnnyyynn (1); nynnnynnnnnn (1); yynnnyyyyyyy (1),1
plant_tolerance_salt,halophyte_moderate (6),1
plant_tolerance_salt,halophyte_moderate (3); salinity_tolerance_undefined (3),1
plant_tolerance_salt,halophyte_moderate (1); salt_spray_tolerant (1),1
plant_tolerance_salt,halophyte (V),1
fire_time_from_fire_to_flowering,6.04651162790698 (V),1
fire_time_from_fire_to_flowering,6.04651162790698 (1); 9 (1),1
fire_time_from_fire_to_flowering,6 (1); 8.83720930232558 (1),1
fire_time_from_fire_to_flowering,56.2790697674419 (1); 60.4651162790698 (1),1
fire_time_from_fire_to_flowering,5.81395348837209 (V),1
fire_time_from_fire_to_flowering,5.58139534883721 (2),1
fire_time_from_fire_to_flowering,5.34883720930233 (2),1
fire_time_from_fire_to_flowering,5.34883720930233 (1); 9 (1),1
plant_tolerance_salt,salinity_tolerance_undefined (8),1
plant_tolerance_salt,salinity_tolerance_undefined (7),1
plant_tolerance_salt,salinity_tolerance_undefined (5),1
plant_tolerance_salt,halophyte_moderate (8),1
flowering_time,yyyyynnnnnyy (1); yyyyyynnnnyy (1),1
flowering_time,yyyyynnnnnyy (1),1
flowering_time,yyyyynnnnnny (3),1
flowering_time,yyyyynnnnnny (1); yyyyyyynnnnn (1),1
flowering_time,yyyyynnnnnny (1); yyyyyynnnnnn (1),1
flowering_time,nnnnnnnyyyyn (1); nnnyyyyyyyyy (1),1
flowering_time,nnnnnnnyyyyn (1); nnnnyyyyyyyn (1); yynnnnnnyyyy (1),1
flowering_time,nnnnnnnyyyyn (1); nnnnnyyyyyyn (1),1
flowering_time,nnnnnnnyyyyn (1); nnnnnnyyyyyn (1); nnyyyyyyyynn (1),1
flowering_time,nnnnnnnyyynn (V); yynnnnnnnnny (V),1
flowering_time,nnnnnnnyyynn (V); nnnnnnnyyyyn (V),1
flowering_time,nnnnnnnyyynn (5),1
plant_tolerance_snow,days (4); weeks (4),1
plant_tolerance_snow,days (2); not_applicable (2); weeks (2),1
plant_tolerance_snow,days (10); months (10); weeks (10),1
plant_tolerance_snow,days (1); intolerant (1); months (1); weeks (1),1
fire_time_from_fire_to_flowering,45.3488372093023 (1),1
fire_time_from_fire_to_flowering,44.1860465116279 (1); 48.3720930232558 (1),1
fire_time_from_fire_to_flowering,44.1860465116279 (1),1
fire_time_from_fire_to_flowering,43.953488372093 (1); 48.3720930232558 (1); 60.4651162790698 (1),1
fire_time_from_fire_to_flowering,43.2558139534884 (1),1
fire_time_from_fire_to_flowering,42 (1),1
fire_time_from_fire_to_flowering,41.1627906976744 (1); 48.3720930232558 (1); 60.4651162790698 (1),1
fire_time_from_fire_to_flowering,4.8 (1),1
fire_time_from_fire_to_flowering,4.65116279069767 (V),1
fire_time_from_fire_to_flowering,36.2790697674419 (1); 37.906976744186 (1); 60.4651162790698 (1),1
plant_tolerance_salt,salt_spray_tolerant (4),1
plant_tolerance_salt,salt_spray_tolerant (3),1
plant_tolerance_snow,intolerant (1),1
plant_tolerance_snow,days (V); not_applicable (V),1
plant_tolerance_snow,days (6); weeks (6),1
plant_tolerance_snow,days (6); months (6); weeks (6),1
fire_time_from_fire_to_flowering,36.2790697674419 (1); 37.4418604651163 (1); 42 (1); 48.3720930232558 (1),1
fire_time_from_fire_to_flowering,35.8139534883721 (1); 60.4651162790698 (1),1
fire_time_from_fire_to_flowering,35.8139534883721 (1),1
fire_time_from_fire_to_flowering,35.5813953488372 (1); 36.2790697674419 (1); 60.4651162790698 (1),1
fire_time_from_fire_to_flowering,35.5813953488372 (1),1
fire_time_from_fire_to_flowering,34.8837209302326 (1); 36.2790697674419 (1); 48.3720930232558 (1),1
fire_time_from_fire_to_flowering,34.8837209302326 (1); 36 (1); 36.2790697674419 (1),1
fire_time_from_fire_to_flowering,34.8837209302326 (1),1
fire_time_from_fire_to_flowering,33.4883720930233 (1),1
fire_time_from_fire_to_flowering,33.0232558139535 (1); 46.046511627907 (1); 48.3720930232558 (1); 60.4651162790698 (1),1
fire_time_from_fire_to_flowering,33.0232558139535 (1); 36.2790697674419 (1); 48.3720930232558 (1),1
fire_time_from_fire_to_flowering,33.0232558139535 (1),1
fire_time_from_fire_to_flowering,32.3255813953488 (1); 36.2790697674419 (1); 42 (1); 48.3720930232558 (1),1
fire_time_from_fire_to_flowering,32.3255813953488 (1),1
fire_time_from_fire_to_flowering,32 (1),1
fire_time_from_fire_to_flowering,31.6279069767442 (1),1
fire_time_from_fire_to_flowering,31.3953488372093 (1); 36.2790697674419 (1); 48.3720930232558 (1),1
fire_time_from_fire_to_flowering,31.3953488372093 (1); 36.2790697674419 (1),1
fire_time_from_fire_to_flowering,31.3953488372093 (1),1
fire_time_from_fire_to_flowering,30 (1); 31.3953488372093 (1),1
plant_tolerance_water_logged_soils,1-6_months (1); less_than_1_month (1); not_applicable (1),1
plant_tolerance_water_logged_soils,1-6_months (1); aquatic (1); greater_than_6_months (1); less_than_1_month (1),1
plant_tolerance_soil_salinity,56 (1),1
plant_tolerance_soil_salinity,40.6 (1),1
plant_tolerance_snow,not_applicable (8),1
plant_tolerance_snow,not_applicable (5),1
plant_tolerance_snow,not_applicable (4),1
plant_tolerance_snow,intolerant; not_applicable (1),1
flowering_time,yyyynnnnnyyy (1),1
flowering_time,yyyynnnnnnyy (V),1
flowering_time,yyyynnnnnnyy (1); yyyyynnnnnny (1); yyyyyynnnnyy (1); yyyyyyyyyyyy (1),1
flowering_time,yyyynnnnnnny (1),1
plant_tolerance_water_logged_soils,less_than_1_month (6),1
plant_tolerance_water_logged_soils,less_than_1_month (4); not_applicable (4),1
plant_tolerance_water_logged_soils,greater_than_6_months (1),1
plant_tolerance_water_logged_soils,aquatic (6),1
plant_tolerance_water_logged_soils,aquatic (2),1
plant_tolerance_water_logged_soils,1-6_months (5); less_than_1_month (5),1
fire_time_from_fire_to_flowering,33 (1),1
fire_time_from_fire_to_flowering,32.7906976744186 (1); 36.2790697674419 (1); 48.3720930232558 (1),1
fire_time_from_fire_to_flowering,32.5581395348837 (1); 36.2790697674419 (1),1
fire_time_from_fire_to_flowering,32.5581395348837 (1); 36 (1),1
fire_time_from_fire_to_flowering,32.4 (1),1
fire_time_from_fire_to_flowering,32.3255813953488 (1); 36.2790697674419 (1); 48.3720930232558 (1),1
fire_time_from_fire_to_flowering,3.48837209302326 (1); 9.06976744186047 (1),1
fire_time_from_fire_to_flowering,3.48837209302326 (1); 6.74418604651163 (1),1
fire_time_from_fire_to_flowering,3.48837209302326 (1); 6.51162790697674 (1),1
fire_time_from_fire_to_flowering,3.48837209302326 (1); 6 (1),1
fire_time_from_fire_to_flowering,3.48837209302326 (1); 3.6 (1); 6.04651162790698 (1),1
fire_time_from_fire_to_flowering,3.48837209302326 (1); 3.6 (1),1
fire_time_from_fire_to_flowering,3.02325581395349 (1); 4.41860465116279 (1),1
fire_time_from_fire_to_flowering,3.02325581395349 (1); 3.6 (1),1
flowering_time,nnnnnnnyyynn (1); nnynnnnyyyyy (1),1
flowering_time,yyyyynnnnnnn (4),1
flowering_time,yyyyynnnnnnn (1); yyyyynnnnnny (1),1
flowering_time,yyyynyyyyyyy (1),1
flowering_time,yyyynnyyyyyy (1),1
flowering_time,yyyynnnyyyyy (3),1
flowering_time,yyyynnnyyyyy (1); yyyyyyyyyyyy (1),1
flowering_time,yyyynnnyyyyy (1); yyyyynnnnnny (1); yyyyynnnynny (1),1
pollination_syndrome,animal; wind,1
pollination_syndrome,animal (1),1
pollination_syndrome,abiotic (1); water,1
pollination_syndrome,abiotic (1); insect (1); vertebrate (1),1
pollination_syndrome,abiotic (1); insect (1); pollination_rare (1); water (1); wind (1),1
plant_type_by_resource_use,weedy,1
plant_type_by_resource_use,phreatophyte (1),1
plant_tolerance_water_logged_soils,not_applicable (V),1
plant_tolerance_water_logged_soils,not_applicable (8),1
plant_tolerance_water_logged_soils,not_applicable (7),1
plant_tolerance_water_logged_soils,not_applicable (6),1
plant_tolerance_water_logged_soils,not_applicable (5),1
plant_tolerance_water_logged_soils,less_than_1_month (V); not_applicable (V),1
fire_time_from_fire_to_flowering,3.72093023255814 (1); 5.34883720930233 (1),1
fire_time_from_fire_to_flowering,3.6 (1); 8.13953488372093 (1),1
fire_time_from_fire_to_flowering,3.48837209302326 (2),1
fire_time_from_fire_to_flowering,28.3720930232558 (1); 30 (1),1
fire_time_from_fire_to_flowering,28.3720930232558 (1),1
fire_time_from_fire_to_flowering,28 (1),1
fire_time_from_fire_to_flowering,27.906976744186 (1),1
fire_time_from_fire_to_flowering,25.1162790697674 (1); 36.2790697674419 (1); 48.3720930232558 (1),1
fire_time_from_fire_to_flowering,24.1860465116279 (V),1
fire_time_from_fire_to_flowering,24.1860465116279 (1); 8.83720930232558 (1),1
fire_time_from_fire_to_flowering,24.1860465116279 (1); 36.2790697674419 (1); 9.06976744186047 (1),1
fire_time_from_fire_to_flowering,24.1860465116279 (1); 36.2790697674419 (1); 48.3720930232558 (1),1
pollination_syndrome,birds,1
pollination_syndrome,bird (1); insect (1); vertebrate (1),1
pollination_syndrome,bird (1); insect (1),1
pollination_syndrome,beetle (1); insect (1),1
pollination_syndrome,bee (2),1
pollination_syndrome,bee (1); wasp (1),1
pollination_syndrome,bee (1); insect (1),1
flowering_time,yyynnnnnnnyy (1); yyyyyyyyyyyy (1),1
flowering_time,yyynnnnnnnyy (1); yyyyynnnnyyy (1),1
flowering_time,yyynnnnnnnyy (1); yyyynnynnnyy (1),1
flowering_time,yyynnnnnnnyy (1); yyynnnnnyyyy (1),1
pollination_syndrome,insect (2); vertebrate (2),1
pollination_syndrome,insect (11),1
pollination_syndrome,insect (1); vertebrate (1); wind (1),1
pollination_syndrome,fly (1); insect (1),1
pollination_syndrome,butterfly; insect (1),1
pollination_syndrome,butterfly (1),1
fire_time_from_fire_to_flowering,29.0697674418605 (1),1
fire_time_from_fire_to_flowering,28.8372093023256 (1); 36.2790697674419 (1); 60.4651162790698 (1),1
fire_time_from_fire_to_flowering,28.8372093023256 (1); 36.2790697674419 (1),1
fire_time_from_fire_to_flowering,28.8372093023256 (1); 36 (1),1
fire_time_from_fire_to_flowering,28.8372093023256 (1),1
fire_time_from_fire_to_flowering,28.3720930232558 (1); 36 (1); 36.2790697674419 (1); 48 (1); 48.3720930232558 (1),1
fire_time_from_fire_to_flowering,24.1860465116279 (1); 27.906976744186 (1); 32.4 (1); 36.2790697674419 (1),1
fire_time_from_fire_to_flowering,24.1860465116279 (1); 25.1162790697674 (1); 36.2790697674419 (1),1
fire_time_from_fire_to_flowering,24 (1); 7.2 (1),1
fire_time_from_fire_to_flowering,24 (1); 39.3023255813954 (1); 48.3720930232558 (1); 60.4651162790698 (1); 84 (1),1
fire_time_from_fire_to_flowering,24 (1); 3.6 (1); 3.95348837209302 (1); 7.44186046511628 (1),1
fire_time_from_fire_to_flowering,24 (1); 26.5116279069767 (1); 48.3720930232558 (1); 60 (1); 60.4651162790698 (1),1
fire_time_from_fire_to_flowering,24 (1); 25.1162790697674 (1); 36 (1); 36.2790697674419 (1); 48.3720930232558 (1),1
flowering_time,yyyynnnnnnnn (1); yyyyyyyyyyyy (1),1
flowering_time,yyynnnnyyyyy (5),1
flowering_time,yyynnnnyyyyy (1); yyyyynnyyyyy (1),1
flowering_time,yyynnnnyyyyy (1),1
flowering_time,yyynnnnnyyyy (V); yyyyyyyyyyyy (V),1
flowering_time,yyynnnnnyyyy (1),1
flowering_time,yyynnnnnnyyy (V); yyyyynnnnnnn (V),1
flowering_time,yyynnnnnnyyy (1); yyyyyynnnyyy (1),1
flowering_time,yyynnnnnnyyn (V),1
pollination_system,biotic_specialised; water,1
pollination_system,beetle (1),1
pollination_system,bee (1); moth (1),1
pollination_system,animal; wind,1
pollination_system,abiotic (1); water,1
pollination_system,Insect,1
pollination_syndrome,wind,1
pollination_syndrome,vertebrate (V); wind (V),1
pollination_syndrome,self; wind (1),1
pollination_syndrome,insect (9),1
pollination_syndrome,insect (8),1
fire_time_from_fire_to_flowering,24.1860465116279 (1); 33.2558139534884 (1); 36.2790697674419 (1),1
fire_time_from_fire_to_flowering,24.1860465116279 (1); 33.0232558139535 (1); 36.2790697674419 (1),1
fire_time_from_fire_to_flowering,24.1860465116279 (1); 32.5581395348837 (1); 36.2790697674419 (1),1
fire_time_from_fire_to_flowering,24.1860465116279 (1); 30 (1); 36.2790697674419 (1),1
fire_time_from_fire_to_flowering,24.1860465116279 (1); 3.95348837209302 (1); 6 (1); 7.2093023255814 (1),1
post_fire_flowering,fire_dependent_flowering (1),1
pollination_system,wind (1),1
pollination_system,wind,1
pollination_system,self,1
pollination_system,moth (1),1
pollination_system,insect (1); wind (1),1
pollination_system,insect,1
pollination_system,butterfly; insect,1
pollination_system,butterfly (1); moth (1),1
pollination_system,butterfly,1
pollination_system,birds,1
pollination_system,bird (1); insect (1),1
pollination_system,bird (1),1
pollination_system,biotic_unspecialised (V),1
pollination_system,biotic_unspecialised (2),1
pollination_system,biotic_unspecialised (1); butterfly; insect,1
post_fire_flowering,fire_suppressed_flowering (1),1
post_fire_flowering,fire_enhanced_flowering (V),1
post_fire_flowering,fire_enhanced_flowering (3),1
fire_time_from_fire_to_flowering,24 (1); 24.1860465116279 (1); 8.37209302325581 (1),1
fire_time_from_fire_to_flowering,24 (1); 24.1860465116279 (1); 36.2790697674419 (1),1
fire_time_from_fire_to_flowering,24 (1); 24.1860465116279 (1); 36 (1); 7.2093023255814 (1),1
fire_time_from_fire_to_flowering,24 (1); 24.1860465116279 (1); 30.4651162790698 (1),1
fire_time_from_fire_to_flowering,24 (1); 24.1860465116279 (1); 3.6 (1); 8.6046511627907 (1),1
fire_time_from_fire_to_flowering,23.4883720930233 (1); 24 (1); 24.1860465116279 (1); 36 (1); 36.2790697674419 (1),1
fire_time_from_fire_to_flowering,23.4883720930233 (1); 24 (1),1
fire_time_from_fire_to_flowering,23.4883720930233 (1),1
fire_time_from_fire_to_flowering,22.8 (1); 24 (1); 24.1860465116279 (1); 8.83720930232558 (1),1
fire_time_from_fire_to_flowering,22.5581395348837 (1); 24.1860465116279 (1); 48.3720930232558 (1),1
fire_time_from_fire_to_flowering,22.5581395348837 (1); 24.1860465116279 (1); 30 (1); 36.2790697674419 (1),1
fire_time_from_fire_to_flowering,22.5581395348837 (1); 24 (1); 24.1860465116279 (1); 36 (1); 36.2790697674419 (1),1
fire_time_from_fire_to_flowering,22.5581395348837 (1); 24 (1),1
fire_time_from_fire_to_flowering,21.1627906976744 (1); 24.1860465116279 (1); 48 (1),1
fire_time_from_fire_to_flowering,21.1627906976744 (1); 24 (1); 36.2790697674419 (1); 48.3720930232558 (1),1
fire_time_from_fire_to_flowering,21.1627906976744 (1); 24 (1); 24.1860465116279 (1),1
fire_time_from_fire_to_flowering,21 (1); 30.4651162790698 (1); 36.2790697674419 (1),1
fire_time_from_fire_to_flowering,21 (1),1
reproductive_light_environment_index,5 (1),1
recruitment_time,ynnnnnnyyyyy (1); ynnnyyyyyyyy (1),1
recruitment_time,ynnnnnnnnnyy (2),1
recruitment_time,nyyyyyyyyynn (2),1
recruitment_time,nyyyyyynnnnn (1); yyyyyyyyyyyy (1),1
recruitment_time,nyyyyyynnnnn (1); yyyyyyynnnyy (1),1
recruitment_time,nnnnyyynnnnn (1); yyyyyyyyyyyy (1),1
recruitment_time,nnnnyyynnnnn (1); nyyyyyyyyynn (1),1
recruitment_time,nnnnnnnnnnnn (1); nnnnyyynnnnn (1),1
recruitment_time,nnnnnnnnnnnn (1); nnnnnnnyyynn (1),1
post_fire_recruitment,post_fire_recruitment (34),1
flowering_time,nnnnnnnyyyyy (V); ynnnnnnyyyyy (V),1
flowering_time,nnnnnnnyyyyy (1); ynnnnnnyyyyy (1),1
flowering_time,nnnnnnnyyyyy (1); nnyyynnnnnnn (1); yyyyynnnnyyy (1),1
reproductive_maturity,0--1 (1); 2 (1),1
reproductive_maturity,0--1 (1); 1--5 (1),1
reproductive_maturity,0--1 (1); 1 (1); 2.66666666666667 (1),1
reproductive_maturity,0--1 (1); 0.961538461538462 (1); 1 (1),1
reproductive_light_environment_index,6 (1),1
fire_time_from_fire_to_flowering,21.8604651162791 (1); 48 (1),1
fire_time_from_fire_to_flowering,21.8604651162791 (1); 36.2790697674419 (1),1
fire_time_from_fire_to_flowering,21.8604651162791 (1); 24.1860465116279 (1),1
fire_time_from_fire_to_flowering,21.6279069767442 (1); 24 (1); 24.1860465116279 (1); 9.76744186046512 (1),1
fire_time_from_fire_to_flowering,21.3953488372093 (1); 36 (1); 36.2790697674419 (1),1
fire_time_from_fire_to_flowering,21.3953488372093 (1); 24 (1); 24.1860465116279 (1); 36 (1); 36.2790697674419 (1),1
fire_time_from_fire_to_flowering,21.3953488372093 (1),1
fire_time_from_fire_to_flowering,21.1627906976744 (1); 36.2790697674419 (1),1
reproductive_maturity,0.461538461538462 (1),1
reproductive_maturity,0.365384615384615 (1),1
reproductive_maturity,0.173076923076923 (1); 1 (1),1
reproductive_maturity,0--1 (V); 1 (V),1
reproductive_maturity,0--1 (5),1
flowering_time,yyynnnnnnnny (1); yyynynnnnnny (1),1
flowering_time,yyynnnnnnnny (1); yyynnnnnnnyy (1); yyyyynnnnnny (1),1
flowering_time,yyynnnnnnnny (1); yyynnnnnnnyy (1); yyynnnyyynyy (1),1
flowering_time,yyynnnnnnnnn (1); yyyyyynnnnny (1),1
flowering_time,yynyynnnnnyy (V),1
flowering_time,yynnyyyyyyyy (V),1
flowering_time,yynnnyyyyyyy (V),1
flowering_time,nnnnnnyyynnn (1); nnnnnyynnnnn (1); nnnnnyyynnnn (1); nnnnyyyynnnn (1),1
flowering_time,nnnnnnyynnnn (1); ynnnnnnnyyyy (1); yyyynnnnnnnn (1); yyyyyynnnnnn (1); yyyyyyyyyyyy (1),1
flowering_time,nnnnnnyynnnn (1); nnnynnnnnnnn (1); nnyyynnnnnnn (1); nynnnnnnnnnn (1),1
flowering_time,nnnnnnyynnnn (1); nnnnnnyyyynn (1); nnnnnnyyyyyn (1),1
reproductive_maturity,1 (1); 2 (1),1
reproductive_maturity,1 (1); 10 (1),1
reproductive_maturity,1 (1); 1.17307692307692 (1),1
reproductive_maturity,1 (1); 1--5 (1); 5 (1); 5--10 (1),1
reproductive_maturity,1 (1); 1--5 (1); 3 (1),1
reproductive_maturity,1 (1); 1--5 (1); 1.58333333333333 (1); 4 (1),1
reproductive_maturity,0.884615384615385 (1); 1 (1); 1--5 (1),1
reproductive_maturity,0.833333333333333 (1),1
reproductive_maturity,0.826923076923077 (1); 1 (1),1
reproductive_maturity,0.557692307692308 (1),1
reproductive_maturity,0.519230769230769 (1); 1 (1),1
reproductive_maturity,0.5 (1); 1 (1); 1--5 (1),1
reproductive_maturity,0.5 (1); 1 (1),1
reproductive_maturity,0.5 (1); 0.826923076923077 (1); 1 (1),1
reproductive_maturity,0.5 (1),1
reproductive_maturity,0.480769230769231 (1); 0.730769230769231 (1); 1 (1),1
fire_time_from_fire_to_flowering,20.6976744186047 (1); 24 (1),1
fire_time_from_fire_to_flowering,20.6976744186047 (1),1
fire_time_from_fire_to_flowering,20.4651162790698 (1); 48 (1),1
fire_time_from_fire_to_flowering,20.4651162790698 (1); 24.1860465116279 (1); 36.2790697674419 (1),1
fire_time_from_fire_to_flowering,20.4651162790698 (1); 24.1860465116279 (1); 36 (1); 36.2790697674419 (1); 4.8 (1),1
fire_time_from_fire_to_flowering,20.4651162790698 (1); 24 (1); 36 (1); 8.37209302325581 (1),1
fire_time_from_fire_to_flowering,20.4651162790698 (1),1
fire_time_from_fire_to_flowering,20.2325581395349 (1); 36.2790697674419 (1); 48.3720930232558 (1),1
fire_time_from_fire_to_flowering,20.2325581395349 (1); 24.1860465116279 (1); 36.2790697674419 (1),1
reproductive_maturity,1--5 (1); 2.5 (1),1
reproductive_maturity,1--5 (1); 2--3 (1),1
reproductive_maturity,1--5 (1); 2 (1); 5 (1),1
reproductive_maturity,1--5 (1); 12 (1); 2 (1),1
reproductive_maturity,1--5 (1); 10 (1); 4 (1),1
reproductive_maturity,1 (1); 6 (1),1
reproductive_maturity,1 (1); 4 (1); 5--20 (1),1
reproductive_maturity,1--5 (1); 5 (1); 6 (1); 8 (1),1
reproductive_maturity,1--5 (1); 5 (1); 6 (1),1
reproductive_maturity,1--5 (1); 5 (1),1
reproductive_maturity,1--5 (1); 4--5 (1),1
reproductive_maturity,1--5 (1); 4 (1); 5 (1),1
reproductive_maturity,1--5 (1); 4 (1),1
reproductive_maturity,1--5 (1); 3 (1); 7 (1),1
reproductive_maturity,1--5 (1); 3 (1); 5 (1),1
reproductive_maturity,1--5 (1); 3 (1); 4 (1); 5 (1),1
fire_time_from_fire_to_flowering,20.9302325581395 (1); 48.3720930232558 (1),1
fire_time_from_fire_to_flowering,20.9302325581395 (1); 36.2790697674419 (1); 48 (1); 48.3720930232558 (1),1
fire_time_from_fire_to_flowering,20.9302325581395 (1); 24.1860465116279 (1); 36.2790697674419 (1),1
fire_time_from_fire_to_flowering,20.9302325581395 (1); 24.1860465116279 (1); 30 (1); 36.2790697674419 (1),1
fire_time_from_fire_to_flowering,20.9302325581395 (1); 24 (1); 36.2790697674419 (1); 48 (1); 48.3720930232558 (1),1
fire_time_from_fire_to_flowering,20.9302325581395 (1); 24 (1),1
fire_time_from_fire_to_flowering,20.9302325581395 (1),1
reproductive_maturity,15 (1); 4 (1),1
reproductive_maturity,15 (1); 3 (1),1
reproductive_maturity,13 (1); 3 (1); 4 (1); 5 (1),1
reproductive_maturity,13 (1); 2 (1); 5--20 (1),1
reproductive_maturity,10-- (1),1
reproductive_maturity,10 (1); 4 (1); 5--20 (1),1
reproductive_maturity,10 (1); 3 (1); 5--20 (1),1
reproductive_maturity,10 (1); 3 (1),1
reproductive_maturity,10 (1); 2 (1); 5--20 (1),1
reproductive_maturity,10 (1); 2 (1),1
reproductive_maturity,1.5 (1),1
reproductive_maturity,1.07692307692308 (1); 2 (1); 4 (1),1
reproductive_maturity,1--5 (V); 5 (V),1
reproductive_maturity,1--5 (V); 2 (V),1
reproductive_maturity,1--5 (4); 2 (4),1
reproductive_maturity,1--5 (2); 3 (2),1
flowering_time,yynnnnnnyyyy (V); yyynnnnnnnny (V),1
flowering_time,yynnnnnnyyyy (1); yyyyyyyyyyyy (1),1
flowering_time,yynnnnnnyyyy (1); yyyyynnnyyyy (1),1
flowering_time,yynnnnnnyyyy (1); yyyynnnyyyyy (1),1
flowering_time,yynnnnnnyyyy (1); yyyynnnnnyyy (1),1
reproductive_maturity,2 (V); 4 (V),1
reproductive_maturity,2 (V); 3 (V),1
reproductive_maturity,2 (2); 5--20 (2),1
reproductive_maturity,2 (1); 8 (1),1
reproductive_maturity,2 (1); 7 (1),1
reproductive_maturity,2 (1); 5--20 (1); 6 (1),1
reproductive_maturity,2 (1); 5 (1); 5--20 (1),1
reproductive_maturity,2 (1); 4 (1),1
reproductive_maturity,2 (1); 3 (1); 4 (1); 8 (1),1
reproductive_maturity,2 (1); 3 (1); 4 (1); 5--20 (1),1
reproductive_maturity,2 (1); 20-- (1),1
reproductive_maturity,3 (1); 4 (1); 5--20 (1),1
reproductive_maturity,3 (1); 4 (1); 4--5 (1); 5--20 (1),1
reproductive_maturity,20-- (1); 4--5 (1); 8 (1),1
reproductive_maturity,20-- (1),1
reproductive_maturity,20 (1); 3 (1),1
reproductive_maturity,20 (1),1
reproductive_maturity,2.33333333333333 (1),1
flowering_time,nnnnnnnyyyyy (1); nnnnnnyyyyyy (1),1
flowering_time,nnnnnnnyyyyn (V); yynnnnnnyyyy (V),1
flowering_time,nnnnnnnyyyyn (V); nnnnnyyyyyyn (V),1
flowering_time,nnnnnnnyyyyn (V); nnnnnnyyyynn (V),1
flowering_time,nnnnnnnyyyyn (3),1
flowering_time,yynnnnyyyyyy (1); yyyyyyyyyyyy (1),1
flowering_time,yynnnnnyyyyy (1); yyyyyyyyyyyy (1),1
flowering_time,yynnnnnnyyyy (g),1
flowering_time,yynnnnnnyyyy (V); yyyyynnnyyyy (V),1
reproductive_maturity,4 (1); 5 (1); 5--20 (1),1
reproductive_maturity,4 (1); 5 (1),1
reproductive_maturity,3 (V); 4 (V),1
reproductive_maturity,3 (2); 5--20 (2),1
reproductive_maturity,3 (2),1
reproductive_maturity,3 (1); 5 (1); 5--20 (1); 6 (1); 8 (1),1
fire_time_from_fire_to_flowering,20.2325581395349 (1),1
fire_time_from_fire_to_flowering,20 (1); 36.2790697674419 (1),1
fire_time_from_fire_to_flowering,20 (1); 24.1860465116279 (1); 36.2790697674419 (1),1
fire_time_from_fire_to_flowering,20 (1); 24 (1); 24.1860465116279 (1),1
fire_time_from_fire_to_flowering,20 (1); 24 (1),1
fire_time_from_fire_to_flowering,2.7906976744186 (1); 6.51162790697674 (1),1
fire_time_from_fire_to_flowering,2.7906976744186 (1); 3.48837209302326 (1),1
fire_time_from_fire_to_flowering,2.4 (1); 3.6 (1),1
fire_time_from_fire_to_flowering,2.4 (1),1
fire_time_from_fire_to_flowering,2.32558139534884 (1); 6 (1); 6.97674418604651 (1),1
fire_time_from_fire_to_flowering,19.7674418604651 (1); 36 (1); 36.2790697674419 (1),1
fire_time_from_fire_to_flowering,19.7674418604651 (1); 22.5581395348837 (1); 3.6 (1),1
fire_time_from_fire_to_flowering,19.7674418604651 (1),1
fire_time_from_fire_to_flowering,19.2 (1),1
fire_time_from_fire_to_flowering,19 (1); 30 (1),1
fire_time_from_fire_to_flowering,18 (1); 54 (1),1
reproductive_maturity,5--20 (1); 8 (1),1
reproductive_maturity,5--20 (1); 6 (1),1
reproductive_maturity,5--10 (1); 5--20 (1),1
reproductive_maturity,5--10 (1),1
reproductive_maturity,5 (2),1
reproductive_maturity,5 (1); 8 (1); 9 (1),1
reproductive_maturity,5 (1); 6--10 (1),1
reproductive_maturity,5 (1); 6 (1); 7 (1),1
reproductive_maturity,4--5 (1); 5--20 (1),1
reproductive_maturity,4 (V); 5 (V),1
fire_time_from_fire_to_flowering,14.6511627906977 (1),1
fire_time_from_fire_to_flowering,14.1860465116279 (1); 36.2790697674419 (1),1
fire_time_from_fire_to_flowering,14.1860465116279 (1); 24.1860465116279 (1); 36.2790697674419 (1),1
resprouting_capacity,fire_killed (10),1
reproductive_maturity,9 (1),1
reproductive_maturity,6.5 (1),1
reproductive_maturity,6--10 (2),1
reproductive_maturity,6 (V),1
reproductive_maturity,6 (1); 7 (1),1
fire_time_from_fire_to_flowering,2.32558139534884 (1); 4.8 (1); 7.44186046511628 (1),1
fire_time_from_fire_to_flowering,2.32558139534884 (1); 4.8 (1),1
fire_time_from_fire_to_flowering,2.32558139534884 (1); 4.65116279069767 (1); 6 (1),1
fire_time_from_fire_to_flowering,2.32558139534884 (1); 2.4 (1),1
fire_time_from_fire_to_flowering,2.09302325581395 (1); 4.8 (1),1
fire_time_from_fire_to_flowering,2.09302325581395 (1); 3.6 (1); 4.41860465116279 (1),1
fire_time_from_fire_to_flowering,2.09302325581395 (1); 3.6 (1),1
resprouting_capacity,fire_killed (g),1
resprouting_capacity,fire_killed (9),1
resprouting_capacity,fire_killed (6); resprouts (6),1
resprouting_capacity,fire_killed (5); resprouts (5),1
fire_time_from_fire_to_flowering,18 (1),1
fire_time_from_fire_to_flowering,17.4418604651163 (1),1
fire_time_from_fire_to_flowering,16.7441860465116 (1),1
fire_time_from_fire_to_flowering,16.5116279069767 (1); 24.1860465116279 (1),1
fire_time_from_fire_to_flowering,16.5116279069767 (1); 24 (1); 36.2790697674419 (1); 48.3720930232558 (1),1
fire_time_from_fire_to_flowering,16.5116279069767 (1),1
fire_time_from_fire_to_flowering,15.5813953488372 (1); 24.1860465116279 (1); 36.2790697674419 (1),1
fire_time_from_fire_to_flowering,15.5813953488372 (1); 24.1860465116279 (1),1
fire_time_from_fire_to_flowering,15.5813953488372 (1); 16.8 (1); 24 (1),1
fire_time_from_fire_to_flowering,14.6511627906977 (1); 3.6 (1),1
fire_time_from_fire_to_flowering,14.6511627906977 (1); 24.1860465116279 (1); 36.2790697674419 (1),1
fire_time_from_fire_to_flowering,14.6511627906977 (1); 24.1860465116279 (1),1
flowering_time,yynnnnnnnnyy (V); yynnnnnyyyyy (V),1
flowering_time,yynnnnnnnnyy (1); yyynnnnnnnyy (1),1
flowering_time,yynnnnnnnnyy (1); yynnnnnnyyyy (1),1
flowering_time,yynnnnnnnnny (V); yyyynnnnnnyy (V),1
fire_time_from_fire_to_flowering,13.0232558139535 (1); 15 (1); 9.30232558139535 (1),1
fire_time_from_fire_to_flowering,13.0232558139535 (1); 14.6511627906977 (1); 18 (1),1
fire_time_from_fire_to_flowering,13.0232558139535 (1); 14.6511627906977 (1); 15 (1); 2.4 (1); 3.95348837209302 (1); 9.06976744186047 (1),1
fire_time_from_fire_to_flowering,120 (1); 36 (1),1
fire_time_from_fire_to_flowering,120 (1); 14.1860465116279 (1); 36 (1),1
fire_time_from_fire_to_flowering,12.093023255814 (1); 9.53488372093023 (1),1
fire_time_from_fire_to_flowering,12.093023255814 (1); 8.6046511627907 (1),1
resprouting_capacity,resprouts (38),1
resprouting_capacity,resprouts (14),1
resprouting_capacity,resprouts (12),1
resprouting_capacity,resprouts (10),1
resprouting_capacity,partial_resprouting (15); resprouts (15),1
fire_time_from_fire_to_flowering,14.1860465116279 (1),1
fire_time_from_fire_to_flowering,13.2 (1); 8.83720930232558 (1),1
fire_time_from_fire_to_flowering,13.0232558139535 (1); 9.53488372093023 (1),1
fire_time_from_fire_to_flowering,13.0232558139535 (1); 24 (1); 24.1860465116279 (1),1
fire_time_from_fire_to_flowering,13.0232558139535 (1); 18 (1); 9.76744186046512 (1),1
flowering_time,yynnnnnnyyyy (1); yyyynnnnnnyy (1); yyyynnnnnyyy (1),1
flowering_time,yynnnnnnyyyy (1); yyyynnnnnnyy (1),1
flowering_time,yynnnnnnyyyy (1); yyynnnnnyyyy (1); yyyyyyyyyyyy (1),1
flowering_time,yynnnnnnyyyy (1); yyynnnnnnnyy (1),1
flowering_time,yynnnnnnyyyy (1); yyynnnnnnnny (1),1
flowering_time,yynnnnnnyyyn (V),1
flowering_time,yynnnnnnnyyy (V); yyynnnnnnyyy (V),1
flowering_time,yynnnnnnnyyy (V); yynnnnnnyyyy (V),1
flowering_time,yynnnnnnnyyy (1); yyyyynnnyyny (1); yyyyyyyyyyyy (1),1
flowering_time,yynnnnnnnyyy (1); yyynnnyyyyyy (1),1
flowering_time,yynnnnnnnyyy (1); yyynnnnnyyyy (1); yyynnnnyyyyy (1),1
resprouting_capacity_proportion_individuals,0 (1); 0.00279069767 (1); 0.14 (1); 0.279069767 (1); 0.31 (1); 0.63 (1),1
resprouting_capacity_non_fire_disturbance,resprouts_non_fire_disturbance (8),1
fire_time_from_fire_to_flowering,12.093023255814 (1); 8.13953488372093 (1),1
fire_time_from_fire_to_flowering,12.093023255814 (1); 7.2093023255814 (1),1
fire_time_from_fire_to_flowering,12.093023255814 (1); 7.2 (1); 8.37209302325581 (1),1
fire_time_from_fire_to_flowering,12.093023255814 (1); 6.04651162790698 (1),1
fire_time_from_fire_to_flowering,12.093023255814 (1); 3.6 (1); 8.83720930232558 (1),1
fire_time_from_fire_to_flowering,12.093023255814 (1); 3.6 (1); 3.72093023255814 (1); 4.8 (1),1
fire_time_from_fire_to_flowering,12.093023255814 (1); 24 (1); 9.53488372093023 (1),1
fire_time_from_fire_to_flowering,12 (V); 4.18604651162791 (V),1
fire_time_from_fire_to_flowering,12 (2); 24 (2),1
resprouting_capacity_non_fire_disturbance,resprouts_non_fire_disturbance (10),1
resprouting_capacity_juvenile,juvenile_fire_killed (V),1
resprouting_capacity_juvenile,juvenile_fire_killed (3),1
fire_time_from_fire_to_flowering,14.1860465116279 (1); 24 (1); 24.1860465116279 (1),1
fire_time_from_fire_to_flowering,14.1860465116279 (1); 24 (1),1
fire_time_from_fire_to_flowering,12 (1); 5.58139534883721 (1),1
fire_time_from_fire_to_flowering,12 (1); 4.41860465116279 (1); 6 (1),1
fire_time_from_fire_to_flowering,12 (1); 36 (1),1
root_structure,arbuscular_mycorrhizal (1); non_mycorrhizal (1); proteoid_root (1),1
root_structure,arbuscular_mycorrhizal (1); ericoid_mycorrhizal (1),1
root_structure,arbuscular_mycorrhizal (1); coiling_vam (1),1
resprouting_capacity_proportion_individuals,0.6,1
resprouting_capacity_proportion_individuals,0.4 (1); 0.8 (1); 1 (1),1
resprouting_capacity_proportion_individuals,0.4 (1); 0.6 (1); 1 (1),1
resprouting_capacity_proportion_individuals,0.4 (1); 0.6 (1); 0.8 (1),1
resprouting_capacity_proportion_individuals,0.222222222222222 (1); 0.481481481481481 (1); 0.575 (1); 0.722222222222222 (1),1
resprouting_capacity_proportion_individuals,0.2 (V),1
resprouting_capacity_proportion_individuals,0.125 (1),1
resprouting_capacity_proportion_individuals,0.00466666667 (1); 0.29 (1); 0.466666667 (1); 0.64 (1); 1 (1),1
resprouting_capacity_proportion_individuals,0 (5),1
resprouting_capacity_proportion_individuals,0 (3),1
root_structure,hemiparasitic_root (1); parasitic_root (1),1
root_structure,ericoid_mycorrhizal (3),1
root_structure,carnivorous (3),1
root_structure,carnivorous (1); non_mycorrhizal (1),1
root_structure,arbuscular_mycorrhizal (6),1
root_structure,arbuscular_mycorrhizal (4); ectomycorrhizal (4),1
root_structure,arbuscular_mycorrhizal (2); ectomycorrhizal (2),1
root_structure,arbuscular_mycorrhizal (1); unknown (1),1
fire_time_from_fire_to_flowering,12 (1); 8.6046511627907 (1),1
fire_time_from_fire_to_flowering,12 (1); 8.13953488372093 (1),1
fire_time_from_fire_to_flowering,12 (1); 7.90697674418605 (1); 9.30232558139535 (1),1
fire_time_from_fire_to_flowering,12 (1); 7.90697674418605 (1),1
fire_time_from_fire_to_flowering,12 (1); 7.44186046511628 (1),1
fire_time_from_fire_to_flowering,12 (1); 7.2093023255814 (1),1
fire_time_from_fire_to_flowering,12 (1); 60 (1),1
fire_time_from_fire_to_flowering,12 (1); 6 (1); 8.37209302325581 (1),1
flowering_time,nnnnnnyyyyyn (1); nnnnnyyyyynn (1),1
flowering_time,nnnnnnyyyynn (5),1
flowering_time,nnnnnnyyyynn (4),1
flowering_time,nnnnnnyyyynn (3),1
flowering_time,nnnnnnyyyynn (2); nyyyyyyyyynn (2),1
flowering_time,nnnnnnyyyynn (1); nnnnnyyyyyyn (1); yyyyyyyyyyyy (1),1
fire_time_from_fire_to_flowering,12 (1); 20.2325581395349 (1); 36 (1); 36.2790697674419 (1),1
fire_time_from_fire_to_flowering,12 (1); 20.2325581395349 (1); 24.1860465116279 (1),1
fire_time_from_fire_to_flowering,12 (1); 20 (1); 24 (1); 24.1860465116279 (1),1
fire_time_from_fire_to_flowering,12 (1); 20 (1); 24 (1),1
fire_time_from_fire_to_flowering,12 (1); 2.55813953488372 (1); 6.51162790697674 (1),1
fire_time_from_fire_to_flowering,12 (1); 2.55813953488372 (1); 4.18604651162791 (1),1
fire_time_from_fire_to_flowering,12 (1); 2.55813953488372 (1); 3.72093023255814 (1),1
fire_time_from_fire_to_flowering,12 (1); 2.4 (1); 3.95348837209302 (1),1
root_structure,non_mycorrhizal (1); proteoid_root (1),1
root_structure,hemiparasitic_root (2),1
root_structure,parasitic_root (1),1
root_structure,orchid_mycorrhizal (4),1
fire_time_from_fire_to_flowering,12 (1); 3.48837209302326 (1); 8.13953488372093 (1),1
fire_time_from_fire_to_flowering,12 (1); 3.48837209302326 (1); 4.65116279069767 (1),1
fire_time_from_fire_to_flowering,12 (1); 3.02325581395349 (1); 6.97674418604651 (1),1
fire_time_from_fire_to_flowering,12 (1); 3.02325581395349 (1),1
fire_time_from_fire_to_flowering,12 (1); 24 (1); 6 (1),1
fire_time_from_fire_to_flowering,12 (1); 21 (1),1
flowering_time,yynnnnnnnnny (V); yynnnnnnnyyy (V); yyynnnnnnyyy (V),1
flowering_time,yynnnnnnnnny (5),1
flowering_time,yynnnnnnnnny (2); yyyynnnnyyyy (2),1
flowering_time,yynnnnnnnnny (1); yyyyyyyyyyyy (1),1
flowering_time,yynnnnnnnnny (1); yyyyyyynyyyy (1),1
flowering_time,yynnnnnnnnny (1); yyyyynnnnnny (1); yyyyyyyyyyyy (1),1
flowering_time,yynnnnnnnnny (1); yyyynnnnnyyy (1); yyyyyyyyyyyy (1),1
flowering_time,nnnnnnyyyyyn (V); ynnnnnnnyyyn (V),1
seed_dormancy_class,physiological_dormancy (V),1
root_system_type,tap_root_sometimes_present (V),1
fire_time_from_fire_to_flowering,12 (1); 2.4 (1),1
fire_time_from_fire_to_flowering,12 (1); 2.32558139534884 (1); 6.27906976744186 (1),1
fire_time_from_fire_to_flowering,12 (1); 2.32558139534884 (1); 3.48837209302326 (1),1
fire_time_from_fire_to_flowering,12 (1); 2.09302325581395 (1); 6.51162790697674 (1),1
fire_time_from_fire_to_flowering,12 (1); 2.09302325581395 (1); 2.7906976744186 (1),1
fire_time_from_fire_to_flowering,12 (1); 14.6511627906977 (1); 9.53488372093023 (1),1
fire_time_from_fire_to_flowering,12 (1); 14.1860465116279 (1); 18 (1); 7.44186046511628 (1),1
fire_time_from_fire_to_flowering,12 (1); 13.0232558139535 (1),1
fire_time_from_fire_to_flowering,12 (1); 12.093023255814 (1); 8.37209302325581 (1),1
fire_time_from_fire_to_flowering,12 (1); 12.093023255814 (1); 8.13953488372093 (1),1
fire_time_from_fire_to_flowering,12 (1); 12.093023255814 (1); 7.44186046511628 (1),1
root_system_type,tap_root_sometimes_present (2),1
root_system_type,tap_root_absent (1); tap_root_present (1),1
root_structure,unknown,1
seed_germination,0.238095238 (1); 0.333333333 (1); 0.571428571 (1),1
seed_germination,0.2 (V),1
seed_germination,0.2 (1); 0.275 (1); 0.3 (1),1
seed_germination,0.18 (1); 0.21 (1),1
seed_germination,0.133333333 (1); 0.333333333 (1); 0.366666667 (1),1
seed_germination,0.133333333 (1); 0.2 (1); 0.333333333 (1); 0.96 (1); 1 (1),1
seed_germination,0.121212121 (1); 0.151515152 (1); 0.272727273 (1),1
seed_germination,0.11 (1); 0.12 (1),1
seed_germination,0.1 (1); 0.18 (1); 0.25 (1),1
seed_germination,0.07 (1); 0.19 (1),1
seed_germination,0.0404 (1); 0.71 (1),1
seed_germination,0.033333333 (V),1
seed_germination,0 (9),1
seed_germination,0 (1); 0.55 (1); 0.9 (1); 1 (1),1
seed_germination,0 (1); 0.25 (1); 0.45 (1),1
seed_germination,0 (1); 0.2 (1),1
seed_germination,0.5 (1); 0.79 (1),1
seed_germination,0.5 (1); 0.75 (1),1
seed_germination,0.5 (1); 0.71 (1); 1 (1),1
seed_germination,0.5 (1); 0.61 (1); 0.8 (1),1
seed_germination,0.5 (1); 0.53 (1); 0.89 (1),1
seed_germination,0.5 (1); 0.52 (1); 0.68 (1); 0.8 (1),1
seed_germination,0.5 (1),1
seed_germination,0.47 (1); 0.484848485 (1); 0.55 (1); 0.696969697 (1); 0.757575758 (1),1
seed_germination,0.466666667 (1); 0.566666667 (1); 0.633333333 (1),1
seed_germination,0.4 (V),1
seed_germination,0.393939394 (1); 0.484848485 (1); 0.606060606 (1),1
seed_germination,0.376 (1); 0.56 (1); 0.8 (1); 0.9 (1),1
seed_germination,0.35 (V),1
seed_germination,0.32 (V),1
seed_germination,0.3 (V),1
seed_germination,0.25 (1); 0.4 (1); 0.5 (1),1
seed_germination,0.56 (1); 0.72 (1); 1 (1),1
seed_germination,0.56 (1); 0.64 (1),1
seed_germination,0.55 (1); 0.74 (1),1
seed_germination,0.55 (1); 0.64 (1); 0.8 (1); 0.9 (1); 1 (1),1
seed_germination,0.55 (1); 0.6 (1); 0.65 (1); 0.7 (1); 0.79 (1); 0.8 (1); 0.95 (1); 1 (1),1
seed_germination,0.55 (1); 0.6 (1),1
seed_germination,0.54 (1); 0.88 (1),1
seed_germination,0.54 (1); 0.58 (1); 0.65 (1); 0.72 (1); 0.88 (1),1
seed_germination,0.533333333 (V); 0.6 (V); 0.85 (V),1
seed_germination,0.533333333 (1); 0.633333333 (1); 0.733333333 (1),1
seed_germination,0.53 (1); 0.71 (1),1
seed_germination,0.53 (1); 0.67 (1); 0.68 (1); 0.75 (1); 0.82 (1); 0.9 (1); 0.95 (1),1
seed_germination,0.53 (1); 0.65 (1); 0.89 (1),1
seed_germination,0.52 (V); 1 (V),1
seed_germination,0.5 (1); 0.8 (1); 0.9 (1); 1 (1),1
seed_germination,0.5 (1); 0.8 (1),1
seed_germination,0.62 (1); 0.8 (1); 0.85 (1),1
seed_germination,0.616 (1); 0.97 (1),1
seed_germination,0.61 (1); 0.7 (1); 0.72 (1),1
seed_germination,0.61 (1); 0.63 (1),1
seed_germination,0.6 (V); 0.95 (V); 1 (V),1
seed_germination,0.6 (V),1
seed_germination,0.6 (1); 0.84 (1); 0.95 (1),1
seed_germination,0.6 (1); 0.65 (1); 0.8 (1); 0.9 (1),1
seed_germination,0.59 (1),1
seed_germination,0.58 (1); 0.66 (1); 0.67 (1); 0.7 (1); 0.76 (1); 0.8 (1); 0.85 (1),1
seed_germination,0.58 (1),1
seed_germination,0.57 (1); 0.86 (1),1
seed_germination,0.57 (1); 0.81 (1); 0.85 (1),1
seed_germination,0.568 (1); 0.74 (1),1
seed_germination,0.56 (1); 0.89 (1),1
seed_germination,0.56 (1); 0.77 (1); 0.8 (1); 0.84 (1),1
seed_germination,0.7 (1); 0.85 (1),1
seed_germination,0.7 (1); 0.8 (1); 0.95 (1),1
seed_germination,0.7 (1); 0.75 (1); 0.9 (1),1
seed_germination,0.68 (1); 0.94 (1),1
seed_germination,0.68 (1); 0.75 (1); 0.84 (1); 1 (1),1
seed_germination,0.67 (1); 0.88 (1),1
seed_germination,0.67 (1); 0.75 (1),1
seed_germination,0.666666667 (V),1
seed_germination,0.65 (V),1
seed_germination,0.65 (1); 0.73 (1); 0.83 (1),1
seed_germination,0.65 (1); 0.7 (1); 0.85 (1),1
seed_germination,0.65 (1); 0.7 (1); 0.75 (1); 0.8 (1),1
seed_germination,0.64 (1); 0.81 (1),1
seed_germination,0.64 (1),1
seed_germination,0.63 (1); 0.85 (1); 1 (1),1
seed_germination,0.625 (1); 0.8125 (1); 0.9375 (1),1
seed_germination,0.75 (1); 0.85 (1),1
seed_germination,0.75 (1); 0.8 (1); 0.81 (1); 0.87 (1); 1 (1),1
seed_germination,0.75 (1); 0.8 (1),1
seed_germination,0.75 (1); 0.76 (1),1
seed_germination,0.75 (1),1
seed_germination,0.74 (1); 0.95 (1),1
seed_germination,0.74 (1); 0.89 (1); 0.95 (1),1
seed_germination,0.74 (1); 0.81 (1); 1 (1),1
seed_germination,0.74 (1); 0.8 (1); 1 (1),1
seed_germination,0.74 (1),1
seed_germination,0.73 (1); 0.94 (1),1
seed_germination,0.72 (V),1
seed_germination,0.72 (1); 0.86 (1); 0.92 (1); 0.94 (1),1
seed_germination,0.71 (1); 0.92 (1); 1 (1),1
seed_germination,0.71 (1); 0.88 (1),1
seed_germination,0.71 (1); 0.85 (1); 0.91 (1),1
seed_germination,0.83 (1),1
seed_germination,0.8 (2),1
seed_germination,0.8 (1); 0.95 (1),1
seed_germination,0.8 (1); 0.94 (1); 0.96 (1),1
seed_germination,0.8 (1); 0.9 (1),1
seed_germination,0.79 (1); 0.92 (1),1
seed_germination,0.79 (1); 0.9 (1),1
seed_germination,0.79 (1),1
seed_germination,0.76 (V),1
seed_germination,0.76 (1); 0.94 (1),1
seed_germination,0.76 (1); 0.89 (1); 0.9 (1); 1 (1),1
seed_germination,0.76 (1); 0.78 (1),1
seed_germination,0.75 (V); 1 (V),1
seed_germination,0.75 (1); 1 (1),1
seed_germination,0.75 (1); 0.92 (1),1
seed_germination,0.75 (1); 0.9 (1); 1 (1),1
flowering_time,yynnnnnnnnny (1); yynnnnnnyyyy (1); yyynnnnnnnyy (1); yyyynnnnnyyy (1),1
flowering_time,yynnnnnnnnny (1); yynnnnnnnyyy (1); yynnnnnnyyyy (1),1
flowering_time,yynnnnnnnnnn (1); yyyyyyynyyyy (1),1
flowering_time,yynnnnnnnnnn (1); yyynnnnnyyyy (1),1
fire_time_from_fire_to_flowering,11.8604651162791 (1); 23.4883720930233 (1); 24 (1); 24.1860465116279 (1); 36 (1); 36.2790697674419 (1),1
fire_time_from_fire_to_flowering,11.8604651162791 (1); 12.093023255814 (1); 24 (1); 24.1860465116279 (1),1
fire_time_from_fire_to_flowering,11.8604651162791 (1); 12 (1); 12.093023255814 (1),1
fire_time_from_fire_to_flowering,11.6279069767442 (1); 8.83720930232558 (1),1
fire_time_from_fire_to_flowering,11.6279069767442 (1); 14.6511627906977 (1),1
fire_time_from_fire_to_flowering,11.6279069767442 (1); 12 (1); 24.1860465116279 (1); 48 (1),1
fire_time_from_fire_to_flowering,11.6279069767442 (1); 12 (1); 24.1860465116279 (1); 36 (1); 36.2790697674419 (1),1
fire_time_from_fire_to_flowering,11.6279069767442 (1); 12 (1); 2.32558139534884 (1),1
seed_germination,0.85 (1); 1 (1),1
seed_germination,0.85 (1); 0.94 (1); 1 (1),1
seed_germination,0.85 (1); 0.89 (1),1
seed_germination,0.85 (1),1
seed_germination,0.86 (1),1
fire_time_from_fire_to_flowering,12 (1); 12.093023255814 (1); 6 (1); 8.6046511627907 (1),1
fire_time_from_fire_to_flowering,12 (1); 12.093023255814 (1); 30 (1); 8.6046511627907 (1),1
fire_time_from_fire_to_flowering,12 (1); 12.093023255814 (1); 24 (1); 6 (1); 7.2093023255814 (1),1
fire_time_from_fire_to_flowering,11.8604651162791 (1); 24 (1); 24.1860465116279 (1); 8.13953488372093 (1),1
flowering_time,nnnnnnyyynnn (1); nnnynyyyyyyn (1),1
flowering_time,nnnnnnyyynnn (1); nnnnyyyyynnn (1); nnyyyyyyynnn (1),1
flowering_time,nnnnnnyyynnn (1); nnnnnyyyynnn (1); nnnnyyyyyynn (1),1
flowering_time,yynnnnnnnnny (1); yyyynnnnnnnn (1),1
flowering_time,yynnnnnnnnny (1); yyynnnnnyyyy (1),1
flowering_time,yynnnnnnnnny (1); yyynnnnnnnyy (1),1
flowering_time,yynnnnnnnnny (1); yyynnnnnnnny (1); yyyyyyyyyyyy (1),1
flowering_time,yynnnnnnnnny (1); yyynnnnnnnny (1),1
flowering_time,yynnnnnnnnny (1); yyynnnnnnnnn (1); yyyynnnnnnnn (1),1
flowering_time,yynnnnnnnnny (1); yyynnnnnnnnn (1),1
flowering_time,yynnnnnnnnny (1); yynnnnnnyyyy (1); yyynnnnnnyyy (1),1
seed_germination,0.95 (1); 1 (1),1
seed_germination,0.94 (V),1
seed_germination,0.94 (1),1
seed_germination,0.93 (1); 1 (1),1
seed_germination,0.93 (1); 0.94 (1),1
seed_germination,0.92 (1); 0.98 (1),1
seed_germination,0.9 (V); 1 (V),1
seed_germination,0.9 (1); 0.94 (1); 0.95 (1),1
seed_germination,0.89 (1); 0.95 (1),1
seed_germination,0.88 (V),1
seed_germination,0.88 (1); 0.96 (1),1
seed_germination,0.88 (1); 0.9 (1); 0.94 (1); 1 (1),1
seed_germination,0.87 (1),1
seed_germination,0.86 (1); 0.96 (1),1
seed_germination,0.86 (1); 0.9 (1); 0.93 (1); 0.95 (1); 0.96 (1); 1 (1),1
seed_germination,0.86 (1); 0.87 (1),1
fire_time_from_fire_to_flowering,10.6976744186047 (1); 9.53488372093023 (1),1
fire_time_from_fire_to_flowering,10.6976744186047 (1); 4.65116279069767 (1),1
fire_time_from_fire_to_flowering,10.6976744186047 (1); 12 (1); 14.6511627906977 (1); 60 (1),1
fire_time_from_fire_to_flowering,10.6976744186047 (1); 12 (1); 13.0232558139535 (1),1
fire_time_from_fire_to_flowering,10.6976744186047 (1); 12 (1); 12.093023255814 (1),1
fire_time_from_fire_to_flowering,10.6976744186047 (1); 12 (1),1
fire_time_from_fire_to_flowering,10.6976744186047 (1),1
seed_germination_time,11 (1); 14 (1); 22 (1),1
seed_germination_time,11 (1); 13 (1); 8 (1),1
seed_germination_time,11 (1); 12 (1); 9 (1),1
seed_germination_time,11 (1); 119 (1); 22 (1); 34 (1),1
seed_germination_time,103 (1); 54 (1); 73 (1),1
seed_germination_time,1 (1); 27 (1); 8 (1),1
seed_germination,0.98 (V),1
seed_germination,0.96 (V),1
seed_germination,0.95 (V); 1 (V),1
seed_germination_time,12 (1); 56 (1); 6 (1); 9 (1),1
seed_germination_time,12 (1); 43 (1); 64 (1),1
seed_germination_time,12 (1); 35 (1); 48 (1),1
seed_germination_time,12 (1); 30 (1); 62 (1),1
seed_germination_time,12 (1); 175 (1); 21 (1); 28 (1),1
seed_germination_time,112 (1),1
seed_germination_time,11 (1); 4 (1); 9 (1),1
seed_germination_time,11 (1); 15 (1); 29 (1),1
seed_germination_time,11 (1); 15 (1); 19 (1),1
seed_germination_time,11 (1); 147 (1); 18 (1); 6 (1),1
fire_time_from_fire_to_flowering,11.6279069767442 (1); 12 (1); 14.1860465116279 (1); 15.5813953488372 (1),1
fire_time_from_fire_to_flowering,11.3953488372093 (1); 6 (1),1
fire_time_from_fire_to_flowering,11.3953488372093 (1); 30 (1),1
fire_time_from_fire_to_flowering,11.3953488372093 (1); 13.0232558139535 (1); 15 (1),1
fire_time_from_fire_to_flowering,11.3953488372093 (1); 12 (1); 12.093023255814 (1); 24.1860465116279 (1),1
fire_time_from_fire_to_flowering,11.3953488372093 (1); 12 (1),1
seed_germination_time,15 (1); 35 (1); 6 (1),1
seed_germination_time,15 (1); 30 (1); 48 (1),1
seed_germination_time,15 (1); 22 (1); 35 (1),1
seed_germination_time,15 (1); 19 (1); 22 (1); 49 (1),1
seed_germination_time,140 (1); 21 (1); 26 (1); 39 (1),1
seed_germination_time,14 (1); 50 (1); 6 (1),1
seed_germination_time,14 (1); 25 (1); 39 (1),1
seed_germination_time,14 (1); 20 (1); 25 (1),1
seed_germination_time,14 (1); 16 (1); 18 (1),1
seed_germination_time,13 (1); 36 (1); 47 (1),1
seed_germination_time,13 (1); 24 (1); 51 (1),1
seed_germination_time,13 (1); 20 (1); 6 (1),1
seed_germination_time,13 (1); 19 (1); 33 (1),1
seed_germination_time,13 (1); 17 (1); 9 (1),1
seed_germination_time,13 (1); 14 (1); 17 (1); 25 (1); 6 (1); 8 (1),1
seed_germination_time,126 (1),1
seed_germination_time,20 (3),1
seed_germination_time,20 (1); 30 (1); 7 (1),1
seed_germination_time,2 (1); 30 (1); 72 (1),1
seed_germination_time,189 (1),1
seed_germination_time,188 (1); 38 (1); 79 (1),1
seed_germination_time,18 (1); 5 (1); 8 (1),1
seed_germination_time,18 (1); 31 (1); 50 (1),1
seed_germination_time,18 (1); 25 (1); 40 (1),1
seed_germination_time,18 (1); 24 (1); 6 (1),1
seed_germination_time,17 (1); 42 (1),1
seed_germination_time,17 (1); 26 (1); 36 (1),1
seed_germination_time,17 (1); 196 (1); 27 (1); 37 (1),1
seed_germination_time,16 (V),1
seed_germination_time,16 (1); 38 (1); 7 (1),1
seed_germination_time,16 (1); 28 (1); 8 (1),1
seed_germination_time,152 (1); 40 (1); 74 (1),1
seed_germination_time,32 (3),1
seed_germination_time,3 (3),1
seed_germination_time,294 (1),1
seed_germination_time,29 (1),1
seed_germination_time,287 (1),1
seed_germination_time,28 (1); 40 (1); 497 (1); 73 (1),1
seed_germination_time,28 (1); 37 (1); 47 (1),1
seed_germination_time,26 (1); 44 (1); 60 (1),1
seed_germination_time,26 (1),1
seed_germination_time,25 (1); 46 (1); 90 (1),1
seed_germination_time,231 (1),1
seed_germination_time,23 (1); 37 (1); 8 (1),1
seed_germination_time,23 (1),1
seed_germination_time,217 (1),1
seed_germination_time,21 (1); 44 (1); 59 (1),1
seed_germination_time,21 (1); 3 (1); 8 (1),1
flowering_time,ynnnyyyyyyyy (1); yynnnnnnnnny (1),1
flowering_time,ynnnynynyyyy (1),1
flowering_time,ynnnnyyyyyyy (1),1
flowering_time,ynnnnnyyyyyy (1); yyyyyyynnnnn (1),1
flowering_time,ynnnnnyyyyyy (1),1
flowering_time,ynnnnnnyyyyy (V); yynnnnnnyyyy (V),1
fire_time_from_fire_to_flowering,10 (1); 3.6 (1),1
fire_time_from_fire_to_flowering,10 (1); 2.32558139534884 (1),1
fire_time_from_fire_to_flowering,10 (1); 14.6511627906977 (1); 15 (1),1
fire_time_from_fire_to_flowering,10 (1); 12.093023255814 (1); 6 (1),1
fire_time_from_fire_to_flowering,10 (1); 12.093023255814 (1),1
fire_time_from_fire_to_flowering,10 (1); 12 (1); 6 (1); 6.51162790697674 (1),1
fire_time_from_fire_to_flowering,10 (1); 12 (1); 5.34883720930233 (1),1
seed_germination_time,350 (1),1
seed_germination_time,35 (1); 36 (1); 42 (1),1
seed_germination_time,34 (1); 39 (1); 51 (1),1
fire_time_from_fire_to_flowering,10.4651162790698 (1); 3.6 (1),1
fire_time_from_fire_to_flowering,10.2325581395349 (1); 8.83720930232558 (1),1
fire_time_from_fire_to_flowering,10.2325581395349 (1); 12.093023255814 (1),1
fire_time_from_fire_to_flowering,10.2325581395349 (1); 12 (1); 8.83720930232558 (1),1
fire_time_from_fire_to_flowering,10.2325581395349 (1),1
fire_time_from_fire_to_flowering,10 (1); 9.6 (1),1
fire_time_from_fire_to_flowering,10 (1); 9.53488372093023 (1),1
fire_time_from_fire_to_flowering,10 (1); 6 (1),1
flowering_time,yynnnnnnnnnn (1); yynnnnnnnnny (1); yyyynnnnyyyy (1),1
flowering_time,yynnnnnnnnnn (1),1
flowering_time,ynnyyyyyyyyy (1),1
flowering_time,ynnyynnyyyyn (1),1
flowering_time,ynnnyyyyyyyy (V); ynynyyyyyyyy (V),1
flowering_time,ynnnyyyyyyyy (V),1
flowering_time,ynnnyyyyyyyy (1); yynnnnnnyyyy (1),1
flowering_time,ynnnyyyyyyyy (1); yynnnnnnnnny (1); yyyyyyyyyyyy (1),1
seed_germination_time,854 (1),1
seed_germination_time,82 (1),1
seed_germination_time,8 (3),1
seed_germination_time,707 (1),1
seed_germination_time,7 (V),1
seed_germination_time,679 (1),1
seed_germination_time,61 (1),1
seed_germination_time,57 (1),1
seed_germination_time,53 (3),1
seed_germination_time,504 (1),1
seed_germination_time,50 (1); 64 (1); 74 (1),1
seed_germination_time,448 (1),1
seed_germination_time,44 (1),1
seed_germination_time,40 (1),1
seed_germination_time,392 (1),1
seed_germination_time,39 (1); 44 (1); 49 (1),1
flowering_time,nnnnnyyyynnn (4),1
flowering_time,nnnnnyyyynnn (1); yynnnyyyyyyy (1),1
flowering_time,nnnnnyyyynnn (1),1
flowering_time,nnnnnyyynnnn (V),1
fire_time_from_fire_to_flowering,1.62790697674419 (1); 12 (1); 4.65116279069767 (1),1
fire_time_from_fire_to_flowering,1.3953488372093 (1); 2.55813953488372 (1); 3.6 (1),1
fire_time_from_fire_to_flowering,1.3953488372093 (1); 12 (1); 6.04651162790698 (1),1
seed_germination_treatment,cold (1); none (1),1
seed_germination_treatment,after_ripening (1); heat_lethal (1),1
seed_germination_treatment,after_ripening (1); heat+smoke (1),1
seed_germination_treatment,after_ripening (1),1
seed_germination_time,980 (1),1
seed_germination_time,945 (1),1
seed_germination_time,917 (1),1
seed_germination_time,9 (3),1
seed_germination_time,882 (1),1
fire_time_from_fire_to_flowering,10 (1); 12 (1); 12.093023255814 (1),1
fire_time_from_fire_to_flowering,10 (1); 10.2325581395349 (1); 8.83720930232558 (1),1
fire_time_from_fire_to_flowering,10 (1); 10.2325581395349 (1),1
fire_time_from_fire_to_flowering,1.86046511627907 (1); 3.6 (1); 5.11627906976744 (1),1
fire_time_from_fire_to_flowering,1.86046511627907 (1); 3.6 (1),1
fire_time_from_fire_to_flowering,1.86046511627907 (1); 3.48837209302326 (1),1
fire_time_from_fire_to_flowering,1.86046511627907 (1); 12 (1); 18 (1); 24 (1); 3.48837209302326 (1),1
flowering_time,ynnnnnnnyyyy (1); ynnnnnnyyyyy (1),1
flowering_time,ynnnnnnnnyyy (2),1
flowering_time,ynnnnnnnnyyy (1); yynnnnnnnnyy (1); yynnnnnnyyyy (1); yyynnnnnnnny (1),1
flowering_time,ynnnnnnnnyyy (1); yynnnnnnnnny (1),1
flowering_time,ynnnnnnnnnyy (4),1
flowering_time,ynnnnnnnnnyy (3),1
flowering_time,ynnnnnnnnnyy (1); ynnnnyyynnyy (1); yyyyyyyyyyyy (1),1
flowering_time,ynnnnnnnnnyy (1); ynnnnynnnnyy (1),1
flowering_time,nnnnnyyyynnn (V),1
seed_viability,0.24 (1),1
seed_viability,0.15 (1); 0.32 (1),1
seed_viability,0.11 (1); 0.12 (1),1
seed_viability,0.05 (1),1
seed_viability,0.0404 (1); 0.71 (1),1
seed_viability,0 (1); 0.2 (1),1
seed_germination_treatment,stratification (2),1
seed_germination_treatment,smoke (V),1
seed_germination_treatment,smoke (2),1
seed_germination_treatment,none (2),1
seed_germination_treatment,light (1); stratification (1),1
seed_germination_treatment,leaching (1),1
seed_germination_treatment,imbibe_hot (3),1
seed_germination_treatment,heat+smoke (1); scarify (1),1
seed_germination_treatment,heat (3),1
fire_time_from_fire_to_flowering,10 (1); 12 (1); 3.72093023255814 (1); 6 (1),1
fire_time_from_fire_to_50_percent_flowering,11.3953488372093 (1),1
fire_time_from_fire_to_50_percent_flowering,10.6976744186047 (1),1
seedbank_location,canopy_seedbank (1); soil_seedbank (1),1
seed_viability,0.94 (1),1
seed_viability,0.90 (1),1
seed_viability,0.89 (1),1
seed_viability,0.88 (1),1
seed_viability,0.86 (1); 0.87 (1),1
seed_viability,0.85 (1),1
seed_viability,0.833 (1); 1 (1),1
seed_viability,0.83 (1); 0.889 (1),1
seed_viability,0.76 (1),1
seed_viability,0.73 (1),1
seed_viability,0.568 (1); 0.74 (1),1
seed_viability,0.56 (1); 0.88 (1),1
seed_viability,0.56 (1); 0.76 (1),1
seedbank_location,none (2); soil_seedbank (2),1
seedbank_location,none (1); soil_seedbank (1); soil_seedbank_absent (1),1
seedbank_location,canopy_seedbank_absent (1); soil_seedbank_absent (1),1
seedbank_location,canopy_seedbank_absent (1); soil_seedbank (1); soil_seedbank_absent (1),1
fire_time_from_fire_to_flowering,1.2 (1); 3.95348837209302 (1),1
fire_time_from_fire_to_flowering,0--24 (1); 24 (1); 30 (1),1
fire_time_from_fire_to_flowering,0--24 (1); 22 (1),1
fire_time_from_fire_to_flowering,0--24 (1); 10.6976744186047 (1); 12 (1); 18 (1); 24 (1); 8.37209302325581 (1),1
fire_time_from_fire_to_flowering,--120 (1),1
fire_time_from_fire_to_50_percent_flowering,9.76744186046512 (1),1
fire_time_from_fire_to_50_percent_flowering,48 (1),1
fire_time_from_fire_to_50_percent_flowering,36.2790697674419 (1),1
fire_time_from_fire_to_50_percent_flowering,21.8604651162791 (1),1
fire_time_from_fire_to_50_percent_flowering,20.6976744186047 (1),1
fire_time_from_fire_to_50_percent_flowering,20.2325581395349 (1),1
fire_time_from_fire_to_50_percent_flowering,19.7674418604651 (1),1
dispersers,water (3),1
dispersers,water (1); wind (1),1
dispersers,vertebrates (3),1
seedbank_longevity,--2 (1); 1--5 (1),1
seedbank_location,soil_seedbank (6),1
establishment_light_environment_index,partial shade,1
establishment_light_environment_index,3.4 (1),1
establishment_light_environment_index,2.85 (1),1
establishment_light_environment_index,2.8 (1),1
establishment_light_environment_index,2.76 (1),1
establishment_light_environment_index,2.46 (1),1
establishment_light_environment_index,2.37 (1); full sun,1
establishment_light_environment_index,2.2 (1),1
establishment_light_environment_index,2.18 (1),1
establishment_light_environment_index,2.05 (1),1
establishment_light_environment_index,1.6 (1),1
flowering_time,nnnnnnyyyyyy (2),1
flowering_time,ynnnnnnnnnyy (1); ynnnnnnnyyyy (1); yynnnnnnnnny (1),1
flowering_time,ynnnnnnnnnyy (1); ynnnnnnnyyyy (1),1
flowering_time,ynnnnnnnnnny (1); yynnnnnnyyyy (1); yyyyyyyyyyyy (1),1
flowering_time,ynnnnnnnnnny (1); yynnnnnnyyyy (1),1
flowering_time,ynnnnnnnnnny (1); yynnnnnnnyyy (1); yyyyynnnyyyy (1),1
flowering_time,ynnnnnnnnnny (1); yynnnnnnnnyy (1); yyyyyyyyyyyn (1),1
seedbank_longevity,--2 (7),1
seedbank_longevity,--2 (5),1
seedbank_longevity,--2 (2); 10-- (2),1
seedbank_longevity,--2 (1); 7 (1),1
seedbank_longevity,--2 (1); 3.3 (1),1
seedbank_longevity,--2 (1); 2-- (1); 5.2 (1),1
dispersers,wind (7),1
dispersers,water (8),1
dispersers,water (5),1
dispersers,vehicles (1); water (1); wind (1),1
dispersers,vehicles (1),1
dispersers,passive (V),1
dispersers,passive (1); water (1); wind (1),1
dispersers,passive (1); water (1),1
dispersers,mammals (V); wind (V),1
dispersers,mammals (3),1
seedbank_longevity,1 (1),1
flowering_time,nnnnnyyynnnn (3); nnnnyyyyynnn (3),1
flowering_time,nnnnnyyynnnn (1); nnynnnnnnnnn (1),1
flowering_time,nnnnnyyynnnn (1); nnnnyyyyynnn (1),1
flowering_time,nnnnnyynnnnn (V),1
flowering_time,nnnnnyynnnnn (1); ynnnnnnnnyyy (1),1
flowering_time,nnnnnyynnnnn (1); nnnyyyynnnnn (1),1
flowering_time,nnnnnynnnnnn (1); nyyynnnnnnnn (1),1
flowering_time,nnnnnynnnnnn (1); nnnnnyyynnnn (1),1
seedbank_longevity,2--3 (1),1
dispersers,mammals (1); water (1); wind (1),1
dispersers,mammals (1); vertebrates (1); wind (1),1
dispersers,invertebrates (V); passive (V),1
dispersers,invertebrates (6),1
dispersers,invertebrates (4),1
dispersers,invertebrates (1); water (1); wind (1),1
dispersers,invertebrates (1); vertebrates (1),1
seedbank_longevity,2-- (7),1
seedbank_longevity,2-- (6),1
seedbank_longevity,2-- (5),1
seedbank_longevity,2-- (1); 5-- (1),1
seedbank_longevity,10.2 (1); 2-- (1),1
seedbank_longevity,1--5 (1),1
seedbank_longevity,1-- (V),1
seedbank_longevity,1-- (1); 1--5 (1),1
seedbank_longevity_class,persistent (9),1
seedbank_longevity_class,persistent (8),1
seedbank_longevity_class,persistent (7),1
seedbank_longevity_class,persistent (6),1
seedbank_longevity_class,persistent (2); transient (2),1
seedbank_longevity_class,persistent (1); transient (1); widely_dispersed (1),1
seedbank_longevity_class,persistent (1); short_persistent (1),1
dispersers,invertebrates (1); mammals (1); vertebrates (1),1
dispersers,indigenous_people (1),1
dispersers,birds (3); vertebrates (3),1
dispersers,birds (1); vertebrates (1); water; wind,1
seedbank_longevity_class,persistent,1
seedbank_longevity_class,long_persistent (V),1
seedbank_longevity_class,long_persistent (2); transient (2),1
seedbank_longevity_class,long_persistent (2),1
seedbank_longevity,3.3 (1),1
flowering_time,nyyyyyynnnnn (7),1
flowering_time,nyyyyyynnnnn (3),1
flowering_time,nyyyyyynnnnn (2),1
seedbank_longevity_class,widely_dispersed (3),1
seedbank_longevity_class,transient (8),1
seedbank_longevity_class,transient (6),1
seedbank_longevity_class,transient (5),1
seedbank_longevity_class,short_persistent (1); transient (1),1
dispersers,birds (1); passive (1); water (1),1
dispersers,birds (1); insects; wind,1
dispersers,birds (1); flying_vertebrates (1); wind (1),1
dispersers,birds (1); cassowaries (1),1
dispersers,bats (1); birds (1); mammals (1),1
dispersers,bats (1); birds (1); cassowaries (1); flying_vertebrates (1); mammals (1),1
dispersers,bats (1); birds (1),1
dispersers,ants (V); birds (V),1
dispersers,ants (1); invertebrates (1); water (1),1
dispersers,ants (1); invertebrates (1); vertebrates (1),1
dispersers,ants (1); birds (1); wind (1),1
flowering_time,ynnnnnnnnnny (1); yynnnnnnnnyy (1),1
flowering_time,ynnnnnnnnnny (1); yynnnnnnnnny (1); yynnnnnnyyyy (1); yyynyyyyyyyy (1),1
flowering_time,ynnnnnnnnnny (1); yynnnnnnnnny (1),1
flowering_time,ynnnnnnnnnny (1); ynnnnnnnnyyn (1); ynnnnnnnnyyy (1),1
flowering_time,ynnnnnnnnnny (1),1
flowering_time,spring; yynnnnnnyyyy (1); yynnnnnyyyny (1),1
flowering_time,spring,1
flowering_time,nyyyyyyyyynn (1); yyyyynnnyyyy (1),1
flowering_time,nyyyyyyyyynn (1),1
flowering_time,nyyyyyyyynnn (1); yyyyyynnnnnn (1),1
flowering_time,nyyyyyyyynnn (1); yyyyynnnnnny (1),1
flowering_time,nyyyyyyyynnn (1),1
flowering_time,nyyyyyyynnnn (1),1
sex_type,dioecious (1); hermaphrodite (1); monoecious (1),1
serotiny,serotinous (1); serotiny_low (1); serotiny_moderate (1),1
dispersers,ants (1); birds (1); invertebrates (1),1
dispersers,ants (1); birds (1); flying_vertebrates (1); vertebrates (1),1
dispersers,ants (1); birds (1); flying_vertebrates (1); invertebrates (1),1
dispersers,animals; mammals (1); vertebrates (1); wind (1),1
dispersers,abiotic (1); animals (1); water (1),1
dispersers,abiotic (1); animals (1); invertebrates (1); vertebrates (1); water (1),1
dispersers,abiotic (1); animals (1); invertebrates (1); passive (1),1
dispersers,abiotic (1); animals (1); birds (1); water (1); wind (1),1
seedling_establishment_conditions,establish_post_fire (2),1
seedling_establishment_conditions,establish_anytime (g),1
seedling_establishment_conditions,establish_anytime (1); establish_post_fire (1),1
dispersers,ants (2); invertebrates (2),1
dispersers,ants (1); mammals (1); vertebrates (1),1
dispersers,ants (1); mammals (1); passive (1),1
sex_type,dioecious (8),1
sex_type,dioecious (2); monoecious (2),1
dispersal_syndrome,zoochory (6),1
dispersal_syndrome,undefined (1); zoochory (1),1
dispersal_syndrome,myrmecochory (2); zoochory (2),1
dispersers,abiotic (1); animals (1); birds (1); passive (1),1
dispersers,abiotic (1); animals (1); birds (1); invertebrates (1); vertebrates (1); wind (1),1
dispersers,abiotic (1); animals (1); ants (1); passive (1),1
dispersers,abiotic (1); animals (1),1
dispersal_unit,spore,1
dispersal_unit,seedling (1),1
dispersal_unit,seedling,1
dispersal_unit,seed; seedling,1
dispersal_unit,fruit; seed; seedling,1
dispersal_unit,fruit; seed,1
dispersal_unit,Seed; seed,1
flowering_time,nyynnnnnnnnn (1); yynnnnnnyyyy (1); yyyynnnnnnyy (1),1
flowering_time,nynnnnnnnnnn (1); yyyyynnnnnny (1),1
flowering_time,nynnnnnnnnnn (1); yyynnnnnyyyy (1),1
flowering_time,nynnnnnnnnnn (1),1
sex_type,hermaphrodite (V); monoecious (V),1
sex_type,hermaphrodite (2); monoecious (2),1
sex_type,hermaphrodite (1); unknown,1
dispersal_syndrome,hydrochory (1); zoochory (1),1
dispersal_syndrome,epizoochory (V); zoochory (V),1
dispersal_syndrome,epizoochory (7),1
dispersal_syndrome,epizoochory (6),1
dispersal_syndrome,epizoochory (5),1
dispersal_syndrome,epizoochory (1); undefined (1); zoochory (1),1
sex_type,hermaphrodite (1); polygamous (1),1
sex_type,gynomonoecious (1); hermaphrodite (1),1
sex_type,dioecious (V); gynodioecious (V),1
sprout_depth,13 (V),1
sprout_depth,-4 (V),1
sprout_depth,-3 (V),1
sprout_depth,-1 (V); 2 (V); 3 (V),1
sex_type,monoecious (4),1
sex_type,monoecious (1); trioecious (1),1
flowering_time,nyyyyyynnnnn (1); yynnnnnnnnny (1); yyyynnnnyyyy (1),1
flowering_time,nyyyyyynnnnn (1),1
flowering_time,nyyyyynnnnnn (V),1
flowering_time,nyyyyynnnnnn (2),1
flowering_time,nyyyyynnnnnn (1); yyyyyynnyyyy (1); yyyyyyyynnnn (1),1
flowering_time,nyyyynnnnnnn (1); yyyyynnyyyyy (1),1
flowering_time,nyyyynnnnnnn (1); yyynnnnnnnnn (1); yyyyyynynyyy (1),1
flowering_time,nyyyynnnnnnn (1); nyyyyynnnnnn (1),1
flowering_time,nyyynnnnnnnn (1); yyynnnnnnnyy (1),1
flowering_time,nyynnynyyyyy (1),1
stem_growth_habit,bushy (2); erect (2),1
stem_growth_habit,bushy (1); prostrate (1),1
stem_growth_habit,bushy (1); erect (1); spreading (1),1
stem_growth_habit,bushy (1); erect (1); spindly (1); spreading (1),1
stem_growth_habit,bushy (1); erect (1); prostrate (1); spindly (1); sprawling (1),1
stem_growth_habit,bushy (1); erect (1); prostrate (1),1
stem_growth_habit,bushy (1); decumbent (1); rosette (1); sprawling (1),1
stem_growth_habit,bark; dense; spreading,1
stem_growth_habit,arborescent; bushy,1
stem_growth_habit,arborescent (2); erect (2),1
stem_growth_habit,arborescent,1
sprout_depth,9 (V),1
sprout_depth,8 (V),1
sprout_depth,7 (V),1
sprout_depth,3 (V),1
sprout_depth,2 (V),1
stem_growth_habit,caespitose (1); decumbent (1); sprawling (1); spreading (1),1
stem_growth_habit,caespitose (1); decumbent (1); erect (1); tufted (1),1
stem_growth_habit,caespitose (1); decumbent (1); erect (1); spreading (1),1
stem_growth_habit,caespitose (1); decumbent (1); erect (1); prostrate (1),1
stem_growth_habit,caespitose (1); decumbent (1); erect (1),1
stem_growth_habit,caespitose (1); creeping (1); dense (1); rhizomatous (1),1
stem_growth_habit,caespitose (1); compact (1); erect (1),1
stem_growth_habit,bushy; spreading,1
stem_growth_habit,bushy; erect; spreading,1
stem_growth_habit,bushy; erect (1),1
stem_growth_habit,bushy; erect,1
stem_growth_habit,bushy; dense; spreading,1
stem_growth_habit,bushy; dense; erect,1
stem_growth_habit,bushy; compact; dense; erect; spindly; sprawling; spreading,1
stem_growth_habit,bushy (3); spreading (3),1
stem_growth_habit,bushy (3); erect (3),1
stem_growth_habit,caespitose (1); floating (1); rhizomatous (1); tufted (1),1
stem_growth_habit,caespitose (1); erect (1); stoloniferous (1),1
stem_growth_habit,caespitose (1); erect (1); rhizomatous (1),1
dispersal_syndrome,endozoochory (V); myrmecochory (V),1
dispersal_syndrome,endozoochory (V); epizoochory (V),1
dispersal_syndrome,endozoochory (5),1
dispersal_syndrome,endozoochory (3); zoochory (3),1
flowering_time,nnyyyyyyynnn (1); yynnnnnnnyyy (1); yyyynnnnnnny (1),1
flowering_time,nnyyyyynnnnn (1); yynnnnnnnnny (1); yyyynnnnnnnn (1),1
flowering_time,nnyyyynnnnnn (2); nnyyyyyynnnn (2),1
flowering_time,nnyyyynnnnnn (2),1
flowering_time,nnyyynnnyyyn (V),1
flowering_time,nnyyynnnnnnn (1); yynnnnnnnnyy (1); yyyyynnnnnyy (1),1
dispersal_syndrome,endozoochory (1); epizoochory (1); hydrochory (1); undefined (1),1
stem_growth_habit,caespitose (1); dense (1); open (1); rhizomatous (1),1
stem_growth_habit,caespitose (1); dense (1),1
stem_growth_habit,climbing (1); compact (1); prostrate (1),1
dispersal_syndrome,barochory (V); undefined (V),1
dispersal_syndrome,barochory (V); hydrochory (V),1
dispersal_syndrome,barochory (V); epizoochory (V); hydrochory (V),1
dispersal_syndrome,barochory (V); epizoochory (V),1
dispersal_syndrome,barochory (3); zoochory (3),1
dispersal_syndrome,barochory (2); zoochory (2),1
dispersal_syndrome,barochory (2); epizoochory (2),1
dispersal_syndrome,barochory (2); endozoochory (2); zoochory (2),1
stem_growth_habit,caespitose (V); stoloniferous (V),1
stem_growth_habit,caespitose (V); dense (V),1
stem_growth_habit,caespitose (3); erect (3),1
stem_growth_habit,caespitose (2); rhizomatous (2),1
stem_growth_habit,caespitose (1); tufted (1),1
stem_growth_habit,caespitose (1); prostrate (1); rhizomatous (1),1
stem_growth_habit,caespitose (1); open (1),1
stem_growth_habit,creeping (1); prostrate (1); stoloniferous (1),1
stem_growth_habit,creeping (1); prostrate (1),1
stem_growth_habit,creeping (1); mat-forming (1); prostrate (1); rhizomatous (1),1
stem_growth_habit,creeping (1); decumbent (1); rhizomatous (1),1
stem_growth_habit,creeping (1); decumbent (1); mat-forming (1); rhizomatous (1),1
stem_growth_habit,compact (V); open (V),1
stem_growth_habit,compact (V); erect (V),1
stem_growth_habit,compact (1); spreading (1),1
stem_growth_habit,compact (1); erect (1),1
stem_growth_habit,compact (1); dense (1); spreading (1),1
stem_growth_habit,climbing (V); prostrate (V),1
stem_growth_habit,climbing (5),1
stem_growth_habit,climbing (1); spreading (1),1
stem_growth_habit,climbing (1); prostrate; spreading,1
stem_growth_habit,climbing (1); erect (1); prostrate (1),1
stem_growth_habit,climbing (1); decumbent (1); sprawling (1),1
dispersal_syndrome,ballistic (V); zoochory (V),1
stem_growth_habit,decumbent (1); spreading (1),1
stem_growth_habit,decumbent (1); rhizomatous (1),1
stem_growth_habit,decumbent (1); prostrate (1); spreading (1),1
stem_growth_habit,decumbent (1); erect (1); spindly (1); spreading (1),1
stem_growth_habit,decumbent (1); erect (1); rhizomatous (1); spreading (1),1
stem_growth_habit,decumbent (1); erect (1); rhizomatous (1),1
stem_growth_habit,decumbent (1); erect (1); prostrate (1); stoloniferous (1),1
stem_growth_habit,decumbent (1); erect (1); mat-forming (1),1
stem_growth_habit,decumbent (1); dense (1),1
stem_growth_habit,cushion-forming (1),1
stem_growth_habit,creeping; prostrate (1),1
stem_growth_habit,creeping (V); decumbent (V); prostrate (V),1
stem_growth_habit,creeping (V); decumbent (V); erect (V),1
stem_growth_habit,creeping (2); rhizomatous (2),1
stem_growth_habit,creeping (1); rhizomatous (1); stoloniferous (1); submerged (1),1
stem_growth_habit,decumbent (V); erect (V); rosette (V),1
stem_growth_habit,decumbent (5); prostrate (5),1
stem_growth_habit,decumbent (5),1
stem_growth_habit,decumbent (4); stoloniferous (4),1
stem_growth_habit,decumbent (4); erect (4),1
stem_growth_habit,decumbent (4),1
stem_growth_habit,decumbent (3); erect (3); prostrate (3),1
stem_growth_habit,decumbent (3); erect (3),1
stem_growth_habit,decumbent (3),1
dispersal_syndrome,barochory (1); hydrochory (1); zoochory (1),1
dispersal_syndrome,barochory (1); hydrochory (1); undefined (1); zoochory (1),1
dispersal_syndrome,barochory (1); hydrochory (1),1
dispersal_syndrome,barochory (1); epizoochory (1); hydrochory (1); undefined (1); zoochory (1),1
dispersal_syndrome,barochory (1); epizoochory (1); hydrochory (1); undefined (1),1
dispersal_syndrome,barochory (1); endozoochory (1); zoochory (1),1
dispersal_syndrome,barochory (1); endozoochory (1); hydrochory (1),1
flowering_time,nnnyyyyyynnn (1); nnynnynnnnnn (1); nnyyyynnnnnn (1); yyyyyynnnnny (1),1
flowering_time,nnnyyyyynnnn (3),1
flowering_time,nnnyyyyynnnn (2),1
flowering_time,nnnyyyyynnnn (1); yynnnnnnyyyy (1),1
stem_growth_habit,dense (2),1
stem_growth_habit,dense (1); spreading (1),1
stem_growth_habit,dense (1); spreading,1
stem_growth_habit,dense (1); prostrate (1); sprawling (1); stoloniferous (1),1
stem_growth_habit,dense (1); prostrate (1); rhizomatous (1),1
stem_growth_habit,dense (1); mat-forming (1); prostrate (1),1
stem_growth_habit,dense (1); mat-forming (1),1
stem_growth_habit,dense (1); erect (1); prostrate (1),1
stem_growth_habit,dense (1); erect (1),1
stem_growth_habit,decumbent (V); spreading (V),1
stem_growth_habit,decumbent (V); rhizomatous (V),1
stem_growth_habit,decumbent (V); prostrate (V); rosette (V),1
stem_growth_habit,erect (1); prostrate (1); rhizomatous (1); spreading (1),1
stem_growth_habit,erect (1); prostrate (1); rhizomatous (1),1
stem_growth_habit,erect (1); open (1); spreading (1),1
stem_growth_habit,erect (1); mat-forming (1); prostrate (1),1
stem_growth_habit,erect (1); floating (1),1
stem_growth_habit,dense (V); spreading (V),1
stem_growth_habit,dense (V); erect (V); spreading (V),1
stem_growth_habit,dense (2); erect (2),1
flowering_time,nnyyynnnnnnn (1); nnyyyyyynnnn (1); nyyyynnnnnnn (1),1
flowering_time,nnynnnnnnnnn (1); nyyyyyyyyynn (1),1
flowering_time,nnnyyyyyyyyn (V),1
flowering_time,nnnyyyyyyyyn (1); yynnnnnnnnny (1); yyyyyyyyyyyy (1),1
flowering_time,nnnyyyyyyynn (1); yynyyyyyyyyy (1); summer; winter,1
flowering_time,nnnyyyyyyynn (1); nyyyyynnnnnn (1),1
flowering_time,nnnyyyyyynnn (1); yyyyyynnnnnn (1),1
flowering_time,nnnyyyyyynnn (1); nnyyyyyyyynn (1); yyyyynnyyyyy (1); yyyyyynnnnnn (1),1
stem_growth_habit,erect (1); submerged (1),1
stem_growth_habit,erect (1); stoloniferous (1),1
dispersal_syndrome,anemochory (3); epizoochory (3),1
dispersal_syndrome,anemochory (3); barochory (3),1
dispersal_syndrome,anemochory (2); barochory (2); endozoochory (2); zoochory (2),1
dispersal_syndrome,ballistic (V); barochory (V),1
dispersal_syndrome,ballistic (3); myrmecochory (3); zoochory (3),1
dispersal_syndrome,ballistic (3); myrmecochory (3),1
dispersal_syndrome,ballistic (1); endozoochory (1); zoochory (1),1
dispersal_syndrome,ballistic (1); barochory (1); myrmecochory (1); zoochory (1),1
dispersal_syndrome,autochory (1); endozoochory (1); hydrochory (1),1
dispersal_syndrome,anemochory (V); zoochory (V),1
dispersal_syndrome,anemochory (V); barochory (V); undefined (V),1
stem_growth_habit,erect (1); sprawling (1),1
stem_growth_habit,erect (1); rhizomatous (1); tufted (1),1
stem_growth_habit,erect (1); rhizomatous (1); spreading (1),1
dispersal_syndrome,anemochory (1); endozoochory (1); epizoochory (1),1
dispersal_syndrome,anemochory (1); endozoochory (1),1
dispersal_syndrome,anemochory (1); barochory (1); epizoochory (1); zoochory (1),1
dispersal_syndrome,anemochory (1); barochory (1); epizoochory (1); undefined (1),1
stem_growth_habit,floating (1); stoloniferous (1),1
stem_growth_habit,floating (1); rosette (1); submerged (1),1
stem_growth_habit,floating (1); mat-forming (1); rhizomatous (1); rosette (1); stoloniferous (1),1
stem_growth_habit,erect; spreading (g),1
stem_growth_habit,erect; spreading,1
stem_growth_habit,erect; prostrate (1),1
stem_growth_habit,erect; open,1
stem_growth_habit,erect (V); rosette (V),1
stem_growth_habit,erect (V); prostrate (V); sprawling (V),1
stem_growth_habit,erect (7),1
stem_growth_habit,erect (2); sprawling (2),1
stem_growth_habit,erect (2); open (2),1
stem_growth_habit,prostrate (2); stoloniferous (2),1
stem_growth_habit,prostrate (2); rosette (2),1
stem_growth_habit,prostrate (1); tufted,1
stem_growth_habit,prostrate (1); sprawling (1),1
stem_growth_habit,prostrate (1); rhizomatous (1); tufted (1),1
stem_growth_habit,prostrate,1
stem_growth_habit,open (V); spreading (V),1
stem_growth_habit,open (1); prostrate (1),1
stem_growth_habit,mat-forming (V); spreading (V),1
stem_growth_habit,mat-forming (V); prostrate (V),1
stem_growth_habit,mat-forming (1); prostrate (1); spreading (1),1
stem_growth_habit,floating (3),1
dispersal_syndrome,anemochory (1); myrmecochory (1); zoochory (1),1
dispersal_syndrome,anemochory (1); myrmecochory (1),1
dispersal_syndrome,anemochory (1); hydrochory (1); zoochory (1),1
dispersal_syndrome,anemochory (1); epizoochory (1); hydrochory (1),1
flowering_time,nnnyynnnnnnn (1); yynnnnnnnnny (1); yynnnnnnyyyy (1); yyyyynnnnyyy (1),1
flowering_time,nnnyynnnnnnn (1); nnynnnnnynnn (1); nnyyyyyyynnn (1),1
flowering_time,nnnyynnnnnnn (1),1
flowering_time,nnnynnyyyyyy (1),1
flowering_time,nnnynnnnnnyn (1),1
flowering_time,nnnynnnnnnnn (V),1
flowering_time,nnnynnnnnnnn (2),1
flowering_time,nnnynnnnnnnn (1); yyyyynnnnnny (1),1
competitive_stratum,mid (1),1
competitive_stratum,ground; upper,1
competitive_stratum,ground (2),1
stem_growth_habit,rhizomatous (V); sprawling (V),1
stem_growth_habit,rhizomatous (4); stoloniferous (4),1
stem_growth_habit,rhizomatous (4),1
stem_growth_habit,rhizomatous (1); tufted (1),1
stem_growth_habit,prostrate (5),1
clonal_spread_mechanism,rhizome (1); stolon (1),1
dispersal_syndrome,anemochory (1); barochory (1); epizoochory (1); hydrochory (1),1
dispersal_syndrome,anemochory (1); barochory (1); epizoochory (1),1
dispersal_syndrome,anemochory (1); ballistic (1); epizoochory (1),1
dispersal_syndrome,anemochory (1); anthrochory (1); hydrochory (1); zoochory (1),1
dispersal_syndrome,anemochory (1); anthrochory (1); hydrochory (1),1
competitive_stratum,upper (1),1
competitive_stratum,post_fire_ephemeral (1),1
flowering_time,nnnyyyyynnnn (1); nyyyyyyynnnn (1),1
flowering_time,nnnyyyyynnnn (1); nnyyyyynnnnn (1); yynnnnnnnnny (1),1
flowering_time,nnnyyyynnnnn (V),1
flowering_time,nnnyyyynnnnn (1); yyynnnnnnnny (1); yyyynnnnnnny (1),1
flowering_time,nnnyyyynnnnn (1),1
flowering_time,nnnyyynnnnnn (V),1
flowering_time,nnnyyynnnnnn (1); nnyyyyyyyyyy (1); yyyyyyyyyyyy (1),1
flowering_time,nnnyynnnnnnn (V),1
flowering_time,nnnnyyyynnnn (1),1
stem_growth_habit,tufted (V),1
stem_growth_habit,tufted,1
clonal_spread_mechanism,non_clonal (3),1
clonal_spread_mechanism,corm (1),1
clonal_spread_mechanism,corm,1
clonal_spread_mechanism,belowground_clonal (1); stem_tuber (1),1
clonal_spread_mechanism,belowground_clonal (1); non_clonal (1),1
clonal_spread_mechanism,aboveground_clonal (1); stolon (1),1
stem_growth_habit,rosette (5),1
stem_growth_habit,rosette (1); stoloniferous (1),1
stem_growth_habit,rosette (1); spreading (1); stoloniferous (1),1
stem_growth_habit,rosette (1); spreading (1),1
stem_growth_habit,rhizomatous; spreading,1
competitive_stratum,Upper; mid,1
clonal_spread_mechanism,stem_tuber (V),1
storage_organ,caudex (1),1
storage_organ,bulb (5),1
storage_organ,bulb (4),1
storage_organ,bulb (3),1
storage_organ,bulb (2),1
flowering_time,nnnynnnnnnnn (1); yynnnnnnnnny (1),1
flowering_time,nnnnyyyyyyyy (1); ynnnnnnnyyyy (1); ynnnnyyyyyyy (1),1
flowering_time,nnnnyyyyyyyy (1); nyyyyyyyyyyy (1),1
flowering_time,nnnnyyyyyyyn (1); nnnyyyyyyyyy (1); yyyyynnnnnnn (1); yyyyyynnnnnn (1),1
flowering_time,nnnnyyyyyynn (1); nnnyyyyyyynn (1); nnyyyyyynnnn (1),1
flowering_time,nnnnyyyyynnn (3),1
flowering_time,nnnnyyyyynnn (1); yynnnnnnnyyy (1); yyynnnnnnnnn (1),1
flowering_time,nnnnyyyyynnn (1); nyyyyyyyyynn (1),1
flowering_time,nnnnyyyyynnn (1),1
flowering_time,nnnnyyyynnnn (V); nnnnyyyyynnn (V),1
flowering_time,nnnnyyyynnnn (4),1
storage_organ,rhizome (V); root_tuber (V),1
storage_organ,no_storage_organ (1); root_tuber (1),1
storage_organ,lignotuber (V),1
storage_organ,lignotuber (6),1
storage_organ,lignotuber (5),1
bud_bank_location,rhizome,1
bud_bank_location,epicormic_buds (4),1
clonal_spread_mechanism,aboveground_clonal (1); non_clonal (1),1
clonal_spread_mechanism,aboveground_clonal (1); belowground_clonal (1); stolon (1),1
clonal_spread_mechanism,aboveground_clonal (1); belowground_clonal (1); rhizome (1),1
bud_bank_location,rhizome_non_woody (1),1
storage_organ,corm (V); stem_tuber (V),1
storage_organ,corm (V),1
storage_organ,corm (7),1
storage_organ,corm (1); rhizome_fleshy (1),1
storage_organ,corm,1
storage_organ,rhizome (7),1
flowering_time,nnnnynnnnnnn (1); yynnnnnnyyyy (1),1
flowering_time,nnnnynnnnnnn (1),1
flowering_time,nnnnnyyyyyyy (V),1
bud_bank_location,basal_stem_buds (1); epicormic_buds (1); stem_buds (1),1
flowering_time,nnnnnyyyyyyn (3),1
flowering_time,nnnnnyyyyyyn (1); nynnnnnnnnnn (1),1
flowering_time,nnnnnyyyyyyn (1); nnnnyyyyyynn (1),1
flowering_time,nnnnnyyyyyyn (1); nnnnnyyyyyyy (1),1
bud_bank_location,basal_buds (1); bud-bearing_root (1); rhizome (1),1
bud_bank_location,basal_buds (1); bud-bearing_root (1); epicormic_buds (1),1
storage_organ,root_tuber (3),1
bud_bank_location,basal_stem_buds (2); none (2),1
bud_bank_location,basal_buds (2); none (2),1
bud_bank_location,bud-bearing_root (1); rhizome_non_woody (1); stem_tuber (1),1
bud_bank_location,bud-bearing_root (1); rhizome (1); rhizome_non_woody (1); root_crown (1),1
fruiting_time,nnyyynnnnnnn (1); yyyyynnnnnnn (1),1
fruiting_time,nnyyynnnnnnn (1); nyyynnnnnnnn (1); yyyyyyyynnyy (1),1
fruiting_time,nnyyynnnnnnn (1); nnyyyyyyynnn (1),1
fruiting_time,nnyyynnnnnnn (1); nnyyyynnnnnn (1),1
bud_bank_location,basal_stem_buds (1); bud-bearing_root (1); rhizome (1),1
flowering_time,nnnnnyyyyynn (1); yynnnnnnyyyy (1),1
flowering_time,nnnnnyyyyynn (1); nnnyyyyyyyyn (1),1
flowering_time,nnnnnyyyyynn (1); nnnnnyyyyyyy (1); yyyyyyyyyyyy (1),1
bud_bank_location,basal_buds (1); basal_stem_buds (1); bud-bearing_root (1); epicormic_buds (1); stem_buds (1),1
storage_organ,stem_tuber (5),1
storage_organ,stem_tuber (7),1
bud_bank_location,apical_buds (1); epicormic_buds (1),1
bud_bank_location,basal_buds (1); basal_stem_buds (1); bud-bearing_root (1); epicormic_buds (1),1
bud_bank_location,basal_buds (1); fleshy_underground_organ (1); rhizome_non_woody (1),1
bud_bank_location,basal_buds (1); fleshy_underground_organ (1),1
bud_bank_location,basal_buds (1); bud-bearing_root (1); stolon (1),1
