Occurrence ID,Scientific Name,Event Date,Dataset Name,Reserve Name,Decimal Latitude,Decimal Longitude,Individual Count,Reproductive Condition,Establishment Means,Occurrence Remarks,Year,Month,Day,Habitat,Sampling Protocol,Locality,Location Remarks,Identified By,Date Identified,Owner Institution Code,Basis of Record,Data Generalizations,Recorded By,Client Business Name,__source,decimals,year,precision_tier
5755,Sonchus oleraceus,2023-09-10T11:31:00,iNaturalist observations,Not in a reserve,-33.896976,151.018173,,flowers,,,2023.0,9.0,10.0,,,,,,,,HUMAN_OBSERVATION,,Thomas Mesaglio,CB Council,iNaturalist,6,2023,<1 m (6+ dp)
28221,Eucalyptus baueriana,2018-05-23T00:00:00,DPIE Data from Scientific Licences dataset,Kentucky Reserve,-33.917783,150.974645,,,,occurrenceRemarks withheld,2018.0,5.0,23.0,,,locality withheld,locationRemarks withheld,,,NSW National Parks and Wildlife Service,HUMAN_OBSERVATION,,OIXR15013005,CB Council,ALA,6,2018,<1 m (6+ dp)
9927,Dillwynia sieberi,2023-06-27T14:52:00,iNaturalist research-grade observations,Crest,-33.908554,150.994843,,,,,2023.0,6.0,27.0,,,,,Thomas Mesaglio,2023-06-27T09:11:50Z,,HUMAN_OBSERVATION,,Thomas Mesaglio,CB Council,iNaturalist,6,2023,<1 m (6+ dp)
5831,Einadia hastata,2025-03-18T12:12:55,iNaturalist research-grade observations,Crest,-33.908378,150.99568,,,,,2025.0,3.0,18.0,,,,,Michael Mahoney,2025-03-18T02:15:33Z,,HUMAN_OBSERVATION,,Michael Mahoney,CB Council,iNaturalist,6,2025,<1 m (6+ dp)
24458,Themeda triandra,2014-02-05T00:00:00,ACA Vegetation Survey,Deepwater,-33.951621,150.981082,,,,occurrenceRemarks withheld,2014.0,2.0,5.0,,Floristic Data,locality withheld,locationRemarks withheld,,,Anne Clements & Associates,HUMAN_OBSERVATION,,OEMM09100802;OIXR13100400,CB Council,ALA,6,2014,<1 m (6+ dp)
1476,Acacia pubescens,2009-10-22T00:00:00,DPIE Data from Scientific Licences dataset,Lansdowne,-33.892647,150.975942,,,,occurrenceRemarks withheld,2009.0,10.0,22.0,,,locality withheld,locationRemarks withheld,,,NSW National Parks and Wildlife Service,HUMAN_OBSERVATION,,ODMP11031700,CB Council,ALA,6,2009,<1 m (6+ dp)
9971,Diuris maculata,2022-08-14T11:57:10,iNaturalist research-grade observations,Not in a reserve,-33.973539,151.00514,,,,,2022.0,8.0,14.0,,,,,laurelrf,2022-08-21T09:49:37Z,,HUMAN_OBSERVATION,,laurelrf,CB Council,iNaturalist,6,2022,<1 m (6+ dp)
36749,Calotis dentex,2004-05-01T12:00:00,Southern Reserves Flora&Fauna Apndx4 POM,Picnic Point Reserve,-33.977563,150.996147,,,,,2004,5,1,,,,,,,,,,,CB Council,Prototype,6,2004,<1 m (6+ dp)
24806,Lepidosperma laterale,2019-06-18T00:00:00,DPIE Data from Scientific Licences dataset,Not in a reserve,-33.892342,151.032942,,,,occurrenceRemarks withheld,2019.0,,,,,locality withheld,locationRemarks withheld,,,NSW National Parks and Wildlife Service,HUMAN_OBSERVATION,,ODMP00113020,CB Council,ALA,6,2019,<1 m (6+ dp)
6308,Calochilus paludosus,2024-10-03T11:45:09,iNaturalist research-grade observations,Not in a reserve,-33.895598,151.005411,,,,,2024.0,10.0,3.0,,,,,Frank Whitlock,2024-10-03T07:36:22Z,,HUMAN_OBSERVATION,,joeland,CB Council,iNaturalist,6,2024,<1 m (6+ dp)
41809,Poa labillardierei,2004-05-01T12:00:00,The Crest-Appendix,Bellevue,-33.910871,150.998776,,,,,2004,5,1,,,,,,,,,,,CB Council,Prototype,6,2004,<1 m (6+ dp)
10189,Cenchrus setaceus,2018-04-19T12:40:15,iNaturalist observations,Not in a reserve,-33.913476,151.122667,,,,,2018.0,4.0,19.0,,,,,,,,HUMAN_OBSERVATION,,masquerade1,CB Council,iNaturalist,6,2018,<1 m (6+ dp)
19596,Acacia decurrens,2004-05-01T12:00:00,CondellPark Flora&Fauna Apndx4 POM,Marion Reserve,-33.914839,151.010151,,,,,2004,5,1,,,,,,,,,,,CB Council,Prototype,6,2004,<1 m (6+ dp)
3611,Entolasia stricta,2014-11-06T00:00:00,GC-offsets Vegetation Survey,Lansdowne,-33.893423,150.974886,,,,occurrenceRemarks withheld,2014.0,11.0,6.0,,Floristic Data,locality withheld,locationRemarks withheld,,,NSW Dept of Planning and Environment,HUMAN_OBSERVATION,,ORXM97042200,CB Council,ALA,6,2014,<1 m (6+ dp)
2527,Acacia pubescens,2009-10-22T00:00:00,DPIE Data from Scientific Licences dataset,Lansdowne,-33.892999,150.976496,,,,occurrenceRemarks withheld,2009.0,10.0,22.0,,,locality withheld,locationRemarks withheld,,,NSW National Parks and Wildlife Service,HUMAN_OBSERVATION,,ODMP11031700,CB Council,ALA,6,2009,<1 m (6+ dp)
31783,Callistemon salignus,2019-03-08T00:00:00,DPIE Data from Scientific Licences dataset,Not in a reserve,-33.905179,151.038241,,,,occurrenceRemarks withheld,2019.0,3.0,8.0,,,locality withheld,locationRemarks withheld,,,NSW National Parks and Wildlife Service,HUMAN_OBSERVATION,,OPUR17042400,CB Council,ALA,6,2019,<1 m (6+ dp)
19477,Ozothamnus diosmifolius,1998-12-21T00:00:00,WESTSYD Vegetation Survey,Louisa,-33.904658,151.000478,,,,occurrenceRemarks withheld,1998.0,12.0,21.0,,Floristic Data,locality withheld,locationRemarks withheld,,,NSW Dept of Planning and Environment,HUMAN_OBSERVATION,,OPXE97062300;OVLU99062101,CB Council,ALA,6,1998,<1 m (6+ dp)
11182,Acacia longifolia,2021-07-16T16:07:00,iNaturalist research-grade observations,Not in a reserve,-33.926648,151.147208,,,,,2021.0,7.0,16.0,,,,,lostinthebush,2021-07-16T10:00:22Z,,HUMAN_OBSERVATION,,lostinthebush,CB Council,iNaturalist,6,2021,<1 m (6+ dp)
7594,Persicaria capitata,2024-04-16T16:26:39,iNaturalist research-grade observations,Not in a reserve,-33.926514,151.142151,,,,,2024.0,4.0,16.0,,,,,cjj12345,2024-04-16T06:27:24Z,,HUMAN_OBSERVATION,,cjj12345,CB Council,iNaturalist,6,2024,<1 m (6+ dp)
8198,Acacia pubescens,2024-04-11T13:16:24,iNaturalist research-grade observations,Not in a reserve,-33.903996,150.998474,,no flowers or fruits,,,2024.0,4.0,11.0,,,,,superbum2,2024-04-12T12:30:09Z,,HUMAN_OBSERVATION,,Bronte-Maye,CB Council,iNaturalist,6,2024,<1 m (6+ dp)
41475,Cenchrus clandestinus,2004-05-01T12:00:00,Revesby and Padstow reserves Flora&Fauna Apndx6 POM,Virginius Reserve,-33.960678,151.022552,,,,,2004,5,1,,,,,,,,,,,CB Council,Prototype,6,2004,<1 m (6+ dp)
5382,Hardenbergia violacea,2023-11-06T12:00:00,C-B Council Reserves plot survey data 2023_Western Sydney University ,The Crest Reserve,-33.91092254,150.998445,5.0,,,,2023.0,11.0,6.0,,,,,,,,,,"M Franklin, J Bendall, D Bristol.",CB Council,ALA,8,2023,<1 m (6+ dp)
28307,Melaleuca nodosa,2018-05-23T00:00:00,DPIE Data from Scientific Licences dataset,Ashford Reserve,-33.929585,150.986124,,,,occurrenceRemarks withheld,2018.0,5.0,23.0,,,locality withheld,locationRemarks withheld,,,NSW National Parks and Wildlife Service,HUMAN_OBSERVATION,,OIXR15013005,CB Council,ALA,6,2018,<1 m (6+ dp)
28893,Setaria pumila,2019-12-11T00:00:00,DPIE Data from Scientific Licences dataset,Not in a reserve,-33.909648,151.085877,,,introduced,occurrenceRemarks withheld,2019.0,12.0,11.0,,,locality withheld,locationRemarks withheld,,,NSW National Parks and Wildlife Service,HUMAN_OBSERVATION,,OIXR14091000,CB Council,ALA,6,2019,<1 m (6+ dp)
3396,Hardenbergia violacea,2006-11-23T00:00:00,DPIE Default Sightings,Lansdowne,-33.895029,150.978671,,,,occurrenceRemarks withheld,2006.0,11.0,23.0,,,locality withheld,locationRemarks withheld,,,NSW Dept of Planning and Environment,HUMAN_OBSERVATION,,OEMM09111310,CB Council,ALA,6,2006,<1 m (6+ dp)
19973,Acacia pubescens,2009-09-16T00:00:00,DPIE Data from Scientific Licences dataset,Carysfield,-33.901816,150.997948,,,,occurrenceRemarks withheld,2009.0,9.0,16.0,,,locality withheld,locationRemarks withheld,,,NSW National Parks and Wildlife Service,HUMAN_OBSERVATION,,ODMP11031700,CB Council,ALA,6,2009,<1 m (6+ dp)
6560,Pittosporum undulatum,2022-03-23T12:54:50,iNaturalist research-grade observations,Not in a reserve,-33.906015,150.996272,,,,Pittosporum undulatum or Sweet Pittosporum is a shrub or tree that grow up to 14m in height. The leaves are thick and glossy with wavy margins. They grow a green capsule that turns to orange and ripes. The flowering time for Sweet Pittosporum is in August to October.,2022.0,3.0,23.0,,,,,laurelrf,2022-03-24T18:35:50Z,,HUMAN_OBSERVATION,,roxanahanna,CB Council,iNaturalist,6,2022,<1 m (6+ dp)
25233,Cestrum parqui,2015-11-23T00:00:00,DPIE Data from Scientific Licences dataset,Deepwater,-33.945555,150.979018,,,introduced,occurrenceRemarks withheld,2015.0,11.0,,,,locality withheld,locationRemarks withheld,,,NSW National Parks and Wildlife Service,HUMAN_OBSERVATION,,ODMP09120203,CB Council,ALA,6,2015,<1 m (6+ dp)
20112,Olea europaea,2015-09-15T00:00:00,DPIE Default Sightings,Not in a reserve,-33.890332,151.055229,,,introduced,occurrenceRemarks withheld,2015.0,9.0,15.0,,,locality withheld,locationRemarks withheld,,,NSW Dept of Planning and Environment,HUMAN_OBSERVATION,,OIXR15081800,CB Council,ALA,6,2015,<1 m (6+ dp)
3846,Asparagus scandens,2014-11-06T00:00:00,GC-offsets Vegetation Survey,Lansdowne,-33.892571,150.975165,,,introduced,occurrenceRemarks withheld,2014.0,11.0,6.0,,Floristic Data,locality withheld,locationRemarks withheld,,,NSW Dept of Planning and Environment,HUMAN_OBSERVATION,,ORXM97042200,CB Council,ALA,6,2014,<1 m (6+ dp)
38852,Ficus elastica,2004-05-01T12:00:00,Southern Reserves Flora&Fauna Apndx4 POM,Little Salt Pan Creek Reserve,-33.96882,151.029014,,,,,2004,5,1,,,,,,,,,,,CB Council,Prototype,6,2004,<1 m (6+ dp)
42040,Pultenaea villosa,2004-05-01T12:00:00,Bankstown Airport Reserves Flora&Fauna Apndx6 POM,Ashford Reserve,-33.930003,150.984825,,,,,2004,5,1,,,,,,,,,,,CB Council,Prototype,6,2004,<1 m (6+ dp)
39859,Lambertia formosa,2004-05-01T12:00:00,Southern Reserves Flora&Fauna Apndx4 POM,The River Reserve,-33.969546,151.016111,,,,,2004,5,1,,,,,,,,,,,CB Council,Prototype,6,2004,<1 m (6+ dp)
19361,Dichondra repens,1998-12-21T00:00:00,WESTSYD Vegetation Survey,Crest,-33.907955,150.995264,,,,occurrenceRemarks withheld,1998.0,12.0,21.0,,Floristic Data,locality withheld,locationRemarks withheld,,,NSW Dept of Planning and Environment,HUMAN_OBSERVATION,,OPXE97062300;OVLU99062101,CB Council,ALA,6,1998,<1 m (6+ dp)
23133,Pultenaea daphnoides,2008-11-17T00:00:00,DPIE Default Sightings,Salt Pan Reserve,-33.96298,151.04025,,,,occurrenceRemarks withheld,2008.0,11.0,17.0,,,locality withheld,locationRemarks withheld,,,NSW Dept of Planning and Environment,HUMAN_OBSERVATION,,OEMM09102201,CB Council,ALA,5,2008,≈1–10 m (5 dp)
6269,Avicennia marina,2022-07-24T15:19:00,iNaturalist research-grade observations,Not in a reserve,-33.957755,151.041375,,fruits or seeds,,,2022.0,7.0,24.0,,,,,Bradley W. Jones,2022-07-24T08:16:57Z,,HUMAN_OBSERVATION,,Bradley W. Jones,CB Council,iNaturalist,6,2022,<1 m (6+ dp)
29967,Paspalum dilatatum,1999-06-28T00:00:00,GEORGES Vegetation Survey,Miram-Beena,-33.909506,150.979817,,,introduced,occurrenceRemarks withheld,1999.0,6.0,28.0,,Floristic Data,locality withheld,locationRemarks withheld,,,NSW Dept of Planning and Environment,HUMAN_OBSERVATION,,OVLU99062101;OSLS05031800,CB Council,ALA,6,1999,<1 m (6+ dp)
35,Einadia nutans,2024-04-10T07:18:56,iNaturalist research-grade observations,Lansdowne,-33.895477,150.977288,,,,,2024.0,4.0,10.0,,,,,Shu Chen,2024-04-09T21:24:09Z,,HUMAN_OBSERVATION,,Shu Chen,CB Council,iNaturalist,6,2024,<1 m (6+ dp)
36042,Aristida spp.,2004-05-01T12:00:00,Revesby and Padstow reserves Flora&Fauna Apndx6 POM,Montgomery Reserve,-33.954794,151.020454,,,,,2004,5,1,,,,,,,,,,,CB Council,Prototype,6,2004,<1 m (6+ dp)
2207,Acacia pubescens,2009-10-22T00:00:00,DPIE Data from Scientific Licences dataset,Lansdowne,-33.892437,150.975753,,,,occurrenceRemarks withheld,2009.0,10.0,22.0,,,locality withheld,locationRemarks withheld,,,NSW National Parks and Wildlife Service,HUMAN_OBSERVATION,,ODMP11031700,CB Council,ALA,6,2009,<1 m (6+ dp)
21163,Imperata cylindrica,2007-02-27T00:00:00,METROCMA Vegetation Survey,Not in a reserve,-33.929191,151.128771,,,,occurrenceRemarks withheld,2007.0,2.0,27.0,,Floristic Data,locality withheld,locationRemarks withheld,,,Sydney Metropolitan Catchment Management Authority,HUMAN_OBSERVATION,,OPXE97062300,CB Council,ALA,6,2007,<1 m (6+ dp)
29885,Cenchrus clandestinus,2007-12-07T00:00:00,DPIE Data from Scientific Licences dataset,Not in a reserve,-33.921721,150.997022,,,introduced,occurrenceRemarks withheld,2007.0,12.0,7.0,,,locality withheld,locationRemarks withheld,,,NSW National Parks and Wildlife Service,HUMAN_OBSERVATION,,ODMP08080501,CB Council,ALA,6,2007,<1 m (6+ dp)
1795,Glycine clandestina,2014-11-07T00:00:00,GC-offsets Vegetation Survey,Lansdowne,-33.892593,150.977025,,,,occurrenceRemarks withheld,2014.0,11.0,7.0,,Floristic Data,locality withheld,locationRemarks withheld,,,NSW Dept of Planning and Environment,HUMAN_OBSERVATION,,OPXE04110301;VEG-SARAHB,CB Council,ALA,6,2014,<1 m (6+ dp)
39911,Laxmannia gracilis,2004-05-01T12:00:00,Lansdowne area Flora&Fauna Appndx6 POM,Lansdowne,-33.896245,150.978391,,,,,2004,5,1,,,,,,,,,,,CB Council,Prototype,6,2004,<1 m (6+ dp)
20678,Acacia terminalis,2005-11-22T00:00:00,DPIE Default Sightings,Monash Reserve,-33.96403,150.98736,,,,occurrenceRemarks withheld,2005.0,11.0,22.0,,,locality withheld,locationRemarks withheld,,,NSW Dept of Planning and Environment,HUMAN_OBSERVATION,,OEMM09102201,CB Council,ALA,5,2005,≈1–10 m (5 dp)
42297,Senecio hispidulus,2004-05-01T12:00:00,Salt Pan Creek Flora&Fauna Apndx4 POM,Salt Pan Reserve,-33.946515,151.039711,,,,,2004,5,1,,,,,,,,,,,CB Council,Prototype,6,2004,<1 m (6+ dp)
5685,Cirsium vulgare,2022-04-25T14:46:00,iNaturalist research-grade observations,Not in a reserve,-33.879089,151.012847,,,,,2022.0,4.0,25.0,,,,,Thomas Mesaglio,2022-04-25T05:25:22Z,,HUMAN_OBSERVATION,,Thomas Mesaglio,CB Council,iNaturalist,6,2022,<1 m (6+ dp)
9475,Avicennia marina,2025-03-22T15:11:00,iNaturalist research-grade observations,Not in a reserve,-33.97821,151.003921,,,,,2025.0,3.0,22.0,,,,,Petra Holland,2025-03-22T22:55:47Z,,HUMAN_OBSERVATION,,Petra Holland,CB Council,iNaturalist,6,2025,<1 m (6+ dp)
19861,Arthropodium milleflorum,1999-02-15T00:00:00,WESTSYD Vegetation Survey,Norfolk Reserve,-33.893483,151.062912,,,,occurrenceRemarks withheld,1999.0,2.0,15.0,,Floristic Data,locality withheld,locationRemarks withheld,,,NSW Dept of Planning and Environment,HUMAN_OBSERVATION,,OJKP98040900;OVLU99062101,CB Council,ALA,6,1999,<1 m (6+ dp)
31292,Ehrharta erecta,2011-04-13T00:00:00,ACA Vegetation Survey,Deepwater,-33.951219,150.978008,,,introduced,occurrenceRemarks withheld,2011.0,4.0,13.0,,Floristic Data,locality withheld,locationRemarks withheld,,,Anne Clements & Associates,HUMAN_OBSERVATION,,OEMM09100802;OEMM09100803;OJJS10080400;OIXR13100400,CB Council,ALA,6,2011,<1 m (6+ dp)
40230,Lomandra filiformis ssp. filiformis,2004-05-01T12:00:00,EastHills Flora&Fauna Apndx5 POM,East Hills Park,-33.96446,150.982875,,,,,2004,5,1,,,,,,,,,,,CB Council,Prototype,6,2004,<1 m (6+ dp)
8307,Brassica fruticulosa,2021-10-22T11:20:00,iNaturalist observations,Not in a reserve,-33.94295,151.051072,,,,,2021.0,10.0,22.0,,,,,,,,HUMAN_OBSERVATION,,Thomas Mesaglio,CB Council,iNaturalist,6,2021,<1 m (6+ dp)
34007,Lobelia purpurascens,2007-04-16T00:00:00,ACA Vegetation Survey,Deepwater,-33.94951,150.973882,,,,occurrenceRemarks withheld,2007.0,4.0,16.0,,Floristic Data,locality withheld,locationRemarks withheld,,,Anne Clements & Associates,HUMAN_OBSERVATION,,ODMP05122005;OEMM09100802;OPUR23021400,CB Council,ALA,6,2007,<1 m (6+ dp)
29176,Acacia ulicifolia,2007-11-03T00:00:00,DPIE Default Sightings,Salt Pan Reserve,-33.951125,151.040817,,,,occurrenceRemarks withheld,2007.0,11.0,3.0,,,locality withheld,locationRemarks withheld,,,NSW Dept of Planning and Environment,HUMAN_OBSERVATION,,OEMM09102201,CB Council,ALA,6,2007,<1 m (6+ dp)
41496,Persicaria decipiens,2004-05-01T12:00:00,Bankstown Airport Reserves Flora&Fauna Apndx6 POM,Cnr HLD and Milperra Road,-33.931506,150.97956,,,,,2004,5,1,,,,,,,,,,,CB Council,Prototype,6,2004,<1 m (6+ dp)
8012,Leucopogon ericoides,2023-08-02T13:48:00,iNaturalist observations,Not in a reserve,-33.972451,151.02789,,,,,2023.0,8.0,2.0,,,,,,,,HUMAN_OBSERVATION,,Bradley W. Jones,CB Council,iNaturalist,6,2023,<1 m (6+ dp)
4212,Acacia pubescens,2009-09-18T00:00:00,DPIE Data from Scientific Licences dataset,Lansdowne,-33.893907,150.977415,,,,occurrenceRemarks withheld,2009.0,9.0,18.0,,,locality withheld,locationRemarks withheld,,,NSW National Parks and Wildlife Service,HUMAN_OBSERVATION,,ODMP11031700,CB Council,ALA,6,2009,<1 m (6+ dp)
1410,Leichhardtia viridiflora subsp. viridiflora,2009-10-22T00:00:00,DPIE Data from Scientific Licences dataset,Lansdowne,-33.89361,150.974762,,,,occurrenceRemarks withheld,2009.0,10.0,22.0,,,locality withheld,locationRemarks withheld,,,NSW National Parks and Wildlife Service,HUMAN_OBSERVATION,,ODMP11031700,CB Council,ALA,6,2009,<1 m (6+ dp)
31499,Dillwynia parvifolia,1998-12-21T00:00:00,DPIE Data from Scientific Licences dataset,Louisa,-33.904663,151.000492,,,,occurrenceRemarks withheld,1998.0,12.0,21.0,,,locality withheld,locationRemarks withheld,,,NSW National Parks and Wildlife Service,HUMAN_OBSERVATION,,OSYK02012200,CB Council,ALA,6,1998,<1 m (6+ dp)
4053,Acacia pubescens,2009-09-17T00:00:00,DPIE Data from Scientific Licences dataset,Lansdowne,-33.893047,150.978344,,,,occurrenceRemarks withheld,2009.0,9.0,17.0,,,locality withheld,locationRemarks withheld,,,NSW National Parks and Wildlife Service,HUMAN_OBSERVATION,,ODMP11031700,CB Council,ALA,6,2009,<1 m (6+ dp)
7943,Phyllanthus virgatus,2024-02-29T14:40:20,iNaturalist observations,Miram-Beena,-33.908799,150.979939,,flowers|fruits or seeds|flower buds,,,2024.0,2.0,29.0,,,,,,,,HUMAN_OBSERVATION,,Nina,CB Council,iNaturalist,6,2024,<1 m (6+ dp)
28981,Hibbertia puberula,2019-07-17T00:00:00,DPIE Data from Scientific Licences dataset,Not in a reserve,-33.917076,150.978812,,N  No Breeding Evident,,occurrenceRemarks withheld,2019.0,7.0,17.0,,,locality withheld,locationRemarks withheld,,,NSW National Parks and Wildlife Service,HUMAN_OBSERVATION,,OICG19070400,CB Council,ALA,6,2019,<1 m (6+ dp)
32726,Stenocarpus sinuatus,2019-03-08T00:00:00,DPIE Data from Scientific Licences dataset,Not in a reserve,-33.905179,151.038241,,,,occurrenceRemarks withheld,2019.0,3.0,8.0,,,locality withheld,locationRemarks withheld,,,NSW National Parks and Wildlife Service,HUMAN_OBSERVATION,,OPUR17042400,CB Council,ALA,6,2019,<1 m (6+ dp)
26744,Psidium guajava,2023-04-19T00:00:00,DPIE Data from Scientific Licences dataset,Not in a reserve,-33.940454,150.995817,,,introduced,occurrenceRemarks withheld,2023.0,4.0,19.0,,,locality withheld,locationRemarks withheld,,,NSW National Parks and Wildlife Service,HUMAN_OBSERVATION,,OJAL01071800;OMFZ23040517;ODFK24022802,CB Council,ALA,6,2023,<1 m (6+ dp)
28170,Anredera cordifolia,2018-05-18T00:00:00,DPIE Data from Scientific Licences dataset,Not in a reserve,-33.933291,150.97841,,,introduced,occurrenceRemarks withheld,2018.0,5.0,18.0,,,locality withheld,locationRemarks withheld,,,NSW National Parks and Wildlife Service,HUMAN_OBSERVATION,,OJJS19102800,CB Council,ALA,6,2018,<1 m (6+ dp)
1601,Dichelachne micrantha,2007-11-23T00:00:00,DPIE Default Sightings,Lansdowne,-33.890425,150.973275,,,,occurrenceRemarks withheld,2007.0,11.0,23.0,,,locality withheld,locationRemarks withheld,,,NSW Dept of Planning and Environment,HUMAN_OBSERVATION,,OEMM09102201,CB Council,ALA,6,2007,<1 m (6+ dp)
29980,Olea europaea,2018-09-06T00:00:00,DPIE Data from Scientific Licences dataset,Not in a reserve,-33.926736,151.147669,,,introduced,occurrenceRemarks withheld,2018.0,9.0,6.0,,,locality withheld,locationRemarks withheld,,,NSW National Parks and Wildlife Service,HUMAN_OBSERVATION,,OIXR1609090L,CB Council,ALA,6,2018,<1 m (6+ dp)
5796,Lambertia formosa,2023-03-26T13:03:00,iNaturalist research-grade observations,Not in a reserve,-33.97067,151.02666,,flowers,,,2023.0,3.0,26.0,,,,,Bradley W. Jones,2023-03-26T04:40:14Z,,HUMAN_OBSERVATION,,Bradley W. Jones,CB Council,iNaturalist,5,2023,≈1–10 m (5 dp)
26115,Modiola caroliniana,2017-07-05T00:00:00,DPIE Data from Scientific Licences dataset,Not in a reserve,-33.892794,151.022068,,,introduced,occurrenceRemarks withheld,2017.0,7.0,5.0,,,locality withheld,locationRemarks withheld,,,NSW National Parks and Wildlife Service,HUMAN_OBSERVATION,,OPUR23021400,CB Council,ALA,6,2017,<1 m (6+ dp)
37556,Cyperus gracilis,2004-05-01T12:00:00,Revesby and Padstow reserves Flora&Fauna Apndx6 POM,Padstow Park,-33.950103,151.037195,,,,,2004,5,1,,,,,,,,,,,CB Council,Prototype,6,2004,<1 m (6+ dp)
27859,Muellerina eucalyptoides,2008-04-28T00:00:00,DPIE Data from Scientific Licences dataset,Carysfield,-33.902161,150.998009,,,,occurrenceRemarks withheld,2008.0,4.0,,,,locality withheld,locationRemarks withheld,,,NSW National Parks and Wildlife Service,HUMAN_OBSERVATION,,OJJS07082200,CB Council,ALA,6,2008,<1 m (6+ dp)
7837,Billardiera scandens,2020-09-18T14:48:27,iNaturalist research-grade observations,Not in a reserve,-33.89008,151.033022,,,,,2020.0,9.0,18.0,,,,,caitlinribolli,2020-09-18T22:06:39Z,,HUMAN_OBSERVATION,,caitlinribolli,CB Council,iNaturalist,6,2020,<1 m (6+ dp)
40907,Nerium oleander,2004-05-01T12:00:00,Southern Reserves Flora&Fauna Apndx4 POM,Cox Reserve,-33.969139,151.021958,,,,,2004,5,1,,,,,,,,,,,CB Council,Prototype,6,2004,<1 m (6+ dp)
2399,Panicum simile,2008-03-07T00:00:00,METROCMA2 Vegetation Survey,Lansdowne,-33.900035,150.980159,,,,occurrenceRemarks withheld,2008.0,3.0,7.0,,Floristic Data,locality withheld,locationRemarks withheld,,,NSW Dept of Planning and Environment,HUMAN_OBSERVATION,,OPJGI0002327;VEG-NICR,CB Council,ALA,6,2008,<1 m (6+ dp)
42442,Sida rhombifolia,2004-05-01T12:00:00,The Crest-Appendix,Bellevue,-33.910871,150.998776,,,,,2004,5,1,,,,,,,,,,,CB Council,Prototype,6,2004,<1 m (6+ dp)
39541,Hypochaeris radicata,2004-05-01T12:00:00,Southern Reserves Flora&Fauna Apndx4 POM,Dilke Reserve,-33.972867,151.035019,,,,,2004,5,1,,,,,,,,,,,CB Council,Prototype,6,2004,<1 m (6+ dp)
25093,Sporobolus africanus,2011-04-13T00:00:00,ACA Vegetation Survey,Deepwater,-33.952095,150.978636,,,introduced,occurrenceRemarks withheld,2011.0,4.0,13.0,,Floristic Data,locality withheld,locationRemarks withheld,,,Anne Clements & Associates,HUMAN_OBSERVATION,,OEMM09100802;OEMM09100803;OJJS10080400;OIXR13100400,CB Council,ALA,6,2011,<1 m (6+ dp)
34279,Dianella caerulea,2013-12-17T00:00:00,DPIE Data from Scientific Licences dataset,Not in a reserve,-33.888269,151.029949,,,,occurrenceRemarks withheld,2013.0,12.0,17.0,,,locality withheld,locationRemarks withheld,,,NSW National Parks and Wildlife Service,HUMAN_OBSERVATION,,OPJGI0001401,CB Council,ALA,6,2013,<1 m (6+ dp)
21683,Acacia binervia,2020-03-06T00:00:00,DPIE Data from Scientific Licences dataset,Kentucky Reserve,-33.928512,150.980048,,,,occurrenceRemarks withheld,2020.0,3.0,6.0,,,locality withheld,locationRemarks withheld,,,NSW National Parks and Wildlife Service,HUMAN_OBSERVATION,,OLUC19010800,CB Council,ALA,6,2020,<1 m (6+ dp)
3539,Acacia pubescens,2009-10-22T00:00:00,DPIE Data from Scientific Licences dataset,Lansdowne,-33.893095,150.975748,,,,occurrenceRemarks withheld,2009.0,10.0,22.0,,,locality withheld,locationRemarks withheld,,,NSW National Parks and Wildlife Service,HUMAN_OBSERVATION,,ODMP11031700,CB Council,ALA,6,2009,<1 m (6+ dp)
18252,Callistemon viminalis,2016-10-17T21:56:09,Individual sighting,Not in a reserve,-33.94364,151.01337,1.0,,,,2016.0,10.0,17.0,,,,,,,,HUMAN_OBSERVATION,,Michael Hains,CB Council,ALA,5,2016,≈1–10 m (5 dp)
24464,Lomandra filiformis,1999-02-11T00:00:00,DPIE Data from Scientific Licences dataset,Carysfield,-33.900784,150.997609,,,,occurrenceRemarks withheld,1999.0,2.0,11.0,,,locality withheld,locationRemarks withheld,,,NSW National Parks and Wildlife Service,HUMAN_OBSERVATION,,OPJGI0002327,CB Council,ALA,6,1999,<1 m (6+ dp)
36203,Atriplex semibaccata,2004-05-01T12:00:00,Salt Pan Creek Flora&Fauna Apndx4 POM,Salt Pan Reserve,-33.946515,151.039711,,,,,2004,5,1,,,,,,,,,,,CB Council,Prototype,6,2004,<1 m (6+ dp)
2430,Leichhardtia viridiflora subsp. viridiflora,2020-05-29T00:00:00,DPIE Data from Scientific Licences dataset,Lansdowne,-33.89347,150.975142,,,,occurrenceRemarks withheld,2020.0,5.0,29.0,,,locality withheld,locationRemarks withheld,,,NSW National Parks and Wildlife Service,HUMAN_OBSERVATION,,OJJS16072001,CB Council,ALA,6,2020,<1 m (6+ dp)
31860,Erigeron bonariensis,2016-11-18T00:00:00,DPIE Data from Scientific Licences dataset,Not in a reserve,-33.963306,151.011361,,,introduced,occurrenceRemarks withheld,2016.0,11.0,18.0,,,locality withheld,locationRemarks withheld,,,NSW National Parks and Wildlife Service,HUMAN_OBSERVATION,,ODMP17013000,CB Council,ALA,6,2016,<1 m (6+ dp)
26184,Tetragonia tetragonoides,2011-04-13T00:00:00,ACA Vegetation Survey,Deepwater,-33.950033,150.976066,,,,occurrenceRemarks withheld,2011.0,4.0,13.0,,Floristic Data,locality withheld,locationRemarks withheld,,,Anne Clements & Associates,HUMAN_OBSERVATION,,OEMM09100802;OEMM09100803;OJJS10080400;OIXR13100400,CB Council,ALA,6,2011,<1 m (6+ dp)
27556,Cenchrus clandestinus,2011-04-13T00:00:00,ACA Vegetation Survey,Deepwater,-33.952058,150.980812,,,introduced,occurrenceRemarks withheld,2011.0,4.0,13.0,,Floristic Data,locality withheld,locationRemarks withheld,,,Anne Clements & Associates,HUMAN_OBSERVATION,,OEMM09100802;OEMM09100803;OJJS10080400;OIXR13100400,CB Council,ALA,6,2011,<1 m (6+ dp)
79,Papaver somniferum,2023-11-26T13:07:00,iNaturalist research-grade observations,Lansdowne,-33.903896,150.980606,,,,,2023.0,11.0,26.0,,,,,Thomas Mesaglio,2025-02-13T02:27:48Z,,HUMAN_OBSERVATION,,Thomas Mesaglio,CB Council,iNaturalist,6,2023,<1 m (6+ dp)
29334,Acacia pubescens,2009-09-15T00:00:00,DPIE Data from Scientific Licences dataset,Norfolk Reserve,-33.893916,151.062695,,,,occurrenceRemarks withheld,2009.0,9.0,15.0,,,locality withheld,locationRemarks withheld,,,NSW National Parks and Wildlife Service,HUMAN_OBSERVATION,,ODMP11031700,CB Council,ALA,6,2009,<1 m (6+ dp)
41146,Opuntia ssp.,2004-05-01T12:00:00,The Crest-Appendix,Thornton,-33.907741,151.00142,,,,,2004,5,1,,,,,,,,,,,CB Council,Prototype,6,2004,<1 m (6+ dp)
37904,Dichelachne micrantha,2004-05-01T12:00:00,The Crest-Appendix,Crest,-33.908539,150.99598,,,,,2004,5,1,,,,,,,,,,,CB Council,Prototype,6,2004,<1 m (6+ dp)
6043,Passiflora morifolia,2024-11-11T12:55:39,iNaturalist research-grade observations,Not in a reserve,-33.935272,150.975495,,,,,2024.0,11.0,11.0,,,,,Thomas Mesaglio,2024-11-11T03:22:10Z,,HUMAN_OBSERVATION,,Thomas Mesaglio,CB Council,iNaturalist,6,2024,<1 m (6+ dp)
25609,Hibiscus heterophyllus,2007-04-16T00:00:00,ACA Vegetation Survey,Deepwater,-33.947905,150.972817,,,,occurrenceRemarks withheld,2007.0,4.0,16.0,,Floristic Data,locality withheld,locationRemarks withheld,,,Anne Clements & Associates,HUMAN_OBSERVATION,,ODMP05122005;OEMM09100802;OPUR23021400,CB Council,ALA,6,2007,<1 m (6+ dp)
37085,Chloris virgata,2004-05-01T12:00:00,Lansdowne area Flora&Fauna Appndx6 POM,Miram-Beena,-33.893451,150.970339,,,,,2004,5,1,,,,,,,,,,,CB Council,Prototype,6,2004,<1 m (6+ dp)
20863,Melaleuca nodosa,2000-06-29T00:00:00,WESTSYD2 Vegetation Survey,Not in a reserve,-33.940003,151.08831,,,,occurrenceRemarks withheld,2000.0,6.0,29.0,,Floristic Data,locality withheld,locationRemarks withheld,,,NSW Dept of Planning and Environment,HUMAN_OBSERVATION,,OPUR23081001,CB Council,ALA,6,2000,<1 m (6+ dp)
8596,Chrysanthemoides monilifera,2022-09-09T13:14:00,iNaturalist research-grade observations,Not in a reserve,-33.898153,151.0298,,flowers|fruits or seeds,,,2022.0,9.0,9.0,,,,,Thomas Mesaglio,2022-09-09T06:05:15Z,,HUMAN_OBSERVATION,,Thomas Mesaglio,CB Council,iNaturalist,6,2022,<1 m (6+ dp)
33732,Dianella revoluta,2016-09-08T00:00:00,Ecoplanning Vegetation Survey,Not in a reserve,-33.887778,151.052778,,,,occurrenceRemarks withheld,2016.0,9.0,8.0,,Floristic Data,locality withheld,locationRemarks withheld,,,Ecoplanning P/L,HUMAN_OBSERVATION,,OPUR16031000,CB Council,ALA,6,2016,<1 m (6+ dp)
20834,Ligustrum sinense,2007-07-03T00:00:00,DPIE Data from Scientific Licences dataset,Not in a reserve,-33.910303,150.988021,,,introduced,occurrenceRemarks withheld,2007.0,7.0,3.0,,,locality withheld,locationRemarks withheld,,,NSW National Parks and Wildlife Service,HUMAN_OBSERVATION,,ODMP08071402,CB Council,ALA,6,2007,<1 m (6+ dp)
7315,Hakea sericea,2020-10-20T15:57:00,iNaturalist observations,Not in a reserve,-33.9303,151.124,,fruits or seeds,,"I have identified the origin of this woody fruit is Hakea cericea based on the description in https://plantnet.rbgsyd.nsw.gov.au/cgi-bin/NSWfl.pl?page=nswfl&lvl=sp&name=Hakea~sericea by PlantNET. Even though there are no leaves in the photo, it had needle like leaves on the other branches.",2020.0,10.0,20.0,,,,,,,,HUMAN_OBSERVATION,,krischoo,CB Council,iNaturalist,4,2020,≈10–100 m (4 dp)
35105,Scutellaria racemosa,2011-04-13T00:00:00,ACA Vegetation Survey,Not in a reserve,-33.951235,150.975703,,,introduced,occurrenceRemarks withheld,2011.0,4.0,13.0,,Floristic Data,locality withheld,locationRemarks withheld,,,Anne Clements & Associates,HUMAN_OBSERVATION,,OEMM09100802;OEMM09100803;OJJS10080400;OIXR13100400,CB Council,ALA,6,2011,<1 m (6+ dp)
32477,Hibbertia puberula,2019-05-20T00:00:00,DPIE Data from Scientific Licences dataset,Not in a reserve,-33.917056,150.979228,,,,occurrenceRemarks withheld,2019.0,5.0,20.0,,,locality withheld,locationRemarks withheld,,,NSW National Parks and Wildlife Service,HUMAN_OBSERVATION,,OPUR18091500;OICG19070400;OJJS20071501,CB Council,ALA,6,2019,<1 m (6+ dp)
35106,Lysimachia arvensis,2019-06-18T00:00:00,DPIE Data from Scientific Licences dataset,Not in a reserve,-33.892342,151.032942,,,introduced,occurrenceRemarks withheld,2019.0,,,,,locality withheld,locationRemarks withheld,,,NSW National Parks and Wildlife Service,HUMAN_OBSERVATION,,ODMP00113020,CB Council,ALA,6,2019,<1 m (6+ dp)
10735,Eucalyptus moluccana,2024-10-16T07:26:31,iNaturalist observations,Miram-Beena,-33.90979,150.980354,,,,,2024.0,10.0,16.0,,,,,,,,HUMAN_OBSERVATION,,Robyn,CB Council,iNaturalist,6,2024,<1 m (6+ dp)
42759,Themeda triandra,2004-05-01T12:00:00,Birrong Sefton Flora&Fauna Apndx3 POM,Jenson Pk,-33.883502,151.01767,,,,,2004,5,1,,,,,,,,,,,CB Council,Prototype,6,2004,<1 m (6+ dp)
5897,Brachychiton acerifolius,2024-02-24T11:07:32,iNaturalist observations,Not in a reserve,-33.900656,151.104885,,,,"Unsure on ID, a volunteer in a planter box next to basil and nearby some tomato vines.",2024.0,2.0,24.0,,,,,,,,HUMAN_OBSERVATION,,danceswithplants,CB Council,iNaturalist,6,2024,<1 m (6+ dp)
24624,Dichelachne crinita,2009-12-01T00:00:00,DPIE Default Sightings,Salt Pan Reserve,-33.96298,151.04025,,,,occurrenceRemarks withheld,2009.0,12.0,1.0,,,locality withheld,locationRemarks withheld,,,NSW Dept of Planning and Environment,HUMAN_OBSERVATION,,OEMM09102201,CB Council,ALA,5,2009,≈1–10 m (5 dp)
6823,Persoonia levis,2022-08-13T14:20:00,iNaturalist observations,Not in a reserve,-33.973556,151.037923,,fruits or seeds,,,2022.0,8.0,13.0,,,,,,,,HUMAN_OBSERVATION,,Bradley W. Jones,CB Council,iNaturalist,6,2022,<1 m (6+ dp)
28166,Eucalyptus tereticornis,2008-02-13T00:00:00,METROCMA2 Vegetation Survey,Deepwater,-33.951541,150.975881,,,,occurrenceRemarks withheld,2008.0,2.0,13.0,,Floristic Data,locality withheld,locationRemarks withheld,,,NSW Dept of Planning and Environment,HUMAN_OBSERVATION,,VEG-NICR;OPUR23081001,CB Council,ALA,6,2008,<1 m (6+ dp)
7706,Cestrum parqui,2020-04-27T11:07:06,iNaturalist research-grade observations,Not in a reserve,-33.882472,151.009553,,,,,2020.0,4.0,27.0,,,,,t_plummetus,2020-04-28T01:55:34Z,,HUMAN_OBSERVATION,,Thomas Mesaglio,CB Council,iNaturalist,6,2020,<1 m (6+ dp)
27272,Eucalyptus piperita,2008-05-29T00:00:00,DPIE Data from Scientific Licences dataset,Not in a reserve,-33.96926,151.044229,,,,occurrenceRemarks withheld,2008.0,5.0,29.0,,,locality withheld,locationRemarks withheld,,,NSW National Parks and Wildlife Service,HUMAN_OBSERVATION,,OJJS07082200,CB Council,ALA,6,2008,<1 m (6+ dp)
10768,Persicaria capitata,2022-04-03T15:37:00,iNaturalist research-grade observations,Not in a reserve,-33.92644,151.141951,,,,,2022.0,4.0,3.0,,,,,Cynthia Chan,2022-04-27T11:08:31Z,,HUMAN_OBSERVATION,,Cynthia Chan,CB Council,iNaturalist,6,2022,<1 m (6+ dp)
23093,Angophora costata,1999-02-15T00:00:00,WESTSYD Vegetation Survey,Not in a reserve,-33.903688,151.095664,,,,occurrenceRemarks withheld,1999.0,2.0,15.0,,Floristic Data,locality withheld,locationRemarks withheld,,,NSW Dept of Planning and Environment,HUMAN_OBSERVATION,,OJKP98040900;OVLU99062101,CB Council,ALA,6,1999,<1 m (6+ dp)
10803,Solanum americanum,2023-10-19T15:43:54,iNaturalist observations,Not in a reserve,-33.932401,151.119702,,,,,2023.0,10.0,19.0,,,,,,,,HUMAN_OBSERVATION,,hayleyyh,CB Council,iNaturalist,6,2023,<1 m (6+ dp)
39756,Juncus usitatus,2004-05-01T12:00:00,Norfolk Flora&Fauna Apndx3 POM,Norfolk Reserve,-33.893604,151.062656,,,,,2004,5,1,,,,,,,,,,,CB Council,Prototype,6,2004,<1 m (6+ dp)
38467,Eucalyptus amplifolia,2004-05-01T12:00:00,Milperra area Flora&Fauna Apndx5 POM,Auld Reserve,-33.931086,150.973056,,,,,2004,5,1,,,,,,,,,,,CB Council,Prototype,6,2004,<1 m (6+ dp)
5383,Gahnia sieberiana,2023-11-06T12:00:00,C-B Council Reserves plot survey data 2023_Western Sydney University ,The Crest Reserve,-33.91092254,150.998445,1.0,,,,2023.0,11.0,6.0,,,,,,,,,,"M Franklin, J Bendall, D Bristol.",CB Council,ALA,8,2023,<1 m (6+ dp)
30915,Gomphrena celosioides,2008-01-17T00:00:00,DPIE Data from Scientific Licences dataset,Kentucky Reserve,-33.928156,150.979715,,,introduced,occurrenceRemarks withheld,2008.0,1.0,17.0,,,locality withheld,locationRemarks withheld,,,NSW National Parks and Wildlife Service,HUMAN_OBSERVATION,,OJJS07082200,CB Council,ALA,6,2008,<1 m (6+ dp)
34290,Hibbertia puberula,2019-05-20T00:00:00,DPIE Data from Scientific Licences dataset,Not in a reserve,-33.917248,150.980217,,,,occurrenceRemarks withheld,2019.0,5.0,20.0,,,locality withheld,locationRemarks withheld,,,NSW National Parks and Wildlife Service,HUMAN_OBSERVATION,,OPUR18091500;OICG19070400;OJJS20071501,CB Council,ALA,6,2019,<1 m (6+ dp)
24595,Entolasia marginata,2001-12-21T00:00:00,DPIE Default Sightings,Lambeth Reserve,-33.972098,150.995917,,,,occurrenceRemarks withheld,2001.0,12.0,21.0,,,locality withheld,locationRemarks withheld,,,NSW Dept of Planning and Environment,HUMAN_OBSERVATION,,OPXE96052900;OSGH99040700,CB Council,ALA,6,2001,<1 m (6+ dp)
19569,Juncus usitatus,2008-03-07T00:00:00,METROCMA2 Vegetation Survey,Crest,-33.911035,150.996728,,,,occurrenceRemarks withheld,2008.0,3.0,7.0,,Floristic Data,locality withheld,locationRemarks withheld,,,NSW Dept of Planning and Environment,HUMAN_OBSERVATION,,OPJGI0002327;VEG-NICR,CB Council,ALA,6,2008,<1 m (6+ dp)
19771,Cotoneaster glaucophyllus,2006-06-05T00:00:00,DPIE Data from Scientific Licences dataset,Not in a reserve,-33.897071,151.029586,,,introduced,occurrenceRemarks withheld,2006.0,6.0,5.0,,,locality withheld,locationRemarks withheld,,,NSW National Parks and Wildlife Service,HUMAN_OBSERVATION,,ODMP05090502,CB Council,ALA,6,2006,<1 m (6+ dp)
34928,Solanum nigrum,2007-04-16T00:00:00,ACA Vegetation Survey,Deepwater,-33.94951,150.973882,,,introduced,occurrenceRemarks withheld,2007.0,4.0,16.0,,Floristic Data,locality withheld,locationRemarks withheld,,,Anne Clements & Associates,HUMAN_OBSERVATION,,ODMP05122005;OEMM09100802;OPUR23021400,CB Council,ALA,6,2007,<1 m (6+ dp)
28806,Ochna serrulata,2021-05-27T00:00:00,DPIE Data from Scientific Licences dataset,Deepwater,-33.946339,150.979163,,,introduced,occurrenceRemarks withheld,2021.0,5.0,27.0,,,locality withheld,locationRemarks withheld,,,NSW National Parks and Wildlife Service,HUMAN_OBSERVATION,,OMFZ23032802,CB Council,ALA,6,2021,<1 m (6+ dp)
10864,Epilobium billardiereanum,2023-11-26T13:14:00,iNaturalist observations,Not in a reserve,-33.90416,150.980896,,,,,2023.0,11.0,26.0,,,,,,,,HUMAN_OBSERVATION,,Thomas Mesaglio,CB Council,iNaturalist,6,2023,<1 m (6+ dp)
34234,Eucalyptus saligna,2015-09-15T00:00:00,DPIE Default Sightings,Not in a reserve,-33.890332,151.055229,,,,occurrenceRemarks withheld,2015.0,9.0,15.0,,,locality withheld,locationRemarks withheld,,,NSW Dept of Planning and Environment,HUMAN_OBSERVATION,,OIXR15081800,CB Council,ALA,6,2015,<1 m (6+ dp)
19541,Bursaria spinosa,2008-12-07T00:00:00,DPIE Data from Scientific Licences dataset,Not in a reserve,-33.921711,150.997024,,,,occurrenceRemarks withheld,2008.0,12.0,7.0,,,locality withheld,locationRemarks withheld,,,NSW National Parks and Wildlife Service,HUMAN_OBSERVATION,,ODMP08080501,CB Council,ALA,6,2008,<1 m (6+ dp)
20277,Brachyloma daphnoides,2010-12-14T00:00:00,NP_GEORGES Vegetation Survey,Not in a reserve,-33.972536,151.037905,,,,occurrenceRemarks withheld,2010.0,12.0,14.0,,Floristic Data,locality withheld,locationRemarks withheld,,,NSW Dept of Planning and Environment,HUMAN_OBSERVATION,,ODMP99111100;VEG-NICR,CB Council,ALA,6,2010,<1 m (6+ dp)
36346,Banksia serrata,2004-05-01T12:00:00,Southern Reserves Flora&Fauna Apndx4 POM,Little Salt Pan Creek Reserve,-33.96882,151.029014,,,,,2004,5,1,,,,,,,,,,,CB Council,Prototype,6,2004,<1 m (6+ dp)
7393,Capsella bursa-pastoris,2021-10-22T12:07:00,iNaturalist research-grade observations,Not in a reserve,-33.941669,151.050019,,,,,2021.0,10.0,22.0,,,,,Thomas Mesaglio,2021-10-26T05:41:17Z,,HUMAN_OBSERVATION,,Thomas Mesaglio,CB Council,iNaturalist,6,2021,<1 m (6+ dp)
5723,Sonchus asper,2023-10-02T12:25:00,iNaturalist observations,Not in a reserve,-33.902703,150.979644,,,,,2023.0,10.0,2.0,,,,,,,,HUMAN_OBSERVATION,,Thomas Mesaglio,CB Council,iNaturalist,6,2023,<1 m (6+ dp)
27460,Eucalyptus tereticornis,2015-09-08T00:00:00,DPIE Data from Scientific Licences dataset,East Hills Park,-33.964295,150.982435,,,,occurrenceRemarks withheld,2015.0,9.0,8.0,,,locality withheld,locationRemarks withheld,,,NSW National Parks and Wildlife Service,HUMAN_OBSERVATION,,OJJS12110500,CB Council,ALA,6,2015,<1 m (6+ dp)
37881,Dichelachne crinita,2004-05-01T12:00:00,Lansdowne area Flora&Fauna Appndx6 POM,Miram-Beena,-33.906477,150.980754,,,,,2004,5,1,,,,,,,,,,,CB Council,Prototype,6,2004,<1 m (6+ dp)
35740,Alopecurus pratensis,2004-05-01T12:00:00,The Crest-Appendix,Carysfield,-33.902185,150.998468,,,,,2004,5,1,,,,,,,,,,,CB Council,Prototype,6,2004,<1 m (6+ dp)
20316,Bursaria spinosa,2008-02-13T00:00:00,METROCMA2 Vegetation Survey,Deepwater,-33.946827,150.972747,,,,occurrenceRemarks withheld,2008.0,2.0,13.0,,Floristic Data,locality withheld,locationRemarks withheld,,,NSW Dept of Planning and Environment,HUMAN_OBSERVATION,,VEG-NICR;OPUR23081001,CB Council,ALA,6,2008,<1 m (6+ dp)
9786,Dodonaea triquetra,2023-07-17T10:42:53,iNaturalist research-grade observations,Not in a reserve,-33.97273,151.036553,,,,,2023.0,7.0,17.0,,,,,superbum2,2023-07-17T03:50:36Z,,HUMAN_OBSERVATION,,slloyd98,CB Council,iNaturalist,6,2023,<1 m (6+ dp)
35418,Kunzea ambigua,2013-12-13T00:00:00,DPIE Data from Scientific Licences dataset,Not in a reserve,-33.929467,151.136033,,FR Fresh Fruit,,occurrenceRemarks withheld,2013.0,12.0,13.0,,,locality withheld,locationRemarks withheld,,,NSW National Parks and Wildlife Service,HUMAN_OBSERVATION,,OCAM11011800,CB Council,ALA,6,2013,<1 m (6+ dp)
26889,Einadia hastata,2011-04-13T00:00:00,ACA Vegetation Survey,Deepwater,-33.950033,150.976066,,,,occurrenceRemarks withheld,2011.0,4.0,13.0,,Floristic Data,locality withheld,locationRemarks withheld,,,Anne Clements & Associates,HUMAN_OBSERVATION,,OEMM09100802;OEMM09100803;OJJS10080400;OIXR13100400,CB Council,ALA,6,2011,<1 m (6+ dp)
32964,Acacia pubescens,2009-09-15T00:00:00,DPIE Data from Scientific Licences dataset,Norfolk Reserve,-33.893816,151.062643,,,,occurrenceRemarks withheld,2009.0,9.0,15.0,,,locality withheld,locationRemarks withheld,,,NSW National Parks and Wildlife Service,HUMAN_OBSERVATION,,ODMP11031700,CB Council,ALA,6,2009,<1 m (6+ dp)
28790,Pimelea spicata,2010-02-11T00:00:00,DPIE Data from Scientific Licences dataset,Crest,-33.910805,150.996753,,,,occurrenceRemarks withheld,2010.0,2.0,11.0,,,locality withheld,locationRemarks withheld,,,NSW National Parks and Wildlife Service,HUMAN_OBSERVATION,,ODMP11031700,CB Council,ALA,6,2010,<1 m (6+ dp)
38383,Eragrostis sp.,2004-05-01T12:00:00,Southern Reserves Flora&Fauna Apndx4 POM,Thomas Street Depot,-33.96590278,151.013035,,,,,2004,5,1,,,,,,,,,,,CB Council,Prototype,8,2004,<1 m (6+ dp)
1301,Austrostipa rudis subsp. rudis,2008-03-07T00:00:00,METROCMA2 Vegetation Survey,Lansdowne,-33.893876,150.977407,,,,occurrenceRemarks withheld,2008.0,3.0,7.0,,Floristic Data,locality withheld,locationRemarks withheld,,,NSW Dept of Planning and Environment,HUMAN_OBSERVATION,,OPJGI0002327;VEG-NICR,CB Council,ALA,6,2008,<1 m (6+ dp)
43041,Vittadinia spp.,2004-05-01T12:00:00,CondellPark Flora&Fauna Apndx4 POM,Manahan Reserve,-33.92033,151.006218,,,,,2004,5,1,,,,,,,,,,,CB Council,Prototype,6,2004,<1 m (6+ dp)
35071,Cinnamomum camphora,2008-02-14T00:00:00,METROCMA2 Vegetation Survey,Not in a reserve,-33.973846,151.004433,,,introduced,occurrenceRemarks withheld,2008.0,2.0,14.0,,Floristic Data,locality withheld,locationRemarks withheld,,,NSW Dept of Planning and Environment,HUMAN_OBSERVATION,,VEG-NICR;OPUR23081001,CB Council,ALA,6,2008,<1 m (6+ dp)
37397,Cotoneaster glaucophyllus,2004-05-01T12:00:00,Birrong Sefton Flora&Fauna Apndx3 POM,Maluga Passive Pk,-33.894195,151.015561,,,,,2004,5,1,,,,,,,,,,,CB Council,Prototype,6,2004,<1 m (6+ dp)
24719,Passiflora morifolia,2007-04-16T00:00:00,ACA Vegetation Survey,Deepwater,-33.948971,150.973462,,,introduced,occurrenceRemarks withheld,2007.0,4.0,16.0,,Floristic Data,locality withheld,locationRemarks withheld,,,Anne Clements & Associates,HUMAN_OBSERVATION,,ODMP05122005;OEMM09100802;OPUR23021400,CB Council,ALA,6,2007,<1 m (6+ dp)
9147,Bursaria spinosa,2024-12-24T14:57:17,iNaturalist research-grade observations,Not in a reserve,-33.98168,151.006286,,flower buds,,,2024.0,12.0,24.0,,,,,Michael Mahoney,2024-12-24T04:53:47Z,,HUMAN_OBSERVATION,,Michael Mahoney,CB Council,iNaturalist,6,2024,<1 m (6+ dp)
29100,Acacia pubescens,2009-12-10T00:00:00,DPIE Data from Scientific Licences dataset,Norfolk Reserve,-33.894006,151.062704,,,,occurrenceRemarks withheld,2009.0,12.0,10.0,,,locality withheld,locationRemarks withheld,,,NSW National Parks and Wildlife Service,HUMAN_OBSERVATION,,ODMP11031700,CB Council,ALA,6,2009,<1 m (6+ dp)
9653,Hakea sericea,2022-06-27T14:21:00,iNaturalist research-grade observations,Not in a reserve,-33.97308,151.02861,,fruits or seeds,,,2022.0,6.0,27.0,,,,,Bradley W. Jones,2022-06-27T08:14:25Z,,HUMAN_OBSERVATION,,Bradley W. Jones,CB Council,iNaturalist,5,2022,≈1–10 m (5 dp)
9200,Persoonia levis,2022-08-19T14:13:51,iNaturalist research-grade observations,Not in a reserve,-33.929632,151.127278,,fruits or seeds,,,2022.0,8.0,19.0,,,,,Cal McKinley,2022-08-19T04:26:34Z,,HUMAN_OBSERVATION,,Cal McKinley,CB Council,iNaturalist,6,2022,<1 m (6+ dp)
40097,Ligustrum sinense,2004-05-01T12:00:00,Milperra area Flora&Fauna Apndx5 POM,"Lot 5, Prescot Parade Prescot Parade",-33.9447853,150.9769274,,,,,2004,5,1,,,,,,,,,,,CB Council,Prototype,7,2004,<1 m (6+ dp)
3916,Leichhardtia viridiflora subsp. viridiflora,2009-10-22T00:00:00,DPIE Data from Scientific Licences dataset,Lansdowne,-33.893755,150.9753,,,,occurrenceRemarks withheld,2009.0,10.0,22.0,,,locality withheld,locationRemarks withheld,,,NSW National Parks and Wildlife Service,HUMAN_OBSERVATION,,ODMP11031700,CB Council,ALA,6,2009,<1 m (6+ dp)
7679,Acacia brownii,2019-08-27T12:15:17,iNaturalist research-grade observations,Not in a reserve,-33.971307,151.028909,,,,,2019.0,8.0,27.0,,,,,Guy Taseski,2019-08-27T10:51:01Z,,HUMAN_OBSERVATION,,Guy Taseski,CB Council,iNaturalist,6,2019,<1 m (6+ dp)
10161,Actinotus helianthi,2022-10-14T13:15:00,iNaturalist research-grade observations,Not in a reserve,-33.971462,151.040367,,flowers|flower buds,,,2022.0,10.0,14.0,,,,,Bradley W. Jones,2022-10-14T05:44:12Z,,HUMAN_OBSERVATION,,Bradley W. Jones,CB Council,iNaturalist,6,2022,<1 m (6+ dp)
41891,Pomaderris lanigera,2004-05-01T12:00:00,Southern Reserves Flora&Fauna Apndx4 POM,Lambeth Reserve,-33.971772,150.996708,,,,,2004,5,1,,,,,,,,,,,CB Council,Prototype,6,2004,<1 m (6+ dp)
21748,Pterostylis longifolia,2009-04-23T00:00:00,BANKS_VEG Vegetation Survey,Not in a reserve,-33.97967,151.00081,,,,occurrenceRemarks withheld,2009.0,4.0,23.0,,Floristic Data,locality withheld,locationRemarks withheld,,,Bankstown City Council,HUMAN_OBSERVATION,,OJJS07082200;ODMP08080503,CB Council,ALA,5,2009,≈1–10 m (5 dp)
7251,Doryanthes excelsa,2022-09-27T12:05:00,iNaturalist research-grade observations,Not in a reserve,-33.898189,151.035172,,,,,2022.0,9.0,27.0,,,,,Thomas Mesaglio,2022-09-27T03:54:03Z,,HUMAN_OBSERVATION,,Thomas Mesaglio,CB Council,iNaturalist,6,2022,<1 m (6+ dp)
19197,Hypochaeris radicata,1999-05-05T00:00:00,GEORGES Vegetation Survey,Not in a reserve,-33.973341,151.009964,,,introduced,occurrenceRemarks withheld,1999.0,5.0,5.0,,Floristic Data,locality withheld,locationRemarks withheld,,,NSW Dept of Planning and Environment,HUMAN_OBSERVATION,,OVLU99062101;OSLS05031800,CB Council,ALA,6,1999,<1 m (6+ dp)
35304,Jacaranda mimosifolia,2008-04-30T00:00:00,DPIE Data from Scientific Licences dataset,Norfolk Reserve,-33.893591,151.06261,,,introduced,occurrenceRemarks withheld,2008.0,,,,,locality withheld,locationRemarks withheld,,,NSW National Parks and Wildlife Service,HUMAN_OBSERVATION,,OJJS07082200,CB Council,ALA,6,2008,<1 m (6+ dp)
30479,Plantago lanceolata,2012-07-26T00:00:00,Freshwater Vegetation Survey,Not in a reserve,-33.890805,151.045552,,,introduced,occurrenceRemarks withheld,2012.0,7.0,26.0,,Floristic Data,locality withheld,locationRemarks withheld,,,Narla Environmental Pty Ltd,HUMAN_OBSERVATION,,OSLS05020700,CB Council,ALA,6,2012,<1 m (6+ dp)
30286,Angophora floribunda,2000-06-29T00:00:00,WESTSYD2 Vegetation Survey,Not in a reserve,-33.941424,151.046734,,,,occurrenceRemarks withheld,2000.0,6.0,29.0,,Floristic Data,locality withheld,locationRemarks withheld,,,NSW Dept of Planning and Environment,HUMAN_OBSERVATION,,OPUR23081001,CB Council,ALA,6,2000,<1 m (6+ dp)
2923,Acacia pubescens,2009-10-22T00:00:00,DPIE Data from Scientific Licences dataset,Lansdowne,-33.892342,150.975517,,,,occurrenceRemarks withheld,2009.0,10.0,22.0,,,locality withheld,locationRemarks withheld,,,NSW National Parks and Wildlife Service,HUMAN_OBSERVATION,,ODMP11031700,CB Council,ALA,6,2009,<1 m (6+ dp)
34569,Banksia ericifolia,2016-08-10T00:00:00,DPIE Data from Scientific Licences dataset,Not in a reserve,-33.977778,150.996944,,,,occurrenceRemarks withheld,2016.0,8.0,10.0,,,locality withheld,locationRemarks withheld,,,NSW National Parks and Wildlife Service,HUMAN_OBSERVATION,,OICG16061500,CB Council,ALA,6,2016,<1 m (6+ dp)
35900,Angophora floribunda,2004-05-01T12:00:00,Southern Reserves Flora&Fauna Apndx4 POM,Picnic Point Reserve,-33.977563,150.996147,,,,,2004,5,1,,,,,,,,,,,CB Council,Prototype,6,2004,<1 m (6+ dp)
38300,Eragrostis brownii,2004-05-01T12:00:00,The Crest-Appendix,Louisa,-33.905454,150.999701,,,,,2004,5,1,,,,,,,,,,,CB Council,Prototype,6,2004,<1 m (6+ dp)
25890,Echinopogon caespitosus,2022-02-11T00:00:00,DPIE Data from Scientific Licences dataset,Not in a reserve,-33.889545,151.032382,,,,occurrenceRemarks withheld,2022.0,2.0,11.0,,,locality withheld,locationRemarks withheld,,,NSW National Parks and Wildlife Service,HUMAN_OBSERVATION,,OMFZ23032900,CB Council,ALA,6,2022,<1 m (6+ dp)
4143,Acacia pubescens,2009-09-17T00:00:00,DPIE Data from Scientific Licences dataset,Lansdowne,-33.893924,150.977902,,,,occurrenceRemarks withheld,2009.0,9.0,17.0,,,locality withheld,locationRemarks withheld,,,NSW National Parks and Wildlife Service,HUMAN_OBSERVATION,,ODMP11031700,CB Council,ALA,6,2009,<1 m (6+ dp)
7901,Kunzea ambigua,2020-10-10T15:26:37,iNaturalist observations,Not in a reserve,-33.924103,151.110767,,,,,2020.0,10.0,10.0,,,,,,,,HUMAN_OBSERVATION,,powerliv,CB Council,iNaturalist,6,2020,<1 m (6+ dp)
34647,Eragrostis curvula,2011-11-11T00:00:00,DPIE Data from Scientific Licences dataset,Not in a reserve,-33.940296,150.971796,,,introduced,occurrenceRemarks withheld,2011.0,11.0,11.0,,,locality withheld,locationRemarks withheld,,,NSW National Parks and Wildlife Service,HUMAN_OBSERVATION,,OEMM09100802;OIXR13062400,CB Council,ALA,6,2011,<1 m (6+ dp)
41400,Passiflora herbertiana,2004-05-01T12:00:00,Lansdowne area Flora&Fauna Appndx6 POM,Miram-Beena,-33.909351,150.975191,,,,,2004,5,1,,,,,,,,,,,CB Council,Prototype,6,2004,<1 m (6+ dp)
38939,Gamochaeta americanum,2004-05-01T12:00:00,The Crest-Appendix,Crest,-33.908539,150.99598,,,,,2004,5,1,,,,,,,,,,,CB Council,Prototype,6,2004,<1 m (6+ dp)
25023,Corymbia gummifera,2009-04-23T00:00:00,BANKS_VEG Vegetation Survey,Not in a reserve,-33.97967,151.00081,,,,occurrenceRemarks withheld,2009.0,4.0,23.0,,Floristic Data,locality withheld,locationRemarks withheld,,,Bankstown City Council,HUMAN_OBSERVATION,,OJJS07082200;ODMP08080503,CB Council,ALA,5,2009,≈1–10 m (5 dp)
3941,Ligustrum sinense,2018-05-23T00:00:00,DPIE Data from Scientific Licences dataset,Lansdowne,-33.892047,150.971275,,,introduced,occurrenceRemarks withheld,2018.0,5.0,23.0,,,locality withheld,locationRemarks withheld,,,NSW National Parks and Wildlife Service,HUMAN_OBSERVATION,,OIXR15013005,CB Council,ALA,6,2018,<1 m (6+ dp)
26728,Celtis australis,2022-03-21T00:00:00,DPIE Data from Scientific Licences dataset,Not in a reserve,-33.912606,151.034377,,,introduced,occurrenceRemarks withheld,2022.0,3.0,,,,locality withheld,locationRemarks withheld,,,NSW National Parks and Wildlife Service,HUMAN_OBSERVATION,,OJAL01071800,CB Council,ALA,6,2022,<1 m (6+ dp)
21218,Clematis glycinoides,2008-02-13T00:00:00,METROCMA2 Vegetation Survey,Deepwater,-33.948794,150.973327,,,,occurrenceRemarks withheld,2008.0,2.0,13.0,,Floristic Data,locality withheld,locationRemarks withheld,,,NSW Dept of Planning and Environment,HUMAN_OBSERVATION,,VEG-NICR;OPUR23081001,CB Council,ALA,6,2008,<1 m (6+ dp)
8182,Hypochaeris radicata,2023-04-07T13:43:00,iNaturalist research-grade observations,Not in a reserve,-33.97105,151.039657,,,,,2023.0,4.0,7.0,,,,,Bradley W. Jones,2023-04-07T08:15:06Z,,HUMAN_OBSERVATION,,Bradley W. Jones,CB Council,iNaturalist,6,2023,<1 m (6+ dp)
36972,Cerastium glomeratum,2004-05-01T12:00:00,Southern Reserves Flora&Fauna Apndx4 POM,Churchill Reserve,-33.969913,151.028269,,,,,2004,5,1,,,,,,,,,,,CB Council,Prototype,6,2004,<1 m (6+ dp)
31562,Wahlenbergia gracilis,2008-04-02T00:00:00,DPIE Data from Scientific Licences dataset,Kelso Beach,-33.957004,150.983918,,,,occurrenceRemarks withheld,2008.0,4.0,,,,locality withheld,locationRemarks withheld,,,NSW National Parks and Wildlife Service,HUMAN_OBSERVATION,,ODMP04110300;OJJS07082200,CB Council,ALA,6,2008,<1 m (6+ dp)
30442,Hibbertia empetrifolia,1999-02-11T00:00:00,DPIE Data from Scientific Licences dataset,Carysfield,-33.900784,150.997609,,,,occurrenceRemarks withheld,1999.0,2.0,11.0,,,locality withheld,locationRemarks withheld,,,NSW National Parks and Wildlife Service,HUMAN_OBSERVATION,,OPJGI0002327,CB Council,ALA,6,1999,<1 m (6+ dp)
33882,Oxalis exilis,2008-02-14T00:00:00,METROCMA2 Vegetation Survey,Kelso Beach,-33.952205,150.981156,,,,occurrenceRemarks withheld,2008.0,2.0,14.0,,Floristic Data,locality withheld,locationRemarks withheld,,,NSW Dept of Planning and Environment,HUMAN_OBSERVATION,,VEG-NICR;OPUR23081001,CB Council,ALA,6,2008,<1 m (6+ dp)
27417,Kunzea ambigua,2015-09-08T00:00:00,DPIE Data from Scientific Licences dataset,East Hills Park,-33.964295,150.982435,,,,occurrenceRemarks withheld,2015.0,9.0,8.0,,,locality withheld,locationRemarks withheld,,,NSW National Parks and Wildlife Service,HUMAN_OBSERVATION,,OJJS12110500,CB Council,ALA,6,2015,<1 m (6+ dp)
21692,Chloris truncata,2011-04-13T00:00:00,ACA Vegetation Survey,Not in a reserve,-33.950566,150.975578,,,,occurrenceRemarks withheld,2011.0,4.0,13.0,,Floristic Data,locality withheld,locationRemarks withheld,,,Anne Clements & Associates,HUMAN_OBSERVATION,,OEMM09100802;OEMM09100803;OJJS10080400;OIXR13100400,CB Council,ALA,6,2011,<1 m (6+ dp)
32442,Asparagus asparagoides,2016-08-10T00:00:00,DPIE Data from Scientific Licences dataset,Not in a reserve,-33.977778,150.996944,,,introduced,occurrenceRemarks withheld,2016.0,8.0,10.0,,,locality withheld,locationRemarks withheld,,,NSW National Parks and Wildlife Service,HUMAN_OBSERVATION,,OICG16061500,CB Council,ALA,6,2016,<1 m (6+ dp)
24543,Hypochaeris radicata,2007-07-24T00:00:00,DTHOMAS2 Vegetation Survey,Not in a reserve,-33.932257,151.003673,,,introduced,occurrenceRemarks withheld,2007.0,7.0,24.0,,Floristic Data,locality withheld,locationRemarks withheld,,,"David Thomas, 9 Miriam Road, Denistone",HUMAN_OBSERVATION,,OPUR23081001,CB Council,ALA,6,2007,<1 m (6+ dp)
6432,Pandorea pandorana,2021-07-27T15:39:00,iNaturalist research-grade observations,Not in a reserve,-33.926962,151.141448,,,,,2021.0,7.0,27.0,,,,,lostinthebush,2021-07-27T12:38:28Z,,HUMAN_OBSERVATION,,lostinthebush,CB Council,iNaturalist,6,2021,<1 m (6+ dp)
19903,Acacia decurrens,2004-05-01T12:00:00,EastHills Flora&Fauna Apndx5 POM,East Hills Park,-33.96446,150.982875,,,,,2004,5,1,,,,,,,,,,,CB Council,Prototype,6,2004,<1 m (6+ dp)
26662,Einadia hastata,2010-11-15T00:00:00,DPIE Default Sightings,Deepwater,-33.95,150.978,,,,occurrenceRemarks withheld,2010.0,11.0,15.0,,,locality withheld,locationRemarks withheld,,,NSW Dept of Planning and Environment,HUMAN_OBSERVATION,,ODMP11031700,CB Council,ALA,3,2010,≈100–1000 m (3 dp)
4986,Acacia pubescens,2020-05-29T00:00:00,DPIE Data from Scientific Licences dataset,Lansdowne,-33.893086,150.976944,,,,occurrenceRemarks withheld,2020.0,5.0,29.0,,,locality withheld,locationRemarks withheld,,,NSW National Parks and Wildlife Service,HUMAN_OBSERVATION,,OJJS16072001,CB Council,ALA,6,2020,<1 m (6+ dp)
10378,Dillwynia retorta,2022-08-01T13:55:00,iNaturalist research-grade observations,Not in a reserve,-33.972104,151.039009,,flowers|flower buds,,,2022.0,8.0,1.0,,,,,Bradley W. Jones,2022-08-01T07:00:27Z,,HUMAN_OBSERVATION,,Bradley W. Jones,CB Council,iNaturalist,6,2022,<1 m (6+ dp)
10184,Tibouchina urvilleana,2023-03-30T11:48:00,iNaturalist observations,Not in a reserve,-33.873853,151.000011,,,,,2023.0,3.0,30.0,,,,,,,,HUMAN_OBSERVATION,,lkrayem,CB Council,iNaturalist,6,2023,<1 m (6+ dp)
22432,Denhamia silvestris,1998-12-21T00:00:00,DPIE Data from Scientific Licences dataset,Crest,-33.90796,150.995278,,,,occurrenceRemarks withheld,1998.0,12.0,21.0,,,locality withheld,locationRemarks withheld,,,NSW National Parks and Wildlife Service,HUMAN_OBSERVATION,,OSYK02012200,CB Council,ALA,6,1998,<1 m (6+ dp)
2109,Goodenia hederacea subsp. hederacea,1999-06-28T00:00:00,GEORGES Vegetation Survey,Lansdowne,-33.902277,150.978906,,,,occurrenceRemarks withheld,1999.0,6.0,28.0,,Floristic Data,locality withheld,locationRemarks withheld,,,NSW Dept of Planning and Environment,HUMAN_OBSERVATION,,OVLU99062101;OSLS05031800,CB Council,ALA,6,1999,<1 m (6+ dp)
28100,Phragmites australis,2020-01-14T00:00:00,DPIE Data from Scientific Licences dataset,Not in a reserve,-33.895443,151.041306,,,,occurrenceRemarks withheld,2020.0,1.0,14.0,,,locality withheld,locationRemarks withheld,,,NSW National Parks and Wildlife Service,HUMAN_OBSERVATION,,OADB11021000;OPUR19032102,CB Council,ALA,6,2020,<1 m (6+ dp)
17537,Acacia fimbriata,2023-08-12T14:00:00,Individual sighting,Not in a reserve,-33.977988,150.999708,1.0,,,"Sighting #12,800.",2023.0,8.0,12.0,,,,nullnull,,,,HUMAN_OBSERVATION,,Michael Hains,CB Council,ALA,6,2023,<1 m (6+ dp)
6511,Woollsia pungens,2020-09-12T12:14:32,iNaturalist research-grade observations,Not in a reserve,-33.981333,151.014236,,,,,2020.0,9.0,12.0,,,,,oliviabernauer,2020-09-20T09:04:48Z,,HUMAN_OBSERVATION,,oliviabernauer,CB Council,iNaturalist,6,2020,<1 m (6+ dp)
7237,Senna pendula,2024-04-16T16:17:08,iNaturalist research-grade observations,Not in a reserve,-33.926697,151.139511,,,,,2024.0,4.0,16.0,,,,,cjj12345,2024-04-16T06:17:41Z,,HUMAN_OBSERVATION,,cjj12345,CB Council,iNaturalist,6,2024,<1 m (6+ dp)
4723,Acacia pubescens,2020-05-29T00:00:00,DPIE Data from Scientific Licences dataset,Lansdowne,-33.892744,150.975975,,,,occurrenceRemarks withheld,2020.0,5.0,29.0,,,locality withheld,locationRemarks withheld,,,NSW National Parks and Wildlife Service,HUMAN_OBSERVATION,,OJJS16072001,CB Council,ALA,6,2020,<1 m (6+ dp)
23736,Acacia pubescens,2009-09-15T00:00:00,DPIE Data from Scientific Licences dataset,Norfolk Reserve,-33.893825,151.062622,,,,occurrenceRemarks withheld,2009.0,9.0,15.0,,,locality withheld,locationRemarks withheld,,,NSW National Parks and Wildlife Service,HUMAN_OBSERVATION,,ODMP11031700,CB Council,ALA,6,2009,<1 m (6+ dp)
10820,Acacia pubescens,2023-07-03T11:04:00,iNaturalist research-grade observations,Thornton,-33.90736,151.001266,,,,,2023.0,7.0,3.0,,,,,Thomas Mesaglio,2023-07-03T04:57:59Z,,HUMAN_OBSERVATION,,Thomas Mesaglio,CB Council,iNaturalist,6,2023,<1 m (6+ dp)
25516,Persicaria maculosa,2008-04-28T00:00:00,DPIE Data from Scientific Licences dataset,Carysfield,-33.902161,150.998009,,,introduced,occurrenceRemarks withheld,2008.0,4.0,,,,locality withheld,locationRemarks withheld,,,NSW National Parks and Wildlife Service,HUMAN_OBSERVATION,,OJJS07082200,CB Council,ALA,6,2008,<1 m (6+ dp)
41179,Oxalis latifolia,2004-05-01T12:00:00,Southern Reserves Flora&Fauna Apndx4 POM,Churchill Reserve,-33.969913,151.028269,,,,,2004,5,1,,,,,,,,,,,CB Council,Prototype,6,2004,<1 m (6+ dp)
25259,Cirsium vulgare,2020-03-06T00:00:00,DPIE Data from Scientific Licences dataset,Not in a reserve,-33.930461,150.980164,,,introduced,occurrenceRemarks withheld,2020.0,3.0,6.0,,,locality withheld,locationRemarks withheld,,,NSW National Parks and Wildlife Service,HUMAN_OBSERVATION,,OLUC19010800,CB Council,ALA,6,2020,<1 m (6+ dp)
9843,Romulea rosea,2024-08-20T12:37:11,iNaturalist research-grade observations,Not in a reserve,-33.922874,151.125076,,,,"In the grass on the verge outside this house, appeared self-seeded. Did not see any others with a quick glance around.",2024.0,8.0,20.0,,,,,danceswithplants,2024-08-21T00:48:38Z,,HUMAN_OBSERVATION,,danceswithplants,CB Council,iNaturalist,6,2024,<1 m (6+ dp)
32347,Hibbertia puberula,2019-05-20T00:00:00,DPIE Data from Scientific Licences dataset,Not in a reserve,-33.916955,150.978741,,,,occurrenceRemarks withheld,2019.0,5.0,20.0,,,locality withheld,locationRemarks withheld,,,NSW National Parks and Wildlife Service,HUMAN_OBSERVATION,,OPUR18091500;OICG19070400;OJJS20071501,CB Council,ALA,6,2019,<1 m (6+ dp)
22041,Trifolium repens,2010-06-10T00:00:00,DPIE Data from Scientific Licences dataset,Not in a reserve,-33.974305,150.999675,,,introduced,occurrenceRemarks withheld,2010.0,6.0,10.0,,,locality withheld,locationRemarks withheld,,,NSW National Parks and Wildlife Service,HUMAN_OBSERVATION,,OPJGI0002094,CB Council,ALA,6,2010,<1 m (6+ dp)
3316,Acacia pubescens,2009-09-18T00:00:00,DPIE Data from Scientific Licences dataset,Lansdowne,-33.893442,150.977145,,,,occurrenceRemarks withheld,2009.0,9.0,18.0,,,locality withheld,locationRemarks withheld,,,NSW National Parks and Wildlife Service,HUMAN_OBSERVATION,,ODMP11031700,CB Council,ALA,6,2009,<1 m (6+ dp)
129,Tradescantia fluminensis,2025-02-27T14:11:31,iNaturalist research-grade observations,Lansdowne,-33.901403,150.967833,,,,,2025.0,2.0,27.0,,,,,michael_2003,2025-02-27T04:00:19Z,,HUMAN_OBSERVATION,,michael_2003,CB Council,iNaturalist,6,2025,<1 m (6+ dp)
9522,Dipodium variegatum,2022-01-17T17:18:14,iNaturalist research-grade observations,Not in a reserve,-33.930062,151.128522,,flowers,,,2022.0,1.0,17.0,,,,,ameliasaul,2022-01-17T08:52:13Z,,HUMAN_OBSERVATION,,ameliasaul,CB Council,iNaturalist,6,2022,<1 m (6+ dp)
38741,Eucalyptus racemosa,2004-05-01T12:00:00,Milperra area Flora&Fauna Apndx5 POM,Piper Reserve,-33.937765,150.972901,,,,,2004,5,1,,,,,,,,,,,CB Council,Prototype,6,2004,<1 m (6+ dp)
35323,Hibbertia puberula,2019-07-17T00:00:00,DPIE Data from Scientific Licences dataset,Not in a reserve,-33.916962,150.978765,,N  No Breeding Evident,,occurrenceRemarks withheld,2019.0,7.0,17.0,,,locality withheld,locationRemarks withheld,,,NSW National Parks and Wildlife Service,HUMAN_OBSERVATION,,OICG19070400,CB Council,ALA,6,2019,<1 m (6+ dp)
29135,Macadamia integrifolia,2004-01-16T00:00:00,DPIE Data from Scientific Licences dataset,Not in a reserve,-33.910549,150.988188,,,,occurrenceRemarks withheld,2004.0,1.0,16.0,,,locality withheld,locationRemarks withheld,,,NSW National Parks and Wildlife Service,HUMAN_OBSERVATION,,ODMP04110301,CB Council,ALA,6,2004,<1 m (6+ dp)
11315,Exocarpos cupressiformis,2024-04-28T15:17:52,iNaturalist observations,Picnic Point Reserve,-33.976474,150.997399,,,,,2024.0,4.0,28.0,,,,,,,,HUMAN_OBSERVATION,,isie,CB Council,iNaturalist,6,2024,<1 m (6+ dp)
21579,Ajuga australis,2008-03-07T00:00:00,METROCMA2 Vegetation Survey,Crest,-33.911035,150.996728,,,,occurrenceRemarks withheld,2008.0,3.0,7.0,,Floristic Data,locality withheld,locationRemarks withheld,,,NSW Dept of Planning and Environment,HUMAN_OBSERVATION,,OPJGI0002327;VEG-NICR,CB Council,ALA,6,2008,<1 m (6+ dp)
42336,Senecio quadridentatus,2004-05-01T12:00:00,Bankstown Airport Reserves Flora&Fauna Apndx6 POM,Ashford Reserve,-33.930003,150.984825,,,,,2004,5,1,,,,,,,,,,,CB Council,Prototype,6,2004,<1 m (6+ dp)
33948,Pimelea spicata,2010-02-11T00:00:00,DPIE Data from Scientific Licences dataset,Bellevue,-33.911333,150.998158,,,,occurrenceRemarks withheld,2010.0,2.0,11.0,,,locality withheld,locationRemarks withheld,,,NSW National Parks and Wildlife Service,HUMAN_OBSERVATION,,ODMP11031700,CB Council,ALA,6,2010,<1 m (6+ dp)
38174,Einadia polygonoides,2004-05-01T12:00:00,Lansdowne area Flora&Fauna Appndx6 POM,Miram-Beena,-33.909351,150.975191,,,,,2004,5,1,,,,,,,,,,,CB Council,Prototype,6,2004,<1 m (6+ dp)
9857,Goodenia hederacea,2020-05-23T11:10:10,iNaturalist research-grade observations,Not in a reserve,-33.972342,151.003904,,,,,2020.0,5.0,23.0,,,,,laurelrf,2020-05-23T23:08:19Z,,HUMAN_OBSERVATION,,laurelrf,CB Council,iNaturalist,6,2020,<1 m (6+ dp)
27540,Hibbertia puberula,2019-05-20T00:00:00,DPIE Data from Scientific Licences dataset,Not in a reserve,-33.917085,150.978747,,,,occurrenceRemarks withheld,2019.0,5.0,20.0,,,locality withheld,locationRemarks withheld,,,NSW National Parks and Wildlife Service,HUMAN_OBSERVATION,,OPUR18091500;OICG19070400;OJJS20071501,CB Council,ALA,6,2019,<1 m (6+ dp)
39642,Isopogon anemonifolius,2004-05-01T12:00:00,Southern Reserves Flora&Fauna Apndx4 POM,Picnic Point Reserve,-33.977563,150.996147,,,,,2004,5,1,,,,,,,,,,,CB Council,Prototype,6,2004,<1 m (6+ dp)
24289,Acacia decurrens,2020-03-06T00:00:00,DPIE Data from Scientific Licences dataset,Not in a reserve,-33.930036,150.980607,,,,occurrenceRemarks withheld,2020.0,3.0,6.0,,,locality withheld,locationRemarks withheld,,,NSW National Parks and Wildlife Service,HUMAN_OBSERVATION,,OLUC19010800,CB Council,ALA,6,2020,<1 m (6+ dp)
20299,Eleusine tristachya,2008-04-30T00:00:00,DPIE Data from Scientific Licences dataset,Norfolk Reserve,-33.893591,151.06261,,,introduced,occurrenceRemarks withheld,2008.0,,,,,locality withheld,locationRemarks withheld,,,NSW National Parks and Wildlife Service,HUMAN_OBSERVATION,,OJJS07082200,CB Council,ALA,6,2008,<1 m (6+ dp)
39992,Leptospermum juniperinum,2004-05-01T12:00:00,Southern Reserves Flora&Fauna Apndx4 POM,Picnic Point Reserve,-33.977563,150.996147,,,,,2004,5,1,,,,,,,,,,,CB Council,Prototype,6,2004,<1 m (6+ dp)
7268,Pseuderanthemum variabile,2023-07-03T12:06:00,iNaturalist research-grade observations,Thornton,-33.908619,151.002121,,,,,2023.0,7.0,3.0,,,,,Thomas Mesaglio,2023-07-03T05:30:47Z,,HUMAN_OBSERVATION,,Thomas Mesaglio,CB Council,iNaturalist,6,2023,<1 m (6+ dp)
42430,Sida rhombifolia,2004-05-01T12:00:00,Deepwater Flora&Fauna Apndx5 POM,Deepwater,-33.949066,150.976607,,,,,2004,5,1,,,,,,,,,,,CB Council,Prototype,6,2004,<1 m (6+ dp)
5032,Acacia pubescens,2010-01-15T00:00:00,DPIE Data from Scientific Licences dataset,Lansdowne,-33.893118,150.975001,,,,occurrenceRemarks withheld,2010.0,1.0,15.0,,,locality withheld,locationRemarks withheld,,,NSW National Parks and Wildlife Service,HUMAN_OBSERVATION,,ODMP11031700,CB Council,ALA,6,2010,<1 m (6+ dp)
37815,Dianella longifolia,2004-05-01T12:00:00,CondellPark Flora&Fauna Apndx4 POM,Marion Reserve,-33.914839,151.010151,,,,,2004,5,1,,,,,,,,,,,CB Council,Prototype,6,2004,<1 m (6+ dp)
1239,Acacia pubescens,2009-09-18T00:00:00,DPIE Data from Scientific Licences dataset,Lansdowne,-33.89327,150.977117,,,,occurrenceRemarks withheld,2009.0,9.0,18.0,,,locality withheld,locationRemarks withheld,,,NSW National Parks and Wildlife Service,HUMAN_OBSERVATION,,ODMP11031700,CB Council,ALA,6,2009,<1 m (6+ dp)
33164,Oplismenus hirtellus,2013-04-17T00:00:00,DPIE Data from Scientific Licences dataset,Not in a reserve,-33.93623,151.11514,,,,occurrenceRemarks withheld,2013.0,4.0,17.0,Open forest,,locality withheld,locationRemarks withheld,,,NSW National Parks and Wildlife Service,HUMAN_OBSERVATION,,ODMP10061700,CB Council,ALA,5,2013,≈1–10 m (5 dp)
5244,Hardenbergia violacea,2024-10-23T12:00:00,BAM241023_113137,Lansdowne,-33.89421228,150.9778359,5.0,,"Alive in NSW, Native",,2024.0,10.0,23.0,,Florist Data,Lansdowne Reserve,BAM data and floristic data from two monitoring plots collected in 2116,,2024-10-23T12:00:00Z,,human observation,,BLM,CB Council,ALA,8,2024,<1 m (6+ dp)
32120,Eucalyptus baueriana,2019-05-15T00:00:00,DPIE Data from Scientific Licences dataset,Not in a reserve,-33.917349,150.97462,,,,occurrenceRemarks withheld,2019.0,5.0,15.0,,,locality withheld,locationRemarks withheld,,,NSW National Parks and Wildlife Service,HUMAN_OBSERVATION,,OPUR19032102,CB Council,ALA,6,2019,<1 m (6+ dp)
42558,Sonchus oleraceus,2004-05-01T12:00:00,The Crest-Appendix,Louisa,-33.905454,150.999701,,,,,2004,5,1,,,,,,,,,,,CB Council,Prototype,6,2004,<1 m (6+ dp)
33967,Phyllanthus gunnii,2011-04-13T00:00:00,ACA Vegetation Survey,Deepwater,-33.952058,150.980812,,,,occurrenceRemarks withheld,2011.0,4.0,13.0,,Floristic Data,locality withheld,locationRemarks withheld,,,Anne Clements & Associates,HUMAN_OBSERVATION,,OEMM09100802;OEMM09100803;OJJS10080400;OIXR13100400,CB Council,ALA,6,2011,<1 m (6+ dp)
28823,Lepyrodia scariosa,2010-12-14T00:00:00,NP_GEORGES Vegetation Survey,Not in a reserve,-33.971219,151.028823,,,,occurrenceRemarks withheld,2010.0,12.0,14.0,,Floristic Data,locality withheld,locationRemarks withheld,,,NSW Dept of Planning and Environment,PRESERVED_SPECIMEN,,ODMP99111100;VEG-NICR,CB Council,ALA,6,2010,<1 m (6+ dp)
26466,Monstera deliciosa,2020-12-04T00:00:00,DPIE Data from Scientific Licences dataset,Not in a reserve,-33.97008,151.044137,,,introduced,occurrenceRemarks withheld,2020.0,12.0,4.0,,,locality withheld,locationRemarks withheld,,,NSW National Parks and Wildlife Service,HUMAN_OBSERVATION,,OPJG19101404,CB Council,ALA,6,2020,<1 m (6+ dp)
35875,Angophora costata,2004-05-01T12:00:00,Southern Reserves Flora&Fauna Apndx4 POM,Thomas Street Depot,-33.96590278,151.013035,,,,,2004,5,1,,,,,,,,,,,CB Council,Prototype,8,2004,<1 m (6+ dp)
27504,Acacia pubescens,2009-08-18T00:00:00,DPIE Data from Scientific Licences dataset,Carysfield,-33.903295,150.997967,,,,occurrenceRemarks withheld,2009.0,8.0,18.0,,,locality withheld,locationRemarks withheld,,,NSW National Parks and Wildlife Service,HUMAN_OBSERVATION,,ODMP11031700,CB Council,ALA,6,2009,<1 m (6+ dp)
36498,Bothriochloa spp.,2004-05-01T12:00:00,Adept Tracey Flood Ruse Flora&Fauna Apndx6 POM,Ruse Park,-33.926102,151.034921,,,,,2004,5,1,,,,,,,,,,,CB Council,Prototype,6,2004,<1 m (6+ dp)
7388,Acacia parramattensis,2023-06-04T13:56:33,iNaturalist research-grade observations,Not in a reserve,-33.939102,151.098629,,,,,2023.0,6.0,4.0,,,,,David,2023-06-04T05:48:51Z,,HUMAN_OBSERVATION,,David,CB Council,iNaturalist,6,2023,<1 m (6+ dp)
10737,Solanum mauritianum,2022-04-11T11:01:22,iNaturalist research-grade observations,Not in a reserve,-33.925805,151.010059,,,,,2022.0,4.0,11.0,,,,,Sam,2022-04-20T09:23Z,,HUMAN_OBSERVATION,,petao,CB Council,iNaturalist,6,2022,<1 m (6+ dp)
8103,Melaleuca thymifolia,2019-02-19T20:36:00,iNaturalist research-grade observations,Not in a reserve,-33.91902,151.096662,,,,Sighting and photos (c) jocha.,2019.0,2.0,19.0,,,,,QuestaGame,2019-02-19T10:16:49Z,,HUMAN_OBSERVATION,,QuestaGame,CB Council,iNaturalist,6,2019,<1 m (6+ dp)
29949,Grevillea robusta,2009-02-28T00:00:00,GREENAPLOT Vegetation Survey,Not in a reserve,-33.910645,151.049706,,,,occurrenceRemarks withheld,2009.0,2.0,28.0,,Floristic Data,locality withheld,locationRemarks withheld,,,NSW Dept of Planning and Environment,HUMAN_OBSERVATION,,CORNI-HO;OJKP98040900,CB Council,ALA,6,2009,<1 m (6+ dp)
10623,Pilea microphylla,2024-02-21T09:43:12,iNaturalist research-grade observations,Not in a reserve,-33.883273,151.008919,,,,,2024.0,2.0,21.0,,,,,Thomas Mesaglio,2024-02-20T22:50:18Z,,HUMAN_OBSERVATION,,Thomas Mesaglio,CB Council,iNaturalist,6,2024,<1 m (6+ dp)
9877,Asparagus aethiopicus,2023-11-04T15:57:00,iNaturalist research-grade observations,Not in a reserve,-33.881894,151.015519,,,,,2023.0,11.0,4.0,,,,,Thomas Mesaglio,2023-11-04T05:49:33Z,,HUMAN_OBSERVATION,,Thomas Mesaglio,CB Council,iNaturalist,6,2023,<1 m (6+ dp)
23095,Dimorphotheca ecklonis,2016-06-22T00:00:00,DPIE Data from Scientific Licences dataset,Not in a reserve,-33.909525,151.133937,,,introduced,occurrenceRemarks withheld,2016.0,6.0,,,,locality withheld,locationRemarks withheld,,,NSW National Parks and Wildlife Service,HUMAN_OBSERVATION,,OJJS10042000;OIXR13081400,CB Council,ALA,6,2016,<1 m (6+ dp)
1197,Acacia pubescens,2009-09-18T00:00:00,DPIE Data from Scientific Licences dataset,Lansdowne,-33.89334,150.976975,,,,occurrenceRemarks withheld,2009.0,9.0,18.0,,,locality withheld,locationRemarks withheld,,,NSW National Parks and Wildlife Service,HUMAN_OBSERVATION,,ODMP11031700,CB Council,ALA,6,2009,<1 m (6+ dp)
27964,Cyperus eragrostis,2016-11-18T00:00:00,DPIE Data from Scientific Licences dataset,Not in a reserve,-33.963306,151.011361,,,introduced,occurrenceRemarks withheld,2016.0,11.0,18.0,,,locality withheld,locationRemarks withheld,,,NSW National Parks and Wildlife Service,HUMAN_OBSERVATION,,ODMP17013000,CB Council,ALA,6,2016,<1 m (6+ dp)
30366,Acacia pubescens,2020-04-07T00:00:00,DPIE Data from Scientific Licences dataset,Flood Reserve,-33.935794,151.021482,,,,occurrenceRemarks withheld,2020.0,4.0,7.0,,,locality withheld,locationRemarks withheld,,,NSW National Parks and Wildlife Service,HUMAN_OBSERVATION,,OJJS19051309,CB Council,ALA,6,2020,<1 m (6+ dp)
5978,Acacia parramattensis,2022-10-30T07:38:50,iNaturalist research-grade observations,Not in a reserve,-33.942473,151.047668,,,,,2022.0,10.0,30.0,,,,,David,2022-10-30T04:41:51Z,,HUMAN_OBSERVATION,,David,CB Council,iNaturalist,6,2022,<1 m (6+ dp)
31444,Cymbopogon refractus,2008-03-07T00:00:00,METROCMA2 Vegetation Survey,Crest,-33.911035,150.996728,,,,occurrenceRemarks withheld,2008.0,3.0,7.0,,Floristic Data,locality withheld,locationRemarks withheld,,,NSW Dept of Planning and Environment,HUMAN_OBSERVATION,,OPJGI0002327;VEG-NICR,CB Council,ALA,6,2008,<1 m (6+ dp)
23064,Eucalyptus baueriana,2015-03-14T00:00:00,DPIE Data from Scientific Licences dataset,Deepwater,-33.949172,150.974368,,,,occurrenceRemarks withheld,2015.0,3.0,14.0,,,locality withheld,locationRemarks withheld,,,NSW National Parks and Wildlife Service,HUMAN_OBSERVATION,,OIXR13102801,CB Council,ALA,6,2015,<1 m (6+ dp)
30829,Melaleuca quinquenervia,2014-08-27T00:00:00,DPIE Data from Scientific Licences dataset,Not in a reserve,-33.93791,151.041047,,,,occurrenceRemarks withheld,2014.0,8.0,27.0,,,locality withheld,locationRemarks withheld,,,NSW National Parks and Wildlife Service,HUMAN_OBSERVATION,,ODMP07040202,CB Council,ALA,6,2014,<1 m (6+ dp)
23171,Acacia falcata,2004-05-01T12:00:00,The Crest-Appendix,Carysfield,-33.902185,150.998468,,,,,2004,5,1,,,,,,,,,,,CB Council,Prototype,6,2004,<1 m (6+ dp)
32210,Sonchus oleraceus,2023-03-20T00:00:00,DPIE Data from Scientific Licences dataset,Not in a reserve,-33.940454,150.995817,,,introduced,occurrenceRemarks withheld,2023.0,3.0,20.0,,,locality withheld,locationRemarks withheld,,,NSW National Parks and Wildlife Service,HUMAN_OBSERVATION,,ODFK24022802,CB Council,ALA,6,2023,<1 m (6+ dp)
7208,Capsella bursa-pastoris,2020-08-03T14:21:00,iNaturalist research-grade observations,Not in a reserve,-33.885657,151.013055,,,,,2020.0,8.0,3.0,,,,,Thomas Mesaglio,2020-08-03T10:49:26Z,,HUMAN_OBSERVATION,,Thomas Mesaglio,CB Council,iNaturalist,6,2020,<1 m (6+ dp)
9730,Aloe arborescens,2025-04-07T12:01:35,iNaturalist observations,Not in a reserve,-33.947919,151.026447,,,,,2025.0,4.0,7.0,,,,,,,,HUMAN_OBSERVATION,,dombo,CB Council,iNaturalist,6,2025,<1 m (6+ dp)
41721,Plantago lanceolata,2004-05-01T12:00:00,CondellPark Flora&Fauna Apndx4 POM,Marion Reserve,-33.914839,151.010151,,,,,2004,5,1,,,,,,,,,,,CB Council,Prototype,6,2004,<1 m (6+ dp)
26253,Lomandra filiformis,1999-02-11T00:00:00,WESTSYD Vegetation Survey,Carysfield,-33.900779,150.997595,,,,occurrenceRemarks withheld,1999.0,2.0,11.0,,Floristic Data,locality withheld,locationRemarks withheld,,,NSW Dept of Planning and Environment,HUMAN_OBSERVATION,,OSLS05031800;OPJGI0002327,CB Council,ALA,6,1999,<1 m (6+ dp)
34507,Eucalyptus piperita,2006-11-01T00:00:00,DPIE Default Sightings,Not in a reserve,-33.97194,151.032868,,,,occurrenceRemarks withheld,2006.0,11.0,1.0,,,locality withheld,locationRemarks withheld,,,NSW Dept of Planning and Environment,HUMAN_OBSERVATION,,OEMM09111310,CB Council,ALA,6,2006,<1 m (6+ dp)
25040,Melaleuca sieberi,2012-10-16T00:00:00,DPIE Data from Scientific Licences dataset,Not in a reserve,-33.889923,151.048336,,,,occurrenceRemarks withheld,2012.0,,,,,locality withheld,locationRemarks withheld,,,NSW National Parks and Wildlife Service,HUMAN_OBSERVATION,,OSLS05020700,CB Council,ALA,6,2012,<1 m (6+ dp)
30843,Lantana camara,2021-12-06T00:00:00,GAP_EAST Vegetation Survey,Not in a reserve,-33.927173,151.149572,,,introduced,occurrenceRemarks withheld,2021.0,12.0,6.0,,Floristic Data,locality withheld,locationRemarks withheld,,,NSW Dept of Planning and Environment,HUMAN_OBSERVATION,,OEMM09121701;OKET22042701,CB Council,ALA,6,2021,<1 m (6+ dp)
22931,Jacksonia scoparia,2011-11-11T00:00:00,DPIE Data from Scientific Licences dataset,Not in a reserve,-33.940787,150.971471,,,,occurrenceRemarks withheld,2011.0,11.0,11.0,,,locality withheld,locationRemarks withheld,,,NSW National Parks and Wildlife Service,HUMAN_OBSERVATION,,OEMM09100802;OIXR13062400,CB Council,ALA,6,2011,<1 m (6+ dp)
1181,Verbena bonariensis,2014-11-07T00:00:00,GC-offsets Vegetation Survey,Lansdowne,-33.895919,150.97859,,,introduced,occurrenceRemarks withheld,2014.0,11.0,7.0,,Floristic Data,locality withheld,locationRemarks withheld,,,NSW Dept of Planning and Environment,HUMAN_OBSERVATION,,OPXE04110301,CB Council,ALA,6,2014,<1 m (6+ dp)
27219,Eucalyptus eugenioides,2015-11-23T00:00:00,DPIE Data from Scientific Licences dataset,Deepwater,-33.945555,150.979018,,,,occurrenceRemarks withheld,2015.0,11.0,,,,locality withheld,locationRemarks withheld,,,NSW National Parks and Wildlife Service,HUMAN_OBSERVATION,,ODMP09120203,CB Council,ALA,6,2015,<1 m (6+ dp)
20231,Acacia pubescens,2009-09-14T00:00:00,DPIE Data from Scientific Licences dataset,Not in a reserve,-33.931587,151.036919,,,,occurrenceRemarks withheld,2009.0,9.0,14.0,,,locality withheld,locationRemarks withheld,,,NSW National Parks and Wildlife Service,HUMAN_OBSERVATION,,ODMP11031700,CB Council,ALA,6,2009,<1 m (6+ dp)
40134,Lissanthe strigosa,2004-05-01T12:00:00,EastHills Flora&Fauna Apndx5 POM,Smith Park,-33.958369,150.990262,,,,,2004,5,1,,,,,,,,,,,CB Council,Prototype,6,2004,<1 m (6+ dp)
30838,Paspalidium distans,1999-04-21T00:00:00,GEORGES Vegetation Survey,Not in a reserve,-33.970898,151.026255,,,,occurrenceRemarks withheld,1999.0,4.0,21.0,,Floristic Data,locality withheld,locationRemarks withheld,,,NSW Dept of Planning and Environment,HUMAN_OBSERVATION,,OVLU99062101;OSLS05031800,CB Council,ALA,6,1999,<1 m (6+ dp)
40414,Lonicera japonica,2004-05-01T12:00:00,Salt Pan Creek Flora&Fauna Apndx4 POM,Alma Reserve,-33.963313,151.038039,,,,,2004,5,1,,,,,,,,,,,CB Council,Prototype,6,2004,<1 m (6+ dp)
40434,Lotus spp.,2004-05-01T12:00:00,The Crest-Appendix,Crest,-33.908539,150.99598,,,,,2004,5,1,,,,,,,,,,,CB Council,Prototype,6,2004,<1 m (6+ dp)
41779,Plectranthus verticillatus,2004-05-01T12:00:00,Southern Reserves Flora&Fauna Apndx4 POM,Cox Reserve,-33.969139,151.021958,,,,,2004,5,1,,,,,,,,,,,CB Council,Prototype,6,2004,<1 m (6+ dp)
26658,Acacia pubescens,2020-04-07T00:00:00,DPIE Data from Scientific Licences dataset,Flood Reserve,-33.935889,151.022367,,,,occurrenceRemarks withheld,2020.0,4.0,7.0,,,locality withheld,locationRemarks withheld,,,NSW National Parks and Wildlife Service,HUMAN_OBSERVATION,,OJJS19051309,CB Council,ALA,6,2020,<1 m (6+ dp)
31266,Melaleuca decora,2008-01-17T00:00:00,DPIE Data from Scientific Licences dataset,Kentucky Reserve,-33.928156,150.979715,,,,occurrenceRemarks withheld,2008.0,1.0,17.0,,,locality withheld,locationRemarks withheld,,,NSW National Parks and Wildlife Service,HUMAN_OBSERVATION,,OJJS07082200,CB Council,ALA,6,2008,<1 m (6+ dp)
8729,Grevillea mucronulata,2019-08-27T12:37:04,iNaturalist research-grade observations,Not in a reserve,-33.973062,151.028642,,flowers,,,2019.0,8.0,27.0,,,,,Guy Taseski,2019-08-27T09:51Z,,HUMAN_OBSERVATION,,Guy Taseski,CB Council,iNaturalist,6,2019,<1 m (6+ dp)
42151,Rubus ulmifolius,2004-05-01T12:00:00,Deepwater Flora&Fauna Apndx5 POM,Deepwater,-33.949066,150.976607,,,,,2004,5,1,,,,,,,,,,,CB Council,Prototype,6,2004,<1 m (6+ dp)
26976,Dianella revoluta,2009-04-16T00:00:00,BANKS_VEG Vegetation Survey,Adept Lane Reserve,-33.931844,151.036664,,,,occurrenceRemarks withheld,2009.0,4.0,16.0,,Floristic Data,locality withheld,locationRemarks withheld,,,Bankstown City Council,HUMAN_OBSERVATION,,OJJS07082200;ODMP08080503,CB Council,ALA,6,2009,<1 m (6+ dp)
35245,Austromyrtus tenuifolia,2024-07-05T00:00:00,DPIE Data from Scientific Licences dataset,Not in a reserve,-33.881627,150.997191,,,,occurrenceRemarks withheld,2024.0,7.0,5.0,,,locality withheld,locationRemarks withheld,,,NSW National Parks and Wildlife Service,HUMAN_OBSERVATION,,ODMP2411140D,CB Council,ALA,6,2024,<1 m (6+ dp)
35266,Impatiens walleriana,2018-04-04T00:00:00,DPIE Data from Scientific Licences dataset,Not in a reserve,-33.917913,151.116308,,,introduced,occurrenceRemarks withheld,2018.0,4.0,4.0,,,locality withheld,locationRemarks withheld,,,NSW National Parks and Wildlife Service,HUMAN_OBSERVATION,,OJJS19102800,CB Council,ALA,6,2018,<1 m (6+ dp)
1075,Acacia pubescens,2009-09-17T00:00:00,DPIE Data from Scientific Licences dataset,Lansdowne,-33.892532,150.978291,,,,occurrenceRemarks withheld,2009.0,9.0,17.0,,,locality withheld,locationRemarks withheld,,,NSW National Parks and Wildlife Service,HUMAN_OBSERVATION,,ODMP11031700,CB Council,ALA,6,2009,<1 m (6+ dp)
2568,Dodonaea triquetra,2008-03-07T00:00:00,METROCMA2 Vegetation Survey,Lansdowne,-33.893876,150.977407,,,,occurrenceRemarks withheld,2008.0,3.0,7.0,,Floristic Data,locality withheld,locationRemarks withheld,,,NSW Dept of Planning and Environment,HUMAN_OBSERVATION,,OPJGI0002327;VEG-NICR,CB Council,ALA,6,2008,<1 m (6+ dp)
10050,Ageratina adenophora,2023-09-21T13:27:00,iNaturalist research-grade observations,Salt Pan Reserve,-33.955349,151.040323,,flowers,,,2023.0,9.0,21.0,,,,,Thomas Mesaglio,2023-09-21T10:59:51Z,,HUMAN_OBSERVATION,,Thomas Mesaglio,CB Council,iNaturalist,6,2023,<1 m (6+ dp)
1025,Acacia pubescens,2010-01-15T00:00:00,DPIE Data from Scientific Licences dataset,Lansdowne,-33.892909,150.974855,,,,occurrenceRemarks withheld,2010.0,1.0,15.0,,,locality withheld,locationRemarks withheld,,,NSW National Parks and Wildlife Service,HUMAN_OBSERVATION,,ODMP11031700,CB Council,ALA,6,2010,<1 m (6+ dp)
29012,Pittosporum undulatum,2013-04-17T00:00:00,DPIE Data from Scientific Licences dataset,Not in a reserve,-33.93623,151.11514,,,,occurrenceRemarks withheld,2013.0,4.0,17.0,Open forest,,locality withheld,locationRemarks withheld,,,NSW National Parks and Wildlife Service,HUMAN_OBSERVATION,,ODMP10061700,CB Council,ALA,5,2013,≈1–10 m (5 dp)
39381,Hibbertia aspera,2004-05-01T12:00:00,Bankstown Airport Reserves Flora&Fauna Apndx6 POM,Ashford Reserve,-33.930003,150.984825,,,,,2004,5,1,,,,,,,,,,,CB Council,Prototype,6,2004,<1 m (6+ dp)
21067,Acacia pubescens,2009-09-10T00:00:00,DPIE Data from Scientific Licences dataset,Deepwater,-33.947673,150.975679,,,,occurrenceRemarks withheld,2009.0,9.0,10.0,,,locality withheld,locationRemarks withheld,,,NSW National Parks and Wildlife Service,HUMAN_OBSERVATION,,ODMP11031700,CB Council,ALA,6,2009,<1 m (6+ dp)
19634,Solanum seaforthianum,2019-03-28T00:00:00,DPIE Data from Scientific Licences dataset,Salt Pan Reserve,-33.963093,151.04053,,,introduced,occurrenceRemarks withheld,2019.0,3.0,28.0,,,locality withheld,locationRemarks withheld,,,NSW National Parks and Wildlife Service,HUMAN_OBSERVATION,,ODMP00113020,CB Council,ALA,6,2019,<1 m (6+ dp)
37846,Dianella revoluta,2004-05-01T12:00:00,Deepwater Flora&Fauna Apndx5 POM,Kelso Beach,-33.953352,150.98246,,,,,2004,5,1,,,,,,,,,,,CB Council,Prototype,6,2004,<1 m (6+ dp)
21883,Ligustrum lucidum,2008-02-14T00:00:00,METROCMA2 Vegetation Survey,Kelso Beach,-33.952205,150.981156,,,introduced,occurrenceRemarks withheld,2008.0,2.0,14.0,,Floristic Data,locality withheld,locationRemarks withheld,,,NSW Dept of Planning and Environment,HUMAN_OBSERVATION,,VEG-NICR;OPUR23081001,CB Council,ALA,6,2008,<1 m (6+ dp)
24579,Acacia pubescens,2020-04-07T00:00:00,DPIE Data from Scientific Licences dataset,Not in a reserve,-33.935785,151.021471,,,,occurrenceRemarks withheld,2020.0,4.0,7.0,,,locality withheld,locationRemarks withheld,,,NSW National Parks and Wildlife Service,HUMAN_OBSERVATION,,OJJS19051309,CB Council,ALA,6,2020,<1 m (6+ dp)
6533,Drosera auriculata,2022-09-18T14:22:00,iNaturalist research-grade observations,Not in a reserve,-33.97126,151.029502,,,,,2022.0,9.0,18.0,,,,,Cynthia Chan,2022-09-18T08:15:20Z,,HUMAN_OBSERVATION,,Bradley W. Jones,CB Council,iNaturalist,6,2022,<1 m (6+ dp)
42446,Sida rhombifolia,2004-05-01T12:00:00,The Crest-Appendix,McLean,-33.904989,150.996089,,,,,2004,5,1,,,,,,,,,,,CB Council,Prototype,6,2004,<1 m (6+ dp)
27358,Eucalyptus tereticornis,2019-05-15T00:00:00,DPIE Data from Scientific Licences dataset,Miram-Beena,-33.908406,150.980748,,,,occurrenceRemarks withheld,2019.0,5.0,15.0,,,locality withheld,locationRemarks withheld,,,NSW National Parks and Wildlife Service,HUMAN_OBSERVATION,,OPUR19032102,CB Council,ALA,6,2019,<1 m (6+ dp)
2522,Hardenbergia violacea,2007-11-21T00:00:00,DPIE Default Sightings,Lansdowne,-33.890425,150.973275,,,,occurrenceRemarks withheld,2007.0,11.0,21.0,,,locality withheld,locationRemarks withheld,,,NSW Dept of Planning and Environment,HUMAN_OBSERVATION,,OEMM09102201,CB Council,ALA,6,2007,<1 m (6+ dp)
41737,Plantago lanceolata,2004-05-01T12:00:00,Milperra area Flora&Fauna Apndx5 POM,"Lot 5, Prescot Parade Prescot Parade",-33.9447853,150.9769274,,,,,2004,5,1,,,,,,,,,,,CB Council,Prototype,7,2004,<1 m (6+ dp)
6490,Melilotus indicus,2022-09-24T12:08:48,iNaturalist research-grade observations,Not in a reserve,-33.885127,151.016315,,,,,2022.0,9.0,24.0,,,,,Thomas Mesaglio,2022-09-24T02:23:08Z,,HUMAN_OBSERVATION,,Thomas Mesaglio,CB Council,iNaturalist,6,2022,<1 m (6+ dp)
6434,Glycine clandestina,2024-04-28T14:41:34,iNaturalist observations,Lambeth Reserve,-33.972576,150.998334,,,,,2024.0,4.0,28.0,,,,,,,,HUMAN_OBSERVATION,,isie,CB Council,iNaturalist,6,2024,<1 m (6+ dp)
32609,Senecio bathurstianus,1998-12-21T00:00:00,WESTSYD Vegetation Survey,Bellevue,-33.910937,150.998439,,,,occurrenceRemarks withheld,1998.0,12.0,21.0,,Floristic Data,locality withheld,locationRemarks withheld,,,NSW Dept of Planning and Environment,HUMAN_OBSERVATION,,OPXE97062300;OVLU99062101,CB Council,ALA,6,1998,<1 m (6+ dp)
7581,Lomandra confertifolia,2023-10-10T10:16:37,iNaturalist observations,Adept Lane Reserve,-33.928954,151.034209,,,,,2023.0,10.0,10.0,,,,,,,,HUMAN_OBSERVATION,,kakeno,CB Council,iNaturalist,6,2023,<1 m (6+ dp)
7198,Acacia ulicifolia,2022-04-03T13:54:00,iNaturalist research-grade observations,Salt Pan Reserve,-33.96231,151.04037,,flowers|flower buds,,,2022.0,4.0,3.0,,,,,Bradley W. Jones,2022-04-03T07:49:44Z,,HUMAN_OBSERVATION,,Bradley W. Jones,CB Council,iNaturalist,5,2022,≈1–10 m (5 dp)
21356,Lobelia purpurascens,2023-06-14T00:00:00,DPIE Data from Scientific Licences dataset,Not in a reserve,-33.95243,151.04037,,,,occurrenceRemarks withheld,2023.0,6.0,14.0,Woodland,,locality withheld,locationRemarks withheld,,,NSW National Parks and Wildlife Service,HUMAN_OBSERVATION,,OSHD13030401,CB Council,ALA,5,2023,≈1–10 m (5 dp)
33059,Goodenia heterophylla,2009-04-23T00:00:00,BANKS_VEG Vegetation Survey,Not in a reserve,-33.980758,150.999551,,,,occurrenceRemarks withheld,2009.0,4.0,23.0,,Floristic Data,locality withheld,locationRemarks withheld,,,Bankstown City Council,HUMAN_OBSERVATION,,OJJS07082200;ODMP08080503,CB Council,ALA,6,2009,<1 m (6+ dp)
25141,Verbena bonariensis,2018-01-25T00:00:00,DPIE Data from Scientific Licences dataset,Not in a reserve,-33.874778,151.006314,,,introduced,occurrenceRemarks withheld,2018.0,1.0,25.0,,,locality withheld,locationRemarks withheld,,,NSW National Parks and Wildlife Service,HUMAN_OBSERVATION,,OPUR17101700;OPUR17101701,CB Council,ALA,6,2018,<1 m (6+ dp)
9088,Ligustrum sinense,2025-03-04T14:10:26,iNaturalist research-grade observations,Lansdowne,-33.895828,150.97957,,,,,2025.0,3.0,4.0,,,,,Michael Mahoney,2025-03-04T04:12:25Z,,HUMAN_OBSERVATION,,Michael Mahoney,CB Council,iNaturalist,6,2025,<1 m (6+ dp)
37429,Cotula australis,2004-05-01T12:00:00,Birrong Sefton Flora&Fauna Apndx3 POM,Rose Pk,-33.89509,151.013134,,,,,2004,5,1,,,,,,,,,,,CB Council,Prototype,6,2004,<1 m (6+ dp)
42541,Soliva sessilis,2004-05-01T12:00:00,Birrong Sefton Flora&Fauna Apndx3 POM,Jenson Pk,-33.883502,151.01767,,,,,2004,5,1,,,,,,,,,,,CB Council,Prototype,6,2004,<1 m (6+ dp)
40170,Lomandra confertifolia ssp. rubiginosa,2004-05-01T12:00:00,Southern Reserves Flora&Fauna Apndx4 POM,Picnic Point Reserve,-33.977563,150.996147,,,,,2004,5,1,,,,,,,,,,,CB Council,Prototype,6,2004,<1 m (6+ dp)
4619,Pimelea spicata,1992-01-14T00:00:00,DPIE Default Sightings,Lansdowne,-33.893679,150.976691,,FL Flowering,,occurrenceRemarks withheld,1992.0,1.0,14.0,,,locality withheld,locationRemarks withheld,,,NSW Dept of Planning and Environment,HUMAN_OBSERVATION,,AYAD,CB Council,ALA,6,1992,<1 m (6+ dp)
40575,Melaleuca linariifolia,2004-05-01T12:00:00,Southern Reserves Flora&Fauna Apndx4 POM,Amberdale Reserve,-33.972098,151.0034,,,,,2004,5,1,,,,,,,,,,,CB Council,Prototype,6,2004,<1 m (6+ dp)
30065,Hypochaeris radicata,2010-11-15T00:00:00,DPIE Default Sightings,Deepwater,-33.95,150.978,,,introduced,occurrenceRemarks withheld,2010.0,11.0,15.0,,,locality withheld,locationRemarks withheld,,,NSW Dept of Planning and Environment,HUMAN_OBSERVATION,,ODMP11031700,CB Council,ALA,3,2010,≈100–1000 m (3 dp)
7643,Paspalum dilatatum,2020-04-25T15:34:15,iNaturalist research-grade observations,Not in a reserve,-33.88213,151.009583,,,,,2020.0,4.0,25.0,,,,,Thomas Mesaglio,2020-04-25T06:55:38Z,,HUMAN_OBSERVATION,,Thomas Mesaglio,CB Council,iNaturalist,6,2020,<1 m (6+ dp)
4076,Wahlenbergia gracilis,1998-12-21T00:00:00,DPIE Data from Scientific Licences dataset,Lansdowne,-33.896631,150.977972,,,,occurrenceRemarks withheld,1998.0,12.0,21.0,,,locality withheld,locationRemarks withheld,,,NSW National Parks and Wildlife Service,HUMAN_OBSERVATION,,OSYK02012200,CB Council,ALA,6,1998,<1 m (6+ dp)
27436,Rumex crispus,2018-05-23T00:00:00,DPIE Data from Scientific Licences dataset,Not in a reserve,-33.917115,150.975158,,,introduced,occurrenceRemarks withheld,2018.0,5.0,23.0,,,locality withheld,locationRemarks withheld,,,NSW National Parks and Wildlife Service,HUMAN_OBSERVATION,,OIXR15013005,CB Council,ALA,6,2018,<1 m (6+ dp)
10833,Hardenbergia violacea,2023-02-09T12:57:23,iNaturalist research-grade observations,Band Hall Reserve,-33.89639,151.019318,,,,,2023.0,2.0,9.0,,,,,benscullett,2023-02-13T03:56:01Z,,HUMAN_OBSERVATION,,benscullett,CB Council,iNaturalist,6,2023,<1 m (6+ dp)
20987,Solanum mauritianum,2009-10-26T00:00:00,DPIE Data from Scientific Licences dataset,Not in a reserve,-33.927625,151.139081,,,introduced,occurrenceRemarks withheld,2009.0,10.0,26.0,,,locality withheld,locationRemarks withheld,,,NSW National Parks and Wildlife Service,HUMAN_OBSERVATION,,OEXK99062500;OEMM09100803,CB Council,ALA,6,2009,<1 m (6+ dp)
27940,Acacia pubescens,2018-10-10T00:00:00,DPIE Data from Scientific Licences dataset,Not in a reserve,-33.887384,151.048254,,,,occurrenceRemarks withheld,2018.0,10.0,10.0,,,locality withheld,locationRemarks withheld,,,NSW National Parks and Wildlife Service,HUMAN_OBSERVATION,,OJFA13041105,CB Council,ALA,6,2018,<1 m (6+ dp)
21385,Dipodium variegatum,2010-12-14T00:00:00,NP_GEORGES Vegetation Survey,Not in a reserve,-33.976092,151.007833,,,,occurrenceRemarks withheld,2010.0,12.0,14.0,,Floristic Data,locality withheld,locationRemarks withheld,,,NSW Dept of Planning and Environment,HUMAN_OBSERVATION,,ODMP99111100;VEG-NICR,CB Council,ALA,6,2010,<1 m (6+ dp)
20906,Acacia pubescens,2009-08-18T00:00:00,DPIE Data from Scientific Licences dataset,Carysfield,-33.903332,150.998009,,,,occurrenceRemarks withheld,2009.0,8.0,18.0,,,locality withheld,locationRemarks withheld,,,NSW National Parks and Wildlife Service,HUMAN_OBSERVATION,,ODMP11031700,CB Council,ALA,6,2009,<1 m (6+ dp)
39041,Glycine tabacina,2004-05-01T12:00:00,Adept Tracey Flood Ruse Flora&Fauna Apndx6 POM,Adept Lane Reserve,-33.930189,151.035261,,,,,2004,5,1,,,,,,,,,,,CB Council,Prototype,6,2004,<1 m (6+ dp)
23615,Sonchus oleraceus,1998-12-21T00:00:00,WESTSYD Vegetation Survey,Crest,-33.907955,150.995264,,,introduced,occurrenceRemarks withheld,1998.0,12.0,21.0,,Floristic Data,locality withheld,locationRemarks withheld,,,NSW Dept of Planning and Environment,HUMAN_OBSERVATION,,OPXE97062300;OVLU99062101,CB Council,ALA,6,1998,<1 m (6+ dp)
40916,Notelaea longifolia,2004-05-01T12:00:00,Lansdowne area Flora&Fauna Appndx6 POM,Miram-Beena,-33.906477,150.980754,,,,,2004,5,1,,,,,,,,,,,CB Council,Prototype,6,2004,<1 m (6+ dp)
31620,Eragrostis curvula,2018-05-23T00:00:00,DPIE Data from Scientific Licences dataset,Miram-Beena,-33.909909,150.979481,,,introduced,occurrenceRemarks withheld,2018.0,5.0,23.0,,,locality withheld,locationRemarks withheld,,,NSW National Parks and Wildlife Service,HUMAN_OBSERVATION,,OIXR15013005,CB Council,ALA,6,2018,<1 m (6+ dp)
40207,Lomandra filiformis ssp. coriacea,2004-05-01T12:00:00,Lansdowne area Flora&Fauna Appndx6 POM,Miram-Beena,-33.900525,150.97568,,,,,2004,5,1,,,,,,,,,,,CB Council,Prototype,6,2004,<1 m (6+ dp)
22071,Hibbertia puberula,2019-07-17T00:00:00,DPIE Data from Scientific Licences dataset,Not in a reserve,-33.917134,150.978785,,N  No Breeding Evident,,occurrenceRemarks withheld,2019.0,7.0,17.0,,,locality withheld,locationRemarks withheld,,,NSW National Parks and Wildlife Service,HUMAN_OBSERVATION,,OICG19070400,CB Council,ALA,6,2019,<1 m (6+ dp)
278,Alstroemeria psittacina,2023-11-26T15:02:00,iNaturalist research-grade observations,Lansdowne,-33.893852,150.968628,,,,,2023.0,11.0,26.0,,,,,Thomas Mesaglio,2023-11-26T09:08:47Z,,HUMAN_OBSERVATION,,Thomas Mesaglio,CB Council,iNaturalist,6,2023,<1 m (6+ dp)
10090,Dodonaea triquetra,2021-10-22T13:47:00,iNaturalist observations,Salt Pan Reserve,-33.956119,151.040786,,,,,2021.0,10.0,22.0,,,,,,,,HUMAN_OBSERVATION,,Thomas Mesaglio,CB Council,iNaturalist,6,2021,<1 m (6+ dp)
28509,Glycine clandestina,2015-12-01T00:00:00,DPIE Data from Scientific Licences dataset,Not in a reserve,-33.926556,151.14075,,FR Fresh Fruit,,occurrenceRemarks withheld,2015.0,12.0,1.0,,,locality withheld,locationRemarks withheld,,,NSW National Parks and Wildlife Service,HUMAN_OBSERVATION,,OCAM11011800,CB Council,ALA,6,2015,<1 m (6+ dp)
41907,Poranthera microphylla,2004-05-01T12:00:00,Adept Tracey Flood Ruse Flora&Fauna Apndx6 POM,Flood Reserve,-33.935995,151.021996,,,,,2004,5,1,,,,,,,,,,,CB Council,Prototype,6,2004,<1 m (6+ dp)
35714,Allocasuarina littoralis,2004-05-01T12:00:00,Revesby and Padstow reserves Flora&Fauna Apndx6 POM,Virginius Reserve,-33.960678,151.022552,,,,,2004,5,1,,,,,,,,,,,CB Council,Prototype,6,2004,<1 m (6+ dp)
25269,Pultenaea villosa,2007-07-24T00:00:00,DTHOMAS2 Vegetation Survey,Not in a reserve,-33.930127,151.005778,,,,occurrenceRemarks withheld,2007.0,7.0,24.0,,Floristic Data,locality withheld,locationRemarks withheld,,,"David Thomas, 9 Miriam Road, Denistone",HUMAN_OBSERVATION,,OPUR23081001,CB Council,ALA,6,2007,<1 m (6+ dp)
7692,Zieria pilosa,2021-07-13T14:24:00,iNaturalist research-grade observations,Not in a reserve,-33.926853,151.146845,,,,,2021.0,7.0,13.0,,,,,lostinthebush,2021-07-13T12:47:41Z,,HUMAN_OBSERVATION,,lostinthebush,CB Council,iNaturalist,6,2021,<1 m (6+ dp)
24063,Paspalidium distans,2008-04-28T00:00:00,DPIE Data from Scientific Licences dataset,Carysfield,-33.902161,150.998009,,,,occurrenceRemarks withheld,2008.0,4.0,,,,locality withheld,locationRemarks withheld,,,NSW National Parks and Wildlife Service,HUMAN_OBSERVATION,,OJJS07082200,CB Council,ALA,6,2008,<1 m (6+ dp)
10281,Persicaria hydropiper,2020-08-04T12:48:21,iNaturalist research-grade observations,Not in a reserve,-33.910638,150.977466,,,,"Growing alone near nightshade, bur murigolds and pokeberries",2020.0,8.0,4.0,,,,,angiegreenthumb,2020-08-04T02:49:28Z,,HUMAN_OBSERVATION,,angiegreenthumb,CB Council,iNaturalist,6,2020,<1 m (6+ dp)
8516,Acacia saligna,2023-10-22T17:09:58,iNaturalist observations,Not in a reserve,-33.926904,151.152534,,,,,2023.0,10.0,22.0,,,,,,,,HUMAN_OBSERVATION,,jakeruben18,CB Council,iNaturalist,6,2023,<1 m (6+ dp)
22001,Setaria parviflora,2014-03-18T00:00:00,DPIE Data from Scientific Licences dataset,Not in a reserve,-33.93508,151.023087,,,introduced,occurrenceRemarks withheld,2014.0,3.0,18.0,,,locality withheld,locationRemarks withheld,,,NSW National Parks and Wildlife Service,HUMAN_OBSERVATION,,OIXR15011200,CB Council,ALA,6,2014,<1 m (6+ dp)
10517,Briza maxima,2023-09-21T15:10:00,iNaturalist research-grade observations,Salt Pan Reserve,-33.957531,151.041005,,,,,2023.0,9.0,21.0,,,,,Thomas Mesaglio,2023-09-21T11:22:07Z,,HUMAN_OBSERVATION,,Thomas Mesaglio,CB Council,iNaturalist,6,2023,<1 m (6+ dp)
9332,Acacia suaveolens,2022-08-13T15:11:00,iNaturalist research-grade observations,Not in a reserve,-33.971967,151.040086,,fruits or seeds,,,2022.0,8.0,13.0,,,,,Bradley W. Jones,2022-08-13T06:55:54Z,,HUMAN_OBSERVATION,,Bradley W. Jones,CB Council,iNaturalist,6,2022,<1 m (6+ dp)
10522,Dillwynia retorta,2022-06-27T13:39:00,iNaturalist observations,Not in a reserve,-33.97205,151.02788,,flowers|flower buds,,,2022.0,6.0,27.0,,,,,,,,HUMAN_OBSERVATION,,Bradley W. Jones,CB Council,iNaturalist,5,2022,≈1–10 m (5 dp)
25162,Acacia pubescens,2009-09-03T00:00:00,DPIE Data from Scientific Licences dataset,Deepwater,-33.951632,150.9812,,,,occurrenceRemarks withheld,2009.0,9.0,3.0,,,locality withheld,locationRemarks withheld,,,NSW National Parks and Wildlife Service,HUMAN_OBSERVATION,,ODMP11031700,CB Council,ALA,6,2009,<1 m (6+ dp)
37190,Clematis aristata,2004-05-01T12:00:00,Lansdowne area Flora&Fauna Appndx6 POM,Lansdowne,-33.896245,150.978391,,,,,2004,5,1,,,,,,,,,,,CB Council,Prototype,6,2004,<1 m (6+ dp)
32949,Denhamia silvestris,2004-05-01T12:00:00,The Crest-Appendix,Carysfield,-33.902185,150.998468,,,,,2004,5,1,,,,,,,,,,,CB Council,Prototype,6,2004,<1 m (6+ dp)
37858,Dianella revoluta,2004-05-01T12:00:00,Revesby and Padstow reserves Flora&Fauna Apndx6 POM,Richardson Reserve,-33.963555,151.027909,,,,,2004,5,1,,,,,,,,,,,CB Council,Prototype,6,2004,<1 m (6+ dp)
21188,Entolasia marginata,1999-02-15T00:00:00,WESTSYD Vegetation Survey,Not in a reserve,-33.903688,151.095664,,,,occurrenceRemarks withheld,1999.0,2.0,15.0,,Floristic Data,locality withheld,locationRemarks withheld,,,NSW Dept of Planning and Environment,HUMAN_OBSERVATION,,OJKP98040900;OVLU99062101,CB Council,ALA,6,1999,<1 m (6+ dp)
23431,Araujia sericifera,2019-10-08T00:00:00,DPIE Data from Scientific Licences dataset,Not in a reserve,-33.92694,151.14242,,,introduced,occurrenceRemarks withheld,2019.0,10.0,8.0,,,locality withheld,locationRemarks withheld,,,NSW National Parks and Wildlife Service,HUMAN_OBSERVATION,,OIXR13081400;OIXR14091000,CB Council,ALA,5,2019,≈1–10 m (5 dp)
34751,Acacia pubescens,2009-09-08T00:00:00,DPIE Data from Scientific Licences dataset,Louisa,-33.904701,151.000703,,,,occurrenceRemarks withheld,2009.0,9.0,8.0,,,locality withheld,locationRemarks withheld,,,NSW National Parks and Wildlife Service,HUMAN_OBSERVATION,,ODMP11031700,CB Council,ALA,6,2009,<1 m (6+ dp)
1661,Euchiton sphaericus,1999-06-28T00:00:00,GEORGES Vegetation Survey,Lansdowne,-33.902277,150.978906,,,,occurrenceRemarks withheld,1999.0,6.0,28.0,,Floristic Data,locality withheld,locationRemarks withheld,,,NSW Dept of Planning and Environment,HUMAN_OBSERVATION,,OVLU99062101;OSLS05031800,CB Council,ALA,6,1999,<1 m (6+ dp)
35384,Glycine clandestina,1999-02-15T00:00:00,WESTSYD Vegetation Survey,Norfolk Reserve,-33.893483,151.062912,,,,occurrenceRemarks withheld,1999.0,2.0,15.0,,Floristic Data,locality withheld,locationRemarks withheld,,,NSW Dept of Planning and Environment,HUMAN_OBSERVATION,,OJKP98040900;OVLU99062101,CB Council,ALA,6,1999,<1 m (6+ dp)
10231,Cestrum parqui,2020-08-03T17:14:02,iNaturalist research-grade observations,Not in a reserve,-33.882513,151.009431,,,,,2020.0,8.0,3.0,,,,,Thomas Mesaglio,2020-08-03T08:32:04Z,,HUMAN_OBSERVATION,,Thomas Mesaglio,CB Council,iNaturalist,6,2020,<1 m (6+ dp)
41962,Pteridium esculentum,2004-05-01T12:00:00,EastHills Flora&Fauna Apndx5 POM,East Hills Park,-33.96446,150.982875,,,,,2004,5,1,,,,,,,,,,,CB Council,Prototype,6,2004,<1 m (6+ dp)
26207,Petrophile sessilis,2009-05-28T00:00:00,BANKS_VEG Vegetation Survey,Not in a reserve,-33.973447,151.038284,,,,occurrenceRemarks withheld,2009.0,5.0,28.0,,Floristic Data,locality withheld,locationRemarks withheld,,,Bankstown City Council,HUMAN_OBSERVATION,,OJJS07082200;ODMP09101600,CB Council,ALA,6,2009,<1 m (6+ dp)
38906,Freesia sp.,2004-05-01T12:00:00,Walshaw Flora&Fauna Apndx4 POM,Walshaw Park,-33.901345,151.004631,,,,,2004,5,1,,,,,,,,,,,CB Council,Prototype,6,2004,<1 m (6+ dp)
7211,Tropaeolum majus,2023-01-12T15:46:14,iNaturalist research-grade observations,Not in a reserve,-33.915761,151.132473,,,,,2023.0,1.0,12.0,,,,,daphpad,2023-01-12T04:46:11Z,,HUMAN_OBSERVATION,,daphpad,CB Council,iNaturalist,6,2023,<1 m (6+ dp)
23250,Lomandra longifolia,2016-11-25T00:00:00,DPIE Data from Scientific Licences dataset,Not in a reserve,-33.935722,151.115672,,FR Fresh Fruit,,occurrenceRemarks withheld,2016.0,11.0,25.0,,,locality withheld,locationRemarks withheld,,,NSW National Parks and Wildlife Service,HUMAN_OBSERVATION,,OCAM11011800,CB Council,ALA,6,2016,<1 m (6+ dp)
31849,Schoenoplectus tabernaemontani,2012-07-26T00:00:00,Freshwater Vegetation Survey,Not in a reserve,-33.889894,151.047227,,,,occurrenceRemarks withheld,2012.0,7.0,26.0,,Floristic Data,locality withheld,locationRemarks withheld,,,Narla Environmental Pty Ltd,HUMAN_OBSERVATION,,OSLS05020700,CB Council,ALA,6,2012,<1 m (6+ dp)
31037,Galium propinquum,2011-04-13T00:00:00,ACA Vegetation Survey,Deepwater,-33.949849,150.974231,,,,occurrenceRemarks withheld,2011.0,4.0,13.0,,Floristic Data,locality withheld,locationRemarks withheld,,,Anne Clements & Associates,HUMAN_OBSERVATION,,OEMM09100802;OEMM09100803;OJJS10080400;OIXR13100400,CB Council,ALA,6,2011,<1 m (6+ dp)
35193,Tetragonia tetragonoides,2020-03-06T00:00:00,DPIE Data from Scientific Licences dataset,Kentucky Reserve,-33.927119,150.979281,,,,occurrenceRemarks withheld,2020.0,3.0,6.0,,,locality withheld,locationRemarks withheld,,,NSW National Parks and Wildlife Service,HUMAN_OBSERVATION,,OLUC19010800,CB Council,ALA,6,2020,<1 m (6+ dp)
26049,Angophora floribunda,2008-02-13T00:00:00,METROCMA2 Vegetation Survey,Deepwater,-33.946827,150.972747,,,,occurrenceRemarks withheld,2008.0,2.0,13.0,,Floristic Data,locality withheld,locationRemarks withheld,,,NSW Dept of Planning and Environment,HUMAN_OBSERVATION,,VEG-NICR;OPUR23081001,CB Council,ALA,6,2008,<1 m (6+ dp)
19417,Olearia microphylla,1999-02-11T00:00:00,DPIE Data from Scientific Licences dataset,Carysfield,-33.900784,150.997609,,,,occurrenceRemarks withheld,1999.0,2.0,11.0,,,locality withheld,locationRemarks withheld,,,NSW National Parks and Wildlife Service,HUMAN_OBSERVATION,,OPJGI0002327,CB Council,ALA,6,1999,<1 m (6+ dp)
36882,Cassytha spp.,2004-05-01T12:00:00,Walshaw Flora&Fauna Apndx4 POM,Walshaw Park,-33.901345,151.004631,,,,,2004,5,1,,,,,,,,,,,CB Council,Prototype,6,2004,<1 m (6+ dp)
23005,Jacaranda mimosifolia,2016-11-18T00:00:00,DPIE Data from Scientific Licences dataset,Not in a reserve,-33.963306,151.011361,,,introduced,occurrenceRemarks withheld,2016.0,11.0,18.0,,,locality withheld,locationRemarks withheld,,,NSW National Parks and Wildlife Service,HUMAN_OBSERVATION,,ODMP17013000,CB Council,ALA,6,2016,<1 m (6+ dp)
20079,Anredera cordifolia,2010-11-15T00:00:00,DPIE Default Sightings,Deepwater,-33.95,150.978,,,introduced,occurrenceRemarks withheld,2010.0,11.0,15.0,,,locality withheld,locationRemarks withheld,,,NSW Dept of Planning and Environment,HUMAN_OBSERVATION,,ODMP11031700,CB Council,ALA,3,2010,≈100–1000 m (3 dp)
26672,Acacia pubescens,2009-09-15T00:00:00,DPIE Data from Scientific Licences dataset,Norfolk Reserve,-33.893825,151.062665,,,,occurrenceRemarks withheld,2009.0,9.0,15.0,,,locality withheld,locationRemarks withheld,,,NSW National Parks and Wildlife Service,HUMAN_OBSERVATION,,ODMP11031700,CB Council,ALA,6,2009,<1 m (6+ dp)
8460,Lepidosperma laterale,2023-09-15T11:23:51,iNaturalist observations,Louisa,-33.904923,151.000757,,,,Leaf blade section twisted along length.,2023.0,9.0,15.0,,,,,,,,HUMAN_OBSERVATION,,gingernightmare,CB Council,iNaturalist,6,2023,<1 m (6+ dp)
6709,Lomandra obliqua,2022-01-19T16:46:00,iNaturalist research-grade observations,Not in a reserve,-33.926325,151.147939,,,,,2022.0,1.0,19.0,,,,,Petra Holland,2022-01-21T06:38:31Z,,HUMAN_OBSERVATION,,lostinthebush,CB Council,iNaturalist,6,2022,<1 m (6+ dp)
3428,Acacia pubescens,2009-10-08T00:00:00,DPIE Data from Scientific Licences dataset,Lansdowne,-33.893977,150.977306,,,,occurrenceRemarks withheld,2009.0,10.0,8.0,,,locality withheld,locationRemarks withheld,,,NSW National Parks and Wildlife Service,HUMAN_OBSERVATION,,ODMP11031700,CB Council,ALA,6,2009,<1 m (6+ dp)
38085,Echinopogon caespitosus,2004-05-01T12:00:00,Deepwater Flora&Fauna Apndx5 POM,Deepwater,-33.949066,150.976607,,,,,2004,5,1,,,,,,,,,,,CB Council,Prototype,6,2004,<1 m (6+ dp)
270,Hibbertia diffusa,2021-12-31T10:36:27,iNaturalist research-grade observations,Lansdowne,-33.895674,150.983369,,flowers|flower buds,,,2021.0,12.0,31.0,,,,,Thomas Mesaglio,2023-06-27T13:07:04Z,,HUMAN_OBSERVATION,,werrikimbee,CB Council,iNaturalist,6,2021,<1 m (6+ dp)
9732,Viola banksii,2020-05-24T10:14:00,iNaturalist research-grade observations,Not in a reserve,-33.907292,151.087015,,flowers,,,2020.0,5.0,24.0,,,,,Miguel de Salas,2020-05-24T07:59:20Z,,HUMAN_OBSERVATION,,juliagro,CB Council,iNaturalist,6,2020,<1 m (6+ dp)
20821,Acacia terminalis,2016-11-28T00:00:00,DPIE Data from Scientific Licences dataset,Not in a reserve,-33.971111,150.996389,,,,occurrenceRemarks withheld,2016.0,11.0,28.0,,,locality withheld,locationRemarks withheld,,,NSW National Parks and Wildlife Service,HUMAN_OBSERVATION,,OJJS17112202,CB Council,ALA,6,2016,<1 m (6+ dp)
7844,Eucalyptus moluccana,2022-09-04T16:14:00,iNaturalist observations,Deepwater,-33.951373,150.975803,,,,E. moluccana?,2022.0,9.0,4.0,,,,,,,,HUMAN_OBSERVATION,,Eamonn Culhane,CB Council,iNaturalist,6,2022,<1 m (6+ dp)
7776,Vicia sativa,2021-10-22T11:53:00,iNaturalist research-grade observations,Not in a reserve,-33.941739,151.050003,,,,,2021.0,10.0,22.0,,,,,Thomas Mesaglio,2021-10-23T12:18:45Z,,HUMAN_OBSERVATION,,Thomas Mesaglio,CB Council,iNaturalist,6,2021,<1 m (6+ dp)
32514,Acacia pubescens,2009-09-08T00:00:00,DPIE Data from Scientific Licences dataset,Louisa,-33.906006,150.998293,,,,occurrenceRemarks withheld,2009.0,9.0,8.0,,,locality withheld,locationRemarks withheld,,,NSW National Parks and Wildlife Service,HUMAN_OBSERVATION,,ODMP11031700,CB Council,ALA,6,2009,<1 m (6+ dp)
35798,Amyema gaudichaudii,2004-05-01T12:00:00,Birrong Sefton Flora&Fauna Apndx3 POM,Jenson Pk,-33.883502,151.01767,,,,,2004,5,1,,,,,,,,,,,CB Council,Prototype,6,2004,<1 m (6+ dp)
37148,Cinnamomum camphora,2004-05-01T12:00:00,Milperra area Flora&Fauna Apndx5 POM,Vale of Ah Reserve,-33.931086,150.973056,,,,,2004,5,1,,,,,,,,,,,CB Council,Prototype,6,2004,<1 m (6+ dp)
37299,Erigeron bonariensis,2004-05-01T12:00:00,Milperra area Flora&Fauna Apndx5 POM,Newland Reserve,-33.938076,150.978967,,,,,2004,5,1,,,,,,,,,,,CB Council,Prototype,6,2004,<1 m (6+ dp)
23067,Daviesia ulicifolia,2019-03-08T00:00:00,DPIE Data from Scientific Licences dataset,Not in a reserve,-33.905179,151.038241,,,,occurrenceRemarks withheld,2019.0,3.0,8.0,,,locality withheld,locationRemarks withheld,,,NSW National Parks and Wildlife Service,HUMAN_OBSERVATION,,OPUR17042400,CB Council,ALA,6,2019,<1 m (6+ dp)
25413,Erigeron bonariensis,2019-10-08T00:00:00,DPIE Data from Scientific Licences dataset,Not in a reserve,-33.92694,151.14242,,,introduced,occurrenceRemarks withheld,2019.0,10.0,8.0,,,locality withheld,locationRemarks withheld,,,NSW National Parks and Wildlife Service,HUMAN_OBSERVATION,,OIXR13081400;OIXR14091000,CB Council,ALA,5,2019,≈1–10 m (5 dp)
8973,Senna barronfieldii,2024-08-02T11:19:00,iNaturalist observations,Crest,-33.909092,150.993553,,,,,2024.0,8.0,2.0,,,,,,,,HUMAN_OBSERVATION,,amhuman,CB Council,iNaturalist,6,2024,<1 m (6+ dp)
31515,Olea europaea,2011-04-13T00:00:00,DPIE Data from Scientific Licences dataset,Not in a reserve,-33.951399,150.974736,,,introduced,occurrenceRemarks withheld,2011.0,4.0,,,,locality withheld,locationRemarks withheld,,,NSW National Parks and Wildlife Service,HUMAN_OBSERVATION,,OEMM09100802;OEMM09100803;OJJS10080400;OIXR13062400,CB Council,ALA,6,2011,<1 m (6+ dp)
38871,Foeniculum vulgare,2004-05-01T12:00:00,Adept Tracey Flood Ruse Flora&Fauna Apndx6 POM,Adept Lane Reserve,-33.930189,151.035261,,,,,2004,5,1,,,,,,,,,,,CB Council,Prototype,6,2004,<1 m (6+ dp)
9072,Pseuderanthemum variabile,2023-06-27T13:48:00,iNaturalist research-grade observations,Bellevue,-33.910145,150.998489,,,,,2023.0,6.0,27.0,,,,,Thomas Mesaglio,2023-06-27T08:36:07Z,,HUMAN_OBSERVATION,,Thomas Mesaglio,CB Council,iNaturalist,6,2023,<1 m (6+ dp)
27719,Melaleuca styphelioides,2016-09-06T00:00:00,DPIE Data from Scientific Licences dataset,Not in a reserve,-33.939861,151.084806,,,,occurrenceRemarks withheld,2016.0,9.0,6.0,,,locality withheld,locationRemarks withheld,,,NSW National Parks and Wildlife Service,HUMAN_OBSERVATION,,OICG16061500,CB Council,ALA,6,2016,<1 m (6+ dp)
34169,Acacia pubescens,2009-09-16T00:00:00,DPIE Data from Scientific Licences dataset,Salt Pan Reserve,-33.949021,151.040597,,,,occurrenceRemarks withheld,2009.0,9.0,16.0,,,locality withheld,locationRemarks withheld,,,NSW National Parks and Wildlife Service,HUMAN_OBSERVATION,,ODMP11031700,CB Council,ALA,6,2009,<1 m (6+ dp)
37473,Cymbopogon refractus,2004-05-01T12:00:00,The Crest-Appendix,Thornton,-33.907741,151.00142,,,,,2004,5,1,,,,,,,,,,,CB Council,Prototype,6,2004,<1 m (6+ dp)
2388,Lomandra multiflora subsp. multiflora,2014-11-07T00:00:00,GC-offsets Vegetation Survey,Lansdowne,-33.896654,150.978886,,,,occurrenceRemarks withheld,2014.0,11.0,7.0,,Floristic Data,locality withheld,locationRemarks withheld,,,NSW Dept of Planning and Environment,HUMAN_OBSERVATION,,ORXM97042200,CB Council,ALA,6,2014,<1 m (6+ dp)
42603,Sporobolus elongatus,2004-05-01T12:00:00,Adept Tracey Flood Ruse Flora&Fauna Apndx6 POM,Adept Lane Reserve,-33.930189,151.035261,,,,,2004,5,1,,,,,,,,,,,CB Council,Prototype,6,2004,<1 m (6+ dp)
27811,Triglochin striata,2015-03-14T00:00:00,DPIE Data from Scientific Licences dataset,Deepwater,-33.949172,150.974368,,,,occurrenceRemarks withheld,2015.0,3.0,14.0,,,locality withheld,locationRemarks withheld,,,NSW National Parks and Wildlife Service,HUMAN_OBSERVATION,,OIXR13102801,CB Council,ALA,6,2015,<1 m (6+ dp)
30460,Pimelea spicata,2010-02-11T00:00:00,DPIE Data from Scientific Licences dataset,Crest,-33.911018,150.996575,,,,occurrenceRemarks withheld,2010.0,2.0,11.0,,,locality withheld,locationRemarks withheld,,,NSW National Parks and Wildlife Service,HUMAN_OBSERVATION,,ODMP11031700,CB Council,ALA,6,2010,<1 m (6+ dp)
30860,Cenchrus clandestinus,2024-02-29T00:00:00,DPIE Data from Scientific Licences dataset,Not in a reserve,-33.913225,150.989012,,,introduced,occurrenceRemarks withheld,2024.0,2.0,29.0,,,locality withheld,locationRemarks withheld,,,NSW National Parks and Wildlife Service,HUMAN_OBSERVATION,,ODFK24032100,CB Council,ALA,6,2024,<1 m (6+ dp)
37484,Cynodon dactylon,2004-05-01T12:00:00,Deepwater Flora&Fauna Apndx5 POM,Deepwater,-33.949066,150.976607,,,,,2004,5,1,,,,,,,,,,,CB Council,Prototype,6,2004,<1 m (6+ dp)
6070,Casuarina glauca,2023-04-23T12:25:02,iNaturalist research-grade observations,Not in a reserve,-33.919375,151.136831,,,,,2023.0,4.0,23.0,,,,,Kelly Jennings,2023-04-25T00:36:05Z,,HUMAN_OBSERVATION,,Kelly Jennings,CB Council,iNaturalist,6,2023,<1 m (6+ dp)
9160,Pandorea pandorana,2024-07-26T14:03:35,iNaturalist observations,Thornton,-33.908446,151.001823,,,,,2024.0,7.0,26.0,,,,,,,,HUMAN_OBSERVATION,,jaydevittor,CB Council,iNaturalist,6,2024,<1 m (6+ dp)
37007,Cestrum parqui,2004-05-01T12:00:00,Lansdowne area Flora&Fauna Appndx6 POM,Miram-Beena,-33.906477,150.980754,,,,,2004,5,1,,,,,,,,,,,CB Council,Prototype,6,2004,<1 m (6+ dp)
29253,Juncus kraussii,2011-04-13T00:00:00,DPIE Data from Scientific Licences dataset,Not in a reserve,-33.951399,150.974736,,,,occurrenceRemarks withheld,2011.0,4.0,,,,locality withheld,locationRemarks withheld,,,NSW National Parks and Wildlife Service,HUMAN_OBSERVATION,,OEMM09100802;OEMM09100803;OJJS10080400;OIXR13062400,CB Council,ALA,6,2011,<1 m (6+ dp)
36405,Bidens pilosa,2004-05-01T12:00:00,Revesby and Padstow reserves Flora&Fauna Apndx6 POM,Richardson Reserve,-33.963555,151.027909,,,,,2004,5,1,,,,,,,,,,,CB Council,Prototype,6,2004,<1 m (6+ dp)
24877,Leptospermum lanigerum,2016-11-18T00:00:00,DPIE Data from Scientific Licences dataset,Salt Pan Reserve,-33.957833,151.040861,,,,occurrenceRemarks withheld,2016.0,11.0,18.0,,,locality withheld,locationRemarks withheld,,,NSW National Parks and Wildlife Service,HUMAN_OBSERVATION,,ODMP17013000,CB Council,ALA,6,2016,<1 m (6+ dp)
18886,Blandfordia grandiflora,2024-01-09T13:00:00,Individual sighting,Not in a reserve,-33.97832,150.999956,1.0,,,,2024.0,1.0,9.0,,,,nullnull,,,,HUMAN_OBSERVATION,,Michael Hains,CB Council,ALA,6,2024,<1 m (6+ dp)
36338,Banksia serrata,2004-05-01T12:00:00,Revesby and Padstow reserves Flora&Fauna Apndx6 POM,Richardson Reserve,-33.963555,151.027909,,,,,2004,5,1,,,,,,,,,,,CB Council,Prototype,6,2004,<1 m (6+ dp)
23347,Lantana camara,2020-03-06T00:00:00,DPIE Data from Scientific Licences dataset,Not in a reserve,-33.929543,150.982988,,,introduced,occurrenceRemarks withheld,2020.0,3.0,6.0,,,locality withheld,locationRemarks withheld,,,NSW National Parks and Wildlife Service,HUMAN_OBSERVATION,,OLUC19010800,CB Council,ALA,6,2020,<1 m (6+ dp)
25768,Stylidium graminifolium,2009-05-28T00:00:00,BANKS_VEG Vegetation Survey,Not in a reserve,-33.973447,151.038284,,,,occurrenceRemarks withheld,2009.0,5.0,28.0,,Floristic Data,locality withheld,locationRemarks withheld,,,Bankstown City Council,HUMAN_OBSERVATION,,OJJS07082200;ODMP09101600,CB Council,ALA,6,2009,<1 m (6+ dp)
21536,Asparagus aethiopicus,2008-02-13T00:00:00,METROCMA2 Vegetation Survey,Deepwater,-33.946827,150.972747,,,introduced,occurrenceRemarks withheld,2008.0,2.0,13.0,,Floristic Data,locality withheld,locationRemarks withheld,,,NSW Dept of Planning and Environment,HUMAN_OBSERVATION,,VEG-NICR;OPUR23081001,CB Council,ALA,6,2008,<1 m (6+ dp)
41209,Oxalis thompsoniae,2004-05-01T12:00:00,Revesby and Padstow reserves Flora&Fauna Apndx6 POM,Virginius Reserve,-33.960678,151.022552,,,,,2004,5,1,,,,,,,,,,,CB Council,Prototype,6,2004,<1 m (6+ dp)
4819,Leichhardtia flavescens,2008-03-07T00:00:00,METROCMA2 Vegetation Survey,Lansdowne,-33.893876,150.977407,,,,occurrenceRemarks withheld,2008.0,3.0,7.0,,Floristic Data,locality withheld,locationRemarks withheld,,,NSW Dept of Planning and Environment,HUMAN_OBSERVATION,,OPJGI0002327;VEG-NICR,CB Council,ALA,6,2008,<1 m (6+ dp)
19697,Melaleuca decora,1999-02-11T00:00:00,DPIE Data from Scientific Licences dataset,Carysfield,-33.900784,150.997609,,,,occurrenceRemarks withheld,1999.0,2.0,11.0,,,locality withheld,locationRemarks withheld,,,NSW National Parks and Wildlife Service,HUMAN_OBSERVATION,,OPJGI0002327,CB Council,ALA,6,1999,<1 m (6+ dp)
30624,Imperata cylindrica,2006-04-12T00:00:00,DPIE Data from Scientific Licences dataset,Not in a reserve,-33.973064,151.028351,,,,occurrenceRemarks withheld,2006.0,4.0,12.0,,,locality withheld,locationRemarks withheld,,,NSW National Parks and Wildlife Service,HUMAN_OBSERVATION,,OPXE99012800;ODMP07051006,CB Council,ALA,6,2006,<1 m (6+ dp)
31657,Einadia hastata,2008-04-02T00:00:00,DPIE Data from Scientific Licences dataset,Kelso Beach,-33.957004,150.983918,,,,occurrenceRemarks withheld,2008.0,4.0,,,,locality withheld,locationRemarks withheld,,,NSW National Parks and Wildlife Service,HUMAN_OBSERVATION,,ODMP04110300;OJJS07082200,CB Council,ALA,6,2008,<1 m (6+ dp)
34524,Lomandra longifolia,2022-08-24T00:00:00,DPIE Data from Scientific Licences dataset,Norfolk Reserve,-33.893288,151.06232,,,,occurrenceRemarks withheld,2022.0,8.0,24.0,,,locality withheld,locationRemarks withheld,,,NSW National Parks and Wildlife Service,HUMAN_OBSERVATION,,OMFZ23041401,CB Council,ALA,6,2022,<1 m (6+ dp)
32690,Lomandra longifolia,2001-12-21T00:00:00,DPIE Default Sightings,Lambeth Reserve,-33.972761,150.998401,,,,occurrenceRemarks withheld,2001.0,12.0,21.0,,,locality withheld,locationRemarks withheld,,,NSW Dept of Planning and Environment,HUMAN_OBSERVATION,,OPXE96052900;OSGH99040700,CB Council,ALA,6,2001,<1 m (6+ dp)
11175,Tradescantia fluminensis,2023-08-18T16:48:32,iNaturalist research-grade observations,Not in a reserve,-33.935428,151.115665,,,,,2023.0,8.0,18.0,,,,,kujou_peroni,2023-08-18T07:17:41Z,,HUMAN_OBSERVATION,,kujou_peroni,CB Council,iNaturalist,6,2023,<1 m (6+ dp)
7357,Araujia sericifera,2023-01-12T16:44:44,iNaturalist research-grade observations,Not in a reserve,-33.913314,151.12124,,,,,2023.0,1.0,12.0,,,,,daphpad,2023-01-12T07:25:54Z,,HUMAN_OBSERVATION,,daphpad,CB Council,iNaturalist,6,2023,<1 m (6+ dp)
1170,Themeda triandra,1998-12-21T00:00:00,WESTSYD Vegetation Survey,Lansdowne,-33.896626,150.977958,,,,occurrenceRemarks withheld,1998.0,12.0,21.0,,Floristic Data,locality withheld,locationRemarks withheld,,,NSW Dept of Planning and Environment,HUMAN_OBSERVATION,,OPXE97062300;OVLU99062101,CB Council,ALA,6,1998,<1 m (6+ dp)
25378,Brunoniella pumilio,2008-04-28T00:00:00,DPIE Data from Scientific Licences dataset,Carysfield,-33.902161,150.998009,,,,occurrenceRemarks withheld,2008.0,4.0,,,,locality withheld,locationRemarks withheld,,,NSW National Parks and Wildlife Service,HUMAN_OBSERVATION,,OJJS07082200,CB Council,ALA,6,2008,<1 m (6+ dp)
27093,Solanum nigrum,2020-03-30T00:00:00,DPIE Data from Scientific Licences dataset,Not in a reserve,-33.964571,151.010754,,,introduced,occurrenceRemarks withheld,2020.0,3.0,30.0,,,locality withheld,locationRemarks withheld,,,NSW National Parks and Wildlife Service,HUMAN_OBSERVATION,,OICG17110100;ODMP2107270K,CB Council,ALA,6,2020,<1 m (6+ dp)
19809,Oplismenus hirtellus,2019-10-08T00:00:00,DPIE Data from Scientific Licences dataset,Not in a reserve,-33.926956,151.142204,,,,occurrenceRemarks withheld,2019.0,10.0,8.0,,,locality withheld,locationRemarks withheld,,,NSW National Parks and Wildlife Service,HUMAN_OBSERVATION,,OIXR13081400;OIXR14091000,CB Council,ALA,6,2019,<1 m (6+ dp)
23221,Eucalyptus longifolia,2012-07-26T00:00:00,Freshwater Vegetation Survey,Not in a reserve,-33.88992,151.04834,,,,occurrenceRemarks withheld,2012.0,7.0,26.0,,Floristic Data,locality withheld,locationRemarks withheld,,,Narla Environmental Pty Ltd,HUMAN_OBSERVATION,,OSLS05020700,CB Council,ALA,5,2012,≈1–10 m (5 dp)
41683,Pittosporum undulatum,2004-05-01T12:00:00,CondellPark Flora&Fauna Apndx4 POM,Marion Reserve,-33.914839,151.010151,,,,,2004,5,1,,,,,,,,,,,CB Council,Prototype,6,2004,<1 m (6+ dp)
7140,Ceratopetalum gummiferum,2020-06-19T13:22:22,iNaturalist research-grade observations,Salt Pan Reserve,-33.962312,151.040358,,,,,2020.0,6.0,19.0,,,,,Thomas Mesaglio,2020-06-19T04:49:18Z,,HUMAN_OBSERVATION,,Thomas Mesaglio,CB Council,iNaturalist,6,2020,<1 m (6+ dp)
27042,Acacia pubescens,2009-08-18T00:00:00,DPIE Data from Scientific Licences dataset,Carysfield,-33.903732,150.997081,,,,occurrenceRemarks withheld,2009.0,8.0,18.0,,,locality withheld,locationRemarks withheld,,,NSW National Parks and Wildlife Service,HUMAN_OBSERVATION,,ODMP11031700,CB Council,ALA,6,2009,<1 m (6+ dp)
24587,Smilax glyciphylla,1998-12-21T00:00:00,WESTSYD Vegetation Survey,Crest,-33.907955,150.995264,,,,occurrenceRemarks withheld,1998.0,12.0,21.0,,Floristic Data,locality withheld,locationRemarks withheld,,,NSW Dept of Planning and Environment,HUMAN_OBSERVATION,,OPXE97062300;OVLU99062101,CB Council,ALA,6,1998,<1 m (6+ dp)
25314,Solanum nigrum,2001-12-21T00:00:00,DPIE Default Sightings,Lambeth Reserve,-33.972098,150.995917,,,introduced,occurrenceRemarks withheld,2001.0,12.0,21.0,,,locality withheld,locationRemarks withheld,,,NSW Dept of Planning and Environment,HUMAN_OBSERVATION,,OPXE96052900;OSGH99040700,CB Council,ALA,6,2001,<1 m (6+ dp)
35799,Amyema gaudichaudii,2004-05-01T12:00:00,Revesby and Padstow reserves Flora&Fauna Apndx6 POM,Montgomery Reserve,-33.954794,151.020454,,,,,2004,5,1,,,,,,,,,,,CB Council,Prototype,6,2004,<1 m (6+ dp)
5682,Cardiospermum grandiflorum,2020-04-26T10:16:51,iNaturalist research-grade observations,Miram-Beena,-33.909338,150.977387,,,,,2020.0,4.0,26.0,,,,,laurelrf,2020-04-26T04:46:19Z,,HUMAN_OBSERVATION,,Thomas Mesaglio,CB Council,iNaturalist,6,2020,<1 m (6+ dp)
8240,Bossiaea heterophylla,2023-04-25T11:36:00,iNaturalist research-grade observations,Not in a reserve,-33.974984,151.019113,,,,,2023.0,4.0,25.0,,,,,David,2023-04-25T03:51:38Z,,HUMAN_OBSERVATION,,Philip Rae,CB Council,iNaturalist,6,2023,<1 m (6+ dp)
3409,Acacia pubescens,2020-05-29T00:00:00,DPIE Data from Scientific Licences dataset,Lansdowne,-33.893085,150.975098,,,,occurrenceRemarks withheld,2020.0,5.0,29.0,,,locality withheld,locationRemarks withheld,,,NSW National Parks and Wildlife Service,HUMAN_OBSERVATION,,OJJS16072001,CB Council,ALA,6,2020,<1 m (6+ dp)
18424,Acacia prominens,2016-12-17T13:00:00,Individual sighting,Not in a reserve,-33.978383,150.999983,1.0,,,Bark at 2X. ,2016.0,12.0,17.0,,,,nullnull,,,,HUMAN_OBSERVATION,,Michael Hains,CB Council,ALA,6,2016,<1 m (6+ dp)
9617,Angophora hispida,2024-12-24T13:45:05,iNaturalist research-grade observations,Not in a reserve,-33.971293,151.030772,,,,,2024.0,12.0,24.0,,,,,bursar,2024-12-24T02:46:08Z,,HUMAN_OBSERVATION,,bursar,CB Council,iNaturalist,6,2024,<1 m (6+ dp)
9977,Parietaria judaica,2023-11-26T09:38:00,iNaturalist observations,Not in a reserve,-33.882084,151.012177,,,,,2023.0,11.0,26.0,,,,,,,,HUMAN_OBSERVATION,,Thomas Mesaglio,CB Council,iNaturalist,6,2023,<1 m (6+ dp)
10553,Pittosporum undulatum,2023-06-12T13:26:00,iNaturalist research-grade observations,Not in a reserve,-33.971076,151.033194,,fruits or seeds,,,2023.0,6.0,12.0,,,,,Bradley W. Jones,2023-06-12T06:50:19Z,,HUMAN_OBSERVATION,,Bradley W. Jones,CB Council,iNaturalist,6,2023,<1 m (6+ dp)
38028,Dillwynia sieberi,2004-05-01T12:00:00,Norfolk Flora&Fauna Apndx3 POM,Norfolk Reserve,-33.893604,151.062656,,,,,2004,5,1,,,,,,,,,,,CB Council,Prototype,6,2004,<1 m (6+ dp)
22479,Melaleuca nodosa,1998-12-21T00:00:00,WESTSYD Vegetation Survey,Louisa,-33.904658,151.000478,,,,occurrenceRemarks withheld,1998.0,12.0,21.0,,Floristic Data,locality withheld,locationRemarks withheld,,,NSW Dept of Planning and Environment,HUMAN_OBSERVATION,,OPXE97062300;OVLU99062101,CB Council,ALA,6,1998,<1 m (6+ dp)
38922,Gahnia aspera,2004-05-01T12:00:00,Bankstown Airport Reserves Flora&Fauna Apndx6 POM,Airport Reserve,-33.929014,150.985006,,,,,2004,5,1,,,,,,,,,,,CB Council,Prototype,6,2004,<1 m (6+ dp)
5650,Trifolium repens,2020-04-05T14:07:21,iNaturalist research-grade observations,Not in a reserve,-33.883613,151.011703,,,,,2020.0,4.0,5.0,,,,,Thomas Mesaglio,2020-04-05T07:04:59Z,,HUMAN_OBSERVATION,,Thomas Mesaglio,CB Council,iNaturalist,6,2020,<1 m (6+ dp)
40944,Notelaea spp.,2004-05-01T12:00:00,Greenacre Flora&Fauna Apndx3 POM,Roberts Road Reserve,-33.90619,151.065494,,,,,2004,5,1,,,,,,,,,,,CB Council,Prototype,6,2004,<1 m (6+ dp)
38205,Anthosachne scabra,2004-05-01T12:00:00,EastHills Flora&Fauna Apndx5 POM,Smith Park,-33.958369,150.990262,,,,,2004,5,1,,,,,,,,,,,CB Council,Prototype,6,2004,<1 m (6+ dp)
34274,Acacia pubescens,1996-01-01T00:00:00,DPIE Default Sightings,Not in a reserve,-33.948874,150.988368,,,,occurrenceRemarks withheld,1996.0,,,,,locality withheld,locationRemarks withheld,,,NSW Dept of Planning and Environment,HUMAN_OBSERVATION,,OSMB96120400,CB Council,ALA,6,1996,<1 m (6+ dp)
31192,Solanum chenopodioides,2011-04-13T00:00:00,ACA Vegetation Survey,Not in a reserve,-33.951235,150.975703,,,introduced,occurrenceRemarks withheld,2011.0,4.0,13.0,,Floristic Data,locality withheld,locationRemarks withheld,,,Anne Clements & Associates,HUMAN_OBSERVATION,,OEMM09100802;OEMM09100803;OJJS10080400;OIXR13100400,CB Council,ALA,6,2011,<1 m (6+ dp)
34482,Arctotheca calendula,2011-04-13T00:00:00,DPIE Data from Scientific Licences dataset,Not in a reserve,-33.951399,150.974736,,,introduced,occurrenceRemarks withheld,2011.0,4.0,,,,locality withheld,locationRemarks withheld,,,NSW National Parks and Wildlife Service,HUMAN_OBSERVATION,,OEMM09100802;OEMM09100803;OJJS10080400;OIXR13062400,CB Council,ALA,6,2011,<1 m (6+ dp)
26439,Hedychium coronarium,2021-08-18T00:00:00,DPIE Data from Scientific Licences dataset,Lansdowne,-33.892368,150.974758,,,introduced,occurrenceRemarks withheld,2021.0,8.0,18.0,,,locality withheld,locationRemarks withheld,,,NSW National Parks and Wildlife Service,HUMAN_OBSERVATION,,OJJS20102601,CB Council,ALA,6,2021,<1 m (6+ dp)
10762,Ehrharta erecta,2020-04-27T12:34:00,iNaturalist research-grade observations,Not in a reserve,-33.882445,151.009505,,,,,2020.0,4.0,27.0,,,,,Thomas Mesaglio,2022-06-06T12:17:45Z,,HUMAN_OBSERVATION,,Thomas Mesaglio,CB Council,iNaturalist,6,2020,<1 m (6+ dp)
32539,Pimelea spicata,2010-02-11T00:00:00,DPIE Data from Scientific Licences dataset,Crest,-33.910558,150.997127,,,,occurrenceRemarks withheld,2010.0,2.0,11.0,,,locality withheld,locationRemarks withheld,,,NSW National Parks and Wildlife Service,HUMAN_OBSERVATION,,ODMP11031700,CB Council,ALA,6,2010,<1 m (6+ dp)
28573,Lomandra longifolia,2023-08-11T00:00:00,DPIE Data from Scientific Licences dataset,Not in a reserve,-33.926667,151.147222,,,,occurrenceRemarks withheld,2023.0,8.0,11.0,,,locality withheld,locationRemarks withheld,,,NSW National Parks and Wildlife Service,HUMAN_OBSERVATION,,ODMP21012801;OMKX25011000,CB Council,ALA,6,2023,<1 m (6+ dp)
35048,Solanum prinophyllum,2007-04-16T00:00:00,ACA Vegetation Survey,Deepwater,-33.94951,150.973882,,,,occurrenceRemarks withheld,2007.0,4.0,16.0,,Floristic Data,locality withheld,locationRemarks withheld,,,Anne Clements & Associates,HUMAN_OBSERVATION,,ODMP05122005;OEMM09100802;OPUR23021400,CB Council,ALA,6,2007,<1 m (6+ dp)
22794,Sida rhombifolia,2014-03-18T00:00:00,DPIE Data from Scientific Licences dataset,Not in a reserve,-33.93508,151.023087,,,introduced,occurrenceRemarks withheld,2014.0,3.0,18.0,,,locality withheld,locationRemarks withheld,,,NSW National Parks and Wildlife Service,HUMAN_OBSERVATION,,OIXR15011200,CB Council,ALA,6,2014,<1 m (6+ dp)
6285,Acacia pubescens,2022-10-30T08:10:27,iNaturalist research-grade observations,Not in a reserve,-33.9414,151.046711,,,,,2022.0,10.0,30.0,,,,,David,2022-10-30T04:21:14Z,,HUMAN_OBSERVATION,,David,CB Council,iNaturalist,6,2022,<1 m (6+ dp)
1427,Leichhardtia viridiflora subsp. viridiflora,2010-02-12T00:00:00,DPIE Data from Scientific Licences dataset,Lansdowne,-33.8939,150.974853,,,,occurrenceRemarks withheld,2010.0,2.0,12.0,,,locality withheld,locationRemarks withheld,,,NSW National Parks and Wildlife Service,HUMAN_OBSERVATION,,ODMP11031700,CB Council,ALA,6,2010,<1 m (6+ dp)
28940,Dichelachne micrantha,2008-02-13T00:00:00,METROCMA2 Vegetation Survey,Deepwater,-33.95152,150.980112,,,,occurrenceRemarks withheld,2008.0,2.0,13.0,,Floristic Data,locality withheld,locationRemarks withheld,,,NSW Dept of Planning and Environment,HUMAN_OBSERVATION,,VEG-NICR;OPUR23081001,CB Council,ALA,6,2008,<1 m (6+ dp)
20029,Einadia polygonoides,2015-12-10T00:00:00,DPIE Data from Scientific Licences dataset,Miram-Beena,-33.908598,150.974971,,,,occurrenceRemarks withheld,2015.0,12.0,10.0,,,locality withheld,locationRemarks withheld,,,NSW National Parks and Wildlife Service,HUMAN_OBSERVATION,,OIXR13102801,CB Council,ALA,6,2015,<1 m (6+ dp)
41320,Paspalidium distans,2004-05-01T12:00:00,Walshaw Flora&Fauna Apndx4 POM,Walshaw Park,-33.901345,151.004631,,,,,2004,5,1,,,,,,,,,,,CB Council,Prototype,6,2004,<1 m (6+ dp)
6413,Plumbago auriculata,2025-04-07T08:26:43,iNaturalist research-grade observations,Not in a reserve,-33.907939,150.991631,,,,,2025.0,4.0,7.0,,,,,Shu Chen,2025-04-06T22:40:13Z,,HUMAN_OBSERVATION,,Shu Chen,CB Council,iNaturalist,6,2025,<1 m (6+ dp)
33425,Casuarina glauca,2001-12-21T00:00:00,DPIE Default Sightings,Not in a reserve,-33.972962,150.996914,,,,occurrenceRemarks withheld,2001.0,12.0,21.0,,,locality withheld,locationRemarks withheld,,,NSW Dept of Planning and Environment,HUMAN_OBSERVATION,,OPXE96052900,CB Council,ALA,6,2001,<1 m (6+ dp)
28042,Bursaria spinosa,2020-03-06T00:00:00,DPIE Data from Scientific Licences dataset,Kentucky Reserve,-33.928512,150.980048,,,,occurrenceRemarks withheld,2020.0,3.0,6.0,,,locality withheld,locationRemarks withheld,,,NSW National Parks and Wildlife Service,HUMAN_OBSERVATION,,OLUC19010800,CB Council,ALA,6,2020,<1 m (6+ dp)
7095,Clematis aristata,2024-05-13T08:47:52,iNaturalist observations,Deepwater,-33.9509,150.979308,,,,,2024.0,5.0,13.0,,,,,,,,HUMAN_OBSERVATION,,Gabriel Leon,CB Council,iNaturalist,6,2024,<1 m (6+ dp)
7005,Erigeron sumatrensis,2024-03-08T08:24:59,iNaturalist observations,Not in a reserve,-33.892097,151.044819,,,,Conyza,2024.0,3.0,8.0,,,,,,,,HUMAN_OBSERVATION,,carolcordonis,CB Council,iNaturalist,6,2024,<1 m (6+ dp)
22920,Acacia pubescens,2009-09-08T00:00:00,DPIE Data from Scientific Licences dataset,Louisa,-33.905419,150.998826,,,,occurrenceRemarks withheld,2009.0,9.0,8.0,,,locality withheld,locationRemarks withheld,,,NSW National Parks and Wildlife Service,HUMAN_OBSERVATION,,ODMP11031700,CB Council,ALA,6,2009,<1 m (6+ dp)
4038,Arthropodium milleflorum,2008-05-01T00:00:00,DPIE Default Sightings,Lansdowne,-33.89269,150.97436,,,,occurrenceRemarks withheld,2008.0,5.0,1.0,,,locality withheld,locationRemarks withheld,,,NSW Dept of Planning and Environment,HUMAN_OBSERVATION,,OEMM09102201,CB Council,ALA,5,2008,≈1–10 m (5 dp)
4479,Iris germanica,2014-11-07T00:00:00,GC-offsets Vegetation Survey,Lansdowne,-33.893524,150.977165,,,introduced,occurrenceRemarks withheld,2014.0,11.0,7.0,,Floristic Data,locality withheld,locationRemarks withheld,,,NSW Dept of Planning and Environment,HUMAN_OBSERVATION,,OPXE04110301;VEG-SARAHB,CB Council,ALA,6,2014,<1 m (6+ dp)
9423,Euryomyrtus ramosissima,2024-08-25T13:41:03,iNaturalist research-grade observations,Not in a reserve,-33.976147,151.006658,,,,,2024.0,8.0,25.0,,,,,ChrisH,2024-08-25T06:44:38Z,,HUMAN_OBSERVATION,,ChrisH,CB Council,iNaturalist,6,2024,<1 m (6+ dp)
21586,Sida rhombifolia,2011-04-13T00:00:00,ACA Vegetation Survey,Deepwater,-33.950033,150.976066,,,introduced,occurrenceRemarks withheld,2011.0,4.0,13.0,,Floristic Data,locality withheld,locationRemarks withheld,,,Anne Clements & Associates,HUMAN_OBSERVATION,,OEMM09100802;OEMM09100803;OJJS10080400;OIXR13100400,CB Council,ALA,6,2011,<1 m (6+ dp)
21868,Senecio madagascariensis,2000-07-05T00:00:00,WESTSYD2 Vegetation Survey,Not in a reserve,-33.890259,151.032981,,,introduced,occurrenceRemarks withheld,2000.0,7.0,5.0,,Floristic Data,locality withheld,locationRemarks withheld,,,NSW Dept of Planning and Environment,HUMAN_OBSERVATION,,OPUR23081001,CB Council,ALA,6,2000,<1 m (6+ dp)
34420,Phoenix canariensis,2009-02-28T00:00:00,GREENAPLOT Vegetation Survey,Not in a reserve,-33.910645,151.049706,,,introduced,occurrenceRemarks withheld,2009.0,2.0,28.0,,Floristic Data,locality withheld,locationRemarks withheld,,,NSW Dept of Planning and Environment,HUMAN_OBSERVATION,,CORNI-HO;OJKP98040900,CB Council,ALA,6,2009,<1 m (6+ dp)
6824,Salix babylonica,2021-10-22T13:42:00,iNaturalist observations,Salt Pan Reserve,-33.95525,151.040283,,,,,2021.0,10.0,22.0,,,,,,,,HUMAN_OBSERVATION,,Thomas Mesaglio,CB Council,iNaturalist,6,2021,<1 m (6+ dp)
6680,Bryophyllum delagoense,2021-01-17T15:15:06,iNaturalist research-grade observations,Not in a reserve,-33.976192,151.002292,,,,,2021.0,1.0,17.0,,,,,Cynthia Chan,2021-01-17T07:46:15Z,,HUMAN_OBSERVATION,,Cynthia Chan,CB Council,iNaturalist,6,2021,<1 m (6+ dp)
41719,Plantago lanceolata,2004-05-01T12:00:00,Adept Tracey Flood Ruse Flora&Fauna Apndx6 POM,Flood Reserve,-33.935995,151.021996,,,,,2004,5,1,,,,,,,,,,,CB Council,Prototype,6,2004,<1 m (6+ dp)
5788,Epidendrum obrienianum,2022-01-23T13:22:35,iNaturalist research-grade observations,Not in a reserve,-33.970708,151.028547,,flowers,,"Located on rocks and leaf litter. Along a roadway. Adjacent to a nature reserve which backs onto st George National park, along Georges river. Evidence of recent back burning.",2022.0,1.0,23.0,,,,,Gary Yong Gee,2022-09-29T21:12:14Z,,HUMAN_OBSERVATION,,Philip Rae,CB Council,iNaturalist,6,2022,<1 m (6+ dp)
24148,Hibbertia puberula,2019-07-17T00:00:00,DPIE Data from Scientific Licences dataset,Not in a reserve,-33.916951,150.978625,,N  No Breeding Evident,,occurrenceRemarks withheld,2019.0,7.0,17.0,,,locality withheld,locationRemarks withheld,,,NSW National Parks and Wildlife Service,HUMAN_OBSERVATION,,OICG19070400,CB Council,ALA,6,2019,<1 m (6+ dp)
35101,Cirsium vulgare,2008-04-30T00:00:00,DPIE Data from Scientific Licences dataset,Norfolk Reserve,-33.893591,151.06261,,,introduced,occurrenceRemarks withheld,2008.0,,,,,locality withheld,locationRemarks withheld,,,NSW National Parks and Wildlife Service,HUMAN_OBSERVATION,,OJJS07082200,CB Council,ALA,6,2008,<1 m (6+ dp)
25215,Asparagus aethiopicus,2011-05-11T00:00:00,DPIE Data from Scientific Licences dataset,Not in a reserve,-33.944108,151.067477,,,introduced,occurrenceRemarks withheld,2011.0,5.0,11.0,,,locality withheld,locationRemarks withheld,,,NSW National Parks and Wildlife Service,HUMAN_OBSERVATION,,OIXR13121102,CB Council,ALA,6,2011,<1 m (6+ dp)
3570,Acacia pubescens,2009-09-17T00:00:00,DPIE Data from Scientific Licences dataset,Lansdowne,-33.893709,150.977485,,,,occurrenceRemarks withheld,2009.0,9.0,17.0,,,locality withheld,locationRemarks withheld,,,NSW National Parks and Wildlife Service,HUMAN_OBSERVATION,,ODMP11031700,CB Council,ALA,6,2009,<1 m (6+ dp)
19957,Asparagus asparagoides,2018-05-23T00:00:00,DPIE Data from Scientific Licences dataset,Miram-Beena,-33.909909,150.979481,,,introduced,occurrenceRemarks withheld,2018.0,5.0,23.0,,,locality withheld,locationRemarks withheld,,,NSW National Parks and Wildlife Service,HUMAN_OBSERVATION,,OIXR15013005,CB Council,ALA,6,2018,<1 m (6+ dp)
38068,Doryanthes excelsa,2004-05-01T12:00:00,Southern Reserves Flora&Fauna Apndx4 POM,Lambeth Reserve,-33.971772,150.996708,,,,,2004,5,1,,,,,,,,,,,CB Council,Prototype,6,2004,<1 m (6+ dp)
9642,Acacia binervia,2023-05-31T14:10:58,iNaturalist observations,Band Hall Reserve,-33.896402,151.019034,,,,,2023.0,5.0,31.0,,,,,,,,HUMAN_OBSERVATION,,Shu Chen,CB Council,iNaturalist,6,2023,<1 m (6+ dp)
22953,Pomax umbellata,2011-11-11T00:00:00,DPIE Data from Scientific Licences dataset,Not in a reserve,-33.939566,150.971814,,,,occurrenceRemarks withheld,2011.0,11.0,11.0,,,locality withheld,locationRemarks withheld,,,NSW National Parks and Wildlife Service,HUMAN_OBSERVATION,,OEMM09100802;OIXR13062400,CB Council,ALA,6,2011,<1 m (6+ dp)
4451,Acacia pubescens,2020-05-29T00:00:00,DPIE Data from Scientific Licences dataset,Lansdowne,-33.892107,150.97433,,,,occurrenceRemarks withheld,2020.0,5.0,29.0,,,locality withheld,locationRemarks withheld,,,NSW National Parks and Wildlife Service,HUMAN_OBSERVATION,,OJJS16072001,CB Council,ALA,6,2020,<1 m (6+ dp)
42573,Sporobolus africanus,2004-05-01T12:00:00,EastHills Flora&Fauna Apndx5 POM,East Hills Park,-33.96446,150.982875,,,,,2004,5,1,,,,,,,,,,,CB Council,Prototype,6,2004,<1 m (6+ dp)
28611,Acacia pubescens,2009-08-18T00:00:00,DPIE Data from Scientific Licences dataset,Carysfield,-33.903684,150.997482,,,,occurrenceRemarks withheld,2009.0,8.0,18.0,,,locality withheld,locationRemarks withheld,,,NSW National Parks and Wildlife Service,HUMAN_OBSERVATION,,ODMP11031700,CB Council,ALA,6,2009,<1 m (6+ dp)
7370,Sonchus oleraceus,2023-07-03T12:39:00,iNaturalist research-grade observations,Bellevue,-33.911526,150.998856,,flowers|flower buds,,,2023.0,7.0,3.0,,,,,Thomas Mesaglio,2023-07-03T06:02:56Z,,HUMAN_OBSERVATION,,Thomas Mesaglio,CB Council,iNaturalist,6,2023,<1 m (6+ dp)
22358,Eragrostis curvula,2015-11-23T00:00:00,DPIE Data from Scientific Licences dataset,Not in a reserve,-33.944646,150.990702,,,introduced,occurrenceRemarks withheld,2015.0,11.0,,,,locality withheld,locationRemarks withheld,,,NSW National Parks and Wildlife Service,HUMAN_OBSERVATION,,ODMP09120203,CB Council,ALA,6,2015,<1 m (6+ dp)
1949,Acacia pubescens,2009-09-18T00:00:00,DPIE Data from Scientific Licences dataset,Lansdowne,-33.893378,150.97706,,,,occurrenceRemarks withheld,2009.0,9.0,18.0,,,locality withheld,locationRemarks withheld,,,NSW National Parks and Wildlife Service,HUMAN_OBSERVATION,,ODMP11031700,CB Council,ALA,6,2009,<1 m (6+ dp)
10394,Bryophyllum delagoense,2021-07-13T15:11:36,iNaturalist research-grade observations,Not in a reserve,-33.902194,151.10904,,flowers,,,2021.0,7.0,13.0,,,,,george_seagull,2021-07-13T05:14:30Z,,HUMAN_OBSERVATION,,sinclatz,CB Council,iNaturalist,6,2021,<1 m (6+ dp)
6509,Drosera binata,2024-02-07T16:50:24,iNaturalist research-grade observations,Not in a reserve,-33.930625,151.132489,,,,,2024.0,2.0,7.0,,,,,Yopi Kolisen Lim,2024-02-07T05:58:57Z,,HUMAN_OBSERVATION,,Yopi Kolisen Lim,CB Council,iNaturalist,6,2024,<1 m (6+ dp)
7238,Senna pendula,2019-04-18T17:41:11,iNaturalist research-grade observations,Not in a reserve,-33.919669,151.008916,,,,,2019.0,4.0,18.0,,,,,llamagoat,2019-04-18T08:27:38Z,,HUMAN_OBSERVATION,,llamagoat,CB Council,iNaturalist,6,2019,<1 m (6+ dp)
17980,Philotheca myoporoides,2023-05-22T14:00:00,Individual sighting,Not in a reserve,-33.978133,150.999617,1.0,,,,2023.0,5.0,22.0,,,,nullnull,,,,HUMAN_OBSERVATION,,Michael Hains,CB Council,ALA,6,2023,<1 m (6+ dp)
11002,Nothoscordum gracile,2023-04-23T12:28:02,iNaturalist research-grade observations,Not in a reserve,-33.920572,151.136525,,flowers,,,2023.0,4.0,23.0,,,,,Kelly Jennings,2023-04-25T00:36:55Z,,HUMAN_OBSERVATION,,Kelly Jennings,CB Council,iNaturalist,6,2023,<1 m (6+ dp)
24636,Plantago lanceolata,2020-02-19T00:00:00,DPIE Data from Scientific Licences dataset,Not in a reserve,-33.904543,151.038029,,,introduced,occurrenceRemarks withheld,2020.0,2.0,19.0,,,locality withheld,locationRemarks withheld,,,NSW National Parks and Wildlife Service,HUMAN_OBSERVATION,,OPUR17042400,CB Council,ALA,6,2020,<1 m (6+ dp)
41645,Pimelea linifolia,2004-05-01T12:00:00,EastHills Flora&Fauna Apndx5 POM,East Hills Park,-33.96446,150.982875,,,,,2004,5,1,,,,,,,,,,,CB Council,Prototype,6,2004,<1 m (6+ dp)
38275,Epacris pulchella,2004-05-01T12:00:00,Revesby and Padstow reserves Flora&Fauna Apndx6 POM,Richardson Reserve,-33.963555,151.027909,,,,,2004,5,1,,,,,,,,,,,CB Council,Prototype,6,2004,<1 m (6+ dp)
11330,Dianella longifolia,2024-11-16T11:42:17,iNaturalist observations,Lansdowne,-33.894247,150.974809,,flowers|flower buds,,,2024.0,11.0,16.0,,,,,,,,HUMAN_OBSERVATION,,Bronwyn,CB Council,iNaturalist,6,2024,<1 m (6+ dp)
41935,Lobelia purpurascens,2004-05-01T12:00:00,Lansdowne area Flora&Fauna Appndx6 POM,Lansdowne,-33.896245,150.978391,,,,,2004,5,1,,,,,,,,,,,CB Council,Prototype,6,2004,<1 m (6+ dp)
37787,Dianella caerulea,2004-05-01T12:00:00,Salt Pan Creek Flora&Fauna Apndx4 POM,Salt Pan Reserve,-33.946515,151.039711,,,,,2004,5,1,,,,,,,,,,,CB Council,Prototype,6,2004,<1 m (6+ dp)
3843,Acacia pubescens,2010-01-15T00:00:00,DPIE Data from Scientific Licences dataset,Lansdowne,-33.892079,150.974323,,,,occurrenceRemarks withheld,2010.0,1.0,15.0,,,locality withheld,locationRemarks withheld,,,NSW National Parks and Wildlife Service,HUMAN_OBSERVATION,,ODMP11031700,CB Council,ALA,6,2010,<1 m (6+ dp)
19406,Acacia brownii,2004-05-01T12:00:00,The Crest-Appendix,Carysfield,-33.902185,150.998468,,,,,2004,5,1,,,,,,,,,,,CB Council,Prototype,6,2004,<1 m (6+ dp)
34270,Xanthorrhoea resinosa,2000-06-01T00:00:00,DTHOMAS2 Vegetation Survey,Not in a reserve,-33.928986,151.024518,,,,occurrenceRemarks withheld,2000.0,6.0,1.0,,Floristic Data,locality withheld,locationRemarks withheld,,,"David Thomas, 9 Miriam Road, Denistone",HUMAN_OBSERVATION,,OPUR23081001,CB Council,ALA,6,2000,<1 m (6+ dp)
1334,Leichhardtia viridiflora subsp. viridiflora,2020-05-29T00:00:00,DPIE Data from Scientific Licences dataset,Lansdowne,-33.89376,150.975259,,,,occurrenceRemarks withheld,2020.0,5.0,29.0,,,locality withheld,locationRemarks withheld,,,NSW National Parks and Wildlife Service,HUMAN_OBSERVATION,,OJJS16072001,CB Council,ALA,6,2020,<1 m (6+ dp)
37639,Danthonia sp.,2004-05-01T12:00:00,Bankstown Airport Reserves Flora&Fauna Apndx6 POM,Airport Reserve,-33.929014,150.985006,,,,,2004,5,1,,,,,,,,,,,CB Council,Prototype,6,2004,<1 m (6+ dp)
37699,Daviesia ulicifolia,2004-05-01T12:00:00,Milperra area Flora&Fauna Apndx5 POM,"Lot 5, Prescot Parade Prescot Parade",-33.9447853,150.9769274,,,,,2004,5,1,,,,,,,,,,,CB Council,Prototype,7,2004,<1 m (6+ dp)
30454,Asparagus plumosus,2008-02-13T00:00:00,METROCMA2 Vegetation Survey,Deepwater,-33.95152,150.980112,,,introduced,occurrenceRemarks withheld,2008.0,2.0,13.0,,Floristic Data,locality withheld,locationRemarks withheld,,,NSW Dept of Planning and Environment,HUMAN_OBSERVATION,,VEG-NICR;OPUR23081001,CB Council,ALA,6,2008,<1 m (6+ dp)
32987,Elaeocarpus reticulatus,2013-05-01T00:00:00,DPIE Data from Scientific Licences dataset,Not in a reserve,-33.92648,151.14578,,,,occurrenceRemarks withheld,2013.0,5.0,1.0,Open forest,,locality withheld,locationRemarks withheld,,,NSW National Parks and Wildlife Service,HUMAN_OBSERVATION,,ODMP10061700,CB Council,ALA,5,2013,≈1–10 m (5 dp)
33390,Dichelachne micrantha,2000-06-29T00:00:00,WESTSYD2 Vegetation Survey,Not in a reserve,-33.941424,151.046734,,,,occurrenceRemarks withheld,2000.0,6.0,29.0,,Floristic Data,locality withheld,locationRemarks withheld,,,NSW Dept of Planning and Environment,HUMAN_OBSERVATION,,OPUR23081001,CB Council,ALA,6,2000,<1 m (6+ dp)
23330,Paspalum dilatatum,2004-11-22T00:00:00,DPIE Data from Scientific Licences dataset,Not in a reserve,-33.889464,150.99463,,,introduced,occurrenceRemarks withheld,2004.0,11.0,22.0,,,locality withheld,locationRemarks withheld,,,NSW National Parks and Wildlife Service,HUMAN_OBSERVATION,,OMEJ97112601;OPJG02091800,CB Council,ALA,6,2004,<1 m (6+ dp)
5392,Phoenix dactylifera,2023-11-06T12:00:00,C-B Council Reserves plot survey data 2023_Western Sydney University ,The Crest Reserve,-33.91092254,150.998445,1.0,,,,2023.0,11.0,6.0,,,,,,,,,,"M Franklin, J Bendall, D Bristol.",CB Council,ALA,8,2023,<1 m (6+ dp)
2613,Austrostipa rudis,2007-11-23T00:00:00,DPIE Default Sightings,Lansdowne,-33.89269,150.97436,,,,occurrenceRemarks withheld,2007.0,11.0,23.0,,,locality withheld,locationRemarks withheld,,,NSW Dept of Planning and Environment,HUMAN_OBSERVATION,,OEMM09102201,CB Council,ALA,5,2007,≈1–10 m (5 dp)
6431,Araujia sericifera,2024-04-21T14:16:50,iNaturalist research-grade observations,Not in a reserve,-33.930138,151.122939,,,,,2024.0,4.0,21.0,,,,,laurelrf,2024-04-21T08:29:08Z,,HUMAN_OBSERVATION,,rhirhi22,CB Council,iNaturalist,6,2024,<1 m (6+ dp)
32795,Lissanthe strigosa,2009-09-02T00:00:00,DPIE Default Sightings,Kelso Beach,-33.952073,150.981742,,FL Flowering,,occurrenceRemarks withheld,2009.0,9.0,2.0,,,locality withheld,locationRemarks withheld,,,NSW Dept of Planning and Environment,HUMAN_OBSERVATION,,OJJS12102400,CB Council,ALA,6,2009,<1 m (6+ dp)
3937,Acacia pubescens,2010-01-15T00:00:00,DPIE Data from Scientific Licences dataset,Lansdowne,-33.89215,150.974224,,,,occurrenceRemarks withheld,2010.0,1.0,15.0,,,locality withheld,locationRemarks withheld,,,NSW National Parks and Wildlife Service,HUMAN_OBSERVATION,,ODMP11031700,CB Council,ALA,6,2010,<1 m (6+ dp)
38990,Glycine clandestina,2004-05-01T12:00:00,Deepwater Flora&Fauna Apndx5 POM,Kelso Beach,-33.953352,150.98246,,,,,2004,5,1,,,,,,,,,,,CB Council,Prototype,6,2004,<1 m (6+ dp)
10264,Anredera cordifolia,2024-03-24T15:13:26,iNaturalist research-grade observations,Not in a reserve,-33.90865,151.130936,,,,,2024.0,3.0,24.0,,,,,laurelrf,2024-03-24T04:15:56Z,,HUMAN_OBSERVATION,,robyn_young,CB Council,iNaturalist,6,2024,<1 m (6+ dp)
3699,Sida rhombifolia,2021-05-04T00:00:00,DPIE Data from Scientific Licences dataset,Lansdowne,-33.900655,150.975598,,,introduced,occurrenceRemarks withheld,2021.0,5.0,4.0,,,locality withheld,locationRemarks withheld,,,NSW National Parks and Wildlife Service,HUMAN_OBSERVATION,,OJJS18110501,CB Council,ALA,6,2021,<1 m (6+ dp)
27630,Acacia pubescens,2009-09-16T00:00:00,DPIE Data from Scientific Licences dataset,Salt Pan Reserve,-33.939764,151.039122,,,,occurrenceRemarks withheld,2009.0,9.0,16.0,,,locality withheld,locationRemarks withheld,,,NSW National Parks and Wildlife Service,HUMAN_OBSERVATION,,ODMP11031700,CB Council,ALA,6,2009,<1 m (6+ dp)
36700,Callistemon linearifolius,2004-05-01T12:00:00,Salt Pan Creek Flora&Fauna Apndx4 POM,Salt Pan Reserve,-33.946515,151.039711,,,,,2004,5,1,,,,,,,,,,,CB Council,Prototype,6,2004,<1 m (6+ dp)
24632,Platysace lanceolata,2008-05-21T00:00:00,DPIE Data from Scientific Licences dataset,Not in a reserve,-33.980667,151.012818,,,,occurrenceRemarks withheld,2008.0,5.0,21.0,,,locality withheld,locationRemarks withheld,,,NSW National Parks and Wildlife Service,HUMAN_OBSERVATION,,ODMP09031902,CB Council,ALA,6,2008,<1 m (6+ dp)
22393,Acacia pubescens,2009-08-18T00:00:00,DPIE Data from Scientific Licences dataset,Carysfield,-33.90339,150.997716,,,,occurrenceRemarks withheld,2009.0,8.0,18.0,,,locality withheld,locationRemarks withheld,,,NSW National Parks and Wildlife Service,HUMAN_OBSERVATION,,ODMP11031700,CB Council,ALA,6,2009,<1 m (6+ dp)
30491,Exocarpos strictus,2010-11-15T00:00:00,DPIE Default Sightings,Deepwater,-33.95,150.978,,,,occurrenceRemarks withheld,2010.0,11.0,15.0,,,locality withheld,locationRemarks withheld,,,NSW Dept of Planning and Environment,HUMAN_OBSERVATION,,ODMP11031700,CB Council,ALA,3,2010,≈100–1000 m (3 dp)
35027,Acacia pubescens,2009-08-21T00:00:00,DPIE Data from Scientific Licences dataset,Montgomery Reserve,-33.952687,151.018949,,,,occurrenceRemarks withheld,2009.0,8.0,21.0,,,locality withheld,locationRemarks withheld,,,NSW National Parks and Wildlife Service,HUMAN_OBSERVATION,,ODMP11031700,CB Council,ALA,6,2009,<1 m (6+ dp)
3927,Acacia pubescens,2020-06-02T00:00:00,DPIE Data from Scientific Licences dataset,Lansdowne,-33.893267,150.978264,,,,occurrenceRemarks withheld,2020.0,6.0,2.0,,,locality withheld,locationRemarks withheld,,,NSW National Parks and Wildlife Service,HUMAN_OBSERVATION,,OJJS16072001,CB Council,ALA,6,2020,<1 m (6+ dp)
40,Aegiceras corniculatum,2024-08-10T15:15:55,iNaturalist research-grade observations,Lansdowne,-33.901458,150.974197,,flower buds,,,2024.0,8.0,10.0,,,,,Thomas Mesaglio,2024-08-10T09:23:05Z,,HUMAN_OBSERVATION,,James K. Douch,CB Council,iNaturalist,6,2024,<1 m (6+ dp)
39105,Gonocarpus teucrioides,2004-05-01T12:00:00,Southern Reserves Flora&Fauna Apndx4 POM,The River Reserve,-33.969546,151.016111,,,,,2004,5,1,,,,,,,,,,,CB Council,Prototype,6,2004,<1 m (6+ dp)
21616,Lantana camara,2015-11-23T00:00:00,DPIE Data from Scientific Licences dataset,Not in a reserve,-33.944646,150.990702,,,introduced,occurrenceRemarks withheld,2015.0,11.0,,,,locality withheld,locationRemarks withheld,,,NSW National Parks and Wildlife Service,HUMAN_OBSERVATION,,ODMP09120203,CB Council,ALA,6,2015,<1 m (6+ dp)
19709,Plectranthus parviflorus,2011-04-13T00:00:00,DPIE Data from Scientific Licences dataset,Not in a reserve,-33.951399,150.974736,,,,occurrenceRemarks withheld,2011.0,4.0,,,,locality withheld,locationRemarks withheld,,,NSW National Parks and Wildlife Service,HUMAN_OBSERVATION,,OEMM09100802;OEMM09100803;OJJS10080400;OIXR13062400,CB Council,ALA,6,2011,<1 m (6+ dp)
10438,Stackhousia viminea,2024-03-06T08:20:59,iNaturalist observations,Miram-Beena,-33.909268,150.980879,,,,,2024.0,3.0,6.0,,,,,,,,HUMAN_OBSERVATION,,maxark,CB Council,iNaturalist,6,2024,<1 m (6+ dp)
40409,Lonicera japonica,2004-05-01T12:00:00,The Crest-Appendix,Louisa,-33.905454,150.999701,,,,,2004,5,1,,,,,,,,,,,CB Council,Prototype,6,2004,<1 m (6+ dp)
20672,Eriobotrya japonica,2023-06-14T00:00:00,DPIE Data from Scientific Licences dataset,Not in a reserve,-33.95243,151.04037,,,introduced,occurrenceRemarks withheld,2023.0,6.0,14.0,Woodland,,locality withheld,locationRemarks withheld,,,NSW National Parks and Wildlife Service,HUMAN_OBSERVATION,,OSHD13030401,CB Council,ALA,5,2023,≈1–10 m (5 dp)
11254,Cardiospermum grandiflorum,2021-02-07T09:49:00,iNaturalist research-grade observations,Not in a reserve,-33.882168,151.01502,,,,,2021.0,2.0,7.0,,,,,bursar,2021-02-07T00:25:31Z,,HUMAN_OBSERVATION,,bursar,CB Council,iNaturalist,6,2021,<1 m (6+ dp)
18669,Telopea speciosissima,2023-09-23T14:00:00,Individual sighting,Not in a reserve,-33.978408,151.000975,1.0,,,,2023.0,9.0,23.0,,,,nullnull,,,,HUMAN_OBSERVATION,,Michael Hains,CB Council,ALA,6,2023,<1 m (6+ dp)
20728,Ligustrum lucidum,2014-03-18T00:00:00,DPIE Data from Scientific Licences dataset,Not in a reserve,-33.93508,151.023087,,,introduced,occurrenceRemarks withheld,2014.0,3.0,18.0,,,locality withheld,locationRemarks withheld,,,NSW National Parks and Wildlife Service,HUMAN_OBSERVATION,,OIXR15011200,CB Council,ALA,6,2014,<1 m (6+ dp)
36536,Briza maxima,2004-05-01T12:00:00,CondellPark Flora&Fauna Apndx4 POM,Manahan Reserve,-33.92033,151.006218,,,,,2004,5,1,,,,,,,,,,,CB Council,Prototype,6,2004,<1 m (6+ dp)
36858,Cassytha pubescens,2004-05-01T12:00:00,Lansdowne area Flora&Fauna Appndx6 POM,Lansdowne,-33.896245,150.978391,,,,,2004,5,1,,,,,,,,,,,CB Council,Prototype,6,2004,<1 m (6+ dp)
7405,Acacia parvipinnula,2022-02-21T12:01:00,iNaturalist research-grade observations,Not in a reserve,-33.976943,151.015887,,,,,2022.0,2.0,21.0,,,,,Eamonn Culhane,2022-02-21T11:22:56Z,,HUMAN_OBSERVATION,,Eamonn Culhane,CB Council,iNaturalist,6,2022,<1 m (6+ dp)
27747,Dichondra Inglewood,2011-04-13T00:00:00,ACA Vegetation Survey,Deepwater,-33.950033,150.976066,,,,occurrenceRemarks withheld,2011.0,4.0,13.0,,Floristic Data,locality withheld,locationRemarks withheld,,,Anne Clements & Associates,HUMAN_OBSERVATION,,OEMM09100802;OEMM09100803;OJJS10080400;OIXR13100400,CB Council,ALA,6,2011,<1 m (6+ dp)
2996,Leichhardtia viridiflora subsp. viridiflora,2009-10-22T00:00:00,DPIE Data from Scientific Licences dataset,Lansdowne,-33.893799,150.974142,,,,occurrenceRemarks withheld,2009.0,10.0,22.0,,,locality withheld,locationRemarks withheld,,,NSW National Parks and Wildlife Service,HUMAN_OBSERVATION,,ODMP11031700,CB Council,ALA,6,2009,<1 m (6+ dp)
17522,Austromyrtus dulcis,2022-12-20T13:00:00,Individual sighting,Not in a reserve,-33.977921,150.999724,1.0,,,,2022.0,12.0,20.0,,,,nullnull,,,,HUMAN_OBSERVATION,,Michael Hains,CB Council,ALA,6,2022,<1 m (6+ dp)
21184,Gomphocarpus fruticosus,2020-01-14T00:00:00,DPIE Data from Scientific Licences dataset,Not in a reserve,-33.895443,151.041306,,,introduced,occurrenceRemarks withheld,2020.0,1.0,14.0,,,locality withheld,locationRemarks withheld,,,NSW National Parks and Wildlife Service,HUMAN_OBSERVATION,,OADB11021000;OPUR19032102,CB Council,ALA,6,2020,<1 m (6+ dp)
6613,Eucalyptus fibrosa,2023-12-19T12:52:37,iNaturalist research-grade observations,Not in a reserve,-33.94087,151.026458,,,,,2023.0,12.0,19.0,,,,,prossington,2023-12-19T01:55:36Z,,HUMAN_OBSERVATION,,prossington,CB Council,iNaturalist,6,2023,<1 m (6+ dp)
6789,Commelina cyanea,2024-04-17T10:38:35,iNaturalist research-grade observations,Not in a reserve,-33.91598,151.13158,,,,is this edible?,2024.0,4.0,17.0,,,,,robyn_young,2024-04-17T00:57:42Z,,HUMAN_OBSERVATION,,nataliakaskoutas,CB Council,iNaturalist,5,2024,≈1–10 m (5 dp)
30667,Melaleuca decora,2004-11-22T00:00:00,DPIE Data from Scientific Licences dataset,Not in a reserve,-33.889464,150.99463,,,,occurrenceRemarks withheld,2004.0,11.0,22.0,,,locality withheld,locationRemarks withheld,,,NSW National Parks and Wildlife Service,HUMAN_OBSERVATION,,OMEJ97112601;OPJG02091800,CB Council,ALA,6,2004,<1 m (6+ dp)
10233,Caladenia catenata,2021-08-28T17:47:00,iNaturalist research-grade observations,Not in a reserve,-33.973479,151.007634,,,,,2021.0,8.0,28.0,,,,,Eamonn Culhane,2021-08-28T13:01:12Z,,HUMAN_OBSERVATION,,Eamonn Culhane,CB Council,iNaturalist,6,2021,<1 m (6+ dp)
29308,Corymbia gummifera,1999-04-21T00:00:00,GEORGES Vegetation Survey,Not in a reserve,-33.970898,151.026255,,,,occurrenceRemarks withheld,1999.0,4.0,21.0,,Floristic Data,locality withheld,locationRemarks withheld,,,NSW Dept of Planning and Environment,HUMAN_OBSERVATION,,OVLU99062101;OSLS05031800,CB Council,ALA,6,1999,<1 m (6+ dp)
28209,Hibbertia puberula,2019-07-17T00:00:00,DPIE Data from Scientific Licences dataset,Not in a reserve,-33.916974,150.978712,,N  No Breeding Evident,,occurrenceRemarks withheld,2019.0,7.0,17.0,,,locality withheld,locationRemarks withheld,,,NSW National Parks and Wildlife Service,HUMAN_OBSERVATION,,OICG19070400,CB Council,ALA,6,2019,<1 m (6+ dp)
31224,Acacia pubescens,2009-09-15T00:00:00,DPIE Data from Scientific Licences dataset,Salt Pan Reserve,-33.955708,151.040379,,,,occurrenceRemarks withheld,2009.0,9.0,15.0,,,locality withheld,locationRemarks withheld,,,NSW National Parks and Wildlife Service,HUMAN_OBSERVATION,,ODMP11031700,CB Council,ALA,6,2009,<1 m (6+ dp)
22451,Setaria parviflora,2013-12-17T00:00:00,DPIE Data from Scientific Licences dataset,Not in a reserve,-33.888269,151.029949,,,introduced,occurrenceRemarks withheld,2013.0,12.0,17.0,,,locality withheld,locationRemarks withheld,,,NSW National Parks and Wildlife Service,HUMAN_OBSERVATION,,OPJGI0001401,CB Council,ALA,6,2013,<1 m (6+ dp)
19372,Hibbertia puberula,2019-05-20T00:00:00,DPIE Data from Scientific Licences dataset,Not in a reserve,-33.917069,150.97882,,,,occurrenceRemarks withheld,2019.0,5.0,20.0,,,locality withheld,locationRemarks withheld,,,NSW National Parks and Wildlife Service,HUMAN_OBSERVATION,,OPUR18091500;OICG19070400;OJJS20071501,CB Council,ALA,6,2019,<1 m (6+ dp)
41111,Opercularia sp.,2004-05-01T12:00:00,Adept Tracey Flood Ruse Flora&Fauna Apndx6 POM,Flood Reserve,-33.935995,151.021996,,,,,2004,5,1,,,,,,,,,,,CB Council,Prototype,6,2004,<1 m (6+ dp)
30804,Erigeron sumatrensis,2014-02-05T00:00:00,ACA Vegetation Survey,Deepwater,-33.951621,150.981082,,,introduced,occurrenceRemarks withheld,2014.0,2.0,5.0,,Floristic Data,locality withheld,locationRemarks withheld,,,Anne Clements & Associates,HUMAN_OBSERVATION,,OEMM09100802;OIXR13100400,CB Council,ALA,6,2014,<1 m (6+ dp)
11023,Modiola caroliniana,2023-01-01T17:48:37,iNaturalist research-grade observations,Not in a reserve,-33.949562,150.98993,,,,,2023.0,1.0,1.0,,,,,Nathan Odgers,2023-01-01T07:59:08Z,,HUMAN_OBSERVATION,,Nathan Odgers,CB Council,iNaturalist,6,2023,<1 m (6+ dp)
33799,Aristida vagans,2009-03-05T00:00:00,BANKS_VEG Vegetation Survey,Not in a reserve,-33.91417,150.99741,,,,occurrenceRemarks withheld,2009.0,3.0,5.0,,Floristic Data,locality withheld,locationRemarks withheld,,,Bankstown City Council,HUMAN_OBSERVATION,,OJJS07082200;ODMP09101600,CB Council,ALA,5,2009,≈1–10 m (5 dp)
7530,Acacia pycnantha,2022-08-12T15:10:16,iNaturalist research-grade observations,Not in a reserve,-33.942379,151.055538,,flowers|flower buds,,"Hard to see the diagnostic features from this distance. But based on others positively ID-ed in the area, growth habit, flowering, and phyllode shape, I'm confident that this is also pycnantha.",2022.0,8.0,12.0,,,,,David,2022-08-12T10:58:11Z,,HUMAN_OBSERVATION,,David,CB Council,iNaturalist,6,2022,<1 m (6+ dp)
23590,Pomax umbellata,2000-07-05T00:00:00,WESTSYD2 Vegetation Survey,Not in a reserve,-33.890259,151.032981,,,,occurrenceRemarks withheld,2000.0,7.0,5.0,,Floristic Data,locality withheld,locationRemarks withheld,,,NSW Dept of Planning and Environment,HUMAN_OBSERVATION,,OPUR23081001,CB Council,ALA,6,2000,<1 m (6+ dp)
37785,Dianella caerulea,2004-05-01T12:00:00,Revesby and Padstow reserves Flora&Fauna Apndx6 POM,Richardson Reserve,-33.963555,151.027909,,,,,2004,5,1,,,,,,,,,,,CB Council,Prototype,6,2004,<1 m (6+ dp)
25572,Cynodon dactylon,2017-08-10T00:00:00,DPIE Data from Scientific Licences dataset,Not in a reserve,-33.903058,151.105969,,,,occurrenceRemarks withheld,2017.0,8.0,10.0,,,locality withheld,locationRemarks withheld,,,NSW National Parks and Wildlife Service,HUMAN_OBSERVATION,,OIXR13102801,CB Council,ALA,6,2017,<1 m (6+ dp)
25131,Solanum prinophyllum,2014-02-05T00:00:00,ACA Vegetation Survey,Deepwater,-33.949556,150.97452,,,,occurrenceRemarks withheld,2014.0,2.0,5.0,,Floristic Data,locality withheld,locationRemarks withheld,,,Anne Clements & Associates,HUMAN_OBSERVATION,,OEMM09100802;OIXR13100400,CB Council,ALA,6,2014,<1 m (6+ dp)
20628,Acacia decurrens,2019-06-18T00:00:00,DPIE Data from Scientific Licences dataset,Not in a reserve,-33.892342,151.032942,,,,occurrenceRemarks withheld,2019.0,,,,,locality withheld,locationRemarks withheld,,,NSW National Parks and Wildlife Service,HUMAN_OBSERVATION,,ODMP00113020,CB Council,ALA,6,2019,<1 m (6+ dp)
7204,Pterostylis acuminata,2022-04-10T15:17:00,iNaturalist research-grade observations,Not in a reserve,-33.975455,151.026248,,,,Worlds smallest acuminata,2022.0,4.0,10.0,,,,,Eamonn Culhane,2022-04-10T11:02:04Z,,HUMAN_OBSERVATION,,Eamonn Culhane,CB Council,iNaturalist,6,2022,<1 m (6+ dp)
29240,Asparagus asparagoides,2011-04-13T00:00:00,DPIE Data from Scientific Licences dataset,Not in a reserve,-33.951399,150.974736,,,introduced,occurrenceRemarks withheld,2011.0,4.0,,,,locality withheld,locationRemarks withheld,,,NSW National Parks and Wildlife Service,HUMAN_OBSERVATION,,OEMM09100802;OEMM09100803;OJJS10080400;OIXR13062400,CB Council,ALA,6,2011,<1 m (6+ dp)
19552,Acacia pubescens,2009-09-08T00:00:00,DPIE Data from Scientific Licences dataset,Louisa,-33.904758,151.000853,,,,occurrenceRemarks withheld,2009.0,9.0,8.0,,,locality withheld,locationRemarks withheld,,,NSW National Parks and Wildlife Service,HUMAN_OBSERVATION,,ODMP11031700,CB Council,ALA,6,2009,<1 m (6+ dp)
2436,Bursaria spinosa,2008-03-07T00:00:00,METROCMA2 Vegetation Survey,Lansdowne,-33.900035,150.980159,,,,occurrenceRemarks withheld,2008.0,3.0,7.0,,Floristic Data,locality withheld,locationRemarks withheld,,,NSW Dept of Planning and Environment,HUMAN_OBSERVATION,,OPJGI0002327;VEG-NICR,CB Council,ALA,6,2008,<1 m (6+ dp)
10057,Acacia saligna,2020-09-12T14:29:42,iNaturalist research-grade observations,Not in a reserve,-33.982925,151.0112,,flowers|flower buds,,,2020.0,9.0,12.0,,,,,David,2021-09-08T01:44:09Z,,HUMAN_OBSERVATION,,oliviabernauer,CB Council,iNaturalist,6,2020,<1 m (6+ dp)
21701,Juncus remotiflorus,2008-04-28T00:00:00,DPIE Data from Scientific Licences dataset,Carysfield,-33.902161,150.998009,,,,occurrenceRemarks withheld,2008.0,4.0,,,,locality withheld,locationRemarks withheld,,,NSW National Parks and Wildlife Service,HUMAN_OBSERVATION,,OJJS07082200,CB Council,ALA,6,2008,<1 m (6+ dp)
42633,Stackhousia viminea,2004-05-01T12:00:00,The Crest-Appendix,Louisa,-33.905454,150.999701,,,,,2004,5,1,,,,,,,,,,,CB Council,Prototype,6,2004,<1 m (6+ dp)
41599,Phragmites spp.,2004-05-01T12:00:00,Milperra area Flora&Fauna Apndx5 POM,Newland Reserve,-33.938076,150.978967,,,,,2004,5,1,,,,,,,,,,,CB Council,Prototype,6,2004,<1 m (6+ dp)
35421,Lachnagrostis filiformis,1998-12-21T00:00:00,DPIE Data from Scientific Licences dataset,Louisa,-33.904663,151.000492,,,,occurrenceRemarks withheld,1998.0,12.0,21.0,,,locality withheld,locationRemarks withheld,,,NSW National Parks and Wildlife Service,HUMAN_OBSERVATION,,OSYK02012200,CB Council,ALA,6,1998,<1 m (6+ dp)
33643,Einadia hastata,2007-07-03T00:00:00,DPIE Data from Scientific Licences dataset,Not in a reserve,-33.910303,150.988021,,,,occurrenceRemarks withheld,2007.0,7.0,3.0,,,locality withheld,locationRemarks withheld,,,NSW National Parks and Wildlife Service,HUMAN_OBSERVATION,,ODMP08071402,CB Council,ALA,6,2007,<1 m (6+ dp)
31355,Sonchus oleraceus,2020-03-06T00:00:00,DPIE Data from Scientific Licences dataset,Ashford Reserve,-33.929542,150.984621,,,introduced,occurrenceRemarks withheld,2020.0,3.0,6.0,,,locality withheld,locationRemarks withheld,,,NSW National Parks and Wildlife Service,HUMAN_OBSERVATION,,OLUC19010800,CB Council,ALA,6,2020,<1 m (6+ dp)
36,Verbena rigida,2021-12-31T10:24:47,iNaturalist research-grade observations,Lansdowne,-33.901679,150.980798,,flowers,,,2021.0,12.0,31.0,,,,,Proteros,2023-02-12T10:34:25Z,,HUMAN_OBSERVATION,,werrikimbee,CB Council,iNaturalist,6,2021,<1 m (6+ dp)
38716,Eucalyptus resinifera,2004-05-01T12:00:00,Greenacre Flora&Fauna Apndx3 POM,Bromley Reserve,-33.909247,151.053065,,,,,2004,5,1,,,,,,,,,,,CB Council,Prototype,6,2004,<1 m (6+ dp)
22551,Pseuderanthemum variabile,1998-12-21T00:00:00,WESTSYD Vegetation Survey,Bellevue,-33.910937,150.998439,,,,occurrenceRemarks withheld,1998.0,12.0,21.0,,Floristic Data,locality withheld,locationRemarks withheld,,,NSW Dept of Planning and Environment,HUMAN_OBSERVATION,,OPXE97062300;OVLU99062101,CB Council,ALA,6,1998,<1 m (6+ dp)
34286,Cirsium vulgare,2022-11-04T00:00:00,DPIE Data from Scientific Licences dataset,Not in a reserve,-33.877828,150.988911,,,introduced,occurrenceRemarks withheld,2022.0,11.0,4.0,,,locality withheld,locationRemarks withheld,,,NSW National Parks and Wildlife Service,HUMAN_OBSERVATION,,OMFZ23032802,CB Council,ALA,6,2022,<1 m (6+ dp)
4367,Dichondra repens,2014-11-06T00:00:00,GC-offsets Vegetation Survey,Lansdowne,-33.894044,150.974255,,,,occurrenceRemarks withheld,2014.0,11.0,6.0,,Floristic Data,locality withheld,locationRemarks withheld,,,NSW Dept of Planning and Environment,HUMAN_OBSERVATION,,UNKN,CB Council,ALA,6,2014,<1 m (6+ dp)
8001,Passiflora caerulea,2023-01-29T15:35:00,iNaturalist research-grade observations,Not in a reserve,-33.88251,151.009008,,,,,2023.0,1.0,29.0,,,,,Thomas Mesaglio,2023-01-29T07:48:27Z,,HUMAN_OBSERVATION,,Thomas Mesaglio,CB Council,iNaturalist,6,2023,<1 m (6+ dp)
10863,Polyscias sambucifolia,2025-03-18T12:26:35,iNaturalist research-grade observations,Crest,-33.909747,150.993667,,,,,2025.0,3.0,18.0,,,,,Michael Mahoney,2025-03-18T02:38:57Z,,HUMAN_OBSERVATION,,Michael Mahoney,CB Council,iNaturalist,6,2025,<1 m (6+ dp)
8661,Billardiera scandens,2024-12-24T13:46:37,iNaturalist research-grade observations,Not in a reserve,-33.971293,151.030553,,fruits or seeds,,,2024.0,12.0,24.0,,,,,bursar,2024-12-24T02:47:01Z,,HUMAN_OBSERVATION,,bursar,CB Council,iNaturalist,6,2024,<1 m (6+ dp)
26254,Zoysia macrantha,2015-12-10T00:00:00,DPIE Data from Scientific Licences dataset,Miram-Beena,-33.908598,150.974971,,,,occurrenceRemarks withheld,2015.0,12.0,10.0,,,locality withheld,locationRemarks withheld,,,NSW National Parks and Wildlife Service,HUMAN_OBSERVATION,,OIXR13102801,CB Council,ALA,6,2015,<1 m (6+ dp)
21267,Lepyrodia scariosa,2021-06-24T00:00:00,DPIE Data from Scientific Licences dataset,Not in a reserve,-33.879133,150.987624,,,,occurrenceRemarks withheld,2021.0,6.0,24.0,,,locality withheld,locationRemarks withheld,,,NSW National Parks and Wildlife Service,HUMAN_OBSERVATION,,OIXR14071700,CB Council,ALA,6,2021,<1 m (6+ dp)
5638,Kennedia rubicunda,2022-09-27T12:01:00,iNaturalist research-grade observations,Not in a reserve,-33.898583,151.034181,,,,,2022.0,9.0,27.0,,,,,Thomas Mesaglio,2022-09-27T03:54Z,,HUMAN_OBSERVATION,,Thomas Mesaglio,CB Council,iNaturalist,6,2022,<1 m (6+ dp)
6590,Acacia pubescens,2023-07-22T14:39:00,iNaturalist research-grade observations,Walshaw Park,-33.902444,151.003823,,,,,2023.0,7.0,22.0,,,,,bursar,2023-07-22T05:50:24Z,,HUMAN_OBSERVATION,,bursar,CB Council,iNaturalist,6,2023,<1 m (6+ dp)
24976,Plantago lanceolata,2018-05-23T00:00:00,DPIE Data from Scientific Licences dataset,Miram-Beena,-33.909909,150.979481,,,introduced,occurrenceRemarks withheld,2018.0,5.0,23.0,,,locality withheld,locationRemarks withheld,,,NSW National Parks and Wildlife Service,HUMAN_OBSERVATION,,OIXR15013005,CB Council,ALA,6,2018,<1 m (6+ dp)
2540,Acacia pubescens,2010-01-15T00:00:00,DPIE Data from Scientific Licences dataset,Lansdowne,-33.892886,150.975126,,,,occurrenceRemarks withheld,2010.0,1.0,15.0,,,locality withheld,locationRemarks withheld,,,NSW National Parks and Wildlife Service,HUMAN_OBSERVATION,,ODMP11031700,CB Council,ALA,6,2010,<1 m (6+ dp)
42092,Richardia stellaris,2004-05-01T12:00:00,Birrong Sefton Flora&Fauna Apndx3 POM,Jenson Pk,-33.883502,151.01767,,,,,2004,5,1,,,,,,,,,,,CB Council,Prototype,6,2004,<1 m (6+ dp)
3738,Corymbia maculata,2016-05-02T00:00:00,DPIE Data from Scientific Licences dataset,Lansdowne,-33.904674,150.979362,,,,occurrenceRemarks withheld,2016.0,,,,,locality withheld,locationRemarks withheld,,,NSW National Parks and Wildlife Service,HUMAN_OBSERVATION,,OIXR13102801,CB Council,ALA,6,2016,<1 m (6+ dp)
30782,Acacia pubescens,2004-05-01T12:00:00,Norfolk Flora&Fauna Apndx3 POM,Norfolk Reserve,-33.893604,151.062656,,,,,2004,5,1,,,,,,,,,,,CB Council,Prototype,6,2004,<1 m (6+ dp)
40622,Melaleuca quinquenervia,2004-05-01T12:00:00,Lansdowne area Flora&Fauna Appndx6 POM,Miram-Beena,-33.909351,150.975191,,,,,2004,5,1,,,,,,,,,,,CB Council,Prototype,6,2004,<1 m (6+ dp)
9272,Trema tomentosa,2025-03-18T13:02:21,iNaturalist research-grade observations,Crest,-33.909763,150.996917,,,,,2025.0,3.0,18.0,,,,,Michael Mahoney,2025-03-18T02:58:43Z,,HUMAN_OBSERVATION,,Michael Mahoney,CB Council,iNaturalist,6,2025,<1 m (6+ dp)
20000,Themeda triandra,1999-06-28T00:00:00,GEORGES Vegetation Survey,Miram-Beena,-33.909506,150.979817,,,,occurrenceRemarks withheld,1999.0,6.0,28.0,,Floristic Data,locality withheld,locationRemarks withheld,,,NSW Dept of Planning and Environment,HUMAN_OBSERVATION,,OVLU99062101;OSLS05031800,CB Council,ALA,6,1999,<1 m (6+ dp)
35040,Grevillea juniperina,2015-09-15T00:00:00,DPIE Default Sightings,Not in a reserve,-33.890332,151.055229,,,,occurrenceRemarks withheld,2015.0,9.0,15.0,,,locality withheld,locationRemarks withheld,,,NSW Dept of Planning and Environment,HUMAN_OBSERVATION,,OIXR15081800,CB Council,ALA,6,2015,<1 m (6+ dp)
25961,Acacia pubescens,2009-09-16T00:00:00,DPIE Data from Scientific Licences dataset,Salt Pan Reserve,-33.936551,151.040039,,,,occurrenceRemarks withheld,2009.0,9.0,16.0,,,locality withheld,locationRemarks withheld,,,NSW National Parks and Wildlife Service,HUMAN_OBSERVATION,,ODMP11031700,CB Council,ALA,6,2009,<1 m (6+ dp)
42557,Sonchus oleraceus,2004-05-01T12:00:00,The Crest-Appendix,Crest,-33.908539,150.99598,,,,,2004,5,1,,,,,,,,,,,CB Council,Prototype,6,2004,<1 m (6+ dp)
123,Pavonia hastata,2023-12-21T08:44:34,iNaturalist research-grade observations,Lansdowne,-33.893805,150.969422,,,,,2023.0,12.0,21.0,,,,,robyn_young,2023-12-20T22:17:49Z,,HUMAN_OBSERVATION,,robyn_young,CB Council,iNaturalist,6,2023,<1 m (6+ dp)
8557,Pterostylis nutans,2022-07-04T16:25:00,iNaturalist research-grade observations,Not in a reserve,-33.926657,151.145908,,,,,2022.0,7.0,4.0,,,,,Eamonn Culhane,2022-07-04T11:34:53Z,,HUMAN_OBSERVATION,,Eamonn Culhane,CB Council,iNaturalist,6,2022,<1 m (6+ dp)
20970,Microlaena stipoides,2011-04-13T00:00:00,DPIE Data from Scientific Licences dataset,Not in a reserve,-33.951399,150.974736,,,,occurrenceRemarks withheld,2011.0,4.0,,,,locality withheld,locationRemarks withheld,,,NSW National Parks and Wildlife Service,HUMAN_OBSERVATION,,OEMM09100802;OEMM09100803;OJJS10080400;OIXR13062400,CB Council,ALA,6,2011,<1 m (6+ dp)
19155,Acacia pubescens,2008-11-26T00:00:00,DPIE Data from Scientific Licences dataset,Salt Pan Reserve,-33.954604,151.040741,,,,occurrenceRemarks withheld,2008.0,11.0,26.0,,,locality withheld,locationRemarks withheld,,,NSW National Parks and Wildlife Service,HUMAN_OBSERVATION,,OJJS07082200,CB Council,ALA,6,2008,<1 m (6+ dp)
5357,Pavonia hastata,2023-11-06T12:00:00,C-B Council Reserves plot survey data 2023_Western Sydney University ,Lake Gillawarna Council Reserve,-33.90949128,150.9798222,50.0,,,,2023.0,11.0,6.0,,,,,,,,,,"M Franklin, J Bendall, D Bristol.",CB Council,ALA,8,2023,<1 m (6+ dp)
9059,Callistemon linearis,2021-10-22T14:19:00,iNaturalist observations,Salt Pan Reserve,-33.959828,151.040178,,,,,2021.0,10.0,22.0,,,,,,,,HUMAN_OBSERVATION,,Thomas Mesaglio,CB Council,iNaturalist,6,2021,<1 m (6+ dp)
21761,Acacia pubescens,2009-08-18T00:00:00,DPIE Data from Scientific Licences dataset,Carysfield,-33.903299,150.998183,,,,occurrenceRemarks withheld,2009.0,8.0,18.0,,,locality withheld,locationRemarks withheld,,,NSW National Parks and Wildlife Service,HUMAN_OBSERVATION,,ODMP11031700,CB Council,ALA,6,2009,<1 m (6+ dp)
41786,Poa affinis,2004-05-01T12:00:00,Deepwater Flora&Fauna Apndx5 POM,Deepwater,-33.949066,150.976607,,,,,2004,5,1,,,,,,,,,,,CB Council,Prototype,6,2004,<1 m (6+ dp)
39207,Hakea sericea,2004-05-01T12:00:00,Revesby and Padstow reserves Flora&Fauna Apndx6 POM,Richardson Reserve,-33.963555,151.027909,,,,,2004,5,1,,,,,,,,,,,CB Council,Prototype,6,2004,<1 m (6+ dp)
37290,Erigeron sumatrensis,2004-05-01T12:00:00,Southern Reserves Flora&Fauna Apndx4 POM,Amberdale Reserve,-33.972098,151.0034,,,,,2004,5,1,,,,,,,,,,,CB Council,Prototype,6,2004,<1 m (6+ dp)
1023,Acacia pubescens,2009-10-22T00:00:00,DPIE Data from Scientific Licences dataset,Lansdowne,-33.891994,150.975731,,,,occurrenceRemarks withheld,2009.0,10.0,22.0,,,locality withheld,locationRemarks withheld,,,NSW National Parks and Wildlife Service,HUMAN_OBSERVATION,,ODMP11031700,CB Council,ALA,6,2009,<1 m (6+ dp)
22413,Modiola caroliniana,2018-05-23T00:00:00,DPIE Data from Scientific Licences dataset,Kentucky Reserve,-33.917783,150.974645,,,introduced,occurrenceRemarks withheld,2018.0,5.0,23.0,,,locality withheld,locationRemarks withheld,,,NSW National Parks and Wildlife Service,HUMAN_OBSERVATION,,OIXR15013005,CB Council,ALA,6,2018,<1 m (6+ dp)
1697,Lobelia purpurascens,1999-06-28T00:00:00,GEORGES Vegetation Survey,Lansdowne,-33.902277,150.978906,,,,occurrenceRemarks withheld,1999.0,6.0,28.0,,Floristic Data,locality withheld,locationRemarks withheld,,,NSW Dept of Planning and Environment,HUMAN_OBSERVATION,,OVLU99062101;OSLS05031800,CB Council,ALA,6,1999,<1 m (6+ dp)
38159,Einadia hastata,2004-05-01T12:00:00,Lansdowne area Flora&Fauna Appndx6 POM,Miram-Beena,-33.893451,150.970339,,,,,2004,5,1,,,,,,,,,,,CB Council,Prototype,6,2004,<1 m (6+ dp)
33126,Zieria smithii,2016-06-23T00:00:00,DPIE Data from Scientific Licences dataset,Not in a reserve,-33.903408,151.096054,,OF Old Fruit,,occurrenceRemarks withheld,2016.0,6.0,23.0,,,locality withheld,locationRemarks withheld,,,NSW National Parks and Wildlife Service,HUMAN_OBSERVATION,,OCAM11011800,CB Council,ALA,6,2016,<1 m (6+ dp)
29742,Sida rhombifolia,2019-12-11T00:00:00,DPIE Data from Scientific Licences dataset,Not in a reserve,-33.909648,151.085877,,,introduced,occurrenceRemarks withheld,2019.0,12.0,11.0,,,locality withheld,locationRemarks withheld,,,NSW National Parks and Wildlife Service,HUMAN_OBSERVATION,,OIXR14091000,CB Council,ALA,6,2019,<1 m (6+ dp)
5752,Oxalis debilis,2021-11-01T00:00:00,iNaturalist research-grade observations,Not in a reserve,-33.925073,151.085446,,,,,2021.0,11.0,1.0,,,,,person10661,2021-11-06T08:03:31Z,,HUMAN_OBSERVATION,,person10661,CB Council,iNaturalist,6,2021,<1 m (6+ dp)
38340,Eragrostis curvula,2004-05-01T12:00:00,Lansdowne area Flora&Fauna Appndx6 POM,Miram-Beena,-33.906477,150.980754,,,,,2004,5,1,,,,,,,,,,,CB Council,Prototype,6,2004,<1 m (6+ dp)
25793,Acacia pubescens,2009-09-15T00:00:00,DPIE Data from Scientific Licences dataset,Norfolk Reserve,-33.89406,151.062703,,,,occurrenceRemarks withheld,2009.0,9.0,15.0,,,locality withheld,locationRemarks withheld,,,NSW National Parks and Wildlife Service,HUMAN_OBSERVATION,,ODMP11031700,CB Council,ALA,6,2009,<1 m (6+ dp)
11191,Acacia decurrens,2023-06-04T13:37:47,iNaturalist research-grade observations,Not in a reserve,-33.939576,151.090355,,,,,2023.0,6.0,4.0,,,,,David,2023-06-04T05:55:10Z,,HUMAN_OBSERVATION,,David,CB Council,iNaturalist,6,2023,<1 m (6+ dp)
41958,Pseudognaphalium luteoalbum,2004-05-01T12:00:00,The Crest-Appendix,Crest,-33.908539,150.99598,,,,,2004,5,1,,,,,,,,,,,CB Council,Prototype,6,2004,<1 m (6+ dp)
26555,Bidens pilosa,2022-08-24T00:00:00,DPIE Data from Scientific Licences dataset,Norfolk Reserve,-33.893288,151.06232,,,introduced,occurrenceRemarks withheld,2022.0,8.0,24.0,,,locality withheld,locationRemarks withheld,,,NSW National Parks and Wildlife Service,HUMAN_OBSERVATION,,OMFZ23041401,CB Council,ALA,6,2022,<1 m (6+ dp)
7628,Sonchus oleraceus,2022-09-09T13:08:00,iNaturalist research-grade observations,Not in a reserve,-33.896317,151.0269,,flowers,,,2022.0,9.0,9.0,,,,,Thomas Mesaglio,2022-09-09T06:05:14Z,,HUMAN_OBSERVATION,,Thomas Mesaglio,CB Council,iNaturalist,6,2022,<1 m (6+ dp)
29021,Juncus kraussii,2001-12-21T00:00:00,DPIE Default Sightings,Not in a reserve,-33.972962,150.996914,,,,occurrenceRemarks withheld,2001.0,12.0,21.0,,,locality withheld,locationRemarks withheld,,,NSW Dept of Planning and Environment,HUMAN_OBSERVATION,,OPXE96052900,CB Council,ALA,6,2001,<1 m (6+ dp)
26495,Hibbertia puberula,2019-05-20T00:00:00,DPIE Data from Scientific Licences dataset,Not in a reserve,-33.91723,150.98024,,,,occurrenceRemarks withheld,2019.0,5.0,20.0,,,locality withheld,locationRemarks withheld,,,NSW National Parks and Wildlife Service,HUMAN_OBSERVATION,,OPUR18091500;OICG19070400;OJJS20071501,CB Council,ALA,5,2019,≈1–10 m (5 dp)
42990,Veronica plebeia,2004-05-01T12:00:00,EastHills Flora&Fauna Apndx5 POM,Smith Park,-33.958369,150.990262,,,,,2004,5,1,,,,,,,,,,,CB Council,Prototype,6,2004,<1 m (6+ dp)
27543,Avicennia marina,2016-11-18T00:00:00,DPIE Data from Scientific Licences dataset,Kentucky Reserve,-33.917469,150.974383,,,,occurrenceRemarks withheld,2016.0,11.0,18.0,,,locality withheld,locationRemarks withheld,,,NSW National Parks and Wildlife Service,HUMAN_OBSERVATION,,ODMP17013000,CB Council,ALA,6,2016,<1 m (6+ dp)
38810,Eustrephus latifolius,2004-05-01T12:00:00,The Crest-Appendix,Crest,-33.908539,150.99598,,,,,2004,5,1,,,,,,,,,,,CB Council,Prototype,6,2004,<1 m (6+ dp)
31322,Oxalis latifolia,2004-01-16T00:00:00,DPIE Data from Scientific Licences dataset,Not in a reserve,-33.910549,150.988188,,,introduced,occurrenceRemarks withheld,2004.0,1.0,16.0,,,locality withheld,locationRemarks withheld,,,NSW National Parks and Wildlife Service,HUMAN_OBSERVATION,,ODMP04110301,CB Council,ALA,6,2004,<1 m (6+ dp)
35499,Anisomeles moschata,1993-01-01T04:03:28,Neil Rankin Surveys,Not in a reserve,-33.929167,151.136667,1.0,,,,1993.0,1.0,1.0,,,,nullnull,,,,HUMAN_OBSERVATION,,Wolli Creek Birdos,CB Council,ALA,6,1993,<1 m (6+ dp)
28160,Cyperus eragrostis,2004-01-16T00:00:00,DPIE Data from Scientific Licences dataset,Not in a reserve,-33.910549,150.988188,,,introduced,occurrenceRemarks withheld,2004.0,1.0,16.0,,,locality withheld,locationRemarks withheld,,,NSW National Parks and Wildlife Service,HUMAN_OBSERVATION,,ODMP04110301,CB Council,ALA,6,2004,<1 m (6+ dp)
1569,Notelaea longifolia,2014-11-06T00:00:00,GC-offsets Vegetation Survey,Lansdowne,-33.892147,150.974029,,,,occurrenceRemarks withheld,2014.0,11.0,6.0,,Floristic Data,locality withheld,locationRemarks withheld,,,NSW Dept of Planning and Environment,HUMAN_OBSERVATION,,OPXE04110301,CB Council,ALA,6,2014,<1 m (6+ dp)
31980,Paspalum urvillei,2020-04-03T00:00:00,DPIE Data from Scientific Licences dataset,Not in a reserve,-33.977766,150.996904,,,introduced,occurrenceRemarks withheld,2020.0,4.0,3.0,,,locality withheld,locationRemarks withheld,,,NSW National Parks and Wildlife Service,HUMAN_OBSERVATION,,OJJS18050102;OJJS20082503,CB Council,ALA,6,2020,<1 m (6+ dp)
11276,Alocasia brisbanensis,2020-05-20T12:35:41,iNaturalist observations,Not in a reserve,-33.978375,151.002122,,,,,2020.0,5.0,20.0,,,,,,,,HUMAN_OBSERVATION,,Thomas Mesaglio,CB Council,iNaturalist,6,2020,<1 m (6+ dp)
39289,Hardenbergia violacea,2004-05-01T12:00:00,The Crest-Appendix,Louisa,-33.905454,150.999701,,,,,2004,5,1,,,,,,,,,,,CB Council,Prototype,6,2004,<1 m (6+ dp)
2863,Dianella longifolia,2006-11-23T00:00:00,DPIE Default Sightings,Lansdowne,-33.895029,150.978671,,,,occurrenceRemarks withheld,2006.0,11.0,23.0,,,locality withheld,locationRemarks withheld,,,NSW Dept of Planning and Environment,HUMAN_OBSERVATION,,OEMM09111310,CB Council,ALA,6,2006,<1 m (6+ dp)
39313,Hardenbergia violacea,2004-05-01T12:00:00,Southern Reserves Flora&Fauna Apndx4 POM,Cox Reserve,-33.969139,151.021958,,,,,2004,5,1,,,,,,,,,,,CB Council,Prototype,6,2004,<1 m (6+ dp)
10337,Parietaria judaica,2022-09-04T11:25:00,iNaturalist research-grade observations,Not in a reserve,-33.917258,151.086228,,,,,2022.0,9.0,4.0,,,,,Thomas Mesaglio,2022-09-04T08:16:14Z,,HUMAN_OBSERVATION,,Thomas Mesaglio,CB Council,iNaturalist,6,2022,<1 m (6+ dp)
36426,Billardiera scandens,2004-05-01T12:00:00,Revesby and Padstow reserves Flora&Fauna Apndx6 POM,Richardson Reserve,-33.963555,151.027909,,,,,2004,5,1,,,,,,,,,,,CB Council,Prototype,6,2004,<1 m (6+ dp)
22465,Asparagus asparagoides,2000-07-05T00:00:00,WESTSYD2 Vegetation Survey,Not in a reserve,-33.896681,151.028616,,,introduced,occurrenceRemarks withheld,2000.0,7.0,5.0,,Floristic Data,locality withheld,locationRemarks withheld,,,NSW Dept of Planning and Environment,HUMAN_OBSERVATION,,OPUR23081001,CB Council,ALA,6,2000,<1 m (6+ dp)
1586,Acacia pubescens,2010-01-15T00:00:00,DPIE Data from Scientific Licences dataset,Lansdowne,-33.892651,150.974547,,,,occurrenceRemarks withheld,2010.0,1.0,15.0,,,locality withheld,locationRemarks withheld,,,NSW National Parks and Wildlife Service,HUMAN_OBSERVATION,,ODMP11031700,CB Council,ALA,6,2010,<1 m (6+ dp)
22128,Zieria pilosa,2001-12-21T00:00:00,DPIE Default Sightings,Lambeth Reserve,-33.972761,150.998401,,,,occurrenceRemarks withheld,2001.0,12.0,21.0,,,locality withheld,locationRemarks withheld,,,NSW Dept of Planning and Environment,HUMAN_OBSERVATION,,OPXE96052900;OSGH99040700,CB Council,ALA,6,2001,<1 m (6+ dp)
18393,Callistemon viminalis,2019-02-21T05:19:06,Individual sighting,Not in a reserve,-33.941896,151.01374,1.0,,,"Leaves backlit showing the structure of the leaf. This species does look very different when light is transmitted through it, compared to when you view it in reflected light. The different coloured spots become very obvious. The black dots are parts of the leaf when light was not transmitted.",2019.0,2.0,21.0,,,,nullnull,,,,HUMAN_OBSERVATION,,Michael Hains,CB Council,ALA,6,2019,<1 m (6+ dp)
36899,Casuarina glauca,2004-05-01T12:00:00,Lansdowne area Flora&Fauna Appndx6 POM,Miram-Beena,-33.909351,150.975191,,,,,2004,5,1,,,,,,,,,,,CB Council,Prototype,6,2004,<1 m (6+ dp)
17356,Carpobrotus glaucescens,2023-09-23T14:00:00,Individual sighting,Not in a reserve,-33.978467,151.000217,1.0,,,,2023.0,9.0,23.0,,,,nullnull,,,,HUMAN_OBSERVATION,,Michael Hains,CB Council,ALA,6,2023,<1 m (6+ dp)
20151,Acacia pubescens,2009-09-08T00:00:00,DPIE Data from Scientific Licences dataset,Louisa,-33.905995,150.998207,,,,occurrenceRemarks withheld,2009.0,9.0,8.0,,,locality withheld,locationRemarks withheld,,,NSW National Parks and Wildlife Service,HUMAN_OBSERVATION,,ODMP11031700,CB Council,ALA,6,2009,<1 m (6+ dp)
9005,Podolobium ilicifolium,2020-09-18T15:12:26,iNaturalist research-grade observations,Not in a reserve,-33.890209,151.033117,,,,,2020.0,9.0,18.0,,,,,caitlinribolli,2020-09-18T21:58:08Z,,HUMAN_OBSERVATION,,caitlinribolli,CB Council,iNaturalist,6,2020,<1 m (6+ dp)
5973,Gompholobium glabratum,2023-09-02T11:19:27,iNaturalist observations,Not in a reserve,-33.973484,151.013632,,,,,2023.0,9.0,2.0,,,,,,,,HUMAN_OBSERVATION,,Neil Ross,CB Council,iNaturalist,6,2023,<1 m (6+ dp)
35349,Phyllota phylicoides,2010-12-14T00:00:00,NP_GEORGES Vegetation Survey,Not in a reserve,-33.971219,151.028823,,,,occurrenceRemarks withheld,2010.0,12.0,14.0,,Floristic Data,locality withheld,locationRemarks withheld,,,NSW Dept of Planning and Environment,PRESERVED_SPECIMEN,,ODMP99111100;VEG-NICR,CB Council,ALA,6,2010,<1 m (6+ dp)
21651,Carex appressa,2018-05-23T00:00:00,DPIE Data from Scientific Licences dataset,Ashford Reserve,-33.929733,150.98307,,,,occurrenceRemarks withheld,2018.0,5.0,23.0,,,locality withheld,locationRemarks withheld,,,NSW National Parks and Wildlife Service,HUMAN_OBSERVATION,,OIXR15013005,CB Council,ALA,6,2018,<1 m (6+ dp)
9808,Notelaea venosa,2024-05-09T16:01:32,iNaturalist observations,Lansdowne,-33.895313,150.973922,,,,,2024.0,5.0,9.0,,,,,,,,HUMAN_OBSERVATION,,Matt,CB Council,iNaturalist,6,2024,<1 m (6+ dp)
41798,Poa affinis,2004-05-01T12:00:00,Southern Reserves Flora&Fauna Apndx4 POM,Picnic Point Reserve,-33.977563,150.996147,,,,,2004,5,1,,,,,,,,,,,CB Council,Prototype,6,2004,<1 m (6+ dp)
4155,Poranthera microphylla,2014-11-06T00:00:00,GC-offsets Vegetation Survey,Lansdowne,-33.892571,150.975165,,,,occurrenceRemarks withheld,2014.0,11.0,6.0,,Floristic Data,locality withheld,locationRemarks withheld,,,NSW Dept of Planning and Environment,HUMAN_OBSERVATION,,ORXM97042200,CB Council,ALA,6,2014,<1 m (6+ dp)
8865,Stylidium graminifolium,2020-09-12T13:00:15,iNaturalist observations,Not in a reserve,-33.981047,151.011506,,,,,2020.0,9.0,12.0,,,,,,,,HUMAN_OBSERVATION,,oliviabernauer,CB Council,iNaturalist,6,2020,<1 m (6+ dp)
3465,Plantago lanceolata,2018-05-23T00:00:00,DPIE Data from Scientific Licences dataset,Lansdowne,-33.89111,150.970745,,,introduced,occurrenceRemarks withheld,2018.0,5.0,23.0,,,locality withheld,locationRemarks withheld,,,NSW National Parks and Wildlife Service,HUMAN_OBSERVATION,,OIXR15013005,CB Council,ALA,6,2018,<1 m (6+ dp)
32294,Plantago lanceolata,2016-06-22T00:00:00,DPIE Data from Scientific Licences dataset,Not in a reserve,-33.918567,151.044908,,,introduced,occurrenceRemarks withheld,2016.0,6.0,,,,locality withheld,locationRemarks withheld,,,NSW National Parks and Wildlife Service,HUMAN_OBSERVATION,,OJJS10042000;OIXR13081400,CB Council,ALA,6,2016,<1 m (6+ dp)
11061,Calotis cuneifolia,2024-09-27T07:18:30,iNaturalist observations,Walshaw Park,-33.901985,151.003334,,,,,2024.0,9.0,27.0,,,,,,,,HUMAN_OBSERVATION,,jaydevittor,CB Council,iNaturalist,6,2024,<1 m (6+ dp)
24147,Kunzea ambigua,2019-03-08T00:00:00,DPIE Data from Scientific Licences dataset,Not in a reserve,-33.905179,151.038241,,,,occurrenceRemarks withheld,2019.0,3.0,8.0,,,locality withheld,locationRemarks withheld,,,NSW National Parks and Wildlife Service,HUMAN_OBSERVATION,,OPUR17042400,CB Council,ALA,6,2019,<1 m (6+ dp)
40555,Melaleuca diosmatifolia,2004-05-01T12:00:00,The Crest-Appendix,Louisa,-33.905454,150.999701,,,,,2004,5,1,,,,,,,,,,,CB Council,Prototype,6,2004,<1 m (6+ dp)
27488,Convolvulus erubescens,2010-11-15T00:00:00,DPIE Default Sightings,Deepwater,-33.95,150.978,,,,occurrenceRemarks withheld,2010.0,11.0,15.0,,,locality withheld,locationRemarks withheld,,,NSW Dept of Planning and Environment,HUMAN_OBSERVATION,,ODMP11031700,CB Council,ALA,3,2010,≈100–1000 m (3 dp)
3371,Acacia decurrens,2018-05-23T00:00:00,DPIE Data from Scientific Licences dataset,Lansdowne,-33.89111,150.970745,,,,occurrenceRemarks withheld,2018.0,5.0,23.0,,,locality withheld,locationRemarks withheld,,,NSW National Parks and Wildlife Service,HUMAN_OBSERVATION,,OIXR15013005,CB Council,ALA,6,2018,<1 m (6+ dp)
40026,Leucopogon juniperinus,2004-05-01T12:00:00,EastHills Flora&Fauna Apndx5 POM,East Hills Park,-33.96446,150.982875,,,,,2004,5,1,,,,,,,,,,,CB Council,Prototype,6,2004,<1 m (6+ dp)
32630,Ehrharta erecta,2008-02-14T00:00:00,METROCMA2 Vegetation Survey,Kelso Beach,-33.952205,150.981156,,,introduced,occurrenceRemarks withheld,2008.0,2.0,14.0,,Floristic Data,locality withheld,locationRemarks withheld,,,NSW Dept of Planning and Environment,HUMAN_OBSERVATION,,VEG-NICR;OPUR23081001,CB Council,ALA,6,2008,<1 m (6+ dp)
26137,Lomandra longifolia,2007-07-24T00:00:00,DTHOMAS2 Vegetation Survey,Not in a reserve,-33.930127,151.005778,,,,occurrenceRemarks withheld,2007.0,7.0,24.0,,Floristic Data,locality withheld,locationRemarks withheld,,,"David Thomas, 9 Miriam Road, Denistone",HUMAN_OBSERVATION,,OPUR23081001,CB Council,ALA,6,2007,<1 m (6+ dp)
8691,Breynia oblongifolia,2025-03-18T12:14:36,iNaturalist research-grade observations,Crest,-33.90862,150.9953,,,,,2025.0,3.0,18.0,,,,,Michael Mahoney,2025-03-18T02:20:26Z,,HUMAN_OBSERVATION,,Michael Mahoney,CB Council,iNaturalist,5,2025,≈1–10 m (5 dp)
10861,Goodenia hederacea,2023-06-23T15:29:32,iNaturalist observations,Not in a reserve,-33.97937,151.00671,,flowers,,,2023.0,6.0,23.0,,,,,,,,HUMAN_OBSERVATION,,avid_dattenborough,CB Council,iNaturalist,5,2023,≈1–10 m (5 dp)
27783,Melaleuca nodosa,2008-04-28T00:00:00,DPIE Data from Scientific Licences dataset,Carysfield,-33.902161,150.998009,,,,occurrenceRemarks withheld,2008.0,4.0,,,,locality withheld,locationRemarks withheld,,,NSW National Parks and Wildlife Service,HUMAN_OBSERVATION,,OJJS07082200,CB Council,ALA,6,2008,<1 m (6+ dp)
35016,Glycine clandestina,2018-05-23T00:00:00,DPIE Data from Scientific Licences dataset,Ashford Reserve,-33.929585,150.986124,,,,occurrenceRemarks withheld,2018.0,5.0,23.0,,,locality withheld,locationRemarks withheld,,,NSW National Parks and Wildlife Service,HUMAN_OBSERVATION,,OIXR15013005,CB Council,ALA,6,2018,<1 m (6+ dp)
31049,Acacia pubescens,2009-08-18T00:00:00,DPIE Data from Scientific Licences dataset,Carysfield,-33.902983,150.997044,,,,occurrenceRemarks withheld,2009.0,8.0,18.0,,,locality withheld,locationRemarks withheld,,,NSW National Parks and Wildlife Service,HUMAN_OBSERVATION,,ODMP11031700,CB Council,ALA,6,2009,<1 m (6+ dp)
7867,Solanum sisymbriifolium,2022-04-05T11:34:00,iNaturalist research-grade observations,Not in a reserve,-33.876081,151.008239,,,,,2022.0,4.0,5.0,,,,,Thomas Mesaglio,2022-04-05T04:16:50Z,,HUMAN_OBSERVATION,,Thomas Mesaglio,CB Council,iNaturalist,6,2022,<1 m (6+ dp)
4083,Acacia pubescens,2009-08-07T00:00:00,DPIE Data from Scientific Licences dataset,Lansdowne,-33.892554,150.979058,,,,occurrenceRemarks withheld,2009.0,8.0,7.0,,,locality withheld,locationRemarks withheld,,,NSW National Parks and Wildlife Service,HUMAN_OBSERVATION,,ODMP11031700,CB Council,ALA,6,2009,<1 m (6+ dp)
10589,Soliva sessilis,2020-04-24T10:44:00,iNaturalist research-grade observations,Not in a reserve,-33.88564,151.013055,,,,,2020.0,4.0,24.0,,,,,Thomas Mesaglio,2022-06-06T11:43:58Z,,HUMAN_OBSERVATION,,Thomas Mesaglio,CB Council,iNaturalist,6,2020,<1 m (6+ dp)
10802,Misopates orontium,2022-10-27T09:18:45,iNaturalist research-grade observations,Not in a reserve,-33.885375,151.012161,,,,,2022.0,10.0,27.0,,,,,Thomas Mesaglio,2022-10-26T22:19:31Z,,HUMAN_OBSERVATION,,Thomas Mesaglio,CB Council,iNaturalist,6,2022,<1 m (6+ dp)
19815,Asparagus aethiopicus,2016-11-10T00:00:00,DPIE Data from Scientific Licences dataset,Not in a reserve,-33.917533,150.980007,,,introduced,occurrenceRemarks withheld,2016.0,11.0,10.0,,,locality withheld,locationRemarks withheld,,,NSW National Parks and Wildlife Service,HUMAN_OBSERVATION,,OJJS16072001,CB Council,ALA,6,2016,<1 m (6+ dp)
27118,Melaleuca decora,2011-04-13T00:00:00,ACA Vegetation Survey,Deepwater,-33.951547,150.980445,,,,occurrenceRemarks withheld,2011.0,4.0,13.0,,Floristic Data,locality withheld,locationRemarks withheld,,,Anne Clements & Associates,HUMAN_OBSERVATION,,OEMM09100802;OEMM09100803;OJJS10080400;OIXR13100400,CB Council,ALA,6,2011,<1 m (6+ dp)
36362,Banksia spinulosa,2004-05-01T12:00:00,Southern Reserves Flora&Fauna Apndx4 POM,The River Reserve,-33.969546,151.016111,,,,,2004,5,1,,,,,,,,,,,CB Council,Prototype,6,2004,<1 m (6+ dp)
42229,Samolus repens,2004-05-01T12:00:00,Revesby and Padstow reserves Flora&Fauna Apndx6 POM,Virginius Reserve,-33.960678,151.022552,,,,,2004,5,1,,,,,,,,,,,CB Council,Prototype,6,2004,<1 m (6+ dp)
30979,Acacia implexa,2008-02-13T00:00:00,METROCMA2 Vegetation Survey,Deepwater,-33.946827,150.972747,,,,occurrenceRemarks withheld,2008.0,2.0,13.0,,Floristic Data,locality withheld,locationRemarks withheld,,,NSW Dept of Planning and Environment,HUMAN_OBSERVATION,,VEG-NICR;OPUR23081001,CB Council,ALA,6,2008,<1 m (6+ dp)
11337,Eucalyptus tereticornis,2024-07-22T12:34:55,iNaturalist observations,Morgans Creek Reserve,-33.967363,151.014289,,,,,2024.0,7.0,22.0,,,,,,,,HUMAN_OBSERVATION,,Felipe Moretto,CB Council,iNaturalist,6,2024,<1 m (6+ dp)
35290,Verbena bonariensis,2018-04-04T00:00:00,DPIE Data from Scientific Licences dataset,Not in a reserve,-33.93654,151.109199,,,introduced,occurrenceRemarks withheld,2018.0,4.0,4.0,,,locality withheld,locationRemarks withheld,,,NSW National Parks and Wildlife Service,HUMAN_OBSERVATION,,OJJS18101605,CB Council,ALA,6,2018,<1 m (6+ dp)
21644,Indigofera australis,2008-11-25T00:00:00,DPIE Default Sightings,Crest,-33.90947,150.99401,,,,occurrenceRemarks withheld,2008.0,11.0,25.0,,,locality withheld,locationRemarks withheld,,,NSW Dept of Planning and Environment,HUMAN_OBSERVATION,,OEMM09102201,CB Council,ALA,5,2008,≈1–10 m (5 dp)
21488,Eragrostis curvula,2018-01-25T00:00:00,DPIE Data from Scientific Licences dataset,Not in a reserve,-33.874778,151.006314,,,introduced,occurrenceRemarks withheld,2018.0,1.0,25.0,,,locality withheld,locationRemarks withheld,,,NSW National Parks and Wildlife Service,HUMAN_OBSERVATION,,OPUR17101700;OPUR17101701,CB Council,ALA,6,2018,<1 m (6+ dp)
19287,Pimelea spicata,2003-09-02T00:00:00,DPIE Data from Scientific Licences dataset,Bellevue,-33.910991,150.99763,6.0,"BU Flower Buds,FL Flowering",,occurrenceRemarks withheld,2003.0,9.0,2.0,,,locality withheld,locationRemarks withheld,,,NSW National Parks and Wildlife Service,HUMAN_OBSERVATION,,ODMP99112300,CB Council,ALA,6,2003,<1 m (6+ dp)
4239,Dillwynia sieberi,2019-12-13T00:00:00,DPIE Data from Scientific Licences dataset,Lansdowne,-33.891624,150.97471,,,,occurrenceRemarks withheld,2019.0,12.0,13.0,,,locality withheld,locationRemarks withheld,,,NSW National Parks and Wildlife Service,HUMAN_OBSERVATION,,OIXR15070200,CB Council,ALA,6,2019,<1 m (6+ dp)
7143,Ageratina adenophora,2024-06-14T15:19:00,iNaturalist research-grade observations,Not in a reserve,-33.898606,151.043164,,,,,2024.0,6.0,14.0,,,,,julianeribeiro,2024-07-24T10:36:12Z,,HUMAN_OBSERVATION,,julianeribeiro,CB Council,iNaturalist,6,2024,<1 m (6+ dp)
5739,Kennedia rubicunda,2022-08-19T14:07:50,iNaturalist research-grade observations,Not in a reserve,-33.929532,151.127173,,,,,2022.0,8.0,19.0,,,,,Cal McKinley,2022-08-19T04:11:20Z,,HUMAN_OBSERVATION,,Cal McKinley,CB Council,iNaturalist,6,2022,<1 m (6+ dp)
37743,Desmodium varians,2004-05-01T12:00:00,Lansdowne area Flora&Fauna Appndx6 POM,Miram-Beena,-33.906477,150.980754,,,,,2004,5,1,,,,,,,,,,,CB Council,Prototype,6,2004,<1 m (6+ dp)
31019,Acacia pubescens,2004-05-01T12:00:00,Revesby and Padstow reserves Flora&Fauna Apndx6 POM,Montgomery Reserve,-33.954794,151.020454,,,,,2004,5,1,,,,,,,,,,,CB Council,Prototype,6,2004,<1 m (6+ dp)
9259,Woollsia pungens,2021-06-06T13:47:00,iNaturalist research-grade observations,Salt Pan Reserve,-33.97105,151.0414,,,,,2021.0,6.0,6.0,,,,,Bradley W. Jones,2021-06-06T04:31:41Z,,HUMAN_OBSERVATION,,Bradley W. Jones,CB Council,iNaturalist,5,2021,≈1–10 m (5 dp)
31146,Tradescantia fluminensis,2018-05-23T00:00:00,DPIE Data from Scientific Licences dataset,Kentucky Reserve,-33.927609,150.979464,,,introduced,occurrenceRemarks withheld,2018.0,5.0,23.0,,,locality withheld,locationRemarks withheld,,,NSW National Parks and Wildlife Service,HUMAN_OBSERVATION,,OIXR15013005,CB Council,ALA,6,2018,<1 m (6+ dp)
39862,Lantana camara,2004-05-01T12:00:00,Deepwater Flora&Fauna Apndx5 POM,Deepwater,-33.949066,150.976607,,,,,2004,5,1,,,,,,,,,,,CB Council,Prototype,6,2004,<1 m (6+ dp)
20211,Acacia decurrens,2004-05-01T12:00:00,Lansdowne area Flora&Fauna Appndx6 POM,Miram-Beena,-33.893451,150.970339,,,,,2004,5,1,,,,,,,,,,,CB Council,Prototype,6,2004,<1 m (6+ dp)
3800,Carex breviculmis,2014-11-07T00:00:00,GC-offsets Vegetation Survey,Lansdowne,-33.896654,150.978886,,,,occurrenceRemarks withheld,2014.0,11.0,7.0,,Floristic Data,locality withheld,locationRemarks withheld,,,NSW Dept of Planning and Environment,HUMAN_OBSERVATION,,ORXM97042200,CB Council,ALA,6,2014,<1 m (6+ dp)
40579,Melaleuca linariifolia,2004-05-01T12:00:00,Southern Reserves Flora&Fauna Apndx4 POM,The River Reserve,-33.969546,151.016111,,,,,2004,5,1,,,,,,,,,,,CB Council,Prototype,6,2004,<1 m (6+ dp)
1948,Acacia pubescens,2009-10-22T00:00:00,DPIE Data from Scientific Licences dataset,Lansdowne,-33.892648,150.977088,,,,occurrenceRemarks withheld,2009.0,10.0,22.0,,,locality withheld,locationRemarks withheld,,,NSW National Parks and Wildlife Service,HUMAN_OBSERVATION,,ODMP11031700,CB Council,ALA,6,2009,<1 m (6+ dp)
41425,Pelargonium australe,2004-05-01T12:00:00,CondellPark Flora&Fauna Apndx4 POM,Manahan Reserve,-33.92033,151.006218,,,,,2004,5,1,,,,,,,,,,,CB Council,Prototype,6,2004,<1 m (6+ dp)
40893,Nephrolepis cordifolia,2004-05-01T12:00:00,Deepwater Flora&Fauna Apndx5 POM,Deepwater,-33.949066,150.976607,,,,,2004,5,1,,,,,,,,,,,CB Council,Prototype,6,2004,<1 m (6+ dp)
28695,Entolasia stricta,2008-02-13T00:00:00,METROCMA2 Vegetation Survey,Deepwater,-33.948794,150.973327,,,,occurrenceRemarks withheld,2008.0,2.0,13.0,,Floristic Data,locality withheld,locationRemarks withheld,,,NSW Dept of Planning and Environment,HUMAN_OBSERVATION,,VEG-NICR;OPUR23081001,CB Council,ALA,6,2008,<1 m (6+ dp)
26656,Oplismenus hirtellus,2020-03-06T00:00:00,DPIE Data from Scientific Licences dataset,Ashford Reserve,-33.929542,150.984621,,,,occurrenceRemarks withheld,2020.0,3.0,6.0,,,locality withheld,locationRemarks withheld,,,NSW National Parks and Wildlife Service,HUMAN_OBSERVATION,,OLUC19010800,CB Council,ALA,6,2020,<1 m (6+ dp)
2604,Acacia pubescens,2009-10-22T00:00:00,DPIE Data from Scientific Licences dataset,Lansdowne,-33.89268,150.975206,,,,occurrenceRemarks withheld,2009.0,10.0,22.0,,,locality withheld,locationRemarks withheld,,,NSW National Parks and Wildlife Service,HUMAN_OBSERVATION,,ODMP11031700,CB Council,ALA,6,2009,<1 m (6+ dp)
25260,Sida rhombifolia,1999-06-28T00:00:00,GEORGES Vegetation Survey,Miram-Beena,-33.909506,150.979817,,,introduced,occurrenceRemarks withheld,1999.0,6.0,28.0,,Floristic Data,locality withheld,locationRemarks withheld,,,NSW Dept of Planning and Environment,HUMAN_OBSERVATION,,OVLU99062101;OSLS05031800,CB Council,ALA,6,1999,<1 m (6+ dp)
33801,Eucalyptus moluccana,2006-02-21T00:00:00,DPIE Data from Scientific Licences dataset,Not in a reserve,-33.892396,151.03274,,,,occurrenceRemarks withheld,2006.0,2.0,21.0,,,locality withheld,locationRemarks withheld,,,NSW National Parks and Wildlife Service,HUMAN_OBSERVATION,,OPXE99012800,CB Council,ALA,6,2006,<1 m (6+ dp)
20084,Bidens pilosa,2012-07-26T00:00:00,Freshwater Vegetation Survey,Not in a reserve,-33.889662,151.046822,,,introduced,occurrenceRemarks withheld,2012.0,7.0,26.0,,Floristic Data,locality withheld,locationRemarks withheld,,,Narla Environmental Pty Ltd,HUMAN_OBSERVATION,,OSLS05020700,CB Council,ALA,6,2012,<1 m (6+ dp)
19613,Ricinus communis,2008-12-07T00:00:00,DPIE Data from Scientific Licences dataset,Not in a reserve,-33.921711,150.997024,,,introduced,occurrenceRemarks withheld,2008.0,12.0,7.0,,,locality withheld,locationRemarks withheld,,,NSW National Parks and Wildlife Service,HUMAN_OBSERVATION,,ODMP08080501,CB Council,ALA,6,2008,<1 m (6+ dp)
28932,Melaleuca decora,2008-02-13T00:00:00,METROCMA2 Vegetation Survey,Deepwater,-33.95152,150.980112,,,,occurrenceRemarks withheld,2008.0,2.0,13.0,,Floristic Data,locality withheld,locationRemarks withheld,,,NSW Dept of Planning and Environment,HUMAN_OBSERVATION,,VEG-NICR;OPUR23081001,CB Council,ALA,6,2008,<1 m (6+ dp)
26146,Centella asiatica,2018-05-23T00:00:00,DPIE Data from Scientific Licences dataset,Not in a reserve,-33.930461,150.980164,,,,occurrenceRemarks withheld,2018.0,5.0,23.0,,,locality withheld,locationRemarks withheld,,,NSW National Parks and Wildlife Service,HUMAN_OBSERVATION,,OIXR15013005,CB Council,ALA,6,2018,<1 m (6+ dp)
6145,Pandorea pandorana,2024-09-06T10:41:00,iNaturalist observations,Not in a reserve,-33.930878,151.131181,,,,W,2024.0,9.0,6.0,,,,,,,,HUMAN_OBSERVATION,,Charlie Russell,CB Council,iNaturalist,6,2024,<1 m (6+ dp)
19427,Dillwynia retorta,2014-11-20T00:00:00,DPIE Data from Scientific Licences dataset,Not in a reserve,-33.92675,151.141417,,FR Fresh Fruit,,occurrenceRemarks withheld,2014.0,11.0,20.0,,,locality withheld,locationRemarks withheld,,,NSW National Parks and Wildlife Service,HUMAN_OBSERVATION,,OCAM11011800,CB Council,ALA,6,2014,<1 m (6+ dp)
37958,Dichondra sp. inglewood (j.m.dalby 86/93),2004-05-01T12:00:00,EastHills Flora&Fauna Apndx5 POM,East Hills Park,-33.96446,150.982875,,,,,2004,5,1,,,,,,,,,,,CB Council,Prototype,6,2004,<1 m (6+ dp)
36593,Brunoniella australis,2004-05-01T12:00:00,Lansdowne area Flora&Fauna Appndx6 POM,Miram-Beena,-33.893451,150.970339,,,,,2004,5,1,,,,,,,,,,,CB Council,Prototype,6,2004,<1 m (6+ dp)
23633,Lomandra multiflora,2007-07-24T00:00:00,DTHOMAS2 Vegetation Survey,Not in a reserve,-33.932257,151.003673,,,,occurrenceRemarks withheld,2007.0,7.0,24.0,,Floristic Data,locality withheld,locationRemarks withheld,,,"David Thomas, 9 Miriam Road, Denistone",HUMAN_OBSERVATION,,OPUR23081001,CB Council,ALA,6,2007,<1 m (6+ dp)
32978,Ligustrum sinense,2015-10-15T00:00:00,DPIE Data from Scientific Licences dataset,Virginius Reserve,-33.95872,151.02234,,,introduced,occurrenceRemarks withheld,2015.0,10.0,15.0,,,locality withheld,locationRemarks withheld,,,NSW National Parks and Wildlife Service,HUMAN_OBSERVATION,,OIXR15110501,CB Council,ALA,5,2015,≈1–10 m (5 dp)
5584,Acacia longifolia,2022-07-24T14:02:00,iNaturalist research-grade observations,Salt Pan Reserve,-33.963809,151.041463,,flower buds,,,2022.0,7.0,24.0,,,,,Bradley W. Jones,2022-07-24T08:16:48Z,,HUMAN_OBSERVATION,,Bradley W. Jones,CB Council,iNaturalist,6,2022,<1 m (6+ dp)
19129,Elaeocarpus reticulatus,2020-11-18T00:00:00,DPIE Data from Scientific Licences dataset,Not in a reserve,-33.97008,151.044137,,,,occurrenceRemarks withheld,2020.0,11.0,18.0,,,locality withheld,locationRemarks withheld,,,NSW National Parks and Wildlife Service,HUMAN_OBSERVATION,,OPJG19101404,CB Council,ALA,6,2020,<1 m (6+ dp)
23576,Clematis glycinoides,2007-04-16T00:00:00,ACA Vegetation Survey,Deepwater,-33.94951,150.973882,,,,occurrenceRemarks withheld,2007.0,4.0,16.0,,Floristic Data,locality withheld,locationRemarks withheld,,,Anne Clements & Associates,HUMAN_OBSERVATION,,ODMP05122005;OEMM09100802;OPUR23021400,CB Council,ALA,6,2007,<1 m (6+ dp)
5677,Phyllanthus hirtellus,2022-05-02T12:36:00,iNaturalist research-grade observations,Not in a reserve,-33.973325,151.004228,,,,,2022.0,5.0,2.0,,,,,Josh Magro,2022-05-03T04:09:58Z,,HUMAN_OBSERVATION,,Thomas Mesaglio,CB Council,iNaturalist,6,2022,<1 m (6+ dp)
2953,Ehrharta erecta,2020-04-20T00:00:00,DPIE Data from Scientific Licences dataset,Lansdowne,-33.892822,150.972438,,,introduced,occurrenceRemarks withheld,2020.0,4.0,20.0,,,locality withheld,locationRemarks withheld,,,NSW National Parks and Wildlife Service,HUMAN_OBSERVATION,,OJJS16072001,CB Council,ALA,6,2020,<1 m (6+ dp)
20073,Acacia pubescens,2009-09-16T00:00:00,DPIE Data from Scientific Licences dataset,Salt Pan Reserve,-33.950395,151.041399,,,,occurrenceRemarks withheld,2009.0,9.0,16.0,,,locality withheld,locationRemarks withheld,,,NSW National Parks and Wildlife Service,HUMAN_OBSERVATION,,ODMP11031700,CB Council,ALA,6,2009,<1 m (6+ dp)
19538,Acacia pubescens,2009-08-18T00:00:00,DPIE Data from Scientific Licences dataset,Carysfield,-33.903338,150.997231,,,,occurrenceRemarks withheld,2009.0,8.0,18.0,,,locality withheld,locationRemarks withheld,,,NSW National Parks and Wildlife Service,HUMAN_OBSERVATION,,ODMP11031700,CB Council,ALA,6,2009,<1 m (6+ dp)
3150,Rytidosperma racemosum var. racemosum,2022-01-28T00:00:00,DPIE Data from Scientific Licences dataset,Lansdowne,-33.902167,150.980156,,,,occurrenceRemarks withheld,2022.0,1.0,28.0,,,locality withheld,locationRemarks withheld,,,NSW National Parks and Wildlife Service,HUMAN_OBSERVATION,,ODFK24030700,CB Council,ALA,6,2022,<1 m (6+ dp)
5626,Chloris gayana,2024-08-16T08:11:28,iNaturalist research-grade observations,Not in a reserve,-33.889226,151.04921,,,,,2024.0,8.0,16.0,,,,,carolcordonis,2024-08-15T22:13:05Z,,HUMAN_OBSERVATION,,carolcordonis,CB Council,iNaturalist,6,2024,<1 m (6+ dp)
20790,Poa affinis,2012-12-13T00:00:00,DPIE Data from Scientific Licences dataset,Not in a reserve,-33.926667,151.147222,,FR Fresh Fruit,,occurrenceRemarks withheld,2012.0,12.0,13.0,,,locality withheld,locationRemarks withheld,,,NSW National Parks and Wildlife Service,HUMAN_OBSERVATION,,OCAM11011800,CB Council,ALA,6,2012,<1 m (6+ dp)
28819,Lomandra confertifolia,2011-02-17T00:00:00,NP_GEORGES Vegetation Survey,Not in a reserve,-33.979289,151.007574,,,,occurrenceRemarks withheld,2011.0,2.0,17.0,,Floristic Data,locality withheld,locationRemarks withheld,,,NSW Dept of Planning and Environment,HUMAN_OBSERVATION,,OJSS00112900;VEG-NICR,CB Council,ALA,6,2011,<1 m (6+ dp)
19409,Acacia pubescens,2009-09-15T00:00:00,DPIE Data from Scientific Licences dataset,Norfolk Reserve,-33.893779,151.06259,,,,occurrenceRemarks withheld,2009.0,9.0,15.0,,,locality withheld,locationRemarks withheld,,,NSW National Parks and Wildlife Service,HUMAN_OBSERVATION,,ODMP11031700,CB Council,ALA,6,2009,<1 m (6+ dp)
37878,Dichelachne crinita,2004-05-01T12:00:00,CondellPark Flora&Fauna Apndx4 POM,Manahan Reserve,-33.92033,151.006218,,,,,2004,5,1,,,,,,,,,,,CB Council,Prototype,6,2004,<1 m (6+ dp)
30774,Myoporum acuminatum,1996-06-03T00:00:00,Urban Bushland Biodiversity 2,Not in a reserve,-33.979836,151.007121,,,,occurrenceRemarks withheld,1996.0,6.0,3.0,,20 by 20 Vegetation Plot (old type),locality withheld,locationRemarks withheld,,,NSW Dept of Planning and Environment,HUMAN_OBSERVATION,,BOFAT,CB Council,ALA,6,1996,<1 m (6+ dp)
42683,Syncarpia glomulifera,2004-05-01T12:00:00,CondellPark Flora&Fauna Apndx4 POM,Marion Reserve,-33.914839,151.010151,,,,,2004,5,1,,,,,,,,,,,CB Council,Prototype,6,2004,<1 m (6+ dp)
6843,Avicennia marina,2021-02-09T10:53:00,iNaturalist research-grade observations,Not in a reserve,-33.940333,151.042953,,flowers|flower buds,,,2021.0,2.0,9.0,,,,,Thomas Mesaglio,2021-02-09T03:43:59Z,,HUMAN_OBSERVATION,,Thomas Mesaglio,CB Council,iNaturalist,6,2021,<1 m (6+ dp)
37828,Dianella longifolia,2004-05-01T12:00:00,The Crest-Appendix,Bellevue,-33.910871,150.998776,,,,,2004,5,1,,,,,,,,,,,CB Council,Prototype,6,2004,<1 m (6+ dp)
9439,Ligustrum sinense,2019-06-09T14:07:34,iNaturalist research-grade observations,Not in a reserve,-33.929526,151.136646,,fruits or seeds,,,2019.0,6.0,9.0,,,,,Greg Tasney,2019-09-06T06:14:30Z,,HUMAN_OBSERVATION,,elliesteele,CB Council,iNaturalist,6,2019,<1 m (6+ dp)
6264,Medicago arabica,2022-04-18T14:14:00,iNaturalist research-grade observations,Not in a reserve,-33.884678,151.016236,,,,,2022.0,4.0,18.0,,,,,Thomas Mesaglio,2022-04-18T05:08:17Z,,HUMAN_OBSERVATION,,Thomas Mesaglio,CB Council,iNaturalist,6,2022,<1 m (6+ dp)
41532,Persoonia levis,2004-05-01T12:00:00,Southern Reserves Flora&Fauna Apndx4 POM,The River Reserve,-33.969546,151.016111,,,,,2004,5,1,,,,,,,,,,,CB Council,Prototype,6,2004,<1 m (6+ dp)
33116,Eucalyptus microcorys,2019-06-06T00:00:00,DPIE Data from Scientific Licences dataset,Not in a reserve,-33.887291,151.047838,,,,occurrenceRemarks withheld,2019.0,6.0,6.0,,,locality withheld,locationRemarks withheld,,,NSW National Parks and Wildlife Service,HUMAN_OBSERVATION,,OPUR19032102,CB Council,ALA,6,2019,<1 m (6+ dp)
37107,Chlorophytum comosum,2004-05-01T12:00:00,Southern Reserves Flora&Fauna Apndx4 POM,Cox Reserve,-33.969139,151.021958,,,,,2004,5,1,,,,,,,,,,,CB Council,Prototype,6,2004,<1 m (6+ dp)
34385,Cirsium vulgare,2007-12-07T00:00:00,DPIE Data from Scientific Licences dataset,Not in a reserve,-33.921721,150.997022,,,introduced,occurrenceRemarks withheld,2007.0,12.0,7.0,,,locality withheld,locationRemarks withheld,,,NSW National Parks and Wildlife Service,HUMAN_OBSERVATION,,ODMP08080501,CB Council,ALA,6,2007,<1 m (6+ dp)
2476,Acacia pubescens,2009-09-17T00:00:00,DPIE Data from Scientific Licences dataset,Lansdowne,-33.892643,150.978429,,,,occurrenceRemarks withheld,2009.0,9.0,17.0,,,locality withheld,locationRemarks withheld,,,NSW National Parks and Wildlife Service,HUMAN_OBSERVATION,,ODMP11031700,CB Council,ALA,6,2009,<1 m (6+ dp)
5162,Cheilanthes sieberi,2024-10-23T12:00:00,BAM241023_095103,Lansdowne,-33.89297001,150.9768421,5.0,,"Alive in NSW, Native",,2024.0,10.0,23.0,,Florist Data,Lansdowne Reserve,BAM data and floristic data from two monitoring plots collected in 2035,,2024-10-23T12:00:00Z,,human observation,,BLM,CB Council,ALA,8,2024,<1 m (6+ dp)
3412,Araujia sericifera,2021-08-18T00:00:00,DPIE Data from Scientific Licences dataset,Lansdowne,-33.892368,150.974758,,,introduced,occurrenceRemarks withheld,2021.0,8.0,18.0,,,locality withheld,locationRemarks withheld,,,NSW National Parks and Wildlife Service,HUMAN_OBSERVATION,,OJJS20102601,CB Council,ALA,6,2021,<1 m (6+ dp)
21136,Paspalum dilatatum,2023-06-14T00:00:00,DPIE Data from Scientific Licences dataset,Not in a reserve,-33.95243,151.04037,,,introduced,occurrenceRemarks withheld,2023.0,6.0,14.0,Woodland,,locality withheld,locationRemarks withheld,,,NSW National Parks and Wildlife Service,HUMAN_OBSERVATION,,OSHD13030401,CB Council,ALA,5,2023,≈1–10 m (5 dp)
39900,Lasiopetalum ferrugineum var. ferrugineum,2004-05-01T12:00:00,Adept Tracey Flood Ruse Flora&Fauna Apndx6 POM,Flood Reserve,-33.935995,151.021996,,,,,2004,5,1,,,,,,,,,,,CB Council,Prototype,6,2004,<1 m (6+ dp)
43025,Viola hederacea,2004-05-01T12:00:00,The Crest-Appendix,Crest,-33.908539,150.99598,,,,,2004,5,1,,,,,,,,,,,CB Council,Prototype,6,2004,<1 m (6+ dp)
7512,Eleusine tristachya,2022-04-18T12:23:00,iNaturalist research-grade observations,Not in a reserve,-33.885639,151.013178,,,,,2022.0,4.0,18.0,,,,,Thomas Mesaglio,2022-04-18T05:08:04Z,,HUMAN_OBSERVATION,,Thomas Mesaglio,CB Council,iNaturalist,6,2022,<1 m (6+ dp)
27323,Eucalyptus elata,2023-04-19T00:00:00,DPIE Data from Scientific Licences dataset,Not in a reserve,-33.940454,150.995817,,,,occurrenceRemarks withheld,2023.0,4.0,19.0,,,locality withheld,locationRemarks withheld,,,NSW National Parks and Wildlife Service,HUMAN_OBSERVATION,,OJAL01071800;OMFZ23040517;ODFK24022802,CB Council,ALA,6,2023,<1 m (6+ dp)
30226,Passiflora edulis,2008-04-28T00:00:00,DPIE Data from Scientific Licences dataset,Carysfield,-33.902161,150.998009,,,introduced,occurrenceRemarks withheld,2008.0,4.0,,,,locality withheld,locationRemarks withheld,,,NSW National Parks and Wildlife Service,HUMAN_OBSERVATION,,OJJS07082200,CB Council,ALA,6,2008,<1 m (6+ dp)
4502,Acacia pubescens,2009-10-22T00:00:00,DPIE Data from Scientific Licences dataset,Lansdowne,-33.892738,150.977097,,,,occurrenceRemarks withheld,2009.0,10.0,22.0,,,locality withheld,locationRemarks withheld,,,NSW National Parks and Wildlife Service,HUMAN_OBSERVATION,,ODMP11031700,CB Council,ALA,6,2009,<1 m (6+ dp)
29036,Acacia pubescens,2009-09-16T00:00:00,DPIE Data from Scientific Licences dataset,Carysfield,-33.901583,150.997466,,,,occurrenceRemarks withheld,2009.0,9.0,16.0,,,locality withheld,locationRemarks withheld,,,NSW National Parks and Wildlife Service,HUMAN_OBSERVATION,,ODMP11031700,CB Council,ALA,6,2009,<1 m (6+ dp)
6380,Symphyotrichum subulatum,2023-03-11T11:15:06,iNaturalist research-grade observations,Crest,-33.910763,150.99498,,,,,2023.0,3.0,11.0,,,,,Guy Taseski,2023-03-11T00:16:47Z,,HUMAN_OBSERVATION,,Guy Taseski,CB Council,iNaturalist,6,2023,<1 m (6+ dp)
36265,Avicennia marina,2004-05-01T12:00:00,Lansdowne area Flora&Fauna Appndx6 POM,Miram-Beena,-33.893451,150.970339,,,,,2004,5,1,,,,,,,,,,,CB Council,Prototype,6,2004,<1 m (6+ dp)
39082,Gompholobium virgatum,2004-05-01T12:00:00,Salt Pan Creek Flora&Fauna Apndx4 POM,Salt Pan Reserve,-33.946515,151.039711,,,,,2004,5,1,,,,,,,,,,,CB Council,Prototype,6,2004,<1 m (6+ dp)
35308,Corymbia gummifera,2009-03-16T00:00:00,DPIE Default Sightings,Not in a reserve,-33.97108,150.99627,,,,occurrenceRemarks withheld,2009.0,3.0,16.0,,,locality withheld,locationRemarks withheld,,,NSW Dept of Planning and Environment,HUMAN_OBSERVATION,,OEMM09102201,CB Council,ALA,5,2009,≈1–10 m (5 dp)
32413,Commelina cyanea,2016-04-09T00:00:00,DPIE Data from Scientific Licences dataset,Not in a reserve,-33.929541,151.128481,,FL Flowering,,occurrenceRemarks withheld,2016.0,4.0,9.0,,,locality withheld,locationRemarks withheld,,,NSW National Parks and Wildlife Service,HUMAN_OBSERVATION,,OLJH97031100,CB Council,ALA,6,2016,<1 m (6+ dp)
26304,Glycine tabacina,2008-02-13T00:00:00,METROCMA2 Vegetation Survey,Deepwater,-33.951541,150.975881,,,,occurrenceRemarks withheld,2008.0,2.0,13.0,,Floristic Data,locality withheld,locationRemarks withheld,,,NSW Dept of Planning and Environment,HUMAN_OBSERVATION,,VEG-NICR;OPUR23081001,CB Council,ALA,6,2008,<1 m (6+ dp)
40246,Lomandra gracilis,2004-05-01T12:00:00,EastHills Flora&Fauna Apndx5 POM,East Hills Park,-33.96446,150.982875,,,,,2004,5,1,,,,,,,,,,,CB Council,Prototype,6,2004,<1 m (6+ dp)
42412,Setaria spp.,2004-05-01T12:00:00,Lansdowne area Flora&Fauna Appndx6 POM,Lansdowne,-33.896245,150.978391,,,,,2004,5,1,,,,,,,,,,,CB Council,Prototype,6,2004,<1 m (6+ dp)
11374,Alternanthera pungens,2020-04-05T15:29:56,iNaturalist research-grade observations,Maluga Passive Pk,-33.895297,151.015992,,,,,2020.0,4.0,5.0,,,,,laurelrf,2020-04-05T08:34:34Z,,HUMAN_OBSERVATION,,Thomas Mesaglio,CB Council,iNaturalist,6,2020,<1 m (6+ dp)
19403,Pittosporum revolutum,2024-05-28T00:00:00,DPIE Data from Scientific Licences dataset,Not in a reserve,-33.89015,151.03269,,,,occurrenceRemarks withheld,2024.0,5.0,28.0,,,locality withheld,locationRemarks withheld,,,NSW National Parks and Wildlife Service,HUMAN_OBSERVATION,,OLHP24010904;OLHP24010909,CB Council,ALA,5,2024,≈1–10 m (5 dp)
6668,Hardenbergia violacea,2023-08-21T16:38:04,iNaturalist research-grade observations,Not in a reserve,-33.979626,151.009436,,,,Purple Hardenbergias next to a white one (previous post),2023.0,8.0,21.0,,,,,Neil Ross,2023-08-21T06:44:42Z,,HUMAN_OBSERVATION,,Neil Ross,CB Council,iNaturalist,6,2023,<1 m (6+ dp)
31881,Hibbertia puberula,2019-07-17T00:00:00,DPIE Data from Scientific Licences dataset,Not in a reserve,-33.91723,150.98024,,N  No Breeding Evident,,occurrenceRemarks withheld,2019.0,7.0,17.0,,,locality withheld,locationRemarks withheld,,,NSW National Parks and Wildlife Service,HUMAN_OBSERVATION,,OICG19070400,CB Council,ALA,5,2019,≈1–10 m (5 dp)
35919,Anredera cordifolia,2004-05-01T12:00:00,Southern Reserves Flora&Fauna Apndx4 POM,Lambeth Reserve,-33.971772,150.996708,,,,,2004,5,1,,,,,,,,,,,CB Council,Prototype,6,2004,<1 m (6+ dp)
4273,Acacia pubescens,2009-10-22T00:00:00,DPIE Data from Scientific Licences dataset,Lansdowne,-33.892551,150.976128,,,,occurrenceRemarks withheld,2009.0,10.0,22.0,,,locality withheld,locationRemarks withheld,,,NSW National Parks and Wildlife Service,HUMAN_OBSERVATION,,ODMP11031700,CB Council,ALA,6,2009,<1 m (6+ dp)
39721,Juncus kraussii,2004-05-01T12:00:00,Deepwater Flora&Fauna Apndx5 POM,Kelso Creek,-33.950301,150.984015,,,,,2004,5,1,,,,,,,,,,,CB Council,Prototype,6,2004,<1 m (6+ dp)
37511,Cynodon dactylon,2004-05-01T12:00:00,Birrong Sefton Flora&Fauna Apndx3 POM,Maluga Passive Pk,-33.894195,151.015561,,,,,2004,5,1,,,,,,,,,,,CB Council,Prototype,6,2004,<1 m (6+ dp)
10659,Dendrobium speciosum,2019-09-23T10:33:00,iNaturalist research-grade observations,Not in a reserve,-33.976803,151.009429,,,,,2019.0,9.0,23.0,,,,,Rolf Lawrenz,2019-10-18T08:06:59Z,,HUMAN_OBSERVATION,,Rolf Lawrenz,CB Council,iNaturalist,6,2019,<1 m (6+ dp)
26944,Glycine tabacina,2004-01-16T00:00:00,DPIE Data from Scientific Licences dataset,Not in a reserve,-33.910549,150.988188,,,,occurrenceRemarks withheld,2004.0,1.0,16.0,,,locality withheld,locationRemarks withheld,,,NSW National Parks and Wildlife Service,HUMAN_OBSERVATION,,ODMP04110301,CB Council,ALA,6,2004,<1 m (6+ dp)
24629,Stylidium graminifolium,2011-02-17T00:00:00,NP_GEORGES Vegetation Survey,Not in a reserve,-33.979289,151.007574,,,,occurrenceRemarks withheld,2011.0,2.0,17.0,,Floristic Data,locality withheld,locationRemarks withheld,,,NSW Dept of Planning and Environment,HUMAN_OBSERVATION,,OJSS00112900;VEG-NICR,CB Council,ALA,6,2011,<1 m (6+ dp)
33438,Hibbertia puberula,2019-05-20T00:00:00,DPIE Data from Scientific Licences dataset,Not in a reserve,-33.917047,150.978656,,,,occurrenceRemarks withheld,2019.0,5.0,20.0,,,locality withheld,locationRemarks withheld,,,NSW National Parks and Wildlife Service,HUMAN_OBSERVATION,,OPUR18091500;OICG19070400;OJJS20071501,CB Council,ALA,6,2019,<1 m (6+ dp)
9529,Acacia terminalis,2023-06-23T14:44:13,iNaturalist research-grade observations,Not in a reserve,-33.976858,151.018576,,flowers,,,2023.0,6.0,23.0,,,,,avid_dattenborough,2023-06-25T13:34:45Z,,HUMAN_OBSERVATION,,avid_dattenborough,CB Council,iNaturalist,6,2023,<1 m (6+ dp)
19936,Leucopogon juniperinus,2020-03-16T00:00:00,DPIE Data from Scientific Licences dataset,Not in a reserve,-33.918193,150.978096,,,,occurrenceRemarks withheld,2020.0,3.0,16.0,,,locality withheld,locationRemarks withheld,,,NSW National Parks and Wildlife Service,HUMAN_OBSERVATION,,OJJS19031803;OJJS20080501,CB Council,ALA,6,2020,<1 m (6+ dp)
29752,Casuarina glauca,2008-12-07T00:00:00,DPIE Data from Scientific Licences dataset,Not in a reserve,-33.921711,150.997024,,,,occurrenceRemarks withheld,2008.0,12.0,7.0,,,locality withheld,locationRemarks withheld,,,NSW National Parks and Wildlife Service,HUMAN_OBSERVATION,,ODMP08080501,CB Council,ALA,6,2008,<1 m (6+ dp)
32669,Cenchrus clandestinus,2001-12-21T00:00:00,DPIE Default Sightings,Lambeth Reserve,-33.972761,150.998401,,,introduced,occurrenceRemarks withheld,2001.0,12.0,21.0,,,locality withheld,locationRemarks withheld,,,NSW Dept of Planning and Environment,HUMAN_OBSERVATION,,OPXE96052900;OSGH99040700,CB Council,ALA,6,2001,<1 m (6+ dp)
7721,Persicaria decipiens,2021-02-09T10:31:00,iNaturalist research-grade observations,Not in a reserve,-33.944904,151.052948,,,,,2021.0,2.0,9.0,,,,,Thomas Mesaglio,2021-02-09T02:24:18Z,,HUMAN_OBSERVATION,,Thomas Mesaglio,CB Council,iNaturalist,6,2021,<1 m (6+ dp)
6623,Melaleuca styphelioides,2023-06-27T12:11:00,iNaturalist research-grade observations,Crest,-33.909191,150.99527,,,,,2023.0,6.0,27.0,,,,,Thomas Mesaglio,2023-06-27T07:40:43Z,,HUMAN_OBSERVATION,,Thomas Mesaglio,CB Council,iNaturalist,6,2023,<1 m (6+ dp)
24839,Cardiospermum grandiflorum,2008-01-17T00:00:00,DPIE Data from Scientific Licences dataset,Kentucky Reserve,-33.928156,150.979715,,,introduced,occurrenceRemarks withheld,2008.0,1.0,17.0,,,locality withheld,locationRemarks withheld,,,NSW National Parks and Wildlife Service,HUMAN_OBSERVATION,,OJJS07082200,CB Council,ALA,6,2008,<1 m (6+ dp)
6651,Melia azedarach,2021-10-22T11:41:00,iNaturalist research-grade observations,Not in a reserve,-33.942467,151.048081,,,,,2021.0,10.0,22.0,,,,,Thomas Mesaglio,2021-10-23T12:18:22Z,,HUMAN_OBSERVATION,,Thomas Mesaglio,CB Council,iNaturalist,6,2021,<1 m (6+ dp)
26067,Acacia pubescens,2009-09-16T00:00:00,DPIE Data from Scientific Licences dataset,Carysfield,-33.90175,150.997733,,,,occurrenceRemarks withheld,2009.0,9.0,16.0,,,locality withheld,locationRemarks withheld,,,NSW National Parks and Wildlife Service,HUMAN_OBSERVATION,,ODMP11031700,CB Council,ALA,6,2009,<1 m (6+ dp)
6948,Cryptostylis erecta,2022-01-16T17:32:00,iNaturalist research-grade observations,Not in a reserve,-33.926648,151.140869,,,,,2022.0,1.0,16.0,,,,,lostinthebush,2022-01-16T10:09:35Z,,HUMAN_OBSERVATION,,lostinthebush,CB Council,iNaturalist,6,2022,<1 m (6+ dp)
23027,Cassytha glabella,2000-06-01T00:00:00,DTHOMAS2 Vegetation Survey,Not in a reserve,-33.928986,151.024518,,,,occurrenceRemarks withheld,2000.0,6.0,1.0,,Floristic Data,locality withheld,locationRemarks withheld,,,"David Thomas, 9 Miriam Road, Denistone",HUMAN_OBSERVATION,,OPUR23081001,CB Council,ALA,6,2000,<1 m (6+ dp)
26826,Acacia pubescens,2009-08-18T00:00:00,DPIE Data from Scientific Licences dataset,Carysfield,-33.903418,150.997175,,,,occurrenceRemarks withheld,2009.0,8.0,18.0,,,locality withheld,locationRemarks withheld,,,NSW National Parks and Wildlife Service,HUMAN_OBSERVATION,,ODMP11031700,CB Council,ALA,6,2009,<1 m (6+ dp)
39939,Lepidium campestre,2004-05-01T12:00:00,The Crest-Appendix,Louisa,-33.905454,150.999701,,,,,2004,5,1,,,,,,,,,,,CB Council,Prototype,6,2004,<1 m (6+ dp)
30270,Daviesia ulicifolia,1999-06-28T00:00:00,GEORGES Vegetation Survey,Lot 5 Prescott Parade,-33.945452,150.972476,,,,occurrenceRemarks withheld,1999.0,6.0,28.0,,Floristic Data,locality withheld,locationRemarks withheld,,,NSW Dept of Planning and Environment,HUMAN_OBSERVATION,,OVLU99062101;OSLS05031800,CB Council,ALA,6,1999,<1 m (6+ dp)
27708,Acacia pubescens,2009-09-01T00:00:00,DPIE Data from Scientific Licences dataset,Carysfield,-33.903226,150.998109,,,,occurrenceRemarks withheld,2009.0,9.0,1.0,,,locality withheld,locationRemarks withheld,,,NSW National Parks and Wildlife Service,HUMAN_OBSERVATION,,ODMP11031700,CB Council,ALA,6,2009,<1 m (6+ dp)
21384,Anredera cordifolia,2015-12-10T00:00:00,DPIE Data from Scientific Licences dataset,Miram-Beena,-33.908598,150.974971,,,introduced,occurrenceRemarks withheld,2015.0,12.0,10.0,,,locality withheld,locationRemarks withheld,,,NSW National Parks and Wildlife Service,HUMAN_OBSERVATION,,OIXR13102801,CB Council,ALA,6,2015,<1 m (6+ dp)
37608,Rytidosperma racemosum,2004-05-01T12:00:00,Lansdowne area Flora&Fauna Appndx6 POM,Miram-Beena,-33.906477,150.980754,,,,,2004,5,1,,,,,,,,,,,CB Council,Prototype,6,2004,<1 m (6+ dp)
33541,Commelina cyanea,2011-05-11T00:00:00,DPIE Data from Scientific Licences dataset,Not in a reserve,-33.944108,151.067477,,,,occurrenceRemarks withheld,2011.0,5.0,11.0,,,locality withheld,locationRemarks withheld,,,NSW National Parks and Wildlife Service,HUMAN_OBSERVATION,,OIXR13121102,CB Council,ALA,6,2011,<1 m (6+ dp)
7352,Wahlenbergia gracilis,2024-11-16T11:10:01,iNaturalist observations,Lansdowne,-33.894247,150.974809,,flowers,,,2024.0,11.0,16.0,,,,,,,,HUMAN_OBSERVATION,,Bronwyn,CB Council,iNaturalist,6,2024,<1 m (6+ dp)
8059,Amyema congener,2023-11-20T16:37:37,iNaturalist research-grade observations,Not in a reserve,-33.92923,151.136458,,,,,2023.0,11.0,20.0,,,,,Naomi S,2023-11-23T03:48:48Z,,HUMAN_OBSERVATION,,Naomi S,CB Council,iNaturalist,6,2023,<1 m (6+ dp)
5028,Dianella longifolia,2018-12-18T00:00:00,DPIE Data from Scientific Licences dataset,Lansdowne,-33.893002,150.974849,,,,occurrenceRemarks withheld,2018.0,12.0,18.0,,,locality withheld,locationRemarks withheld,,,NSW National Parks and Wildlife Service,HUMAN_OBSERVATION,,OIXR15070200,CB Council,ALA,6,2018,<1 m (6+ dp)
36909,Casuarina glauca,2004-05-01T12:00:00,Birrong Sefton Flora&Fauna Apndx3 POM,Maluga Passive Pk,-33.894195,151.015561,,,,,2004,5,1,,,,,,,,,,,CB Council,Prototype,6,2004,<1 m (6+ dp)
40001,Leptospermum polygalifolium,2004-05-01T12:00:00,Southern Reserves Flora&Fauna Apndx4 POM,Lambeth Reserve,-33.971772,150.996708,,,,,2004,5,1,,,,,,,,,,,CB Council,Prototype,6,2004,<1 m (6+ dp)
35921,Anredera cordifolia,2004-05-01T12:00:00,Southern Reserves Flora&Fauna Apndx4 POM,The River Reserve,-33.969546,151.016111,,,,,2004,5,1,,,,,,,,,,,CB Council,Prototype,6,2004,<1 m (6+ dp)
33131,Entolasia stricta,2011-04-13T00:00:00,ACA Vegetation Survey,Deepwater,-33.951875,150.979561,,,,occurrenceRemarks withheld,2011.0,4.0,13.0,,Floristic Data,locality withheld,locationRemarks withheld,,,Anne Clements & Associates,HUMAN_OBSERVATION,,OEMM09100802;OEMM09100803;OJJS10080400;OIXR13100400,CB Council,ALA,6,2011,<1 m (6+ dp)
32996,Plantago lanceolata,2007-12-18T00:00:00,DPIE Data from Scientific Licences dataset,Not in a reserve,-33.88959,151.038466,,,introduced,occurrenceRemarks withheld,2007.0,12.0,18.0,,,locality withheld,locationRemarks withheld,,,NSW National Parks and Wildlife Service,HUMAN_OBSERVATION,,ODMP08021800,CB Council,ALA,6,2007,<1 m (6+ dp)
30863,Breynia oblongifolia,2020-01-14T00:00:00,DPIE Data from Scientific Licences dataset,Not in a reserve,-33.892634,151.040569,,,,occurrenceRemarks withheld,2020.0,1.0,14.0,,,locality withheld,locationRemarks withheld,,,NSW National Parks and Wildlife Service,HUMAN_OBSERVATION,,OADB11021000;OPUR19032102,CB Council,ALA,6,2020,<1 m (6+ dp)
4802,Acacia falcata,2014-11-06T00:00:00,GC-offsets Vegetation Survey,Lansdowne,-33.894044,150.974255,,,,occurrenceRemarks withheld,2014.0,11.0,6.0,,Floristic Data,locality withheld,locationRemarks withheld,,,NSW Dept of Planning and Environment,HUMAN_OBSERVATION,,UNKN,CB Council,ALA,6,2014,<1 m (6+ dp)
27641,Parietaria judaica,2023-03-20T00:00:00,DPIE Data from Scientific Licences dataset,Not in a reserve,-33.940454,150.995817,,,introduced,occurrenceRemarks withheld,2023.0,3.0,20.0,,,locality withheld,locationRemarks withheld,,,NSW National Parks and Wildlife Service,HUMAN_OBSERVATION,,ODFK24022802,CB Council,ALA,6,2023,<1 m (6+ dp)
26765,Acacia pubescens,2024-05-28T00:00:00,DPIE Data from Scientific Licences dataset,Not in a reserve,-33.89015,151.03269,,,,occurrenceRemarks withheld,2024.0,5.0,28.0,,,locality withheld,locationRemarks withheld,,,NSW National Parks and Wildlife Service,HUMAN_OBSERVATION,,OLHP24010904;OLHP24010909,CB Council,ALA,5,2024,≈1–10 m (5 dp)
26078,Imperata cylindrica,2014-08-08T00:00:00,DPIE Data from Scientific Licences dataset,Not in a reserve,-33.935959,151.114679,,N  No Breeding Evident,,occurrenceRemarks withheld,2014.0,8.0,8.0,,,locality withheld,locationRemarks withheld,,,NSW National Parks and Wildlife Service,HUMAN_OBSERVATION,,OCAM11011800,CB Council,ALA,6,2014,<1 m (6+ dp)
23814,Eustrephus latifolius,1999-02-15T00:00:00,DPIE Data from Scientific Licences dataset,Norfolk Reserve,-33.893488,151.062926,,,,occurrenceRemarks withheld,1999.0,2.0,15.0,,,locality withheld,locationRemarks withheld,,,NSW National Parks and Wildlife Service,HUMAN_OBSERVATION,,OJKP98040900,CB Council,ALA,6,1999,<1 m (6+ dp)
33042,Bidens pilosa,2014-02-05T00:00:00,ACA Vegetation Survey,Deepwater,-33.94749,150.974969,,,introduced,occurrenceRemarks withheld,2014.0,2.0,5.0,,Floristic Data,locality withheld,locationRemarks withheld,,,Anne Clements & Associates,HUMAN_OBSERVATION,,OEMM09100802;OIXR13100400,CB Council,ALA,6,2014,<1 m (6+ dp)
34086,Corymbia citriodora,2020-02-19T00:00:00,DPIE Data from Scientific Licences dataset,Not in a reserve,-33.904543,151.038029,,,introduced,occurrenceRemarks withheld,2020.0,2.0,19.0,,,locality withheld,locationRemarks withheld,,,NSW National Parks and Wildlife Service,HUMAN_OBSERVATION,,OPUR17042400,CB Council,ALA,6,2020,<1 m (6+ dp)
38252,Entolasia stricta,2004-05-01T12:00:00,The Crest-Appendix,Carysfield,-33.902185,150.998468,,,,,2004,5,1,,,,,,,,,,,CB Council,Prototype,6,2004,<1 m (6+ dp)
25996,Solanum pseudocapsicum,2015-11-23T00:00:00,DPIE Data from Scientific Licences dataset,Not in a reserve,-33.945433,150.983143,,,introduced,occurrenceRemarks withheld,2015.0,11.0,,,,locality withheld,locationRemarks withheld,,,NSW National Parks and Wildlife Service,HUMAN_OBSERVATION,,ODMP09120203,CB Council,ALA,6,2015,<1 m (6+ dp)
5173,Pelargonium inodorum,2024-10-23T12:00:00,BAM241023_095103,Lansdowne,-33.89297001,150.9768421,5.0,,"Alive in NSW, Native",,2024.0,10.0,23.0,,Florist Data,Lansdowne Reserve,BAM data and floristic data from two monitoring plots collected in 2046,,2024-10-23T12:00:00Z,,human observation,,BLM,CB Council,ALA,8,2024,<1 m (6+ dp)
6050,Ehrharta erecta,2023-04-07T13:39:00,iNaturalist research-grade observations,Not in a reserve,-33.970836,151.041028,,,,,2023.0,4.0,7.0,,,,,Bradley W. Jones,2023-04-07T08:15:05Z,,HUMAN_OBSERVATION,,Bradley W. Jones,CB Council,iNaturalist,6,2023,<1 m (6+ dp)
9834,Notelaea longifolia,2024-05-25T15:59:46,iNaturalist observations,Not in a reserve,-33.929803,151.1344,,,,,2024.0,5.0,25.0,,,,,,,,HUMAN_OBSERVATION,,rhirhi22,CB Council,iNaturalist,6,2024,<1 m (6+ dp)
35285,Passiflora morifolia,2011-04-13T00:00:00,DPIE Data from Scientific Licences dataset,Not in a reserve,-33.951399,150.974736,,,introduced,occurrenceRemarks withheld,2011.0,4.0,,,,locality withheld,locationRemarks withheld,,,NSW National Parks and Wildlife Service,HUMAN_OBSERVATION,,OEMM09100802;OEMM09100803;OJJS10080400;OIXR13062400,CB Council,ALA,6,2011,<1 m (6+ dp)
19855,Vincetoxicum barbatum,2004-05-01T12:00:00,The Crest-Appendix,Crest,-33.908539,150.99598,,,,,2004,5,1,,,,,,,,,,,CB Council,Prototype,6,2004,<1 m (6+ dp)
231,Dodonaea triquetra,2023-10-02T14:20:00,iNaturalist research-grade observations,Lansdowne,-33.896953,150.974197,,,,,2023.0,10.0,2.0,,,,,Thomas Mesaglio,2023-10-02T04:51:19Z,,HUMAN_OBSERVATION,,Thomas Mesaglio,CB Council,iNaturalist,6,2023,<1 m (6+ dp)
21278,Grevillea linearifolia,2010-12-14T00:00:00,NP_GEORGES Vegetation Survey,Not in a reserve,-33.976092,151.007833,,,,occurrenceRemarks withheld,2010.0,12.0,14.0,,Floristic Data,locality withheld,locationRemarks withheld,,,NSW Dept of Planning and Environment,HUMAN_OBSERVATION,,ODMP99111100;VEG-NICR,CB Council,ALA,6,2010,<1 m (6+ dp)
21841,Juncus usitatus,1999-02-15T00:00:00,DPIE Data from Scientific Licences dataset,Not in a reserve,-33.903692,151.095678,,,,occurrenceRemarks withheld,1999.0,2.0,15.0,,,locality withheld,locationRemarks withheld,,,NSW National Parks and Wildlife Service,HUMAN_OBSERVATION,,OJKP98040900,CB Council,ALA,6,1999,<1 m (6+ dp)
42616,Sporobolus pyramidalis,2004-05-01T12:00:00,Adept Tracey Flood Ruse Flora&Fauna Apndx6 POM,Flood Reserve,-33.935995,151.021996,,,,,2004,5,1,,,,,,,,,,,CB Council,Prototype,6,2004,<1 m (6+ dp)
7077,Plectranthus verticillatus,2023-03-17T14:57:06,iNaturalist observations,Not in a reserve,-33.972338,151.003022,,flowers|flower buds,,,2023.0,3.0,17.0,,,,,,,,HUMAN_OBSERVATION,,James K. Douch,CB Council,iNaturalist,6,2023,<1 m (6+ dp)
6205,Denhamia silvestris,2025-04-07T08:19:31,iNaturalist observations,Not in a reserve,-33.908554,150.991257,,,,,2025.0,4.0,7.0,,,,,,,,HUMAN_OBSERVATION,,Shu Chen,CB Council,iNaturalist,6,2025,<1 m (6+ dp)
21547,Oxalis chnoodes,2001-12-01T00:00:00,DTHOMAS2 Vegetation Survey,Not in a reserve,-33.90605,151.067873,,,,occurrenceRemarks withheld,2001.0,12.0,1.0,,Floristic Data,locality withheld,locationRemarks withheld,,,"David Thomas, 9 Miriam Road, Denistone",HUMAN_OBSERVATION,,OPUR23081001,CB Council,ALA,6,2001,<1 m (6+ dp)
39975,Leptinella longipes,2004-05-01T12:00:00,Revesby and Padstow reserves Flora&Fauna Apndx6 POM,Virginius Reserve,-33.960678,151.022552,,,,,2004,5,1,,,,,,,,,,,CB Council,Prototype,6,2004,<1 m (6+ dp)
34619,Cenchrus clandestinus,2015-11-23T00:00:00,DPIE Data from Scientific Licences dataset,Not in a reserve,-33.944646,150.990702,,,introduced,occurrenceRemarks withheld,2015.0,11.0,,,,locality withheld,locationRemarks withheld,,,NSW National Parks and Wildlife Service,HUMAN_OBSERVATION,,ODMP09120203,CB Council,ALA,6,2015,<1 m (6+ dp)
36214,Austrostipa pubescens,2004-05-01T12:00:00,EastHills Flora&Fauna Apndx5 POM,Smith Park,-33.958369,150.990262,,,,,2004,5,1,,,,,,,,,,,CB Council,Prototype,6,2004,<1 m (6+ dp)
23886,Senecio madagascariensis,2008-04-28T00:00:00,DPIE Data from Scientific Licences dataset,Carysfield,-33.902161,150.998009,,,introduced,occurrenceRemarks withheld,2008.0,4.0,,,,locality withheld,locationRemarks withheld,,,NSW National Parks and Wildlife Service,HUMAN_OBSERVATION,,OJJS07082200,CB Council,ALA,6,2008,<1 m (6+ dp)
32047,Geranium homeanum,2008-02-13T00:00:00,METROCMA2 Vegetation Survey,Deepwater,-33.946827,150.972747,,,,occurrenceRemarks withheld,2008.0,2.0,13.0,,Floristic Data,locality withheld,locationRemarks withheld,,,NSW Dept of Planning and Environment,HUMAN_OBSERVATION,,VEG-NICR;OPUR23081001,CB Council,ALA,6,2008,<1 m (6+ dp)
24167,Acacia pubescens,2009-12-10T00:00:00,DPIE Data from Scientific Licences dataset,Adept Lane Reserve,-33.931729,151.036818,,,,occurrenceRemarks withheld,2009.0,12.0,10.0,,,locality withheld,locationRemarks withheld,,,NSW National Parks and Wildlife Service,HUMAN_OBSERVATION,,ODMP11031700,CB Council,ALA,6,2009,<1 m (6+ dp)
6167,Silene gallica,2023-10-02T12:42:00,iNaturalist observations,Lansdowne,-33.901005,150.980011,,,,,2023.0,10.0,2.0,,,,,,,,HUMAN_OBSERVATION,,Thomas Mesaglio,CB Council,iNaturalist,6,2023,<1 m (6+ dp)
10186,Actinotus helianthi,2024-01-07T14:02:00,iNaturalist research-grade observations,Not in a reserve,-33.9717,151.030669,,flowers|flower buds,,,2024.0,1.0,7.0,,,,,Bradley W. Jones,2024-01-07T05:29:32Z,,HUMAN_OBSERVATION,,Bradley W. Jones,CB Council,iNaturalist,6,2024,<1 m (6+ dp)
19436,Acacia longifolia,2006-11-01T00:00:00,DPIE Default Sightings,Salt Pan Reserve,-33.957395,151.040736,,,,occurrenceRemarks withheld,2006.0,11.0,1.0,,,locality withheld,locationRemarks withheld,,,NSW Dept of Planning and Environment,HUMAN_OBSERVATION,,OEMM09111310,CB Council,ALA,6,2006,<1 m (6+ dp)
28504,Eucalyptus microcorys,2015-09-08T00:00:00,DPIE Data from Scientific Licences dataset,East Hills Park,-33.964295,150.982435,,,,occurrenceRemarks withheld,2015.0,9.0,8.0,,,locality withheld,locationRemarks withheld,,,NSW National Parks and Wildlife Service,HUMAN_OBSERVATION,,OJJS12110500,CB Council,ALA,6,2015,<1 m (6+ dp)
3727,Acacia pubescens,2009-10-22T00:00:00,DPIE Data from Scientific Licences dataset,Lansdowne,-33.893104,150.975737,,,,occurrenceRemarks withheld,2009.0,10.0,22.0,,,locality withheld,locationRemarks withheld,,,NSW National Parks and Wildlife Service,HUMAN_OBSERVATION,,ODMP11031700,CB Council,ALA,6,2009,<1 m (6+ dp)
20721,Dimorphotheca fruticosa,2018-04-04T00:00:00,DPIE Data from Scientific Licences dataset,Not in a reserve,-33.917913,151.116308,,,introduced,occurrenceRemarks withheld,2018.0,4.0,4.0,,,locality withheld,locationRemarks withheld,,,NSW National Parks and Wildlife Service,HUMAN_OBSERVATION,,OJJS19102800,CB Council,ALA,6,2018,<1 m (6+ dp)
37692,Daviesia ulicifolia,2004-05-01T12:00:00,Lansdowne area Flora&Fauna Appndx6 POM,Miram-Beena,-33.909351,150.975191,,,,,2004,5,1,,,,,,,,,,,CB Council,Prototype,6,2004,<1 m (6+ dp)
32450,Banksia spinulosa,2009-10-15T00:00:00,DPIE Default Sightings,Not in a reserve,-33.97194,151.03287,,,,occurrenceRemarks withheld,2009.0,10.0,15.0,,,locality withheld,locationRemarks withheld,,,NSW Dept of Planning and Environment,HUMAN_OBSERVATION,,OEMM09102201,CB Council,ALA,5,2009,≈1–10 m (5 dp)
5709,Actinotus helianthi,2021-10-04T15:09:00,iNaturalist research-grade observations,Salt Pan Reserve,-33.95985,151.040058,,flowers|flower buds,,,2021.0,10.0,4.0,,,,,Eamonn Culhane,2021-10-05T06:55:51Z,,HUMAN_OBSERVATION,,Eamonn Culhane,CB Council,iNaturalist,6,2021,<1 m (6+ dp)
27039,Ehrharta erecta,2021-06-24T00:00:00,DPIE Data from Scientific Licences dataset,Not in a reserve,-33.879133,150.987624,,,introduced,occurrenceRemarks withheld,2021.0,6.0,24.0,,,locality withheld,locationRemarks withheld,,,NSW National Parks and Wildlife Service,HUMAN_OBSERVATION,,OIXR14071700,CB Council,ALA,6,2021,<1 m (6+ dp)
29056,Acacia pubescens,2013-12-17T00:00:00,DPIE Data from Scientific Licences dataset,Not in a reserve,-33.888269,151.029949,,,,occurrenceRemarks withheld,2013.0,12.0,17.0,,,locality withheld,locationRemarks withheld,,,NSW National Parks and Wildlife Service,HUMAN_OBSERVATION,,OPJGI0001401,CB Council,ALA,6,2013,<1 m (6+ dp)
41766,Plantago major,2004-05-01T12:00:00,Milperra area Flora&Fauna Apndx5 POM,Newland Reserve,-33.938076,150.978967,,,,,2004,5,1,,,,,,,,,,,CB Council,Prototype,6,2004,<1 m (6+ dp)
25249,Aristida vagans,2007-07-24T00:00:00,DTHOMAS2 Vegetation Survey,Not in a reserve,-33.930127,151.005778,,,,occurrenceRemarks withheld,2007.0,7.0,24.0,,Floristic Data,locality withheld,locationRemarks withheld,,,"David Thomas, 9 Miriam Road, Denistone",HUMAN_OBSERVATION,,OPUR23081001,CB Council,ALA,6,2007,<1 m (6+ dp)
21931,Solanum nigrum,2014-02-05T00:00:00,ACA Vegetation Survey,Deepwater,-33.949588,150.97427,,,introduced,occurrenceRemarks withheld,2014.0,2.0,5.0,,Floristic Data,locality withheld,locationRemarks withheld,,,Anne Clements & Associates,HUMAN_OBSERVATION,,OEMM09100802;OIXR13100400,CB Council,ALA,6,2014,<1 m (6+ dp)
33950,Juncus usitatus,2016-06-23T00:00:00,DPIE Data from Scientific Licences dataset,Not in a reserve,-33.903638,151.095381,,FR Fresh Fruit,,occurrenceRemarks withheld,2016.0,6.0,23.0,,,locality withheld,locationRemarks withheld,,,NSW National Parks and Wildlife Service,HUMAN_OBSERVATION,,OCAM11011800,CB Council,ALA,6,2016,<1 m (6+ dp)
2350,Acacia pubescens,2009-10-22T00:00:00,DPIE Data from Scientific Licences dataset,Lansdowne,-33.892681,150.976374,,,,occurrenceRemarks withheld,2009.0,10.0,22.0,,,locality withheld,locationRemarks withheld,,,NSW National Parks and Wildlife Service,HUMAN_OBSERVATION,,ODMP11031700,CB Council,ALA,6,2009,<1 m (6+ dp)
8144,Eucalyptus saligna,2021-06-18T14:05:00,iNaturalist observations,Not in a reserve,-33.931699,151.122089,,,,,2021.0,6.0,18.0,,,,,,,,HUMAN_OBSERVATION,,lostinthebush,CB Council,iNaturalist,6,2021,<1 m (6+ dp)
38513,Eucalyptus eugenioides,2004-05-01T12:00:00,Greenacre Flora&Fauna Apndx3 POM,Bromley Reserve,-33.909247,151.053065,,,,,2004,5,1,,,,,,,,,,,CB Council,Prototype,6,2004,<1 m (6+ dp)
23291,Oplismenus hirtellus,2008-02-14T00:00:00,METROCMA2 Vegetation Survey,Not in a reserve,-33.973846,151.004433,,,,occurrenceRemarks withheld,2008.0,2.0,14.0,,Floristic Data,locality withheld,locationRemarks withheld,,,NSW Dept of Planning and Environment,HUMAN_OBSERVATION,,VEG-NICR;OPUR23081001,CB Council,ALA,6,2008,<1 m (6+ dp)
6295,Phragmites australis,2020-04-25T09:17:37,iNaturalist research-grade observations,Not in a reserve,-33.926954,151.139926,,,,,2020.0,4.0,25.0,,,,,t_plummetus,2020-04-28T11:24:04Z,,HUMAN_OBSERVATION,,t_plummetus,CB Council,iNaturalist,6,2020,<1 m (6+ dp)
24459,Oxalis perennans,1999-02-11T00:00:00,DPIE Data from Scientific Licences dataset,Carysfield,-33.900784,150.997609,,,,occurrenceRemarks withheld,1999.0,2.0,11.0,,,locality withheld,locationRemarks withheld,,,NSW National Parks and Wildlife Service,HUMAN_OBSERVATION,,OPJGI0002327,CB Council,ALA,6,1999,<1 m (6+ dp)
36288,Avicennia marina var australasica,2004-05-01T12:00:00,EastHills Flora&Fauna Apndx5 POM,Monash Reserve,-33.963992,150.988145,,,,,2004,5,1,,,,,,,,,,,CB Council,Prototype,6,2004,<1 m (6+ dp)
30277,Centaurium tenuiflorum,2008-02-13T00:00:00,METROCMA2 Vegetation Survey,Deepwater,-33.95152,150.980112,,,introduced,occurrenceRemarks withheld,2008.0,2.0,13.0,,Floristic Data,locality withheld,locationRemarks withheld,,,NSW Dept of Planning and Environment,HUMAN_OBSERVATION,,VEG-NICR;OPUR23081001,CB Council,ALA,6,2008,<1 m (6+ dp)
18955,Eucalyptus baueriana,2021-07-26T04:43:00,Individual sighting,Deepwater,-33.951601,150.976833,1.0,,,"Top side of leaf, transmitted light. Immature or juvenile leaf. ",2021.0,7.0,26.0,,,,nullnull,,,,HUMAN_OBSERVATION,,Michael Hains,CB Council,ALA,6,2021,<1 m (6+ dp)
988,Leichhardtia viridiflora subsp. viridiflora,2020-05-29T00:00:00,DPIE Data from Scientific Licences dataset,Lansdowne,-33.893826,150.975199,,,,occurrenceRemarks withheld,2020.0,5.0,29.0,,,locality withheld,locationRemarks withheld,,,NSW National Parks and Wildlife Service,HUMAN_OBSERVATION,,OJJS16072001,CB Council,ALA,6,2020,<1 m (6+ dp)
26161,Plantago lanceolata,2008-02-13T00:00:00,METROCMA2 Vegetation Survey,Deepwater,-33.951541,150.975881,,,introduced,occurrenceRemarks withheld,2008.0,2.0,13.0,,Floristic Data,locality withheld,locationRemarks withheld,,,NSW Dept of Planning and Environment,HUMAN_OBSERVATION,,VEG-NICR;OPUR23081001,CB Council,ALA,6,2008,<1 m (6+ dp)
257,Hypericum perforatum,2021-12-31T10:38:43,iNaturalist research-grade observations,Lansdowne,-33.896295,150.972908,,,,,2021.0,12.0,31.0,,,,,Guy Taseski,2022-01-01T12:35:19Z,,HUMAN_OBSERVATION,,werrikimbee,CB Council,iNaturalist,6,2021,<1 m (6+ dp)
3765,Acacia pubescens,2009-10-22T00:00:00,DPIE Data from Scientific Licences dataset,Lansdowne,-33.892674,150.977055,,,,occurrenceRemarks withheld,2009.0,10.0,22.0,,,locality withheld,locationRemarks withheld,,,NSW National Parks and Wildlife Service,HUMAN_OBSERVATION,,ODMP11031700,CB Council,ALA,6,2009,<1 m (6+ dp)
28181,Melaleuca decora,2004-01-16T00:00:00,DPIE Data from Scientific Licences dataset,Not in a reserve,-33.910549,150.988188,,,,occurrenceRemarks withheld,2004.0,1.0,16.0,,,locality withheld,locationRemarks withheld,,,NSW National Parks and Wildlife Service,HUMAN_OBSERVATION,,ODMP04110301,CB Council,ALA,6,2004,<1 m (6+ dp)
42293,Senecio hispidulus,2004-05-01T12:00:00,Norfolk Flora&Fauna Apndx3 POM,Norfolk Reserve,-33.893604,151.062656,,,,,2004,5,1,,,,,,,,,,,CB Council,Prototype,6,2004,<1 m (6+ dp)
27649,Pandorea pandorana,2016-04-09T00:00:00,DPIE Data from Scientific Licences dataset,Not in a reserve,-33.929541,151.128481,,,,occurrenceRemarks withheld,2016.0,4.0,9.0,,,locality withheld,locationRemarks withheld,,,NSW National Parks and Wildlife Service,HUMAN_OBSERVATION,,OLJH97031100,CB Council,ALA,6,2016,<1 m (6+ dp)
28320,Cassinia uncata,2016-06-22T00:00:00,DPIE Data from Scientific Licences dataset,Not in a reserve,-33.924622,151.061751,,,,occurrenceRemarks withheld,2016.0,6.0,,,,locality withheld,locationRemarks withheld,,,NSW National Parks and Wildlife Service,HUMAN_OBSERVATION,,OJJS10042000;OIXR13081400,CB Council,ALA,6,2016,<1 m (6+ dp)
10608,Eucalyptus fibrosa,2021-10-22T12:10:00,iNaturalist research-grade observations,Not in a reserve,-33.941795,151.049301,,,,,2021.0,10.0,22.0,,,,,Thomas Mesaglio,2021-10-27T23:35:34Z,,HUMAN_OBSERVATION,,Thomas Mesaglio,CB Council,iNaturalist,6,2021,<1 m (6+ dp)
20234,Lepyrodia scariosa,1999-05-05T00:00:00,GEORGES Vegetation Survey,Not in a reserve,-33.973341,151.009964,,,,occurrenceRemarks withheld,1999.0,5.0,5.0,,Floristic Data,locality withheld,locationRemarks withheld,,,NSW Dept of Planning and Environment,HUMAN_OBSERVATION,,OVLU99062101;OSLS05031800,CB Council,ALA,6,1999,<1 m (6+ dp)
30671,Acacia decurrens,2018-05-23T00:00:00,DPIE Data from Scientific Licences dataset,Not in a reserve,-33.930461,150.980164,,,,occurrenceRemarks withheld,2018.0,5.0,23.0,,,locality withheld,locationRemarks withheld,,,NSW National Parks and Wildlife Service,HUMAN_OBSERVATION,,OIXR15013005,CB Council,ALA,6,2018,<1 m (6+ dp)
33956,Eucalyptus grandis,2007-04-16T00:00:00,ACA Vegetation Survey,Deepwater,-33.947382,150.972256,,,,occurrenceRemarks withheld,2007.0,4.0,16.0,,Floristic Data,locality withheld,locationRemarks withheld,,,Anne Clements & Associates,HUMAN_OBSERVATION,,ODMP05122005;OEMM09100802;OPUR23021400,CB Council,ALA,6,2007,<1 m (6+ dp)
30374,Acianthus fornicatus,1999-06-22T00:00:00,GEORGES Vegetation Survey,Not in a reserve,-33.981062,150.99961,,,,occurrenceRemarks withheld,1999.0,6.0,22.0,,Floristic Data,locality withheld,locationRemarks withheld,,,NSW Dept of Planning and Environment,HUMAN_OBSERVATION,,OVLU99062101;OSLS05031800,CB Council,ALA,6,1999,<1 m (6+ dp)
11177,Acacia saligna,2022-08-12T15:08:16,iNaturalist research-grade observations,Not in a reserve,-33.942072,151.054402,,flowers|flower buds,,,2022.0,8.0,12.0,,,,,David,2022-08-12T10:55:15Z,,HUMAN_OBSERVATION,,David,CB Council,iNaturalist,6,2022,<1 m (6+ dp)
23450,Olea europaea,2019-06-06T00:00:00,DPIE Data from Scientific Licences dataset,Not in a reserve,-33.887291,151.047838,,,introduced,occurrenceRemarks withheld,2019.0,6.0,6.0,,,locality withheld,locationRemarks withheld,,,NSW National Parks and Wildlife Service,HUMAN_OBSERVATION,,OPUR19032102,CB Council,ALA,6,2019,<1 m (6+ dp)
7820,Hibbertia scandens,2022-10-10T11:28:51,iNaturalist research-grade observations,Not in a reserve,-33.929612,151.126725,,,,"This species is the Hibbertia scandens, from the Dilleniaceae family and Hibbertia genus. Dilleniaceae consists of species with alternate, simple and entire leaves. Its flowers are actinomorphic and mostly yellow, with 5 sepals and 5 petals. The genus Hibbertia contains flowers with stamens that are numerous and free - its filaments are not united into a tube. The species Hibbertia scandens is a climbing species with long stems. Its leaves are obovate, simple, base tapering and are arranged alternately along the stem. Its leaf margins are entire. Its flowers are yellow, with numerous stamens surrounding few carpels.",2022.0,10.0,10.0,,,,,tresty,2022-10-10T05:57:30Z,,HUMAN_OBSERVATION,,tresty,CB Council,iNaturalist,6,2022,<1 m (6+ dp)
32728,Leichhardtia viridiflora,2010-02-26T00:00:00,DPIE Data from Scientific Licences dataset,Manahan Reserve,-33.92021,151.006797,,,,occurrenceRemarks withheld,2010.0,2.0,26.0,,,locality withheld,locationRemarks withheld,,,NSW National Parks and Wildlife Service,HUMAN_OBSERVATION,,ODMP11031700,CB Council,ALA,6,2010,<1 m (6+ dp)
34887,Eucalyptus punctata,2006-02-21T00:00:00,DPIE Data from Scientific Licences dataset,Not in a reserve,-33.896096,151.026708,,,,occurrenceRemarks withheld,2006.0,2.0,21.0,,,locality withheld,locationRemarks withheld,,,NSW National Parks and Wildlife Service,HUMAN_OBSERVATION,,OPXE99012800,CB Council,ALA,6,2006,<1 m (6+ dp)
7272,Microtis parviflora,2024-09-23T10:03:00,iNaturalist observations,Not in a reserve,-33.970636,151.032231,,,,,2024.0,9.0,23.0,,,,,,,,HUMAN_OBSERVATION,,Rolf Lawrenz,CB Council,iNaturalist,6,2024,<1 m (6+ dp)
39506,Hypochaeris glabra,2004-05-01T12:00:00,The Crest-Appendix,Crest,-33.908539,150.99598,,,,,2004,5,1,,,,,,,,,,,CB Council,Prototype,6,2004,<1 m (6+ dp)
93,Solanum chenopodioides,2023-10-02T12:18:00,iNaturalist research-grade observations,Lansdowne,-33.902485,150.979553,,,,,2023.0,10.0,2.0,,,,,Thomas Mesaglio,2023-10-02T05:51:53Z,,HUMAN_OBSERVATION,,Thomas Mesaglio,CB Council,iNaturalist,6,2023,<1 m (6+ dp)
31255,Acacia pubescens,2009-08-18T00:00:00,DPIE Data from Scientific Licences dataset,Carysfield,-33.903181,150.997061,,,,occurrenceRemarks withheld,2009.0,8.0,18.0,,,locality withheld,locationRemarks withheld,,,NSW National Parks and Wildlife Service,HUMAN_OBSERVATION,,ODMP11031700,CB Council,ALA,6,2009,<1 m (6+ dp)
32134,Melaleuca nodosa,2008-04-30T00:00:00,DPIE Data from Scientific Licences dataset,Norfolk Reserve,-33.893591,151.06261,,,,occurrenceRemarks withheld,2008.0,,,,,locality withheld,locationRemarks withheld,,,NSW National Parks and Wildlife Service,HUMAN_OBSERVATION,,OJJS07082200,CB Council,ALA,6,2008,<1 m (6+ dp)
38515,Eucalyptus eugenioides,2004-05-01T12:00:00,Lansdowne area Flora&Fauna Appndx6 POM,Lansdowne,-33.896245,150.978391,,,,,2004,5,1,,,,,,,,,,,CB Council,Prototype,6,2004,<1 m (6+ dp)
25712,Acacia pubescens,1943-09-14T00:00:00,DPIE Default Sightings,Not in a reserve,-33.885998,151.006063,,,,occurrenceRemarks withheld,1943.0,9.0,14.0,,,locality withheld,locationRemarks withheld,,,NSW Dept of Planning and Environment,PRESERVED_SPECIMEN,,RUPHM,CB Council,ALA,6,1943,<1 m (6+ dp)
10285,Melaleuca decora,2020-01-16T07:30:19,iNaturalist observations,Not in a reserve,-33.94862,150.989081,,,,,2020.0,1.0,16.0,,,,,,,,HUMAN_OBSERVATION,,wcrocker92,CB Council,iNaturalist,6,2020,<1 m (6+ dp)
36620,Bryophyllum delagoense,2004-05-01T12:00:00,Southern Reserves Flora&Fauna Apndx4 POM,Prince Reserve,-33.968983,151.014439,,,,,2004,5,1,,,,,,,,,,,CB Council,Prototype,6,2004,<1 m (6+ dp)
38887,Foeniculum vulgare,2004-05-01T12:00:00,Bankstown Airport Reserves Flora&Fauna Apndx6 POM,Kentucky Reserve,-33.922449,150.975933,,,,,2004,5,1,,,,,,,,,,,CB Council,Prototype,6,2004,<1 m (6+ dp)
1390,Acacia pubescens,2009-10-22T00:00:00,DPIE Data from Scientific Licences dataset,Lansdowne,-33.892684,150.977098,,,,occurrenceRemarks withheld,2009.0,10.0,22.0,,,locality withheld,locationRemarks withheld,,,NSW National Parks and Wildlife Service,HUMAN_OBSERVATION,,ODMP11031700,CB Council,ALA,6,2009,<1 m (6+ dp)
37530,Cyperus difformis,2004-05-01T12:00:00,Lansdowne area Flora&Fauna Appndx6 POM,Lansdowne,-33.896245,150.978391,,,,,2004,5,1,,,,,,,,,,,CB Council,Prototype,6,2004,<1 m (6+ dp)
24889,Acacia pubescens,2009-09-16T00:00:00,DPIE Data from Scientific Licences dataset,Salt Pan Reserve,-33.939755,151.0391,,,,occurrenceRemarks withheld,2009.0,9.0,16.0,,,locality withheld,locationRemarks withheld,,,NSW National Parks and Wildlife Service,HUMAN_OBSERVATION,,ODMP11031700,CB Council,ALA,6,2009,<1 m (6+ dp)
19628,Microlaena stipoides,2001-12-21T00:00:00,DPIE Default Sightings,Lambeth Reserve,-33.972089,150.995906,,,,occurrenceRemarks withheld,2001.0,12.0,21.0,,,locality withheld,locationRemarks withheld,,,NSW Dept of Planning and Environment,HUMAN_OBSERVATION,,OPXE96052900;OSGH99040700,CB Council,ALA,6,2001,<1 m (6+ dp)
40739,Microlaena stipoides,2004-05-01T12:00:00,Birrong Sefton Flora&Fauna Apndx3 POM,Maluga Passive Pk,-33.894195,151.015561,,,,,2004,5,1,,,,,,,,,,,CB Council,Prototype,6,2004,<1 m (6+ dp)
10882,Persoonia levis,2021-11-23T15:39:00,iNaturalist research-grade observations,Not in a reserve,-33.977681,151.003106,,flower buds,,,2021.0,11.0,23.0,,,,,Eamonn Culhane,2021-12-22T11:51:06Z,,HUMAN_OBSERVATION,,Eamonn Culhane,CB Council,iNaturalist,6,2021,<1 m (6+ dp)
41241,Pandorea pandorana,2004-05-01T12:00:00,Deepwater Flora&Fauna Apndx5 POM,Deepwater,-33.949066,150.976607,,,,,2004,5,1,,,,,,,,,,,CB Council,Prototype,6,2004,<1 m (6+ dp)
31015,Phoenix canariensis,2010-03-22T00:00:00,DPIE Data from Scientific Licences dataset,Not in a reserve,-33.926466,151.144215,,,introduced,occurrenceRemarks withheld,2010.0,3.0,22.0,,,locality withheld,locationRemarks withheld,,,NSW National Parks and Wildlife Service,HUMAN_OBSERVATION,,OPJGI0002201,CB Council,ALA,6,2010,<1 m (6+ dp)
27776,Acacia pubescens,2009-12-10T00:00:00,DPIE Data from Scientific Licences dataset,Norfolk Reserve,-33.893816,151.062643,,,,occurrenceRemarks withheld,2009.0,12.0,10.0,,,locality withheld,locationRemarks withheld,,,NSW National Parks and Wildlife Service,HUMAN_OBSERVATION,,ODMP11031700,CB Council,ALA,6,2009,<1 m (6+ dp)
6992,Pterostylis nutans,2022-06-02T11:49:23,iNaturalist observations,Not in a reserve,-33.930887,151.131332,,,,I assume these might be nutans?,2022.0,6.0,2.0,,,,,,,,HUMAN_OBSERVATION,,David,CB Council,iNaturalist,6,2022,<1 m (6+ dp)
22982,Solanum stelligerum,2009-04-17T00:00:00,DPIE Default Sightings,Crest,-33.90947,150.99401,,,,occurrenceRemarks withheld,2009.0,4.0,17.0,,,locality withheld,locationRemarks withheld,,,NSW Dept of Planning and Environment,HUMAN_OBSERVATION,,OEMM09102201,CB Council,ALA,5,2009,≈1–10 m (5 dp)
26463,Stylidium lineare,2010-12-14T00:00:00,NP_GEORGES Vegetation Survey,Not in a reserve,-33.97447,151.007351,,,,occurrenceRemarks withheld,2010.0,12.0,14.0,,Floristic Data,locality withheld,locationRemarks withheld,,,NSW Dept of Planning and Environment,HUMAN_OBSERVATION,,ODMP99111100;VEG-NICR,CB Council,ALA,6,2010,<1 m (6+ dp)
8239,Asparagus aethiopicus,2025-03-04T14:08:07,iNaturalist research-grade observations,Lansdowne,-33.896233,150.980392,,,,,2025.0,3.0,4.0,,,,,Michael Mahoney,2025-03-04T04:10:09Z,,HUMAN_OBSERVATION,,Michael Mahoney,CB Council,iNaturalist,6,2025,<1 m (6+ dp)
26163,Lomandra filiformis,2021-06-24T00:00:00,DPIE Data from Scientific Licences dataset,Not in a reserve,-33.879133,150.987624,,,,occurrenceRemarks withheld,2021.0,6.0,24.0,,,locality withheld,locationRemarks withheld,,,NSW National Parks and Wildlife Service,HUMAN_OBSERVATION,,OIXR14071700,CB Council,ALA,6,2021,<1 m (6+ dp)
29109,Cyperus laevis,2008-02-13T00:00:00,METROCMA2 Vegetation Survey,Deepwater,-33.948794,150.973327,,,,occurrenceRemarks withheld,2008.0,2.0,13.0,,Floristic Data,locality withheld,locationRemarks withheld,,,NSW Dept of Planning and Environment,HUMAN_OBSERVATION,,VEG-NICR;OPUR23081001,CB Council,ALA,6,2008,<1 m (6+ dp)
36706,Callistemon linearis,2004-05-01T12:00:00,The Crest-Appendix,Carysfield,-33.902185,150.998468,,,,,2004,5,1,,,,,,,,,,,CB Council,Prototype,6,2004,<1 m (6+ dp)
36376,Bidens pilosa,2004-05-01T12:00:00,Adept Tracey Flood Ruse Flora&Fauna Apndx6 POM,Tracey Reserve,-33.941365,151.004437,,,,,2004,5,1,,,,,,,,,,,CB Council,Prototype,6,2004,<1 m (6+ dp)
28901,Banksia serrata,2022-03-21T00:00:00,DPIE Data from Scientific Licences dataset,Not in a reserve,-33.912606,151.034377,,,,occurrenceRemarks withheld,2022.0,3.0,,,,locality withheld,locationRemarks withheld,,,NSW National Parks and Wildlife Service,HUMAN_OBSERVATION,,OJAL01071800,CB Council,ALA,6,2022,<1 m (6+ dp)
39593,Indigofera australis,2004-05-01T12:00:00,Lansdowne area Flora&Fauna Appndx6 POM,Miram-Beena,-33.906477,150.980754,,,,,2004,5,1,,,,,,,,,,,CB Council,Prototype,6,2004,<1 m (6+ dp)
28149,Acacia pubescens,2009-08-18T00:00:00,DPIE Data from Scientific Licences dataset,Carysfield,-33.903771,150.997285,,,,occurrenceRemarks withheld,2009.0,8.0,18.0,,,locality withheld,locationRemarks withheld,,,NSW National Parks and Wildlife Service,HUMAN_OBSERVATION,,ODMP11031700,CB Council,ALA,6,2009,<1 m (6+ dp)
39836,Kunzea ambigua,2004-05-01T12:00:00,Southern Reserves Flora&Fauna Apndx4 POM,Prince Reserve,-33.968983,151.014439,,,,,2004,5,1,,,,,,,,,,,CB Council,Prototype,6,2004,<1 m (6+ dp)
23357,Ochna serrulata,2016-06-22T00:00:00,DPIE Data from Scientific Licences dataset,Not in a reserve,-33.911385,151.130478,,,introduced,occurrenceRemarks withheld,2016.0,6.0,,,,locality withheld,locationRemarks withheld,,,NSW National Parks and Wildlife Service,HUMAN_OBSERVATION,,OJJS10042000;OIXR13081400,CB Council,ALA,6,2016,<1 m (6+ dp)
9296,Acacia ulicifolia,2021-10-22T14:12:00,iNaturalist research-grade observations,Salt Pan Reserve,-33.958747,151.040925,,fruits or seeds,,,2021.0,10.0,22.0,,,,,Thomas Mesaglio,2021-10-26T07:07:31Z,,HUMAN_OBSERVATION,,Thomas Mesaglio,CB Council,iNaturalist,6,2021,<1 m (6+ dp)
21801,Agapanthus praecox,2019-03-08T00:00:00,DPIE Data from Scientific Licences dataset,Not in a reserve,-33.905179,151.038241,,,introduced,occurrenceRemarks withheld,2019.0,3.0,8.0,,,locality withheld,locationRemarks withheld,,,NSW National Parks and Wildlife Service,HUMAN_OBSERVATION,,OPUR17042400,CB Council,ALA,6,2019,<1 m (6+ dp)
28775,Cinnamomum camphora,2008-01-17T00:00:00,DPIE Data from Scientific Licences dataset,Kentucky Reserve,-33.928156,150.979715,,,introduced,occurrenceRemarks withheld,2008.0,1.0,17.0,,,locality withheld,locationRemarks withheld,,,NSW National Parks and Wildlife Service,HUMAN_OBSERVATION,,OJJS07082200,CB Council,ALA,6,2008,<1 m (6+ dp)
39025,Glycine microphylla,2004-05-01T12:00:00,The Crest-Appendix,Carysfield,-33.902185,150.998468,,,,,2004,5,1,,,,,,,,,,,CB Council,Prototype,6,2004,<1 m (6+ dp)
37577,Dactylis glomerata,2004-05-01T12:00:00,Deepwater Flora&Fauna Apndx5 POM,Kelso Creek,-33.950301,150.984015,,,,,2004,5,1,,,,,,,,,,,CB Council,Prototype,6,2004,<1 m (6+ dp)
3489,Einadia polygonoides,2019-06-17T00:00:00,DPIE Data from Scientific Licences dataset,Lansdowne,-33.893002,150.974849,,,,occurrenceRemarks withheld,2019.0,6.0,17.0,,,locality withheld,locationRemarks withheld,,,NSW National Parks and Wildlife Service,HUMAN_OBSERVATION,,OIXR15070200,CB Council,ALA,6,2019,<1 m (6+ dp)
39636,Ficinia nodosa,2004-05-01T12:00:00,Salt Pan Creek Flora&Fauna Apndx4 POM,Salt Pan Reserve,-33.946515,151.039711,,,,,2004,5,1,,,,,,,,,,,CB Council,Prototype,6,2004,<1 m (6+ dp)
20604,Olea europaea,2014-03-18T00:00:00,DPIE Data from Scientific Licences dataset,Not in a reserve,-33.93508,151.023087,,,introduced,occurrenceRemarks withheld,2014.0,3.0,18.0,,,locality withheld,locationRemarks withheld,,,NSW National Parks and Wildlife Service,HUMAN_OBSERVATION,,OIXR15011200,CB Council,ALA,6,2014,<1 m (6+ dp)
21649,Bromus catharticus,2019-03-08T00:00:00,DPIE Data from Scientific Licences dataset,Not in a reserve,-33.905179,151.038241,,,introduced,occurrenceRemarks withheld,2019.0,3.0,8.0,,,locality withheld,locationRemarks withheld,,,NSW National Parks and Wildlife Service,HUMAN_OBSERVATION,,OPUR17042400,CB Council,ALA,6,2019,<1 m (6+ dp)
19529,Plantago lanceolata,2015-11-23T00:00:00,DPIE Data from Scientific Licences dataset,Deepwater,-33.945555,150.979018,,,introduced,occurrenceRemarks withheld,2015.0,11.0,,,,locality withheld,locationRemarks withheld,,,NSW National Parks and Wildlife Service,HUMAN_OBSERVATION,,ODMP09120203,CB Council,ALA,6,2015,<1 m (6+ dp)
24812,Metrosideros excelsa,2021-10-01T00:00:00,DPIE Data from Scientific Licences dataset,Not in a reserve,-33.942025,150.995881,,,introduced,occurrenceRemarks withheld,2021.0,10.0,1.0,,,locality withheld,locationRemarks withheld,,,NSW National Parks and Wildlife Service,HUMAN_OBSERVATION,,OPUR21081201,CB Council,ALA,6,2021,<1 m (6+ dp)
33783,Acacia pubescens,2009-09-08T00:00:00,DPIE Data from Scientific Licences dataset,Louisa,-33.905229,150.998744,,,,occurrenceRemarks withheld,2009.0,9.0,8.0,,,locality withheld,locationRemarks withheld,,,NSW National Parks and Wildlife Service,HUMAN_OBSERVATION,,ODMP11031700,CB Council,ALA,6,2009,<1 m (6+ dp)
22661,Sonchus oleraceus,2020-03-06T00:00:00,DPIE Data from Scientific Licences dataset,Not in a reserve,-33.931799,150.978705,,,introduced,occurrenceRemarks withheld,2020.0,3.0,6.0,,,locality withheld,locationRemarks withheld,,,NSW National Parks and Wildlife Service,HUMAN_OBSERVATION,,OLUC19010800,CB Council,ALA,6,2020,<1 m (6+ dp)
29828,Clematis glycinoides,2014-02-05T00:00:00,ACA Vegetation Survey,Deepwater,-33.9473,150.97387,,,,occurrenceRemarks withheld,2014.0,2.0,5.0,,Floristic Data,locality withheld,locationRemarks withheld,,,Anne Clements & Associates,HUMAN_OBSERVATION,,OEMM09100802;OIXR13100400,CB Council,ALA,5,2014,≈1–10 m (5 dp)
5184,Dichelachne micrantha,2024-10-23T12:00:00,BAM241023_095103,Lansdowne,-33.89297001,150.9768421,10.0,,"Alive in NSW, Native",,2024.0,10.0,23.0,,Florist Data,Lansdowne Reserve,BAM data and floristic data from two monitoring plots collected in 2057,,2024-10-23T12:00:00Z,,human observation,,BLM,CB Council,ALA,8,2024,<1 m (6+ dp)
36995,Ceratopetalum gummiferum,2004-05-01T12:00:00,Southern Reserves Flora&Fauna Apndx4 POM,Dilke Reserve,-33.972867,151.035019,,,,,2004,5,1,,,,,,,,,,,CB Council,Prototype,6,2004,<1 m (6+ dp)
30050,Acacia podalyriifolia,2004-05-01T12:00:00,Southern Reserves Flora&Fauna Apndx4 POM,Roma Reserve,-33.970703,151.033469,,,,,2004,5,1,,,,,,,,,,,CB Council,Prototype,6,2004,<1 m (6+ dp)
40536,Melaleuca ericifolia,2004-05-01T12:00:00,Deepwater Flora&Fauna Apndx5 POM,Deepwater,-33.949066,150.976607,,,,,2004,5,1,,,,,,,,,,,CB Council,Prototype,6,2004,<1 m (6+ dp)
17749,Jacaranda mimosifolia,2019-02-28T04:18:26,Individual sighting,Not in a reserve,-33.949061,151.01278,1.0,,,"Backlit leaf. When you backlit an image, the transmitted light through the leaf does change the colour to your eyes. For example, green leaves will often look luminescent green with transmitted light. In most cases we see leaves with reflected light.",2019.0,2.0,28.0,,,,nullnull,,,,HUMAN_OBSERVATION,,Michael Hains,CB Council,ALA,6,2019,<1 m (6+ dp)
8522,Cestrum parqui,2020-04-27T11:06:13,iNaturalist research-grade observations,Not in a reserve,-33.882512,151.009444,,,,,2020.0,4.0,27.0,,,,,Thomas Mesaglio,2020-04-29T08:58:10Z,,HUMAN_OBSERVATION,,Thomas Mesaglio,CB Council,iNaturalist,6,2020,<1 m (6+ dp)
23720,Veronica plebeia,2000-07-05T00:00:00,WESTSYD2 Vegetation Survey,Not in a reserve,-33.890259,151.032981,,,,occurrenceRemarks withheld,2000.0,7.0,5.0,,Floristic Data,locality withheld,locationRemarks withheld,,,NSW Dept of Planning and Environment,HUMAN_OBSERVATION,,OPUR23081001,CB Council,ALA,6,2000,<1 m (6+ dp)
38181,Einadia trigonos,2004-05-01T12:00:00,Lansdowne area Flora&Fauna Appndx6 POM,Miram-Beena,-33.900525,150.97568,,,,,2004,5,1,,,,,,,,,,,CB Council,Prototype,6,2004,<1 m (6+ dp)
9134,Araujia sericifera,2025-03-04T13:46:51,iNaturalist research-grade observations,Lansdowne,-33.900558,150.979247,,,,,2025.0,3.0,4.0,,,,,Michael Mahoney,2025-03-04T04:01:10Z,,HUMAN_OBSERVATION,,Michael Mahoney,CB Council,iNaturalist,6,2025,<1 m (6+ dp)
25421,Glycine microphylla,2008-02-13T00:00:00,METROCMA2 Vegetation Survey,Deepwater,-33.951541,150.975881,,,,occurrenceRemarks withheld,2008.0,2.0,13.0,,Floristic Data,locality withheld,locationRemarks withheld,,,NSW Dept of Planning and Environment,HUMAN_OBSERVATION,,VEG-NICR;OPUR23081001,CB Council,ALA,6,2008,<1 m (6+ dp)
28092,Hedera helix,2020-11-22T00:00:00,DPIE Data from Scientific Licences dataset,Not in a reserve,-33.97008,151.044137,,,introduced,occurrenceRemarks withheld,2020.0,11.0,22.0,,,locality withheld,locationRemarks withheld,,,NSW National Parks and Wildlife Service,HUMAN_OBSERVATION,,OPJG19101404,CB Council,ALA,6,2020,<1 m (6+ dp)
31615,Syncarpia glomulifera,2017-02-28T00:00:00,DPIE Data from Scientific Licences dataset,Not in a reserve,-33.9725,151.036944,,,,occurrenceRemarks withheld,2017.0,2.0,28.0,,,locality withheld,locationRemarks withheld,,,NSW National Parks and Wildlife Service,HUMAN_OBSERVATION,,OJJS17112202,CB Council,ALA,6,2017,<1 m (6+ dp)
24297,Passiflora caerulea,2015-11-23T00:00:00,DPIE Data from Scientific Licences dataset,Not in a reserve,-33.945433,150.983143,,,introduced,occurrenceRemarks withheld,2015.0,11.0,,,,locality withheld,locationRemarks withheld,,,NSW National Parks and Wildlife Service,HUMAN_OBSERVATION,,ODMP09120203,CB Council,ALA,6,2015,<1 m (6+ dp)
6787,Erigeron karvinskianus,2023-09-21T14:46:00,iNaturalist research-grade observations,Salt Pan Reserve,-33.956577,151.040649,,,,,2023.0,9.0,21.0,,,,,Thomas Mesaglio,2023-09-21T11:22:11Z,,HUMAN_OBSERVATION,,Thomas Mesaglio,CB Council,iNaturalist,6,2023,<1 m (6+ dp)
9446,Banksia spinulosa,2023-06-12T13:23:00,iNaturalist research-grade observations,Roma Reserve,-33.970862,151.033472,,flowers,,,2023.0,6.0,12.0,,,,,Bradley W. Jones,2023-06-12T06:50:17Z,,HUMAN_OBSERVATION,,Bradley W. Jones,CB Council,iNaturalist,6,2023,<1 m (6+ dp)
216,Correa reflexa,2020-07-08T08:32:23,iNaturalist research-grade observations,Lansdowne,-33.89283,150.976552,,,,,2020.0,7.0,8.0,,,,,Joe Atkinson,2020-07-07T22:32:58Z,,HUMAN_OBSERVATION,,Joe Atkinson,CB Council,iNaturalist,6,2020,<1 m (6+ dp)
34812,Acacia pubescens,2009-09-08T00:00:00,DPIE Data from Scientific Licences dataset,Louisa,-33.904868,151.000991,,,,occurrenceRemarks withheld,2009.0,9.0,8.0,,,locality withheld,locationRemarks withheld,,,NSW National Parks and Wildlife Service,HUMAN_OBSERVATION,,ODMP11031700,CB Council,ALA,6,2009,<1 m (6+ dp)
32719,Wahlenbergia gracilis,2007-07-03T00:00:00,DPIE Data from Scientific Licences dataset,Not in a reserve,-33.910303,150.988021,,,,occurrenceRemarks withheld,2007.0,7.0,3.0,,,locality withheld,locationRemarks withheld,,,NSW National Parks and Wildlife Service,HUMAN_OBSERVATION,,ODMP08071402,CB Council,ALA,6,2007,<1 m (6+ dp)
41171,Oxalis latifolia,2004-05-01T12:00:00,EastHills Flora&Fauna Apndx5 POM,East Hills Park,-33.96446,150.982875,,,,,2004,5,1,,,,,,,,,,,CB Council,Prototype,6,2004,<1 m (6+ dp)
34484,Burchardia umbellata,2022-11-18T00:00:00,DPIE Data from Scientific Licences dataset,Not in a reserve,-33.973697,151.005009,,FR Fresh Fruit,,occurrenceRemarks withheld,2022.0,11.0,18.0,,,locality withheld,locationRemarks withheld,,,NSW National Parks and Wildlife Service,HUMAN_OBSERVATION,,OLJH97031100,CB Council,ALA,6,2022,<1 m (6+ dp)
1396,Cinnamomum camphora,2014-11-07T00:00:00,GC-offsets Vegetation Survey,Lansdowne,-33.895919,150.97859,,,introduced,occurrenceRemarks withheld,2014.0,11.0,7.0,,Floristic Data,locality withheld,locationRemarks withheld,,,NSW Dept of Planning and Environment,HUMAN_OBSERVATION,,OPXE04110301,CB Council,ALA,6,2014,<1 m (6+ dp)
27737,Microlaena stipoides,2011-04-13T00:00:00,ACA Vegetation Survey,Deepwater,-33.951875,150.979561,,,,occurrenceRemarks withheld,2011.0,4.0,13.0,,Floristic Data,locality withheld,locationRemarks withheld,,,Anne Clements & Associates,HUMAN_OBSERVATION,,OEMM09100802;OEMM09100803;OJJS10080400;OIXR13100400,CB Council,ALA,6,2011,<1 m (6+ dp)
42478,Smilax glyciphylla,2004-05-01T12:00:00,Southern Reserves Flora&Fauna Apndx4 POM,Lambeth Reserve,-33.971772,150.996708,,,,,2004,5,1,,,,,,,,,,,CB Council,Prototype,6,2004,<1 m (6+ dp)
19464,Exocarpos cupressiformis,2015-11-23T00:00:00,DPIE Data from Scientific Licences dataset,Deepwater,-33.946174,150.981016,,,,occurrenceRemarks withheld,2015.0,11.0,,,,locality withheld,locationRemarks withheld,,,NSW National Parks and Wildlife Service,HUMAN_OBSERVATION,,ODMP09120203,CB Council,ALA,6,2015,<1 m (6+ dp)
33453,Bidens pilosa,2023-03-20T00:00:00,DPIE Data from Scientific Licences dataset,Not in a reserve,-33.940454,150.995817,,,introduced,occurrenceRemarks withheld,2023.0,3.0,20.0,,,locality withheld,locationRemarks withheld,,,NSW National Parks and Wildlife Service,HUMAN_OBSERVATION,,ODFK24022802,CB Council,ALA,6,2023,<1 m (6+ dp)
36163,Asperula conferta,2004-05-01T12:00:00,Lansdowne area Flora&Fauna Appndx6 POM,Miram-Beena,-33.909351,150.975191,,,,,2004,5,1,,,,,,,,,,,CB Council,Prototype,6,2004,<1 m (6+ dp)
5046,Linum trigynum,2008-03-07T00:00:00,METROCMA2 Vegetation Survey,Lansdowne,-33.900035,150.980159,,,introduced,occurrenceRemarks withheld,2008.0,3.0,7.0,,Floristic Data,locality withheld,locationRemarks withheld,,,NSW Dept of Planning and Environment,HUMAN_OBSERVATION,,OPJGI0002327;VEG-NICR,CB Council,ALA,6,2008,<1 m (6+ dp)
8159,Solanum americanum,2021-06-18T11:52:00,iNaturalist observations,Not in a reserve,-33.92834,151.125005,,,,,2021.0,6.0,18.0,,,,,,,,HUMAN_OBSERVATION,,lostinthebush,CB Council,iNaturalist,6,2021,<1 m (6+ dp)
42988,Veronica plebeia,2004-05-01T12:00:00,Deepwater Flora&Fauna Apndx5 POM,Deepwater,-33.949066,150.976607,,,,,2004,5,1,,,,,,,,,,,CB Council,Prototype,6,2004,<1 m (6+ dp)
38118,Echinopogon ovatus,2004-05-01T12:00:00,Southern Reserves Flora&Fauna Apndx4 POM,The River Reserve,-33.969546,151.016111,,,,,2004,5,1,,,,,,,,,,,CB Council,Prototype,6,2004,<1 m (6+ dp)
9598,Aegiceras corniculatum,2024-07-20T07:39:08,iNaturalist research-grade observations,Miram-Beena,-33.91039,150.975693,,,,,2024.0,7.0,20.0,,,,,ronavery,2024-07-20T02:53:35Z,,HUMAN_OBSERVATION,,ronavery,CB Council,iNaturalist,6,2024,<1 m (6+ dp)
26025,Pandorea pandorana,2024-05-28T00:00:00,DPIE Data from Scientific Licences dataset,Not in a reserve,-33.89015,151.03269,,,,occurrenceRemarks withheld,2024.0,5.0,28.0,,,locality withheld,locationRemarks withheld,,,NSW National Parks and Wildlife Service,HUMAN_OBSERVATION,,OLHP24010904;OLHP24010909,CB Council,ALA,5,2024,≈1–10 m (5 dp)
10396,Indigofera australis,2025-03-18T12:41:20,iNaturalist research-grade observations,Bellevue,-33.910295,150.99762,,,,,2025.0,3.0,18.0,,,,,Michael Mahoney,2025-03-18T02:48:31Z,,HUMAN_OBSERVATION,,Michael Mahoney,CB Council,iNaturalist,6,2025,<1 m (6+ dp)
7555,Lomandra longifolia,2020-01-06T09:12:09,iNaturalist research-grade observations,Not in a reserve,-33.924345,151.148606,,,,,2020.0,1.0,6.0,,,,,Josh Moloney,2020-01-09T12:22:14Z,,HUMAN_OBSERVATION,,Josh Moloney,CB Council,iNaturalist,6,2020,<1 m (6+ dp)
30234,Delairea odorata,2014-08-27T00:00:00,DPIE Data from Scientific Licences dataset,Not in a reserve,-33.93791,151.041047,,,introduced,occurrenceRemarks withheld,2014.0,8.0,27.0,,,locality withheld,locationRemarks withheld,,,NSW National Parks and Wildlife Service,HUMAN_OBSERVATION,,ODMP07040202,CB Council,ALA,6,2014,<1 m (6+ dp)
21390,Solanum nigrum,2008-05-29T00:00:00,DPIE Data from Scientific Licences dataset,Not in a reserve,-33.96926,151.044229,,,introduced,occurrenceRemarks withheld,2008.0,5.0,29.0,,,locality withheld,locationRemarks withheld,,,NSW National Parks and Wildlife Service,HUMAN_OBSERVATION,,OJJS07082200,CB Council,ALA,6,2008,<1 m (6+ dp)
27422,Foeniculum vulgare,2008-04-28T00:00:00,DPIE Data from Scientific Licences dataset,Carysfield,-33.902161,150.998009,,,introduced,occurrenceRemarks withheld,2008.0,4.0,,,,locality withheld,locationRemarks withheld,,,NSW National Parks and Wildlife Service,HUMAN_OBSERVATION,,OJJS07082200,CB Council,ALA,6,2008,<1 m (6+ dp)
7986,Leucopogon juniperinus,2023-07-03T10:59:00,iNaturalist observations,Thornton,-33.90749,151.001221,,,,,2023.0,7.0,3.0,,,,,,,,HUMAN_OBSERVATION,,Thomas Mesaglio,CB Council,iNaturalist,6,2023,<1 m (6+ dp)
11017,Acacia parramattensis,2025-03-04T14:02:26,iNaturalist research-grade observations,Lansdowne,-33.89787,150.982012,,,,,2025.0,3.0,4.0,,,,,Michael Mahoney,2025-03-04T04:06:40Z,,HUMAN_OBSERVATION,,Michael Mahoney,CB Council,iNaturalist,6,2025,<1 m (6+ dp)
20729,Acacia pubescens,2009-08-05T00:00:00,DPIE Data from Scientific Licences dataset,Not in a reserve,-33.883111,150.978935,,,,occurrenceRemarks withheld,2009.0,8.0,5.0,,,locality withheld,locationRemarks withheld,,,NSW National Parks and Wildlife Service,HUMAN_OBSERVATION,,ODMP11031700,CB Council,ALA,6,2009,<1 m (6+ dp)
31162,Hibbertia stricta,2011-12-07T00:00:00,DPIE Default Sightings,Not in a reserve,-33.971223,151.028838,,,,occurrenceRemarks withheld,2011.0,12.0,7.0,,,locality withheld,locationRemarks withheld,,,NSW Dept of Planning and Environment,HUMAN_OBSERVATION,,OJJS13021200,CB Council,ALA,6,2011,<1 m (6+ dp)
26898,Acacia pubescens,2010-01-14T00:00:00,DPIE Data from Scientific Licences dataset,Louisa,-33.904603,151.000737,,,,occurrenceRemarks withheld,2010.0,1.0,14.0,,,locality withheld,locationRemarks withheld,,,NSW National Parks and Wildlife Service,HUMAN_OBSERVATION,,ODMP11031700,CB Council,ALA,6,2010,<1 m (6+ dp)
42807,Tradescantia fluminensis,2004-05-01T12:00:00,Milperra area Flora&Fauna Apndx5 POM,Whittle Reserve,-33.93544,150.979238,,,,,2004,5,1,,,,,,,,,,,CB Council,Prototype,6,2004,<1 m (6+ dp)
21383,Senecio minimus,2010-11-15T00:00:00,DPIE Default Sightings,Deepwater,-33.95,150.978,,,,occurrenceRemarks withheld,2010.0,11.0,15.0,,,locality withheld,locationRemarks withheld,,,NSW Dept of Planning and Environment,HUMAN_OBSERVATION,,ODMP11031700,CB Council,ALA,3,2010,≈100–1000 m (3 dp)
26188,Euchiton sphaericus,2009-03-18T00:00:00,BANKS_VEG Vegetation Survey,Not in a reserve,-33.910606,150.987295,,,,occurrenceRemarks withheld,2009.0,3.0,18.0,,Floristic Data,locality withheld,locationRemarks withheld,,,Bankstown City Council,HUMAN_OBSERVATION,,OJJS07082200;ODMP09101600,CB Council,ALA,6,2009,<1 m (6+ dp)
17486,Zieria smithii,2023-10-21T13:00:00,Individual sighting,Not in a reserve,-33.978601,151.000471,1.0,,,,2023.0,10.0,21.0,,,,nullnull,,,,HUMAN_OBSERVATION,,Michael Hains,CB Council,ALA,6,2023,<1 m (6+ dp)
28554,Lambertia formosa,2010-12-14T00:00:00,NP_GEORGES Vegetation Survey,Not in a reserve,-33.976092,151.007833,,,,occurrenceRemarks withheld,2010.0,12.0,14.0,,Floristic Data,locality withheld,locationRemarks withheld,,,NSW Dept of Planning and Environment,HUMAN_OBSERVATION,,ODMP99111100;VEG-NICR,CB Council,ALA,6,2010,<1 m (6+ dp)
23616,Solanum nigrum,2015-10-15T00:00:00,DPIE Data from Scientific Licences dataset,Virginius Reserve,-33.95872,151.02234,,,introduced,occurrenceRemarks withheld,2015.0,10.0,15.0,,,locality withheld,locationRemarks withheld,,,NSW National Parks and Wildlife Service,HUMAN_OBSERVATION,,OIXR15110501,CB Council,ALA,5,2015,≈1–10 m (5 dp)
10247,Ageratina adenophora,2023-06-09T09:50:00,iNaturalist research-grade observations,Not in a reserve,-33.970105,151.031188,,,,,2023.0,6.0,9.0,,,,,David,2023-06-09T04:24:38Z,,HUMAN_OBSERVATION,,David,CB Council,iNaturalist,6,2023,<1 m (6+ dp)
9894,Acacia falcata,2023-06-17T11:53:00,iNaturalist research-grade observations,Ruse Park,-33.926429,151.034622,,,,,2023.0,6.0,17.0,,,,,David,2023-06-17T06:45:20Z,,HUMAN_OBSERVATION,,David,CB Council,iNaturalist,6,2023,<1 m (6+ dp)
42463,Sida rhombifolia,2004-05-01T12:00:00,Southern Reserves Flora&Fauna Apndx4 POM,Dilke Reserve,-33.972867,151.035019,,,,,2004,5,1,,,,,,,,,,,CB Council,Prototype,6,2004,<1 m (6+ dp)
23778,Dockrillia linguiformis,1999-06-22T00:00:00,GEORGES Vegetation Survey,Not in a reserve,-33.981062,150.99961,,,,occurrenceRemarks withheld,1999.0,6.0,22.0,,Floristic Data,locality withheld,locationRemarks withheld,,,NSW Dept of Planning and Environment,HUMAN_OBSERVATION,,OVLU99062101;OSLS05031800,CB Council,ALA,6,1999,<1 m (6+ dp)
20006,Acacia parramattensis,2008-04-30T00:00:00,DPIE Data from Scientific Licences dataset,Norfolk Reserve,-33.893591,151.06261,,,,occurrenceRemarks withheld,2008.0,,,,,locality withheld,locationRemarks withheld,,,NSW National Parks and Wildlife Service,HUMAN_OBSERVATION,,OJJS07082200,CB Council,ALA,6,2008,<1 m (6+ dp)
26471,Setaria palmifolia,2010-03-22T00:00:00,DPIE Data from Scientific Licences dataset,Not in a reserve,-33.926466,151.144215,,,introduced,occurrenceRemarks withheld,2010.0,3.0,22.0,,,locality withheld,locationRemarks withheld,,,NSW National Parks and Wildlife Service,HUMAN_OBSERVATION,,OPJGI0002201,CB Council,ALA,6,2010,<1 m (6+ dp)
21038,Paronychia brasiliana,2018-05-23T00:00:00,DPIE Data from Scientific Licences dataset,Miram-Beena,-33.906592,150.981755,,,introduced,occurrenceRemarks withheld,2018.0,5.0,23.0,,,locality withheld,locationRemarks withheld,,,NSW National Parks and Wildlife Service,HUMAN_OBSERVATION,,OIXR15013005,CB Council,ALA,6,2018,<1 m (6+ dp)
20225,Acacia pubescens,2009-08-18T00:00:00,DPIE Data from Scientific Licences dataset,Carysfield,-33.9035,150.998352,,,,occurrenceRemarks withheld,2009.0,8.0,18.0,,,locality withheld,locationRemarks withheld,,,NSW National Parks and Wildlife Service,HUMAN_OBSERVATION,,ODMP11031700,CB Council,ALA,6,2009,<1 m (6+ dp)
24238,Acacia pubescens,2009-08-18T00:00:00,DPIE Data from Scientific Licences dataset,Carysfield,-33.903432,150.997488,,,,occurrenceRemarks withheld,2009.0,8.0,18.0,,,locality withheld,locationRemarks withheld,,,NSW National Parks and Wildlife Service,HUMAN_OBSERVATION,,ODMP11031700,CB Council,ALA,6,2009,<1 m (6+ dp)
28699,Sonchus oleraceus,2018-05-18T00:00:00,DPIE Data from Scientific Licences dataset,Not in a reserve,-33.933291,150.97841,,,introduced,occurrenceRemarks withheld,2018.0,5.0,18.0,,,locality withheld,locationRemarks withheld,,,NSW National Parks and Wildlife Service,HUMAN_OBSERVATION,,OJJS19102800,CB Council,ALA,6,2018,<1 m (6+ dp)
20684,Persoonia lanceolata,2015-09-08T00:00:00,DPIE Data from Scientific Licences dataset,East Hills Park,-33.964295,150.982435,,,,occurrenceRemarks withheld,2015.0,9.0,8.0,,,locality withheld,locationRemarks withheld,,,NSW National Parks and Wildlife Service,HUMAN_OBSERVATION,,OJJS12110500,CB Council,ALA,6,2015,<1 m (6+ dp)
37206,Clematis aristata,2004-05-01T12:00:00,Southern Reserves Flora&Fauna Apndx4 POM,Lambeth Reserve,-33.971772,150.996708,,,,,2004,5,1,,,,,,,,,,,CB Council,Prototype,6,2004,<1 m (6+ dp)
29915,Dillwynia parvifolia,2016-09-08T00:00:00,Ecoplanning Vegetation Survey,Not in a reserve,-33.887222,151.053333,,,,occurrenceRemarks withheld,2016.0,9.0,8.0,,Floristic Data,locality withheld,locationRemarks withheld,,,Ecoplanning P/L,HUMAN_OBSERVATION,,OPUR16031000,CB Council,ALA,6,2016,<1 m (6+ dp)
30740,Acacia pubescens,2009-09-15T00:00:00,DPIE Data from Scientific Licences dataset,Norfolk Reserve,-33.894078,151.062692,,,,occurrenceRemarks withheld,2009.0,9.0,15.0,,,locality withheld,locationRemarks withheld,,,NSW National Parks and Wildlife Service,HUMAN_OBSERVATION,,ODMP11031700,CB Council,ALA,6,2009,<1 m (6+ dp)
33500,Brachyloma daphnoides,2010-12-14T00:00:00,NP_GEORGES Vegetation Survey,Not in a reserve,-33.97447,151.007351,,,,occurrenceRemarks withheld,2010.0,12.0,14.0,,Floristic Data,locality withheld,locationRemarks withheld,,,NSW Dept of Planning and Environment,HUMAN_OBSERVATION,,ODMP99111100;VEG-NICR,CB Council,ALA,6,2010,<1 m (6+ dp)
7523,Opercularia aspera,2022-01-14T14:35:00,iNaturalist observations,Not in a reserve,-33.926763,151.147351,,,,,2022.0,1.0,14.0,,,,,,,,HUMAN_OBSERVATION,,lostinthebush,CB Council,iNaturalist,6,2022,<1 m (6+ dp)
20135,Sida rhombifolia,2011-04-13T00:00:00,ACA Vegetation Survey,Deepwater,-33.947259,150.973514,,,introduced,occurrenceRemarks withheld,2011.0,4.0,13.0,,Floristic Data,locality withheld,locationRemarks withheld,,,Anne Clements & Associates,HUMAN_OBSERVATION,,OEMM09100802;OEMM09100803;OJJS10080400;OIXR13100400,CB Council,ALA,6,2011,<1 m (6+ dp)
29567,Rytidosperma tenuius,2008-11-25T00:00:00,DPIE Default Sightings,Crest,-33.90947,150.99401,,,,occurrenceRemarks withheld,2008.0,11.0,25.0,,,locality withheld,locationRemarks withheld,,,NSW Dept of Planning and Environment,HUMAN_OBSERVATION,,OEMM09102201,CB Council,ALA,5,2008,≈1–10 m (5 dp)
35213,Asparagus asparagoides,2020-03-06T00:00:00,DPIE Data from Scientific Licences dataset,Not in a reserve,-33.930036,150.980607,,,introduced,occurrenceRemarks withheld,2020.0,3.0,6.0,,,locality withheld,locationRemarks withheld,,,NSW National Parks and Wildlife Service,HUMAN_OBSERVATION,,OLUC19010800,CB Council,ALA,6,2020,<1 m (6+ dp)
7558,Cyclospermum leptophyllum,2024-05-09T10:28:06,iNaturalist research-grade observations,Not in a reserve,-33.933654,151.034856,,,,,2024.0,5.0,9.0,,,,,pennywort_man,2024-05-15T23:30:59Z,,HUMAN_OBSERVATION,,Alex Pintsen JIN,CB Council,iNaturalist,6,2024,<1 m (6+ dp)
204,Galium aparine,2023-11-26T13:56:00,iNaturalist research-grade observations,Lansdowne,-33.903656,150.979385,,,,,2023.0,11.0,26.0,,,,,Thomas Mesaglio,2023-11-26T08:59:30Z,,HUMAN_OBSERVATION,,Thomas Mesaglio,CB Council,iNaturalist,6,2023,<1 m (6+ dp)
32353,Hibbertia puberula,2019-05-20T00:00:00,DPIE Data from Scientific Licences dataset,Not in a reserve,-33.917161,150.978753,,,,occurrenceRemarks withheld,2019.0,5.0,20.0,,,locality withheld,locationRemarks withheld,,,NSW National Parks and Wildlife Service,HUMAN_OBSERVATION,,OPUR18091500;OICG19070400;OJJS20071501,CB Council,ALA,6,2019,<1 m (6+ dp)
5922,Eucalyptus camaldulensis,2020-04-01T18:23:27,iNaturalist observations,Not in a reserve,-33.916344,151.131121,,,,,2020.0,4.0,1.0,,,,,,,,HUMAN_OBSERVATION,,Jack,CB Council,iNaturalist,6,2020,<1 m (6+ dp)
19090,Lomandra longifolia,2009-04-23T00:00:00,BANKS_VEG Vegetation Survey,Not in a reserve,-33.97967,151.00081,,,,occurrenceRemarks withheld,2009.0,4.0,23.0,,Floristic Data,locality withheld,locationRemarks withheld,,,Bankstown City Council,HUMAN_OBSERVATION,,OJJS07082200;ODMP08080503,CB Council,ALA,5,2009,≈1–10 m (5 dp)
27211,Eucalyptus crebra,1999-06-28T00:00:00,GEORGES Vegetation Survey,Lot 5 Prescott Parade,-33.945452,150.972476,,,,occurrenceRemarks withheld,1999.0,6.0,28.0,,Floristic Data,locality withheld,locationRemarks withheld,,,NSW Dept of Planning and Environment,HUMAN_OBSERVATION,,OVLU99062101;OSLS05031800,CB Council,ALA,6,1999,<1 m (6+ dp)
7511,Acacia decurrens,2022-08-12T13:57:22,iNaturalist research-grade observations,Not in a reserve,-33.943249,151.060622,,flowers,,,2022.0,8.0,12.0,,,,,David,2022-08-12T10:26:15Z,,HUMAN_OBSERVATION,,David,CB Council,iNaturalist,6,2022,<1 m (6+ dp)
35063,Cinnamomum camphora,2016-06-22T00:00:00,DPIE Data from Scientific Licences dataset,Not in a reserve,-33.911385,151.130478,,,introduced,occurrenceRemarks withheld,2016.0,6.0,,,,locality withheld,locationRemarks withheld,,,NSW National Parks and Wildlife Service,HUMAN_OBSERVATION,,OJJS10042000;OIXR13081400,CB Council,ALA,6,2016,<1 m (6+ dp)
42278,Scirpus spp.,2004-05-01T12:00:00,Southern Reserves Flora&Fauna Apndx4 POM,Lambeth Reserve,-33.971772,150.996708,,,,,2004,5,1,,,,,,,,,,,CB Council,Prototype,6,2004,<1 m (6+ dp)
2934,Acacia pubescens,2009-09-18T00:00:00,DPIE Data from Scientific Licences dataset,Lansdowne,-33.89335,150.977028,,,,occurrenceRemarks withheld,2009.0,9.0,18.0,,,locality withheld,locationRemarks withheld,,,NSW National Parks and Wildlife Service,HUMAN_OBSERVATION,,ODMP11031700,CB Council,ALA,6,2009,<1 m (6+ dp)
10881,Gomphocarpus fruticosus,2025-02-14T11:32:13,iNaturalist research-grade observations,Not in a reserve,-33.889627,151.047607,,,,,2025.0,2.0,14.0,,,,,julianeribeiro,2025-02-14T00:33:51Z,,HUMAN_OBSERVATION,,julianeribeiro,CB Council,iNaturalist,6,2025,<1 m (6+ dp)
30641,Acacia pubescens,2009-08-18T00:00:00,DPIE Data from Scientific Licences dataset,Carysfield,-33.903342,150.998085,,,,occurrenceRemarks withheld,2009.0,8.0,18.0,,,locality withheld,locationRemarks withheld,,,NSW National Parks and Wildlife Service,HUMAN_OBSERVATION,,ODMP11031700,CB Council,ALA,6,2009,<1 m (6+ dp)
1271,Acacia pubescens,2009-09-17T00:00:00,DPIE Data from Scientific Licences dataset,Lansdowne,-33.893311,150.977397,,,,occurrenceRemarks withheld,2009.0,9.0,17.0,,,locality withheld,locationRemarks withheld,,,NSW National Parks and Wildlife Service,HUMAN_OBSERVATION,,ODMP11031700,CB Council,ALA,6,2009,<1 m (6+ dp)
37160,Cinnamomum camphora,2004-05-01T12:00:00,Southern Reserves Flora&Fauna Apndx4 POM,Roma Reserve,-33.970703,151.033469,,,,,2004,5,1,,,,,,,,,,,CB Council,Prototype,6,2004,<1 m (6+ dp)
26797,Asparagus aethiopicus,2021-05-27T00:00:00,DPIE Data from Scientific Licences dataset,Deepwater,-33.946339,150.979163,,,introduced,occurrenceRemarks withheld,2021.0,5.0,27.0,,,locality withheld,locationRemarks withheld,,,NSW National Parks and Wildlife Service,HUMAN_OBSERVATION,,OMFZ23032802,CB Council,ALA,6,2021,<1 m (6+ dp)
32571,Zieria smithii,2014-10-30T00:00:00,DPIE Data from Scientific Licences dataset,Not in a reserve,-33.929722,151.136167,,"Y  Breeding Present, but not specified",,occurrenceRemarks withheld,2014.0,10.0,30.0,,,locality withheld,locationRemarks withheld,,,NSW National Parks and Wildlife Service,HUMAN_OBSERVATION,,OCAM11011800,CB Council,ALA,6,2014,<1 m (6+ dp)
2127,Acacia pubescens,2009-10-22T00:00:00,DPIE Data from Scientific Licences dataset,Lansdowne,-33.892643,150.975153,,,,occurrenceRemarks withheld,2009.0,10.0,22.0,,,locality withheld,locationRemarks withheld,,,NSW National Parks and Wildlife Service,HUMAN_OBSERVATION,,ODMP11031700,CB Council,ALA,6,2009,<1 m (6+ dp)
36332,Banksia integrifolia,2004-05-01T12:00:00,Southern Reserves Flora&Fauna Apndx4 POM,Thomas Street Depot,-33.96590278,151.013035,,,,,2004,5,1,,,,,,,,,,,CB Council,Prototype,8,2004,<1 m (6+ dp)
38914,Gahnia aspera,2004-05-01T12:00:00,Deepwater Flora&Fauna Apndx5 POM,Kelso Beach,-33.953352,150.98246,,,,,2004,5,1,,,,,,,,,,,CB Council,Prototype,6,2004,<1 m (6+ dp)
32956,Bidens pilosa,2015-10-15T00:00:00,DPIE Data from Scientific Licences dataset,Virginius Reserve,-33.95872,151.02234,,,introduced,occurrenceRemarks withheld,2015.0,10.0,15.0,,,locality withheld,locationRemarks withheld,,,NSW National Parks and Wildlife Service,HUMAN_OBSERVATION,,OIXR15110501,CB Council,ALA,5,2015,≈1–10 m (5 dp)
226,Polygala virgata,2021-08-26T14:38:00,iNaturalist research-grade observations,Lansdowne,-33.894905,150.979098,,,,,2021.0,8.0,26.0,,,,,Eamonn Culhane,2021-09-05T06:59:09Z,,HUMAN_OBSERVATION,,Eamonn Culhane,CB Council,iNaturalist,6,2021,<1 m (6+ dp)
2096,Acacia pubescens,2009-10-22T00:00:00,DPIE Data from Scientific Licences dataset,Lansdowne,-33.89289,150.976466,,,,occurrenceRemarks withheld,2009.0,10.0,22.0,,,locality withheld,locationRemarks withheld,,,NSW National Parks and Wildlife Service,HUMAN_OBSERVATION,,ODMP11031700,CB Council,ALA,6,2009,<1 m (6+ dp)
24760,Cassytha pubescens,1999-02-15T00:00:00,DPIE Data from Scientific Licences dataset,Norfolk Reserve,-33.893488,151.062926,,,,occurrenceRemarks withheld,1999.0,2.0,15.0,,,locality withheld,locationRemarks withheld,,,NSW National Parks and Wildlife Service,HUMAN_OBSERVATION,,OJKP98040900,CB Council,ALA,6,1999,<1 m (6+ dp)
29511,Lomandra multiflora,1999-04-21T00:00:00,GEORGES Vegetation Survey,Not in a reserve,-33.970898,151.026255,,,,occurrenceRemarks withheld,1999.0,4.0,21.0,,Floristic Data,locality withheld,locationRemarks withheld,,,NSW Dept of Planning and Environment,HUMAN_OBSERVATION,,OVLU99062101;OSLS05031800,CB Council,ALA,6,1999,<1 m (6+ dp)
35678,Lachnagrostis filiformis,2004-05-01T12:00:00,Deepwater Flora&Fauna Apndx5 POM,Deepwater,-33.949066,150.976607,,,,,2004,5,1,,,,,,,,,,,CB Council,Prototype,6,2004,<1 m (6+ dp)
21181,Melaleuca styphelioides,2004-10-08T00:00:00,DPIE Data from Scientific Licences dataset,Crest,-33.909349,150.994229,,,,occurrenceRemarks withheld,2004.0,10.0,8.0,,,locality withheld,locationRemarks withheld,,,NSW National Parks and Wildlife Service,HUMAN_OBSERVATION,,OPXE99012800,CB Council,ALA,6,2004,<1 m (6+ dp)
29185,Dianella longifolia,2008-11-25T00:00:00,DPIE Default Sightings,Crest,-33.90947,150.99401,,,,occurrenceRemarks withheld,2008.0,11.0,25.0,,,locality withheld,locationRemarks withheld,,,NSW Dept of Planning and Environment,HUMAN_OBSERVATION,,OEMM09102201,CB Council,ALA,5,2008,≈1–10 m (5 dp)
20590,Hibbertia puberula,2019-07-17T00:00:00,DPIE Data from Scientific Licences dataset,Not in a reserve,-33.916981,150.978663,,N  No Breeding Evident,,occurrenceRemarks withheld,2019.0,7.0,17.0,,,locality withheld,locationRemarks withheld,,,NSW National Parks and Wildlife Service,HUMAN_OBSERVATION,,OICG19070400,CB Council,ALA,6,2019,<1 m (6+ dp)
35688,Lachnagrostis filiformis,2004-05-01T12:00:00,Milperra area Flora&Fauna Apndx5 POM,Newland Reserve,-33.938076,150.978967,,,,,2004,5,1,,,,,,,,,,,CB Council,Prototype,6,2004,<1 m (6+ dp)
1374,Leichhardtia viridiflora subsp. viridiflora,2009-10-22T00:00:00,DPIE Data from Scientific Licences dataset,Lansdowne,-33.893446,150.974658,,,,occurrenceRemarks withheld,2009.0,10.0,22.0,,,locality withheld,locationRemarks withheld,,,NSW National Parks and Wildlife Service,HUMAN_OBSERVATION,,ODMP11031700,CB Council,ALA,6,2009,<1 m (6+ dp)
8600,Dillwynia retorta,2021-08-07T17:35:00,iNaturalist observations,Not in a reserve,-33.92694,151.1414,,,,,2021.0,8.0,7.0,,,,,,,,HUMAN_OBSERVATION,,Eamonn Culhane,CB Council,iNaturalist,5,2021,≈1–10 m (5 dp)
8085,Setaria palmifolia,2021-10-22T14:34:00,iNaturalist research-grade observations,Salt Pan Reserve,-33.963467,151.040756,,,,,2021.0,10.0,22.0,,,,,Thomas Mesaglio,2021-10-23T04:58:27Z,,HUMAN_OBSERVATION,,Thomas Mesaglio,CB Council,iNaturalist,6,2021,<1 m (6+ dp)
42779,Thunbergia alata,2004-05-01T12:00:00,Southern Reserves Flora&Fauna Apndx4 POM,The River Reserve,-33.969546,151.016111,,,,,2004,5,1,,,,,,,,,,,CB Council,Prototype,6,2004,<1 m (6+ dp)
38662,Eucalyptus moluccana,2004-05-01T12:00:00,Milperra area Flora&Fauna Apndx5 POM,"Lot 5, Prescot Parade Prescot Parade",-33.9447853,150.9769274,,,,,2004,5,1,,,,,,,,,,,CB Council,Prototype,7,2004,<1 m (6+ dp)
40561,Melaleuca linariifolia,2004-05-01T12:00:00,Deepwater Flora&Fauna Apndx5 POM,Kelso Creek,-33.950301,150.984015,,,,,2004,5,1,,,,,,,,,,,CB Council,Prototype,6,2004,<1 m (6+ dp)
2544,Acacia pubescens,2009-09-17T00:00:00,DPIE Data from Scientific Licences dataset,Lansdowne,-33.892608,150.978495,,,,occurrenceRemarks withheld,2009.0,9.0,17.0,,,locality withheld,locationRemarks withheld,,,NSW National Parks and Wildlife Service,HUMAN_OBSERVATION,,ODMP11031700,CB Council,ALA,6,2009,<1 m (6+ dp)
7139,Dipodium punctatum,2024-11-28T14:25:25,iNaturalist research-grade observations,Crest,-33.90815,150.993133,,,,,2024.0,11.0,28.0,,,,,bursar,2024-11-28T04:54:52Z,,HUMAN_OBSERVATION,,bursar,CB Council,iNaturalist,6,2024,<1 m (6+ dp)
22532,Eucalyptus punctata,2016-08-10T00:00:00,DPIE Data from Scientific Licences dataset,Not in a reserve,-33.977778,150.996944,,,,occurrenceRemarks withheld,2016.0,8.0,10.0,,,locality withheld,locationRemarks withheld,,,NSW National Parks and Wildlife Service,HUMAN_OBSERVATION,,OICG16061500,CB Council,ALA,6,2016,<1 m (6+ dp)
24384,Entolasia stricta,1999-06-28T00:00:00,GEORGES Vegetation Survey,Lot 5 Prescott Parade,-33.945452,150.972476,,,,occurrenceRemarks withheld,1999.0,6.0,28.0,,Floristic Data,locality withheld,locationRemarks withheld,,,NSW Dept of Planning and Environment,HUMAN_OBSERVATION,,OVLU99062101;OSLS05031800,CB Council,ALA,6,1999,<1 m (6+ dp)
10126,Hedychium gardnerianum,2023-04-07T13:40:00,iNaturalist research-grade observations,Not in a reserve,-33.970701,151.040841,,,,Garden escapee.,2023.0,4.0,7.0,,,,,Bradley W. Jones,2023-04-07T08:15:05Z,,HUMAN_OBSERVATION,,Bradley W. Jones,CB Council,iNaturalist,6,2023,<1 m (6+ dp)
40176,Lomandra filiformis,2004-05-01T12:00:00,Adept Tracey Flood Ruse Flora&Fauna Apndx6 POM,Ruse Park,-33.926102,151.034921,,,,,2004,5,1,,,,,,,,,,,CB Council,Prototype,6,2004,<1 m (6+ dp)
8685,Lobelia anceps,2025-04-03T16:45:02,iNaturalist research-grade observations,Not in a reserve,-33.975992,151.013838,,,,In a swamp,2025.0,4.0,3.0,,,,,Neil Ross,2025-04-03T05:46:12Z,,HUMAN_OBSERVATION,,Neil Ross,CB Council,iNaturalist,6,2025,<1 m (6+ dp)
30645,Eucalyptus longifolia,2013-12-17T00:00:00,DPIE Data from Scientific Licences dataset,Not in a reserve,-33.888269,151.029949,,,,occurrenceRemarks withheld,2013.0,12.0,17.0,,,locality withheld,locationRemarks withheld,,,NSW National Parks and Wildlife Service,HUMAN_OBSERVATION,,OPJGI0001401,CB Council,ALA,6,2013,<1 m (6+ dp)
7868,Megathyrsus maximus,2024-06-14T15:37:00,iNaturalist research-grade observations,Not in a reserve,-33.898606,151.043164,,flowers,,,2024.0,6.0,14.0,,,,,julianeribeiro,2024-07-25T01:14:27Z,,HUMAN_OBSERVATION,,julianeribeiro,CB Council,iNaturalist,6,2024,<1 m (6+ dp)
24971,Hibbertia puberula,2019-05-20T00:00:00,DPIE Data from Scientific Licences dataset,Not in a reserve,-33.917004,150.978691,,,,occurrenceRemarks withheld,2019.0,5.0,20.0,,,locality withheld,locationRemarks withheld,,,NSW National Parks and Wildlife Service,HUMAN_OBSERVATION,,OPUR18091500;OICG19070400;OJJS20071501,CB Council,ALA,6,2019,<1 m (6+ dp)
